Time_Index,Demand_Zero,Ethylene_Global_Demand,Electricity_MW_CA,Electricity_MW_NW,Electricity_MW_SW,Electricity_MW_TX,Electricity_MW_NCEN,Electricity_MW_CEN,Electricity_MW_SE,Electricity_MW_MIDAT,Electricity_MW_NE,Hydrogen_MW_CA,Hydrogen_MW_NW,Hydrogen_MW_SW,Hydrogen_MW_TX,Hydrogen_MW_NCEN,Hydrogen_MW_CEN,Hydrogen_MW_SE,Hydrogen_MW_MIDAT,Hydrogen_MW_NE,NaturalGas_MW_CA,NaturalGas_MW_NW,NaturalGas_MW_SW,NaturalGas_MW_TX,NaturalGas_MW_NCEN,NaturalGas_MW_CEN,NaturalGas_MW_SE,NaturalGas_MW_MIDAT,NaturalGas_MW_NE,Diesel_MW_Global,Gasoline_MW_Global,JetFuel_MW_Global
1,0,5707.76275,44346,27556,34100,61157,91877,57682,129393,100406,52403,4135.95,3939,3229.98,10832.25,14259.18,23397.66,14771.25,7365.93,1811.94,13670.88294,10416.03641,11077.20459,10492.64157,42635.81243,15268.21586,23462.01365,29009.55461,20854.93236,98413.82794,185039.4611,86503.12943
2,0,5707.76275,39822,25556,31641,60548,87694,56486,127867,98075,50962,4135.95,3939,3229.98,10832.25,14259.18,23397.66,14771.25,7365.93,1811.94,13670.88294,10416.03641,11077.20459,10492.64157,42635.81243,15268.21586,23462.01365,29009.55461,20854.93236,98413.82794,185039.4611,86503.12943
3,0,5707.76275,35259,23256,29777,60459,84895,55741,128959,98068,50812,4135.95,3939,3229.98,10832.25,14259.18,23397.66,14771.25,7365.93,1811.94,13670.88294,10416.03641,11077.20459,10492.64157,42635.81243,15268.21586,23462.01365,29009.55461,20854.93236,98413.82794,185039.4611,86503.12943
4,0,5707.76275,33072,22830,29035,61449,83978,56215,130365,97939,50664,4135.95,3939,3229.98,10832.25,14259.18,23397.66,14771.25,7365.93,1811.94,13670.88294,10416.03641,11077.20459,10492.64157,42635.81243,15268.21586,23462.01365,29009.55461,20854.93236,98413.82794,185039.4611,86503.12943
5,0,5707.76275,32695,22615,29056,62564,84463,56534,134161,103470,54078,4135.95,3939,3229.98,10832.25,14259.18,23397.66,14771.25,7365.93,1811.94,13670.88294,10416.03641,11077.20459,10492.64157,42635.81243,15268.21586,23462.01365,29009.55461,20854.93236,98413.82794,185039.4611,86503.12943
6,0,5707.76275,33340,22812,29152,65374,89579,58953,149024,113561,59924,4135.95,3939,3229.98,10832.25,14259.18,23397.66,14771.25,7365.93,1811.94,13670.88294,10416.03641,11077.20459,10492.64157,42635.81243,15268.21586,23462.01365,29009.55461,20854.93236,98413.82794,185039.4611,86503.12943
7,0,5707.76275,34088,23251,30098,91834,98075,73040,159077,123647,67181,4135.95,3939,3229.98,10832.25,14259.18,23397.66,14771.25,7365.93,1811.94,13670.88294,10416.03641,11077.20459,10492.64157,42635.81243,15268.21586,23462.01365,29009.55461,20854.93236,98413.82794,185039.4611,86503.12943
8,0,5707.76275,37007,24716,33663,86762,106183,72842,165694,133648,73413,4135.95,3939,3229.98,10832.25,14259.18,23397.66,14771.25,7365.93,1811.94,13670.88294,10416.03641,11077.20459,10492.64157,42635.81243,15268.21586,23462.01365,29009.55461,20854.93236,98413.82794,185039.4611,86503.12943
9,0,5707.76275,45326,28037,34567,74737,113840,69308,168348,136398,74891,4135.95,3939,3229.98,10832.25,14259.18,23397.66,14771.25,7365.93,1811.94,13670.88294,10416.03641,11077.20459,10492.64157,42635.81243,15268.21586,23462.01365,29009.55461,20854.93236,98413.82794,185039.4611,86503.12943
10,0,5707.76275,46569,27406,36615,70902,118054,69122,172496,137437,75366,4135.95,3939,3229.98,10832.25,14259.18,23397.66,14771.25,7365.93,1811.94,13670.88294,10416.03641,11077.20459,10492.64157,42635.81243,15268.21586,23462.01365,29009.55461,20854.93236,98413.82794,185039.4611,86503.12943
11,0,5707.76275,49028,28994,37909,71065,119650,70058,167708,132712,73383,4135.95,3939,3229.98,10832.25,14259.18,23397.66,14771.25,7365.93,1811.94,13670.88294,10416.03641,11077.20459,10492.64157,42635.81243,15268.21586,23462.01365,29009.55461,20854.93236,98413.82794,185039.4611,86503.12943
12,0,5707.76275,50429,29757,39238,66340,119774,66572,165655,134000,74720,4135.95,3939,3229.98,10832.25,14259.18,23397.66,14771.25,7365.93,1811.94,13670.88294,10416.03641,11077.20459,10492.64157,42635.81243,15268.21586,23462.01365,29009.55461,20854.93236,98413.82794,185039.4611,86503.12943
13,0,5707.76275,52317,30786,38106,64945,121544,66444,162928,132280,73934,4135.95,3939,3229.98,10832.25,14259.18,23397.66,14771.25,7365.93,1811.94,13670.88294,10416.03641,11077.20459,10492.64157,42635.81243,15268.21586,23462.01365,29009.55461,20854.93236,98413.82794,185039.4611,86503.12943
14,0,5707.76275,52774,29411,38501,62775,120108,64738,156175,126927,70969,4135.95,3939,3229.98,10832.25,14259.18,23397.66,14771.25,7365.93,1811.94,13670.88294,10416.03641,11077.20459,10492.64157,42635.81243,15268.21586,23462.01365,29009.55461,20854.93236,98413.82794,185039.4611,86503.12943
15,0,5707.76275,54766,29468,38521,59571,117411,61955,153039,126443,70876,4135.95,3939,3229.98,10832.25,14259.18,23397.66,14771.25,7365.93,1811.94,13670.88294,10416.03641,11077.20459,10492.64157,42635.81243,15268.21586,23462.01365,29009.55461,20854.93236,98413.82794,185039.4611,86503.12943
16,0,5707.76275,54585,28755,37333,58820,118728,61449,156410,132697,74627,4135.95,3939,3229.98,10832.25,14259.18,23397.66,14771.25,7365.93,1811.94,13670.88294,10416.03641,11077.20459,10492.64157,42635.81243,15268.21586,23462.01365,29009.55461,20854.93236,98413.82794,185039.4611,86503.12943
17,0,5707.76275,53048,27776,36964,60226,123965,63322,165512,141832,79935,4135.95,3939,3229.98,10832.25,14259.18,23397.66,14771.25,7365.93,1811.94,13670.88294,10416.03641,11077.20459,10492.64157,42635.81243,15268.21586,23462.01365,29009.55461,20854.93236,98413.82794,185039.4611,86503.12943
18,0,5707.76275,53611,28227,38362,62851,127059,66964,167241,135510,76145,4135.95,3939,3229.98,10832.25,14259.18,23397.66,14771.25,7365.93,1811.94,13670.88294,10416.03641,11077.20459,10492.64157,42635.81243,15268.21586,23462.01365,29009.55461,20854.93236,98413.82794,185039.4611,86503.12943
19,0,5707.76275,56404,29392,40733,62184,125191,65603,166890,134330,75491,4135.95,3939,3229.98,10832.25,14259.18,23397.66,14771.25,7365.93,1811.94,13670.88294,10416.03641,11077.20459,10492.64157,42635.81243,15268.21586,23462.01365,29009.55461,20854.93236,98413.82794,185039.4611,86503.12943
20,0,5707.76275,58489,30655,41160,61351,122136,65241,160626,128150,71734,4135.95,3939,3229.98,10832.25,14259.18,23397.66,14771.25,7365.93,1811.94,13670.88294,10416.03641,11077.20459,10492.64157,42635.81243,15268.21586,23462.01365,29009.55461,20854.93236,98413.82794,185039.4611,86503.12943
21,0,5707.76275,59234,29612,41166,58469,115738,62353,153282,123471,68762,4135.95,3939,3229.98,10832.25,14259.18,23397.66,14771.25,7365.93,1811.94,13670.88294,10416.03641,11077.20459,10492.64157,42635.81243,15268.21586,23462.01365,29009.55461,20854.93236,98413.82794,185039.4611,86503.12943
22,0,5707.76275,57498,28754,39093,55684,109489,60069,146103,115754,63407,4135.95,3939,3229.98,10832.25,14259.18,23397.66,14771.25,7365.93,1811.94,13670.88294,10416.03641,11077.20459,10492.64157,42635.81243,15268.21586,23462.01365,29009.55461,20854.93236,98413.82794,185039.4611,86503.12943
23,0,5707.76275,52503,26842,36662,53987,102443,57575,140882,110495,59594,4135.95,3939,3229.98,10832.25,14259.18,23397.66,14771.25,7365.93,1811.94,13670.88294,10416.03641,11077.20459,10492.64157,42635.81243,15268.21586,23462.01365,29009.55461,20854.93236,98413.82794,185039.4611,86503.12943
24,0,5707.76275,47786,25339,34098,53455,97095,56417,138783,104053,54979,4135.95,3939,3229.98,10832.25,14259.18,23397.66,14771.25,7365.93,1811.94,13670.88294,10416.03641,11077.20459,10492.64157,42635.81243,15268.21586,23462.01365,29009.55461,20854.93236,98413.82794,185039.4611,86503.12943
25,0,5707.76275,42740,23849,32129,55038,92399,55938,137067,99836,52070,4135.95,3939,3229.98,10832.25,14259.18,23397.66,14771.25,7365.93,1811.94,13670.88294,10416.03641,11077.20459,10492.64157,42635.81243,15268.21586,23462.01365,29009.55461,20854.93236,98413.82794,185039.4611,86503.12943
26,0,5707.76275,38405,23183,31117,55138,88260,54912,136919,97385,50523,4135.95,3939,3229.98,10832.25,14259.18,23397.66,14771.25,7365.93,1811.94,13670.88294,10416.03641,11077.20459,10492.64157,42635.81243,15268.21586,23462.01365,29009.55461,20854.93236,98413.82794,185039.4611,86503.12943
27,0,5707.76275,34989,23012,29925,55013,85456,54101,139168,97340,50187,4135.95,3939,3229.98,10832.25,14259.18,23397.66,14771.25,7365.93,1811.94,13670.88294,10416.03641,11077.20459,10492.64157,42635.81243,15268.21586,23462.01365,29009.55461,20854.93236,98413.82794,185039.4611,86503.12943
28,0,5707.76275,32824,22654,29215,55686,84483,54425,142099,97174,50005,4135.95,3939,3229.98,10832.25,14259.18,23397.66,14771.25,7365.93,1811.94,13670.88294,10416.03641,11077.20459,10492.64157,42635.81243,15268.21586,23462.01365,29009.55461,20854.93236,98413.82794,185039.4611,86503.12943
29,0,5707.76275,32415,22589,29282,56622,84401,54795,147452,99904,52142,4135.95,3939,3229.98,10832.25,14259.18,23397.66,14771.25,7365.93,1811.94,13670.88294,10416.03641,11077.20459,10492.64157,42635.81243,15268.21586,23462.01365,29009.55461,20854.93236,98413.82794,185039.4611,86503.12943
30,0,5707.76275,33070,22845,29457,58635,87910,56429,167520,108345,56987,4135.95,3939,3229.98,10832.25,14259.18,23397.66,14771.25,7365.93,1811.94,13670.88294,10416.03641,11077.20459,10492.64157,42635.81243,15268.21586,23462.01365,29009.55461,20854.93236,98413.82794,185039.4611,86503.12943
31,0,5707.76275,33933,23212,30077,69522,94674,68495,177444,118146,63587,4135.95,3939,3229.98,10832.25,14259.18,23397.66,14771.25,7365.93,1811.94,13670.88294,10416.03641,11077.20459,10492.64157,42635.81243,15268.21586,23462.01365,29009.55461,20854.93236,98413.82794,185039.4611,86503.12943
32,0,5707.76275,35872,24167,33171,66539,103139,67396,173981,128809,70617,4135.95,3939,3229.98,10832.25,14259.18,23397.66,14771.25,7365.93,1811.94,13670.88294,10416.03641,11077.20459,10492.64157,42635.81243,15268.21586,23462.01365,29009.55461,20854.93236,98413.82794,185039.4611,86503.12943
33,0,5707.76275,42265,27216,34493,66797,111657,66305,171225,131697,73087,4135.95,3939,3229.98,10832.25,14259.18,23397.66,14771.25,7365.93,1811.94,13670.88294,10416.03641,11077.20459,10492.64157,42635.81243,15268.21586,23462.01365,29009.55461,20854.93236,98413.82794,185039.4611,86503.12943
34,0,5707.76275,43564,27086,37202,66688,115795,66762,172400,132866,73765,4135.95,3939,3229.98,10832.25,14259.18,23397.66,14771.25,7365.93,1811.94,13670.88294,10416.03641,11077.20459,10492.64157,42635.81243,15268.21586,23462.01365,29009.55461,20854.93236,98413.82794,185039.4611,86503.12943
35,0,5707.76275,47860,29238,38858,67798,117212,68100,164268,128606,72594,4135.95,3939,3229.98,10832.25,14259.18,23397.66,14771.25,7365.93,1811.94,13670.88294,10416.03641,11077.20459,10492.64157,42635.81243,15268.21586,23462.01365,29009.55461,20854.93236,98413.82794,185039.4611,86503.12943
36,0,5707.76275,50103,30351,40257,63888,117346,65126,160739,130009,74341,4135.95,3939,3229.98,10832.25,14259.18,23397.66,14771.25,7365.93,1811.94,13670.88294,10416.03641,11077.20459,10492.64157,42635.81243,15268.21586,23462.01365,29009.55461,20854.93236,98413.82794,185039.4611,86503.12943
37,0,5707.76275,51908,31571,39110,63185,119279,65213,156681,128164,73790,4135.95,3939,3229.98,10832.25,14259.18,23397.66,14771.25,7365.93,1811.94,13670.88294,10416.03641,11077.20459,10492.64157,42635.81243,15268.21586,23462.01365,29009.55461,20854.93236,98413.82794,185039.4611,86503.12943
38,0,5707.76275,52453,30249,39556,61423,118020,63689,149059,122934,71202,4135.95,3939,3229.98,10832.25,14259.18,23397.66,14771.25,7365.93,1811.94,13670.88294,10416.03641,11077.20459,10492.64157,42635.81243,15268.21586,23462.01365,29009.55461,20854.93236,98413.82794,185039.4611,86503.12943
39,0,5707.76275,54488,30297,39530,58650,115231,60988,145692,122856,71414,4135.95,3939,3229.98,10832.25,14259.18,23397.66,14771.25,7365.93,1811.94,13670.88294,10416.03641,11077.20459,10492.64157,42635.81243,15268.21586,23462.01365,29009.55461,20854.93236,98413.82794,185039.4611,86503.12943
40,0,5707.76275,54267,29606,38269,58042,116418,60672,148872,128915,75093,4135.95,3939,3229.98,10832.25,14259.18,23397.66,14771.25,7365.93,1811.94,13670.88294,10416.03641,11077.20459,10492.64157,42635.81243,15268.21586,23462.01365,29009.55461,20854.93236,98413.82794,185039.4611,86503.12943
41,0,5707.76275,52712,28543,37833,59394,121465,62577,157931,137503,79934,4135.95,3939,3229.98,10832.25,14259.18,23397.66,14771.25,7365.93,1811.94,13670.88294,10416.03641,11077.20459,10492.64157,42635.81243,15268.21586,23462.01365,29009.55461,20854.93236,98413.82794,185039.4611,86503.12943
42,0,5707.76275,53376,29040,39249,61887,125240,66119,160182,133896,77749,4135.95,3939,3229.98,10832.25,14259.18,23397.66,14771.25,7365.93,1811.94,13670.88294,10416.03641,11077.20459,10492.64157,42635.81243,15268.21586,23462.01365,29009.55461,20854.93236,98413.82794,185039.4611,86503.12943
43,0,5707.76275,56231,30281,41964,61555,124069,65197,159997,131409,75242,4135.95,3939,3229.98,10832.25,14259.18,23397.66,14771.25,7365.93,1811.94,13670.88294,10416.03641,11077.20459,10492.64157,42635.81243,15268.21586,23462.01365,29009.55461,20854.93236,98413.82794,185039.4611,86503.12943
44,0,5707.76275,58340,31568,42432,60597,120262,64280,153844,125393,70758,4135.95,3939,3229.98,10832.25,14259.18,23397.66,14771.25,7365.93,1811.94,13670.88294,10416.03641,11077.20459,10492.64157,42635.81243,15268.21586,23462.01365,29009.55461,20854.93236,98413.82794,185039.4611,86503.12943
45,0,5707.76275,59474,30387,42206,57570,113945,61193,146168,120492,67581,4135.95,3939,3229.98,10832.25,14259.18,23397.66,14771.25,7365.93,1811.94,13670.88294,10416.03641,11077.20459,10492.64157,42635.81243,15268.21586,23462.01365,29009.55461,20854.93236,98413.82794,185039.4611,86503.12943
46,0,5707.76275,57651,29273,40124,55002,108177,58935,139512,114947,63381,4135.95,3939,3229.98,10832.25,14259.18,23397.66,14771.25,7365.93,1811.94,13670.88294,10416.03641,11077.20459,10492.64157,42635.81243,15268.21586,23462.01365,29009.55461,20854.93236,98413.82794,185039.4611,86503.12943
47,0,5707.76275,52447,27257,37679,52909,102218,56758,134585,109401,59081,4135.95,3939,3229.98,10832.25,14259.18,23397.66,14771.25,7365.93,1811.94,13670.88294,10416.03641,11077.20459,10492.64157,42635.81243,15268.21586,23462.01365,29009.55461,20854.93236,98413.82794,185039.4611,86503.12943
48,0,5707.76275,47758,25718,35407,52366,98865,55508,134834,109238,54200,4135.95,3939,3229.98,10832.25,14259.18,23397.66,14771.25,7365.93,1811.94,13670.88294,10416.03641,11077.20459,10492.64157,42635.81243,15268.21586,23462.01365,29009.55461,20854.93236,98413.82794,185039.4611,86503.12943
49,0,5707.76275,42867,24518,33388,58166,100139,59025,138164,108158,53042,4135.95,3939,3229.98,10832.25,14259.18,23397.66,14771.25,7365.93,1811.94,13670.88294,10416.03641,11077.20459,10492.64157,42635.81243,15268.21586,23462.01365,29009.55461,20854.93236,98413.82794,185039.4611,86503.12943
50,0,5707.76275,38505,24463,32669,60095,98715,59388,140617,107140,51732,4135.95,3939,3229.98,10832.25,14259.18,23397.66,14771.25,7365.93,1811.94,13670.88294,10416.03641,11077.20459,10492.64157,42635.81243,15268.21586,23462.01365,29009.55461,20854.93236,98413.82794,185039.4611,86503.12943
51,0,5707.76275,35950,25808,32692,61819,98218,59885,144339,108284,51698,4135.95,3939,3229.98,10832.25,14259.18,23397.66,14771.25,7365.93,1811.94,13670.88294,10416.03641,11077.20459,10492.64157,42635.81243,15268.21586,23462.01365,29009.55461,20854.93236,98413.82794,185039.4611,86503.12943
52,0,5707.76275,35596,26181,32727,63424,98824,60635,150227,111097,53161,4135.95,3939,3229.98,10832.25,14259.18,23397.66,14771.25,7365.93,1811.94,13670.88294,10416.03641,11077.20459,10492.64157,42635.81243,15268.21586,23462.01365,29009.55461,20854.93236,98413.82794,185039.4611,86503.12943
53,0,5707.76275,35908,26666,33319,66052,102443,62216,162902,120944,59457,4135.95,3939,3229.98,10832.25,14259.18,23397.66,14771.25,7365.93,1811.94,13670.88294,10416.03641,11077.20459,10492.64157,42635.81243,15268.21586,23462.01365,29009.55461,20854.93236,98413.82794,185039.4611,86503.12943
54,0,5707.76275,37518,27443,34555,71782,118457,67445,213745,172546,87940,4135.95,3939,3229.98,10832.25,14259.18,23397.66,14771.25,7365.93,1811.94,13670.88294,10416.03641,11077.20459,10492.64157,42635.81243,15268.21586,23462.01365,29009.55461,20854.93236,98413.82794,185039.4611,86503.12943
55,0,5707.76275,40259,28853,37573,94312,145749,93032,227675,188147,102555,4135.95,3939,3229.98,10832.25,14259.18,23397.66,14771.25,7365.93,1811.94,13670.88294,10416.03641,11077.20459,10492.64157,42635.81243,15268.21586,23462.01365,29009.55461,20854.93236,98413.82794,185039.4611,86503.12943
56,0,5707.76275,46511,32507,47490,95575,159619,94561,212941,179603,100682,4135.95,3939,3229.98,10832.25,14259.18,23397.66,14771.25,7365.93,1811.94,13670.88294,10416.03641,11077.20459,10492.64157,42635.81243,15268.21586,23462.01365,29009.55461,20854.93236,98413.82794,185039.4611,86503.12943
57,0,5707.76275,62953,40462,52665,93287,157182,89440,192221,161809,91486,4135.95,3939,3229.98,10832.25,14259.18,23397.66,14771.25,7365.93,1811.94,13670.88294,10416.03641,11077.20459,10492.64157,42635.81243,15268.21586,23462.01365,29009.55461,20854.93236,98413.82794,185039.4611,86503.12943
58,0,5707.76275,70394,41714,52763,86320,149580,82297,187219,157973,89419,4135.95,3939,3229.98,10832.25,14259.18,23397.66,14771.25,7365.93,1811.94,13670.88294,10416.03641,11077.20459,10492.64157,42635.81243,15268.21586,23462.01365,29009.55461,20854.93236,98413.82794,185039.4611,86503.12943
59,0,5707.76275,66258,40809,48657,85833,149832,82658,180911,152874,87935,4135.95,3939,3229.98,10832.25,14259.18,23397.66,14771.25,7365.93,1811.94,13670.88294,10416.03641,11077.20459,10492.64157,42635.81243,15268.21586,23462.01365,29009.55461,20854.93236,98413.82794,185039.4611,86503.12943
60,0,5707.76275,60001,38679,48140,82105,149157,80018,175905,150263,87151,4135.95,3939,3229.98,10832.25,14259.18,23397.66,14771.25,7365.93,1811.94,13670.88294,10416.03641,11077.20459,10492.64157,42635.81243,15268.21586,23462.01365,29009.55461,20854.93236,98413.82794,185039.4611,86503.12943
61,0,5707.76275,62133,39953,47218,80133,147737,78658,170645,146076,85084,4135.95,3939,3229.98,10832.25,14259.18,23397.66,14771.25,7365.93,1811.94,13670.88294,10416.03641,11077.20459,10492.64157,42635.81243,15268.21586,23462.01365,29009.55461,20854.93236,98413.82794,185039.4611,86503.12943
62,0,5707.76275,62992,38628,46937,77589,145481,76432,167178,144167,84420,4135.95,3939,3229.98,10832.25,14259.18,23397.66,14771.25,7365.93,1811.94,13670.88294,10416.03641,11077.20459,10492.64157,42635.81243,15268.21586,23462.01365,29009.55461,20854.93236,98413.82794,185039.4611,86503.12943
63,0,5707.76275,63246,38091,45984,76131,145499,75293,170100,146692,86384,4135.95,3939,3229.98,10832.25,14259.18,23397.66,14771.25,7365.93,1811.94,13670.88294,10416.03641,11077.20459,10492.64157,42635.81243,15268.21586,23462.01365,29009.55461,20854.93236,98413.82794,185039.4611,86503.12943
64,0,5707.76275,62902,37398,45606,77071,149466,76648,179975,155793,93187,4135.95,3939,3229.98,10832.25,14259.18,23397.66,14771.25,7365.93,1811.94,13670.88294,10416.03641,11077.20459,10492.64157,42635.81243,15268.21586,23462.01365,29009.55461,20854.93236,98413.82794,185039.4611,86503.12943
65,0,5707.76275,64001,37405,46857,80307,158189,80200,196577,171646,103026,4135.95,3939,3229.98,10832.25,14259.18,23397.66,14771.25,7365.93,1811.94,13670.88294,10416.03641,11077.20459,10492.64157,42635.81243,15268.21586,23462.01365,29009.55461,20854.93236,98413.82794,185039.4611,86503.12943
66,0,5707.76275,67465,38708,49970,85825,163708,86148,191297,161345,97468,4135.95,3939,3229.98,10832.25,14259.18,23397.66,14771.25,7365.93,1811.94,13670.88294,10416.03641,11077.20459,10492.64157,42635.81243,15268.21586,23462.01365,29009.55461,20854.93236,98413.82794,185039.4611,86503.12943
67,0,5707.76275,73215,40928,54954,80621,151749,80295,170285,144096,84872,4135.95,3939,3229.98,10832.25,14259.18,23397.66,14771.25,7365.93,1811.94,13670.88294,10416.03641,11077.20459,10492.64157,42635.81243,15268.21586,23462.01365,29009.55461,20854.93236,98413.82794,185039.4611,86503.12943
68,0,5707.76275,78493,42505,53429,72095,137500,72338,157138,139518,81289,4135.95,3939,3229.98,10832.25,14259.18,23397.66,14771.25,7365.93,1811.94,13670.88294,10416.03641,11077.20459,10492.64157,42635.81243,15268.21586,23462.01365,29009.55461,20854.93236,98413.82794,185039.4611,86503.12943
69,0,5707.76275,71229,38177,47885,68737,129799,69642,145114,123761,67380,4135.95,3939,3229.98,10832.25,14259.18,23397.66,14771.25,7365.93,1811.94,13670.88294,10416.03641,11077.20459,10492.64157,42635.81243,15268.21586,23462.01365,29009.55461,20854.93236,98413.82794,185039.4611,86503.12943
70,0,5707.76275,60109,34147,44226,64351,118431,64454,134699,113488,60313,4135.95,3939,3229.98,10832.25,14259.18,23397.66,14771.25,7365.93,1811.94,13670.88294,10416.03641,11077.20459,10492.64157,42635.81243,15268.21586,23462.01365,29009.55461,20854.93236,98413.82794,185039.4611,86503.12943
71,0,5707.76275,55853,32229,40699,61077,110094,60732,126798,107169,56016,4135.95,3939,3229.98,10832.25,14259.18,23397.66,14771.25,7365.93,1811.94,13670.88294,10416.03641,11077.20459,10492.64157,42635.81243,15268.21586,23462.01365,29009.55461,20854.93236,98413.82794,185039.4611,86503.12943
72,0,5707.76275,49643,29598,37710,58777,103228,58113,121797,102972,54840,4135.95,3939,3229.98,10832.25,14259.18,23397.66,14771.25,7365.93,1811.94,13670.88294,10416.03641,11077.20459,10492.64157,42635.81243,15268.21586,23462.01365,29009.55461,20854.93236,98413.82794,185039.4611,86503.12943
73,0,5707.76275,44203,27739,35187,57615,97725,56221,120799,102056,53751,4135.95,3939,3229.98,10832.25,14259.18,23397.66,14771.25,7365.93,1811.94,13670.88294,10416.03641,11077.20459,10492.64157,42635.81243,15268.21586,23462.01365,29009.55461,20854.93236,98413.82794,185039.4611,86503.12943
74,0,5707.76275,39481,26383,33943,59013,96321,56522,121344,101071,52907,4135.95,3939,3229.98,10832.25,14259.18,23397.66,14771.25,7365.93,1811.94,13670.88294,10416.03641,11077.20459,10492.64157,42635.81243,15268.21586,23462.01365,29009.55461,20854.93236,98413.82794,185039.4611,86503.12943
75,0,5707.76275,36094,25643,33554,60414,95687,57000,123266,101773,53365,4135.95,3939,3229.98,10832.25,14259.18,23397.66,14771.25,7365.93,1811.94,13670.88294,10416.03641,11077.20459,10492.64157,42635.81243,15268.21586,23462.01365,29009.55461,20854.93236,98413.82794,185039.4611,86503.12943
76,0,5707.76275,35766,26028,33619,61829,96303,57755,127266,104300,54778,4135.95,3939,3229.98,10832.25,14259.18,23397.66,14771.25,7365.93,1811.94,13670.88294,10416.03641,11077.20459,10492.64157,42635.81243,15268.21586,23462.01365,29009.55461,20854.93236,98413.82794,185039.4611,86503.12943
77,0,5707.76275,36047,26426,34205,64209,99844,59318,137529,113788,60454,4135.95,3939,3229.98,10832.25,14259.18,23397.66,14771.25,7365.93,1811.94,13670.88294,10416.03641,11077.20459,10492.64157,42635.81243,15268.21586,23462.01365,29009.55461,20854.93236,98413.82794,185039.4611,86503.12943
78,0,5707.76275,37609,27149,35391,69871,113909,64264,173358,157709,86140,4135.95,3939,3229.98,10832.25,14259.18,23397.66,14771.25,7365.93,1811.94,13670.88294,10416.03641,11077.20459,10492.64157,42635.81243,15268.21586,23462.01365,29009.55461,20854.93236,98413.82794,185039.4611,86503.12943
79,0,5707.76275,40221,28573,38273,89325,136777,83700,190577,167488,98224,4135.95,3939,3229.98,10832.25,14259.18,23397.66,14771.25,7365.93,1811.94,13670.88294,10416.03641,11077.20459,10492.64157,42635.81243,15268.21586,23462.01365,29009.55461,20854.93236,98413.82794,185039.4611,86503.12943
80,0,5707.76275,46497,32081,48069,92903,149206,88163,189475,160084,95688,4135.95,3939,3229.98,10832.25,14259.18,23397.66,14771.25,7365.93,1811.94,13670.88294,10416.03641,11077.20459,10492.64157,42635.81243,15268.21586,23462.01365,29009.55461,20854.93236,98413.82794,185039.4611,86503.12943
81,0,5707.76275,62885,39557,53326,90632,147133,85299,177599,144803,86406,4135.95,3939,3229.98,10832.25,14259.18,23397.66,14771.25,7365.93,1811.94,13670.88294,10416.03641,11077.20459,10492.64157,42635.81243,15268.21586,23462.01365,29009.55461,20854.93236,98413.82794,185039.4611,86503.12943
82,0,5707.76275,70140,41006,53395,84410,140723,79196,176206,145445,85592,4135.95,3939,3229.98,10832.25,14259.18,23397.66,14771.25,7365.93,1811.94,13670.88294,10416.03641,11077.20459,10492.64157,42635.81243,15268.21586,23462.01365,29009.55461,20854.93236,98413.82794,185039.4611,86503.12943
83,0,5707.76275,65975,40178,49016,84871,141518,79982,174358,140872,83564,4135.95,3939,3229.98,10832.25,14259.18,23397.66,14771.25,7365.93,1811.94,13670.88294,10416.03641,11077.20459,10492.64157,42635.81243,15268.21586,23462.01365,29009.55461,20854.93236,98413.82794,185039.4611,86503.12943
84,0,5707.76275,59758,38054,48383,81904,140755,77854,172459,138488,82531,4135.95,3939,3229.98,10832.25,14259.18,23397.66,14771.25,7365.93,1811.94,13670.88294,10416.03641,11077.20459,10492.64157,42635.81243,15268.21586,23462.01365,29009.55461,20854.93236,98413.82794,185039.4611,86503.12943
85,0,5707.76275,61927,39287,47158,80247,139246,76830,169052,134972,80342,4135.95,3939,3229.98,10832.25,14259.18,23397.66,14771.25,7365.93,1811.94,13670.88294,10416.03641,11077.20459,10492.64157,42635.81243,15268.21586,23462.01365,29009.55461,20854.93236,98413.82794,185039.4611,86503.12943
86,0,5707.76275,62879,38106,46753,78138,137367,74990,167240,133305,79578,4135.95,3939,3229.98,10832.25,14259.18,23397.66,14771.25,7365.93,1811.94,13670.88294,10416.03641,11077.20459,10492.64157,42635.81243,15268.21586,23462.01365,29009.55461,20854.93236,98413.82794,185039.4611,86503.12943
87,0,5707.76275,63170,37527,45750,76964,138050,74219,171378,136528,81471,4135.95,3939,3229.98,10832.25,14259.18,23397.66,14771.25,7365.93,1811.94,13670.88294,10416.03641,11077.20459,10492.64157,42635.81243,15268.21586,23462.01365,29009.55461,20854.93236,98413.82794,185039.4611,86503.12943
88,0,5707.76275,62843,36826,45259,78189,142460,75745,181804,145244,87502,4135.95,3939,3229.98,10832.25,14259.18,23397.66,14771.25,7365.93,1811.94,13670.88294,10416.03641,11077.20459,10492.64157,42635.81243,15268.21586,23462.01365,29009.55461,20854.93236,98413.82794,185039.4611,86503.12943
89,0,5707.76275,63916,36933,46583,81350,150906,79362,197532,158006,96748,4135.95,3939,3229.98,10832.25,14259.18,23397.66,14771.25,7365.93,1811.94,13670.88294,10416.03641,11077.20459,10492.64157,42635.81243,15268.21586,23462.01365,29009.55461,20854.93236,98413.82794,185039.4611,86503.12943
90,0,5707.76275,67346,38238,49707,86732,155589,85190,191233,146018,90629,4135.95,3939,3229.98,10832.25,14259.18,23397.66,14771.25,7365.93,1811.94,13670.88294,10416.03641,11077.20459,10492.64157,42635.81243,15268.21586,23462.01365,29009.55461,20854.93236,98413.82794,185039.4611,86503.12943
91,0,5707.76275,73130,40419,54760,81599,144231,79647,168977,130670,80391,4135.95,3939,3229.98,10832.25,14259.18,23397.66,14771.25,7365.93,1811.94,13670.88294,10416.03641,11077.20459,10492.64157,42635.81243,15268.21586,23462.01365,29009.55461,20854.93236,98413.82794,185039.4611,86503.12943
92,0,5707.76275,78372,42038,53221,73204,131139,71716,154966,125650,77650,4135.95,3939,3229.98,10832.25,14259.18,23397.66,14771.25,7365.93,1811.94,13670.88294,10416.03641,11077.20459,10492.64157,42635.81243,15268.21586,23462.01365,29009.55461,20854.93236,98413.82794,185039.4611,86503.12943
93,0,5707.76275,71122,37793,47699,69986,123882,69107,142979,111496,65901,4135.95,3939,3229.98,10832.25,14259.18,23397.66,14771.25,7365.93,1811.94,13670.88294,10416.03641,11077.20459,10492.64157,42635.81243,15268.21586,23462.01365,29009.55461,20854.93236,98413.82794,185039.4611,86503.12943
94,0,5707.76275,59983,33779,44046,65606,113888,64198,131989,102919,59787,4135.95,3939,3229.98,10832.25,14259.18,23397.66,14771.25,7365.93,1811.94,13670.88294,10416.03641,11077.20459,10492.64157,42635.81243,15268.21586,23462.01365,29009.55461,20854.93236,98413.82794,185039.4611,86503.12943
95,0,5707.76275,55802,31878,40504,62499,106162,60492,122736,96708,55743,4135.95,3939,3229.98,10832.25,14259.18,23397.66,14771.25,7365.93,1811.94,13670.88294,10416.03641,11077.20459,10492.64157,42635.81243,15268.21586,23462.01365,29009.55461,20854.93236,98413.82794,185039.4611,86503.12943
96,0,5707.76275,49640,29291,37603,60062,99655,57609,116852,94498,53460,4135.95,3939,3229.98,10832.25,14259.18,23397.66,14771.25,7365.93,1811.94,13670.88294,10416.03641,11077.20459,10492.64157,42635.81243,15268.21586,23462.01365,29009.55461,20854.93236,98413.82794,185039.4611,86503.12943
97,0,5707.76275,44142,27428,35115,59004,95594,57181,115414,93952,52640,4135.95,3939,3229.98,10832.25,14259.18,23397.66,14771.25,7365.93,1811.94,13670.88294,10416.03641,11077.20459,10492.64157,42635.81243,15268.21586,23462.01365,29009.55461,20854.93236,98413.82794,185039.4611,86503.12943
98,0,5707.76275,39487,26095,33453,60653,94442,57570,115544,93013,51812,4135.95,3939,3229.98,10832.25,14259.18,23397.66,14771.25,7365.93,1811.94,13670.88294,10416.03641,11077.20459,10492.64157,42635.81243,15268.21586,23462.01365,29009.55461,20854.93236,98413.82794,185039.4611,86503.12943
99,0,5707.76275,36127,25479,33072,62752,93982,58297,117297,93615,52290,4135.95,3939,3229.98,10832.25,14259.18,23397.66,14771.25,7365.93,1811.94,13670.88294,10416.03641,11077.20459,10492.64157,42635.81243,15268.21586,23462.01365,29009.55461,20854.93236,98413.82794,185039.4611,86503.12943
100,0,5707.76275,35770,25884,33079,64704,94823,59226,121048,96217,53761,4135.95,3939,3229.98,10832.25,14259.18,23397.66,14771.25,7365.93,1811.94,13670.88294,10416.03641,11077.20459,10492.64157,42635.81243,15268.21586,23462.01365,29009.55461,20854.93236,98413.82794,185039.4611,86503.12943
101,0,5707.76275,36032,26298,33616,67644,98339,60945,130748,105153,59334,4135.95,3939,3229.98,10832.25,14259.18,23397.66,14771.25,7365.93,1811.94,13670.88294,10416.03641,11077.20459,10492.64157,42635.81243,15268.21586,23462.01365,29009.55461,20854.93236,98413.82794,185039.4611,86503.12943
102,0,5707.76275,37626,27004,34757,73808,111890,66142,162208,142462,81460,4135.95,3939,3229.98,10832.25,14259.18,23397.66,14771.25,7365.93,1811.94,13670.88294,10416.03641,11077.20459,10492.64157,42635.81243,15268.21586,23462.01365,29009.55461,20854.93236,98413.82794,185039.4611,86503.12943
103,0,5707.76275,40359,28447,37604,95933,134349,85499,182041,150126,91128,4135.95,3939,3229.98,10832.25,14259.18,23397.66,14771.25,7365.93,1811.94,13670.88294,10416.03641,11077.20459,10492.64157,42635.81243,15268.21586,23462.01365,29009.55461,20854.93236,98413.82794,185039.4611,86503.12943
104,0,5707.76275,46672,31957,47008,98057,146986,90319,183872,145633,88289,4135.95,3939,3229.98,10832.25,14259.18,23397.66,14771.25,7365.93,1811.94,13670.88294,10416.03641,11077.20459,10492.64157,42635.81243,15268.21586,23462.01365,29009.55461,20854.93236,98413.82794,185039.4611,86503.12943
105,0,5707.76275,63128,39305,51935,95159,145211,87739,173208,133475,79744,4135.95,3939,3229.98,10832.25,14259.18,23397.66,14771.25,7365.93,1811.94,13670.88294,10416.03641,11077.20459,10492.64157,42635.81243,15268.21586,23462.01365,29009.55461,20854.93236,98413.82794,185039.4611,86503.12943
106,0,5707.76275,69980,40869,52237,87608,138977,81203,172526,136084,80273,4135.95,3939,3229.98,10832.25,14259.18,23397.66,14771.25,7365.93,1811.94,13670.88294,10416.03641,11077.20459,10492.64157,42635.81243,15268.21586,23462.01365,29009.55461,20854.93236,98413.82794,185039.4611,86503.12943
107,0,5707.76275,66002,40207,47932,87245,139970,81687,172489,132842,78121,4135.95,3939,3229.98,10832.25,14259.18,23397.66,14771.25,7365.93,1811.94,13670.88294,10416.03641,11077.20459,10492.64157,42635.81243,15268.21586,23462.01365,29009.55461,20854.93236,98413.82794,185039.4611,86503.12943
108,0,5707.76275,59718,38148,47287,83053,139350,79007,170797,131341,77071,4135.95,3939,3229.98,10832.25,14259.18,23397.66,14771.25,7365.93,1811.94,13670.88294,10416.03641,11077.20459,10492.64157,42635.81243,15268.21586,23462.01365,29009.55461,20854.93236,98413.82794,185039.4611,86503.12943
109,0,5707.76275,61902,39450,46118,80958,138063,77653,167841,128267,75211,4135.95,3939,3229.98,10832.25,14259.18,23397.66,14771.25,7365.93,1811.94,13670.88294,10416.03641,11077.20459,10492.64157,42635.81243,15268.21586,23462.01365,29009.55461,20854.93236,98413.82794,185039.4611,86503.12943
110,0,5707.76275,62877,38344,45730,78082,136127,75331,166763,127796,74656,4135.95,3939,3229.98,10832.25,14259.18,23397.66,14771.25,7365.93,1811.94,13670.88294,10416.03641,11077.20459,10492.64157,42635.81243,15268.21586,23462.01365,29009.55461,20854.93236,98413.82794,185039.4611,86503.12943
111,0,5707.76275,63150,37749,44855,76342,136869,74047,171188,131633,76717,4135.95,3939,3229.98,10832.25,14259.18,23397.66,14771.25,7365.93,1811.94,13670.88294,10416.03641,11077.20459,10492.64157,42635.81243,15268.21586,23462.01365,29009.55461,20854.93236,98413.82794,185039.4611,86503.12943
112,0,5707.76275,62788,37078,44542,77331,141327,75309,181788,140219,82350,4135.95,3939,3229.98,10832.25,14259.18,23397.66,14771.25,7365.93,1811.94,13670.88294,10416.03641,11077.20459,10492.64157,42635.81243,15268.21586,23462.01365,29009.55461,20854.93236,98413.82794,185039.4611,86503.12943
113,0,5707.76275,63891,37170,45732,80326,149557,78671,197508,152014,90613,4135.95,3939,3229.98,10832.25,14259.18,23397.66,14771.25,7365.93,1811.94,13670.88294,10416.03641,11077.20459,10492.64157,42635.81243,15268.21586,23462.01365,29009.55461,20854.93236,98413.82794,185039.4611,86503.12943
114,0,5707.76275,67365,38496,48830,85832,154372,84674,192794,140337,83885,4135.95,3939,3229.98,10832.25,14259.18,23397.66,14771.25,7365.93,1811.94,13670.88294,10416.03641,11077.20459,10492.64157,42635.81243,15268.21586,23462.01365,29009.55461,20854.93236,98413.82794,185039.4611,86503.12943
115,0,5707.76275,73109,40642,53674,80538,143079,78978,170695,125209,74783,4135.95,3939,3229.98,10832.25,14259.18,23397.66,14771.25,7365.93,1811.94,13670.88294,10416.03641,11077.20459,10492.64157,42635.81243,15268.21586,23462.01365,29009.55461,20854.93236,98413.82794,185039.4611,86503.12943
116,0,5707.76275,78336,42281,52327,72173,130077,71095,157185,120097,71766,4135.95,3939,3229.98,10832.25,14259.18,23397.66,14771.25,7365.93,1811.94,13670.88294,10416.03641,11077.20459,10492.64157,42635.81243,15268.21586,23462.01365,29009.55461,20854.93236,98413.82794,185039.4611,86503.12943
117,0,5707.76275,71115,37993,46784,69149,122971,68583,145996,107505,61583,4135.95,3939,3229.98,10832.25,14259.18,23397.66,14771.25,7365.93,1811.94,13670.88294,10416.03641,11077.20459,10492.64157,42635.81243,15268.21586,23462.01365,29009.55461,20854.93236,98413.82794,185039.4611,86503.12943
118,0,5707.76275,60001,33936,43114,64612,113138,63653,135330,99954,56267,4135.95,3939,3229.98,10832.25,14259.18,23397.66,14771.25,7365.93,1811.94,13670.88294,10416.03641,11077.20459,10492.64157,42635.81243,15268.21586,23462.01365,29009.55461,20854.93236,98413.82794,185039.4611,86503.12943
119,0,5707.76275,55714,32053,39708,61868,105519,60227,126479,94230,52392,4135.95,3939,3229.98,10832.25,14259.18,23397.66,14771.25,7365.93,1811.94,13670.88294,10416.03641,11077.20459,10492.64157,42635.81243,15268.21586,23462.01365,29009.55461,20854.93236,98413.82794,185039.4611,86503.12943
120,0,5707.76275,49556,29473,36838,59894,99988,57516,124369,92475,49330,4135.95,3939,3229.98,10832.25,14259.18,23397.66,14771.25,7365.93,1811.94,13670.88294,10416.03641,11077.20459,10492.64157,42635.81243,15268.21586,23462.01365,29009.55461,20854.93236,98413.82794,185039.4611,86503.12943
121,0,5707.76275,44168,27630,34273,58868,96064,56648,124372,92390,48783,4135.95,3939,3229.98,10832.25,14259.18,23397.66,14771.25,7365.93,1811.94,13670.88294,10416.03641,11077.20459,10492.64157,42635.81243,15268.21586,23462.01365,29009.55461,20854.93236,98413.82794,185039.4611,86503.12943
122,0,5707.76275,39549,26294,32483,60643,94924,57199,126288,91858,48092,4135.95,3939,3229.98,10832.25,14259.18,23397.66,14771.25,7365.93,1811.94,13670.88294,10416.03641,11077.20459,10492.64157,42635.81243,15268.21586,23462.01365,29009.55461,20854.93236,98413.82794,185039.4611,86503.12943
123,0,5707.76275,35933,25261,32006,62457,94362,57835,129703,92886,48618,4135.95,3939,3229.98,10832.25,14259.18,23397.66,14771.25,7365.93,1811.94,13670.88294,10416.03641,11077.20459,10492.64157,42635.81243,15268.21586,23462.01365,29009.55461,20854.93236,98413.82794,185039.4611,86503.12943
124,0,5707.76275,35386,25735,32059,64044,95088,58688,134898,95753,50032,4135.95,3939,3229.98,10832.25,14259.18,23397.66,14771.25,7365.93,1811.94,13670.88294,10416.03641,11077.20459,10492.64157,42635.81243,15268.21586,23462.01365,29009.55461,20854.93236,98413.82794,185039.4611,86503.12943
125,0,5707.76275,35467,26235,32574,66423,98632,60280,146680,104848,55131,4135.95,3939,3229.98,10832.25,14259.18,23397.66,14771.25,7365.93,1811.94,13670.88294,10416.03641,11077.20459,10492.64157,42635.81243,15268.21586,23462.01365,29009.55461,20854.93236,98413.82794,185039.4611,86503.12943
126,0,5707.76275,36805,26977,33653,71944,111825,65214,182056,138845,73359,4135.95,3939,3229.98,10832.25,14259.18,23397.66,14771.25,7365.93,1811.94,13670.88294,10416.03641,11077.20459,10492.64157,42635.81243,15268.21586,23462.01365,29009.55461,20854.93236,98413.82794,185039.4611,86503.12943
127,0,5707.76275,39377,28460,36519,92105,134181,83814,202144,149258,82390,4135.95,3939,3229.98,10832.25,14259.18,23397.66,14771.25,7365.93,1811.94,13670.88294,10416.03641,11077.20459,10492.64157,42635.81243,15268.21586,23462.01365,29009.55461,20854.93236,98413.82794,185039.4611,86503.12943
128,0,5707.76275,45359,32115,45380,94028,146518,87191,201023,145884,80940,4135.95,3939,3229.98,10832.25,14259.18,23397.66,14771.25,7365.93,1811.94,13670.88294,10416.03641,11077.20459,10492.64157,42635.81243,15268.21586,23462.01365,29009.55461,20854.93236,98413.82794,185039.4611,86503.12943
129,0,5707.76275,61089,39234,50440,90343,144288,84607,186901,134037,74098,4135.95,3939,3229.98,10832.25,14259.18,23397.66,14771.25,7365.93,1811.94,13670.88294,10416.03641,11077.20459,10492.64157,42635.81243,15268.21586,23462.01365,29009.55461,20854.93236,98413.82794,185039.4611,86503.12943
130,0,5707.76275,68276,40596,50450,81526,137972,77394,183778,136648,75823,4135.95,3939,3229.98,10832.25,14259.18,23397.66,14771.25,7365.93,1811.94,13670.88294,10416.03641,11077.20459,10492.64157,42635.81243,15268.21586,23462.01365,29009.55461,20854.93236,98413.82794,185039.4611,86503.12943
131,0,5707.76275,65222,39803,46290,80404,139125,77729,179502,133692,74569,4135.95,3939,3229.98,10832.25,14259.18,23397.66,14771.25,7365.93,1811.94,13670.88294,10416.03641,11077.20459,10492.64157,42635.81243,15268.21586,23462.01365,29009.55461,20854.93236,98413.82794,185039.4611,86503.12943
132,0,5707.76275,59570,37543,45584,76814,138562,75107,175758,132345,74040,4135.95,3939,3229.98,10832.25,14259.18,23397.66,14771.25,7365.93,1811.94,13670.88294,10416.03641,11077.20459,10492.64157,42635.81243,15268.21586,23462.01365,29009.55461,20854.93236,98413.82794,185039.4611,86503.12943
133,0,5707.76275,61789,38759,44871,74840,137091,73625,170562,129199,72413,4135.95,3939,3229.98,10832.25,14259.18,23397.66,14771.25,7365.93,1811.94,13670.88294,10416.03641,11077.20459,10492.64157,42635.81243,15268.21586,23462.01365,29009.55461,20854.93236,98413.82794,185039.4611,86503.12943
134,0,5707.76275,63035,37772,44650,72715,134925,71515,167344,128680,72235,4135.95,3939,3229.98,10832.25,14259.18,23397.66,14771.25,7365.93,1811.94,13670.88294,10416.03641,11077.20459,10492.64157,42635.81243,15268.21586,23462.01365,29009.55461,20854.93236,98413.82794,185039.4611,86503.12943
135,0,5707.76275,63375,37150,43926,71709,135663,70414,170537,132896,74906,4135.95,3939,3229.98,10832.25,14259.18,23397.66,14771.25,7365.93,1811.94,13670.88294,10416.03641,11077.20459,10492.64157,42635.81243,15268.21586,23462.01365,29009.55461,20854.93236,98413.82794,185039.4611,86503.12943
136,0,5707.76275,63117,36425,43671,72815,140264,71685,180088,141557,80560,4135.95,3939,3229.98,10832.25,14259.18,23397.66,14771.25,7365.93,1811.94,13670.88294,10416.03641,11077.20459,10492.64157,42635.81243,15268.21586,23462.01365,29009.55461,20854.93236,98413.82794,185039.4611,86503.12943
137,0,5707.76275,64244,36489,44932,75898,148699,75161,196224,153727,88270,4135.95,3939,3229.98,10832.25,14259.18,23397.66,14771.25,7365.93,1811.94,13670.88294,10416.03641,11077.20459,10492.64157,42635.81243,15268.21586,23462.01365,29009.55461,20854.93236,98413.82794,185039.4611,86503.12943
138,0,5707.76275,67606,37734,48036,80365,153406,80333,191057,142411,81687,4135.95,3939,3229.98,10832.25,14259.18,23397.66,14771.25,7365.93,1811.94,13670.88294,10416.03641,11077.20459,10492.64157,42635.81243,15268.21586,23462.01365,29009.55461,20854.93236,98413.82794,185039.4611,86503.12943
139,0,5707.76275,73315,39935,52558,76178,142211,74778,170146,127775,72748,4135.95,3939,3229.98,10832.25,14259.18,23397.66,14771.25,7365.93,1811.94,13670.88294,10416.03641,11077.20459,10492.64157,42635.81243,15268.21586,23462.01365,29009.55461,20854.93236,98413.82794,185039.4611,86503.12943
140,0,5707.76275,78447,41474,51502,67713,129229,66793,157799,123065,69811,4135.95,3939,3229.98,10832.25,14259.18,23397.66,14771.25,7365.93,1811.94,13670.88294,10416.03641,11077.20459,10492.64157,42635.81243,15268.21586,23462.01365,29009.55461,20854.93236,98413.82794,185039.4611,86503.12943
141,0,5707.76275,71076,37415,45884,63976,122174,64071,146475,110405,60320,4135.95,3939,3229.98,10832.25,14259.18,23397.66,14771.25,7365.93,1811.94,13670.88294,10416.03641,11077.20459,10492.64157,42635.81243,15268.21586,23462.01365,29009.55461,20854.93236,98413.82794,185039.4611,86503.12943
142,0,5707.76275,59897,33395,42048,59419,112499,59346,136626,102645,55387,4135.95,3939,3229.98,10832.25,14259.18,23397.66,14771.25,7365.93,1811.94,13670.88294,10416.03641,11077.20459,10492.64157,42635.81243,15268.21586,23462.01365,29009.55461,20854.93236,98413.82794,185039.4611,86503.12943
143,0,5707.76275,55662,31528,38606,55242,104901,55840,129139,97140,51951,4135.95,3939,3229.98,10832.25,14259.18,23397.66,14771.25,7365.93,1811.94,13670.88294,10416.03641,11077.20459,10492.64157,42635.81243,15268.21586,23462.01365,29009.55461,20854.93236,98413.82794,185039.4611,86503.12943
144,0,5707.76275,49593,28975,35684,52179,98660,53066,124112,94949,51762,4135.95,3939,3229.98,10832.25,14259.18,23397.66,14771.25,7365.93,1811.94,13670.88294,10416.03641,11077.20459,10492.64157,42635.81243,15268.21586,23462.01365,29009.55461,20854.93236,98413.82794,185039.4611,86503.12943
145,0,5707.76275,44111,27099,33127,49169,94640,50861,124211,95067,51422,4135.95,3939,3229.98,10832.25,14259.18,23397.66,14771.25,7365.93,1811.94,13670.88294,10416.03641,11077.20459,10492.64157,42635.81243,15268.21586,23462.01365,29009.55461,20854.93236,98413.82794,185039.4611,86503.12943
146,0,5707.76275,39394,25762,31384,49996,93629,51168,125688,94607,50691,4135.95,3939,3229.98,10832.25,14259.18,23397.66,14771.25,7365.93,1811.94,13670.88294,10416.03641,11077.20459,10492.64157,42635.81243,15268.21586,23462.01365,29009.55461,20854.93236,98413.82794,185039.4611,86503.12943
147,0,5707.76275,36551,25100,30931,51469,93087,51636,128667,95809,51270,4135.95,3939,3229.98,10832.25,14259.18,23397.66,14771.25,7365.93,1811.94,13670.88294,10416.03641,11077.20459,10492.64157,42635.81243,15268.21586,23462.01365,29009.55461,20854.93236,98413.82794,185039.4611,86503.12943
148,0,5707.76275,35949,25555,30912,52915,93772,52284,133709,98670,52838,4135.95,3939,3229.98,10832.25,14259.18,23397.66,14771.25,7365.93,1811.94,13670.88294,10416.03641,11077.20459,10492.64157,42635.81243,15268.21586,23462.01365,29009.55461,20854.93236,98413.82794,185039.4611,86503.12943
149,0,5707.76275,35925,26044,31463,55240,97264,53753,144844,107923,58334,4135.95,3939,3229.98,10832.25,14259.18,23397.66,14771.25,7365.93,1811.94,13670.88294,10416.03641,11077.20459,10492.64157,42635.81243,15268.21586,23462.01365,29009.55461,20854.93236,98413.82794,185039.4611,86503.12943
150,0,5707.76275,37292,26820,32571,60400,110523,58376,180145,143679,78068,4135.95,3939,3229.98,10832.25,14259.18,23397.66,14771.25,7365.93,1811.94,13670.88294,10416.03641,11077.20459,10492.64157,42635.81243,15268.21586,23462.01365,29009.55461,20854.93236,98413.82794,185039.4611,86503.12943
151,0,5707.76275,39737,28301,35324,74653,132391,72441,196780,154442,87315,4135.95,3939,3229.98,10832.25,14259.18,23397.66,14771.25,7365.93,1811.94,13670.88294,10416.03641,11077.20459,10492.64157,42635.81243,15268.21586,23462.01365,29009.55461,20854.93236,98413.82794,185039.4611,86503.12943
152,0,5707.76275,45713,31923,43703,80400,144487,77636,193050,149999,85096,4135.95,3939,3229.98,10832.25,14259.18,23397.66,14771.25,7365.93,1811.94,13670.88294,10416.03641,11077.20459,10492.64157,42635.81243,15268.21586,23462.01365,29009.55461,20854.93236,98413.82794,185039.4611,86503.12943
153,0,5707.76275,61490,39573,48775,79193,142432,76753,176591,137093,77223,4135.95,3939,3229.98,10832.25,14259.18,23397.66,14771.25,7365.93,1811.94,13670.88294,10416.03641,11077.20459,10492.64157,42635.81243,15268.21586,23462.01365,29009.55461,20854.93236,98413.82794,185039.4611,86503.12943
154,0,5707.76275,69713,40869,49240,73025,136155,71082,172688,139652,78603,4135.95,3939,3229.98,10832.25,14259.18,23397.66,14771.25,7365.93,1811.94,13670.88294,10416.03641,11077.20459,10492.64157,42635.81243,15268.21586,23462.01365,29009.55461,20854.93236,98413.82794,185039.4611,86503.12943
155,0,5707.76275,67406,40122,45422,73350,137301,71794,168960,136229,76804,4135.95,3939,3229.98,10832.25,14259.18,23397.66,14771.25,7365.93,1811.94,13670.88294,10416.03641,11077.20459,10492.64157,42635.81243,15268.21586,23462.01365,29009.55461,20854.93236,98413.82794,185039.4611,86503.12943
156,0,5707.76275,61679,37841,44822,71857,136517,70361,165401,134690,75823,4135.95,3939,3229.98,10832.25,14259.18,23397.66,14771.25,7365.93,1811.94,13670.88294,10416.03641,11077.20459,10492.64157,42635.81243,15268.21586,23462.01365,29009.55461,20854.93236,98413.82794,185039.4611,86503.12943
157,0,5707.76275,64007,39059,44365,71006,135232,69686,161038,131662,74021,4135.95,3939,3229.98,10832.25,14259.18,23397.66,14771.25,7365.93,1811.94,13670.88294,10416.03641,11077.20459,10492.64157,42635.81243,15268.21586,23462.01365,29009.55461,20854.93236,98413.82794,185039.4611,86503.12943
158,0,5707.76275,64383,37881,44152,69955,133209,68409,158882,130899,73649,4135.95,3939,3229.98,10832.25,14259.18,23397.66,14771.25,7365.93,1811.94,13670.88294,10416.03641,11077.20459,10492.64157,42635.81243,15268.21586,23462.01365,29009.55461,20854.93236,98413.82794,185039.4611,86503.12943
159,0,5707.76275,64463,37372,43561,69681,133632,68074,162592,135091,76076,4135.95,3939,3229.98,10832.25,14259.18,23397.66,14771.25,7365.93,1811.94,13670.88294,10416.03641,11077.20459,10492.64157,42635.81243,15268.21586,23462.01365,29009.55461,20854.93236,98413.82794,185039.4611,86503.12943
160,0,5707.76275,63887,36691,43468,71078,138030,69664,172443,143724,81893,4135.95,3939,3229.98,10832.25,14259.18,23397.66,14771.25,7365.93,1811.94,13670.88294,10416.03641,11077.20459,10492.64157,42635.81243,15268.21586,23462.01365,29009.55461,20854.93236,98413.82794,185039.4611,86503.12943
161,0,5707.76275,64743,36728,44688,74312,146219,73072,187171,156005,90145,4135.95,3939,3229.98,10832.25,14259.18,23397.66,14771.25,7365.93,1811.94,13670.88294,10416.03641,11077.20459,10492.64157,42635.81243,15268.21586,23462.01365,29009.55461,20854.93236,98413.82794,185039.4611,86503.12943
162,0,5707.76275,68180,38060,47681,78440,150684,77608,181695,144747,83433,4135.95,3939,3229.98,10832.25,14259.18,23397.66,14771.25,7365.93,1811.94,13670.88294,10416.03641,11077.20459,10492.64157,42635.81243,15268.21586,23462.01365,29009.55461,20854.93236,98413.82794,185039.4611,86503.12943
163,0,5707.76275,74033,40183,51981,74549,139493,72465,159983,130188,74518,4135.95,3939,3229.98,10832.25,14259.18,23397.66,14771.25,7365.93,1811.94,13670.88294,10416.03641,11077.20459,10492.64157,42635.81243,15268.21586,23462.01365,29009.55461,20854.93236,98413.82794,185039.4611,86503.12943
164,0,5707.76275,79485,41786,50947,65794,126699,64088,146656,125752,71731,4135.95,3939,3229.98,10832.25,14259.18,23397.66,14771.25,7365.93,1811.94,13670.88294,10416.03641,11077.20459,10492.64157,42635.81243,15268.21586,23462.01365,29009.55461,20854.93236,98413.82794,185039.4611,86503.12943
165,0,5707.76275,71665,37618,45255,61561,119644,60856,135913,112717,61917,4135.95,3939,3229.98,10832.25,14259.18,23397.66,14771.25,7365.93,1811.94,13670.88294,10416.03641,11077.20459,10492.64157,42635.81243,15268.21586,23462.01365,29009.55461,20854.93236,98413.82794,185039.4611,86503.12943
166,0,5707.76275,60689,33567,41334,57213,110509,56468,126160,104597,56715,4135.95,3939,3229.98,10832.25,14259.18,23397.66,14771.25,7365.93,1811.94,13670.88294,10416.03641,11077.20459,10492.64157,42635.81243,15268.21586,23462.01365,29009.55461,20854.93236,98413.82794,185039.4611,86503.12943
167,0,5707.76275,56686,31708,37934,52709,103403,52520,117880,99156,53202,4135.95,3939,3229.98,10832.25,14259.18,23397.66,14771.25,7365.93,1811.94,13670.88294,10416.03641,11077.20459,10492.64157,42635.81243,15268.21586,23462.01365,29009.55461,20854.93236,98413.82794,185039.4611,86503.12943
168,0,5707.76275,50376,29062,34970,48506,95499,49118,109665,93021,50178,4135.95,3939,3229.98,10832.25,14259.18,23397.66,14771.25,7365.93,1811.94,13670.88294,10416.03641,11077.20459,10492.64157,42635.81243,15268.21586,23462.01365,29009.55461,20854.93236,98413.82794,185039.4611,86503.12943
169,0,5707.76275,47526,28595,32359,38686,78578,37194,76556,59409,36557,4135.95,3939,3229.98,10832.25,14259.18,23397.66,14771.25,7365.93,1811.94,13670.88294,10416.03641,11077.20459,10492.64157,42635.81243,15268.21586,23462.01365,29009.55461,20854.93236,98413.82794,185039.4611,86503.12943
170,0,5707.76275,44978,26848,29549,35015,74841,34805,71300,56683,35079,4135.95,3939,3229.98,10832.25,14259.18,23397.66,14771.25,7365.93,1811.94,13670.88294,10416.03641,11077.20459,10492.64157,42635.81243,15268.21586,23462.01365,29009.55461,20854.93236,98413.82794,185039.4611,86503.12943
171,0,5707.76275,42425,24627,27404,32196,72549,32790,70357,58090,35704,4135.95,3939,3229.98,10832.25,14259.18,23397.66,14771.25,7365.93,1811.94,13670.88294,10416.03641,11077.20459,10492.64157,42635.81243,15268.21586,23462.01365,29009.55461,20854.93236,98413.82794,185039.4611,86503.12943
172,0,5707.76275,41397,24109,26236,31442,72977,32689,70934,58880,36054,4135.95,3939,3229.98,10832.25,14259.18,23397.66,14771.25,7365.93,1811.94,13670.88294,10416.03641,11077.20459,10492.64157,42635.81243,15268.21586,23462.01365,29009.55461,20854.93236,98413.82794,185039.4611,86503.12943
173,0,5707.76275,41695,23863,26165,31060,73840,32682,73684,62320,38576,4135.95,3939,3229.98,10832.25,14259.18,23397.66,14771.25,7365.93,1811.94,13670.88294,10416.03641,11077.20459,10492.64157,42635.81243,15268.21586,23462.01365,29009.55461,20854.93236,98413.82794,185039.4611,86503.12943
174,0,5707.76275,43313,24380,26519,32093,78039,33957,82704,70980,43864,4135.95,3939,3229.98,10832.25,14259.18,23397.66,14771.25,7365.93,1811.94,13670.88294,10416.03641,11077.20459,10492.64157,42635.81243,15268.21586,23462.01365,29009.55461,20854.93236,98413.82794,185039.4611,86503.12943
175,0,5707.76275,44869,25048,27374,35617,84128,37841,90119,74942,46863,4135.95,3939,3229.98,10832.25,14259.18,23397.66,14771.25,7365.93,1811.94,13670.88294,10416.03641,11077.20459,10492.64157,42635.81243,15268.21586,23462.01365,29009.55461,20854.93236,98413.82794,185039.4611,86503.12943
176,0,5707.76275,49162,26559,30441,39458,89611,40029,99972,83316,52190,4135.95,3939,3229.98,10832.25,14259.18,23397.66,14771.25,7365.93,1811.94,13670.88294,10416.03641,11077.20459,10492.64157,42635.81243,15268.21586,23462.01365,29009.55461,20854.93236,98413.82794,185039.4611,86503.12943
177,0,5707.76275,59839,29981,31264,44056,96695,43681,110747,90487,56485,4135.95,3939,3229.98,10832.25,14259.18,23397.66,14771.25,7365.93,1811.94,13670.88294,10416.03641,11077.20459,10492.64157,42635.81243,15268.21586,23462.01365,29009.55461,20854.93236,98413.82794,185039.4611,86503.12943
178,0,5707.76275,56939,29109,32997,48746,102212,47195,117547,93786,58619,4135.95,3939,3229.98,10832.25,14259.18,23397.66,14771.25,7365.93,1811.94,13670.88294,10416.03641,11077.20459,10492.64157,42635.81243,15268.21586,23462.01365,29009.55461,20854.93236,98413.82794,185039.4611,86503.12943
179,0,5707.76275,59051,30447,35211,51361,103998,49049,120436,92385,57784,4135.95,3939,3229.98,10832.25,14259.18,23397.66,14771.25,7365.93,1811.94,13670.88294,10416.03641,11077.20459,10492.64157,42635.81243,15268.21586,23462.01365,29009.55461,20854.93236,98413.82794,185039.4611,86503.12943
180,0,5707.76275,59842,31477,36883,53235,104003,49337,124470,95885,59724,4135.95,3939,3229.98,10832.25,14259.18,23397.66,14771.25,7365.93,1811.94,13670.88294,10416.03641,11077.20459,10492.64157,42635.81243,15268.21586,23462.01365,29009.55461,20854.93236,98413.82794,185039.4611,86503.12943
181,0,5707.76275,62207,32595,36431,55387,105572,50780,124794,93445,58146,4135.95,3939,3229.98,10832.25,14259.18,23397.66,14771.25,7365.93,1811.94,13670.88294,10416.03641,11077.20459,10492.64157,42635.81243,15268.21586,23462.01365,29009.55461,20854.93236,98413.82794,185039.4611,86503.12943
182,0,5707.76275,58799,30526,36962,55682,103343,49959,123543,91607,57116,4135.95,3939,3229.98,10832.25,14259.18,23397.66,14771.25,7365.93,1811.94,13670.88294,10416.03641,11077.20459,10492.64157,42635.81243,15268.21586,23462.01365,29009.55461,20854.93236,98413.82794,185039.4611,86503.12943
183,0,5707.76275,60170,30482,36652,55920,101796,49291,122918,90947,57242,4135.95,3939,3229.98,10832.25,14259.18,23397.66,14771.25,7365.93,1811.94,13670.88294,10416.03641,11077.20459,10492.64157,42635.81243,15268.21586,23462.01365,29009.55461,20854.93236,98413.82794,185039.4611,86503.12943
184,0,5707.76275,57983,29368,35860,55866,101838,48998,124439,92376,58551,4135.95,3939,3229.98,10832.25,14259.18,23397.66,14771.25,7365.93,1811.94,13670.88294,10416.03641,11077.20459,10492.64157,42635.81243,15268.21586,23462.01365,29009.55461,20854.93236,98413.82794,185039.4611,86503.12943
185,0,5707.76275,56266,28613,35474,56583,103354,49640,125606,94133,60675,4135.95,3939,3229.98,10832.25,14259.18,23397.66,14771.25,7365.93,1811.94,13670.88294,10416.03641,11077.20459,10492.64157,42635.81243,15268.21586,23462.01365,29009.55461,20854.93236,98413.82794,185039.4611,86503.12943
186,0,5707.76275,56003,28473,35887,56690,105573,50079,133408,100352,63446,4135.95,3939,3229.98,10832.25,14259.18,23397.66,14771.25,7365.93,1811.94,13670.88294,10416.03641,11077.20459,10492.64157,42635.81243,15268.21586,23462.01365,29009.55461,20854.93236,98413.82794,185039.4611,86503.12943
187,0,5707.76275,57085,29006,36779,59937,108478,53422,133170,97818,61749,4135.95,3939,3229.98,10832.25,14259.18,23397.66,14771.25,7365.93,1811.94,13670.88294,10416.03641,11077.20459,10492.64157,42635.81243,15268.21586,23462.01365,29009.55461,20854.93236,98413.82794,185039.4611,86503.12943
188,0,5707.76275,59484,30269,38846,58283,105237,51920,124300,92160,58372,4135.95,3939,3229.98,10832.25,14259.18,23397.66,14771.25,7365.93,1811.94,13670.88294,10416.03641,11077.20459,10492.64157,42635.81243,15268.21586,23462.01365,29009.55461,20854.93236,98413.82794,185039.4611,86503.12943
189,0,5707.76275,60508,30428,39145,54476,99580,48574,113090,85624,55084,4135.95,3939,3229.98,10832.25,14259.18,23397.66,14771.25,7365.93,1811.94,13670.88294,10416.03641,11077.20459,10492.64157,42635.81243,15268.21586,23462.01365,29009.55461,20854.93236,98413.82794,185039.4611,86503.12943
190,0,5707.76275,58144,29420,37056,49882,93922,45043,102322,79565,51161,4135.95,3939,3229.98,10832.25,14259.18,23397.66,14771.25,7365.93,1811.94,13670.88294,10416.03641,11077.20459,10492.64157,42635.81243,15268.21586,23462.01365,29009.55461,20854.93236,98413.82794,185039.4611,86503.12943
191,0,5707.76275,54230,27817,34373,45476,89046,41831,93953,76719,49591,4135.95,3939,3229.98,10832.25,14259.18,23397.66,14771.25,7365.93,1811.94,13670.88294,10416.03641,11077.20459,10492.64157,42635.81243,15268.21586,23462.01365,29009.55461,20854.93236,98413.82794,185039.4611,86503.12943
192,0,5707.76275,50498,26351,31726,42180,85497,39908,86303,77593,49422,4135.95,3939,3229.98,10832.25,14259.18,23397.66,14771.25,7365.93,1811.94,13670.88294,10416.03641,11077.20459,10492.64157,42635.81243,15268.21586,23462.01365,29009.55461,20854.93236,98413.82794,185039.4611,86503.12943
193,0,5707.76275,46746,25239,30154,38208,80529,36703,79259,75206,47473,4135.95,3939,3229.98,10832.25,14259.18,23397.66,14771.25,7365.93,1811.94,13670.88294,10416.03641,11077.20459,10492.64157,42635.81243,15268.21586,23462.01365,29009.55461,20854.93236,98413.82794,185039.4611,86503.12943
194,0,5707.76275,45695,25130,29395,34897,76611,34323,74615,73339,46062,4135.95,3939,3229.98,10832.25,14259.18,23397.66,14771.25,7365.93,1811.94,13670.88294,10416.03641,11077.20459,10492.64157,42635.81243,15268.21586,23462.01365,29009.55461,20854.93236,98413.82794,185039.4611,86503.12943
195,0,5707.76275,44595,25708,28021,32031,73974,32191,74063,75324,46940,4135.95,3939,3229.98,10832.25,14259.18,23397.66,14771.25,7365.93,1811.94,13670.88294,10416.03641,11077.20459,10492.64157,42635.81243,15268.21586,23462.01365,29009.55461,20854.93236,98413.82794,185039.4611,86503.12943
196,0,5707.76275,44098,25331,27127,31193,73832,31901,74899,76531,47287,4135.95,3939,3229.98,10832.25,14259.18,23397.66,14771.25,7365.93,1811.94,13670.88294,10416.03641,11077.20459,10492.64157,42635.81243,15268.21586,23462.01365,29009.55461,20854.93236,98413.82794,185039.4611,86503.12943
197,0,5707.76275,44420,25134,27286,30715,73929,31748,77460,78849,48706,4135.95,3939,3229.98,10832.25,14259.18,23397.66,14771.25,7365.93,1811.94,13670.88294,10416.03641,11077.20459,10492.64157,42635.81243,15268.21586,23462.01365,29009.55461,20854.93236,98413.82794,185039.4611,86503.12943
198,0,5707.76275,45846,25713,27672,31623,76932,32732,86254,86996,52768,4135.95,3939,3229.98,10832.25,14259.18,23397.66,14771.25,7365.93,1811.94,13670.88294,10416.03641,11077.20459,10492.64157,42635.81243,15268.21586,23462.01365,29009.55461,20854.93236,98413.82794,185039.4611,86503.12943
199,0,5707.76275,47254,26262,28429,34565,82440,35976,92863,92043,58188,4135.95,3939,3229.98,10832.25,14259.18,23397.66,14771.25,7365.93,1811.94,13670.88294,10416.03641,11077.20459,10492.64157,42635.81243,15268.21586,23462.01365,29009.55461,20854.93236,98413.82794,185039.4611,86503.12943
200,0,5707.76275,49886,27209,31459,38501,88063,38526,103233,99106,63595,4135.95,3939,3229.98,10832.25,14259.18,23397.66,14771.25,7365.93,1811.94,13670.88294,10416.03641,11077.20459,10492.64157,42635.81243,15268.21586,23462.01365,29009.55461,20854.93236,98413.82794,185039.4611,86503.12943
201,0,5707.76275,60248,29976,32666,43551,95081,42391,113886,105431,67406,4135.95,3939,3229.98,10832.25,14259.18,23397.66,14771.25,7365.93,1811.94,13670.88294,10416.03641,11077.20459,10492.64157,42635.81243,15268.21586,23462.01365,29009.55461,20854.93236,98413.82794,185039.4611,86503.12943
202,0,5707.76275,56973,29681,35140,48628,100980,46178,120242,108328,68600,4135.95,3939,3229.98,10832.25,14259.18,23397.66,14771.25,7365.93,1811.94,13670.88294,10416.03641,11077.20459,10492.64157,42635.81243,15268.21586,23462.01365,29009.55461,20854.93236,98413.82794,185039.4611,86503.12943
203,0,5707.76275,59463,31234,37626,51344,102714,48036,121411,104442,65709,4135.95,3939,3229.98,10832.25,14259.18,23397.66,14771.25,7365.93,1811.94,13670.88294,10416.03641,11077.20459,10492.64157,42635.81243,15268.21586,23462.01365,29009.55461,20854.93236,98413.82794,185039.4611,86503.12943
204,0,5707.76275,61026,32563,39293,53489,102689,48610,125210,106513,67397,4135.95,3939,3229.98,10832.25,14259.18,23397.66,14771.25,7365.93,1811.94,13670.88294,10416.03641,11077.20459,10492.64157,42635.81243,15268.21586,23462.01365,29009.55461,20854.93236,98413.82794,185039.4611,86503.12943
205,0,5707.76275,62312,33491,38485,56580,104207,50268,125258,103056,65250,4135.95,3939,3229.98,10832.25,14259.18,23397.66,14771.25,7365.93,1811.94,13670.88294,10416.03641,11077.20459,10492.64157,42635.81243,15268.21586,23462.01365,29009.55461,20854.93236,98413.82794,185039.4611,86503.12943
206,0,5707.76275,58362,31296,38943,57789,102331,49635,123639,100226,63822,4135.95,3939,3229.98,10832.25,14259.18,23397.66,14771.25,7365.93,1811.94,13670.88294,10416.03641,11077.20459,10492.64157,42635.81243,15268.21586,23462.01365,29009.55461,20854.93236,98413.82794,185039.4611,86503.12943
207,0,5707.76275,59197,31203,38501,58709,101240,49033,123076,99284,63736,4135.95,3939,3229.98,10832.25,14259.18,23397.66,14771.25,7365.93,1811.94,13670.88294,10416.03641,11077.20459,10492.64157,42635.81243,15268.21586,23462.01365,29009.55461,20854.93236,98413.82794,185039.4611,86503.12943
208,0,5707.76275,56596,30071,37578,59187,101554,48867,124564,100519,65083,4135.95,3939,3229.98,10832.25,14259.18,23397.66,14771.25,7365.93,1811.94,13670.88294,10416.03641,11077.20459,10492.64157,42635.81243,15268.21586,23462.01365,29009.55461,20854.93236,98413.82794,185039.4611,86503.12943
209,0,5707.76275,54733,29239,37192,60121,103563,49675,126269,103860,68165,4135.95,3939,3229.98,10832.25,14259.18,23397.66,14771.25,7365.93,1811.94,13670.88294,10416.03641,11077.20459,10492.64157,42635.81243,15268.21586,23462.01365,29009.55461,20854.93236,98413.82794,185039.4611,86503.12943
210,0,5707.76275,54469,29067,37616,60312,106120,50130,134212,108479,70268,4135.95,3939,3229.98,10832.25,14259.18,23397.66,14771.25,7365.93,1811.94,13670.88294,10416.03641,11077.20459,10492.64157,42635.81243,15268.21586,23462.01365,29009.55461,20854.93236,98413.82794,185039.4611,86503.12943
211,0,5707.76275,55465,29626,38898,63559,109317,53832,134297,105008,67267,4135.95,3939,3229.98,10832.25,14259.18,23397.66,14771.25,7365.93,1811.94,13670.88294,10416.03641,11077.20459,10492.64157,42635.81243,15268.21586,23462.01365,29009.55461,20854.93236,98413.82794,185039.4611,86503.12943
212,0,5707.76275,58027,31092,40694,61747,105536,52330,125563,98880,63534,4135.95,3939,3229.98,10832.25,14259.18,23397.66,14771.25,7365.93,1811.94,13670.88294,10416.03641,11077.20459,10492.64157,42635.81243,15268.21586,23462.01365,29009.55461,20854.93236,98413.82794,185039.4611,86503.12943
213,0,5707.76275,60079,31141,40779,57496,99713,48985,114255,93009,60241,4135.95,3939,3229.98,10832.25,14259.18,23397.66,14771.25,7365.93,1811.94,13670.88294,10416.03641,11077.20459,10492.64157,42635.81243,15268.21586,23462.01365,29009.55461,20854.93236,98413.82794,185039.4611,86503.12943
214,0,5707.76275,57341,29796,38700,52528,94019,45315,103661,88715,57309,4135.95,3939,3229.98,10832.25,14259.18,23397.66,14771.25,7365.93,1811.94,13670.88294,10416.03641,11077.20459,10492.64157,42635.81243,15268.21586,23462.01365,29009.55461,20854.93236,98413.82794,185039.4611,86503.12943
215,0,5707.76275,53469,28222,36045,47358,89366,42046,95567,86675,55073,4135.95,3939,3229.98,10832.25,14259.18,23397.66,14771.25,7365.93,1811.94,13670.88294,10416.03641,11077.20459,10492.64157,42635.81243,15268.21586,23462.01365,29009.55461,20854.93236,98413.82794,185039.4611,86503.12943
216,0,5707.76275,49292,26874,33895,43271,87376,40040,88324,81275,50498,4135.95,3939,3229.98,10832.25,14259.18,23397.66,14771.25,7365.93,1811.94,13670.88294,10416.03641,11077.20459,10492.64157,42635.81243,15268.21586,23462.01365,29009.55461,20854.93236,98413.82794,185039.4611,86503.12943
217,0,5707.76275,46736,26254,32575,43498,88114,43412,85607,80474,49568,4135.95,3939,3229.98,10832.25,14259.18,23397.66,14771.25,7365.93,1811.94,13670.88294,10416.03641,11077.20459,10492.64157,42635.81243,15268.21586,23462.01365,29009.55461,20854.93236,98413.82794,185039.4611,86503.12943
218,0,5707.76275,46191,26617,32566,41521,86814,42803,84429,80793,49196,4135.95,3939,3229.98,10832.25,14259.18,23397.66,14771.25,7365.93,1811.94,13670.88294,10416.03641,11077.20459,10492.64157,42635.81243,15268.21586,23462.01365,29009.55461,20854.93236,98413.82794,185039.4611,86503.12943
219,0,5707.76275,46445,28508,32363,40797,86993,43062,85240,82027,49799,4135.95,3939,3229.98,10832.25,14259.18,23397.66,14771.25,7365.93,1811.94,13670.88294,10416.03641,11077.20459,10492.64157,42635.81243,15268.21586,23462.01365,29009.55461,20854.93236,98413.82794,185039.4611,86503.12943
220,0,5707.76275,47832,28981,32666,40578,87673,43516,87530,83947,50978,4135.95,3939,3229.98,10832.25,14259.18,23397.66,14771.25,7365.93,1811.94,13670.88294,10416.03641,11077.20459,10492.64157,42635.81243,15268.21586,23462.01365,29009.55461,20854.93236,98413.82794,185039.4611,86503.12943
221,0,5707.76275,49740,29679,33400,41199,90115,44597,94750,90040,54546,4135.95,3939,3229.98,10832.25,14259.18,23397.66,14771.25,7365.93,1811.94,13670.88294,10416.03641,11077.20459,10492.64157,42635.81243,15268.21586,23462.01365,29009.55461,20854.93236,98413.82794,185039.4611,86503.12943
222,0,5707.76275,51755,30426,34414,44857,99696,48391,117174,111208,66163,4135.95,3939,3229.98,10832.25,14259.18,23397.66,14771.25,7365.93,1811.94,13670.88294,10416.03641,11077.20459,10492.64157,42635.81243,15268.21586,23462.01365,29009.55461,20854.93236,98413.82794,185039.4611,86503.12943
223,0,5707.76275,54490,31677,36534,55447,117797,59040,137740,125419,76452,4135.95,3939,3229.98,10832.25,14259.18,23397.66,14771.25,7365.93,1811.94,13670.88294,10416.03641,11077.20459,10492.64157,42635.81243,15268.21586,23462.01365,29009.55461,20854.93236,98413.82794,185039.4611,86503.12943
224,0,5707.76275,60305,34541,44101,65463,129555,67111,144273,124972,76731,4135.95,3939,3229.98,10832.25,14259.18,23397.66,14771.25,7365.93,1811.94,13670.88294,10416.03641,11077.20459,10492.64157,42635.81243,15268.21586,23462.01365,29009.55461,20854.93236,98413.82794,185039.4611,86503.12943
225,0,5707.76275,78647,41253,49220,68367,129602,68383,139637,118435,72296,4135.95,3939,3229.98,10832.25,14259.18,23397.66,14771.25,7365.93,1811.94,13670.88294,10416.03641,11077.20459,10492.64157,42635.81243,15268.21586,23462.01365,29009.55461,20854.93236,98413.82794,185039.4611,86503.12943
226,0,5707.76275,78786,42597,50002,67526,126853,66276,139086,120636,73169,4135.95,3939,3229.98,10832.25,14259.18,23397.66,14771.25,7365.93,1811.94,13670.88294,10416.03641,11077.20459,10492.64157,42635.81243,15268.21586,23462.01365,29009.55461,20854.93236,98413.82794,185039.4611,86503.12943
227,0,5707.76275,75398,41861,47292,69016,128142,67314,143168,120422,72249,4135.95,3939,3229.98,10832.25,14259.18,23397.66,14771.25,7365.93,1811.94,13670.88294,10416.03641,11077.20459,10492.64157,42635.81243,15268.21586,23462.01365,29009.55461,20854.93236,98413.82794,185039.4611,86503.12943
228,0,5707.76275,68919,40194,46735,71731,128905,68211,145812,119676,71604,4135.95,3939,3229.98,10832.25,14259.18,23397.66,14771.25,7365.93,1811.94,13670.88294,10416.03641,11077.20459,10492.64157,42635.81243,15268.21586,23462.01365,29009.55461,20854.93236,98413.82794,185039.4611,86503.12943
229,0,5707.76275,69784,40932,45759,73054,128350,68186,146898,118554,70416,4135.95,3939,3229.98,10832.25,14259.18,23397.66,14771.25,7365.93,1811.94,13670.88294,10416.03641,11077.20459,10492.64157,42635.81243,15268.21586,23462.01365,29009.55461,20854.93236,98413.82794,185039.4611,86503.12943
230,0,5707.76275,66662,38947,45482,74205,127618,67911,147678,117143,69468,4135.95,3939,3229.98,10832.25,14259.18,23397.66,14771.25,7365.93,1811.94,13670.88294,10416.03641,11077.20459,10492.64157,42635.81243,15268.21586,23462.01365,29009.55461,20854.93236,98413.82794,185039.4611,86503.12943
231,0,5707.76275,65362,38117,44775,74945,127936,67481,152458,121343,72077,4135.95,3939,3229.98,10832.25,14259.18,23397.66,14771.25,7365.93,1811.94,13670.88294,10416.03641,11077.20459,10492.64157,42635.81243,15268.21586,23462.01365,29009.55461,20854.93236,98413.82794,185039.4611,86503.12943
232,0,5707.76275,63700,37308,44142,76964,132324,69093,162113,128694,77117,4135.95,3939,3229.98,10832.25,14259.18,23397.66,14771.25,7365.93,1811.94,13670.88294,10416.03641,11077.20459,10492.64157,42635.81243,15268.21586,23462.01365,29009.55461,20854.93236,98413.82794,185039.4611,86503.12943
233,0,5707.76275,63133,36905,45065,80331,139570,72080,174351,139090,84620,4135.95,3939,3229.98,10832.25,14259.18,23397.66,14771.25,7365.93,1811.94,13670.88294,10416.03641,11077.20459,10492.64157,42635.81243,15268.21586,23462.01365,29009.55461,20854.93236,98413.82794,185039.4611,86503.12943
234,0,5707.76275,66131,37911,47688,84100,143711,76487,171445,129544,78405,4135.95,3939,3229.98,10832.25,14259.18,23397.66,14771.25,7365.93,1811.94,13670.88294,10416.03641,11077.20459,10492.64157,42635.81243,15268.21586,23462.01365,29009.55461,20854.93236,98413.82794,185039.4611,86503.12943
235,0,5707.76275,71303,39929,52280,80618,133885,72387,151206,114190,69122,4135.95,3939,3229.98,10832.25,14259.18,23397.66,14771.25,7365.93,1811.94,13670.88294,10416.03641,11077.20459,10492.64157,42635.81243,15268.21586,23462.01365,29009.55461,20854.93236,98413.82794,185039.4611,86503.12943
236,0,5707.76275,77461,41949,51144,71496,121890,64335,136806,109097,66369,4135.95,3939,3229.98,10832.25,14259.18,23397.66,14771.25,7365.93,1811.94,13670.88294,10416.03641,11077.20459,10492.64157,42635.81243,15268.21586,23462.01365,29009.55461,20854.93236,98413.82794,185039.4611,86503.12943
237,0,5707.76275,69925,37923,45908,66997,116925,61472,126048,104169,63217,4135.95,3939,3229.98,10832.25,14259.18,23397.66,14771.25,7365.93,1811.94,13670.88294,10416.03641,11077.20459,10492.64157,42635.81243,15268.21586,23462.01365,29009.55461,20854.93236,98413.82794,185039.4611,86503.12943
238,0,5707.76275,59279,33981,42382,62245,111366,58299,113191,98276,59749,4135.95,3939,3229.98,10832.25,14259.18,23397.66,14771.25,7365.93,1811.94,13670.88294,10416.03641,11077.20459,10492.64157,42635.81243,15268.21586,23462.01365,29009.55461,20854.93236,98413.82794,185039.4611,86503.12943
239,0,5707.76275,55972,32641,40182,56143,104627,54298,100182,92688,56068,4135.95,3939,3229.98,10832.25,14259.18,23397.66,14771.25,7365.93,1811.94,13670.88294,10416.03641,11077.20459,10492.64157,42635.81243,15268.21586,23462.01365,29009.55461,20854.93236,98413.82794,185039.4611,86503.12943
240,0,5707.76275,51949,31250,37742,50173,98826,50439,90220,93702,53483,4135.95,3939,3229.98,10832.25,14259.18,23397.66,14771.25,7365.93,1811.94,13670.88294,10416.03641,11077.20459,10492.64157,42635.81243,15268.21586,23462.01365,29009.55461,20854.93236,98413.82794,185039.4611,86503.12943
241,0,5707.76275,48067,29835,35279,44517,95535,49251,85361,93291,52578,4135.95,3939,3229.98,10832.25,14259.18,23397.66,14771.25,7365.93,1811.94,13670.88294,10416.03641,11077.20459,10492.64157,42635.81243,15268.21586,23462.01365,29009.55461,20854.93236,98413.82794,185039.4611,86503.12943
242,0,5707.76275,46120,28489,33341,42964,94239,48861,84124,94064,52174,4135.95,3939,3229.98,10832.25,14259.18,23397.66,14771.25,7365.93,1811.94,13670.88294,10416.03641,11077.20459,10492.64157,42635.81243,15268.21586,23462.01365,29009.55461,20854.93236,98413.82794,185039.4611,86503.12943
243,0,5707.76275,46319,28234,32787,43110,94479,49575,84997,95892,52683,4135.95,3939,3229.98,10832.25,14259.18,23397.66,14771.25,7365.93,1811.94,13670.88294,10416.03641,11077.20459,10492.64157,42635.81243,15268.21586,23462.01365,29009.55461,20854.93236,98413.82794,185039.4611,86503.12943
244,0,5707.76275,47632,28568,33030,43525,95319,50335,87388,98740,54038,4135.95,3939,3229.98,10832.25,14259.18,23397.66,14771.25,7365.93,1811.94,13670.88294,10416.03641,11077.20459,10492.64157,42635.81243,15268.21586,23462.01365,29009.55461,20854.93236,98413.82794,185039.4611,86503.12943
245,0,5707.76275,49336,29231,33678,44902,98694,51642,95432,107968,59525,4135.95,3939,3229.98,10832.25,14259.18,23397.66,14771.25,7365.93,1811.94,13670.88294,10416.03641,11077.20459,10492.64157,42635.81243,15268.21586,23462.01365,29009.55461,20854.93236,98413.82794,185039.4611,86503.12943
246,0,5707.76275,51324,29998,34709,49422,112526,56006,119620,145805,83302,4135.95,3939,3229.98,10832.25,14259.18,23397.66,14771.25,7365.93,1811.94,13670.88294,10416.03641,11077.20459,10492.64157,42635.81243,15268.21586,23462.01365,29009.55461,20854.93236,98413.82794,185039.4611,86503.12943
247,0,5707.76275,54007,31433,37394,62006,134990,70225,142477,157430,93449,4135.95,3939,3229.98,10832.25,14259.18,23397.66,14771.25,7365.93,1811.94,13670.88294,10416.03641,11077.20459,10492.64157,42635.81243,15268.21586,23462.01365,29009.55461,20854.93236,98413.82794,185039.4611,86503.12943
248,0,5707.76275,61577,35338,47113,70754,146815,76946,148724,150844,89137,4135.95,3939,3229.98,10832.25,14259.18,23397.66,14771.25,7365.93,1811.94,13670.88294,10416.03641,11077.20459,10492.64157,42635.81243,15268.21586,23462.01365,29009.55461,20854.93236,98413.82794,185039.4611,86503.12943
249,0,5707.76275,86450,43489,52533,71735,143920,76105,144136,139921,81060,4135.95,3939,3229.98,10832.25,14259.18,23397.66,14771.25,7365.93,1811.94,13670.88294,10416.03641,11077.20459,10492.64157,42635.81243,15268.21586,23462.01365,29009.55461,20854.93236,98413.82794,185039.4611,86503.12943
250,0,5707.76275,88973,44941,51692,69431,138393,72196,144364,140455,79907,4135.95,3939,3229.98,10832.25,14259.18,23397.66,14771.25,7365.93,1811.94,13670.88294,10416.03641,11077.20459,10492.64157,42635.81243,15268.21586,23462.01365,29009.55461,20854.93236,98413.82794,185039.4611,86503.12943
251,0,5707.76275,80378,43605,47632,70259,138314,72735,149186,137587,78227,4135.95,3939,3229.98,10832.25,14259.18,23397.66,14771.25,7365.93,1811.94,13670.88294,10416.03641,11077.20459,10492.64157,42635.81243,15268.21586,23462.01365,29009.55461,20854.93236,98413.82794,185039.4611,86503.12943
252,0,5707.76275,70764,41472,46557,71484,137898,72040,151704,135965,77131,4135.95,3939,3229.98,10832.25,14259.18,23397.66,14771.25,7365.93,1811.94,13670.88294,10416.03641,11077.20459,10492.64157,42635.81243,15268.21586,23462.01365,29009.55461,20854.93236,98413.82794,185039.4611,86503.12943
253,0,5707.76275,70821,42141,45260,71936,136860,71367,152901,134060,75405,4135.95,3939,3229.98,10832.25,14259.18,23397.66,14771.25,7365.93,1811.94,13670.88294,10416.03641,11077.20459,10492.64157,42635.81243,15268.21586,23462.01365,29009.55461,20854.93236,98413.82794,185039.4611,86503.12943
254,0,5707.76275,67269,40115,44810,72221,135386,70423,153753,132047,73830,4135.95,3939,3229.98,10832.25,14259.18,23397.66,14771.25,7365.93,1811.94,13670.88294,10416.03641,11077.20459,10492.64157,42635.81243,15268.21586,23462.01365,29009.55461,20854.93236,98413.82794,185039.4611,86503.12943
255,0,5707.76275,65927,39360,44104,72084,134884,69312,158579,135780,75668,4135.95,3939,3229.98,10832.25,14259.18,23397.66,14771.25,7365.93,1811.94,13670.88294,10416.03641,11077.20459,10492.64157,42635.81243,15268.21586,23462.01365,29009.55461,20854.93236,98413.82794,185039.4611,86503.12943
256,0,5707.76275,64301,38563,43450,73596,138702,70658,168507,143356,80916,4135.95,3939,3229.98,10832.25,14259.18,23397.66,14771.25,7365.93,1811.94,13670.88294,10416.03641,11077.20459,10492.64157,42635.81243,15268.21586,23462.01365,29009.55461,20854.93236,98413.82794,185039.4611,86503.12943
257,0,5707.76275,63594,38094,44314,76582,146356,73588,180888,155446,89564,4135.95,3939,3229.98,10832.25,14259.18,23397.66,14771.25,7365.93,1811.94,13670.88294,10416.03641,11077.20459,10492.64157,42635.81243,15268.21586,23462.01365,29009.55461,20854.93236,98413.82794,185039.4611,86503.12943
258,0,5707.76275,66509,39119,46949,80370,150979,78370,177287,145586,84596,4135.95,3939,3229.98,10832.25,14259.18,23397.66,14771.25,7365.93,1811.94,13670.88294,10416.03641,11077.20459,10492.64157,42635.81243,15268.21586,23462.01365,29009.55461,20854.93236,98413.82794,185039.4611,86503.12943
259,0,5707.76275,71962,41203,51331,76910,141316,73797,156826,131862,76595,4135.95,3939,3229.98,10832.25,14259.18,23397.66,14771.25,7365.93,1811.94,13670.88294,10416.03641,11077.20459,10492.64157,42635.81243,15268.21586,23462.01365,29009.55461,20854.93236,98413.82794,185039.4611,86503.12943
260,0,5707.76275,78053,43250,50479,68647,129921,66400,142861,128266,74585,4135.95,3939,3229.98,10832.25,14259.18,23397.66,14771.25,7365.93,1811.94,13670.88294,10416.03641,11077.20459,10492.64157,42635.81243,15268.21586,23462.01365,29009.55461,20854.93236,98413.82794,185039.4611,86503.12943
261,0,5707.76275,70817,39347,45648,64714,123272,63930,131115,115307,64047,4135.95,3939,3229.98,10832.25,14259.18,23397.66,14771.25,7365.93,1811.94,13670.88294,10416.03641,11077.20459,10492.64157,42635.81243,15268.21586,23462.01365,29009.55461,20854.93236,98413.82794,185039.4611,86503.12943
262,0,5707.76275,61504,35927,42427,59993,113753,59385,117962,106787,58307,4135.95,3939,3229.98,10832.25,14259.18,23397.66,14771.25,7365.93,1811.94,13670.88294,10416.03641,11077.20459,10492.64157,42635.81243,15268.21586,23462.01365,29009.55461,20854.93236,98413.82794,185039.4611,86503.12943
263,0,5707.76275,59220,34478,39267,54614,106117,55459,105516,101040,54503,4135.95,3939,3229.98,10832.25,14259.18,23397.66,14771.25,7365.93,1811.94,13670.88294,10416.03641,11077.20459,10492.64157,42635.81243,15268.21586,23462.01365,29009.55461,20854.93236,98413.82794,185039.4611,86503.12943
264,0,5707.76275,51566,31583,36330,49641,99610,52151,96946,96513,52365,4135.95,3939,3229.98,10832.25,14259.18,23397.66,14771.25,7365.93,1811.94,13670.88294,10416.03641,11077.20459,10492.64157,42635.81243,15268.21586,23462.01365,29009.55461,20854.93236,98413.82794,185039.4611,86503.12943
265,0,5707.76275,46884,29956,33860,44928,94602,47652,93065,95679,51458,4135.95,3939,3229.98,10832.25,14259.18,23397.66,14771.25,7365.93,1811.94,13670.88294,10416.03641,11077.20459,10492.64157,42635.81243,15268.21586,23462.01365,29009.55461,20854.93236,98413.82794,185039.4611,86503.12943
266,0,5707.76275,44654,28787,32517,43897,93194,47147,92740,96052,51093,4135.95,3939,3229.98,10832.25,14259.18,23397.66,14771.25,7365.93,1811.94,13670.88294,10416.03641,11077.20459,10492.64157,42635.81243,15268.21586,23462.01365,29009.55461,20854.93236,98413.82794,185039.4611,86503.12943
267,0,5707.76275,45255,29339,32028,44361,93186,47558,94446,97029,51602,4135.95,3939,3229.98,10832.25,14259.18,23397.66,14771.25,7365.93,1811.94,13670.88294,10416.03641,11077.20459,10492.64157,42635.81243,15268.21586,23462.01365,29009.55461,20854.93236,98413.82794,185039.4611,86503.12943
268,0,5707.76275,46389,29760,32279,45018,93770,47997,97596,99379,52830,4135.95,3939,3229.98,10832.25,14259.18,23397.66,14771.25,7365.93,1811.94,13670.88294,10416.03641,11077.20459,10492.64157,42635.81243,15268.21586,23462.01365,29009.55461,20854.93236,98413.82794,185039.4611,86503.12943
269,0,5707.76275,48055,30507,32917,46361,96961,48996,106483,108274,58045,4135.95,3939,3229.98,10832.25,14259.18,23397.66,14771.25,7365.93,1811.94,13670.88294,10416.03641,11077.20459,10492.64157,42635.81243,15268.21586,23462.01365,29009.55461,20854.93236,98413.82794,185039.4611,86503.12943
270,0,5707.76275,50106,31301,33959,50453,110854,53064,132710,147104,80671,4135.95,3939,3229.98,10832.25,14259.18,23397.66,14771.25,7365.93,1811.94,13670.88294,10416.03641,11077.20459,10492.64157,42635.81243,15268.21586,23462.01365,29009.55461,20854.93236,98413.82794,185039.4611,86503.12943
271,0,5707.76275,52875,32754,36555,62659,132982,65730,154820,156222,90210,4135.95,3939,3229.98,10832.25,14259.18,23397.66,14771.25,7365.93,1811.94,13670.88294,10416.03641,11077.20459,10492.64157,42635.81243,15268.21586,23462.01365,29009.55461,20854.93236,98413.82794,185039.4611,86503.12943
272,0,5707.76275,60663,36610,45912,70834,143838,72254,159340,147841,85943,4135.95,3939,3229.98,10832.25,14259.18,23397.66,14771.25,7365.93,1811.94,13670.88294,10416.03641,11077.20459,10492.64157,42635.81243,15268.21586,23462.01365,29009.55461,20854.93236,98413.82794,185039.4611,86503.12943
273,0,5707.76275,88721,45000,51571,71255,140459,71417,153094,135807,78415,4135.95,3939,3229.98,10832.25,14259.18,23397.66,14771.25,7365.93,1811.94,13670.88294,10416.03641,11077.20459,10492.64157,42635.81243,15268.21586,23462.01365,29009.55461,20854.93236,98413.82794,185039.4611,86503.12943
274,0,5707.76275,88391,46509,50739,68872,134894,67692,152260,135360,77569,4135.95,3939,3229.98,10832.25,14259.18,23397.66,14771.25,7365.93,1811.94,13670.88294,10416.03641,11077.20459,10492.64157,42635.81243,15268.21586,23462.01365,29009.55461,20854.93236,98413.82794,185039.4611,86503.12943
275,0,5707.76275,81388,45189,46866,69388,134688,67993,154303,131157,75615,4135.95,3939,3229.98,10832.25,14259.18,23397.66,14771.25,7365.93,1811.94,13670.88294,10416.03641,11077.20459,10492.64157,42635.81243,15268.21586,23462.01365,29009.55461,20854.93236,98413.82794,185039.4611,86503.12943
276,0,5707.76275,72470,43136,45831,71178,133975,67883,155318,128620,74531,4135.95,3939,3229.98,10832.25,14259.18,23397.66,14771.25,7365.93,1811.94,13670.88294,10416.03641,11077.20459,10492.64157,42635.81243,15268.21586,23462.01365,29009.55461,20854.93236,98413.82794,185039.4611,86503.12943
277,0,5707.76275,72292,43867,44707,72075,132691,67411,155114,125833,73057,4135.95,3939,3229.98,10832.25,14259.18,23397.66,14771.25,7365.93,1811.94,13670.88294,10416.03641,11077.20459,10492.64157,42635.81243,15268.21586,23462.01365,29009.55461,20854.93236,98413.82794,185039.4611,86503.12943
278,0,5707.76275,68924,41738,44385,72974,131124,66811,154566,123002,71648,4135.95,3939,3229.98,10832.25,14259.18,23397.66,14771.25,7365.93,1811.94,13670.88294,10416.03641,11077.20459,10492.64157,42635.81243,15268.21586,23462.01365,29009.55461,20854.93236,98413.82794,185039.4611,86503.12943
279,0,5707.76275,67606,41069,43847,73425,130468,66081,158755,125752,73598,4135.95,3939,3229.98,10832.25,14259.18,23397.66,14771.25,7365.93,1811.94,13670.88294,10416.03641,11077.20459,10492.64157,42635.81243,15268.21586,23462.01365,29009.55461,20854.93236,98413.82794,185039.4611,86503.12943
280,0,5707.76275,65867,40305,43308,75225,134415,67702,168145,133116,78516,4135.95,3939,3229.98,10832.25,14259.18,23397.66,14771.25,7365.93,1811.94,13670.88294,10416.03641,11077.20459,10492.64157,42635.81243,15268.21586,23462.01365,29009.55461,20854.93236,98413.82794,185039.4611,86503.12943
281,0,5707.76275,65048,39870,44292,78570,142117,70877,180847,145369,86605,4135.95,3939,3229.98,10832.25,14259.18,23397.66,14771.25,7365.93,1811.94,13670.88294,10416.03641,11077.20459,10492.64157,42635.81243,15268.21586,23462.01365,29009.55461,20854.93236,98413.82794,185039.4611,86503.12943
282,0,5707.76275,67997,40968,46950,82327,146505,75087,176826,136301,81407,4135.95,3939,3229.98,10832.25,14259.18,23397.66,14771.25,7365.93,1811.94,13670.88294,10416.03641,11077.20459,10492.64157,42635.81243,15268.21586,23462.01365,29009.55461,20854.93236,98413.82794,185039.4611,86503.12943
283,0,5707.76275,73353,43152,51290,78922,136920,71051,156831,123538,73581,4135.95,3939,3229.98,10832.25,14259.18,23397.66,14771.25,7365.93,1811.94,13670.88294,10416.03641,11077.20459,10492.64157,42635.81243,15268.21586,23462.01365,29009.55461,20854.93236,98413.82794,185039.4611,86503.12943
284,0,5707.76275,79748,45342,50377,70306,125818,63527,143186,119799,71384,4135.95,3939,3229.98,10832.25,14259.18,23397.66,14771.25,7365.93,1811.94,13670.88294,10416.03641,11077.20459,10492.64157,42635.81243,15268.21586,23462.01365,29009.55461,20854.93236,98413.82794,185039.4611,86503.12943
285,0,5707.76275,71999,41005,45523,65937,119127,60752,131627,107192,61340,4135.95,3939,3229.98,10832.25,14259.18,23397.66,14771.25,7365.93,1811.94,13670.88294,10416.03641,11077.20459,10492.64157,42635.81243,15268.21586,23462.01365,29009.55461,20854.93236,98413.82794,185039.4611,86503.12943
286,0,5707.76275,62872,37694,42252,60999,109976,56466,119601,99064,55953,4135.95,3939,3229.98,10832.25,14259.18,23397.66,14771.25,7365.93,1811.94,13670.88294,10416.03641,11077.20459,10492.64157,42635.81243,15268.21586,23462.01365,29009.55461,20854.93236,98413.82794,185039.4611,86503.12943
287,0,5707.76275,60873,36281,39082,55012,102679,52321,108685,93389,52664,4135.95,3939,3229.98,10832.25,14259.18,23397.66,14771.25,7365.93,1811.94,13670.88294,10416.03641,11077.20459,10492.64157,42635.81243,15268.21586,23462.01365,29009.55461,20854.93236,98413.82794,185039.4611,86503.12943
288,0,5707.76275,52684,33195,36199,49171,96445,48479,99099,92069,51013,4135.95,3939,3229.98,10832.25,14259.18,23397.66,14771.25,7365.93,1811.94,13670.88294,10416.03641,11077.20459,10492.64157,42635.81243,15268.21586,23462.01365,29009.55461,20854.93236,98413.82794,185039.4611,86503.12943
289,0,5707.76275,48632,31625,33748,44812,91865,45568,95075,91395,50292,4135.95,3939,3229.98,10832.25,14259.18,23397.66,14771.25,7365.93,1811.94,13670.88294,10416.03641,11077.20459,10492.64157,42635.81243,15268.21586,23462.01365,29009.55461,20854.93236,98413.82794,185039.4611,86503.12943
290,0,5707.76275,46918,30481,32573,42639,90486,44740,94646,91863,50164,4135.95,3939,3229.98,10832.25,14259.18,23397.66,14771.25,7365.93,1811.94,13670.88294,10416.03641,11077.20459,10492.64157,42635.81243,15268.21586,23462.01365,29009.55461,20854.93236,98413.82794,185039.4611,86503.12943
291,0,5707.76275,47004,31189,32060,41957,90449,44842,95909,92889,50735,4135.95,3939,3229.98,10832.25,14259.18,23397.66,14771.25,7365.93,1811.94,13670.88294,10416.03641,11077.20459,10492.64157,42635.81243,15268.21586,23462.01365,29009.55461,20854.93236,98413.82794,185039.4611,86503.12943
292,0,5707.76275,48565,31700,32284,41720,90915,45151,98650,95074,51871,4135.95,3939,3229.98,10832.25,14259.18,23397.66,14771.25,7365.93,1811.94,13670.88294,10416.03641,11077.20459,10492.64157,42635.81243,15268.21586,23462.01365,29009.55461,20854.93236,98413.82794,185039.4611,86503.12943
293,0,5707.76275,50326,32372,32926,42245,93970,46094,107025,103634,57019,4135.95,3939,3229.98,10832.25,14259.18,23397.66,14771.25,7365.93,1811.94,13670.88294,10416.03641,11077.20459,10492.64157,42635.81243,15268.21586,23462.01365,29009.55461,20854.93236,98413.82794,185039.4611,86503.12943
294,0,5707.76275,52347,33118,33974,46134,106630,50092,133037,140406,77525,4135.95,3939,3229.98,10832.25,14259.18,23397.66,14771.25,7365.93,1811.94,13670.88294,10416.03641,11077.20459,10492.64157,42635.81243,15268.21586,23462.01365,29009.55461,20854.93236,98413.82794,185039.4611,86503.12943
295,0,5707.76275,54901,34679,36736,57246,128015,61936,152949,148014,86632,4135.95,3939,3229.98,10832.25,14259.18,23397.66,14771.25,7365.93,1811.94,13670.88294,10416.03641,11077.20459,10492.64157,42635.81243,15268.21586,23462.01365,29009.55461,20854.93236,98413.82794,185039.4611,86503.12943
296,0,5707.76275,62601,38748,46124,67636,139259,69882,156377,140044,82118,4135.95,3939,3229.98,10832.25,14259.18,23397.66,14771.25,7365.93,1811.94,13670.88294,10416.03641,11077.20459,10492.64157,42635.81243,15268.21586,23462.01365,29009.55461,20854.93236,98413.82794,185039.4611,86503.12943
297,0,5707.76275,87935,47602,51908,70002,137059,70232,148600,128716,74740,4135.95,3939,3229.98,10832.25,14259.18,23397.66,14771.25,7365.93,1811.94,13670.88294,10416.03641,11077.20459,10492.64157,42635.81243,15268.21586,23462.01365,29009.55461,20854.93236,98413.82794,185039.4611,86503.12943
298,0,5707.76275,90060,49365,51327,68824,132565,67740,147676,128812,74563,4135.95,3939,3229.98,10832.25,14259.18,23397.66,14771.25,7365.93,1811.94,13670.88294,10416.03641,11077.20459,10492.64157,42635.81243,15268.21586,23462.01365,29009.55461,20854.93236,98413.82794,185039.4611,86503.12943
299,0,5707.76275,81045,48076,47635,70535,132751,68595,150066,125231,72653,4135.95,3939,3229.98,10832.25,14259.18,23397.66,14771.25,7365.93,1811.94,13670.88294,10416.03641,11077.20459,10492.64157,42635.81243,15268.21586,23462.01365,29009.55461,20854.93236,98413.82794,185039.4611,86503.12943
300,0,5707.76275,71222,46091,46725,73502,132476,69573,151577,122783,71228,4135.95,3939,3229.98,10832.25,14259.18,23397.66,14771.25,7365.93,1811.94,13670.88294,10416.03641,11077.20459,10492.64157,42635.81243,15268.21586,23462.01365,29009.55461,20854.93236,98413.82794,185039.4611,86503.12943
301,0,5707.76275,71679,46832,45604,75122,131596,69742,151900,120543,69906,4135.95,3939,3229.98,10832.25,14259.18,23397.66,14771.25,7365.93,1811.94,13670.88294,10416.03641,11077.20459,10492.64157,42635.81243,15268.21586,23462.01365,29009.55461,20854.93236,98413.82794,185039.4611,86503.12943
302,0,5707.76275,67871,44825,45302,76721,130322,69800,152138,117917,68462,4135.95,3939,3229.98,10832.25,14259.18,23397.66,14771.25,7365.93,1811.94,13670.88294,10416.03641,11077.20459,10492.64157,42635.81243,15268.21586,23462.01365,29009.55461,20854.93236,98413.82794,185039.4611,86503.12943
303,0,5707.76275,66535,44214,44732,77673,130149,69501,156597,120993,70314,4135.95,3939,3229.98,10832.25,14259.18,23397.66,14771.25,7365.93,1811.94,13670.88294,10416.03641,11077.20459,10492.64157,42635.81243,15268.21586,23462.01365,29009.55461,20854.93236,98413.82794,185039.4611,86503.12943
304,0,5707.76275,64888,43323,44225,79854,134382,71514,166181,128150,75241,4135.95,3939,3229.98,10832.25,14259.18,23397.66,14771.25,7365.93,1811.94,13670.88294,10416.03641,11077.20459,10492.64157,42635.81243,15268.21586,23462.01365,29009.55461,20854.93236,98413.82794,185039.4611,86503.12943
305,0,5707.76275,64209,42937,45191,83417,141772,74978,178411,139208,83224,4135.95,3939,3229.98,10832.25,14259.18,23397.66,14771.25,7365.93,1811.94,13670.88294,10416.03641,11077.20459,10492.64157,42635.81243,15268.21586,23462.01365,29009.55461,20854.93236,98413.82794,185039.4611,86503.12943
306,0,5707.76275,67226,44142,47839,87358,145868,79497,174784,129975,77911,4135.95,3939,3229.98,10832.25,14259.18,23397.66,14771.25,7365.93,1811.94,13670.88294,10416.03641,11077.20459,10492.64157,42635.81243,15268.21586,23462.01365,29009.55461,20854.93236,98413.82794,185039.4611,86503.12943
307,0,5707.76275,72877,46383,52204,83543,136353,75259,154467,116422,70081,4135.95,3939,3229.98,10832.25,14259.18,23397.66,14771.25,7365.93,1811.94,13670.88294,10416.03641,11077.20459,10492.64157,42635.81243,15268.21586,23462.01365,29009.55461,20854.93236,98413.82794,185039.4611,86503.12943
308,0,5707.76275,79185,48757,51185,74505,125080,67522,140264,112345,67756,4135.95,3939,3229.98,10832.25,14259.18,23397.66,14771.25,7365.93,1811.94,13670.88294,10416.03641,11077.20459,10492.64157,42635.81243,15268.21586,23462.01365,29009.55461,20854.93236,98413.82794,185039.4611,86503.12943
309,0,5707.76275,71782,43984,46331,69579,118781,64756,128572,100528,58255,4135.95,3939,3229.98,10832.25,14259.18,23397.66,14771.25,7365.93,1811.94,13670.88294,10416.03641,11077.20459,10492.64157,42635.81243,15268.21586,23462.01365,29009.55461,20854.93236,98413.82794,185039.4611,86503.12943
310,0,5707.76275,62467,40702,43194,64407,109879,60317,115699,92884,53403,4135.95,3939,3229.98,10832.25,14259.18,23397.66,14771.25,7365.93,1811.94,13670.88294,10416.03641,11077.20459,10492.64157,42635.81243,15268.21586,23462.01365,29009.55461,20854.93236,98413.82794,185039.4611,86503.12943
311,0,5707.76275,60183,39258,39953,57860,102527,55917,103552,87144,49904,4135.95,3939,3229.98,10832.25,14259.18,23397.66,14771.25,7365.93,1811.94,13670.88294,10416.03641,11077.20459,10492.64157,42635.81243,15268.21586,23462.01365,29009.55461,20854.93236,98413.82794,185039.4611,86503.12943
312,0,5707.76275,52183,35989,37065,51551,96464,52157,92894,80725,46000,4135.95,3939,3229.98,10832.25,14259.18,23397.66,14771.25,7365.93,1811.94,13670.88294,10416.03641,11077.20459,10492.64157,42635.81243,15268.21586,23462.01365,29009.55461,20854.93236,98413.82794,185039.4611,86503.12943
313,0,5707.76275,47655,34459,34704,46226,92092,52488,88522,79790,45064,4135.95,3939,3229.98,10832.25,14259.18,23397.66,14771.25,7365.93,1811.94,13670.88294,10416.03641,11077.20459,10492.64157,42635.81243,15268.21586,23462.01365,29009.55461,20854.93236,98413.82794,185039.4611,86503.12943
314,0,5707.76275,45382,33337,33765,45242,90824,52057,87306,79919,44804,4135.95,3939,3229.98,10832.25,14259.18,23397.66,14771.25,7365.93,1811.94,13670.88294,10416.03641,11077.20459,10492.64157,42635.81243,15268.21586,23462.01365,29009.55461,20854.93236,98413.82794,185039.4611,86503.12943
315,0,5707.76275,45045,34284,33081,45803,90914,52612,88207,80907,45389,4135.95,3939,3229.98,10832.25,14259.18,23397.66,14771.25,7365.93,1811.94,13670.88294,10416.03641,11077.20459,10492.64157,42635.81243,15268.21586,23462.01365,29009.55461,20854.93236,98413.82794,185039.4611,86503.12943
316,0,5707.76275,46173,34780,33312,46578,91562,53464,90601,82901,46559,4135.95,3939,3229.98,10832.25,14259.18,23397.66,14771.25,7365.93,1811.94,13670.88294,10416.03641,11077.20459,10492.64157,42635.81243,15268.21586,23462.01365,29009.55461,20854.93236,98413.82794,185039.4611,86503.12943
317,0,5707.76275,47766,35484,33933,48142,94469,54795,98505,90797,51346,4135.95,3939,3229.98,10832.25,14259.18,23397.66,14771.25,7365.93,1811.94,13670.88294,10416.03641,11077.20459,10492.64157,42635.81243,15268.21586,23462.01365,29009.55461,20854.93236,98413.82794,185039.4611,86503.12943
318,0,5707.76275,49836,36277,34857,53014,107043,59157,122500,117906,68642,4135.95,3939,3229.98,10832.25,14259.18,23397.66,14771.25,7365.93,1811.94,13670.88294,10416.03641,11077.20459,10492.64157,42635.81243,15268.21586,23462.01365,29009.55461,20854.93236,98413.82794,185039.4611,86503.12943
319,0,5707.76275,52681,37857,37573,66950,128510,74837,144778,130172,78036,4135.95,3939,3229.98,10832.25,14259.18,23397.66,14771.25,7365.93,1811.94,13670.88294,10416.03641,11077.20459,10492.64157,42635.81243,15268.21586,23462.01365,29009.55461,20854.93236,98413.82794,185039.4611,86503.12943
320,0,5707.76275,60213,42153,46664,75236,140341,81954,150441,125863,75110,4135.95,3939,3229.98,10832.25,14259.18,23397.66,14771.25,7365.93,1811.94,13670.88294,10416.03641,11077.20459,10492.64157,42635.81243,15268.21586,23462.01365,29009.55461,20854.93236,98413.82794,185039.4611,86503.12943
321,0,5707.76275,84079,52166,53097,75791,138722,80730,145546,116322,69479,4135.95,3939,3229.98,10832.25,14259.18,23397.66,14771.25,7365.93,1811.94,13670.88294,10416.03641,11077.20459,10492.64157,42635.81243,15268.21586,23462.01365,29009.55461,20854.93236,98413.82794,185039.4611,86503.12943
322,0,5707.76275,87760,54064,52348,73363,134485,76745,145977,117102,70058,4135.95,3939,3229.98,10832.25,14259.18,23397.66,14771.25,7365.93,1811.94,13670.88294,10416.03641,11077.20459,10492.64157,42635.81243,15268.21586,23462.01365,29009.55461,20854.93236,98413.82794,185039.4611,86503.12943
323,0,5707.76275,80082,51859,48412,74236,134789,77065,150340,116141,69153,4135.95,3939,3229.98,10832.25,14259.18,23397.66,14771.25,7365.93,1811.94,13670.88294,10416.03641,11077.20459,10492.64157,42635.81243,15268.21586,23462.01365,29009.55461,20854.93236,98413.82794,185039.4611,86503.12943
324,0,5707.76275,71412,49163,47356,74315,134976,76298,152463,114666,68381,4135.95,3939,3229.98,10832.25,14259.18,23397.66,14771.25,7365.93,1811.94,13670.88294,10416.03641,11077.20459,10492.64157,42635.81243,15268.21586,23462.01365,29009.55461,20854.93236,98413.82794,185039.4611,86503.12943
325,0,5707.76275,71852,49405,46180,73698,134297,75655,153389,113188,67424,4135.95,3939,3229.98,10832.25,14259.18,23397.66,14771.25,7365.93,1811.94,13670.88294,10416.03641,11077.20459,10492.64157,42635.81243,15268.21586,23462.01365,29009.55461,20854.93236,98413.82794,185039.4611,86503.12943
326,0,5707.76275,68527,47267,45649,73155,133178,74690,153944,111577,66448,4135.95,3939,3229.98,10832.25,14259.18,23397.66,14771.25,7365.93,1811.94,13670.88294,10416.03641,11077.20459,10492.64157,42635.81243,15268.21586,23462.01365,29009.55461,20854.93236,98413.82794,185039.4611,86503.12943
327,0,5707.76275,67481,46525,44930,72514,133267,73727,158452,115308,68695,4135.95,3939,3229.98,10832.25,14259.18,23397.66,14771.25,7365.93,1811.94,13670.88294,10416.03641,11077.20459,10492.64157,42635.81243,15268.21586,23462.01365,29009.55461,20854.93236,98413.82794,185039.4611,86503.12943
328,0,5707.76275,65898,45367,44375,73824,137349,75105,167936,122281,73234,4135.95,3939,3229.98,10832.25,14259.18,23397.66,14771.25,7365.93,1811.94,13670.88294,10416.03641,11077.20459,10492.64157,42635.81243,15268.21586,23462.01365,29009.55461,20854.93236,98413.82794,185039.4611,86503.12943
329,0,5707.76275,65131,44718,45416,76605,144525,78183,179789,132187,80050,4135.95,3939,3229.98,10832.25,14259.18,23397.66,14771.25,7365.93,1811.94,13670.88294,10416.03641,11077.20459,10492.64157,42635.81243,15268.21586,23462.01365,29009.55461,20854.93236,98413.82794,185039.4611,86503.12943
330,0,5707.76275,68150,45769,48173,80331,148871,83188,176020,123904,74883,4135.95,3939,3229.98,10832.25,14259.18,23397.66,14771.25,7365.93,1811.94,13670.88294,10416.03641,11077.20459,10492.64157,42635.81243,15268.21586,23462.01365,29009.55461,20854.93236,98413.82794,185039.4611,86503.12943
331,0,5707.76275,73748,48068,52624,76581,139105,78238,155236,109928,66704,4135.95,3939,3229.98,10832.25,14259.18,23397.66,14771.25,7365.93,1811.94,13670.88294,10416.03641,11077.20459,10492.64157,42635.81243,15268.21586,23462.01365,29009.55461,20854.93236,98413.82794,185039.4611,86503.12943
332,0,5707.76275,80312,50764,51561,68337,127582,70485,140955,105528,64055,4135.95,3939,3229.98,10832.25,14259.18,23397.66,14771.25,7365.93,1811.94,13670.88294,10416.03641,11077.20459,10492.64157,42635.81243,15268.21586,23462.01365,29009.55461,20854.93236,98413.82794,185039.4611,86503.12943
333,0,5707.76275,72324,46153,46595,64690,121343,67925,129963,95620,55809,4135.95,3939,3229.98,10832.25,14259.18,23397.66,14771.25,7365.93,1811.94,13670.88294,10416.03641,11077.20459,10492.64157,42635.81243,15268.21586,23462.01365,29009.55461,20854.93236,98413.82794,185039.4611,86503.12943
334,0,5707.76275,63048,42977,43302,60202,112104,63023,117229,88207,51203,4135.95,3939,3229.98,10832.25,14259.18,23397.66,14771.25,7365.93,1811.94,13670.88294,10416.03641,11077.20459,10492.64157,42635.81243,15268.21586,23462.01365,29009.55461,20854.93236,98413.82794,185039.4611,86503.12943
335,0,5707.76275,60889,41748,40101,55876,104686,58909,105177,82331,47798,4135.95,3939,3229.98,10832.25,14259.18,23397.66,14771.25,7365.93,1811.94,13670.88294,10416.03641,11077.20459,10492.64157,42635.81243,15268.21586,23462.01365,29009.55461,20854.93236,98413.82794,185039.4611,86503.12943
336,0,5707.76275,53125,38435,37144,52079,97884,55611,93920,81233,47969,4135.95,3939,3229.98,10832.25,14259.18,23397.66,14771.25,7365.93,1811.94,13670.88294,10416.03641,11077.20459,10492.64157,42635.81243,15268.21586,23462.01365,29009.55461,20854.93236,98413.82794,185039.4611,86503.12943
337,0,5707.76275,45273,28566,32857,38810,77679,43042,83268,68063,41248,4135.95,3939,3229.98,10832.25,14259.18,23397.66,14771.25,7365.93,1811.94,13670.88294,10416.03641,11077.20459,10492.64157,42635.81243,15268.21586,23462.01365,29009.55461,20854.93236,98413.82794,185039.4611,86503.12943
338,0,5707.76275,40947,26675,29670,35985,74025,41735,79238,66045,40060,4135.95,3939,3229.98,10832.25,14259.18,23397.66,14771.25,7365.93,1811.94,13670.88294,10416.03641,11077.20459,10492.64157,42635.81243,15268.21586,23462.01365,29009.55461,20854.93236,98413.82794,185039.4611,86503.12943
339,0,5707.76275,35296,23227,27373,34390,71867,40734,78629,66812,40495,4135.95,3939,3229.98,10832.25,14259.18,23397.66,14771.25,7365.93,1811.94,13670.88294,10416.03641,11077.20459,10492.64157,42635.81243,15268.21586,23462.01365,29009.55461,20854.93236,98413.82794,185039.4611,86503.12943
340,0,5707.76275,32882,22815,26493,34456,71747,41241,78718,66671,40362,4135.95,3939,3229.98,10832.25,14259.18,23397.66,14771.25,7365.93,1811.94,13670.88294,10416.03641,11077.20459,10492.64157,42635.81243,15268.21586,23462.01365,29009.55461,20854.93236,98413.82794,185039.4611,86503.12943
341,0,5707.76275,32388,22682,26564,34903,71804,41548,80884,69233,42248,4135.95,3939,3229.98,10832.25,14259.18,23397.66,14771.25,7365.93,1811.94,13670.88294,10416.03641,11077.20459,10492.64157,42635.81243,15268.21586,23462.01365,29009.55461,20854.93236,98413.82794,185039.4611,86503.12943
342,0,5707.76275,33316,23057,26762,36761,75613,43216,89933,77718,47108,4135.95,3939,3229.98,10832.25,14259.18,23397.66,14771.25,7365.93,1811.94,13670.88294,10416.03641,11077.20459,10492.64157,42635.81243,15268.21586,23462.01365,29009.55461,20854.93236,98413.82794,185039.4611,86503.12943
343,0,5707.76275,33992,23504,27478,41829,81826,47754,97265,81953,50055,4135.95,3939,3229.98,10832.25,14259.18,23397.66,14771.25,7365.93,1811.94,13670.88294,10416.03641,11077.20459,10492.64157,42635.81243,15268.21586,23462.01365,29009.55461,20854.93236,98413.82794,185039.4611,86503.12943
344,0,5707.76275,36610,24875,30502,45093,88512,50448,106689,87062,53006,4135.95,3939,3229.98,10832.25,14259.18,23397.66,14771.25,7365.93,1811.94,13670.88294,10416.03641,11077.20459,10492.64157,42635.81243,15268.21586,23462.01365,29009.55461,20854.93236,98413.82794,185039.4611,86503.12943
345,0,5707.76275,43928,28251,32048,49183,94982,53418,116030,90425,55244,4135.95,3939,3229.98,10832.25,14259.18,23397.66,14771.25,7365.93,1811.94,13670.88294,10416.03641,11077.20459,10492.64157,42635.81243,15268.21586,23462.01365,29009.55461,20854.93236,98413.82794,185039.4611,86503.12943
346,0,5707.76275,44912,27824,34322,53692,100907,56508,124825,95069,57760,4135.95,3939,3229.98,10832.25,14259.18,23397.66,14771.25,7365.93,1811.94,13670.88294,10416.03641,11077.20459,10492.64157,42635.81243,15268.21586,23462.01365,29009.55461,20854.93236,98413.82794,185039.4611,86503.12943
347,0,5707.76275,47194,28978,36362,57352,104168,59308,126889,91663,55072,4135.95,3939,3229.98,10832.25,14259.18,23397.66,14771.25,7365.93,1811.94,13670.88294,10416.03641,11077.20459,10492.64157,42635.81243,15268.21586,23462.01365,29009.55461,20854.93236,98413.82794,185039.4611,86503.12943
348,0,5707.76275,50371,30287,38651,56736,103791,58172,130964,93776,56008,4135.95,3939,3229.98,10832.25,14259.18,23397.66,14771.25,7365.93,1811.94,13670.88294,10416.03641,11077.20459,10492.64157,42635.81243,15268.21586,23462.01365,29009.55461,20854.93236,98413.82794,185039.4611,86503.12943
349,0,5707.76275,53560,31669,38021,57695,105426,59242,131089,90119,53533,4135.95,3939,3229.98,10832.25,14259.18,23397.66,14771.25,7365.93,1811.94,13670.88294,10416.03641,11077.20459,10492.64157,42635.81243,15268.21586,23462.01365,29009.55461,20854.93236,98413.82794,185039.4611,86503.12943
350,0,5707.76275,53661,29834,38626,56525,102992,57380,129680,88326,52193,4135.95,3939,3229.98,10832.25,14259.18,23397.66,14771.25,7365.93,1811.94,13670.88294,10416.03641,11077.20459,10492.64157,42635.81243,15268.21586,23462.01365,29009.55461,20854.93236,98413.82794,185039.4611,86503.12943
351,0,5707.76275,55837,29883,38119,55381,101922,56120,130740,89227,52543,4135.95,3939,3229.98,10832.25,14259.18,23397.66,14771.25,7365.93,1811.94,13670.88294,10416.03641,11077.20459,10492.64157,42635.81243,15268.21586,23462.01365,29009.55461,20854.93236,98413.82794,185039.4611,86503.12943
352,0,5707.76275,54581,28639,37326,55507,103430,56135,134423,91464,54028,4135.95,3939,3229.98,10832.25,14259.18,23397.66,14771.25,7365.93,1811.94,13670.88294,10416.03641,11077.20459,10492.64157,42635.81243,15268.21586,23462.01365,29009.55461,20854.93236,98413.82794,185039.4611,86503.12943
353,0,5707.76275,54123,28095,37401,56311,106170,57201,137148,93142,55851,4135.95,3939,3229.98,10832.25,14259.18,23397.66,14771.25,7365.93,1811.94,13670.88294,10416.03641,11077.20459,10492.64157,42635.81243,15268.21586,23462.01365,29009.55461,20854.93236,98413.82794,185039.4611,86503.12943
354,0,5707.76275,54939,28543,38304,57154,108642,58705,141855,96417,57055,4135.95,3939,3229.98,10832.25,14259.18,23397.66,14771.25,7365.93,1811.94,13670.88294,10416.03641,11077.20459,10492.64157,42635.81243,15268.21586,23462.01365,29009.55461,20854.93236,98413.82794,185039.4611,86503.12943
355,0,5707.76275,56569,29098,39551,58547,110544,59749,142034,95826,56681,4135.95,3939,3229.98,10832.25,14259.18,23397.66,14771.25,7365.93,1811.94,13670.88294,10416.03641,11077.20459,10492.64157,42635.81243,15268.21586,23462.01365,29009.55461,20854.93236,98413.82794,185039.4611,86503.12943
356,0,5707.76275,57582,30115,40481,58107,108896,59363,133769,89354,52917,4135.95,3939,3229.98,10832.25,14259.18,23397.66,14771.25,7365.93,1811.94,13670.88294,10416.03641,11077.20459,10492.64157,42635.81243,15268.21586,23462.01365,29009.55461,20854.93236,98413.82794,185039.4611,86503.12943
357,0,5707.76275,60076,29854,41130,54906,103666,56522,123308,83965,49963,4135.95,3939,3229.98,10832.25,14259.18,23397.66,14771.25,7365.93,1811.94,13670.88294,10416.03641,11077.20459,10492.64157,42635.81243,15268.21586,23462.01365,29009.55461,20854.93236,98413.82794,185039.4611,86503.12943
358,0,5707.76275,58907,29247,39303,51611,98816,54168,111079,75706,44944,4135.95,3939,3229.98,10832.25,14259.18,23397.66,14771.25,7365.93,1811.94,13670.88294,10416.03641,11077.20459,10492.64157,42635.81243,15268.21586,23462.01365,29009.55461,20854.93236,98413.82794,185039.4611,86503.12943
359,0,5707.76275,54311,27619,37005,47759,92269,50696,99501,69664,41435,4135.95,3939,3229.98,10832.25,14259.18,23397.66,14771.25,7365.93,1811.94,13670.88294,10416.03641,11077.20459,10492.64157,42635.81243,15268.21586,23462.01365,29009.55461,20854.93236,98413.82794,185039.4611,86503.12943
360,0,5707.76275,49949,26271,34069,45071,88151,48421,90545,67177,36833,4135.95,3939,3229.98,10832.25,14259.18,23397.66,14771.25,7365.93,1811.94,13670.88294,10416.03641,11077.20459,10492.64157,42635.81243,15268.21586,23462.01365,29009.55461,20854.93236,98413.82794,185039.4611,86503.12943
361,0,5707.76275,44151,24576,31464,43436,83644,46042,85827,64122,34721,4135.95,3939,3229.98,10832.25,14259.18,23397.66,14771.25,7365.93,1811.94,13670.88294,10416.03641,11077.20459,10492.64157,42635.81243,15268.21586,23462.01365,29009.55461,20854.93236,98413.82794,185039.4611,86503.12943
362,0,5707.76275,39515,23703,28744,42874,80237,44649,81965,62057,33580,4135.95,3939,3229.98,10832.25,14259.18,23397.66,14771.25,7365.93,1811.94,13670.88294,10416.03641,11077.20459,10492.64157,42635.81243,15268.21586,23462.01365,29009.55461,20854.93236,98413.82794,185039.4611,86503.12943
363,0,5707.76275,35317,22998,27020,42827,78241,43715,81873,62983,34038,4135.95,3939,3229.98,10832.25,14259.18,23397.66,14771.25,7365.93,1811.94,13670.88294,10416.03641,11077.20459,10492.64157,42635.81243,15268.21586,23462.01365,29009.55461,20854.93236,98413.82794,185039.4611,86503.12943
364,0,5707.76275,33018,22569,26218,44067,78255,44137,82450,63106,33759,4135.95,3939,3229.98,10832.25,14259.18,23397.66,14771.25,7365.93,1811.94,13670.88294,10416.03641,11077.20459,10492.64157,42635.81243,15268.21586,23462.01365,29009.55461,20854.93236,98413.82794,185039.4611,86503.12943
365,0,5707.76275,32523,22480,26264,45218,78200,44282,84502,64784,34485,4135.95,3939,3229.98,10832.25,14259.18,23397.66,14771.25,7365.93,1811.94,13670.88294,10416.03641,11077.20459,10492.64157,42635.81243,15268.21586,23462.01365,29009.55461,20854.93236,98413.82794,185039.4611,86503.12943
366,0,5707.76275,33510,22848,26421,47146,80908,45391,92225,71419,38019,4135.95,3939,3229.98,10832.25,14259.18,23397.66,14771.25,7365.93,1811.94,13670.88294,10416.03641,11077.20459,10492.64157,42635.81243,15268.21586,23462.01365,29009.55461,20854.93236,98413.82794,185039.4611,86503.12943
367,0,5707.76275,34323,23200,26824,53704,87049,49888,101772,77938,42036,4135.95,3939,3229.98,10832.25,14259.18,23397.66,14771.25,7365.93,1811.94,13670.88294,10416.03641,11077.20459,10492.64157,42635.81243,15268.21586,23462.01365,29009.55461,20854.93236,98413.82794,185039.4611,86503.12943
368,0,5707.76275,36248,24064,29272,54127,94486,51569,112386,84839,46340,4135.95,3939,3229.98,10832.25,14259.18,23397.66,14771.25,7365.93,1811.94,13670.88294,10416.03641,11077.20459,10492.64157,42635.81243,15268.21586,23462.01365,29009.55461,20854.93236,98413.82794,185039.4611,86503.12943
369,0,5707.76275,41817,27062,30644,55886,100984,54264,123022,91181,49882,4135.95,3939,3229.98,10832.25,14259.18,23397.66,14771.25,7365.93,1811.94,13670.88294,10416.03641,11077.20459,10492.64157,42635.81243,15268.21586,23462.01365,29009.55461,20854.93236,98413.82794,185039.4611,86503.12943
370,0,5707.76275,44004,27148,32793,57608,106700,56969,132208,96601,52830,4135.95,3939,3229.98,10832.25,14259.18,23397.66,14771.25,7365.93,1811.94,13670.88294,10416.03641,11077.20459,10492.64157,42635.81243,15268.21586,23462.01365,29009.55461,20854.93236,98413.82794,185039.4611,86503.12943
371,0,5707.76275,48093,28749,34883,60194,109368,59552,134945,94289,51705,4135.95,3939,3229.98,10832.25,14259.18,23397.66,14771.25,7365.93,1811.94,13670.88294,10416.03641,11077.20459,10492.64157,42635.81243,15268.21586,23462.01365,29009.55461,20854.93236,98413.82794,185039.4611,86503.12943
372,0,5707.76275,51567,30294,37049,57686,108297,57448,138739,97192,53323,4135.95,3939,3229.98,10832.25,14259.18,23397.66,14771.25,7365.93,1811.94,13670.88294,10416.03641,11077.20459,10492.64157,42635.81243,15268.21586,23462.01365,29009.55461,20854.93236,98413.82794,185039.4611,86503.12943
373,0,5707.76275,54050,31800,36555,57986,109508,58291,138706,94093,51413,4135.95,3939,3229.98,10832.25,14259.18,23397.66,14771.25,7365.93,1811.94,13670.88294,10416.03641,11077.20459,10492.64157,42635.81243,15268.21586,23462.01365,29009.55461,20854.93236,98413.82794,185039.4611,86503.12943
374,0,5707.76275,53473,30186,37246,55834,106715,56162,136636,92538,50618,4135.95,3939,3229.98,10832.25,14259.18,23397.66,14771.25,7365.93,1811.94,13670.88294,10416.03641,11077.20459,10492.64157,42635.81243,15268.21586,23462.01365,29009.55461,20854.93236,98413.82794,185039.4611,86503.12943
375,0,5707.76275,55630,30246,36892,54282,105689,54702,137233,93621,51549,4135.95,3939,3229.98,10832.25,14259.18,23397.66,14771.25,7365.93,1811.94,13670.88294,10416.03641,11077.20459,10492.64157,42635.81243,15268.21586,23462.01365,29009.55461,20854.93236,98413.82794,185039.4611,86503.12943
376,0,5707.76275,54388,29005,36174,54310,107073,54815,140692,96369,53353,4135.95,3939,3229.98,10832.25,14259.18,23397.66,14771.25,7365.93,1811.94,13670.88294,10416.03641,11077.20459,10492.64157,42635.81243,15268.21586,23462.01365,29009.55461,20854.93236,98413.82794,185039.4611,86503.12943
377,0,5707.76275,53912,28493,36400,55092,110137,55821,143642,98780,55065,4135.95,3939,3229.98,10832.25,14259.18,23397.66,14771.25,7365.93,1811.94,13670.88294,10416.03641,11077.20459,10492.64157,42635.81243,15268.21586,23462.01365,29009.55461,20854.93236,98413.82794,185039.4611,86503.12943
378,0,5707.76275,54804,28899,37398,56102,112858,57435,148507,102030,57100,4135.95,3939,3229.98,10832.25,14259.18,23397.66,14771.25,7365.93,1811.94,13670.88294,10416.03641,11077.20459,10492.64157,42635.81243,15268.21586,23462.01365,29009.55461,20854.93236,98413.82794,185039.4611,86503.12943
379,0,5707.76275,56676,29527,38576,57678,114493,58604,148132,101542,56366,4135.95,3939,3229.98,10832.25,14259.18,23397.66,14771.25,7365.93,1811.94,13670.88294,10416.03641,11077.20459,10492.64157,42635.81243,15268.21586,23462.01365,29009.55461,20854.93236,98413.82794,185039.4611,86503.12943
380,0,5707.76275,57996,30567,39864,57636,112485,58281,140091,95273,52349,4135.95,3939,3229.98,10832.25,14259.18,23397.66,14771.25,7365.93,1811.94,13670.88294,10416.03641,11077.20459,10492.64157,42635.81243,15268.21586,23462.01365,29009.55461,20854.93236,98413.82794,185039.4611,86503.12943
381,0,5707.76275,60426,30373,40468,54633,106998,55474,130425,90374,49104,4135.95,3939,3229.98,10832.25,14259.18,23397.66,14771.25,7365.93,1811.94,13670.88294,10416.03641,11077.20459,10492.64157,42635.81243,15268.21586,23462.01365,29009.55461,20854.93236,98413.82794,185039.4611,86503.12943
382,0,5707.76275,59171,29533,38599,51506,102208,53122,118921,83209,44299,4135.95,3939,3229.98,10832.25,14259.18,23397.66,14771.25,7365.93,1811.94,13670.88294,10416.03641,11077.20459,10492.64157,42635.81243,15268.21586,23462.01365,29009.55461,20854.93236,98413.82794,185039.4611,86503.12943
383,0,5707.76275,54461,27834,36183,48277,96314,50301,108379,77344,40395,4135.95,3939,3229.98,10832.25,14259.18,23397.66,14771.25,7365.93,1811.94,13670.88294,10416.03641,11077.20459,10492.64157,42635.81243,15268.21586,23462.01365,29009.55461,20854.93236,98413.82794,185039.4611,86503.12943
384,0,5707.76275,50181,26439,33298,46421,93055,48415,104281,78363,38403,4135.95,3939,3229.98,10832.25,14259.18,23397.66,14771.25,7365.93,1811.94,13670.88294,10416.03641,11077.20459,10492.64157,42635.81243,15268.21586,23462.01365,29009.55461,20854.93236,98413.82794,185039.4611,86503.12943
385,0,5707.76275,44757,24998,30596,48026,94562,52076,103482,77964,37659,4135.95,3939,3229.98,10832.25,14259.18,23397.66,14771.25,7365.93,1811.94,13670.88294,10416.03641,11077.20459,10492.64157,42635.81243,15268.21586,23462.01365,29009.55461,20854.93236,98413.82794,185039.4611,86503.12943
386,0,5707.76275,40517,24749,29658,48939,92855,52080,104034,78635,37463,4135.95,3939,3229.98,10832.25,14259.18,23397.66,14771.25,7365.93,1811.94,13670.88294,10416.03641,11077.20459,10492.64157,42635.81243,15268.21586,23462.01365,29009.55461,20854.93236,98413.82794,185039.4611,86503.12943
387,0,5707.76275,38782,25812,29140,50606,92776,52839,106735,81040,38492,4135.95,3939,3229.98,10832.25,14259.18,23397.66,14771.25,7365.93,1811.94,13670.88294,10416.03641,11077.20459,10492.64157,42635.81243,15268.21586,23462.01365,29009.55461,20854.93236,98413.82794,185039.4611,86503.12943
388,0,5707.76275,38854,25978,28996,52404,93630,53796,110861,84546,40234,4135.95,3939,3229.98,10832.25,14259.18,23397.66,14771.25,7365.93,1811.94,13670.88294,10416.03641,11077.20459,10492.64157,42635.81243,15268.21586,23462.01365,29009.55461,20854.93236,98413.82794,185039.4611,86503.12943
389,0,5707.76275,39806,26659,29544,54931,97163,55387,121137,93917,45464,4135.95,3939,3229.98,10832.25,14259.18,23397.66,14771.25,7365.93,1811.94,13670.88294,10416.03641,11077.20459,10492.64157,42635.81243,15268.21586,23462.01365,29009.55461,20854.93236,98413.82794,185039.4611,86503.12943
390,0,5707.76275,41850,27519,30591,60240,110608,60404,151236,121601,60184,4135.95,3939,3229.98,10832.25,14259.18,23397.66,14771.25,7365.93,1811.94,13670.88294,10416.03641,11077.20459,10492.64157,42635.81243,15268.21586,23462.01365,29009.55461,20854.93236,98413.82794,185039.4611,86503.12943
391,0,5707.76275,44636,29038,33291,74894,133027,76093,173604,135696,70162,4135.95,3939,3229.98,10832.25,14259.18,23397.66,14771.25,7365.93,1811.94,13670.88294,10416.03641,11077.20459,10492.64157,42635.81243,15268.21586,23462.01365,29009.55461,20854.93236,98413.82794,185039.4611,86503.12943
392,0,5707.76275,51174,32883,41226,81185,144555,81047,176355,133277,69304,4135.95,3939,3229.98,10832.25,14259.18,23397.66,14771.25,7365.93,1811.94,13670.88294,10416.03641,11077.20459,10492.64157,42635.81243,15268.21586,23462.01365,29009.55461,20854.93236,98413.82794,185039.4611,86503.12943
393,0,5707.76275,67512,41075,47296,79445,141604,79855,167197,123112,63922,4135.95,3939,3229.98,10832.25,14259.18,23397.66,14771.25,7365.93,1811.94,13670.88294,10416.03641,11077.20459,10492.64157,42635.81243,15268.21586,23462.01365,29009.55461,20854.93236,98413.82794,185039.4611,86503.12943
394,0,5707.76275,74609,42821,48643,73540,135421,74342,164655,124448,65036,4135.95,3939,3229.98,10832.25,14259.18,23397.66,14771.25,7365.93,1811.94,13670.88294,10416.03641,11077.20459,10492.64157,42635.81243,15268.21586,23462.01365,29009.55461,20854.93236,98413.82794,185039.4611,86503.12943
395,0,5707.76275,70972,41927,46025,72638,135267,74365,164050,122824,65142,4135.95,3939,3229.98,10832.25,14259.18,23397.66,14771.25,7365.93,1811.94,13670.88294,10416.03641,11077.20459,10492.64157,42635.81243,15268.21586,23462.01365,29009.55461,20854.93236,98413.82794,185039.4611,86503.12943
396,0,5707.76275,64682,39773,45551,71615,134241,72794,162645,121442,65050,4135.95,3939,3229.98,10832.25,14259.18,23397.66,14771.25,7365.93,1811.94,13670.88294,10416.03641,11077.20459,10492.64157,42635.81243,15268.21586,23462.01365,29009.55461,20854.93236,98413.82794,185039.4611,86503.12943
397,0,5707.76275,65696,40537,45487,70919,132627,71735,160103,119460,64248,4135.95,3939,3229.98,10832.25,14259.18,23397.66,14771.25,7365.93,1811.94,13670.88294,10416.03641,11077.20459,10492.64157,42635.81243,15268.21586,23462.01365,29009.55461,20854.93236,98413.82794,185039.4611,86503.12943
398,0,5707.76275,65146,39143,45633,70401,130717,70315,158138,117692,63981,4135.95,3939,3229.98,10832.25,14259.18,23397.66,14771.25,7365.93,1811.94,13670.88294,10416.03641,11077.20459,10492.64157,42635.81243,15268.21586,23462.01365,29009.55461,20854.93236,98413.82794,185039.4611,86503.12943
399,0,5707.76275,65066,38543,45274,69667,130578,69035,164159,123357,68025,4135.95,3939,3229.98,10832.25,14259.18,23397.66,14771.25,7365.93,1811.94,13670.88294,10416.03641,11077.20459,10492.64157,42635.81243,15268.21586,23462.01365,29009.55461,20854.93236,98413.82794,185039.4611,86503.12943
400,0,5707.76275,64542,37770,45047,71955,135974,71515,174656,130362,72596,4135.95,3939,3229.98,10832.25,14259.18,23397.66,14771.25,7365.93,1811.94,13670.88294,10416.03641,11077.20459,10492.64157,42635.81243,15268.21586,23462.01365,29009.55461,20854.93236,98413.82794,185039.4611,86503.12943
401,0,5707.76275,65055,37571,46867,75173,143649,74798,187980,140594,78673,4135.95,3939,3229.98,10832.25,14259.18,23397.66,14771.25,7365.93,1811.94,13670.88294,10416.03641,11077.20459,10492.64157,42635.81243,15268.21586,23462.01365,29009.55461,20854.93236,98413.82794,185039.4611,86503.12943
402,0,5707.76275,69789,39254,49916,79046,147970,79369,182936,131278,73783,4135.95,3939,3229.98,10832.25,14259.18,23397.66,14771.25,7365.93,1811.94,13670.88294,10416.03641,11077.20459,10492.64157,42635.81243,15268.21586,23462.01365,29009.55461,20854.93236,98413.82794,185039.4611,86503.12943
403,0,5707.76275,75039,41195,53941,75434,137617,74365,161222,116107,64867,4135.95,3939,3229.98,10832.25,14259.18,23397.66,14771.25,7365.93,1811.94,13670.88294,10416.03641,11077.20459,10492.64157,42635.81243,15268.21586,23462.01365,29009.55461,20854.93236,98413.82794,185039.4611,86503.12943
404,0,5707.76275,79889,42592,52584,66946,125295,66086,146718,111490,61872,4135.95,3939,3229.98,10832.25,14259.18,23397.66,14771.25,7365.93,1811.94,13670.88294,10416.03641,11077.20459,10492.64157,42635.81243,15268.21586,23462.01365,29009.55461,20854.93236,98413.82794,185039.4611,86503.12943
405,0,5707.76275,72772,38774,47155,62501,118269,62983,134751,100142,53748,4135.95,3939,3229.98,10832.25,14259.18,23397.66,14771.25,7365.93,1811.94,13670.88294,10416.03641,11077.20459,10492.64157,42635.81243,15268.21586,23462.01365,29009.55461,20854.93236,98413.82794,185039.4611,86503.12943
406,0,5707.76275,62053,34874,43216,57769,108896,58362,124487,93659,49347,4135.95,3939,3229.98,10832.25,14259.18,23397.66,14771.25,7365.93,1811.94,13670.88294,10416.03641,11077.20459,10492.64157,42635.81243,15268.21586,23462.01365,29009.55461,20854.93236,98413.82794,185039.4611,86503.12943
407,0,5707.76275,58303,33008,39621,52960,101991,54927,115427,88378,45857,4135.95,3939,3229.98,10832.25,14259.18,23397.66,14771.25,7365.93,1811.94,13670.88294,10416.03641,11077.20459,10492.64157,42635.81243,15268.21586,23462.01365,29009.55461,20854.93236,98413.82794,185039.4611,86503.12943
408,0,5707.76275,51324,30100,36532,48326,95739,51951,107203,83681,45442,4135.95,3939,3229.98,10832.25,14259.18,23397.66,14771.25,7365.93,1811.94,13670.88294,10416.03641,11077.20459,10492.64157,42635.81243,15268.21586,23462.01365,29009.55461,20854.93236,98413.82794,185039.4611,86503.12943
409,0,5707.76275,46273,28372,33946,43829,90448,49607,104630,82944,44821,4135.95,3939,3229.98,10832.25,14259.18,23397.66,14771.25,7365.93,1811.94,13670.88294,10416.03641,11077.20459,10492.64157,42635.81243,15268.21586,23462.01365,29009.55461,20854.93236,98413.82794,185039.4611,86503.12943
410,0,5707.76275,42450,27081,32000,41929,88689,49346,104876,83214,44663,4135.95,3939,3229.98,10832.25,14259.18,23397.66,14771.25,7365.93,1811.94,13670.88294,10416.03641,11077.20459,10492.64157,42635.81243,15268.21586,23462.01365,29009.55461,20854.93236,98413.82794,185039.4611,86503.12943
411,0,5707.76275,39480,26231,30951,41416,88486,49845,106975,85126,45722,4135.95,3939,3229.98,10832.25,14259.18,23397.66,14771.25,7365.93,1811.94,13670.88294,10416.03641,11077.20459,10492.64157,42635.81243,15268.21586,23462.01365,29009.55461,20854.93236,98413.82794,185039.4611,86503.12943
412,0,5707.76275,39576,26389,30907,41461,89211,50594,110907,88038,47370,4135.95,3939,3229.98,10832.25,14259.18,23397.66,14771.25,7365.93,1811.94,13670.88294,10416.03641,11077.20459,10492.64157,42635.81243,15268.21586,23462.01365,29009.55461,20854.93236,98413.82794,185039.4611,86503.12943
413,0,5707.76275,40685,26885,31507,42398,92587,52029,120685,97106,52780,4135.95,3939,3229.98,10832.25,14259.18,23397.66,14771.25,7365.93,1811.94,13670.88294,10416.03641,11077.20459,10492.64157,42635.81243,15268.21586,23462.01365,29009.55461,20854.93236,98413.82794,185039.4611,86503.12943
414,0,5707.76275,42584,27624,32532,46535,104914,56565,148973,123502,68757,4135.95,3939,3229.98,10832.25,14259.18,23397.66,14771.25,7365.93,1811.94,13670.88294,10416.03641,11077.20459,10492.64157,42635.81243,15268.21586,23462.01365,29009.55461,20854.93236,98413.82794,185039.4611,86503.12943
415,0,5707.76275,45162,29067,35187,57690,124783,69811,168412,136190,79029,4135.95,3939,3229.98,10832.25,14259.18,23397.66,14771.25,7365.93,1811.94,13670.88294,10416.03641,11077.20459,10492.64157,42635.81243,15268.21586,23462.01365,29009.55461,20854.93236,98413.82794,185039.4611,86503.12943
416,0,5707.76275,51846,32863,43511,67562,135966,75904,170500,132944,77665,4135.95,3939,3229.98,10832.25,14259.18,23397.66,14771.25,7365.93,1811.94,13670.88294,10416.03641,11077.20459,10492.64157,42635.81243,15268.21586,23462.01365,29009.55461,20854.93236,98413.82794,185039.4611,86503.12943
417,0,5707.76275,68438,40714,49422,69990,134000,75249,159690,121981,71349,4135.95,3939,3229.98,10832.25,14259.18,23397.66,14771.25,7365.93,1811.94,13670.88294,10416.03641,11077.20459,10492.64157,42635.81243,15268.21586,23462.01365,29009.55461,20854.93236,98413.82794,185039.4611,86503.12943
418,0,5707.76275,73748,42313,50361,67932,128056,70562,156215,123088,72034,4135.95,3939,3229.98,10832.25,14259.18,23397.66,14771.25,7365.93,1811.94,13670.88294,10416.03641,11077.20459,10492.64157,42635.81243,15268.21586,23462.01365,29009.55461,20854.93236,98413.82794,185039.4611,86503.12943
419,0,5707.76275,69434,41324,47019,68936,128186,70902,156552,120854,70992,4135.95,3939,3229.98,10832.25,14259.18,23397.66,14771.25,7365.93,1811.94,13670.88294,10416.03641,11077.20459,10492.64157,42635.81243,15268.21586,23462.01365,29009.55461,20854.93236,98413.82794,185039.4611,86503.12943
420,0,5707.76275,62870,39230,46395,71244,127807,70424,156319,119084,70490,4135.95,3939,3229.98,10832.25,14259.18,23397.66,14771.25,7365.93,1811.94,13670.88294,10416.03641,11077.20459,10492.64157,42635.81243,15268.21586,23462.01365,29009.55461,20854.93236,98413.82794,185039.4611,86503.12943
421,0,5707.76275,63891,39709,45824,72047,126528,69854,154911,116868,69467,4135.95,3939,3229.98,10832.25,14259.18,23397.66,14771.25,7365.93,1811.94,13670.88294,10416.03641,11077.20459,10492.64157,42635.81243,15268.21586,23462.01365,29009.55461,20854.93236,98413.82794,185039.4611,86503.12943
422,0,5707.76275,64011,38434,45681,72512,124804,68949,154444,115297,68759,4135.95,3939,3229.98,10832.25,14259.18,23397.66,14771.25,7365.93,1811.94,13670.88294,10416.03641,11077.20459,10492.64157,42635.81243,15268.21586,23462.01365,29009.55461,20854.93236,98413.82794,185039.4611,86503.12943
423,0,5707.76275,64075,37855,45090,72979,125175,68243,161002,121357,72509,4135.95,3939,3229.98,10832.25,14259.18,23397.66,14771.25,7365.93,1811.94,13670.88294,10416.03641,11077.20459,10492.64157,42635.81243,15268.21586,23462.01365,29009.55461,20854.93236,98413.82794,185039.4611,86503.12943
424,0,5707.76275,63634,37059,44583,75918,130766,70920,172110,128479,77178,4135.95,3939,3229.98,10832.25,14259.18,23397.66,14771.25,7365.93,1811.94,13670.88294,10416.03641,11077.20459,10492.64157,42635.81243,15268.21586,23462.01365,29009.55461,20854.93236,98413.82794,185039.4611,86503.12943
425,0,5707.76275,64200,36934,46371,79479,137870,74160,184981,138432,83729,4135.95,3939,3229.98,10832.25,14259.18,23397.66,14771.25,7365.93,1811.94,13670.88294,10416.03641,11077.20459,10492.64157,42635.81243,15268.21586,23462.01365,29009.55461,20854.93236,98413.82794,185039.4611,86503.12943
426,0,5707.76275,68804,38660,49420,83189,141425,78399,180503,129162,78108,4135.95,3939,3229.98,10832.25,14259.18,23397.66,14771.25,7365.93,1811.94,13670.88294,10416.03641,11077.20459,10492.64157,42635.81243,15268.21586,23462.01365,29009.55461,20854.93236,98413.82794,185039.4611,86503.12943
427,0,5707.76275,74044,40633,53501,79425,131218,73617,158368,113799,69283,4135.95,3939,3229.98,10832.25,14259.18,23397.66,14771.25,7365.93,1811.94,13670.88294,10416.03641,11077.20459,10492.64157,42635.81243,15268.21586,23462.01365,29009.55461,20854.93236,98413.82794,185039.4611,86503.12943
428,0,5707.76275,78679,42043,52256,70284,118584,65206,142958,108354,66161,4135.95,3939,3229.98,10832.25,14259.18,23397.66,14771.25,7365.93,1811.94,13670.88294,10416.03641,11077.20459,10492.64157,42635.81243,15268.21586,23462.01365,29009.55461,20854.93236,98413.82794,185039.4611,86503.12943
429,0,5707.76275,71918,38248,46846,65415,111817,62018,130436,97315,57087,4135.95,3939,3229.98,10832.25,14259.18,23397.66,14771.25,7365.93,1811.94,13670.88294,10416.03641,11077.20459,10492.64157,42635.81243,15268.21586,23462.01365,29009.55461,20854.93236,98413.82794,185039.4611,86503.12943
430,0,5707.76275,61027,34298,42951,60285,103528,57470,118567,90837,52771,4135.95,3939,3229.98,10832.25,14259.18,23397.66,14771.25,7365.93,1811.94,13670.88294,10416.03641,11077.20459,10492.64157,42635.81243,15268.21586,23462.01365,29009.55461,20854.93236,98413.82794,185039.4611,86503.12943
431,0,5707.76275,57066,32404,39411,54935,96693,53611,107953,85252,49446,4135.95,3939,3229.98,10832.25,14259.18,23397.66,14771.25,7365.93,1811.94,13670.88294,10416.03641,11077.20459,10492.64157,42635.81243,15268.21586,23462.01365,29009.55461,20854.93236,98413.82794,185039.4611,86503.12943
432,0,5707.76275,50514,29646,36452,49454,90782,50294,100141,82224,47026,4135.95,3939,3229.98,10832.25,14259.18,23397.66,14771.25,7365.93,1811.94,13670.88294,10416.03641,11077.20459,10492.64157,42635.81243,15268.21586,23462.01365,29009.55461,20854.93236,98413.82794,185039.4611,86503.12943
433,0,5707.76275,45347,27902,33878,44739,86337,47963,95939,81193,46145,4135.95,3939,3229.98,10832.25,14259.18,23397.66,14771.25,7365.93,1811.94,13670.88294,10416.03641,11077.20459,10492.64157,42635.81243,15268.21586,23462.01365,29009.55461,20854.93236,98413.82794,185039.4611,86503.12943
434,0,5707.76275,41275,26379,31347,43261,84700,47389,95010,81284,45824,4135.95,3939,3229.98,10832.25,14259.18,23397.66,14771.25,7365.93,1811.94,13670.88294,10416.03641,11077.20459,10492.64157,42635.81243,15268.21586,23462.01365,29009.55461,20854.93236,98413.82794,185039.4611,86503.12943
435,0,5707.76275,37606,25405,30179,43130,84540,47643,96219,82781,46572,4135.95,3939,3229.98,10832.25,14259.18,23397.66,14771.25,7365.93,1811.94,13670.88294,10416.03641,11077.20459,10492.64157,42635.81243,15268.21586,23462.01365,29009.55461,20854.93236,98413.82794,185039.4611,86503.12943
436,0,5707.76275,37060,25503,30104,43489,85424,48235,99360,85638,48061,4135.95,3939,3229.98,10832.25,14259.18,23397.66,14771.25,7365.93,1811.94,13670.88294,10416.03641,11077.20459,10492.64157,42635.81243,15268.21586,23462.01365,29009.55461,20854.93236,98413.82794,185039.4611,86503.12943
437,0,5707.76275,37710,25939,30643,44757,88840,49489,108451,94496,53492,4135.95,3939,3229.98,10832.25,14259.18,23397.66,14771.25,7365.93,1811.94,13670.88294,10416.03641,11077.20459,10492.64157,42635.81243,15268.21586,23462.01365,29009.55461,20854.93236,98413.82794,185039.4611,86503.12943
438,0,5707.76275,39475,26615,31689,49224,100541,54031,134327,120432,69539,4135.95,3939,3229.98,10832.25,14259.18,23397.66,14771.25,7365.93,1811.94,13670.88294,10416.03641,11077.20459,10492.64157,42635.81243,15268.21586,23462.01365,29009.55461,20854.93236,98413.82794,185039.4611,86503.12943
439,0,5707.76275,42084,28046,34334,61227,119613,66389,155092,133402,78619,4135.95,3939,3229.98,10832.25,14259.18,23397.66,14771.25,7365.93,1811.94,13670.88294,10416.03641,11077.20459,10492.64157,42635.81243,15268.21586,23462.01365,29009.55461,20854.93236,98413.82794,185039.4611,86503.12943
440,0,5707.76275,48630,31709,42424,70365,131561,73752,160740,130632,76167,4135.95,3939,3229.98,10832.25,14259.18,23397.66,14771.25,7365.93,1811.94,13670.88294,10416.03641,11077.20459,10492.64157,42635.81243,15268.21586,23462.01365,29009.55461,20854.93236,98413.82794,185039.4611,86503.12943
441,0,5707.76275,64741,38878,47557,72844,130278,74056,153089,119473,69211,4135.95,3939,3229.98,10832.25,14259.18,23397.66,14771.25,7365.93,1811.94,13670.88294,10416.03641,11077.20459,10492.64157,42635.81243,15268.21586,23462.01365,29009.55461,20854.93236,98413.82794,185039.4611,86503.12943
442,0,5707.76275,70855,40559,48288,70448,125296,70079,152132,120261,69601,4135.95,3939,3229.98,10832.25,14259.18,23397.66,14771.25,7365.93,1811.94,13670.88294,10416.03641,11077.20459,10492.64157,42635.81243,15268.21586,23462.01365,29009.55461,20854.93236,98413.82794,185039.4611,86503.12943
443,0,5707.76275,66457,39513,45075,71006,126036,70686,154595,118376,67958,4135.95,3939,3229.98,10832.25,14259.18,23397.66,14771.25,7365.93,1811.94,13670.88294,10416.03641,11077.20459,10492.64157,42635.81243,15268.21586,23462.01365,29009.55461,20854.93236,98413.82794,185039.4611,86503.12943
444,0,5707.76275,60828,37405,44165,72142,126259,70616,156129,116627,66911,4135.95,3939,3229.98,10832.25,14259.18,23397.66,14771.25,7365.93,1811.94,13670.88294,10416.03641,11077.20459,10492.64157,42635.81243,15268.21586,23462.01365,29009.55461,20854.93236,98413.82794,185039.4611,86503.12943
445,0,5707.76275,61979,37987,43742,72733,125548,70179,156071,114451,65494,4135.95,3939,3229.98,10832.25,14259.18,23397.66,14771.25,7365.93,1811.94,13670.88294,10416.03641,11077.20459,10492.64157,42635.81243,15268.21586,23462.01365,29009.55461,20854.93236,98413.82794,185039.4611,86503.12943
446,0,5707.76275,63223,37043,43763,73101,124461,69625,156415,112781,64417,4135.95,3939,3229.98,10832.25,14259.18,23397.66,14771.25,7365.93,1811.94,13670.88294,10416.03641,11077.20459,10492.64157,42635.81243,15268.21586,23462.01365,29009.55461,20854.93236,98413.82794,185039.4611,86503.12943
447,0,5707.76275,63556,36565,43409,73364,125129,69075,163781,118762,67962,4135.95,3939,3229.98,10832.25,14259.18,23397.66,14771.25,7365.93,1811.94,13670.88294,10416.03641,11077.20459,10492.64157,42635.81243,15268.21586,23462.01365,29009.55461,20854.93236,98413.82794,185039.4611,86503.12943
448,0,5707.76275,63465,35940,43131,76078,130830,71709,175379,125926,72618,4135.95,3939,3229.98,10832.25,14259.18,23397.66,14771.25,7365.93,1811.94,13670.88294,10416.03641,11077.20459,10492.64157,42635.81243,15268.21586,23462.01365,29009.55461,20854.93236,98413.82794,185039.4611,86503.12943
449,0,5707.76275,64215,35911,44929,79400,137812,74962,188046,135354,79325,4135.95,3939,3229.98,10832.25,14259.18,23397.66,14771.25,7365.93,1811.94,13670.88294,10416.03641,11077.20459,10492.64157,42635.81243,15268.21586,23462.01365,29009.55461,20854.93236,98413.82794,185039.4611,86503.12943
450,0,5707.76275,68817,37578,47951,83143,141358,79276,182778,125997,74112,4135.95,3939,3229.98,10832.25,14259.18,23397.66,14771.25,7365.93,1811.94,13670.88294,10416.03641,11077.20459,10492.64157,42635.81243,15268.21586,23462.01365,29009.55461,20854.93236,98413.82794,185039.4611,86503.12943
451,0,5707.76275,73990,39433,51645,79078,131178,74395,159835,110060,65593,4135.95,3939,3229.98,10832.25,14259.18,23397.66,14771.25,7365.93,1811.94,13670.88294,10416.03641,11077.20459,10492.64157,42635.81243,15268.21586,23462.01365,29009.55461,20854.93236,98413.82794,185039.4611,86503.12943
452,0,5707.76275,78204,40684,50651,70074,118556,65924,143881,104591,62484,4135.95,3939,3229.98,10832.25,14259.18,23397.66,14771.25,7365.93,1811.94,13670.88294,10416.03641,11077.20459,10492.64157,42635.81243,15268.21586,23462.01365,29009.55461,20854.93236,98413.82794,185039.4611,86503.12943
453,0,5707.76275,71569,37181,45184,65361,112073,62775,131240,93538,53805,4135.95,3939,3229.98,10832.25,14259.18,23397.66,14771.25,7365.93,1811.94,13670.88294,10416.03641,11077.20459,10492.64157,42635.81243,15268.21586,23462.01365,29009.55461,20854.93236,98413.82794,185039.4611,86503.12943
454,0,5707.76275,60409,33204,41181,60149,103643,58229,118743,86982,49712,4135.95,3939,3229.98,10832.25,14259.18,23397.66,14771.25,7365.93,1811.94,13670.88294,10416.03641,11077.20459,10492.64157,42635.81243,15268.21586,23462.01365,29009.55461,20854.93236,98413.82794,185039.4611,86503.12943
455,0,5707.76275,56091,31315,37754,54987,96915,54558,107263,81116,46363,4135.95,3939,3229.98,10832.25,14259.18,23397.66,14771.25,7365.93,1811.94,13670.88294,10416.03641,11077.20459,10492.64157,42635.81243,15268.21586,23462.01365,29009.55461,20854.93236,98413.82794,185039.4611,86503.12943
456,0,5707.76275,50124,28645,34780,50191,91434,51118,96934,73906,43314,4135.95,3939,3229.98,10832.25,14259.18,23397.66,14771.25,7365.93,1811.94,13670.88294,10416.03641,11077.20459,10492.64157,42635.81243,15268.21586,23462.01365,29009.55461,20854.93236,98413.82794,185039.4611,86503.12943
457,0,5707.76275,44744,26795,32158,45960,87282,48848,93231,72668,42391,4135.95,3939,3229.98,10832.25,14259.18,23397.66,14771.25,7365.93,1811.94,13670.88294,10416.03641,11077.20459,10492.64157,42635.81243,15268.21586,23462.01365,29009.55461,20854.93236,98413.82794,185039.4611,86503.12943
458,0,5707.76275,40082,25294,29438,45673,85791,48448,92043,72439,41997,4135.95,3939,3229.98,10832.25,14259.18,23397.66,14771.25,7365.93,1811.94,13670.88294,10416.03641,11077.20459,10492.64157,42635.81243,15268.21586,23462.01365,29009.55461,20854.93236,98413.82794,185039.4611,86503.12943
459,0,5707.76275,36072,24394,28311,46519,85857,48949,93594,73896,42703,4135.95,3939,3229.98,10832.25,14259.18,23397.66,14771.25,7365.93,1811.94,13670.88294,10416.03641,11077.20459,10492.64157,42635.81243,15268.21586,23462.01365,29009.55461,20854.93236,98413.82794,185039.4611,86503.12943
460,0,5707.76275,34812,24503,28181,47707,86909,49716,97009,76504,44128,4135.95,3939,3229.98,10832.25,14259.18,23397.66,14771.25,7365.93,1811.94,13670.88294,10416.03641,11077.20459,10492.64157,42635.81243,15268.21586,23462.01365,29009.55461,20854.93236,98413.82794,185039.4611,86503.12943
461,0,5707.76275,34969,24980,28675,49670,90290,51171,106324,84787,49207,4135.95,3939,3229.98,10832.25,14259.18,23397.66,14771.25,7365.93,1811.94,13670.88294,10416.03641,11077.20459,10492.64157,42635.81243,15268.21586,23462.01365,29009.55461,20854.93236,98413.82794,185039.4611,86503.12943
462,0,5707.76275,36304,25708,29673,54631,101893,55834,131214,108283,64287,4135.95,3939,3229.98,10832.25,14259.18,23397.66,14771.25,7365.93,1811.94,13670.88294,10416.03641,11077.20459,10492.64157,42635.81243,15268.21586,23462.01365,29009.55461,20854.93236,98413.82794,185039.4611,86503.12943
463,0,5707.76275,38700,27177,32312,67767,121281,68687,154621,122484,72598,4135.95,3939,3229.98,10832.25,14259.18,23397.66,14771.25,7365.93,1811.94,13670.88294,10416.03641,11077.20459,10492.64157,42635.81243,15268.21586,23462.01365,29009.55461,20854.93236,98413.82794,185039.4611,86503.12943
464,0,5707.76275,44699,30729,39607,75640,133098,75363,161344,120655,70326,4135.95,3939,3229.98,10832.25,14259.18,23397.66,14771.25,7365.93,1811.94,13670.88294,10416.03641,11077.20459,10492.64157,42635.81243,15268.21586,23462.01365,29009.55461,20854.93236,98413.82794,185039.4611,86503.12943
465,0,5707.76275,59871,37912,44767,75923,131816,75052,155003,110295,63583,4135.95,3939,3229.98,10832.25,14259.18,23397.66,14771.25,7365.93,1811.94,13670.88294,10416.03641,11077.20459,10492.64157,42635.81243,15268.21586,23462.01365,29009.55461,20854.93236,98413.82794,185039.4611,86503.12943
466,0,5707.76275,67338,39735,45712,71424,126926,70271,154352,111225,64072,4135.95,3939,3229.98,10832.25,14259.18,23397.66,14771.25,7365.93,1811.94,13670.88294,10416.03641,11077.20459,10492.64157,42635.81243,15268.21586,23462.01365,29009.55461,20854.93236,98413.82794,185039.4611,86503.12943
467,0,5707.76275,64845,38872,42907,71394,127891,70467,157277,111248,63128,4135.95,3939,3229.98,10832.25,14259.18,23397.66,14771.25,7365.93,1811.94,13670.88294,10416.03641,11077.20459,10492.64157,42635.81243,15268.21586,23462.01365,29009.55461,20854.93236,98413.82794,185039.4611,86503.12943
468,0,5707.76275,60250,36900,42163,71166,128036,69693,157810,110008,62015,4135.95,3939,3229.98,10832.25,14259.18,23397.66,14771.25,7365.93,1811.94,13670.88294,10416.03641,11077.20459,10492.64157,42635.81243,15268.21586,23462.01365,29009.55461,20854.93236,98413.82794,185039.4611,86503.12943
469,0,5707.76275,62026,37627,42426,70687,127357,68911,157101,108311,60780,4135.95,3939,3229.98,10832.25,14259.18,23397.66,14771.25,7365.93,1811.94,13670.88294,10416.03641,11077.20459,10492.64157,42635.81243,15268.21586,23462.01365,29009.55461,20854.93236,98413.82794,185039.4611,86503.12943
470,0,5707.76275,63954,36806,42754,70018,126164,67801,156470,107554,60095,4135.95,3939,3229.98,10832.25,14259.18,23397.66,14771.25,7365.93,1811.94,13670.88294,10416.03641,11077.20459,10492.64157,42635.81243,15268.21586,23462.01365,29009.55461,20854.93236,98413.82794,185039.4611,86503.12943
471,0,5707.76275,64457,36348,42564,69368,126783,66950,162885,113812,63809,4135.95,3939,3229.98,10832.25,14259.18,23397.66,14771.25,7365.93,1811.94,13670.88294,10416.03641,11077.20459,10492.64157,42635.81243,15268.21586,23462.01365,29009.55461,20854.93236,98413.82794,185039.4611,86503.12943
472,0,5707.76275,64480,35839,42501,71744,132365,69423,173740,120848,68294,4135.95,3939,3229.98,10832.25,14259.18,23397.66,14771.25,7365.93,1811.94,13670.88294,10416.03641,11077.20459,10492.64157,42635.81243,15268.21586,23462.01365,29009.55461,20854.93236,98413.82794,185039.4611,86503.12943
473,0,5707.76275,65146,35969,44332,74875,139146,72536,186394,129220,74092,4135.95,3939,3229.98,10832.25,14259.18,23397.66,14771.25,7365.93,1811.94,13670.88294,10416.03641,11077.20459,10492.64157,42635.81243,15268.21586,23462.01365,29009.55461,20854.93236,98413.82794,185039.4611,86503.12943
474,0,5707.76275,69608,37734,47333,78582,142695,76634,181993,120758,68916,4135.95,3939,3229.98,10832.25,14259.18,23397.66,14771.25,7365.93,1811.94,13670.88294,10416.03641,11077.20459,10492.64157,42635.81243,15268.21586,23462.01365,29009.55461,20854.93236,98413.82794,185039.4611,86503.12943
475,0,5707.76275,74634,39525,50654,74741,132528,71900,159606,104727,59818,4135.95,3939,3229.98,10832.25,14259.18,23397.66,14771.25,7365.93,1811.94,13670.88294,10416.03641,11077.20459,10492.64157,42635.81243,15268.21586,23462.01365,29009.55461,20854.93236,98413.82794,185039.4611,86503.12943
476,0,5707.76275,78769,40777,49968,66358,120124,63789,144551,99036,56399,4135.95,3939,3229.98,10832.25,14259.18,23397.66,14771.25,7365.93,1811.94,13670.88294,10416.03641,11077.20459,10492.64157,42635.81243,15268.21586,23462.01365,29009.55461,20854.93236,98413.82794,185039.4611,86503.12943
477,0,5707.76275,71892,37148,44376,62239,113673,60824,132731,89356,49024,4135.95,3939,3229.98,10832.25,14259.18,23397.66,14771.25,7365.93,1811.94,13670.88294,10416.03641,11077.20459,10492.64157,42635.81243,15268.21586,23462.01365,29009.55461,20854.93236,98413.82794,185039.4611,86503.12943
478,0,5707.76275,60668,33189,40184,57688,105224,56423,121118,82219,44900,4135.95,3939,3229.98,10832.25,14259.18,23397.66,14771.25,7365.93,1811.94,13670.88294,10416.03641,11077.20459,10492.64157,42635.81243,15268.21586,23462.01365,29009.55461,20854.93236,98413.82794,185039.4611,86503.12943
479,0,5707.76275,56317,31307,36748,53220,98449,52834,111148,75972,41531,4135.95,3939,3229.98,10832.25,14259.18,23397.66,14771.25,7365.93,1811.94,13670.88294,10416.03641,11077.20459,10492.64157,42635.81243,15268.21586,23462.01365,29009.55461,20854.93236,98413.82794,185039.4611,86503.12943
480,0,5707.76275,50270,28598,33368,49051,92443,49698,104792,73930,37810,4135.95,3939,3229.98,10832.25,14259.18,23397.66,14771.25,7365.93,1811.94,13670.88294,10416.03641,11077.20459,10492.64157,42635.81243,15268.21586,23462.01365,29009.55461,20854.93236,98413.82794,185039.4611,86503.12943
481,0,5707.76275,44974,26740,30236,44709,87147,46503,102384,73012,36768,4135.95,3939,3229.98,10832.25,14259.18,23397.66,14771.25,7365.93,1811.94,13670.88294,10416.03641,11077.20459,10492.64157,42635.81243,15268.21586,23462.01365,29009.55461,20854.93236,98413.82794,185039.4611,86503.12943
482,0,5707.76275,40292,25290,27771,44349,85661,46143,103240,73192,36325,4135.95,3939,3229.98,10832.25,14259.18,23397.66,14771.25,7365.93,1811.94,13670.88294,10416.03641,11077.20459,10492.64157,42635.81243,15268.21586,23462.01365,29009.55461,20854.93236,98413.82794,185039.4611,86503.12943
483,0,5707.76275,36639,24313,26498,45341,85654,46606,106215,75156,37117,4135.95,3939,3229.98,10832.25,14259.18,23397.66,14771.25,7365.93,1811.94,13670.88294,10416.03641,11077.20459,10492.64157,42635.81243,15268.21586,23462.01365,29009.55461,20854.93236,98413.82794,185039.4611,86503.12943
484,0,5707.76275,35420,24407,26328,46709,86590,47429,110814,78434,38508,4135.95,3939,3229.98,10832.25,14259.18,23397.66,14771.25,7365.93,1811.94,13670.88294,10416.03641,11077.20459,10492.64157,42635.81243,15268.21586,23462.01365,29009.55461,20854.93236,98413.82794,185039.4611,86503.12943
485,0,5707.76275,35411,24931,26743,48938,89927,48860,121239,87263,43166,4135.95,3939,3229.98,10832.25,14259.18,23397.66,14771.25,7365.93,1811.94,13670.88294,10416.03641,11077.20459,10492.64157,42635.81243,15268.21586,23462.01365,29009.55461,20854.93236,98413.82794,185039.4611,86503.12943
486,0,5707.76275,36581,25663,27747,53755,101363,53348,150215,111173,56276,4135.95,3939,3229.98,10832.25,14259.18,23397.66,14771.25,7365.93,1811.94,13670.88294,10416.03641,11077.20459,10492.64157,42635.81243,15268.21586,23462.01365,29009.55461,20854.93236,98413.82794,185039.4611,86503.12943
487,0,5707.76275,38826,27104,30375,66685,120118,65646,172007,125534,65093,4135.95,3939,3229.98,10832.25,14259.18,23397.66,14771.25,7365.93,1811.94,13670.88294,10416.03641,11077.20459,10492.64157,42635.81243,15268.21586,23462.01365,29009.55461,20854.93236,98413.82794,185039.4611,86503.12943
488,0,5707.76275,44869,30680,37281,73230,131676,71713,174388,124049,63965,4135.95,3939,3229.98,10832.25,14259.18,23397.66,14771.25,7365.93,1811.94,13670.88294,10416.03641,11077.20459,10492.64157,42635.81243,15268.21586,23462.01365,29009.55461,20854.93236,98413.82794,185039.4611,86503.12943
489,0,5707.76275,60177,38206,43003,73102,130174,71358,164113,114361,58299,4135.95,3939,3229.98,10832.25,14259.18,23397.66,14771.25,7365.93,1811.94,13670.88294,10416.03641,11077.20459,10492.64157,42635.81243,15268.21586,23462.01365,29009.55461,20854.93236,98413.82794,185039.4611,86503.12943
490,0,5707.76275,68474,40343,44644,68954,125036,66766,161171,115788,59151,4135.95,3939,3229.98,10832.25,14259.18,23397.66,14771.25,7365.93,1811.94,13670.88294,10416.03641,11077.20459,10492.64157,42635.81243,15268.21586,23462.01365,29009.55461,20854.93236,98413.82794,185039.4611,86503.12943
491,0,5707.76275,66187,39784,42316,68577,125754,66987,160164,115332,59365,4135.95,3939,3229.98,10832.25,14259.18,23397.66,14771.25,7365.93,1811.94,13670.88294,10416.03641,11077.20459,10492.64157,42635.81243,15268.21586,23462.01365,29009.55461,20854.93236,98413.82794,185039.4611,86503.12943
492,0,5707.76275,61269,37905,41836,69273,125947,66843,158743,114062,58695,4135.95,3939,3229.98,10832.25,14259.18,23397.66,14771.25,7365.93,1811.94,13670.88294,10416.03641,11077.20459,10492.64157,42635.81243,15268.21586,23462.01365,29009.55461,20854.93236,98413.82794,185039.4611,86503.12943
493,0,5707.76275,62657,38905,42483,69244,125163,66359,155943,112291,57875,4135.95,3939,3229.98,10832.25,14259.18,23397.66,14771.25,7365.93,1811.94,13670.88294,10416.03641,11077.20459,10492.64157,42635.81243,15268.21586,23462.01365,29009.55461,20854.93236,98413.82794,185039.4611,86503.12943
494,0,5707.76275,63666,38058,42926,69108,123986,65669,153730,111330,57635,4135.95,3939,3229.98,10832.25,14259.18,23397.66,14771.25,7365.93,1811.94,13670.88294,10416.03641,11077.20459,10492.64157,42635.81243,15268.21586,23462.01365,29009.55461,20854.93236,98413.82794,185039.4611,86503.12943
495,0,5707.76275,63981,37673,42771,68856,124566,65106,159377,117247,61399,4135.95,3939,3229.98,10832.25,14259.18,23397.66,14771.25,7365.93,1811.94,13670.88294,10416.03641,11077.20459,10492.64157,42635.81243,15268.21586,23462.01365,29009.55461,20854.93236,98413.82794,185039.4611,86503.12943
496,0,5707.76275,63716,37095,42733,71301,130323,67804,169474,123892,65721,4135.95,3939,3229.98,10832.25,14259.18,23397.66,14771.25,7365.93,1811.94,13670.88294,10416.03641,11077.20459,10492.64157,42635.81243,15268.21586,23462.01365,29009.55461,20854.93236,98413.82794,185039.4611,86503.12943
497,0,5707.76275,64313,37129,44533,74435,137245,70916,182224,132585,71074,4135.95,3939,3229.98,10832.25,14259.18,23397.66,14771.25,7365.93,1811.94,13670.88294,10416.03641,11077.20459,10492.64157,42635.81243,15268.21586,23462.01365,29009.55461,20854.93236,98413.82794,185039.4611,86503.12943
498,0,5707.76275,68841,38883,47490,77939,140659,74621,177506,123800,66672,4135.95,3939,3229.98,10832.25,14259.18,23397.66,14771.25,7365.93,1811.94,13670.88294,10416.03641,11077.20459,10492.64157,42635.81243,15268.21586,23462.01365,29009.55461,20854.93236,98413.82794,185039.4611,86503.12943
499,0,5707.76275,73950,40628,50769,74405,130565,70172,156403,108037,57276,4135.95,3939,3229.98,10832.25,14259.18,23397.66,14771.25,7365.93,1811.94,13670.88294,10416.03641,11077.20459,10492.64157,42635.81243,15268.21586,23462.01365,29009.55461,20854.93236,98413.82794,185039.4611,86503.12943
500,0,5707.76275,78473,41917,49951,65812,118257,61837,142138,102449,53736,4135.95,3939,3229.98,10832.25,14259.18,23397.66,14771.25,7365.93,1811.94,13670.88294,10416.03641,11077.20459,10492.64157,42635.81243,15268.21586,23462.01365,29009.55461,20854.93236,98413.82794,185039.4611,86503.12943
501,0,5707.76275,71684,37953,44297,61231,111770,58540,130564,92147,47218,4135.95,3939,3229.98,10832.25,14259.18,23397.66,14771.25,7365.93,1811.94,13670.88294,10416.03641,11077.20459,10492.64157,42635.81243,15268.21586,23462.01365,29009.55461,20854.93236,98413.82794,185039.4611,86503.12943
502,0,5707.76275,60764,33885,40073,56620,103687,54344,120915,85421,42930,4135.95,3939,3229.98,10832.25,14259.18,23397.66,14771.25,7365.93,1811.94,13670.88294,10416.03641,11077.20459,10492.64157,42635.81243,15268.21586,23462.01365,29009.55461,20854.93236,98413.82794,185039.4611,86503.12943
503,0,5707.76275,56697,31909,36724,51967,97243,50478,112905,79722,39320,4135.95,3939,3229.98,10832.25,14259.18,23397.66,14771.25,7365.93,1811.94,13670.88294,10416.03641,11077.20459,10492.64157,42635.81243,15268.21586,23462.01365,29009.55461,20854.93236,98413.82794,185039.4611,86503.12943
504,0,5707.76275,50324,29211,33465,47241,89452,46912,100842,68666,36258,4135.95,3939,3229.98,10832.25,14259.18,23397.66,14771.25,7365.93,1811.94,13670.88294,10416.03641,11077.20459,10492.64157,42635.81243,15268.21586,23462.01365,29009.55461,20854.93236,98413.82794,185039.4611,86503.12943
505,0,5707.76275,46892,26345,31468,40137,76005,38098,87829,69938,36553,4135.95,3939,3229.98,10832.25,14259.18,23397.66,14771.25,7365.93,1811.94,13670.88294,10416.03641,11077.20459,10492.64157,42635.81243,15268.21586,23462.01365,29009.55461,20854.93236,98413.82794,185039.4611,86503.12943
506,0,5707.76275,41647,23982,26700,36316,72497,35934,84281,68504,35638,4135.95,3939,3229.98,10832.25,14259.18,23397.66,14771.25,7365.93,1811.94,13670.88294,10416.03641,11077.20459,10492.64157,42635.81243,15268.21586,23462.01365,29009.55461,20854.93236,98413.82794,185039.4611,86503.12943
507,0,5707.76275,35021,20625,23281,33651,70528,34399,83880,69195,35945,4135.95,3939,3229.98,10832.25,14259.18,23397.66,14771.25,7365.93,1811.94,13670.88294,10416.03641,11077.20459,10492.64157,42635.81243,15268.21586,23462.01365,29009.55461,20854.93236,98413.82794,185039.4611,86503.12943
508,0,5707.76275,31598,20017,21701,32620,70192,34357,84088,69587,35959,4135.95,3939,3229.98,10832.25,14259.18,23397.66,14771.25,7365.93,1811.94,13670.88294,10416.03641,11077.20459,10492.64157,42635.81243,15268.21586,23462.01365,29009.55461,20854.93236,98413.82794,185039.4611,86503.12943
509,0,5707.76275,30076,19847,21198,31822,70500,34140,87155,73275,37943,4135.95,3939,3229.98,10832.25,14259.18,23397.66,14771.25,7365.93,1811.94,13670.88294,10416.03641,11077.20459,10492.64157,42635.81243,15268.21586,23462.01365,29009.55461,20854.93236,98413.82794,185039.4611,86503.12943
510,0,5707.76275,29762,20220,20936,32999,74160,35727,95647,81170,42360,4135.95,3939,3229.98,10832.25,14259.18,23397.66,14771.25,7365.93,1811.94,13670.88294,10416.03641,11077.20459,10492.64157,42635.81243,15268.21586,23462.01365,29009.55461,20854.93236,98413.82794,185039.4611,86503.12943
511,0,5707.76275,29740,20795,21470,35789,79554,38910,104360,87712,46759,4135.95,3939,3229.98,10832.25,14259.18,23397.66,14771.25,7365.93,1811.94,13670.88294,10416.03641,11077.20459,10492.64157,42635.81243,15268.21586,23462.01365,29009.55461,20854.93236,98413.82794,185039.4611,86503.12943
512,0,5707.76275,31727,22318,23426,42289,85882,42244,112634,92105,49637,4135.95,3939,3229.98,10832.25,14259.18,23397.66,14771.25,7365.93,1811.94,13670.88294,10416.03641,11077.20459,10492.64157,42635.81243,15268.21586,23462.01365,29009.55461,20854.93236,98413.82794,185039.4611,86503.12943
513,0,5707.76275,36725,25494,26656,47309,89975,45187,118757,93339,50765,4135.95,3939,3229.98,10832.25,14259.18,23397.66,14771.25,7365.93,1811.94,13670.88294,10416.03641,11077.20459,10492.64157,42635.81243,15268.21586,23462.01365,29009.55461,20854.93236,98413.82794,185039.4611,86503.12943
514,0,5707.76275,41879,26116,30159,51364,92935,47364,124403,96068,52374,4135.95,3939,3229.98,10832.25,14259.18,23397.66,14771.25,7365.93,1811.94,13670.88294,10416.03641,11077.20459,10492.64157,42635.81243,15268.21586,23462.01365,29009.55461,20854.93236,98413.82794,185039.4611,86503.12943
515,0,5707.76275,46103,27720,32892,54861,94652,49177,126452,93529,51298,4135.95,3939,3229.98,10832.25,14259.18,23397.66,14771.25,7365.93,1811.94,13670.88294,10416.03641,11077.20459,10492.64157,42635.81243,15268.21586,23462.01365,29009.55461,20854.93236,98413.82794,185039.4611,86503.12943
516,0,5707.76275,49476,28621,35096,58175,94641,50120,130448,94714,52071,4135.95,3939,3229.98,10832.25,14259.18,23397.66,14771.25,7365.93,1811.94,13670.88294,10416.03641,11077.20459,10492.64157,42635.81243,15268.21586,23462.01365,29009.55461,20854.93236,98413.82794,185039.4611,86503.12943
517,0,5707.76275,52084,29723,36538,61324,95584,51614,131612,92309,50740,4135.95,3939,3229.98,10832.25,14259.18,23397.66,14771.25,7365.93,1811.94,13670.88294,10416.03641,11077.20459,10492.64157,42635.81243,15268.21586,23462.01365,29009.55461,20854.93236,98413.82794,185039.4611,86503.12943
518,0,5707.76275,53972,28961,38365,62999,93900,51607,130011,89554,49366,4135.95,3939,3229.98,10832.25,14259.18,23397.66,14771.25,7365.93,1811.94,13670.88294,10416.03641,11077.20459,10492.64157,42635.81243,15268.21586,23462.01365,29009.55461,20854.93236,98413.82794,185039.4611,86503.12943
519,0,5707.76275,56189,29404,39344,63699,92502,51038,130530,90053,49819,4135.95,3939,3229.98,10832.25,14259.18,23397.66,14771.25,7365.93,1811.94,13670.88294,10416.03641,11077.20459,10492.64157,42635.81243,15268.21586,23462.01365,29009.55461,20854.93236,98413.82794,185039.4611,86503.12943
520,0,5707.76275,55765,28741,39561,64745,93569,51607,133663,91373,50775,4135.95,3939,3229.98,10832.25,14259.18,23397.66,14771.25,7365.93,1811.94,13670.88294,10416.03641,11077.20459,10492.64157,42635.81243,15268.21586,23462.01365,29009.55461,20854.93236,98413.82794,185039.4611,86503.12943
521,0,5707.76275,54979,28148,40128,66377,94964,52934,134005,91460,50974,4135.95,3939,3229.98,10832.25,14259.18,23397.66,14771.25,7365.93,1811.94,13670.88294,10416.03641,11077.20459,10492.64157,42635.81243,15268.21586,23462.01365,29009.55461,20854.93236,98413.82794,185039.4611,86503.12943
522,0,5707.76275,55630,28486,41218,66261,95844,52920,140070,96232,53967,4135.95,3939,3229.98,10832.25,14259.18,23397.66,14771.25,7365.93,1811.94,13670.88294,10416.03641,11077.20459,10492.64157,42635.81243,15268.21586,23462.01365,29009.55461,20854.93236,98413.82794,185039.4611,86503.12943
523,0,5707.76275,56676,28690,41383,68537,99764,56084,140235,94548,52909,4135.95,3939,3229.98,10832.25,14259.18,23397.66,14771.25,7365.93,1811.94,13670.88294,10416.03641,11077.20459,10492.64157,42635.81243,15268.21586,23462.01365,29009.55461,20854.93236,98413.82794,185039.4611,86503.12943
524,0,5707.76275,56414,29278,42587,66879,97590,55072,132054,88939,49737,4135.95,3939,3229.98,10832.25,14259.18,23397.66,14771.25,7365.93,1811.94,13670.88294,10416.03641,11077.20459,10492.64157,42635.81243,15268.21586,23462.01365,29009.55461,20854.93236,98413.82794,185039.4611,86503.12943
525,0,5707.76275,60016,29638,42418,62469,93376,51881,124681,87344,48729,4135.95,3939,3229.98,10832.25,14259.18,23397.66,14771.25,7365.93,1811.94,13670.88294,10416.03641,11077.20459,10492.64157,42635.81243,15268.21586,23462.01365,29009.55461,20854.93236,98413.82794,185039.4611,86503.12943
526,0,5707.76275,58572,28798,39860,59053,89810,49970,113356,79824,43803,4135.95,3939,3229.98,10832.25,14259.18,23397.66,14771.25,7365.93,1811.94,13670.88294,10416.03641,11077.20459,10492.64157,42635.81243,15268.21586,23462.01365,29009.55461,20854.93236,98413.82794,185039.4611,86503.12943
527,0,5707.76275,55124,27474,37535,53047,83162,45481,101122,74292,40035,4135.95,3939,3229.98,10832.25,14259.18,23397.66,14771.25,7365.93,1811.94,13670.88294,10416.03641,11077.20459,10492.64157,42635.81243,15268.21586,23462.01365,29009.55461,20854.93236,98413.82794,185039.4611,86503.12943
528,0,5707.76275,52231,26676,34000,47575,77571,41875,89610,68344,36373,4135.95,3939,3229.98,10832.25,14259.18,23397.66,14771.25,7365.93,1811.94,13670.88294,10416.03641,11077.20459,10492.64157,42635.81243,15268.21586,23462.01365,29009.55461,20854.93236,98413.82794,185039.4611,86503.12943
529,0,5707.76275,46332,24783,30057,41810,71014,37397,81600,65795,34397,4135.95,3939,3229.98,10832.25,14259.18,23397.66,14771.25,7365.93,1811.94,13670.88294,10416.03641,11077.20459,10492.64157,42635.81243,15268.21586,23462.01365,29009.55461,20854.93236,98413.82794,185039.4611,86503.12943
530,0,5707.76275,40895,23531,26549,37875,67258,34428,77591,64724,33505,4135.95,3939,3229.98,10832.25,14259.18,23397.66,14771.25,7365.93,1811.94,13670.88294,10416.03641,11077.20459,10492.64157,42635.81243,15268.21586,23462.01365,29009.55461,20854.93236,98413.82794,185039.4611,86503.12943
531,0,5707.76275,35436,22380,23839,34939,65165,32367,76916,65796,33782,4135.95,3939,3229.98,10832.25,14259.18,23397.66,14771.25,7365.93,1811.94,13670.88294,10416.03641,11077.20459,10492.64157,42635.81243,15268.21586,23462.01365,29009.55461,20854.93236,98413.82794,185039.4611,86503.12943
532,0,5707.76275,32525,22014,22467,33671,64801,31796,76983,65997,33703,4135.95,3939,3229.98,10832.25,14259.18,23397.66,14771.25,7365.93,1811.94,13670.88294,10416.03641,11077.20459,10492.64157,42635.81243,15268.21586,23462.01365,29009.55461,20854.93236,98413.82794,185039.4611,86503.12943
533,0,5707.76275,31629,22024,22033,32599,64747,31243,79296,68143,34827,4135.95,3939,3229.98,10832.25,14259.18,23397.66,14771.25,7365.93,1811.94,13670.88294,10416.03641,11077.20459,10492.64157,42635.81243,15268.21586,23462.01365,29009.55461,20854.93236,98413.82794,185039.4611,86503.12943
534,0,5707.76275,32182,22421,21816,33555,67335,32239,86400,76184,37989,4135.95,3939,3229.98,10832.25,14259.18,23397.66,14771.25,7365.93,1811.94,13670.88294,10416.03641,11077.20459,10492.64157,42635.81243,15268.21586,23462.01365,29009.55461,20854.93236,98413.82794,185039.4611,86503.12943
535,0,5707.76275,32787,22824,22305,36005,71977,34540,95842,81818,43193,4135.95,3939,3229.98,10832.25,14259.18,23397.66,14771.25,7365.93,1811.94,13670.88294,10416.03641,11077.20459,10492.64157,42635.81243,15268.21586,23462.01365,29009.55461,20854.93236,98413.82794,185039.4611,86503.12943
536,0,5707.76275,34704,23773,23990,43176,79631,39842,105870,86114,47268,4135.95,3939,3229.98,10832.25,14259.18,23397.66,14771.25,7365.93,1811.94,13670.88294,10416.03641,11077.20459,10492.64157,42635.81243,15268.21586,23462.01365,29009.55461,20854.93236,98413.82794,185039.4611,86503.12943
537,0,5707.76275,39535,26691,27274,48643,85084,43653,113506,87634,49376,4135.95,3939,3229.98,10832.25,14259.18,23397.66,14771.25,7365.93,1811.94,13670.88294,10416.03641,11077.20459,10492.64157,42635.81243,15268.21586,23462.01365,29009.55461,20854.93236,98413.82794,185039.4611,86503.12943
538,0,5707.76275,42855,27273,30976,53302,89160,46685,120135,90175,51076,4135.95,3939,3229.98,10832.25,14259.18,23397.66,14771.25,7365.93,1811.94,13670.88294,10416.03641,11077.20459,10492.64157,42635.81243,15268.21586,23462.01365,29009.55461,20854.93236,98413.82794,185039.4611,86503.12943
539,0,5707.76275,47084,28987,33679,57707,91390,49119,124305,88206,50547,4135.95,3939,3229.98,10832.25,14259.18,23397.66,14771.25,7365.93,1811.94,13670.88294,10416.03641,11077.20459,10492.64157,42635.81243,15268.21586,23462.01365,29009.55461,20854.93236,98413.82794,185039.4611,86503.12943
540,0,5707.76275,50099,30121,35873,61244,92535,51075,129782,89810,51558,4135.95,3939,3229.98,10832.25,14259.18,23397.66,14771.25,7365.93,1811.94,13670.88294,10416.03641,11077.20459,10492.64157,42635.81243,15268.21586,23462.01365,29009.55461,20854.93236,98413.82794,185039.4611,86503.12943
541,0,5707.76275,52588,31266,36880,64731,94230,53271,132093,88163,50484,4135.95,3939,3229.98,10832.25,14259.18,23397.66,14771.25,7365.93,1811.94,13670.88294,10416.03641,11077.20459,10492.64157,42635.81243,15268.21586,23462.01365,29009.55461,20854.93236,98413.82794,185039.4611,86503.12943
542,0,5707.76275,53483,30282,38444,66285,92996,53964,131629,86004,49107,4135.95,3939,3229.98,10832.25,14259.18,23397.66,14771.25,7365.93,1811.94,13670.88294,10416.03641,11077.20459,10492.64157,42635.81243,15268.21586,23462.01365,29009.55461,20854.93236,98413.82794,185039.4611,86503.12943
543,0,5707.76275,55561,30463,39094,67109,91892,53952,132970,86861,49614,4135.95,3939,3229.98,10832.25,14259.18,23397.66,14771.25,7365.93,1811.94,13670.88294,10416.03641,11077.20459,10492.64157,42635.81243,15268.21586,23462.01365,29009.55461,20854.93236,98413.82794,185039.4611,86503.12943
544,0,5707.76275,55069,29611,38899,68125,93076,54917,136670,88663,50641,4135.95,3939,3229.98,10832.25,14259.18,23397.66,14771.25,7365.93,1811.94,13670.88294,10416.03641,11077.20459,10492.64157,42635.81243,15268.21586,23462.01365,29009.55461,20854.93236,98413.82794,185039.4611,86503.12943
545,0,5707.76275,54231,28963,39124,69857,94826,56654,137459,88380,50782,4135.95,3939,3229.98,10832.25,14259.18,23397.66,14771.25,7365.93,1811.94,13670.88294,10416.03641,11077.20459,10492.64157,42635.81243,15268.21586,23462.01365,29009.55461,20854.93236,98413.82794,185039.4611,86503.12943
546,0,5707.76275,54980,29277,39702,69797,95577,56779,143781,94561,54137,4135.95,3939,3229.98,10832.25,14259.18,23397.66,14771.25,7365.93,1811.94,13670.88294,10416.03641,11077.20459,10492.64157,42635.81243,15268.21586,23462.01365,29009.55461,20854.93236,98413.82794,185039.4611,86503.12943
547,0,5707.76275,56191,29582,39752,71746,99914,60103,143598,92356,52842,4135.95,3939,3229.98,10832.25,14259.18,23397.66,14771.25,7365.93,1811.94,13670.88294,10416.03641,11077.20459,10492.64157,42635.81243,15268.21586,23462.01365,29009.55461,20854.93236,98413.82794,185039.4611,86503.12943
548,0,5707.76275,56253,30182,41102,69734,97529,58364,134778,86033,49481,4135.95,3939,3229.98,10832.25,14259.18,23397.66,14771.25,7365.93,1811.94,13670.88294,10416.03641,11077.20459,10492.64157,42635.81243,15268.21586,23462.01365,29009.55461,20854.93236,98413.82794,185039.4611,86503.12943
549,0,5707.76275,59967,30196,41228,65110,93018,54594,126759,83200,48154,4135.95,3939,3229.98,10832.25,14259.18,23397.66,14771.25,7365.93,1811.94,13670.88294,10416.03641,11077.20459,10492.64157,42635.81243,15268.21586,23462.01365,29009.55461,20854.93236,98413.82794,185039.4611,86503.12943
550,0,5707.76275,58561,29184,39132,61453,89241,52318,114438,74870,43430,4135.95,3939,3229.98,10832.25,14259.18,23397.66,14771.25,7365.93,1811.94,13670.88294,10416.03641,11077.20459,10492.64157,42635.81243,15268.21586,23462.01365,29009.55461,20854.93236,98413.82794,185039.4611,86503.12943
551,0,5707.76275,55042,27731,37363,55178,82240,47228,100974,67898,39249,4135.95,3939,3229.98,10832.25,14259.18,23397.66,14771.25,7365.93,1811.94,13670.88294,10416.03641,11077.20459,10492.64157,42635.81243,15268.21586,23462.01365,29009.55461,20854.93236,98413.82794,185039.4611,86503.12943
552,0,5707.76275,52343,26922,34345,49393,77182,42998,91438,62543,35293,4135.95,3939,3229.98,10832.25,14259.18,23397.66,14771.25,7365.93,1811.94,13670.88294,10416.03641,11077.20459,10492.64157,42635.81243,15268.21586,23462.01365,29009.55461,20854.93236,98413.82794,185039.4611,86503.12943
553,0,5707.76275,46672,25371,31074,48430,77189,43043,86141,60357,34291,4135.95,3939,3229.98,10832.25,14259.18,23397.66,14771.25,7365.93,1811.94,13670.88294,10416.03641,11077.20459,10492.64157,42635.81243,15268.21586,23462.01365,29009.55461,20854.93236,98413.82794,185039.4611,86503.12943
554,0,5707.76275,41382,24776,28885,45449,74894,41034,83571,60230,34186,4135.95,3939,3229.98,10832.25,14259.18,23397.66,14771.25,7365.93,1811.94,13670.88294,10416.03641,11077.20459,10492.64157,42635.81243,15268.21586,23462.01365,29009.55461,20854.93236,98413.82794,185039.4611,86503.12943
555,0,5707.76275,37325,25232,27916,44481,74930,40635,83841,61528,35054,4135.95,3939,3229.98,10832.25,14259.18,23397.66,14771.25,7365.93,1811.94,13670.88294,10416.03641,11077.20459,10492.64157,42635.81243,15268.21586,23462.01365,29009.55461,20854.93236,98413.82794,185039.4611,86503.12943
556,0,5707.76275,35709,25336,27713,44090,76076,40839,86465,64583,36784,4135.95,3939,3229.98,10832.25,14259.18,23397.66,14771.25,7365.93,1811.94,13670.88294,10416.03641,11077.20459,10492.64157,42635.81243,15268.21586,23462.01365,29009.55461,20854.93236,98413.82794,185039.4611,86503.12943
557,0,5707.76275,36038,26061,28226,44821,79831,41944,93872,72007,41135,4135.95,3939,3229.98,10832.25,14259.18,23397.66,14771.25,7365.93,1811.94,13670.88294,10416.03641,11077.20459,10492.64157,42635.81243,15268.21586,23462.01365,29009.55461,20854.93236,98413.82794,185039.4611,86503.12943
558,0,5707.76275,37394,26920,29273,48957,90468,46132,115351,92022,54169,4135.95,3939,3229.98,10832.25,14259.18,23397.66,14771.25,7365.93,1811.94,13670.88294,10416.03641,11077.20459,10492.64157,42635.81243,15268.21586,23462.01365,29009.55461,20854.93236,98413.82794,185039.4611,86503.12943
559,0,5707.76275,39946,28373,31648,59145,108552,56270,138965,105525,62507,4135.95,3939,3229.98,10832.25,14259.18,23397.66,14771.25,7365.93,1811.94,13670.88294,10416.03641,11077.20459,10492.64157,42635.81243,15268.21586,23462.01365,29009.55461,20854.93236,98413.82794,185039.4611,86503.12943
560,0,5707.76275,45418,31724,38587,69867,120102,65139,148652,104826,61193,4135.95,3939,3229.98,10832.25,14259.18,23397.66,14771.25,7365.93,1811.94,13670.88294,10416.03641,11077.20459,10492.64157,42635.81243,15268.21586,23462.01365,29009.55461,20854.93236,98413.82794,185039.4611,86503.12943
561,0,5707.76275,60094,39211,44835,73560,119894,66875,147001,99413,56962,4135.95,3939,3229.98,10832.25,14259.18,23397.66,14771.25,7365.93,1811.94,13670.88294,10416.03641,11077.20459,10492.64157,42635.81243,15268.21586,23462.01365,29009.55461,20854.93236,98413.82794,185039.4611,86503.12943
562,0,5707.76275,66285,40853,46684,73492,117082,65219,150325,102377,58429,4135.95,3939,3229.98,10832.25,14259.18,23397.66,14771.25,7365.93,1811.94,13670.88294,10416.03641,11077.20459,10492.64157,42635.81243,15268.21586,23462.01365,29009.55461,20854.93236,98413.82794,185039.4611,86503.12943
563,0,5707.76275,64054,40184,44922,76328,118948,66955,155520,103466,57590,4135.95,3939,3229.98,10832.25,14259.18,23397.66,14771.25,7365.93,1811.94,13670.88294,10416.03641,11077.20459,10492.64157,42635.81243,15268.21586,23462.01365,29009.55461,20854.93236,98413.82794,185039.4611,86503.12943
564,0,5707.76275,60988,38774,45179,78210,119188,67875,159127,103934,57384,4135.95,3939,3229.98,10832.25,14259.18,23397.66,14771.25,7365.93,1811.94,13670.88294,10416.03641,11077.20459,10492.64157,42635.81243,15268.21586,23462.01365,29009.55461,20854.93236,98413.82794,185039.4611,86503.12943
565,0,5707.76275,62999,39715,44908,79532,119274,68514,161289,103855,56760,4135.95,3939,3229.98,10832.25,14259.18,23397.66,14771.25,7365.93,1811.94,13670.88294,10416.03641,11077.20459,10492.64157,42635.81243,15268.21586,23462.01365,29009.55461,20854.93236,98413.82794,185039.4611,86503.12943
566,0,5707.76275,64186,38283,45233,80492,118645,68623,162918,103327,56304,4135.95,3939,3229.98,10832.25,14259.18,23397.66,14771.25,7365.93,1811.94,13670.88294,10416.03641,11077.20459,10492.64157,42635.81243,15268.21586,23462.01365,29009.55461,20854.93236,98413.82794,185039.4611,86503.12943
567,0,5707.76275,64996,37894,45253,80970,119122,68533,169743,108229,59305,4135.95,3939,3229.98,10832.25,14259.18,23397.66,14771.25,7365.93,1811.94,13670.88294,10416.03641,11077.20459,10492.64157,42635.81243,15268.21586,23462.01365,29009.55461,20854.93236,98413.82794,185039.4611,86503.12943
568,0,5707.76275,65162,37249,44987,83615,124059,71059,181201,115311,63676,4135.95,3939,3229.98,10832.25,14259.18,23397.66,14771.25,7365.93,1811.94,13670.88294,10416.03641,11077.20459,10492.64157,42635.81243,15268.21586,23462.01365,29009.55461,20854.93236,98413.82794,185039.4611,86503.12943
569,0,5707.76275,65757,37106,46465,87461,130609,74555,194414,123203,69076,4135.95,3939,3229.98,10832.25,14259.18,23397.66,14771.25,7365.93,1811.94,13670.88294,10416.03641,11077.20459,10492.64157,42635.81243,15268.21586,23462.01365,29009.55461,20854.93236,98413.82794,185039.4611,86503.12943
570,0,5707.76275,69802,38581,49385,91931,133671,78828,187376,113094,62943,4135.95,3939,3229.98,10832.25,14259.18,23397.66,14771.25,7365.93,1811.94,13670.88294,10416.03641,11077.20459,10492.64157,42635.81243,15268.21586,23462.01365,29009.55461,20854.93236,98413.82794,185039.4611,86503.12943
571,0,5707.76275,75020,40421,53295,86022,122220,73314,162670,97277,54293,4135.95,3939,3229.98,10832.25,14259.18,23397.66,14771.25,7365.93,1811.94,13670.88294,10416.03641,11077.20459,10492.64157,42635.81243,15268.21586,23462.01365,29009.55461,20854.93236,98413.82794,185039.4611,86503.12943
572,0,5707.76275,79020,41701,51127,75966,110414,64810,147380,92681,52173,4135.95,3939,3229.98,10832.25,14259.18,23397.66,14771.25,7365.93,1811.94,13670.88294,10416.03641,11077.20459,10492.64157,42635.81243,15268.21586,23462.01365,29009.55461,20854.93236,98413.82794,185039.4611,86503.12943
573,0,5707.76275,70783,37250,45487,70937,105501,61828,134513,83891,45780,4135.95,3939,3229.98,10832.25,14259.18,23397.66,14771.25,7365.93,1811.94,13670.88294,10416.03641,11077.20459,10492.64157,42635.81243,15268.21586,23462.01365,29009.55461,20854.93236,98413.82794,185039.4611,86503.12943
574,0,5707.76275,60280,33499,41941,64878,97564,57262,120603,75995,41652,4135.95,3939,3229.98,10832.25,14259.18,23397.66,14771.25,7365.93,1811.94,13670.88294,10416.03641,11077.20459,10492.64157,42635.81243,15268.21586,23462.01365,29009.55461,20854.93236,98413.82794,185039.4611,86503.12943
575,0,5707.76275,57271,32101,38604,58798,90482,52798,107261,68206,37926,4135.95,3939,3229.98,10832.25,14259.18,23397.66,14771.25,7365.93,1811.94,13670.88294,10416.03641,11077.20459,10492.64157,42635.81243,15268.21586,23462.01365,29009.55461,20854.93236,98413.82794,185039.4611,86503.12943
576,0,5707.76275,51657,29363,35605,52907,84453,48653,94696,62511,34040,4135.95,3939,3229.98,10832.25,14259.18,23397.66,14771.25,7365.93,1811.94,13670.88294,10416.03641,11077.20459,10492.64157,42635.81243,15268.21586,23462.01365,29009.55461,20854.93236,98413.82794,185039.4611,86503.12943
577,0,5707.76275,46322,27639,32763,43462,79640,43797,87285,60065,32853,4135.95,3939,3229.98,10832.25,14259.18,23397.66,14771.25,7365.93,1811.94,13670.88294,10416.03641,11077.20459,10492.64157,42635.81243,15268.21586,23462.01365,29009.55461,20854.93236,98413.82794,185039.4611,86503.12943
578,0,5707.76275,41361,26258,29577,41774,77836,42851,85007,59775,32646,4135.95,3939,3229.98,10832.25,14259.18,23397.66,14771.25,7365.93,1811.94,13670.88294,10416.03641,11077.20459,10492.64157,42635.81243,15268.21586,23462.01365,29009.55461,20854.93236,98413.82794,185039.4611,86503.12943
579,0,5707.76275,36894,25114,28188,41898,78334,43181,85666,61152,33472,4135.95,3939,3229.98,10832.25,14259.18,23397.66,14771.25,7365.93,1811.94,13670.88294,10416.03641,11077.20459,10492.64157,42635.81243,15268.21586,23462.01365,29009.55461,20854.93236,98413.82794,185039.4611,86503.12943
580,0,5707.76275,35109,25185,27940,42686,79807,43874,88886,64391,35086,4135.95,3939,3229.98,10832.25,14259.18,23397.66,14771.25,7365.93,1811.94,13670.88294,10416.03641,11077.20459,10492.64157,42635.81243,15268.21586,23462.01365,29009.55461,20854.93236,98413.82794,185039.4611,86503.12943
581,0,5707.76275,35204,25837,28319,44832,83862,45619,97694,72123,39299,4135.95,3939,3229.98,10832.25,14259.18,23397.66,14771.25,7365.93,1811.94,13670.88294,10416.03641,11077.20459,10492.64157,42635.81243,15268.21586,23462.01365,29009.55461,20854.93236,98413.82794,185039.4611,86503.12943
582,0,5707.76275,36214,26704,29245,49748,94860,50176,120589,93528,51583,4135.95,3939,3229.98,10832.25,14259.18,23397.66,14771.25,7365.93,1811.94,13670.88294,10416.03641,11077.20459,10492.64157,42635.81243,15268.21586,23462.01365,29009.55461,20854.93236,98413.82794,185039.4611,86503.12943
583,0,5707.76275,38323,28136,31424,61073,113230,61189,144828,108213,60256,4135.95,3939,3229.98,10832.25,14259.18,23397.66,14771.25,7365.93,1811.94,13670.88294,10416.03641,11077.20459,10492.64157,42635.81243,15268.21586,23462.01365,29009.55461,20854.93236,98413.82794,185039.4611,86503.12943
584,0,5707.76275,43566,31383,37759,69240,124319,68314,153925,108068,59508,4135.95,3939,3229.98,10832.25,14259.18,23397.66,14771.25,7365.93,1811.94,13670.88294,10416.03641,11077.20459,10492.64157,42635.81243,15268.21586,23462.01365,29009.55461,20854.93236,98413.82794,185039.4611,86503.12943
585,0,5707.76275,57174,38727,43090,70294,123467,68545,151450,102618,55970,4135.95,3939,3229.98,10832.25,14259.18,23397.66,14771.25,7365.93,1811.94,13670.88294,10416.03641,11077.20459,10492.64157,42635.81243,15268.21586,23462.01365,29009.55461,20854.93236,98413.82794,185039.4611,86503.12943
586,0,5707.76275,64317,40252,44419,67986,120172,65624,154009,105807,57845,4135.95,3939,3229.98,10832.25,14259.18,23397.66,14771.25,7365.93,1811.94,13670.88294,10416.03641,11077.20459,10492.64157,42635.81243,15268.21586,23462.01365,29009.55461,20854.93236,98413.82794,185039.4611,86503.12943
587,0,5707.76275,63525,39497,42462,68895,121619,66753,157400,106095,57748,4135.95,3939,3229.98,10832.25,14259.18,23397.66,14771.25,7365.93,1811.94,13670.88294,10416.03641,11077.20459,10492.64157,42635.81243,15268.21586,23462.01365,29009.55461,20854.93236,98413.82794,185039.4611,86503.12943
588,0,5707.76275,61031,37915,42478,69325,121376,66471,159050,106436,57973,4135.95,3939,3229.98,10832.25,14259.18,23397.66,14771.25,7365.93,1811.94,13670.88294,10416.03641,11077.20459,10492.64157,42635.81243,15268.21586,23462.01365,29009.55461,20854.93236,98413.82794,185039.4611,86503.12943
589,0,5707.76275,63038,38771,42788,69878,121251,66643,159915,105948,57662,4135.95,3939,3229.98,10832.25,14259.18,23397.66,14771.25,7365.93,1811.94,13670.88294,10416.03641,11077.20459,10492.64157,42635.81243,15268.21586,23462.01365,29009.55461,20854.93236,98413.82794,185039.4611,86503.12943
590,0,5707.76275,64300,37430,43134,70004,120272,66234,159801,105055,57352,4135.95,3939,3229.98,10832.25,14259.18,23397.66,14771.25,7365.93,1811.94,13670.88294,10416.03641,11077.20459,10492.64157,42635.81243,15268.21586,23462.01365,29009.55461,20854.93236,98413.82794,185039.4611,86503.12943
591,0,5707.76275,65141,37116,43470,69785,120599,65697,165376,109862,60470,4135.95,3939,3229.98,10832.25,14259.18,23397.66,14771.25,7365.93,1811.94,13670.88294,10416.03641,11077.20459,10492.64157,42635.81243,15268.21586,23462.01365,29009.55461,20854.93236,98413.82794,185039.4611,86503.12943
592,0,5707.76275,65263,36572,43610,71982,125372,67987,176146,116820,64984,4135.95,3939,3229.98,10832.25,14259.18,23397.66,14771.25,7365.93,1811.94,13670.88294,10416.03641,11077.20459,10492.64157,42635.81243,15268.21586,23462.01365,29009.55461,20854.93236,98413.82794,185039.4611,86503.12943
593,0,5707.76275,65765,36541,45268,75360,132121,71179,189346,125458,70393,4135.95,3939,3229.98,10832.25,14259.18,23397.66,14771.25,7365.93,1811.94,13670.88294,10416.03641,11077.20459,10492.64157,42635.81243,15268.21586,23462.01365,29009.55461,20854.93236,98413.82794,185039.4611,86503.12943
594,0,5707.76275,69700,38075,48347,79289,134923,75166,181915,115003,64174,4135.95,3939,3229.98,10832.25,14259.18,23397.66,14771.25,7365.93,1811.94,13670.88294,10416.03641,11077.20459,10492.64157,42635.81243,15268.21586,23462.01365,29009.55461,20854.93236,98413.82794,185039.4611,86503.12943
595,0,5707.76275,74882,39944,51847,74584,123569,69656,158323,99775,55407,4135.95,3939,3229.98,10832.25,14259.18,23397.66,14771.25,7365.93,1811.94,13670.88294,10416.03641,11077.20459,10492.64157,42635.81243,15268.21586,23462.01365,29009.55461,20854.93236,98413.82794,185039.4611,86503.12943
596,0,5707.76275,78912,41216,50245,66101,112070,61652,144301,95874,53354,4135.95,3939,3229.98,10832.25,14259.18,23397.66,14771.25,7365.93,1811.94,13670.88294,10416.03641,11077.20459,10492.64157,42635.81243,15268.21586,23462.01365,29009.55461,20854.93236,98413.82794,185039.4611,86503.12943
597,0,5707.76275,70692,36858,44331,62469,107021,59266,132309,86408,47024,4135.95,3939,3229.98,10832.25,14259.18,23397.66,14771.25,7365.93,1811.94,13670.88294,10416.03641,11077.20459,10492.64157,42635.81243,15268.21586,23462.01365,29009.55461,20854.93236,98413.82794,185039.4611,86503.12943
598,0,5707.76275,60245,33176,40632,57546,99101,55106,119882,79055,42600,4135.95,3939,3229.98,10832.25,14259.18,23397.66,14771.25,7365.93,1811.94,13670.88294,10416.03641,11077.20459,10492.64157,42635.81243,15268.21586,23462.01365,29009.55461,20854.93236,98413.82794,185039.4611,86503.12943
599,0,5707.76275,57285,31839,37438,52589,92429,51074,108701,72091,38702,4135.95,3939,3229.98,10832.25,14259.18,23397.66,14771.25,7365.93,1811.94,13670.88294,10416.03641,11077.20459,10492.64157,42635.81243,15268.21586,23462.01365,29009.55461,20854.93236,98413.82794,185039.4611,86503.12943
600,0,5707.76275,51683,29169,33986,47957,85704,47310,96777,66087,36337,4135.95,3939,3229.98,10832.25,14259.18,23397.66,14771.25,7365.93,1811.94,13670.88294,10416.03641,11077.20459,10492.64157,42635.81243,15268.21586,23462.01365,29009.55461,20854.93236,98413.82794,185039.4611,86503.12943
601,0,5707.76275,46464,27417,30680,43019,80513,43031,91578,64411,35384,4135.95,3939,3229.98,10832.25,14259.18,23397.66,14771.25,7365.93,1811.94,13670.88294,10416.03641,11077.20459,10492.64157,42635.81243,15268.21586,23462.01365,29009.55461,20854.93236,98413.82794,185039.4611,86503.12943
602,0,5707.76275,41626,26023,27889,41088,78670,42024,91245,64667,35315,4135.95,3939,3229.98,10832.25,14259.18,23397.66,14771.25,7365.93,1811.94,13670.88294,10416.03641,11077.20459,10492.64157,42635.81243,15268.21586,23462.01365,29009.55461,20854.93236,98413.82794,185039.4611,86503.12943
603,0,5707.76275,37008,24986,26388,40973,79028,42268,93438,66601,36351,4135.95,3939,3229.98,10832.25,14259.18,23397.66,14771.25,7365.93,1811.94,13670.88294,10416.03641,11077.20459,10492.64157,42635.81243,15268.21586,23462.01365,29009.55461,20854.93236,98413.82794,185039.4611,86503.12943
604,0,5707.76275,35166,25077,26194,41399,80158,42943,98081,70515,38319,4135.95,3939,3229.98,10832.25,14259.18,23397.66,14771.25,7365.93,1811.94,13670.88294,10416.03641,11077.20459,10492.64157,42635.81243,15268.21586,23462.01365,29009.55461,20854.93236,98413.82794,185039.4611,86503.12943
605,0,5707.76275,35201,25804,26629,43063,83842,44676,107199,78738,42876,4135.95,3939,3229.98,10832.25,14259.18,23397.66,14771.25,7365.93,1811.94,13670.88294,10416.03641,11077.20459,10492.64157,42635.81243,15268.21586,23462.01365,29009.55461,20854.93236,98413.82794,185039.4611,86503.12943
606,0,5707.76275,36245,26655,27611,47488,94443,48755,130671,100781,56013,4135.95,3939,3229.98,10832.25,14259.18,23397.66,14771.25,7365.93,1811.94,13670.88294,10416.03641,11077.20459,10492.64157,42635.81243,15268.21586,23462.01365,29009.55461,20854.93236,98413.82794,185039.4611,86503.12943
607,0,5707.76275,38522,28106,29848,58254,112295,59452,151548,114523,64295,4135.95,3939,3229.98,10832.25,14259.18,23397.66,14771.25,7365.93,1811.94,13670.88294,10416.03641,11077.20459,10492.64157,42635.81243,15268.21586,23462.01365,29009.55461,20854.93236,98413.82794,185039.4611,86503.12943
608,0,5707.76275,43873,31411,36449,66642,123031,66080,156387,113324,63367,4135.95,3939,3229.98,10832.25,14259.18,23397.66,14771.25,7365.93,1811.94,13670.88294,10416.03641,11077.20459,10492.64157,42635.81243,15268.21586,23462.01365,29009.55461,20854.93236,98413.82794,185039.4611,86503.12943
609,0,5707.76275,57902,38851,42343,68300,121778,66262,150117,106700,59283,4135.95,3939,3229.98,10832.25,14259.18,23397.66,14771.25,7365.93,1811.94,13670.88294,10416.03641,11077.20459,10492.64157,42635.81243,15268.21586,23462.01365,29009.55461,20854.93236,98413.82794,185039.4611,86503.12943
610,0,5707.76275,65279,40821,44297,66789,118190,63803,150254,109622,61014,4135.95,3939,3229.98,10832.25,14259.18,23397.66,14771.25,7365.93,1811.94,13670.88294,10416.03641,11077.20459,10492.64157,42635.81243,15268.21586,23462.01365,29009.55461,20854.93236,98413.82794,185039.4611,86503.12943
611,0,5707.76275,64725,40318,42762,68080,119330,64831,151305,108333,59891,4135.95,3939,3229.98,10832.25,14259.18,23397.66,14771.25,7365.93,1811.94,13670.88294,10416.03641,11077.20459,10492.64157,42635.81243,15268.21586,23462.01365,29009.55461,20854.93236,98413.82794,185039.4611,86503.12943
612,0,5707.76275,61872,38925,43062,69768,119179,65416,152289,108135,59843,4135.95,3939,3229.98,10832.25,14259.18,23397.66,14771.25,7365.93,1811.94,13670.88294,10416.03641,11077.20459,10492.64157,42635.81243,15268.21586,23462.01365,29009.55461,20854.93236,98413.82794,185039.4611,86503.12943
613,0,5707.76275,63744,40059,43445,70826,119000,65825,152412,107118,59142,4135.95,3939,3229.98,10832.25,14259.18,23397.66,14771.25,7365.93,1811.94,13670.88294,10416.03641,11077.20459,10492.64157,42635.81243,15268.21586,23462.01365,29009.55461,20854.93236,98413.82794,185039.4611,86503.12943
614,0,5707.76275,64333,38649,43726,71450,118143,65828,152016,106193,58575,4135.95,3939,3229.98,10832.25,14259.18,23397.66,14771.25,7365.93,1811.94,13670.88294,10416.03641,11077.20459,10492.64157,42635.81243,15268.21586,23462.01365,29009.55461,20854.93236,98413.82794,185039.4611,86503.12943
615,0,5707.76275,64995,38348,43832,71717,118464,65627,157482,111008,61588,4135.95,3939,3229.98,10832.25,14259.18,23397.66,14771.25,7365.93,1811.94,13670.88294,10416.03641,11077.20459,10492.64157,42635.81243,15268.21586,23462.01365,29009.55461,20854.93236,98413.82794,185039.4611,86503.12943
616,0,5707.76275,64860,37761,43854,74116,123361,67968,168257,117881,65893,4135.95,3939,3229.98,10832.25,14259.18,23397.66,14771.25,7365.93,1811.94,13670.88294,10416.03641,11077.20459,10492.64157,42635.81243,15268.21586,23462.01365,29009.55461,20854.93236,98413.82794,185039.4611,86503.12943
617,0,5707.76275,65279,37700,45426,77702,130161,71295,180951,126808,71780,4135.95,3939,3229.98,10832.25,14259.18,23397.66,14771.25,7365.93,1811.94,13670.88294,10416.03641,11077.20459,10492.64157,42635.81243,15268.21586,23462.01365,29009.55461,20854.93236,98413.82794,185039.4611,86503.12943
618,0,5707.76275,69326,39244,48385,81582,132963,75135,174336,115763,65381,4135.95,3939,3229.98,10832.25,14259.18,23397.66,14771.25,7365.93,1811.94,13670.88294,10416.03641,11077.20459,10492.64157,42635.81243,15268.21586,23462.01365,29009.55461,20854.93236,98413.82794,185039.4611,86503.12943
619,0,5707.76275,74618,41196,51934,76892,121573,69909,151560,100498,56935,4135.95,3939,3229.98,10832.25,14259.18,23397.66,14771.25,7365.93,1811.94,13670.88294,10416.03641,11077.20459,10492.64157,42635.81243,15268.21586,23462.01365,29009.55461,20854.93236,98413.82794,185039.4611,86503.12943
620,0,5707.76275,79001,42556,50325,68204,109727,61703,138370,96679,55039,4135.95,3939,3229.98,10832.25,14259.18,23397.66,14771.25,7365.93,1811.94,13670.88294,10416.03641,11077.20459,10492.64157,42635.81243,15268.21586,23462.01365,29009.55461,20854.93236,98413.82794,185039.4611,86503.12943
621,0,5707.76275,70810,38032,44461,64193,104726,59047,126975,86594,48090,4135.95,3939,3229.98,10832.25,14259.18,23397.66,14771.25,7365.93,1811.94,13670.88294,10416.03641,11077.20459,10492.64157,42635.81243,15268.21586,23462.01365,29009.55461,20854.93236,98413.82794,185039.4611,86503.12943
622,0,5707.76275,60703,34294,40837,59158,97051,54925,115008,79581,44183,4135.95,3939,3229.98,10832.25,14259.18,23397.66,14771.25,7365.93,1811.94,13670.88294,10416.03641,11077.20459,10492.64157,42635.81243,15268.21586,23462.01365,29009.55461,20854.93236,98413.82794,185039.4611,86503.12943
623,0,5707.76275,58060,32904,37729,53826,89912,50576,103847,73248,40778,4135.95,3939,3229.98,10832.25,14259.18,23397.66,14771.25,7365.93,1811.94,13670.88294,10416.03641,11077.20459,10492.64157,42635.81243,15268.21586,23462.01365,29009.55461,20854.93236,98413.82794,185039.4611,86503.12943
624,0,5707.76275,52070,30134,34410,48630,83085,46289,93571,66546,37772,4135.95,3939,3229.98,10832.25,14259.18,23397.66,14771.25,7365.93,1811.94,13670.88294,10416.03641,11077.20459,10492.64157,42635.81243,15268.21586,23462.01365,29009.55461,20854.93236,98413.82794,185039.4611,86503.12943
625,0,5707.76275,47046,28463,31316,44253,77903,42124,88278,65039,36939,4135.95,3939,3229.98,10832.25,14259.18,23397.66,14771.25,7365.93,1811.94,13670.88294,10416.03641,11077.20459,10492.64157,42635.81243,15268.21586,23462.01365,29009.55461,20854.93236,98413.82794,185039.4611,86503.12943
626,0,5707.76275,42655,27025,28149,41734,75853,40353,87214,65466,36930,4135.95,3939,3229.98,10832.25,14259.18,23397.66,14771.25,7365.93,1811.94,13670.88294,10416.03641,11077.20459,10492.64157,42635.81243,15268.21586,23462.01365,29009.55461,20854.93236,98413.82794,185039.4611,86503.12943
627,0,5707.76275,39619,26026,26701,40825,76147,39993,88926,67199,37824,4135.95,3939,3229.98,10832.25,14259.18,23397.66,14771.25,7365.93,1811.94,13670.88294,10416.03641,11077.20459,10492.64157,42635.81243,15268.21586,23462.01365,29009.55461,20854.93236,98413.82794,185039.4611,86503.12943
628,0,5707.76275,38594,26162,26550,40506,77471,40144,93052,70735,39655,4135.95,3939,3229.98,10832.25,14259.18,23397.66,14771.25,7365.93,1811.94,13670.88294,10416.03641,11077.20459,10492.64157,42635.81243,15268.21586,23462.01365,29009.55461,20854.93236,98413.82794,185039.4611,86503.12943
629,0,5707.76275,39123,26958,27003,41452,81204,41397,101625,78558,43996,4135.95,3939,3229.98,10832.25,14259.18,23397.66,14771.25,7365.93,1811.94,13670.88294,10416.03641,11077.20459,10492.64157,42635.81243,15268.21586,23462.01365,29009.55461,20854.93236,98413.82794,185039.4611,86503.12943
630,0,5707.76275,40897,27842,27997,45334,92113,45155,124371,100410,57354,4135.95,3939,3229.98,10832.25,14259.18,23397.66,14771.25,7365.93,1811.94,13670.88294,10416.03641,11077.20459,10492.64157,42635.81243,15268.21586,23462.01365,29009.55461,20854.93236,98413.82794,185039.4611,86503.12943
631,0,5707.76275,43725,29298,30282,54922,110084,55123,144816,113605,65604,4135.95,3939,3229.98,10832.25,14259.18,23397.66,14771.25,7365.93,1811.94,13670.88294,10416.03641,11077.20459,10492.64157,42635.81243,15268.21586,23462.01365,29009.55461,20854.93236,98413.82794,185039.4611,86503.12943
632,0,5707.76275,50039,32655,36810,65646,121199,63555,150591,112018,64359,4135.95,3939,3229.98,10832.25,14259.18,23397.66,14771.25,7365.93,1811.94,13670.88294,10416.03641,11077.20459,10492.64157,42635.81243,15268.21586,23462.01365,29009.55461,20854.93236,98413.82794,185039.4611,86503.12943
633,0,5707.76275,66631,40190,42451,69130,120399,64969,146153,105117,59800,4135.95,3939,3229.98,10832.25,14259.18,23397.66,14771.25,7365.93,1811.94,13670.88294,10416.03641,11077.20459,10492.64157,42635.81243,15268.21586,23462.01365,29009.55461,20854.93236,98413.82794,185039.4611,86503.12943
634,0,5707.76275,74488,42096,44333,68819,117253,63297,147532,107872,61331,4135.95,3939,3229.98,10832.25,14259.18,23397.66,14771.25,7365.93,1811.94,13670.88294,10416.03641,11077.20459,10492.64157,42635.81243,15268.21586,23462.01365,29009.55461,20854.93236,98413.82794,185039.4611,86503.12943
635,0,5707.76275,72134,41420,42669,71064,118589,64788,151051,107066,60097,4135.95,3939,3229.98,10832.25,14259.18,23397.66,14771.25,7365.93,1811.94,13670.88294,10416.03641,11077.20459,10492.64157,42635.81243,15268.21586,23462.01365,29009.55461,20854.93236,98413.82794,185039.4611,86503.12943
636,0,5707.76275,67436,39964,42822,74043,118342,65995,153900,106890,59847,4135.95,3939,3229.98,10832.25,14259.18,23397.66,14771.25,7365.93,1811.94,13670.88294,10416.03641,11077.20459,10492.64157,42635.81243,15268.21586,23462.01365,29009.55461,20854.93236,98413.82794,185039.4611,86503.12943
637,0,5707.76275,69520,40858,43095,76112,118231,66681,155643,106115,59172,4135.95,3939,3229.98,10832.25,14259.18,23397.66,14771.25,7365.93,1811.94,13670.88294,10416.03641,11077.20459,10492.64157,42635.81243,15268.21586,23462.01365,29009.55461,20854.93236,98413.82794,185039.4611,86503.12943
638,0,5707.76275,67872,39109,43315,77936,117478,67035,156982,105534,58785,4135.95,3939,3229.98,10832.25,14259.18,23397.66,14771.25,7365.93,1811.94,13670.88294,10416.03641,11077.20459,10492.64157,42635.81243,15268.21586,23462.01365,29009.55461,20854.93236,98413.82794,185039.4611,86503.12943
639,0,5707.76275,67930,38652,43421,79319,117959,67149,163611,110566,61887,4135.95,3939,3229.98,10832.25,14259.18,23397.66,14771.25,7365.93,1811.94,13670.88294,10416.03641,11077.20459,10492.64157,42635.81243,15268.21586,23462.01365,29009.55461,20854.93236,98413.82794,185039.4611,86503.12943
640,0,5707.76275,67177,37924,43310,82304,122921,69754,174869,117605,66238,4135.95,3939,3229.98,10832.25,14259.18,23397.66,14771.25,7365.93,1811.94,13670.88294,10416.03641,11077.20459,10492.64157,42635.81243,15268.21586,23462.01365,29009.55461,20854.93236,98413.82794,185039.4611,86503.12943
641,0,5707.76275,67084,37607,44754,86495,129607,73461,187709,126233,72043,4135.95,3939,3229.98,10832.25,14259.18,23397.66,14771.25,7365.93,1811.94,13670.88294,10416.03641,11077.20459,10492.64157,42635.81243,15268.21586,23462.01365,29009.55461,20854.93236,98413.82794,185039.4611,86503.12943
642,0,5707.76275,71083,39018,47625,90841,132624,77575,180843,115411,65411,4135.95,3939,3229.98,10832.25,14259.18,23397.66,14771.25,7365.93,1811.94,13670.88294,10416.03641,11077.20459,10492.64157,42635.81243,15268.21586,23462.01365,29009.55461,20854.93236,98413.82794,185039.4611,86503.12943
643,0,5707.76275,76446,40891,51091,85837,121409,72321,157181,99864,56903,4135.95,3939,3229.98,10832.25,14259.18,23397.66,14771.25,7365.93,1811.94,13670.88294,10416.03641,11077.20459,10492.64157,42635.81243,15268.21586,23462.01365,29009.55461,20854.93236,98413.82794,185039.4611,86503.12943
644,0,5707.76275,81608,42215,49537,76105,109654,63757,142706,95660,54933,4135.95,3939,3229.98,10832.25,14259.18,23397.66,14771.25,7365.93,1811.94,13670.88294,10416.03641,11077.20459,10492.64157,42635.81243,15268.21586,23462.01365,29009.55461,20854.93236,98413.82794,185039.4611,86503.12943
645,0,5707.76275,72587,37687,43722,71303,104616,60850,130679,85818,48093,4135.95,3939,3229.98,10832.25,14259.18,23397.66,14771.25,7365.93,1811.94,13670.88294,10416.03641,11077.20459,10492.64157,42635.81243,15268.21586,23462.01365,29009.55461,20854.93236,98413.82794,185039.4611,86503.12943
646,0,5707.76275,62772,34038,40191,65348,96679,56457,117514,78361,44210,4135.95,3939,3229.98,10832.25,14259.18,23397.66,14771.25,7365.93,1811.94,13670.88294,10416.03641,11077.20459,10492.64157,42635.81243,15268.21586,23462.01365,29009.55461,20854.93236,98413.82794,185039.4611,86503.12943
647,0,5707.76275,60755,32857,37213,58888,89710,51693,104735,71575,40881,4135.95,3939,3229.98,10832.25,14259.18,23397.66,14771.25,7365.93,1811.94,13670.88294,10416.03641,11077.20459,10492.64157,42635.81243,15268.21586,23462.01365,29009.55461,20854.93236,98413.82794,185039.4611,86503.12943
648,0,5707.76275,53462,30128,33887,52616,83195,47103,92608,66473,38708,4135.95,3939,3229.98,10832.25,14259.18,23397.66,14771.25,7365.93,1811.94,13670.88294,10416.03641,11077.20459,10492.64157,42635.81243,15268.21586,23462.01365,29009.55461,20854.93236,98413.82794,185039.4611,86503.12943
649,0,5707.76275,49069,28552,30864,48815,78645,42754,85698,64988,37836,4135.95,3939,3229.98,10832.25,14259.18,23397.66,14771.25,7365.93,1811.94,13670.88294,10416.03641,11077.20459,10492.64157,42635.81243,15268.21586,23462.01365,29009.55461,20854.93236,98413.82794,185039.4611,86503.12943
650,0,5707.76275,45743,27245,28226,46015,76785,40703,82876,65340,37798,4135.95,3939,3229.98,10832.25,14259.18,23397.66,14771.25,7365.93,1811.94,13670.88294,10416.03641,11077.20459,10492.64157,42635.81243,15268.21586,23462.01365,29009.55461,20854.93236,98413.82794,185039.4611,86503.12943
651,0,5707.76275,44383,26073,26730,44602,77065,40137,83113,67142,38650,4135.95,3939,3229.98,10832.25,14259.18,23397.66,14771.25,7365.93,1811.94,13670.88294,10416.03641,11077.20459,10492.64157,42635.81243,15268.21586,23462.01365,29009.55461,20854.93236,98413.82794,185039.4611,86503.12943
652,0,5707.76275,44300,26222,26512,43983,78236,40072,85580,70823,40480,4135.95,3939,3229.98,10832.25,14259.18,23397.66,14771.25,7365.93,1811.94,13670.88294,10416.03641,11077.20459,10492.64157,42635.81243,15268.21586,23462.01365,29009.55461,20854.93236,98413.82794,185039.4611,86503.12943
653,0,5707.76275,45665,26855,26945,44520,81815,40927,92988,78757,44867,4135.95,3939,3229.98,10832.25,14259.18,23397.66,14771.25,7365.93,1811.94,13670.88294,10416.03641,11077.20459,10492.64157,42635.81243,15268.21586,23462.01365,29009.55461,20854.93236,98413.82794,185039.4611,86503.12943
654,0,5707.76275,47980,27651,27945,48586,92470,44786,114354,101216,58199,4135.95,3939,3229.98,10832.25,14259.18,23397.66,14771.25,7365.93,1811.94,13670.88294,10416.03641,11077.20459,10492.64157,42635.81243,15268.21586,23462.01365,29009.55461,20854.93236,98413.82794,185039.4611,86503.12943
655,0,5707.76275,51231,29084,30282,58366,110920,54385,137774,114977,66516,4135.95,3939,3229.98,10832.25,14259.18,23397.66,14771.25,7365.93,1811.94,13670.88294,10416.03641,11077.20459,10492.64157,42635.81243,15268.21586,23462.01365,29009.55461,20854.93236,98413.82794,185039.4611,86503.12943
656,0,5707.76275,58213,32468,36974,70108,121913,63647,147434,113770,65235,4135.95,3939,3229.98,10832.25,14259.18,23397.66,14771.25,7365.93,1811.94,13670.88294,10416.03641,11077.20459,10492.64157,42635.81243,15268.21586,23462.01365,29009.55461,20854.93236,98413.82794,185039.4611,86503.12943
657,0,5707.76275,78656,39863,43280,74693,120808,65512,145794,106900,60571,4135.95,3939,3229.98,10832.25,14259.18,23397.66,14771.25,7365.93,1811.94,13670.88294,10416.03641,11077.20459,10492.64157,42635.81243,15268.21586,23462.01365,29009.55461,20854.93236,98413.82794,185039.4611,86503.12943
658,0,5707.76275,84370,41222,45033,75508,117129,64215,149220,109873,61825,4135.95,3939,3229.98,10832.25,14259.18,23397.66,14771.25,7365.93,1811.94,13670.88294,10416.03641,11077.20459,10492.64157,42635.81243,15268.21586,23462.01365,29009.55461,20854.93236,98413.82794,185039.4611,86503.12943
659,0,5707.76275,80071,40229,43333,79453,118456,66255,154799,108762,60402,4135.95,3939,3229.98,10832.25,14259.18,23397.66,14771.25,7365.93,1811.94,13670.88294,10416.03641,11077.20459,10492.64157,42635.81243,15268.21586,23462.01365,29009.55461,20854.93236,98413.82794,185039.4611,86503.12943
660,0,5707.76275,73929,38584,43377,82861,118158,68144,158747,108510,59982,4135.95,3939,3229.98,10832.25,14259.18,23397.66,14771.25,7365.93,1811.94,13670.88294,10416.03641,11077.20459,10492.64157,42635.81243,15268.21586,23462.01365,29009.55461,20854.93236,98413.82794,185039.4611,86503.12943
661,0,5707.76275,75729,39234,43644,85405,117916,69391,161154,107552,59217,4135.95,3939,3229.98,10832.25,14259.18,23397.66,14771.25,7365.93,1811.94,13670.88294,10416.03641,11077.20459,10492.64157,42635.81243,15268.21586,23462.01365,29009.55461,20854.93236,98413.82794,185039.4611,86503.12943
662,0,5707.76275,72445,37660,43798,87520,117165,70172,163149,106777,58635,4135.95,3939,3229.98,10832.25,14259.18,23397.66,14771.25,7365.93,1811.94,13670.88294,10416.03641,11077.20459,10492.64157,42635.81243,15268.21586,23462.01365,29009.55461,20854.93236,98413.82794,185039.4611,86503.12943
663,0,5707.76275,71752,37271,43831,88966,117657,70701,170355,111557,61609,4135.95,3939,3229.98,10832.25,14259.18,23397.66,14771.25,7365.93,1811.94,13670.88294,10416.03641,11077.20459,10492.64157,42635.81243,15268.21586,23462.01365,29009.55461,20854.93236,98413.82794,185039.4611,86503.12943
664,0,5707.76275,70179,36568,43592,92186,122487,73575,182053,118325,65920,4135.95,3939,3229.98,10832.25,14259.18,23397.66,14771.25,7365.93,1811.94,13670.88294,10416.03641,11077.20459,10492.64157,42635.81243,15268.21586,23462.01365,29009.55461,20854.93236,98413.82794,185039.4611,86503.12943
665,0,5707.76275,69620,36499,44954,96399,128976,77351,195584,127102,71711,4135.95,3939,3229.98,10832.25,14259.18,23397.66,14771.25,7365.93,1811.94,13670.88294,10416.03641,11077.20459,10492.64157,42635.81243,15268.21586,23462.01365,29009.55461,20854.93236,98413.82794,185039.4611,86503.12943
666,0,5707.76275,73316,38024,47817,101077,131710,81443,188626,115975,65095,4135.95,3939,3229.98,10832.25,14259.18,23397.66,14771.25,7365.93,1811.94,13670.88294,10416.03641,11077.20459,10492.64157,42635.81243,15268.21586,23462.01365,29009.55461,20854.93236,98413.82794,185039.4611,86503.12943
667,0,5707.76275,78546,39843,51373,94695,120354,75882,163711,100295,56468,4135.95,3939,3229.98,10832.25,14259.18,23397.66,14771.25,7365.93,1811.94,13670.88294,10416.03641,11077.20459,10492.64157,42635.81243,15268.21586,23462.01365,29009.55461,20854.93236,98413.82794,185039.4611,86503.12943
668,0,5707.76275,84326,41114,49714,83573,108343,66663,148312,96313,54460,4135.95,3939,3229.98,10832.25,14259.18,23397.66,14771.25,7365.93,1811.94,13670.88294,10416.03641,11077.20459,10492.64157,42635.81243,15268.21586,23462.01365,29009.55461,20854.93236,98413.82794,185039.4611,86503.12943
669,0,5707.76275,74166,36687,43909,78025,103342,63263,135772,86415,47614,4135.95,3939,3229.98,10832.25,14259.18,23397.66,14771.25,7365.93,1811.94,13670.88294,10416.03641,11077.20459,10492.64157,42635.81243,15268.21586,23462.01365,29009.55461,20854.93236,98413.82794,185039.4611,86503.12943
670,0,5707.76275,64316,32960,40475,71758,95550,58747,121939,79517,43830,4135.95,3939,3229.98,10832.25,14259.18,23397.66,14771.25,7365.93,1811.94,13670.88294,10416.03641,11077.20459,10492.64157,42635.81243,15268.21586,23462.01365,29009.55461,20854.93236,98413.82794,185039.4611,86503.12943
671,0,5707.76275,62872,31655,37518,64773,88313,53621,108512,73121,40472,4135.95,3939,3229.98,10832.25,14259.18,23397.66,14771.25,7365.93,1811.94,13670.88294,10416.03641,11077.20459,10492.64157,42635.81243,15268.21586,23462.01365,29009.55461,20854.93236,98413.82794,185039.4611,86503.12943
672,0,5707.76275,54931,29127,34408,58078,79837,48639,92932,63389,36348,4135.95,3939,3229.98,10832.25,14259.18,23397.66,14771.25,7365.93,1811.94,13670.88294,10416.03641,11077.20459,10492.64157,42635.81243,15268.21586,23462.01365,29009.55461,20854.93236,98413.82794,185039.4611,86503.12943
673,0,5707.76275,47902,25972,33872,52016,65234,44084,94714,56893,28055,4135.95,3939,3229.98,10832.25,14259.18,23397.66,14771.25,7365.93,1811.94,13670.88294,10416.03641,11077.20459,10492.64157,42635.81243,15268.21586,23462.01365,29009.55461,20854.93236,98413.82794,185039.4611,86503.12943
674,0,5707.76275,42851,23073,28629,46613,61002,40217,87435,53802,26979,4135.95,3939,3229.98,10832.25,14259.18,23397.66,14771.25,7365.93,1811.94,13670.88294,10416.03641,11077.20459,10492.64157,42635.81243,15268.21586,23462.01365,29009.55461,20854.93236,98413.82794,185039.4611,86503.12943
675,0,5707.76275,36364,19255,24760,43435,58555,37985,83253,51999,26381,4135.95,3939,3229.98,10832.25,14259.18,23397.66,14771.25,7365.93,1811.94,13670.88294,10416.03641,11077.20459,10492.64157,42635.81243,15268.21586,23462.01365,29009.55461,20854.93236,98413.82794,185039.4611,86503.12943
676,0,5707.76275,33451,18265,22954,41338,57216,36622,79975,50431,25788,4135.95,3939,3229.98,10832.25,14259.18,23397.66,14771.25,7365.93,1811.94,13670.88294,10416.03641,11077.20459,10492.64157,42635.81243,15268.21586,23462.01365,29009.55461,20854.93236,98413.82794,185039.4611,86503.12943
677,0,5707.76275,32259,17787,22046,39889,57147,35642,81659,53215,27262,4135.95,3939,3229.98,10832.25,14259.18,23397.66,14771.25,7365.93,1811.94,13670.88294,10416.03641,11077.20459,10492.64157,42635.81243,15268.21586,23462.01365,29009.55461,20854.93236,98413.82794,185039.4611,86503.12943
678,0,5707.76275,31700,17722,21384,40797,60452,36732,90000,60089,30931,4135.95,3939,3229.98,10832.25,14259.18,23397.66,14771.25,7365.93,1811.94,13670.88294,10416.03641,11077.20459,10492.64157,42635.81243,15268.21586,23462.01365,29009.55461,20854.93236,98413.82794,185039.4611,86503.12943
679,0,5707.76275,31608,18049,21772,44652,67292,40061,105917,72565,36591,4135.95,3939,3229.98,10832.25,14259.18,23397.66,14771.25,7365.93,1811.94,13670.88294,10416.03641,11077.20459,10492.64157,42635.81243,15268.21586,23462.01365,29009.55461,20854.93236,98413.82794,185039.4611,86503.12943
680,0,5707.76275,33612,19288,23662,51421,74964,45779,122203,81757,40242,4135.95,3939,3229.98,10832.25,14259.18,23397.66,14771.25,7365.93,1811.94,13670.88294,10416.03641,11077.20459,10492.64157,42635.81243,15268.21586,23462.01365,29009.55461,20854.93236,98413.82794,185039.4611,86503.12943
681,0,5707.76275,38244,21701,27359,57871,81537,50441,138951,92483,44603,4135.95,3939,3229.98,10832.25,14259.18,23397.66,14771.25,7365.93,1811.94,13670.88294,10416.03641,11077.20459,10492.64157,42635.81243,15268.21586,23462.01365,29009.55461,20854.93236,98413.82794,185039.4611,86503.12943
682,0,5707.76275,43104,22941,30984,65170,88240,55611,153673,98404,46283,4135.95,3939,3229.98,10832.25,14259.18,23397.66,14771.25,7365.93,1811.94,13670.88294,10416.03641,11077.20459,10492.64157,42635.81243,15268.21586,23462.01365,29009.55461,20854.93236,98413.82794,185039.4611,86503.12943
683,0,5707.76275,47151,24513,34828,71892,91626,59396,163183,102017,47187,4135.95,3939,3229.98,10832.25,14259.18,23397.66,14771.25,7365.93,1811.94,13670.88294,10416.03641,11077.20459,10492.64157,42635.81243,15268.21586,23462.01365,29009.55461,20854.93236,98413.82794,185039.4611,86503.12943
684,0,5707.76275,51972,26232,37808,75672,94225,61675,173042,107156,49067,4135.95,3939,3229.98,10832.25,14259.18,23397.66,14771.25,7365.93,1811.94,13670.88294,10416.03641,11077.20459,10492.64157,42635.81243,15268.21586,23462.01365,29009.55461,20854.93236,98413.82794,185039.4611,86503.12943
685,0,5707.76275,54132,27024,39794,80421,97348,64914,178872,108517,48902,4135.95,3939,3229.98,10832.25,14259.18,23397.66,14771.25,7365.93,1811.94,13670.88294,10416.03641,11077.20459,10492.64157,42635.81243,15268.21586,23462.01365,29009.55461,20854.93236,98413.82794,185039.4611,86503.12943
686,0,5707.76275,55972,27117,42072,83367,97610,65892,181649,109218,48435,4135.95,3939,3229.98,10832.25,14259.18,23397.66,14771.25,7365.93,1811.94,13670.88294,10416.03641,11077.20459,10492.64157,42635.81243,15268.21586,23462.01365,29009.55461,20854.93236,98413.82794,185039.4611,86503.12943
687,0,5707.76275,58468,27792,43643,85460,97717,66610,184518,110152,48385,4135.95,3939,3229.98,10832.25,14259.18,23397.66,14771.25,7365.93,1811.94,13670.88294,10416.03641,11077.20459,10492.64157,42635.81243,15268.21586,23462.01365,29009.55461,20854.93236,98413.82794,185039.4611,86503.12943
688,0,5707.76275,58429,27665,44553,87498,98723,67501,189103,112558,49355,4135.95,3939,3229.98,10832.25,14259.18,23397.66,14771.25,7365.93,1811.94,13670.88294,10416.03641,11077.20459,10492.64157,42635.81243,15268.21586,23462.01365,29009.55461,20854.93236,98413.82794,185039.4611,86503.12943
689,0,5707.76275,58357,27538,45569,90180,100317,69142,192610,112493,49224,4135.95,3939,3229.98,10832.25,14259.18,23397.66,14771.25,7365.93,1811.94,13670.88294,10416.03641,11077.20459,10492.64157,42635.81243,15268.21586,23462.01365,29009.55461,20854.93236,98413.82794,185039.4611,86503.12943
690,0,5707.76275,58633,27704,47192,92235,100906,69821,193858,113761,51708,4135.95,3939,3229.98,10832.25,14259.18,23397.66,14771.25,7365.93,1811.94,13670.88294,10416.03641,11077.20459,10492.64157,42635.81243,15268.21586,23462.01365,29009.55461,20854.93236,98413.82794,185039.4611,86503.12943
691,0,5707.76275,59662,28047,48359,90536,102782,70940,186590,107981,50057,4135.95,3939,3229.98,10832.25,14259.18,23397.66,14771.25,7365.93,1811.94,13670.88294,10416.03641,11077.20459,10492.64157,42635.81243,15268.21586,23462.01365,29009.55461,20854.93236,98413.82794,185039.4611,86503.12943
692,0,5707.76275,59402,28233,48887,85092,98374,67699,170244,97482,45911,4135.95,3939,3229.98,10832.25,14259.18,23397.66,14771.25,7365.93,1811.94,13670.88294,10416.03641,11077.20459,10492.64157,42635.81243,15268.21586,23462.01365,29009.55461,20854.93236,98413.82794,185039.4611,86503.12943
693,0,5707.76275,61752,28916,47223,77576,91984,62187,157193,92015,44414,4135.95,3939,3229.98,10832.25,14259.18,23397.66,14771.25,7365.93,1811.94,13670.88294,10416.03641,11077.20459,10492.64157,42635.81243,15268.21586,23462.01365,29009.55461,20854.93236,98413.82794,185039.4611,86503.12943
694,0,5707.76275,59447,27758,43443,72059,87989,59035,143173,83329,40790,4135.95,3939,3229.98,10832.25,14259.18,23397.66,14771.25,7365.93,1811.94,13670.88294,10416.03641,11077.20459,10492.64157,42635.81243,15268.21586,23462.01365,29009.55461,20854.93236,98413.82794,185039.4611,86503.12943
695,0,5707.76275,55134,25967,40480,65897,81283,54605,125454,71764,34879,4135.95,3939,3229.98,10832.25,14259.18,23397.66,14771.25,7365.93,1811.94,13670.88294,10416.03641,11077.20459,10492.64157,42635.81243,15268.21586,23462.01365,29009.55461,20854.93236,98413.82794,185039.4611,86503.12943
696,0,5707.76275,52840,25114,37183,58844,72588,49057,107529,61317,30052,4135.95,3939,3229.98,10832.25,14259.18,23397.66,14771.25,7365.93,1811.94,13670.88294,10416.03641,11077.20459,10492.64157,42635.81243,15268.21586,23462.01365,29009.55461,20854.93236,98413.82794,185039.4611,86503.12943
697,0,5707.76275,48431,23499,32727,52030,64369,43028,93899,54558,27133,4135.95,3939,3229.98,10832.25,14259.18,23397.66,14771.25,7365.93,1811.94,13670.88294,10416.03641,11077.20459,10492.64157,42635.81243,15268.21586,23462.01365,29009.55461,20854.93236,98413.82794,185039.4611,86503.12943
698,0,5707.76275,42107,21118,28094,46818,60370,39233,86693,51684,26288,4135.95,3939,3229.98,10832.25,14259.18,23397.66,14771.25,7365.93,1811.94,13670.88294,10416.03641,11077.20459,10492.64157,42635.81243,15268.21586,23462.01365,29009.55461,20854.93236,98413.82794,185039.4611,86503.12943
699,0,5707.76275,36255,19173,24791,43618,58163,37162,82543,50049,25881,4135.95,3939,3229.98,10832.25,14259.18,23397.66,14771.25,7365.93,1811.94,13670.88294,10416.03641,11077.20459,10492.64157,42635.81243,15268.21586,23462.01365,29009.55461,20854.93236,98413.82794,185039.4611,86503.12943
700,0,5707.76275,33333,18171,22966,41428,56876,35880,79203,48557,25330,4135.95,3939,3229.98,10832.25,14259.18,23397.66,14771.25,7365.93,1811.94,13670.88294,10416.03641,11077.20459,10492.64157,42635.81243,15268.21586,23462.01365,29009.55461,20854.93236,98413.82794,185039.4611,86503.12943
701,0,5707.76275,32107,17669,21994,39890,56594,34906,80537,50840,26675,4135.95,3939,3229.98,10832.25,14259.18,23397.66,14771.25,7365.93,1811.94,13670.88294,10416.03641,11077.20459,10492.64157,42635.81243,15268.21586,23462.01365,29009.55461,20854.93236,98413.82794,185039.4611,86503.12943
702,0,5707.76275,31515,17546,21277,40538,59646,35935,88277,56946,30348,4135.95,3939,3229.98,10832.25,14259.18,23397.66,14771.25,7365.93,1811.94,13670.88294,10416.03641,11077.20459,10492.64157,42635.81243,15268.21586,23462.01365,29009.55461,20854.93236,98413.82794,185039.4611,86503.12943
703,0,5707.76275,31306,17777,21554,43898,65769,38914,103843,68522,35344,4135.95,3939,3229.98,10832.25,14259.18,23397.66,14771.25,7365.93,1811.94,13670.88294,10416.03641,11077.20459,10492.64157,42635.81243,15268.21586,23462.01365,29009.55461,20854.93236,98413.82794,185039.4611,86503.12943
704,0,5707.76275,33179,18875,23309,50555,72819,44407,119900,76833,38954,4135.95,3939,3229.98,10832.25,14259.18,23397.66,14771.25,7365.93,1811.94,13670.88294,10416.03641,11077.20459,10492.64157,42635.81243,15268.21586,23462.01365,29009.55461,20854.93236,98413.82794,185039.4611,86503.12943
705,0,5707.76275,37090,21027,26978,56895,78874,48590,136141,86229,43294,4135.95,3939,3229.98,10832.25,14259.18,23397.66,14771.25,7365.93,1811.94,13670.88294,10416.03641,11077.20459,10492.64157,42635.81243,15268.21586,23462.01365,29009.55461,20854.93236,98413.82794,185039.4611,86503.12943
706,0,5707.76275,42034,22487,30672,63999,85105,53416,150769,91229,45011,4135.95,3939,3229.98,10832.25,14259.18,23397.66,14771.25,7365.93,1811.94,13670.88294,10416.03641,11077.20459,10492.64157,42635.81243,15268.21586,23462.01365,29009.55461,20854.93236,98413.82794,185039.4611,86503.12943
707,0,5707.76275,46340,24227,34542,70682,87928,56820,160222,94610,45686,4135.95,3939,3229.98,10832.25,14259.18,23397.66,14771.25,7365.93,1811.94,13670.88294,10416.03641,11077.20459,10492.64157,42635.81243,15268.21586,23462.01365,29009.55461,20854.93236,98413.82794,185039.4611,86503.12943
708,0,5707.76275,50991,25979,37625,74362,90113,59195,170795,99925,47594,4135.95,3939,3229.98,10832.25,14259.18,23397.66,14771.25,7365.93,1811.94,13670.88294,10416.03641,11077.20459,10492.64157,42635.81243,15268.21586,23462.01365,29009.55461,20854.93236,98413.82794,185039.4611,86503.12943
709,0,5707.76275,53128,26723,39606,79181,92868,62452,177108,101016,47418,4135.95,3939,3229.98,10832.25,14259.18,23397.66,14771.25,7365.93,1811.94,13670.88294,10416.03641,11077.20459,10492.64157,42635.81243,15268.21586,23462.01365,29009.55461,20854.93236,98413.82794,185039.4611,86503.12943
710,0,5707.76275,54919,26868,42032,82043,92777,63560,180488,101439,46990,4135.95,3939,3229.98,10832.25,14259.18,23397.66,14771.25,7365.93,1811.94,13670.88294,10416.03641,11077.20459,10492.64157,42635.81243,15268.21586,23462.01365,29009.55461,20854.93236,98413.82794,185039.4611,86503.12943
711,0,5707.76275,57510,27566,43660,84255,92811,64408,183671,102414,47163,4135.95,3939,3229.98,10832.25,14259.18,23397.66,14771.25,7365.93,1811.94,13670.88294,10416.03641,11077.20459,10492.64157,42635.81243,15268.21586,23462.01365,29009.55461,20854.93236,98413.82794,185039.4611,86503.12943
712,0,5707.76275,57517,27455,44593,86532,93884,65523,188336,104901,48437,4135.95,3939,3229.98,10832.25,14259.18,23397.66,14771.25,7365.93,1811.94,13670.88294,10416.03641,11077.20459,10492.64157,42635.81243,15268.21586,23462.01365,29009.55461,20854.93236,98413.82794,185039.4611,86503.12943
713,0,5707.76275,57458,27361,45685,89273,95518,67394,192163,105084,48445,4135.95,3939,3229.98,10832.25,14259.18,23397.66,14771.25,7365.93,1811.94,13670.88294,10416.03641,11077.20459,10492.64157,42635.81243,15268.21586,23462.01365,29009.55461,20854.93236,98413.82794,185039.4611,86503.12943
714,0,5707.76275,57984,27579,47336,91934,96616,68109,194129,109079,51151,4135.95,3939,3229.98,10832.25,14259.18,23397.66,14771.25,7365.93,1811.94,13670.88294,10416.03641,11077.20459,10492.64157,42635.81243,15268.21586,23462.01365,29009.55461,20854.93236,98413.82794,185039.4611,86503.12943
715,0,5707.76275,59294,28053,48463,91380,99452,69838,186831,103827,49644,4135.95,3939,3229.98,10832.25,14259.18,23397.66,14771.25,7365.93,1811.94,13670.88294,10416.03641,11077.20459,10492.64157,42635.81243,15268.21586,23462.01365,29009.55461,20854.93236,98413.82794,185039.4611,86503.12943
716,0,5707.76275,59234,28266,49210,86100,95677,67017,170365,94032,45599,4135.95,3939,3229.98,10832.25,14259.18,23397.66,14771.25,7365.93,1811.94,13670.88294,10416.03641,11077.20459,10492.64157,42635.81243,15268.21586,23462.01365,29009.55461,20854.93236,98413.82794,185039.4611,86503.12943
717,0,5707.76275,61938,29052,47644,78461,90022,61945,157165,89214,44208,4135.95,3939,3229.98,10832.25,14259.18,23397.66,14771.25,7365.93,1811.94,13670.88294,10416.03641,11077.20459,10492.64157,42635.81243,15268.21586,23462.01365,29009.55461,20854.93236,98413.82794,185039.4611,86503.12943
718,0,5707.76275,59604,27865,43843,72934,86589,58972,143155,81120,40619,4135.95,3939,3229.98,10832.25,14259.18,23397.66,14771.25,7365.93,1811.94,13670.88294,10416.03641,11077.20459,10492.64157,42635.81243,15268.21586,23462.01365,29009.55461,20854.93236,98413.82794,185039.4611,86503.12943
719,0,5707.76275,55248,26039,40878,66593,80267,54612,125320,69923,34788,4135.95,3939,3229.98,10832.25,14259.18,23397.66,14771.25,7365.93,1811.94,13670.88294,10416.03641,11077.20459,10492.64157,42635.81243,15268.21586,23462.01365,29009.55461,20854.93236,98413.82794,185039.4611,86503.12943
720,0,5707.76275,52974,25168,37471,59365,73949,49128,111403,62876,30601,4135.95,3939,3229.98,10832.25,14259.18,23397.66,14771.25,7365.93,1811.94,13670.88294,10416.03641,11077.20459,10492.64157,42635.81243,15268.21586,23462.01365,29009.55461,20854.93236,98413.82794,185039.4611,86503.12943
721,0,5707.76275,48463,23553,32895,57606,73057,48934,103024,59072,29100,4135.95,3939,3229.98,10832.25,14259.18,23397.66,14771.25,7365.93,1811.94,13670.88294,10416.03641,11077.20459,10492.64157,42635.81243,15268.21586,23462.01365,29009.55461,20854.93236,98413.82794,185039.4611,86503.12943
722,0,5707.76275,42102,21848,29123,53896,70313,46194,97880,57515,28412,4135.95,3939,3229.98,10832.25,14259.18,23397.66,14771.25,7365.93,1811.94,13670.88294,10416.03641,11077.20459,10492.64157,42635.81243,15268.21586,23462.01365,29009.55461,20854.93236,98413.82794,185039.4611,86503.12943
723,0,5707.76275,38167,21875,27059,51967,69731,45030,95713,57441,28721,4135.95,3939,3229.98,10832.25,14259.18,23397.66,14771.25,7365.93,1811.94,13670.88294,10416.03641,11077.20459,10492.64157,42635.81243,15268.21586,23462.01365,29009.55461,20854.93236,98413.82794,185039.4611,86503.12943
724,0,5707.76275,36213,21421,25833,50429,70068,44374,95920,59149,29857,4135.95,3939,3229.98,10832.25,14259.18,23397.66,14771.25,7365.93,1811.94,13670.88294,10416.03641,11077.20459,10492.64157,42635.81243,15268.21586,23462.01365,29009.55461,20854.93236,98413.82794,185039.4611,86503.12943
725,0,5707.76275,35504,21460,25388,50370,73011,44755,103176,66471,33902,4135.95,3939,3229.98,10832.25,14259.18,23397.66,14771.25,7365.93,1811.94,13670.88294,10416.03641,11077.20459,10492.64157,42635.81243,15268.21586,23462.01365,29009.55461,20854.93236,98413.82794,185039.4611,86503.12943
726,0,5707.76275,35718,21791,25608,53953,82835,48553,124834,84739,44641,4135.95,3939,3229.98,10832.25,14259.18,23397.66,14771.25,7365.93,1811.94,13670.88294,10416.03641,11077.20459,10492.64157,42635.81243,15268.21586,23462.01365,29009.55461,20854.93236,98413.82794,185039.4611,86503.12943
727,0,5707.76275,37027,22909,27492,64062,99732,58336,151850,100531,52245,4135.95,3939,3229.98,10832.25,14259.18,23397.66,14771.25,7365.93,1811.94,13670.88294,10416.03641,11077.20459,10492.64157,42635.81243,15268.21586,23462.01365,29009.55461,20854.93236,98413.82794,185039.4611,86503.12943
728,0,5707.76275,42076,25970,33184,75604,111793,68216,168989,105708,53745,4135.95,3939,3229.98,10832.25,14259.18,23397.66,14771.25,7365.93,1811.94,13670.88294,10416.03641,11077.20459,10492.64157,42635.81243,15268.21586,23462.01365,29009.55461,20854.93236,98413.82794,185039.4611,86503.12943
729,0,5707.76275,52871,31782,39989,82320,114911,72866,173620,103745,51803,4135.95,3939,3229.98,10832.25,14259.18,23397.66,14771.25,7365.93,1811.94,13670.88294,10416.03641,11077.20459,10492.64157,42635.81243,15268.21586,23462.01365,29009.55461,20854.93236,98413.82794,185039.4611,86503.12943
730,0,5707.76275,61830,34691,43786,84817,113879,73258,181958,107051,53237,4135.95,3939,3229.98,10832.25,14259.18,23397.66,14771.25,7365.93,1811.94,13670.88294,10416.03641,11077.20459,10492.64157,42635.81243,15268.21586,23462.01365,29009.55461,20854.93236,98413.82794,185039.4611,86503.12943
731,0,5707.76275,64014,35270,44441,90436,116536,76559,191987,111666,54873,4135.95,3939,3229.98,10832.25,14259.18,23397.66,14771.25,7365.93,1811.94,13670.88294,10416.03641,11077.20459,10492.64157,42635.81243,15268.21586,23462.01365,29009.55461,20854.93236,98413.82794,185039.4611,86503.12943
732,0,5707.76275,62781,34590,45831,94744,119764,79744,200215,114188,55656,4135.95,3939,3229.98,10832.25,14259.18,23397.66,14771.25,7365.93,1811.94,13670.88294,10416.03641,11077.20459,10492.64157,42635.81243,15268.21586,23462.01365,29009.55461,20854.93236,98413.82794,185039.4611,86503.12943
733,0,5707.76275,64867,35387,48254,98817,121238,82207,205033,114411,55180,4135.95,3939,3229.98,10832.25,14259.18,23397.66,14771.25,7365.93,1811.94,13670.88294,10416.03641,11077.20459,10492.64157,42635.81243,15268.21586,23462.01365,29009.55461,20854.93236,98413.82794,185039.4611,86503.12943
734,0,5707.76275,67736,35857,50317,101735,121216,83396,208883,114890,55072,4135.95,3939,3229.98,10832.25,14259.18,23397.66,14771.25,7365.93,1811.94,13670.88294,10416.03641,11077.20459,10492.64157,42635.81243,15268.21586,23462.01365,29009.55461,20854.93236,98413.82794,185039.4611,86503.12943
735,0,5707.76275,69210,36109,51619,104752,122807,84722,218789,121504,58662,4135.95,3939,3229.98,10832.25,14259.18,23397.66,14771.25,7365.93,1811.94,13670.88294,10416.03641,11077.20459,10492.64157,42635.81243,15268.21586,23462.01365,29009.55461,20854.93236,98413.82794,185039.4611,86503.12943
736,0,5707.76275,69361,35903,52800,110139,128569,88804,231059,127803,62040,4135.95,3939,3229.98,10832.25,14259.18,23397.66,14771.25,7365.93,1811.94,13670.88294,10416.03641,11077.20459,10492.64157,42635.81243,15268.21586,23462.01365,29009.55461,20854.93236,98413.82794,185039.4611,86503.12943
737,0,5707.76275,70391,36148,55732,115482,134486,92729,246474,135360,66620,4135.95,3939,3229.98,10832.25,14259.18,23397.66,14771.25,7365.93,1811.94,13670.88294,10416.03641,11077.20459,10492.64157,42635.81243,15268.21586,23462.01365,29009.55461,20854.93236,98413.82794,185039.4611,86503.12943
738,0,5707.76275,75151,37686,59437,122452,136786,97914,234787,123364,60536,4135.95,3939,3229.98,10832.25,14259.18,23397.66,14771.25,7365.93,1811.94,13670.88294,10416.03641,11077.20459,10492.64157,42635.81243,15268.21586,23462.01365,29009.55461,20854.93236,98413.82794,185039.4611,86503.12943
739,0,5707.76275,79911,39212,63445,113252,124046,90323,202681,102747,50005,4135.95,3939,3229.98,10832.25,14259.18,23397.66,14771.25,7365.93,1811.94,13670.88294,10416.03641,11077.20459,10492.64157,42635.81243,15268.21586,23462.01365,29009.55461,20854.93236,98413.82794,185039.4611,86503.12943
740,0,5707.76275,83660,39965,61057,98382,108824,78336,179269,95160,46755,4135.95,3939,3229.98,10832.25,14259.18,23397.66,14771.25,7365.93,1811.94,13670.88294,10416.03641,11077.20459,10492.64157,42635.81243,15268.21586,23462.01365,29009.55461,20854.93236,98413.82794,185039.4611,86503.12943
741,0,5707.76275,74532,36125,52835,89686,103069,72763,163285,88264,43665,4135.95,3939,3229.98,10832.25,14259.18,23397.66,14771.25,7365.93,1811.94,13670.88294,10416.03641,11077.20459,10492.64157,42635.81243,15268.21586,23462.01365,29009.55461,20854.93236,98413.82794,185039.4611,86503.12943
742,0,5707.76275,61947,31616,47002,82259,97073,67824,146718,79249,39201,4135.95,3939,3229.98,10832.25,14259.18,23397.66,14771.25,7365.93,1811.94,13670.88294,10416.03641,11077.20459,10492.64157,42635.81243,15268.21586,23462.01365,29009.55461,20854.93236,98413.82794,185039.4611,86503.12943
743,0,5707.76275,57611,29931,43134,74164,88895,61901,129686,70369,34730,4135.95,3939,3229.98,10832.25,14259.18,23397.66,14771.25,7365.93,1811.94,13670.88294,10416.03641,11077.20459,10492.64157,42635.81243,15268.21586,23462.01365,29009.55461,20854.93236,98413.82794,185039.4611,86503.12943
744,0,5707.76275,53589,28203,38822,66246,80498,55869,112964,61340,30847,4135.95,3939,3229.98,10832.25,14259.18,23397.66,14771.25,7365.93,1811.94,13670.88294,10416.03641,11077.20459,10492.64157,42635.81243,15268.21586,23462.01365,29009.55461,20854.93236,98413.82794,185039.4611,86503.12943
745,0,5707.76275,48272,26002,34423,58933,73701,50261,102719,58156,29361,4135.95,3939,3229.98,10832.25,14259.18,23397.66,14771.25,7365.93,1811.94,13670.88294,10416.03641,11077.20459,10492.64157,42635.81243,15268.21586,23462.01365,29009.55461,20854.93236,98413.82794,185039.4611,86503.12943
746,0,5707.76275,43135,23769,30547,54887,70863,47475,97567,56779,28719,4135.95,3939,3229.98,10832.25,14259.18,23397.66,14771.25,7365.93,1811.94,13670.88294,10416.03641,11077.20459,10492.64157,42635.81243,15268.21586,23462.01365,29009.55461,20854.93236,98413.82794,185039.4611,86503.12943
747,0,5707.76275,38688,21951,27915,52653,70027,46130,95350,56877,29058,4135.95,3939,3229.98,10832.25,14259.18,23397.66,14771.25,7365.93,1811.94,13670.88294,10416.03641,11077.20459,10492.64157,42635.81243,15268.21586,23462.01365,29009.55461,20854.93236,98413.82794,185039.4611,86503.12943
748,0,5707.76275,36612,21456,26632,51143,70170,45331,95516,58665,30149,4135.95,3939,3229.98,10832.25,14259.18,23397.66,14771.25,7365.93,1811.94,13670.88294,10416.03641,11077.20459,10492.64157,42635.81243,15268.21586,23462.01365,29009.55461,20854.93236,98413.82794,185039.4611,86503.12943
749,0,5707.76275,35821,21492,26056,50923,72917,45564,102673,65901,34126,4135.95,3939,3229.98,10832.25,14259.18,23397.66,14771.25,7365.93,1811.94,13670.88294,10416.03641,11077.20459,10492.64157,42635.81243,15268.21586,23462.01365,29009.55461,20854.93236,98413.82794,185039.4611,86503.12943
750,0,5707.76275,36029,21832,26159,54310,82430,49294,123964,84071,45122,4135.95,3939,3229.98,10832.25,14259.18,23397.66,14771.25,7365.93,1811.94,13670.88294,10416.03641,11077.20459,10492.64157,42635.81243,15268.21586,23462.01365,29009.55461,20854.93236,98413.82794,185039.4611,86503.12943
751,0,5707.76275,37323,22945,28031,64287,98920,58893,150284,99022,52321,4135.95,3939,3229.98,10832.25,14259.18,23397.66,14771.25,7365.93,1811.94,13670.88294,10416.03641,11077.20459,10492.64157,42635.81243,15268.21586,23462.01365,29009.55461,20854.93236,98413.82794,185039.4611,86503.12943
752,0,5707.76275,42285,25955,33810,75730,111447,68688,166743,103592,53800,4135.95,3939,3229.98,10832.25,14259.18,23397.66,14771.25,7365.93,1811.94,13670.88294,10416.03641,11077.20459,10492.64157,42635.81243,15268.21586,23462.01365,29009.55461,20854.93236,98413.82794,185039.4611,86503.12943
753,0,5707.76275,52883,31761,40686,82530,114947,73491,170901,101010,51594,4135.95,3939,3229.98,10832.25,14259.18,23397.66,14771.25,7365.93,1811.94,13670.88294,10416.03641,11077.20459,10492.64157,42635.81243,15268.21586,23462.01365,29009.55461,20854.93236,98413.82794,185039.4611,86503.12943
754,0,5707.76275,61886,34698,44755,85185,114126,74083,178583,103744,52960,4135.95,3939,3229.98,10832.25,14259.18,23397.66,14771.25,7365.93,1811.94,13670.88294,10416.03641,11077.20459,10492.64157,42635.81243,15268.21586,23462.01365,29009.55461,20854.93236,98413.82794,185039.4611,86503.12943
755,0,5707.76275,64639,35259,45525,90720,117073,77625,188143,107811,54515,4135.95,3939,3229.98,10832.25,14259.18,23397.66,14771.25,7365.93,1811.94,13670.88294,10416.03641,11077.20459,10492.64157,42635.81243,15268.21586,23462.01365,29009.55461,20854.93236,98413.82794,185039.4611,86503.12943
756,0,5707.76275,63987,34577,47156,94968,120649,80781,196021,109834,55221,4135.95,3939,3229.98,10832.25,14259.18,23397.66,14771.25,7365.93,1811.94,13670.88294,10416.03641,11077.20459,10492.64157,42635.81243,15268.21586,23462.01365,29009.55461,20854.93236,98413.82794,185039.4611,86503.12943
757,0,5707.76275,66349,35368,49671,99097,122411,83324,200742,109604,54684,4135.95,3939,3229.98,10832.25,14259.18,23397.66,14771.25,7365.93,1811.94,13670.88294,10416.03641,11077.20459,10492.64157,42635.81243,15268.21586,23462.01365,29009.55461,20854.93236,98413.82794,185039.4611,86503.12943
758,0,5707.76275,69463,35838,51863,102292,122780,84593,204343,109695,54544,4135.95,3939,3229.98,10832.25,14259.18,23397.66,14771.25,7365.93,1811.94,13670.88294,10416.03641,11077.20459,10492.64157,42635.81243,15268.21586,23462.01365,29009.55461,20854.93236,98413.82794,185039.4611,86503.12943
759,0,5707.76275,71156,36094,53253,105566,124729,86141,214034,115924,58117,4135.95,3939,3229.98,10832.25,14259.18,23397.66,14771.25,7365.93,1811.94,13670.88294,10416.03641,11077.20459,10492.64157,42635.81243,15268.21586,23462.01365,29009.55461,20854.93236,98413.82794,185039.4611,86503.12943
760,0,5707.76275,71596,35896,54506,111408,130708,90404,226053,121643,61578,4135.95,3939,3229.98,10832.25,14259.18,23397.66,14771.25,7365.93,1811.94,13670.88294,10416.03641,11077.20459,10492.64157,42635.81243,15268.21586,23462.01365,29009.55461,20854.93236,98413.82794,185039.4611,86503.12943
761,0,5707.76275,72946,36127,57633,117343,136893,94634,241079,129033,66316,4135.95,3939,3229.98,10832.25,14259.18,23397.66,14771.25,7365.93,1811.94,13670.88294,10416.03641,11077.20459,10492.64157,42635.81243,15268.21586,23462.01365,29009.55461,20854.93236,98413.82794,185039.4611,86503.12943
762,0,5707.76275,77958,37657,61153,125056,139478,100209,229695,117657,60269,4135.95,3939,3229.98,10832.25,14259.18,23397.66,14771.25,7365.93,1811.94,13670.88294,10416.03641,11077.20459,10492.64157,42635.81243,15268.21586,23462.01365,29009.55461,20854.93236,98413.82794,185039.4611,86503.12943
763,0,5707.76275,82941,39197,65323,115804,126612,92421,198319,98192,49763,4135.95,3939,3229.98,10832.25,14259.18,23397.66,14771.25,7365.93,1811.94,13670.88294,10416.03641,11077.20459,10492.64157,42635.81243,15268.21586,23462.01365,29009.55461,20854.93236,98413.82794,185039.4611,86503.12943
764,0,5707.76275,86758,39992,62880,100754,110924,80018,175661,91791,46533,4135.95,3939,3229.98,10832.25,14259.18,23397.66,14771.25,7365.93,1811.94,13670.88294,10416.03641,11077.20459,10492.64157,42635.81243,15268.21586,23462.01365,29009.55461,20854.93236,98413.82794,185039.4611,86503.12943
765,0,5707.76275,77155,36170,54548,91475,104607,74039,160319,85729,43404,4135.95,3939,3229.98,10832.25,14259.18,23397.66,14771.25,7365.93,1811.94,13670.88294,10416.03641,11077.20459,10492.64157,42635.81243,15268.21586,23462.01365,29009.55461,20854.93236,98413.82794,185039.4611,86503.12943
766,0,5707.76275,64147,31662,48473,83387,98102,68717,144096,77374,39000,4135.95,3939,3229.98,10832.25,14259.18,23397.66,14771.25,7365.93,1811.94,13670.88294,10416.03641,11077.20459,10492.64157,42635.81243,15268.21586,23462.01365,29009.55461,20854.93236,98413.82794,185039.4611,86503.12943
767,0,5707.76275,59218,29985,44410,74985,89501,62349,127539,68942,34595,4135.95,3939,3229.98,10832.25,14259.18,23397.66,14771.25,7365.93,1811.94,13670.88294,10416.03641,11077.20459,10492.64157,42635.81243,15268.21586,23462.01365,29009.55461,20854.93236,98413.82794,185039.4611,86503.12943
768,0,5707.76275,54643,28269,40045,67050,80860,56161,111726,61310,30538,4135.95,3939,3229.98,10832.25,14259.18,23397.66,14771.25,7365.93,1811.94,13670.88294,10416.03641,11077.20459,10492.64157,42635.81243,15268.21586,23462.01365,29009.55461,20854.93236,98413.82794,185039.4611,86503.12943
769,0,5707.76275,49038,26073,35468,59364,73861,50221,102036,57928,28866,4135.95,3939,3229.98,10832.25,14259.18,23397.66,14771.25,7365.93,1811.94,13670.88294,10416.03641,11077.20459,10492.64157,42635.81243,15268.21586,23462.01365,29009.55461,20854.93236,98413.82794,185039.4611,86503.12943
770,0,5707.76275,43722,23833,31447,55226,71037,47367,97036,56534,28085,4135.95,3939,3229.98,10832.25,14259.18,23397.66,14771.25,7365.93,1811.94,13670.88294,10416.03641,11077.20459,10492.64157,42635.81243,15268.21586,23462.01365,29009.55461,20854.93236,98413.82794,185039.4611,86503.12943
771,0,5707.76275,39003,22209,28659,52886,70239,45946,94910,56608,28291,4135.95,3939,3229.98,10832.25,14259.18,23397.66,14771.25,7365.93,1811.94,13670.88294,10416.03641,11077.20459,10492.64157,42635.81243,15268.21586,23462.01365,29009.55461,20854.93236,98413.82794,185039.4611,86503.12943
772,0,5707.76275,36886,21788,27290,51288,70403,45090,95163,58396,29333,4135.95,3939,3229.98,10832.25,14259.18,23397.66,14771.25,7365.93,1811.94,13670.88294,10416.03641,11077.20459,10492.64157,42635.81243,15268.21586,23462.01365,29009.55461,20854.93236,98413.82794,185039.4611,86503.12943
773,0,5707.76275,36042,21928,26629,51035,73175,45312,102337,65701,33316,4135.95,3939,3229.98,10832.25,14259.18,23397.66,14771.25,7365.93,1811.94,13670.88294,10416.03641,11077.20459,10492.64157,42635.81243,15268.21586,23462.01365,29009.55461,20854.93236,98413.82794,185039.4611,86503.12943
774,0,5707.76275,36204,22399,26648,54434,82815,48952,123361,83756,43788,4135.95,3939,3229.98,10832.25,14259.18,23397.66,14771.25,7365.93,1811.94,13670.88294,10416.03641,11077.20459,10492.64157,42635.81243,15268.21586,23462.01365,29009.55461,20854.93236,98413.82794,185039.4611,86503.12943
775,0,5707.76275,37476,23636,28408,64270,99462,58608,149506,98820,51443,4135.95,3939,3229.98,10832.25,14259.18,23397.66,14771.25,7365.93,1811.94,13670.88294,10416.03641,11077.20459,10492.64157,42635.81243,15268.21586,23462.01365,29009.55461,20854.93236,98413.82794,185039.4611,86503.12943
776,0,5707.76275,42451,26742,34146,75720,111989,68547,165505,103678,53555,4135.95,3939,3229.98,10832.25,14259.18,23397.66,14771.25,7365.93,1811.94,13670.88294,10416.03641,11077.20459,10492.64157,42635.81243,15268.21586,23462.01365,29009.55461,20854.93236,98413.82794,185039.4611,86503.12943
777,0,5707.76275,53063,32794,41107,82721,115439,73383,169725,101448,51963,4135.95,3939,3229.98,10832.25,14259.18,23397.66,14771.25,7365.93,1811.94,13670.88294,10416.03641,11077.20459,10492.64157,42635.81243,15268.21586,23462.01365,29009.55461,20854.93236,98413.82794,185039.4611,86503.12943
778,0,5707.76275,62137,35406,45399,85223,114501,73980,177546,104545,53627,4135.95,3939,3229.98,10832.25,14259.18,23397.66,14771.25,7365.93,1811.94,13670.88294,10416.03641,11077.20459,10492.64157,42635.81243,15268.21586,23462.01365,29009.55461,20854.93236,98413.82794,185039.4611,86503.12943
779,0,5707.76275,65083,35767,46435,90944,117267,77513,187392,109221,55737,4135.95,3939,3229.98,10832.25,14259.18,23397.66,14771.25,7365.93,1811.94,13670.88294,10416.03641,11077.20459,10492.64157,42635.81243,15268.21586,23462.01365,29009.55461,20854.93236,98413.82794,185039.4611,86503.12943
780,0,5707.76275,64502,34840,48441,95212,120642,80714,195563,111968,57041,4135.95,3939,3229.98,10832.25,14259.18,23397.66,14771.25,7365.93,1811.94,13670.88294,10416.03641,11077.20459,10492.64157,42635.81243,15268.21586,23462.01365,29009.55461,20854.93236,98413.82794,185039.4611,86503.12943
781,0,5707.76275,66921,35627,51209,99483,122158,83215,200360,112435,57078,4135.95,3939,3229.98,10832.25,14259.18,23397.66,14771.25,7365.93,1811.94,13670.88294,10416.03641,11077.20459,10492.64157,42635.81243,15268.21586,23462.01365,29009.55461,20854.93236,98413.82794,185039.4611,86503.12943
782,0,5707.76275,70007,35847,53694,102793,122241,84442,204273,113213,57362,4135.95,3939,3229.98,10832.25,14259.18,23397.66,14771.25,7365.93,1811.94,13670.88294,10416.03641,11077.20459,10492.64157,42635.81243,15268.21586,23462.01365,29009.55461,20854.93236,98413.82794,185039.4611,86503.12943
783,0,5707.76275,71691,36009,55506,106256,123875,85685,214228,120032,61377,4135.95,3939,3229.98,10832.25,14259.18,23397.66,14771.25,7365.93,1811.94,13670.88294,10416.03641,11077.20459,10492.64157,42635.81243,15268.21586,23462.01365,29009.55461,20854.93236,98413.82794,185039.4611,86503.12943
784,0,5707.76275,72185,35749,57061,112157,129725,89783,226918,126630,65266,4135.95,3939,3229.98,10832.25,14259.18,23397.66,14771.25,7365.93,1811.94,13670.88294,10416.03641,11077.20459,10492.64157,42635.81243,15268.21586,23462.01365,29009.55461,20854.93236,98413.82794,185039.4611,86503.12943
785,0,5707.76275,73492,35952,60509,118437,135689,93674,242335,134690,70188,4135.95,3939,3229.98,10832.25,14259.18,23397.66,14771.25,7365.93,1811.94,13670.88294,10416.03641,11077.20459,10492.64157,42635.81243,15268.21586,23462.01365,29009.55461,20854.93236,98413.82794,185039.4611,86503.12943
786,0,5707.76275,78413,37510,64527,126529,138276,98844,231078,123099,64036,4135.95,3939,3229.98,10832.25,14259.18,23397.66,14771.25,7365.93,1811.94,13670.88294,10416.03641,11077.20459,10492.64157,42635.81243,15268.21586,23462.01365,29009.55461,20854.93236,98413.82794,185039.4611,86503.12943
787,0,5707.76275,83236,39122,69099,117195,125547,91148,198685,102724,52980,4135.95,3939,3229.98,10832.25,14259.18,23397.66,14771.25,7365.93,1811.94,13670.88294,10416.03641,11077.20459,10492.64157,42635.81243,15268.21586,23462.01365,29009.55461,20854.93236,98413.82794,185039.4611,86503.12943
788,0,5707.76275,86867,39988,65937,102132,110191,79073,175390,95098,48840,4135.95,3939,3229.98,10832.25,14259.18,23397.66,14771.25,7365.93,1811.94,13670.88294,10416.03641,11077.20459,10492.64157,42635.81243,15268.21586,23462.01365,29009.55461,20854.93236,98413.82794,185039.4611,86503.12943
789,0,5707.76275,77143,36113,57055,92718,104219,73271,159715,88092,45090,4135.95,3939,3229.98,10832.25,14259.18,23397.66,14771.25,7365.93,1811.94,13670.88294,10416.03641,11077.20459,10492.64157,42635.81243,15268.21586,23462.01365,29009.55461,20854.93236,98413.82794,185039.4611,86503.12943
790,0,5707.76275,64100,31679,50478,84310,97897,68157,143138,79144,40327,4135.95,3939,3229.98,10832.25,14259.18,23397.66,14771.25,7365.93,1811.94,13670.88294,10416.03641,11077.20459,10492.64157,42635.81243,15268.21586,23462.01365,29009.55461,20854.93236,98413.82794,185039.4611,86503.12943
791,0,5707.76275,59199,30092,45953,75573,89520,61919,126568,70267,35545,4135.95,3939,3229.98,10832.25,14259.18,23397.66,14771.25,7365.93,1811.94,13670.88294,10416.03641,11077.20459,10492.64157,42635.81243,15268.21586,23462.01365,29009.55461,20854.93236,98413.82794,185039.4611,86503.12943
792,0,5707.76275,54637,28326,41309,67457,81225,55814,111159,61873,31274,4135.95,3939,3229.98,10832.25,14259.18,23397.66,14771.25,7365.93,1811.94,13670.88294,10416.03641,11077.20459,10492.64157,42635.81243,15268.21586,23462.01365,29009.55461,20854.93236,98413.82794,185039.4611,86503.12943
793,0,5707.76275,49035,26166,36607,59644,74552,49923,101360,58337,29141,4135.95,3939,3229.98,10832.25,14259.18,23397.66,14771.25,7365.93,1811.94,13670.88294,10416.03641,11077.20459,10492.64157,42635.81243,15268.21586,23462.01365,29009.55461,20854.93236,98413.82794,185039.4611,86503.12943
794,0,5707.76275,43752,24017,32087,55460,71431,47090,96342,56872,28155,4135.95,3939,3229.98,10832.25,14259.18,23397.66,14771.25,7365.93,1811.94,13670.88294,10416.03641,11077.20459,10492.64157,42635.81243,15268.21586,23462.01365,29009.55461,20854.93236,98413.82794,185039.4611,86503.12943
795,0,5707.76275,38838,22248,29253,53046,70412,45720,94226,56903,28183,4135.95,3939,3229.98,10832.25,14259.18,23397.66,14771.25,7365.93,1811.94,13670.88294,10416.03641,11077.20459,10492.64157,42635.81243,15268.21586,23462.01365,29009.55461,20854.93236,98413.82794,185039.4611,86503.12943
796,0,5707.76275,36786,21856,27821,51422,70473,44914,94485,58730,29118,4135.95,3939,3229.98,10832.25,14259.18,23397.66,14771.25,7365.93,1811.94,13670.88294,10416.03641,11077.20459,10492.64157,42635.81243,15268.21586,23462.01365,29009.55461,20854.93236,98413.82794,185039.4611,86503.12943
797,0,5707.76275,35990,22081,27102,51161,73229,45164,101532,65984,33115,4135.95,3939,3229.98,10832.25,14259.18,23397.66,14771.25,7365.93,1811.94,13670.88294,10416.03641,11077.20459,10492.64157,42635.81243,15268.21586,23462.01365,29009.55461,20854.93236,98413.82794,185039.4611,86503.12943
798,0,5707.76275,36135,22639,27017,54476,82791,48897,122283,84006,43265,4135.95,3939,3229.98,10832.25,14259.18,23397.66,14771.25,7365.93,1811.94,13670.88294,10416.03641,11077.20459,10492.64157,42635.81243,15268.21586,23462.01365,29009.55461,20854.93236,98413.82794,185039.4611,86503.12943
799,0,5707.76275,37391,24020,28740,64326,99609,58415,148206,99370,51825,4135.95,3939,3229.98,10832.25,14259.18,23397.66,14771.25,7365.93,1811.94,13670.88294,10416.03641,11077.20459,10492.64157,42635.81243,15268.21586,23462.01365,29009.55461,20854.93236,98413.82794,185039.4611,86503.12943
800,0,5707.76275,42344,27246,34464,75963,112781,68261,163942,104716,54669,4135.95,3939,3229.98,10832.25,14259.18,23397.66,14771.25,7365.93,1811.94,13670.88294,10416.03641,11077.20459,10492.64157,42635.81243,15268.21586,23462.01365,29009.55461,20854.93236,98413.82794,185039.4611,86503.12943
801,0,5707.76275,52981,33289,41456,82916,116948,72899,167699,103044,53666,4135.95,3939,3229.98,10832.25,14259.18,23397.66,14771.25,7365.93,1811.94,13670.88294,10416.03641,11077.20459,10492.64157,42635.81243,15268.21586,23462.01365,29009.55461,20854.93236,98413.82794,185039.4611,86503.12943
802,0,5707.76275,62006,35502,45751,85505,116778,73293,175024,106777,55948,4135.95,3939,3229.98,10832.25,14259.18,23397.66,14771.25,7365.93,1811.94,13670.88294,10416.03641,11077.20459,10492.64157,42635.81243,15268.21586,23462.01365,29009.55461,20854.93236,98413.82794,185039.4611,86503.12943
803,0,5707.76275,64522,35931,46803,91189,120453,76475,184950,111948,58844,4135.95,3939,3229.98,10832.25,14259.18,23397.66,14771.25,7365.93,1811.94,13670.88294,10416.03641,11077.20459,10492.64157,42635.81243,15268.21586,23462.01365,29009.55461,20854.93236,98413.82794,185039.4611,86503.12943
804,0,5707.76275,63457,35012,48736,95357,124695,79482,193423,115111,60499,4135.95,3939,3229.98,10832.25,14259.18,23397.66,14771.25,7365.93,1811.94,13670.88294,10416.03641,11077.20459,10492.64157,42635.81243,15268.21586,23462.01365,29009.55461,20854.93236,98413.82794,185039.4611,86503.12943
805,0,5707.76275,65509,35750,51371,99536,127033,81814,197192,115979,60878,4135.95,3939,3229.98,10832.25,14259.18,23397.66,14771.25,7365.93,1811.94,13670.88294,10416.03641,11077.20459,10492.64157,42635.81243,15268.21586,23462.01365,29009.55461,20854.93236,98413.82794,185039.4611,86503.12943
806,0,5707.76275,68274,35878,53633,102891,127945,82851,200248,117038,61523,4135.95,3939,3229.98,10832.25,14259.18,23397.66,14771.25,7365.93,1811.94,13670.88294,10416.03641,11077.20459,10492.64157,42635.81243,15268.21586,23462.01365,29009.55461,20854.93236,98413.82794,185039.4611,86503.12943
807,0,5707.76275,69642,36045,55283,106475,130268,84043,209975,124153,65653,4135.95,3939,3229.98,10832.25,14259.18,23397.66,14771.25,7365.93,1811.94,13670.88294,10416.03641,11077.20459,10492.64157,42635.81243,15268.21586,23462.01365,29009.55461,20854.93236,98413.82794,185039.4611,86503.12943
808,0,5707.76275,69688,35804,56589,112555,136810,88001,221901,131040,69641,4135.95,3939,3229.98,10832.25,14259.18,23397.66,14771.25,7365.93,1811.94,13670.88294,10416.03641,11077.20459,10492.64157,42635.81243,15268.21586,23462.01365,29009.55461,20854.93236,98413.82794,185039.4611,86503.12943
809,0,5707.76275,70558,36001,59747,118833,143411,91950,236103,139477,74389,4135.95,3939,3229.98,10832.25,14259.18,23397.66,14771.25,7365.93,1811.94,13670.88294,10416.03641,11077.20459,10492.64157,42635.81243,15268.21586,23462.01365,29009.55461,20854.93236,98413.82794,185039.4611,86503.12943
810,0,5707.76275,75203,37542,63529,126709,146117,97157,226247,127706,67890,4135.95,3939,3229.98,10832.25,14259.18,23397.66,14771.25,7365.93,1811.94,13670.88294,10416.03641,11077.20459,10492.64157,42635.81243,15268.21586,23462.01365,29009.55461,20854.93236,98413.82794,185039.4611,86503.12943
811,0,5707.76275,79841,39124,67866,117492,132639,89894,195623,106775,56192,4135.95,3939,3229.98,10832.25,14259.18,23397.66,14771.25,7365.93,1811.94,13670.88294,10416.03641,11077.20459,10492.64157,42635.81243,15268.21586,23462.01365,29009.55461,20854.93236,98413.82794,185039.4611,86503.12943
812,0,5707.76275,83556,39925,64467,102793,116000,78225,173637,98492,51794,4135.95,3939,3229.98,10832.25,14259.18,23397.66,14771.25,7365.93,1811.94,13670.88294,10416.03641,11077.20459,10492.64157,42635.81243,15268.21586,23462.01365,29009.55461,20854.93236,98413.82794,185039.4611,86503.12943
813,0,5707.76275,74366,36035,55769,93353,108791,72548,159003,90863,47724,4135.95,3939,3229.98,10832.25,14259.18,23397.66,14771.25,7365.93,1811.94,13670.88294,10416.03641,11077.20459,10492.64157,42635.81243,15268.21586,23462.01365,29009.55461,20854.93236,98413.82794,185039.4611,86503.12943
814,0,5707.76275,61821,31606,49567,84761,101367,67566,142985,81326,42324,4135.95,3939,3229.98,10832.25,14259.18,23397.66,14771.25,7365.93,1811.94,13670.88294,10416.03641,11077.20459,10492.64157,42635.81243,15268.21586,23462.01365,29009.55461,20854.93236,98413.82794,185039.4611,86503.12943
815,0,5707.76275,57605,29995,45431,76187,91987,61484,126610,72041,37047,4135.95,3939,3229.98,10832.25,14259.18,23397.66,14771.25,7365.93,1811.94,13670.88294,10416.03641,11077.20459,10492.64157,42635.81243,15268.21586,23462.01365,29009.55461,20854.93236,98413.82794,185039.4611,86503.12943
816,0,5707.76275,53662,28263,40958,68131,82941,55514,111866,63931,32052,4135.95,3939,3229.98,10832.25,14259.18,23397.66,14771.25,7365.93,1811.94,13670.88294,10416.03641,11077.20459,10492.64157,42635.81243,15268.21586,23462.01365,29009.55461,20854.93236,98413.82794,185039.4611,86503.12943
817,0,5707.76275,48357,26093,36344,60659,75647,50275,101918,60017,29790,4135.95,3939,3229.98,10832.25,14259.18,23397.66,14771.25,7365.93,1811.94,13670.88294,10416.03641,11077.20459,10492.64157,42635.81243,15268.21586,23462.01365,29009.55461,20854.93236,98413.82794,185039.4611,86503.12943
818,0,5707.76275,43209,23916,31821,56490,72336,47507,96926,58224,28713,4135.95,3939,3229.98,10832.25,14259.18,23397.66,14771.25,7365.93,1811.94,13670.88294,10416.03641,11077.20459,10492.64157,42635.81243,15268.21586,23462.01365,29009.55461,20854.93236,98413.82794,185039.4611,86503.12943
819,0,5707.76275,38599,22159,28907,54029,71162,46115,94670,57989,28676,4135.95,3939,3229.98,10832.25,14259.18,23397.66,14771.25,7365.93,1811.94,13670.88294,10416.03641,11077.20459,10492.64157,42635.81243,15268.21586,23462.01365,29009.55461,20854.93236,98413.82794,185039.4611,86503.12943
820,0,5707.76275,36603,21736,27544,52373,71041,45302,94855,59573,29581,4135.95,3939,3229.98,10832.25,14259.18,23397.66,14771.25,7365.93,1811.94,13670.88294,10416.03641,11077.20459,10492.64157,42635.81243,15268.21586,23462.01365,29009.55461,20854.93236,98413.82794,185039.4611,86503.12943
821,0,5707.76275,35850,21876,26847,51986,73716,45555,101966,66774,33608,4135.95,3939,3229.98,10832.25,14259.18,23397.66,14771.25,7365.93,1811.94,13670.88294,10416.03641,11077.20459,10492.64157,42635.81243,15268.21586,23462.01365,29009.55461,20854.93236,98413.82794,185039.4611,86503.12943
822,0,5707.76275,36077,22355,26823,55188,83224,49241,123081,84942,43669,4135.95,3939,3229.98,10832.25,14259.18,23397.66,14771.25,7365.93,1811.94,13670.88294,10416.03641,11077.20459,10492.64157,42635.81243,15268.21586,23462.01365,29009.55461,20854.93236,98413.82794,185039.4611,86503.12943
823,0,5707.76275,37383,23688,28549,64827,100302,58823,149565,101411,52178,4135.95,3939,3229.98,10832.25,14259.18,23397.66,14771.25,7365.93,1811.94,13670.88294,10416.03641,11077.20459,10492.64157,42635.81243,15268.21586,23462.01365,29009.55461,20854.93236,98413.82794,185039.4611,86503.12943
824,0,5707.76275,42395,26849,34288,76274,114095,68909,166164,107974,55047,4135.95,3939,3229.98,10832.25,14259.18,23397.66,14771.25,7365.93,1811.94,13670.88294,10416.03641,11077.20459,10492.64157,42635.81243,15268.21586,23462.01365,29009.55461,20854.93236,98413.82794,185039.4611,86503.12943
825,0,5707.76275,53176,32652,41143,83358,118872,73893,170156,107312,53764,4135.95,3939,3229.98,10832.25,14259.18,23397.66,14771.25,7365.93,1811.94,13670.88294,10416.03641,11077.20459,10492.64157,42635.81243,15268.21586,23462.01365,29009.55461,20854.93236,98413.82794,185039.4611,86503.12943
826,0,5707.76275,61990,35053,45264,85951,119289,74602,177992,112028,55621,4135.95,3939,3229.98,10832.25,14259.18,23397.66,14771.25,7365.93,1811.94,13670.88294,10416.03641,11077.20459,10492.64157,42635.81243,15268.21586,23462.01365,29009.55461,20854.93236,98413.82794,185039.4611,86503.12943
827,0,5707.76275,64249,35531,46040,91504,123294,78194,187503,117627,58267,4135.95,3939,3229.98,10832.25,14259.18,23397.66,14771.25,7365.93,1811.94,13670.88294,10416.03641,11077.20459,10492.64157,42635.81243,15268.21586,23462.01365,29009.55461,20854.93236,98413.82794,185039.4611,86503.12943
828,0,5707.76275,63024,34773,47733,95772,127615,81427,195364,121089,59765,4135.95,3939,3229.98,10832.25,14259.18,23397.66,14771.25,7365.93,1811.94,13670.88294,10416.03641,11077.20459,10492.64157,42635.81243,15268.21586,23462.01365,29009.55461,20854.93236,98413.82794,185039.4611,86503.12943
829,0,5707.76275,64978,35508,50218,100492,130139,84105,199874,122219,59961,4135.95,3939,3229.98,10832.25,14259.18,23397.66,14771.25,7365.93,1811.94,13670.88294,10416.03641,11077.20459,10492.64157,42635.81243,15268.21586,23462.01365,29009.55461,20854.93236,98413.82794,185039.4611,86503.12943
830,0,5707.76275,67700,35895,52391,104319,131073,85674,203678,123607,60332,4135.95,3939,3229.98,10832.25,14259.18,23397.66,14771.25,7365.93,1811.94,13670.88294,10416.03641,11077.20459,10492.64157,42635.81243,15268.21586,23462.01365,29009.55461,20854.93236,98413.82794,185039.4611,86503.12943
831,0,5707.76275,69017,36132,53995,108411,133554,87405,213573,131149,64239,4135.95,3939,3229.98,10832.25,14259.18,23397.66,14771.25,7365.93,1811.94,13670.88294,10416.03641,11077.20459,10492.64157,42635.81243,15268.21586,23462.01365,29009.55461,20854.93236,98413.82794,185039.4611,86503.12943
832,0,5707.76275,69065,35948,55145,114935,140197,91875,226099,138235,68123,4135.95,3939,3229.98,10832.25,14259.18,23397.66,14771.25,7365.93,1811.94,13670.88294,10416.03641,11077.20459,10492.64157,42635.81243,15268.21586,23462.01365,29009.55461,20854.93236,98413.82794,185039.4611,86503.12943
833,0,5707.76275,69983,36201,58244,122087,146700,96317,241099,146911,72941,4135.95,3939,3229.98,10832.25,14259.18,23397.66,14771.25,7365.93,1811.94,13670.88294,10416.03641,11077.20459,10492.64157,42635.81243,15268.21586,23462.01365,29009.55461,20854.93236,98413.82794,185039.4611,86503.12943
834,0,5707.76275,74630,37733,62035,131311,149065,102074,229572,134129,66532,4135.95,3939,3229.98,10832.25,14259.18,23397.66,14771.25,7365.93,1811.94,13670.88294,10416.03641,11077.20459,10492.64157,42635.81243,15268.21586,23462.01365,29009.55461,20854.93236,98413.82794,185039.4611,86503.12943
835,0,5707.76275,79311,39223,66359,121687,135082,94336,197640,112317,54787,4135.95,3939,3229.98,10832.25,14259.18,23397.66,14771.25,7365.93,1811.94,13670.88294,10416.03641,11077.20459,10492.64157,42635.81243,15268.21586,23462.01365,29009.55461,20854.93236,98413.82794,185039.4611,86503.12943
836,0,5707.76275,83038,39905,63214,106370,118207,82018,174968,103149,50289,4135.95,3939,3229.98,10832.25,14259.18,23397.66,14771.25,7365.93,1811.94,13670.88294,10416.03641,11077.20459,10492.64157,42635.81243,15268.21586,23462.01365,29009.55461,20854.93236,98413.82794,185039.4611,86503.12943
837,0,5707.76275,73895,36029,54726,96836,110598,75810,160245,94742,46481,4135.95,3939,3229.98,10832.25,14259.18,23397.66,14771.25,7365.93,1811.94,13670.88294,10416.03641,11077.20459,10492.64157,42635.81243,15268.21586,23462.01365,29009.55461,20854.93236,98413.82794,185039.4611,86503.12943
838,0,5707.76275,61401,31522,48631,87453,102968,70317,144364,84641,41503,4135.95,3939,3229.98,10832.25,14259.18,23397.66,14771.25,7365.93,1811.94,13670.88294,10416.03641,11077.20459,10492.64157,42635.81243,15268.21586,23462.01365,29009.55461,20854.93236,98413.82794,185039.4611,86503.12943
839,0,5707.76275,57314,29839,44549,78371,93625,63921,127889,74772,36434,4135.95,3939,3229.98,10832.25,14259.18,23397.66,14771.25,7365.93,1811.94,13670.88294,10416.03641,11077.20459,10492.64157,42635.81243,15268.21586,23462.01365,29009.55461,20854.93236,98413.82794,185039.4611,86503.12943
840,0,5707.76275,53445,28182,40236,70059,82422,57592,108450,61665,31420,4135.95,3939,3229.98,10832.25,14259.18,23397.66,14771.25,7365.93,1811.94,13670.88294,10416.03641,11077.20459,10492.64157,42635.81243,15268.21586,23462.01365,29009.55461,20854.93236,98413.82794,185039.4611,86503.12943
841,0,5707.76275,51096,26585,38903,54054,74499,48920,94991,56795,28782,4135.95,3939,3229.98,10832.25,14259.18,23397.66,14771.25,7365.93,1811.94,13670.88294,10416.03641,11077.20459,10492.64157,42635.81243,15268.21586,23462.01365,29009.55461,20854.93236,98413.82794,185039.4611,86503.12943
842,0,5707.76275,45651,23718,33536,48408,68375,44547,87147,53073,27081,4135.95,3939,3229.98,10832.25,14259.18,23397.66,14771.25,7365.93,1811.94,13670.88294,10416.03641,11077.20459,10492.64157,42635.81243,15268.21586,23462.01365,29009.55461,20854.93236,98413.82794,185039.4611,86503.12943
843,0,5707.76275,38765,19567,29274,44658,64494,41600,82594,51158,26203,4135.95,3939,3229.98,10832.25,14259.18,23397.66,14771.25,7365.93,1811.94,13670.88294,10416.03641,11077.20459,10492.64157,42635.81243,15268.21586,23462.01365,29009.55461,20854.93236,98413.82794,185039.4611,86503.12943
844,0,5707.76275,35185,18270,26833,42372,62231,39823,79485,49825,25517,4135.95,3939,3229.98,10832.25,14259.18,23397.66,14771.25,7365.93,1811.94,13670.88294,10416.03641,11077.20459,10492.64157,42635.81243,15268.21586,23462.01365,29009.55461,20854.93236,98413.82794,185039.4611,86503.12943
845,0,5707.76275,33432,17469,25368,40864,61557,38595,80845,52117,26785,4135.95,3939,3229.98,10832.25,14259.18,23397.66,14771.25,7365.93,1811.94,13670.88294,10416.03641,11077.20459,10492.64157,42635.81243,15268.21586,23462.01365,29009.55461,20854.93236,98413.82794,185039.4611,86503.12943
846,0,5707.76275,32529,17126,24339,41377,64484,39298,88167,57712,29749,4135.95,3939,3229.98,10832.25,14259.18,23397.66,14771.25,7365.93,1811.94,13670.88294,10416.03641,11077.20459,10492.64157,42635.81243,15268.21586,23462.01365,29009.55461,20854.93236,98413.82794,185039.4611,86503.12943
847,0,5707.76275,32113,17175,24454,44680,71584,42588,102855,69609,35888,4135.95,3939,3229.98,10832.25,14259.18,23397.66,14771.25,7365.93,1811.94,13670.88294,10416.03641,11077.20459,10492.64157,42635.81243,15268.21586,23462.01365,29009.55461,20854.93236,98413.82794,185039.4611,86503.12943
848,0,5707.76275,33746,18072,26057,51173,81898,48361,117206,77778,39732,4135.95,3939,3229.98,10832.25,14259.18,23397.66,14771.25,7365.93,1811.94,13670.88294,10416.03641,11077.20459,10492.64157,42635.81243,15268.21586,23462.01365,29009.55461,20854.93236,98413.82794,185039.4611,86503.12943
849,0,5707.76275,37271,20101,30128,56985,90928,53210,134740,90264,46148,4135.95,3939,3229.98,10832.25,14259.18,23397.66,14771.25,7365.93,1811.94,13670.88294,10416.03641,11077.20459,10492.64157,42635.81243,15268.21586,23462.01365,29009.55461,20854.93236,98413.82794,185039.4611,86503.12943
850,0,5707.76275,43012,22079,34259,65015,101758,60136,151061,97450,49507,4135.95,3939,3229.98,10832.25,14259.18,23397.66,14771.25,7365.93,1811.94,13670.88294,10416.03641,11077.20459,10492.64157,42635.81243,15268.21586,23462.01365,29009.55461,20854.93236,98413.82794,185039.4611,86503.12943
851,0,5707.76275,48071,23641,39395,72583,108623,65733,161431,102096,51706,4135.95,3939,3229.98,10832.25,14259.18,23397.66,14771.25,7365.93,1811.94,13670.88294,10416.03641,11077.20459,10492.64157,42635.81243,15268.21586,23462.01365,29009.55461,20854.93236,98413.82794,185039.4611,86503.12943
852,0,5707.76275,55256,26137,44283,76778,113892,68696,172144,108673,54972,4135.95,3939,3229.98,10832.25,14259.18,23397.66,14771.25,7365.93,1811.94,13670.88294,10416.03641,11077.20459,10492.64157,42635.81243,15268.21586,23462.01365,29009.55461,20854.93236,98413.82794,185039.4611,86503.12943
853,0,5707.76275,59371,27429,47471,82009,118846,73013,176665,109057,54861,4135.95,3939,3229.98,10832.25,14259.18,23397.66,14771.25,7365.93,1811.94,13670.88294,10416.03641,11077.20459,10492.64157,42635.81243,15268.21586,23462.01365,29009.55461,20854.93236,98413.82794,185039.4611,86503.12943
854,0,5707.76275,62481,28500,51146,84492,119964,74160,178618,110352,55284,4135.95,3939,3229.98,10832.25,14259.18,23397.66,14771.25,7365.93,1811.94,13670.88294,10416.03641,11077.20459,10492.64157,42635.81243,15268.21586,23462.01365,29009.55461,20854.93236,98413.82794,185039.4611,86503.12943
855,0,5707.76275,66144,29546,53524,86771,122265,75692,182614,113061,56625,4135.95,3939,3229.98,10832.25,14259.18,23397.66,14771.25,7365.93,1811.94,13670.88294,10416.03641,11077.20459,10492.64157,42635.81243,15268.21586,23462.01365,29009.55461,20854.93236,98413.82794,185039.4611,86503.12943
856,0,5707.76275,66133,29350,55344,89915,125608,77723,188378,116068,58257,4135.95,3939,3229.98,10832.25,14259.18,23397.66,14771.25,7365.93,1811.94,13670.88294,10416.03641,11077.20459,10492.64157,42635.81243,15268.21586,23462.01365,29009.55461,20854.93236,98413.82794,185039.4611,86503.12943
857,0,5707.76275,66761,29455,57998,93349,128451,80318,191940,115636,57863,4135.95,3939,3229.98,10832.25,14259.18,23397.66,14771.25,7365.93,1811.94,13670.88294,10416.03641,11077.20459,10492.64157,42635.81243,15268.21586,23462.01365,29009.55461,20854.93236,98413.82794,185039.4611,86503.12943
858,0,5707.76275,68060,29850,60651,96165,128118,81846,192622,116126,59372,4135.95,3939,3229.98,10832.25,14259.18,23397.66,14771.25,7365.93,1811.94,13670.88294,10416.03641,11077.20459,10492.64157,42635.81243,15268.21586,23462.01365,29009.55461,20854.93236,98413.82794,185039.4611,86503.12943
859,0,5707.76275,69400,29933,63131,94045,125968,80827,185611,109958,56568,4135.95,3939,3229.98,10832.25,14259.18,23397.66,14771.25,7365.93,1811.94,13670.88294,10416.03641,11077.20459,10492.64157,42635.81243,15268.21586,23462.01365,29009.55461,20854.93236,98413.82794,185039.4611,86503.12943
860,0,5707.76275,68451,29653,61973,88204,118190,76223,170887,100873,52149,4135.95,3939,3229.98,10832.25,14259.18,23397.66,14771.25,7365.93,1811.94,13670.88294,10416.03641,11077.20459,10492.64157,42635.81243,15268.21586,23462.01365,29009.55461,20854.93236,98413.82794,185039.4611,86503.12943
861,0,5707.76275,68122,29776,58819,80665,109245,70218,156994,93832,48779,4135.95,3939,3229.98,10832.25,14259.18,23397.66,14771.25,7365.93,1811.94,13670.88294,10416.03641,11077.20459,10492.64157,42635.81243,15268.21586,23462.01365,29009.55461,20854.93236,98413.82794,185039.4611,86503.12943
862,0,5707.76275,64816,28429,54198,74032,101888,65312,143586,86625,45201,4135.95,3939,3229.98,10832.25,14259.18,23397.66,14771.25,7365.93,1811.94,13670.88294,10416.03641,11077.20459,10492.64157,42635.81243,15268.21586,23462.01365,29009.55461,20854.93236,98413.82794,185039.4611,86503.12943
863,0,5707.76275,59976,26710,49009,68073,93842,60628,126615,75057,38738,4135.95,3939,3229.98,10832.25,14259.18,23397.66,14771.25,7365.93,1811.94,13670.88294,10416.03641,11077.20459,10492.64157,42635.81243,15268.21586,23462.01365,29009.55461,20854.93236,98413.82794,185039.4611,86503.12943
864,0,5707.76275,56111,25460,44562,60936,83528,54498,109540,65770,33326,4135.95,3939,3229.98,10832.25,14259.18,23397.66,14771.25,7365.93,1811.94,13670.88294,10416.03641,11077.20459,10492.64157,42635.81243,15268.21586,23462.01365,29009.55461,20854.93236,98413.82794,185039.4611,86503.12943
865,0,5707.76275,51534,24089,39390,53861,72869,48372,96067,58506,29304,4135.95,3939,3229.98,10832.25,14259.18,23397.66,14771.25,7365.93,1811.94,13670.88294,10416.03641,11077.20459,10492.64157,42635.81243,15268.21586,23462.01365,29009.55461,20854.93236,98413.82794,185039.4611,86503.12943
866,0,5707.76275,44872,21659,34113,48394,66842,43922,88124,54615,27597,4135.95,3939,3229.98,10832.25,14259.18,23397.66,14771.25,7365.93,1811.94,13670.88294,10416.03641,11077.20459,10492.64157,42635.81243,15268.21586,23462.01365,29009.55461,20854.93236,98413.82794,185039.4611,86503.12943
867,0,5707.76275,38853,19608,30183,44658,63069,41065,83485,52534,26670,4135.95,3939,3229.98,10832.25,14259.18,23397.66,14771.25,7365.93,1811.94,13670.88294,10416.03641,11077.20459,10492.64157,42635.81243,15268.21586,23462.01365,29009.55461,20854.93236,98413.82794,185039.4611,86503.12943
868,0,5707.76275,35283,18299,27662,42332,60830,39295,80302,51000,25933,4135.95,3939,3229.98,10832.25,14259.18,23397.66,14771.25,7365.93,1811.94,13670.88294,10416.03641,11077.20459,10492.64157,42635.81243,15268.21586,23462.01365,29009.55461,20854.93236,98413.82794,185039.4611,86503.12943
869,0,5707.76275,33510,17494,26114,40689,59905,38018,81346,52817,26997,4135.95,3939,3229.98,10832.25,14259.18,23397.66,14771.25,7365.93,1811.94,13670.88294,10416.03641,11077.20459,10492.64157,42635.81243,15268.21586,23462.01365,29009.55461,20854.93236,98413.82794,185039.4611,86503.12943
870,0,5707.76275,32560,17143,24997,41071,62311,38645,88046,57994,29685,4135.95,3939,3229.98,10832.25,14259.18,23397.66,14771.25,7365.93,1811.94,13670.88294,10416.03641,11077.20459,10492.64157,42635.81243,15268.21586,23462.01365,29009.55461,20854.93236,98413.82794,185039.4611,86503.12943
871,0,5707.76275,32072,17136,24963,44095,68402,41403,102469,69598,35482,4135.95,3939,3229.98,10832.25,14259.18,23397.66,14771.25,7365.93,1811.94,13670.88294,10416.03641,11077.20459,10492.64157,42635.81243,15268.21586,23462.01365,29009.55461,20854.93236,98413.82794,185039.4611,86503.12943
872,0,5707.76275,33529,17933,26472,50437,77416,46896,117173,77468,38825,4135.95,3939,3229.98,10832.25,14259.18,23397.66,14771.25,7365.93,1811.94,13670.88294,10416.03641,11077.20459,10492.64157,42635.81243,15268.21586,23462.01365,29009.55461,20854.93236,98413.82794,185039.4611,86503.12943
873,0,5707.76275,36560,19806,30424,56291,84945,51439,134655,89648,44766,4135.95,3939,3229.98,10832.25,14259.18,23397.66,14771.25,7365.93,1811.94,13670.88294,10416.03641,11077.20459,10492.64157,42635.81243,15268.21586,23462.01365,29009.55461,20854.93236,98413.82794,185039.4611,86503.12943
874,0,5707.76275,41954,21861,34484,64163,94597,58037,150997,96950,47887,4135.95,3939,3229.98,10832.25,14259.18,23397.66,14771.25,7365.93,1811.94,13670.88294,10416.03641,11077.20459,10492.64157,42635.81243,15268.21586,23462.01365,29009.55461,20854.93236,98413.82794,185039.4611,86503.12943
875,0,5707.76275,46449,23479,39428,71695,100397,63393,161499,101434,49881,4135.95,3939,3229.98,10832.25,14259.18,23397.66,14771.25,7365.93,1811.94,13670.88294,10416.03641,11077.20459,10492.64157,42635.81243,15268.21586,23462.01365,29009.55461,20854.93236,98413.82794,185039.4611,86503.12943
876,0,5707.76275,53136,25893,44262,75876,105029,66283,172714,108357,53099,4135.95,3939,3229.98,10832.25,14259.18,23397.66,14771.25,7365.93,1811.94,13670.88294,10416.03641,11077.20459,10492.64157,42635.81243,15268.21586,23462.01365,29009.55461,20854.93236,98413.82794,185039.4611,86503.12943
877,0,5707.76275,57010,27116,47134,81140,109665,70494,177806,108348,52674,4135.95,3939,3229.98,10832.25,14259.18,23397.66,14771.25,7365.93,1811.94,13670.88294,10416.03641,11077.20459,10492.64157,42635.81243,15268.21586,23462.01365,29009.55461,20854.93236,98413.82794,185039.4611,86503.12943
878,0,5707.76275,59852,27961,50720,83544,110143,71406,180435,109698,52868,4135.95,3939,3229.98,10832.25,14259.18,23397.66,14771.25,7365.93,1811.94,13670.88294,10416.03641,11077.20459,10492.64157,42635.81243,15268.21586,23462.01365,29009.55461,20854.93236,98413.82794,185039.4611,86503.12943
879,0,5707.76275,63565,29008,52889,85765,111389,72587,184673,112606,54123,4135.95,3939,3229.98,10832.25,14259.18,23397.66,14771.25,7365.93,1811.94,13670.88294,10416.03641,11077.20459,10492.64157,42635.81243,15268.21586,23462.01365,29009.55461,20854.93236,98413.82794,185039.4611,86503.12943
880,0,5707.76275,63435,28746,54690,88935,114021,74484,190178,115945,55890,4135.95,3939,3229.98,10832.25,14259.18,23397.66,14771.25,7365.93,1811.94,13670.88294,10416.03641,11077.20459,10492.64157,42635.81243,15268.21586,23462.01365,29009.55461,20854.93236,98413.82794,185039.4611,86503.12943
881,0,5707.76275,64065,28827,57368,92793,116596,77027,193611,116008,55697,4135.95,3939,3229.98,10832.25,14259.18,23397.66,14771.25,7365.93,1811.94,13670.88294,10416.03641,11077.20459,10492.64157,42635.81243,15268.21586,23462.01365,29009.55461,20854.93236,98413.82794,185039.4611,86503.12943
882,0,5707.76275,65304,29329,60206,96022,117168,78343,195154,117954,57976,4135.95,3939,3229.98,10832.25,14259.18,23397.66,14771.25,7365.93,1811.94,13670.88294,10416.03641,11077.20459,10492.64157,42635.81243,15268.21586,23462.01365,29009.55461,20854.93236,98413.82794,185039.4611,86503.12943
883,0,5707.76275,66801,29631,62971,94583,117468,78299,187339,110924,55533,4135.95,3939,3229.98,10832.25,14259.18,23397.66,14771.25,7365.93,1811.94,13670.88294,10416.03641,11077.20459,10492.64157,42635.81243,15268.21586,23462.01365,29009.55461,20854.93236,98413.82794,185039.4611,86503.12943
884,0,5707.76275,66144,29536,61958,88802,111131,73904,172350,101621,51361,4135.95,3939,3229.98,10832.25,14259.18,23397.66,14771.25,7365.93,1811.94,13670.88294,10416.03641,11077.20459,10492.64157,42635.81243,15268.21586,23462.01365,29009.55461,20854.93236,98413.82794,185039.4611,86503.12943
885,0,5707.76275,67563,29916,58331,81099,103471,68060,158504,94787,48230,4135.95,3939,3229.98,10832.25,14259.18,23397.66,14771.25,7365.93,1811.94,13670.88294,10416.03641,11077.20459,10492.64157,42635.81243,15268.21586,23462.01365,29009.55461,20854.93236,98413.82794,185039.4611,86503.12943
886,0,5707.76275,64106,28598,53144,74170,97266,63410,145204,87694,44675,4135.95,3939,3229.98,10832.25,14259.18,23397.66,14771.25,7365.93,1811.94,13670.88294,10416.03641,11077.20459,10492.64157,42635.81243,15268.21586,23462.01365,29009.55461,20854.93236,98413.82794,185039.4611,86503.12943
887,0,5707.76275,59426,26858,48079,68048,90004,59049,128272,75906,38440,4135.95,3939,3229.98,10832.25,14259.18,23397.66,14771.25,7365.93,1811.94,13670.88294,10416.03641,11077.20459,10492.64157,42635.81243,15268.21586,23462.01365,29009.55461,20854.93236,98413.82794,185039.4611,86503.12943
888,0,5707.76275,55887,25564,43723,60817,82067,53145,114155,69306,34298,4135.95,3939,3229.98,10832.25,14259.18,23397.66,14771.25,7365.93,1811.94,13670.88294,10416.03641,11077.20459,10492.64157,42635.81243,15268.21586,23462.01365,29009.55461,20854.93236,98413.82794,185039.4611,86503.12943
889,0,5707.76275,51587,24132,38657,58568,80228,52141,105833,64660,31837,4135.95,3939,3229.98,10832.25,14259.18,23397.66,14771.25,7365.93,1811.94,13670.88294,10416.03641,11077.20459,10492.64157,42635.81243,15268.21586,23462.01365,29009.55461,20854.93236,98413.82794,185039.4611,86503.12943
890,0,5707.76275,45016,22389,34091,54937,76296,49185,100435,62100,30434,4135.95,3939,3229.98,10832.25,14259.18,23397.66,14771.25,7365.93,1811.94,13670.88294,10416.03641,11077.20459,10492.64157,42635.81243,15268.21586,23462.01365,29009.55461,20854.93236,98413.82794,185039.4611,86503.12943
891,0,5707.76275,41001,22406,31576,52694,74479,47544,97399,60936,29947,4135.95,3939,3229.98,10832.25,14259.18,23397.66,14771.25,7365.93,1811.94,13670.88294,10416.03641,11077.20459,10492.64157,42635.81243,15268.21586,23462.01365,29009.55461,20854.93236,98413.82794,185039.4611,86503.12943
892,0,5707.76275,38608,21705,29912,51017,73516,46429,96435,61387,30276,4135.95,3939,3229.98,10832.25,14259.18,23397.66,14771.25,7365.93,1811.94,13670.88294,10416.03641,11077.20459,10492.64157,42635.81243,15268.21586,23462.01365,29009.55461,20854.93236,98413.82794,185039.4611,86503.12943
893,0,5707.76275,37649,21489,28969,50395,74837,46159,100924,65947,32753,4135.95,3939,3229.98,10832.25,14259.18,23397.66,14771.25,7365.93,1811.94,13670.88294,10416.03641,11077.20459,10492.64157,42635.81243,15268.21586,23462.01365,29009.55461,20854.93236,98413.82794,185039.4611,86503.12943
894,0,5707.76275,37403,21444,28583,52743,82601,48630,120191,83216,42045,4135.95,3939,3229.98,10832.25,14259.18,23397.66,14771.25,7365.93,1811.94,13670.88294,10416.03641,11077.20459,10492.64157,42635.81243,15268.21586,23462.01365,29009.55461,20854.93236,98413.82794,185039.4611,86503.12943
895,0,5707.76275,38235,22134,29610,62119,99266,57630,145685,99779,50836,4135.95,3939,3229.98,10832.25,14259.18,23397.66,14771.25,7365.93,1811.94,13670.88294,10416.03641,11077.20459,10492.64157,42635.81243,15268.21586,23462.01365,29009.55461,20854.93236,98413.82794,185039.4611,86503.12943
896,0,5707.76275,42164,24525,34801,73025,113389,67154,162646,107058,54341,4135.95,3939,3229.98,10832.25,14259.18,23397.66,14771.25,7365.93,1811.94,13670.88294,10416.03641,11077.20459,10492.64157,42635.81243,15268.21586,23462.01365,29009.55461,20854.93236,98413.82794,185039.4611,86503.12943
897,0,5707.76275,52195,29830,41800,79672,119169,72107,169969,109580,55381,4135.95,3939,3229.98,10832.25,14259.18,23397.66,14771.25,7365.93,1811.94,13670.88294,10416.03641,11077.20459,10492.64157,42635.81243,15268.21586,23462.01365,29009.55461,20854.93236,98413.82794,185039.4611,86503.12943
898,0,5707.76275,61082,33414,46332,83342,121504,74056,179300,114381,57761,4135.95,3939,3229.98,10832.25,14259.18,23397.66,14771.25,7365.93,1811.94,13670.88294,10416.03641,11077.20459,10492.64157,42635.81243,15268.21586,23462.01365,29009.55461,20854.93236,98413.82794,185039.4611,86503.12943
899,0,5707.76275,64526,34619,48370,88975,125561,77816,188766,119604,60413,4135.95,3939,3229.98,10832.25,14259.18,23397.66,14771.25,7365.93,1811.94,13670.88294,10416.03641,11077.20459,10492.64157,42635.81243,15268.21586,23462.01365,29009.55461,20854.93236,98413.82794,185039.4611,86503.12943
900,0,5707.76275,65413,34831,51004,93141,130061,80945,196825,123393,62294,4135.95,3939,3229.98,10832.25,14259.18,23397.66,14771.25,7365.93,1811.94,13670.88294,10416.03641,11077.20459,10492.64157,42635.81243,15268.21586,23462.01365,29009.55461,20854.93236,98413.82794,185039.4611,86503.12943
901,0,5707.76275,67812,35552,53490,97204,133123,83756,201562,125134,63043,4135.95,3939,3229.98,10832.25,14259.18,23397.66,14771.25,7365.93,1811.94,13670.88294,10416.03641,11077.20459,10492.64157,42635.81243,15268.21586,23462.01365,29009.55461,20854.93236,98413.82794,185039.4611,86503.12943
902,0,5707.76275,70797,36457,55970,100261,134883,85426,205764,127501,64217,4135.95,3939,3229.98,10832.25,14259.18,23397.66,14771.25,7365.93,1811.94,13670.88294,10416.03641,11077.20459,10492.64157,42635.81243,15268.21586,23462.01365,29009.55461,20854.93236,98413.82794,185039.4611,86503.12943
903,0,5707.76275,72892,37032,57995,103162,138198,87263,215309,134888,68444,4135.95,3939,3229.98,10832.25,14259.18,23397.66,14771.25,7365.93,1811.94,13670.88294,10416.03641,11077.20459,10492.64157,42635.81243,15268.21586,23462.01365,29009.55461,20854.93236,98413.82794,185039.4611,86503.12943
904,0,5707.76275,73715,37253,60147,108329,145226,91603,227508,141879,72753,4135.95,3939,3229.98,10832.25,14259.18,23397.66,14771.25,7365.93,1811.94,13670.88294,10416.03641,11077.20459,10492.64157,42635.81243,15268.21586,23462.01365,29009.55461,20854.93236,98413.82794,185039.4611,86503.12943
905,0,5707.76275,75505,37786,63591,113863,152365,96197,241114,148962,76849,4135.95,3939,3229.98,10832.25,14259.18,23397.66,14771.25,7365.93,1811.94,13670.88294,10416.03641,11077.20459,10492.64157,42635.81243,15268.21586,23462.01365,29009.55461,20854.93236,98413.82794,185039.4611,86503.12943
906,0,5707.76275,80201,39399,67679,119843,154057,101036,228140,134474,69326,4135.95,3939,3229.98,10832.25,14259.18,23397.66,14771.25,7365.93,1811.94,13670.88294,10416.03641,11077.20459,10492.64157,42635.81243,15268.21586,23462.01365,29009.55461,20854.93236,98413.82794,185039.4611,86503.12943
907,0,5707.76275,85049,40826,72045,110334,139353,92824,196256,113733,58305,4135.95,3939,3229.98,10832.25,14259.18,23397.66,14771.25,7365.93,1811.94,13670.88294,10416.03641,11077.20459,10492.64157,42635.81243,15268.21586,23462.01365,29009.55461,20854.93236,98413.82794,185039.4611,86503.12943
908,0,5707.76275,87687,40836,68262,96315,122791,80787,174729,105097,54133,4135.95,3939,3229.98,10832.25,14259.18,23397.66,14771.25,7365.93,1811.94,13670.88294,10416.03641,11077.20459,10492.64157,42635.81243,15268.21586,23462.01365,29009.55461,20854.93236,98413.82794,185039.4611,86503.12943
909,0,5707.76275,77641,36594,59305,88116,115119,74891,161663,98148,50656,4135.95,3939,3229.98,10832.25,14259.18,23397.66,14771.25,7365.93,1811.94,13670.88294,10416.03641,11077.20459,10492.64157,42635.81243,15268.21586,23462.01365,29009.55461,20854.93236,98413.82794,185039.4611,86503.12943
910,0,5707.76275,65190,32320,52825,81325,107750,70143,147033,89048,45755,4135.95,3939,3229.98,10832.25,14259.18,23397.66,14771.25,7365.93,1811.94,13670.88294,10416.03641,11077.20459,10492.64157,42635.81243,15268.21586,23462.01365,29009.55461,20854.93236,98413.82794,185039.4611,86503.12943
911,0,5707.76275,60530,30612,48736,73839,98729,64469,131334,79150,40407,4135.95,3939,3229.98,10832.25,14259.18,23397.66,14771.25,7365.93,1811.94,13670.88294,10416.03641,11077.20459,10492.64157,42635.81243,15268.21586,23462.01365,29009.55461,20854.93236,98413.82794,185039.4611,86503.12943
912,0,5707.76275,56684,28966,44260,66237,88934,58329,115094,69097,34980,4135.95,3939,3229.98,10832.25,14259.18,23397.66,14771.25,7365.93,1811.94,13670.88294,10416.03641,11077.20459,10492.64157,42635.81243,15268.21586,23462.01365,29009.55461,20854.93236,98413.82794,185039.4611,86503.12943
913,0,5707.76275,51673,26840,39380,58866,80533,52382,105028,64658,32359,4135.95,3939,3229.98,10832.25,14259.18,23397.66,14771.25,7365.93,1811.94,13670.88294,10416.03641,11077.20459,10492.64157,42635.81243,15268.21586,23462.01365,29009.55461,20854.93236,98413.82794,185039.4611,86503.12943
914,0,5707.76275,46280,24479,34577,54951,76880,49498,99807,62205,30875,4135.95,3939,3229.98,10832.25,14259.18,23397.66,14771.25,7365.93,1811.94,13670.88294,10416.03641,11077.20459,10492.64157,42635.81243,15268.21586,23462.01365,29009.55461,20854.93236,98413.82794,185039.4611,86503.12943
915,0,5707.76275,41253,22331,31598,52764,74968,47873,97022,61246,30355,4135.95,3939,3229.98,10832.25,14259.18,23397.66,14771.25,7365.93,1811.94,13670.88294,10416.03641,11077.20459,10492.64157,42635.81243,15268.21586,23462.01365,29009.55461,20854.93236,98413.82794,185039.4611,86503.12943
916,0,5707.76275,38863,21601,29952,51192,74147,46794,96701,62104,30765,4135.95,3939,3229.98,10832.25,14259.18,23397.66,14771.25,7365.93,1811.94,13670.88294,10416.03641,11077.20459,10492.64157,42635.81243,15268.21586,23462.01365,29009.55461,20854.93236,98413.82794,185039.4611,86503.12943
917,0,5707.76275,37791,21370,29026,50856,76026,46772,102358,67814,33766,4135.95,3939,3229.98,10832.25,14259.18,23397.66,14771.25,7365.93,1811.94,13670.88294,10416.03641,11077.20459,10492.64157,42635.81243,15268.21586,23462.01365,29009.55461,20854.93236,98413.82794,185039.4611,86503.12943
918,0,5707.76275,37576,21343,28767,53720,84700,49710,123212,86585,43735,4135.95,3939,3229.98,10832.25,14259.18,23397.66,14771.25,7365.93,1811.94,13670.88294,10416.03641,11077.20459,10492.64157,42635.81243,15268.21586,23462.01365,29009.55461,20854.93236,98413.82794,185039.4611,86503.12943
919,0,5707.76275,38478,22118,30038,63621,102386,59451,149846,104298,53245,4135.95,3939,3229.98,10832.25,14259.18,23397.66,14771.25,7365.93,1811.94,13670.88294,10416.03641,11077.20459,10492.64157,42635.81243,15268.21586,23462.01365,29009.55461,20854.93236,98413.82794,185039.4611,86503.12943
920,0,5707.76275,42870,24661,35438,75057,117753,69589,167136,112812,57339,4135.95,3939,3229.98,10832.25,14259.18,23397.66,14771.25,7365.93,1811.94,13670.88294,10416.03641,11077.20459,10492.64157,42635.81243,15268.21586,23462.01365,29009.55461,20854.93236,98413.82794,185039.4611,86503.12943
921,0,5707.76275,54051,30160,42738,81755,124757,75010,174023,115908,58566,4135.95,3939,3229.98,10832.25,14259.18,23397.66,14771.25,7365.93,1811.94,13670.88294,10416.03641,11077.20459,10492.64157,42635.81243,15268.21586,23462.01365,29009.55461,20854.93236,98413.82794,185039.4611,86503.12943
922,0,5707.76275,63741,34299,47597,85383,127912,77104,183128,121079,60994,4135.95,3939,3229.98,10832.25,14259.18,23397.66,14771.25,7365.93,1811.94,13670.88294,10416.03641,11077.20459,10492.64157,42635.81243,15268.21586,23462.01365,29009.55461,20854.93236,98413.82794,185039.4611,86503.12943
923,0,5707.76275,68599,35660,49806,90902,132507,80919,192571,126591,63837,4135.95,3939,3229.98,10832.25,14259.18,23397.66,14771.25,7365.93,1811.94,13670.88294,10416.03641,11077.20459,10492.64157,42635.81243,15268.21586,23462.01365,29009.55461,20854.93236,98413.82794,185039.4611,86503.12943
924,0,5707.76275,70290,36375,52428,95081,137462,84307,200941,130474,65912,4135.95,3939,3229.98,10832.25,14259.18,23397.66,14771.25,7365.93,1811.94,13670.88294,10416.03641,11077.20459,10492.64157,42635.81243,15268.21586,23462.01365,29009.55461,20854.93236,98413.82794,185039.4611,86503.12943
925,0,5707.76275,73253,37814,55187,99165,140854,87202,206386,132623,66863,4135.95,3939,3229.98,10832.25,14259.18,23397.66,14771.25,7365.93,1811.94,13670.88294,10416.03641,11077.20459,10492.64157,42635.81243,15268.21586,23462.01365,29009.55461,20854.93236,98413.82794,185039.4611,86503.12943
926,0,5707.76275,76644,39116,57841,102477,143003,88754,211306,135023,68123,4135.95,3939,3229.98,10832.25,14259.18,23397.66,14771.25,7365.93,1811.94,13670.88294,10416.03641,11077.20459,10492.64157,42635.81243,15268.21586,23462.01365,29009.55461,20854.93236,98413.82794,185039.4611,86503.12943
927,0,5707.76275,78782,39990,60100,105514,146433,90311,221586,142613,72177,4135.95,3939,3229.98,10832.25,14259.18,23397.66,14771.25,7365.93,1811.94,13670.88294,10416.03641,11077.20459,10492.64157,42635.81243,15268.21586,23462.01365,29009.55461,20854.93236,98413.82794,185039.4611,86503.12943
928,0,5707.76275,80021,40522,62348,110794,153367,94392,234394,149662,76211,4135.95,3939,3229.98,10832.25,14259.18,23397.66,14771.25,7365.93,1811.94,13670.88294,10416.03641,11077.20459,10492.64157,42635.81243,15268.21586,23462.01365,29009.55461,20854.93236,98413.82794,185039.4611,86503.12943
929,0,5707.76275,82049,41242,65839,116252,159905,98428,248699,156421,79853,4135.95,3939,3229.98,10832.25,14259.18,23397.66,14771.25,7365.93,1811.94,13670.88294,10416.03641,11077.20459,10492.64157,42635.81243,15268.21586,23462.01365,29009.55461,20854.93236,98413.82794,185039.4611,86503.12943
930,0,5707.76275,87132,42762,69984,122113,160575,103019,233923,139990,71612,4135.95,3939,3229.98,10832.25,14259.18,23397.66,14771.25,7365.93,1811.94,13670.88294,10416.03641,11077.20459,10492.64157,42635.81243,15268.21586,23462.01365,29009.55461,20854.93236,98413.82794,185039.4611,86503.12943
931,0,5707.76275,91977,43842,74539,112158,144795,94379,202065,119480,60764,4135.95,3939,3229.98,10832.25,14259.18,23397.66,14771.25,7365.93,1811.94,13670.88294,10416.03641,11077.20459,10492.64157,42635.81243,15268.21586,23462.01365,29009.55461,20854.93236,98413.82794,185039.4611,86503.12943
932,0,5707.76275,94605,43266,70419,98225,127963,82707,180016,110434,56379,4135.95,3939,3229.98,10832.25,14259.18,23397.66,14771.25,7365.93,1811.94,13670.88294,10416.03641,11077.20459,10492.64157,42635.81243,15268.21586,23462.01365,29009.55461,20854.93236,98413.82794,185039.4611,86503.12943
933,0,5707.76275,82172,38511,61189,89893,119448,76902,164908,101243,51935,4135.95,3939,3229.98,10832.25,14259.18,23397.66,14771.25,7365.93,1811.94,13670.88294,10416.03641,11077.20459,10492.64157,42635.81243,15268.21586,23462.01365,29009.55461,20854.93236,98413.82794,185039.4611,86503.12943
934,0,5707.76275,69251,33786,54253,82324,110724,71430,149155,91310,46606,4135.95,3939,3229.98,10832.25,14259.18,23397.66,14771.25,7365.93,1811.94,13670.88294,10416.03641,11077.20459,10492.64157,42635.81243,15268.21586,23462.01365,29009.55461,20854.93236,98413.82794,185039.4611,86503.12943
935,0,5707.76275,64052,31567,49226,74573,100806,65352,132566,81027,41109,4135.95,3939,3229.98,10832.25,14259.18,23397.66,14771.25,7365.93,1811.94,13670.88294,10416.03641,11077.20459,10492.64157,42635.81243,15268.21586,23462.01365,29009.55461,20854.93236,98413.82794,185039.4611,86503.12943
936,0,5707.76275,58565,29443,44299,66857,90609,59084,116320,71068,35663,4135.95,3939,3229.98,10832.25,14259.18,23397.66,14771.25,7365.93,1811.94,13670.88294,10416.03641,11077.20459,10492.64157,42635.81243,15268.21586,23462.01365,29009.55461,20854.93236,98413.82794,185039.4611,86503.12943
937,0,5707.76275,52692,27080,39323,59387,81976,53094,106257,66392,32926,4135.95,3939,3229.98,10832.25,14259.18,23397.66,14771.25,7365.93,1811.94,13670.88294,10416.03641,11077.20459,10492.64157,42635.81243,15268.21586,23462.01365,29009.55461,20854.93236,98413.82794,185039.4611,86503.12943
938,0,5707.76275,46947,24629,34090,55428,77925,50119,100952,63882,31407,4135.95,3939,3229.98,10832.25,14259.18,23397.66,14771.25,7365.93,1811.94,13670.88294,10416.03641,11077.20459,10492.64157,42635.81243,15268.21586,23462.01365,29009.55461,20854.93236,98413.82794,185039.4611,86503.12943
939,0,5707.76275,41657,22473,30990,53178,76172,48549,98172,62814,30842,4135.95,3939,3229.98,10832.25,14259.18,23397.66,14771.25,7365.93,1811.94,13670.88294,10416.03641,11077.20459,10492.64157,42635.81243,15268.21586,23462.01365,29009.55461,20854.93236,98413.82794,185039.4611,86503.12943
940,0,5707.76275,39245,21696,29427,51537,75410,47442,97824,63625,31226,4135.95,3939,3229.98,10832.25,14259.18,23397.66,14771.25,7365.93,1811.94,13670.88294,10416.03641,11077.20459,10492.64157,42635.81243,15268.21586,23462.01365,29009.55461,20854.93236,98413.82794,185039.4611,86503.12943
941,0,5707.76275,38143,21450,28550,51186,77315,47436,103535,69345,34348,4135.95,3939,3229.98,10832.25,14259.18,23397.66,14771.25,7365.93,1811.94,13670.88294,10416.03641,11077.20459,10492.64157,42635.81243,15268.21586,23462.01365,29009.55461,20854.93236,98413.82794,185039.4611,86503.12943
942,0,5707.76275,37908,21404,28274,53971,85975,50394,124124,88172,44448,4135.95,3939,3229.98,10832.25,14259.18,23397.66,14771.25,7365.93,1811.94,13670.88294,10416.03641,11077.20459,10492.64157,42635.81243,15268.21586,23462.01365,29009.55461,20854.93236,98413.82794,185039.4611,86503.12943
943,0,5707.76275,38838,22160,29590,63715,103707,59993,150485,105957,54053,4135.95,3939,3229.98,10832.25,14259.18,23397.66,14771.25,7365.93,1811.94,13670.88294,10416.03641,11077.20459,10492.64157,42635.81243,15268.21586,23462.01365,29009.55461,20854.93236,98413.82794,185039.4611,86503.12943
944,0,5707.76275,43179,24706,35039,75000,118943,69948,167468,114781,58422,4135.95,3939,3229.98,10832.25,14259.18,23397.66,14771.25,7365.93,1811.94,13670.88294,10416.03641,11077.20459,10492.64157,42635.81243,15268.21586,23462.01365,29009.55461,20854.93236,98413.82794,185039.4611,86503.12943
945,0,5707.76275,54360,30270,42188,81884,125708,75057,174525,118151,60059,4135.95,3939,3229.98,10832.25,14259.18,23397.66,14771.25,7365.93,1811.94,13670.88294,10416.03641,11077.20459,10492.64157,42635.81243,15268.21586,23462.01365,29009.55461,20854.93236,98413.82794,185039.4611,86503.12943
946,0,5707.76275,64127,35901,46673,85471,128718,77013,183464,123539,62713,4135.95,3939,3229.98,10832.25,14259.18,23397.66,14771.25,7365.93,1811.94,13670.88294,10416.03641,11077.20459,10492.64157,42635.81243,15268.21586,23462.01365,29009.55461,20854.93236,98413.82794,185039.4611,86503.12943
947,0,5707.76275,68996,36964,48718,90995,133331,80647,192760,129090,65715,4135.95,3939,3229.98,10832.25,14259.18,23397.66,14771.25,7365.93,1811.94,13670.88294,10416.03641,11077.20459,10492.64157,42635.81243,15268.21586,23462.01365,29009.55461,20854.93236,98413.82794,185039.4611,86503.12943
948,0,5707.76275,70673,37904,51232,95209,138218,83762,200889,133099,67704,4135.95,3939,3229.98,10832.25,14259.18,23397.66,14771.25,7365.93,1811.94,13670.88294,10416.03641,11077.20459,10492.64157,42635.81243,15268.21586,23462.01365,29009.55461,20854.93236,98413.82794,185039.4611,86503.12943
949,0,5707.76275,73651,38689,54065,99462,141574,86523,205499,135107,68728,4135.95,3939,3229.98,10832.25,14259.18,23397.66,14771.25,7365.93,1811.94,13670.88294,10416.03641,11077.20459,10492.64157,42635.81243,15268.21586,23462.01365,29009.55461,20854.93236,98413.82794,185039.4611,86503.12943
950,0,5707.76275,77041,40165,56633,102771,143642,88049,209869,137376,69933,4135.95,3939,3229.98,10832.25,14259.18,23397.66,14771.25,7365.93,1811.94,13670.88294,10416.03641,11077.20459,10492.64157,42635.81243,15268.21586,23462.01365,29009.55461,20854.93236,98413.82794,185039.4611,86503.12943
951,0,5707.76275,79104,41112,58730,105814,147085,89868,220343,144963,73918,4135.95,3939,3229.98,10832.25,14259.18,23397.66,14771.25,7365.93,1811.94,13670.88294,10416.03641,11077.20459,10492.64157,42635.81243,15268.21586,23462.01365,29009.55461,20854.93236,98413.82794,185039.4611,86503.12943
952,0,5707.76275,80270,42135,60662,110898,153782,94051,233195,152280,77876,4135.95,3939,3229.98,10832.25,14259.18,23397.66,14771.25,7365.93,1811.94,13670.88294,10416.03641,11077.20459,10492.64157,42635.81243,15268.21586,23462.01365,29009.55461,20854.93236,98413.82794,185039.4611,86503.12943
953,0,5707.76275,82287,43237,64133,116207,160275,98258,247592,159442,81615,4135.95,3939,3229.98,10832.25,14259.18,23397.66,14771.25,7365.93,1811.94,13670.88294,10416.03641,11077.20459,10492.64157,42635.81243,15268.21586,23462.01365,29009.55461,20854.93236,98413.82794,185039.4611,86503.12943
954,0,5707.76275,87238,45272,68025,122577,160713,102747,233460,142262,73108,4135.95,3939,3229.98,10832.25,14259.18,23397.66,14771.25,7365.93,1811.94,13670.88294,10416.03641,11077.20459,10492.64157,42635.81243,15268.21586,23462.01365,29009.55461,20854.93236,98413.82794,185039.4611,86503.12943
955,0,5707.76275,91920,46209,71734,112674,144510,93855,202145,121087,62105,4135.95,3939,3229.98,10832.25,14259.18,23397.66,14771.25,7365.93,1811.94,13670.88294,10416.03641,11077.20459,10492.64157,42635.81243,15268.21586,23462.01365,29009.55461,20854.93236,98413.82794,185039.4611,86503.12943
956,0,5707.76275,94481,44645,67500,98795,127722,82117,180392,111668,57451,4135.95,3939,3229.98,10832.25,14259.18,23397.66,14771.25,7365.93,1811.94,13670.88294,10416.03641,11077.20459,10492.64157,42635.81243,15268.21586,23462.01365,29009.55461,20854.93236,98413.82794,185039.4611,86503.12943
957,0,5707.76275,82041,39306,58627,90588,119342,76516,165146,102286,52793,4135.95,3939,3229.98,10832.25,14259.18,23397.66,14771.25,7365.93,1811.94,13670.88294,10416.03641,11077.20459,10492.64157,42635.81243,15268.21586,23462.01365,29009.55461,20854.93236,98413.82794,185039.4611,86503.12943
958,0,5707.76275,69093,34391,52434,82737,110953,71158,149256,92008,47331,4135.95,3939,3229.98,10832.25,14259.18,23397.66,14771.25,7365.93,1811.94,13670.88294,10416.03641,11077.20459,10492.64157,42635.81243,15268.21586,23462.01365,29009.55461,20854.93236,98413.82794,185039.4611,86503.12943
959,0,5707.76275,63786,32019,48094,74840,100830,65059,132758,81551,41677,4135.95,3939,3229.98,10832.25,14259.18,23397.66,14771.25,7365.93,1811.94,13670.88294,10416.03641,11077.20459,10492.64157,42635.81243,15268.21586,23462.01365,29009.55461,20854.93236,98413.82794,185039.4611,86503.12943
960,0,5707.76275,58395,29719,43501,67057,90237,58885,116420,71621,36197,4135.95,3939,3229.98,10832.25,14259.18,23397.66,14771.25,7365.93,1811.94,13670.88294,10416.03641,11077.20459,10492.64157,42635.81243,15268.21586,23462.01365,29009.55461,20854.93236,98413.82794,185039.4611,86503.12943
961,0,5707.76275,52546,27208,38772,59466,81270,52708,106285,66913,33552,4135.95,3939,3229.98,10832.25,14259.18,23397.66,14771.25,7365.93,1811.94,13670.88294,10416.03641,11077.20459,10492.64157,42635.81243,15268.21586,23462.01365,29009.55461,20854.93236,98413.82794,185039.4611,86503.12943
962,0,5707.76275,46823,24640,34337,55452,77353,49800,101010,64337,32002,4135.95,3939,3229.98,10832.25,14259.18,23397.66,14771.25,7365.93,1811.94,13670.88294,10416.03641,11077.20459,10492.64157,42635.81243,15268.21586,23462.01365,29009.55461,20854.93236,98413.82794,185039.4611,86503.12943
963,0,5707.76275,41753,22607,31328,53251,75589,48260,98267,63164,31417,4135.95,3939,3229.98,10832.25,14259.18,23397.66,14771.25,7365.93,1811.94,13670.88294,10416.03641,11077.20459,10492.64157,42635.81243,15268.21586,23462.01365,29009.55461,20854.93236,98413.82794,185039.4611,86503.12943
964,0,5707.76275,39323,21896,29722,51603,74792,47208,97987,63992,31809,4135.95,3939,3229.98,10832.25,14259.18,23397.66,14771.25,7365.93,1811.94,13670.88294,10416.03641,11077.20459,10492.64157,42635.81243,15268.21586,23462.01365,29009.55461,20854.93236,98413.82794,185039.4611,86503.12943
965,0,5707.76275,38166,21684,28831,51257,76636,47227,103641,69660,34849,4135.95,3939,3229.98,10832.25,14259.18,23397.66,14771.25,7365.93,1811.94,13670.88294,10416.03641,11077.20459,10492.64157,42635.81243,15268.21586,23462.01365,29009.55461,20854.93236,98413.82794,185039.4611,86503.12943
966,0,5707.76275,37907,21672,28585,54037,85246,50229,124298,88732,44998,4135.95,3939,3229.98,10832.25,14259.18,23397.66,14771.25,7365.93,1811.94,13670.88294,10416.03641,11077.20459,10492.64157,42635.81243,15268.21586,23462.01365,29009.55461,20854.93236,98413.82794,185039.4611,86503.12943
967,0,5707.76275,38800,22433,29875,63748,102416,59741,150552,106699,54749,4135.95,3939,3229.98,10832.25,14259.18,23397.66,14771.25,7365.93,1811.94,13670.88294,10416.03641,11077.20459,10492.64157,42635.81243,15268.21586,23462.01365,29009.55461,20854.93236,98413.82794,185039.4611,86503.12943
968,0,5707.76275,43145,24938,35270,74940,116819,69532,167232,115871,59166,4135.95,3939,3229.98,10832.25,14259.18,23397.66,14771.25,7365.93,1811.94,13670.88294,10416.03641,11077.20459,10492.64157,42635.81243,15268.21586,23462.01365,29009.55461,20854.93236,98413.82794,185039.4611,86503.12943
969,0,5707.76275,54313,30574,42614,81775,122819,74452,174133,119461,60635,4135.95,3939,3229.98,10832.25,14259.18,23397.66,14771.25,7365.93,1811.94,13670.88294,10416.03641,11077.20459,10492.64157,42635.81243,15268.21586,23462.01365,29009.55461,20854.93236,98413.82794,185039.4611,86503.12943
970,0,5707.76275,64131,34598,47163,85447,125306,76298,182877,125001,63187,4135.95,3939,3229.98,10832.25,14259.18,23397.66,14771.25,7365.93,1811.94,13670.88294,10416.03641,11077.20459,10492.64157,42635.81243,15268.21586,23462.01365,29009.55461,20854.93236,98413.82794,185039.4611,86503.12943
971,0,5707.76275,68870,35885,49218,90999,129507,79723,192153,130708,66105,4135.95,3939,3229.98,10832.25,14259.18,23397.66,14771.25,7365.93,1811.94,13670.88294,10416.03641,11077.20459,10492.64157,42635.81243,15268.21586,23462.01365,29009.55461,20854.93236,98413.82794,185039.4611,86503.12943
972,0,5707.76275,70461,36362,51797,95295,134036,82902,199973,134816,67935,4135.95,3939,3229.98,10832.25,14259.18,23397.66,14771.25,7365.93,1811.94,13670.88294,10416.03641,11077.20459,10492.64157,42635.81243,15268.21586,23462.01365,29009.55461,20854.93236,98413.82794,185039.4611,86503.12943
973,0,5707.76275,73455,37370,54554,99574,137025,85613,203691,136722,68891,4135.95,3939,3229.98,10832.25,14259.18,23397.66,14771.25,7365.93,1811.94,13670.88294,10416.03641,11077.20459,10492.64157,42635.81243,15268.21586,23462.01365,29009.55461,20854.93236,98413.82794,185039.4611,86503.12943
974,0,5707.76275,76830,38610,57176,102914,138795,87248,207148,138867,70077,4135.95,3939,3229.98,10832.25,14259.18,23397.66,14771.25,7365.93,1811.94,13670.88294,10416.03641,11077.20459,10492.64157,42635.81243,15268.21586,23462.01365,29009.55461,20854.93236,98413.82794,185039.4611,86503.12943
975,0,5707.76275,78932,39181,59342,106232,141777,88994,216509,146108,74074,4135.95,3939,3229.98,10832.25,14259.18,23397.66,14771.25,7365.93,1811.94,13670.88294,10416.03641,11077.20459,10492.64157,42635.81243,15268.21586,23462.01365,29009.55461,20854.93236,98413.82794,185039.4611,86503.12943
976,0,5707.76275,80122,39632,61511,111714,148415,93145,228722,153315,77887,4135.95,3939,3229.98,10832.25,14259.18,23397.66,14771.25,7365.93,1811.94,13670.88294,10416.03641,11077.20459,10492.64157,42635.81243,15268.21586,23462.01365,29009.55461,20854.93236,98413.82794,185039.4611,86503.12943
977,0,5707.76275,82222,40338,64975,117320,154839,97406,242699,160678,81532,4135.95,3939,3229.98,10832.25,14259.18,23397.66,14771.25,7365.93,1811.94,13670.88294,10416.03641,11077.20459,10492.64157,42635.81243,15268.21586,23462.01365,29009.55461,20854.93236,98413.82794,185039.4611,86503.12943
978,0,5707.76275,87211,41964,69236,123681,155860,102066,229964,143378,72756,4135.95,3939,3229.98,10832.25,14259.18,23397.66,14771.25,7365.93,1811.94,13670.88294,10416.03641,11077.20459,10492.64157,42635.81243,15268.21586,23462.01365,29009.55461,20854.93236,98413.82794,185039.4611,86503.12943
979,0,5707.76275,91988,43112,73549,113762,140713,93409,199304,121740,61623,4135.95,3939,3229.98,10832.25,14259.18,23397.66,14771.25,7365.93,1811.94,13670.88294,10416.03641,11077.20459,10492.64157,42635.81243,15268.21586,23462.01365,29009.55461,20854.93236,98413.82794,185039.4611,86503.12943
980,0,5707.76275,94490,42483,69506,99756,124516,81939,178070,112190,57145,4135.95,3939,3229.98,10832.25,14259.18,23397.66,14771.25,7365.93,1811.94,13670.88294,10416.03641,11077.20459,10492.64157,42635.81243,15268.21586,23462.01365,29009.55461,20854.93236,98413.82794,185039.4611,86503.12943
981,0,5707.76275,81879,37732,60476,91498,116666,76457,163267,102612,52628,4135.95,3939,3229.98,10832.25,14259.18,23397.66,14771.25,7365.93,1811.94,13670.88294,10416.03641,11077.20459,10492.64157,42635.81243,15268.21586,23462.01365,29009.55461,20854.93236,98413.82794,185039.4611,86503.12943
982,0,5707.76275,68889,33232,53749,83562,108482,70967,147619,92288,47282,4135.95,3939,3229.98,10832.25,14259.18,23397.66,14771.25,7365.93,1811.94,13670.88294,10416.03641,11077.20459,10492.64157,42635.81243,15268.21586,23462.01365,29009.55461,20854.93236,98413.82794,185039.4611,86503.12943
983,0,5707.76275,63648,31215,49028,75653,98943,64949,131479,81847,41682,4135.95,3939,3229.98,10832.25,14259.18,23397.66,14771.25,7365.93,1811.94,13670.88294,10416.03641,11077.20459,10492.64157,42635.81243,15268.21586,23462.01365,29009.55461,20854.93236,98413.82794,185039.4611,86503.12943
984,0,5707.76275,58308,29223,44229,67839,89152,58767,115625,71137,35855,4135.95,3939,3229.98,10832.25,14259.18,23397.66,14771.25,7365.93,1811.94,13670.88294,10416.03641,11077.20459,10492.64157,42635.81243,15268.21586,23462.01365,29009.55461,20854.93236,98413.82794,185039.4611,86503.12943
985,0,5707.76275,52496,26949,39337,60356,80892,52655,105690,66455,33117,4135.95,3939,3229.98,10832.25,14259.18,23397.66,14771.25,7365.93,1811.94,13670.88294,10416.03641,11077.20459,10492.64157,42635.81243,15268.21586,23462.01365,29009.55461,20854.93236,98413.82794,185039.4611,86503.12943
986,0,5707.76275,46775,24486,34666,56303,77082,49751,100579,63944,31589,4135.95,3939,3229.98,10832.25,14259.18,23397.66,14771.25,7365.93,1811.94,13670.88294,10416.03641,11077.20459,10492.64157,42635.81243,15268.21586,23462.01365,29009.55461,20854.93236,98413.82794,185039.4611,86503.12943
987,0,5707.76275,41609,22630,31601,54044,75320,48144,97923,62832,31100,4135.95,3939,3229.98,10832.25,14259.18,23397.66,14771.25,7365.93,1811.94,13670.88294,10416.03641,11077.20459,10492.64157,42635.81243,15268.21586,23462.01365,29009.55461,20854.93236,98413.82794,185039.4611,86503.12943
988,0,5707.76275,39152,22047,29980,52346,74500,47034,97686,63676,31608,4135.95,3939,3229.98,10832.25,14259.18,23397.66,14771.25,7365.93,1811.94,13670.88294,10416.03641,11077.20459,10492.64157,42635.81243,15268.21586,23462.01365,29009.55461,20854.93236,98413.82794,185039.4611,86503.12943
989,0,5707.76275,38061,21947,29052,51965,76355,47009,103382,69269,34576,4135.95,3939,3229.98,10832.25,14259.18,23397.66,14771.25,7365.93,1811.94,13670.88294,10416.03641,11077.20459,10492.64157,42635.81243,15268.21586,23462.01365,29009.55461,20854.93236,98413.82794,185039.4611,86503.12943
990,0,5707.76275,37829,22019,28774,54687,84937,49912,124176,87901,44533,4135.95,3939,3229.98,10832.25,14259.18,23397.66,14771.25,7365.93,1811.94,13670.88294,10416.03641,11077.20459,10492.64157,42635.81243,15268.21586,23462.01365,29009.55461,20854.93236,98413.82794,185039.4611,86503.12943
991,0,5707.76275,38735,22815,29959,64301,102440,59497,150549,105136,53572,4135.95,3939,3229.98,10832.25,14259.18,23397.66,14771.25,7365.93,1811.94,13670.88294,10416.03641,11077.20459,10492.64157,42635.81243,15268.21586,23462.01365,29009.55461,20854.93236,98413.82794,185039.4611,86503.12943
992,0,5707.76275,43111,25318,35269,75506,117553,69503,166922,113319,57173,4135.95,3939,3229.98,10832.25,14259.18,23397.66,14771.25,7365.93,1811.94,13670.88294,10416.03641,11077.20459,10492.64157,42635.81243,15268.21586,23462.01365,29009.55461,20854.93236,98413.82794,185039.4611,86503.12943
993,0,5707.76275,54086,31073,42429,82362,124099,74576,174055,116224,58173,4135.95,3939,3229.98,10832.25,14259.18,23397.66,14771.25,7365.93,1811.94,13670.88294,10416.03641,11077.20459,10492.64157,42635.81243,15268.21586,23462.01365,29009.55461,20854.93236,98413.82794,185039.4611,86503.12943
994,0,5707.76275,63586,34412,47136,85913,127029,76520,182548,121040,60381,4135.95,3939,3229.98,10832.25,14259.18,23397.66,14771.25,7365.93,1811.94,13670.88294,10416.03641,11077.20459,10492.64157,42635.81243,15268.21586,23462.01365,29009.55461,20854.93236,98413.82794,185039.4611,86503.12943
995,0,5707.76275,68229,35284,49267,91564,131453,80126,191579,126296,63168,4135.95,3939,3229.98,10832.25,14259.18,23397.66,14771.25,7365.93,1811.94,13670.88294,10416.03641,11077.20459,10492.64157,42635.81243,15268.21586,23462.01365,29009.55461,20854.93236,98413.82794,185039.4611,86503.12943
996,0,5707.76275,69669,35293,51961,95946,136164,83245,199273,129883,64866,4135.95,3939,3229.98,10832.25,14259.18,23397.66,14771.25,7365.93,1811.94,13670.88294,10416.03641,11077.20459,10492.64157,42635.81243,15268.21586,23462.01365,29009.55461,20854.93236,98413.82794,185039.4611,86503.12943
997,0,5707.76275,72559,36017,54763,100418,139399,86055,203609,131516,65691,4135.95,3939,3229.98,10832.25,14259.18,23397.66,14771.25,7365.93,1811.94,13670.88294,10416.03641,11077.20459,10492.64157,42635.81243,15268.21586,23462.01365,29009.55461,20854.93236,98413.82794,185039.4611,86503.12943
998,0,5707.76275,75914,36727,57681,103977,141247,87767,207567,133234,66664,4135.95,3939,3229.98,10832.25,14259.18,23397.66,14771.25,7365.93,1811.94,13670.88294,10416.03641,11077.20459,10492.64157,42635.81243,15268.21586,23462.01365,29009.55461,20854.93236,98413.82794,185039.4611,86503.12943
999,0,5707.76275,78156,37100,59970,107428,144518,89729,217233,140115,70441,4135.95,3939,3229.98,10832.25,14259.18,23397.66,14771.25,7365.93,1811.94,13670.88294,10416.03641,11077.20459,10492.64157,42635.81243,15268.21586,23462.01365,29009.55461,20854.93236,98413.82794,185039.4611,86503.12943
1000,0,5707.76275,79202,37153,62230,113451,151253,94109,229938,146814,74019,4135.95,3939,3229.98,10832.25,14259.18,23397.66,14771.25,7365.93,1811.94,13670.88294,10416.03641,11077.20459,10492.64157,42635.81243,15268.21586,23462.01365,29009.55461,20854.93236,98413.82794,185039.4611,86503.12943
1001,0,5707.76275,80937,37631,65924,119601,157924,98580,243947,153188,77306,4135.95,3939,3229.98,10832.25,14259.18,23397.66,14771.25,7365.93,1811.94,13670.88294,10416.03641,11077.20459,10492.64157,42635.81243,15268.21586,23462.01365,29009.55461,20854.93236,98413.82794,185039.4611,86503.12943
1002,0,5707.76275,85687,39145,70271,127014,158809,103494,231045,136964,69140,4135.95,3939,3229.98,10832.25,14259.18,23397.66,14771.25,7365.93,1811.94,13670.88294,10416.03641,11077.20459,10492.64157,42635.81243,15268.21586,23462.01365,29009.55461,20854.93236,98413.82794,185039.4611,86503.12943
1003,0,5707.76275,90333,40552,74755,116525,143119,94602,200000,116662,58518,4135.95,3939,3229.98,10832.25,14259.18,23397.66,14771.25,7365.93,1811.94,13670.88294,10416.03641,11077.20459,10492.64157,42635.81243,15268.21586,23462.01365,29009.55461,20854.93236,98413.82794,185039.4611,86503.12943
1004,0,5707.76275,92290,40701,70385,101884,126428,82752,178864,108165,54318,4135.95,3939,3229.98,10832.25,14259.18,23397.66,14771.25,7365.93,1811.94,13670.88294,10416.03641,11077.20459,10492.64157,42635.81243,15268.21586,23462.01365,29009.55461,20854.93236,98413.82794,185039.4611,86503.12943
1005,0,5707.76275,79931,36489,61227,93499,118233,76893,164075,99291,50157,4135.95,3939,3229.98,10832.25,14259.18,23397.66,14771.25,7365.93,1811.94,13670.88294,10416.03641,11077.20459,10492.64157,42635.81243,15268.21586,23462.01365,29009.55461,20854.93236,98413.82794,185039.4611,86503.12943
1006,0,5707.76275,67258,32255,54586,85287,109896,71321,148723,89616,45233,4135.95,3939,3229.98,10832.25,14259.18,23397.66,14771.25,7365.93,1811.94,13670.88294,10416.03641,11077.20459,10492.64157,42635.81243,15268.21586,23462.01365,29009.55461,20854.93236,98413.82794,185039.4611,86503.12943
1007,0,5707.76275,62419,30601,49524,77143,100130,65233,132866,79669,40033,4135.95,3939,3229.98,10832.25,14259.18,23397.66,14771.25,7365.93,1811.94,13670.88294,10416.03641,11077.20459,10492.64157,42635.81243,15268.21586,23462.01365,29009.55461,20854.93236,98413.82794,185039.4611,86503.12943
1008,0,5707.76275,57358,28920,44610,69297,88287,58971,113185,66262,34539,4135.95,3939,3229.98,10832.25,14259.18,23397.66,14771.25,7365.93,1811.94,13670.88294,10416.03641,11077.20459,10492.64157,42635.81243,15268.21586,23462.01365,29009.55461,20854.93236,98413.82794,185039.4611,86503.12943
1009,0,5707.76275,49541,26824,36825,56887,73558,49677,94591,56746,29678,4135.95,3939,3229.98,10832.25,14259.18,23397.66,14771.25,7365.93,1811.94,13670.88294,10416.03641,11077.20459,10492.64157,42635.81243,15268.21586,23462.01365,29009.55461,20854.93236,98413.82794,185039.4611,86503.12943
1010,0,5707.76275,44443,23804,31709,51027,67535,45272,86981,53088,27853,4135.95,3939,3229.98,10832.25,14259.18,23397.66,14771.25,7365.93,1811.94,13670.88294,10416.03641,11077.20459,10492.64157,42635.81243,15268.21586,23462.01365,29009.55461,20854.93236,98413.82794,185039.4611,86503.12943
1011,0,5707.76275,37623,19703,27483,47124,63726,42369,82628,51213,26908,4135.95,3939,3229.98,10832.25,14259.18,23397.66,14771.25,7365.93,1811.94,13670.88294,10416.03641,11077.20459,10492.64157,42635.81243,15268.21586,23462.01365,29009.55461,20854.93236,98413.82794,185039.4611,86503.12943
1012,0,5707.76275,34325,18445,25237,44639,61595,40636,79794,49939,26179,4135.95,3939,3229.98,10832.25,14259.18,23397.66,14771.25,7365.93,1811.94,13670.88294,10416.03641,11077.20459,10492.64157,42635.81243,15268.21586,23462.01365,29009.55461,20854.93236,98413.82794,185039.4611,86503.12943
1013,0,5707.76275,32709,17678,23876,43021,61079,39488,81141,52264,27465,4135.95,3939,3229.98,10832.25,14259.18,23397.66,14771.25,7365.93,1811.94,13670.88294,10416.03641,11077.20459,10492.64157,42635.81243,15268.21586,23462.01365,29009.55461,20854.93236,98413.82794,185039.4611,86503.12943
1014,0,5707.76275,31938,17365,22964,43478,63928,40228,87926,57729,30497,4135.95,3939,3229.98,10832.25,14259.18,23397.66,14771.25,7365.93,1811.94,13670.88294,10416.03641,11077.20459,10492.64157,42635.81243,15268.21586,23462.01365,29009.55461,20854.93236,98413.82794,185039.4611,86503.12943
1015,0,5707.76275,31647,17418,23179,46653,70628,43428,101915,69296,36981,4135.95,3939,3229.98,10832.25,14259.18,23397.66,14771.25,7365.93,1811.94,13670.88294,10416.03641,11077.20459,10492.64157,42635.81243,15268.21586,23462.01365,29009.55461,20854.93236,98413.82794,185039.4611,86503.12943
1016,0,5707.76275,33311,18300,24934,52656,80702,49220,115151,76786,41137,4135.95,3939,3229.98,10832.25,14259.18,23397.66,14771.25,7365.93,1811.94,13670.88294,10416.03641,11077.20459,10492.64157,42635.81243,15268.21586,23462.01365,29009.55461,20854.93236,98413.82794,185039.4611,86503.12943
1017,0,5707.76275,36715,20476,28947,58321,89723,54185,131556,88839,47888,4135.95,3939,3229.98,10832.25,14259.18,23397.66,14771.25,7365.93,1811.94,13670.88294,10416.03641,11077.20459,10492.64157,42635.81243,15268.21586,23462.01365,29009.55461,20854.93236,98413.82794,185039.4611,86503.12943
1018,0,5707.76275,41590,22368,32971,65932,100353,61039,146388,95633,51667,4135.95,3939,3229.98,10832.25,14259.18,23397.66,14771.25,7365.93,1811.94,13670.88294,10416.03641,11077.20459,10492.64157,42635.81243,15268.21586,23462.01365,29009.55461,20854.93236,98413.82794,185039.4611,86503.12943
1019,0,5707.76275,45389,23881,38018,73371,107142,66557,155819,100089,54083,4135.95,3939,3229.98,10832.25,14259.18,23397.66,14771.25,7365.93,1811.94,13670.88294,10416.03641,11077.20459,10492.64157,42635.81243,15268.21586,23462.01365,29009.55461,20854.93236,98413.82794,185039.4611,86503.12943
1020,0,5707.76275,51278,26265,42538,77357,112524,69675,166095,106535,57647,4135.95,3939,3229.98,10832.25,14259.18,23397.66,14771.25,7365.93,1811.94,13670.88294,10416.03641,11077.20459,10492.64157,42635.81243,15268.21586,23462.01365,29009.55461,20854.93236,98413.82794,185039.4611,86503.12943
1021,0,5707.76275,54561,27571,45295,82687,117933,74067,170404,106660,57691,4135.95,3939,3229.98,10832.25,14259.18,23397.66,14771.25,7365.93,1811.94,13670.88294,10416.03641,11077.20459,10492.64157,42635.81243,15268.21586,23462.01365,29009.55461,20854.93236,98413.82794,185039.4611,86503.12943
1022,0,5707.76275,57090,28473,48515,85309,119291,75287,172594,107862,58228,4135.95,3939,3229.98,10832.25,14259.18,23397.66,14771.25,7365.93,1811.94,13670.88294,10416.03641,11077.20459,10492.64157,42635.81243,15268.21586,23462.01365,29009.55461,20854.93236,98413.82794,185039.4611,86503.12943
1023,0,5707.76275,60116,29534,50516,87774,121705,76946,176820,110441,59580,4135.95,3939,3229.98,10832.25,14259.18,23397.66,14771.25,7365.93,1811.94,13670.88294,10416.03641,11077.20459,10492.64157,42635.81243,15268.21586,23462.01365,29009.55461,20854.93236,98413.82794,185039.4611,86503.12943
1024,0,5707.76275,59673,29347,51875,91154,125491,79388,182458,113486,61210,4135.95,3939,3229.98,10832.25,14259.18,23397.66,14771.25,7365.93,1811.94,13670.88294,10416.03641,11077.20459,10492.64157,42635.81243,15268.21586,23462.01365,29009.55461,20854.93236,98413.82794,185039.4611,86503.12943
1025,0,5707.76275,59940,29450,53893,94931,128457,82241,185752,113146,60931,4135.95,3939,3229.98,10832.25,14259.18,23397.66,14771.25,7365.93,1811.94,13670.88294,10416.03641,11077.20459,10492.64157,42635.81243,15268.21586,23462.01365,29009.55461,20854.93236,98413.82794,185039.4611,86503.12943
1026,0,5707.76275,61146,29867,56102,97799,128448,84179,186471,114203,61863,4135.95,3939,3229.98,10832.25,14259.18,23397.66,14771.25,7365.93,1811.94,13670.88294,10416.03641,11077.20459,10492.64157,42635.81243,15268.21586,23462.01365,29009.55461,20854.93236,98413.82794,185039.4611,86503.12943
1027,0,5707.76275,62592,30063,57727,95569,126879,83233,179950,108512,59033,4135.95,3939,3229.98,10832.25,14259.18,23397.66,14771.25,7365.93,1811.94,13670.88294,10416.03641,11077.20459,10492.64157,42635.81243,15268.21586,23462.01365,29009.55461,20854.93236,98413.82794,185039.4611,86503.12943
1028,0,5707.76275,62076,29879,56841,89719,120019,78758,165786,99841,54557,4135.95,3939,3229.98,10832.25,14259.18,23397.66,14771.25,7365.93,1811.94,13670.88294,10416.03641,11077.20459,10492.64157,42635.81243,15268.21586,23462.01365,29009.55461,20854.93236,98413.82794,185039.4611,86503.12943
1029,0,5707.76275,63408,30056,53987,82417,111460,72720,152461,93101,50958,4135.95,3939,3229.98,10832.25,14259.18,23397.66,14771.25,7365.93,1811.94,13670.88294,10416.03641,11077.20459,10492.64157,42635.81243,15268.21586,23462.01365,29009.55461,20854.93236,98413.82794,185039.4611,86503.12943
1030,0,5707.76275,60706,28680,49544,75733,104161,67490,139580,85961,46939,4135.95,3939,3229.98,10832.25,14259.18,23397.66,14771.25,7365.93,1811.94,13670.88294,10416.03641,11077.20459,10492.64157,42635.81243,15268.21586,23462.01365,29009.55461,20854.93236,98413.82794,185039.4611,86503.12943
1031,0,5707.76275,56532,26904,45315,69600,96070,62531,123080,74520,40140,4135.95,3939,3229.98,10832.25,14259.18,23397.66,14771.25,7365.93,1811.94,13670.88294,10416.03641,11077.20459,10492.64157,42635.81243,15268.21586,23462.01365,29009.55461,20854.93236,98413.82794,185039.4611,86503.12943
1032,0,5707.76275,53349,25596,41449,62391,86021,56289,107114,65169,34913,4135.95,3939,3229.98,10832.25,14259.18,23397.66,14771.25,7365.93,1811.94,13670.88294,10416.03641,11077.20459,10492.64157,42635.81243,15268.21586,23462.01365,29009.55461,20854.93236,98413.82794,185039.4611,86503.12943
1033,0,5707.76275,49527,24165,36562,55346,76602,49896,94006,57878,30683,4135.95,3939,3229.98,10832.25,14259.18,23397.66,14771.25,7365.93,1811.94,13670.88294,10416.03641,11077.20459,10492.64157,42635.81243,15268.21586,23462.01365,29009.55461,20854.93236,98413.82794,185039.4611,86503.12943
1034,0,5707.76275,43261,21733,32154,49819,70448,45412,86422,54104,28725,4135.95,3939,3229.98,10832.25,14259.18,23397.66,14771.25,7365.93,1811.94,13670.88294,10416.03641,11077.20459,10492.64157,42635.81243,15268.21586,23462.01365,29009.55461,20854.93236,98413.82794,185039.4611,86503.12943
1035,0,5707.76275,37692,19824,28508,46016,66412,42515,81969,52083,27649,4135.95,3939,3229.98,10832.25,14259.18,23397.66,14771.25,7365.93,1811.94,13670.88294,10416.03641,11077.20459,10492.64157,42635.81243,15268.21586,23462.01365,29009.55461,20854.93236,98413.82794,185039.4611,86503.12943
1036,0,5707.76275,34332,18588,26042,43584,64003,40715,78967,50705,26796,4135.95,3939,3229.98,10832.25,14259.18,23397.66,14771.25,7365.93,1811.94,13670.88294,10416.03641,11077.20459,10492.64157,42635.81243,15268.21586,23462.01365,29009.55461,20854.93236,98413.82794,185039.4611,86503.12943
1037,0,5707.76275,32688,17836,24621,41855,63116,39438,80020,52611,27824,4135.95,3939,3229.98,10832.25,14259.18,23397.66,14771.25,7365.93,1811.94,13670.88294,10416.03641,11077.20459,10492.64157,42635.81243,15268.21586,23462.01365,29009.55461,20854.93236,98413.82794,185039.4611,86503.12943
1038,0,5707.76275,31878,17523,23626,42177,65619,40057,86360,57787,30673,4135.95,3939,3229.98,10832.25,14259.18,23397.66,14771.25,7365.93,1811.94,13670.88294,10416.03641,11077.20459,10492.64157,42635.81243,15268.21586,23462.01365,29009.55461,20854.93236,98413.82794,185039.4611,86503.12943
1039,0,5707.76275,31524,17548,23667,45105,72314,42964,100274,69602,37348,4135.95,3939,3229.98,10832.25,14259.18,23397.66,14771.25,7365.93,1811.94,13670.88294,10416.03641,11077.20459,10492.64157,42635.81243,15268.21586,23462.01365,29009.55461,20854.93236,98413.82794,185039.4611,86503.12943
1040,0,5707.76275,32988,18340,25234,51218,82619,48563,113860,77294,41712,4135.95,3939,3229.98,10832.25,14259.18,23397.66,14771.25,7365.93,1811.94,13670.88294,10416.03641,11077.20459,10492.64157,42635.81243,15268.21586,23462.01365,29009.55461,20854.93236,98413.82794,185039.4611,86503.12943
1041,0,5707.76275,35853,20395,29354,57048,92428,53417,130321,89371,48592,4135.95,3939,3229.98,10832.25,14259.18,23397.66,14771.25,7365.93,1811.94,13670.88294,10416.03641,11077.20459,10492.64157,42635.81243,15268.21586,23462.01365,29009.55461,20854.93236,98413.82794,185039.4611,86503.12943
1042,0,5707.76275,40855,22302,33448,64908,103598,60247,145850,96623,52475,4135.95,3939,3229.98,10832.25,14259.18,23397.66,14771.25,7365.93,1811.94,13670.88294,10416.03641,11077.20459,10492.64157,42635.81243,15268.21586,23462.01365,29009.55461,20854.93236,98413.82794,185039.4611,86503.12943
1043,0,5707.76275,44764,23892,38335,72427,110677,65749,155709,101091,54734,4135.95,3939,3229.98,10832.25,14259.18,23397.66,14771.25,7365.93,1811.94,13670.88294,10416.03641,11077.20459,10492.64157,42635.81243,15268.21586,23462.01365,29009.55461,20854.93236,98413.82794,185039.4611,86503.12943
1044,0,5707.76275,50632,26300,43031,76555,116128,68762,166759,108079,58409,4135.95,3939,3229.98,10832.25,14259.18,23397.66,14771.25,7365.93,1811.94,13670.88294,10416.03641,11077.20459,10492.64157,42635.81243,15268.21586,23462.01365,29009.55461,20854.93236,98413.82794,185039.4611,86503.12943
1045,0,5707.76275,53965,27600,45830,81939,121784,73218,171857,108317,58376,4135.95,3939,3229.98,10832.25,14259.18,23397.66,14771.25,7365.93,1811.94,13670.88294,10416.03641,11077.20459,10492.64157,42635.81243,15268.21586,23462.01365,29009.55461,20854.93236,98413.82794,185039.4611,86503.12943
1046,0,5707.76275,56362,28366,49302,84533,122867,74383,174669,109796,59070,4135.95,3939,3229.98,10832.25,14259.18,23397.66,14771.25,7365.93,1811.94,13670.88294,10416.03641,11077.20459,10492.64157,42635.81243,15268.21586,23462.01365,29009.55461,20854.93236,98413.82794,185039.4611,86503.12943
1047,0,5707.76275,59527,29403,51444,87029,125409,75953,179236,113129,60706,4135.95,3939,3229.98,10832.25,14259.18,23397.66,14771.25,7365.93,1811.94,13670.88294,10416.03641,11077.20459,10492.64157,42635.81243,15268.21586,23462.01365,29009.55461,20854.93236,98413.82794,185039.4611,86503.12943
1048,0,5707.76275,59039,29163,53060,90362,129392,78395,185637,116771,62848,4135.95,3939,3229.98,10832.25,14259.18,23397.66,14771.25,7365.93,1811.94,13670.88294,10416.03641,11077.20459,10492.64157,42635.81243,15268.21586,23462.01365,29009.55461,20854.93236,98413.82794,185039.4611,86503.12943
1049,0,5707.76275,59337,29331,55462,94183,133466,81284,189557,117248,63117,4135.95,3939,3229.98,10832.25,14259.18,23397.66,14771.25,7365.93,1811.94,13670.88294,10416.03641,11077.20459,10492.64157,42635.81243,15268.21586,23462.01365,29009.55461,20854.93236,98413.82794,185039.4611,86503.12943
1050,0,5707.76275,60649,29958,58254,97402,134960,83090,191199,119625,64776,4135.95,3939,3229.98,10832.25,14259.18,23397.66,14771.25,7365.93,1811.94,13670.88294,10416.03641,11077.20459,10492.64157,42635.81243,15268.21586,23462.01365,29009.55461,20854.93236,98413.82794,185039.4611,86503.12943
1051,0,5707.76275,62215,30465,60499,96130,134095,83064,183885,113208,61649,4135.95,3939,3229.98,10832.25,14259.18,23397.66,14771.25,7365.93,1811.94,13670.88294,10416.03641,11077.20459,10492.64157,42635.81243,15268.21586,23462.01365,29009.55461,20854.93236,98413.82794,185039.4611,86503.12943
1052,0,5707.76275,61977,30430,60216,90444,125965,78569,168833,104144,57044,4135.95,3939,3229.98,10832.25,14259.18,23397.66,14771.25,7365.93,1811.94,13670.88294,10416.03641,11077.20459,10492.64157,42635.81243,15268.21586,23462.01365,29009.55461,20854.93236,98413.82794,185039.4611,86503.12943
1053,0,5707.76275,64120,30665,57271,82965,116457,72740,155153,97276,53470,4135.95,3939,3229.98,10832.25,14259.18,23397.66,14771.25,7365.93,1811.94,13670.88294,10416.03641,11077.20459,10492.64157,42635.81243,15268.21586,23462.01365,29009.55461,20854.93236,98413.82794,185039.4611,86503.12943
1054,0,5707.76275,61235,29198,52240,76045,108527,67546,141908,89898,49300,4135.95,3939,3229.98,10832.25,14259.18,23397.66,14771.25,7365.93,1811.94,13670.88294,10416.03641,11077.20459,10492.64157,42635.81243,15268.21586,23462.01365,29009.55461,20854.93236,98413.82794,185039.4611,86503.12943
1055,0,5707.76275,57005,27356,47590,69822,99844,62664,124788,77980,42278,4135.95,3939,3229.98,10832.25,14259.18,23397.66,14771.25,7365.93,1811.94,13670.88294,10416.03641,11077.20459,10492.64157,42635.81243,15268.21586,23462.01365,29009.55461,20854.93236,98413.82794,185039.4611,86503.12943
1056,0,5707.76275,53820,25971,43376,62441,90973,56358,111962,72653,37308,4135.95,3939,3229.98,10832.25,14259.18,23397.66,14771.25,7365.93,1811.94,13670.88294,10416.03641,11077.20459,10492.64157,42635.81243,15268.21586,23462.01365,29009.55461,20854.93236,98413.82794,185039.4611,86503.12943
1057,0,5707.76275,49825,24439,38216,60493,88256,55031,104154,67915,34529,4135.95,3939,3229.98,10832.25,14259.18,23397.66,14771.25,7365.93,1811.94,13670.88294,10416.03641,11077.20459,10492.64157,42635.81243,15268.21586,23462.01365,29009.55461,20854.93236,98413.82794,185039.4611,86503.12943
1058,0,5707.76275,43527,22689,34649,56745,83704,51916,99068,65328,32921,4135.95,3939,3229.98,10832.25,14259.18,23397.66,14771.25,7365.93,1811.94,13670.88294,10416.03641,11077.20459,10492.64157,42635.81243,15268.21586,23462.01365,29009.55461,20854.93236,98413.82794,185039.4611,86503.12943
1059,0,5707.76275,40008,22639,32183,54445,81571,50266,96580,64197,32308,4135.95,3939,3229.98,10832.25,14259.18,23397.66,14771.25,7365.93,1811.94,13670.88294,10416.03641,11077.20459,10492.64157,42635.81243,15268.21586,23462.01365,29009.55461,20854.93236,98413.82794,185039.4611,86503.12943
1060,0,5707.76275,37875,21976,30477,52718,80481,49053,96528,65095,32697,4135.95,3939,3229.98,10832.25,14259.18,23397.66,14771.25,7365.93,1811.94,13670.88294,10416.03641,11077.20459,10492.64157,42635.81243,15268.21586,23462.01365,29009.55461,20854.93236,98413.82794,185039.4611,86503.12943
1061,0,5707.76275,37030,21804,29469,52334,82359,48975,102383,70962,35738,4135.95,3939,3229.98,10832.25,14259.18,23397.66,14771.25,7365.93,1811.94,13670.88294,10416.03641,11077.20459,10492.64157,42635.81243,15268.21586,23462.01365,29009.55461,20854.93236,98413.82794,185039.4611,86503.12943
1062,0,5707.76275,36935,21835,29136,55091,91740,51946,122986,90326,45981,4135.95,3939,3229.98,10832.25,14259.18,23397.66,14771.25,7365.93,1811.94,13670.88294,10416.03641,11077.20459,10492.64157,42635.81243,15268.21586,23462.01365,29009.55461,20854.93236,98413.82794,185039.4611,86503.12943
1063,0,5707.76275,37957,22644,30374,64912,111082,62045,149471,108748,55798,4135.95,3939,3229.98,10832.25,14259.18,23397.66,14771.25,7365.93,1811.94,13670.88294,10416.03641,11077.20459,10492.64157,42635.81243,15268.21586,23462.01365,29009.55461,20854.93236,98413.82794,185039.4611,86503.12943
1064,0,5707.76275,42281,25206,35896,76096,128631,72227,166453,118553,60705,4135.95,3939,3229.98,10832.25,14259.18,23397.66,14771.25,7365.93,1811.94,13670.88294,10416.03641,11077.20459,10492.64157,42635.81243,15268.21586,23462.01365,29009.55461,20854.93236,98413.82794,185039.4611,86503.12943
1065,0,5707.76275,52728,30952,43285,82982,137733,77810,173235,122469,62446,4135.95,3939,3229.98,10832.25,14259.18,23397.66,14771.25,7365.93,1811.94,13670.88294,10416.03641,11077.20459,10492.64157,42635.81243,15268.21586,23462.01365,29009.55461,20854.93236,98413.82794,185039.4611,86503.12943
1066,0,5707.76275,61660,34685,48494,86538,142432,80078,181798,128441,65238,4135.95,3939,3229.98,10832.25,14259.18,23397.66,14771.25,7365.93,1811.94,13670.88294,10416.03641,11077.20459,10492.64157,42635.81243,15268.21586,23462.01365,29009.55461,20854.93236,98413.82794,185039.4611,86503.12943
1067,0,5707.76275,65103,36012,50879,92087,148530,83992,191127,134458,68177,4135.95,3939,3229.98,10832.25,14259.18,23397.66,14771.25,7365.93,1811.94,13670.88294,10416.03641,11077.20459,10492.64157,42635.81243,15268.21586,23462.01365,29009.55461,20854.93236,98413.82794,185039.4611,86503.12943
1068,0,5707.76275,66137,36476,53936,96288,154512,87118,198908,138740,70317,4135.95,3939,3229.98,10832.25,14259.18,23397.66,14771.25,7365.93,1811.94,13670.88294,10416.03641,11077.20459,10492.64157,42635.81243,15268.21586,23462.01365,29009.55461,20854.93236,98413.82794,185039.4611,86503.12943
1069,0,5707.76275,68580,37481,56906,100492,159470,90013,203928,141184,71358,4135.95,3939,3229.98,10832.25,14259.18,23397.66,14771.25,7365.93,1811.94,13670.88294,10416.03641,11077.20459,10492.64157,42635.81243,15268.21586,23462.01365,29009.55461,20854.93236,98413.82794,185039.4611,86503.12943
1070,0,5707.76275,71631,38641,60081,103645,162571,91842,208319,143690,72667,4135.95,3939,3229.98,10832.25,14259.18,23397.66,14771.25,7365.93,1811.94,13670.88294,10416.03641,11077.20459,10492.64157,42635.81243,15268.21586,23462.01365,29009.55461,20854.93236,98413.82794,185039.4611,86503.12943
1071,0,5707.76275,73658,39462,62628,106905,167229,93973,218523,151461,76796,4135.95,3939,3229.98,10832.25,14259.18,23397.66,14771.25,7365.93,1811.94,13670.88294,10416.03641,11077.20459,10492.64157,42635.81243,15268.21586,23462.01365,29009.55461,20854.93236,98413.82794,185039.4611,86503.12943
1072,0,5707.76275,74730,39966,65135,112738,175538,98441,231499,159630,80942,4135.95,3939,3229.98,10832.25,14259.18,23397.66,14771.25,7365.93,1811.94,13670.88294,10416.03641,11077.20459,10492.64157,42635.81243,15268.21586,23462.01365,29009.55461,20854.93236,98413.82794,185039.4611,86503.12943
1073,0,5707.76275,76547,40697,69220,119016,183440,102947,245890,167775,85004,4135.95,3939,3229.98,10832.25,14259.18,23397.66,14771.25,7365.93,1811.94,13670.88294,10416.03641,11077.20459,10492.64157,42635.81243,15268.21586,23462.01365,29009.55461,20854.93236,98413.82794,185039.4611,86503.12943
1074,0,5707.76275,81492,42243,73911,126228,183549,107897,232765,149790,75877,4135.95,3939,3229.98,10832.25,14259.18,23397.66,14771.25,7365.93,1811.94,13670.88294,10416.03641,11077.20459,10492.64157,42635.81243,15268.21586,23462.01365,29009.55461,20854.93236,98413.82794,185039.4611,86503.12943
1075,0,5707.76275,86303,43325,79023,116265,163414,98556,201964,127837,64508,4135.95,3939,3229.98,10832.25,14259.18,23397.66,14771.25,7365.93,1811.94,13670.88294,10416.03641,11077.20459,10492.64157,42635.81243,15268.21586,23462.01365,29009.55461,20854.93236,98413.82794,185039.4611,86503.12943
1076,0,5707.76275,88709,42693,73860,101686,144075,86557,180242,117370,59632,4135.95,3939,3229.98,10832.25,14259.18,23397.66,14771.25,7365.93,1811.94,13670.88294,10416.03641,11077.20459,10492.64157,42635.81243,15268.21586,23462.01365,29009.55461,20854.93236,98413.82794,185039.4611,86503.12943
1077,0,5707.76275,77539,38122,64153,92880,133214,80668,164939,107132,54762,4135.95,3939,3229.98,10832.25,14259.18,23397.66,14771.25,7365.93,1811.94,13670.88294,10416.03641,11077.20459,10492.64157,42635.81243,15268.21586,23462.01365,29009.55461,20854.93236,98413.82794,185039.4611,86503.12943
1078,0,5707.76275,65512,33593,57085,84691,122179,74553,149060,96479,49211,4135.95,3939,3229.98,10832.25,14259.18,23397.66,14771.25,7365.93,1811.94,13670.88294,10416.03641,11077.20459,10492.64157,42635.81243,15268.21586,23462.01365,29009.55461,20854.93236,98413.82794,185039.4611,86503.12943
1079,0,5707.76275,60940,31558,51644,76633,110944,68025,132530,85801,43435,4135.95,3939,3229.98,10832.25,14259.18,23397.66,14771.25,7365.93,1811.94,13670.88294,10416.03641,11077.20459,10492.64157,42635.81243,15268.21586,23462.01365,29009.55461,20854.93236,98413.82794,185039.4611,86503.12943
1080,0,5707.76275,56188,29581,46371,68740,99507,61519,116715,75453,37954,4135.95,3939,3229.98,10832.25,14259.18,23397.66,14771.25,7365.93,1811.94,13670.88294,10416.03641,11077.20459,10492.64157,42635.81243,15268.21586,23462.01365,29009.55461,20854.93236,98413.82794,185039.4611,86503.12943
1081,0,5707.76275,50804,27264,41137,60728,89979,55149,106419,70555,35127,4135.95,3939,3229.98,10832.25,14259.18,23397.66,14771.25,7365.93,1811.94,13670.88294,10416.03641,11077.20459,10492.64157,42635.81243,15268.21586,23462.01365,29009.55461,20854.93236,98413.82794,185039.4611,86503.12943
1082,0,5707.76275,45423,24822,35757,56611,85375,52078,101027,67825,33456,4135.95,3939,3229.98,10832.25,14259.18,23397.66,14771.25,7365.93,1811.94,13670.88294,10416.03641,11077.20459,10492.64157,42635.81243,15268.21586,23462.01365,29009.55461,20854.93236,98413.82794,185039.4611,86503.12943
1083,0,5707.76275,40622,22860,32673,54337,83027,50367,98297,66481,32757,4135.95,3939,3229.98,10832.25,14259.18,23397.66,14771.25,7365.93,1811.94,13670.88294,10416.03641,11077.20459,10492.64157,42635.81243,15268.21586,23462.01365,29009.55461,20854.93236,98413.82794,185039.4611,86503.12943
1084,0,5707.76275,38410,22257,30861,52601,81799,49142,98055,67289,33083,4135.95,3939,3229.98,10832.25,14259.18,23397.66,14771.25,7365.93,1811.94,13670.88294,10416.03641,11077.20459,10492.64157,42635.81243,15268.21586,23462.01365,29009.55461,20854.93236,98413.82794,185039.4611,86503.12943
1085,0,5707.76275,37504,22117,29794,52182,83558,49021,103867,73094,36108,4135.95,3939,3229.98,10832.25,14259.18,23397.66,14771.25,7365.93,1811.94,13670.88294,10416.03641,11077.20459,10492.64157,42635.81243,15268.21586,23462.01365,29009.55461,20854.93236,98413.82794,185039.4611,86503.12943
1086,0,5707.76275,37338,22183,29465,54916,92886,51995,124730,92820,46396,4135.95,3939,3229.98,10832.25,14259.18,23397.66,14771.25,7365.93,1811.94,13670.88294,10416.03641,11077.20459,10492.64157,42635.81243,15268.21586,23462.01365,29009.55461,20854.93236,98413.82794,185039.4611,86503.12943
1087,0,5707.76275,38303,22976,30636,64666,112250,62158,151744,111443,56213,4135.95,3939,3229.98,10832.25,14259.18,23397.66,14771.25,7365.93,1811.94,13670.88294,10416.03641,11077.20459,10492.64157,42635.81243,15268.21586,23462.01365,29009.55461,20854.93236,98413.82794,185039.4611,86503.12943
1088,0,5707.76275,42571,25517,36185,75811,129262,72386,169630,121625,61142,4135.95,3939,3229.98,10832.25,14259.18,23397.66,14771.25,7365.93,1811.94,13670.88294,10416.03641,11077.20459,10492.64157,42635.81243,15268.21586,23462.01365,29009.55461,20854.93236,98413.82794,185039.4611,86503.12943
1089,0,5707.76275,53078,31398,43604,82534,138402,78077,176956,125601,62915,4135.95,3939,3229.98,10832.25,14259.18,23397.66,14771.25,7365.93,1811.94,13670.88294,10416.03641,11077.20459,10492.64157,42635.81243,15268.21586,23462.01365,29009.55461,20854.93236,98413.82794,185039.4611,86503.12943
1090,0,5707.76275,62159,34848,48809,86089,143358,80485,186164,131945,65737,4135.95,3939,3229.98,10832.25,14259.18,23397.66,14771.25,7365.93,1811.94,13670.88294,10416.03641,11077.20459,10492.64157,42635.81243,15268.21586,23462.01365,29009.55461,20854.93236,98413.82794,185039.4611,86503.12943
1091,0,5707.76275,66048,35791,51109,91617,149366,84541,195909,137636,68779,4135.95,3939,3229.98,10832.25,14259.18,23397.66,14771.25,7365.93,1811.94,13670.88294,10416.03641,11077.20459,10492.64157,42635.81243,15268.21586,23462.01365,29009.55461,20854.93236,98413.82794,185039.4611,86503.12943
1092,0,5707.76275,67296,35965,54036,95647,154790,87643,203846,142211,70898,4135.95,3939,3229.98,10832.25,14259.18,23397.66,14771.25,7365.93,1811.94,13670.88294,10416.03641,11077.20459,10492.64157,42635.81243,15268.21586,23462.01365,29009.55461,20854.93236,98413.82794,185039.4611,86503.12943
1093,0,5707.76275,69823,36893,57086,99623,159595,90467,209043,144664,72034,4135.95,3939,3229.98,10832.25,14259.18,23397.66,14771.25,7365.93,1811.94,13670.88294,10416.03641,11077.20459,10492.64157,42635.81243,15268.21586,23462.01365,29009.55461,20854.93236,98413.82794,185039.4611,86503.12943
1094,0,5707.76275,72998,37784,60174,102719,162824,92261,213560,147421,73261,4135.95,3939,3229.98,10832.25,14259.18,23397.66,14771.25,7365.93,1811.94,13670.88294,10416.03641,11077.20459,10492.64157,42635.81243,15268.21586,23462.01365,29009.55461,20854.93236,98413.82794,185039.4611,86503.12943
1095,0,5707.76275,75025,38371,62561,106023,167701,94336,223907,155269,77444,4135.95,3939,3229.98,10832.25,14259.18,23397.66,14771.25,7365.93,1811.94,13670.88294,10416.03641,11077.20459,10492.64157,42635.81243,15268.21586,23462.01365,29009.55461,20854.93236,98413.82794,185039.4611,86503.12943
1096,0,5707.76275,75987,38587,65036,111449,176275,98855,237099,163381,81470,4135.95,3939,3229.98,10832.25,14259.18,23397.66,14771.25,7365.93,1811.94,13670.88294,10416.03641,11077.20459,10492.64157,42635.81243,15268.21586,23462.01365,29009.55461,20854.93236,98413.82794,185039.4611,86503.12943
1097,0,5707.76275,77785,39184,69036,116899,184557,103608,251934,171388,85467,4135.95,3939,3229.98,10832.25,14259.18,23397.66,14771.25,7365.93,1811.94,13670.88294,10416.03641,11077.20459,10492.64157,42635.81243,15268.21586,23462.01365,29009.55461,20854.93236,98413.82794,185039.4611,86503.12943
1098,0,5707.76275,82658,40702,73775,123339,184687,108641,238962,152935,76224,4135.95,3939,3229.98,10832.25,14259.18,23397.66,14771.25,7365.93,1811.94,13670.88294,10416.03641,11077.20459,10492.64157,42635.81243,15268.21586,23462.01365,29009.55461,20854.93236,98413.82794,185039.4611,86503.12943
1099,0,5707.76275,87545,41896,78850,113459,164955,99364,207494,130300,64798,4135.95,3939,3229.98,10832.25,14259.18,23397.66,14771.25,7365.93,1811.94,13670.88294,10416.03641,11077.20459,10492.64157,42635.81243,15268.21586,23462.01365,29009.55461,20854.93236,98413.82794,185039.4611,86503.12943
1100,0,5707.76275,89960,41669,74352,99251,145512,87316,184811,119683,59777,4135.95,3939,3229.98,10832.25,14259.18,23397.66,14771.25,7365.93,1811.94,13670.88294,10416.03641,11077.20459,10492.64157,42635.81243,15268.21586,23462.01365,29009.55461,20854.93236,98413.82794,185039.4611,86503.12943
1101,0,5707.76275,78563,37262,64814,90947,134366,81194,168904,108962,54786,4135.95,3939,3229.98,10832.25,14259.18,23397.66,14771.25,7365.93,1811.94,13670.88294,10416.03641,11077.20459,10492.64157,42635.81243,15268.21586,23462.01365,29009.55461,20854.93236,98413.82794,185039.4611,86503.12943
1102,0,5707.76275,66271,32881,57498,83295,122977,75013,152726,97944,49116,4135.95,3939,3229.98,10832.25,14259.18,23397.66,14771.25,7365.93,1811.94,13670.88294,10416.03641,11077.20459,10492.64157,42635.81243,15268.21586,23462.01365,29009.55461,20854.93236,98413.82794,185039.4611,86503.12943
1103,0,5707.76275,61562,31061,51927,75370,111440,68503,136008,87052,43242,4135.95,3939,3229.98,10832.25,14259.18,23397.66,14771.25,7365.93,1811.94,13670.88294,10416.03641,11077.20459,10492.64157,42635.81243,15268.21586,23462.01365,29009.55461,20854.93236,98413.82794,185039.4611,86503.12943
1104,0,5707.76275,56696,29275,46603,67590,100274,61927,120028,76142,37264,4135.95,3939,3229.98,10832.25,14259.18,23397.66,14771.25,7365.93,1811.94,13670.88294,10416.03641,11077.20459,10492.64157,42635.81243,15268.21586,23462.01365,29009.55461,20854.93236,98413.82794,185039.4611,86503.12943
1105,0,5707.76275,51198,27096,41285,60167,90594,55481,109566,71127,34500,4135.95,3939,3229.98,10832.25,14259.18,23397.66,14771.25,7365.93,1811.94,13670.88294,10416.03641,11077.20459,10492.64157,42635.81243,15268.21586,23462.01365,29009.55461,20854.93236,98413.82794,185039.4611,86503.12943
1106,0,5707.76275,45776,24488,35848,56157,85995,52393,104123,68253,32806,4135.95,3939,3229.98,10832.25,14259.18,23397.66,14771.25,7365.93,1811.94,13670.88294,10416.03641,11077.20459,10492.64157,42635.81243,15268.21586,23462.01365,29009.55461,20854.93236,98413.82794,185039.4611,86503.12943
1107,0,5707.76275,40779,22513,32574,53942,83630,50628,101265,66796,32133,4135.95,3939,3229.98,10832.25,14259.18,23397.66,14771.25,7365.93,1811.94,13670.88294,10416.03641,11077.20459,10492.64157,42635.81243,15268.21586,23462.01365,29009.55461,20854.93236,98413.82794,185039.4611,86503.12943
1108,0,5707.76275,38496,21909,30825,52320,82323,49365,100900,67538,32481,4135.95,3939,3229.98,10832.25,14259.18,23397.66,14771.25,7365.93,1811.94,13670.88294,10416.03641,11077.20459,10492.64157,42635.81243,15268.21586,23462.01365,29009.55461,20854.93236,98413.82794,185039.4611,86503.12943
1109,0,5707.76275,37564,21771,29753,51987,84030,49244,106536,73282,35458,4135.95,3939,3229.98,10832.25,14259.18,23397.66,14771.25,7365.93,1811.94,13670.88294,10416.03641,11077.20459,10492.64157,42635.81243,15268.21586,23462.01365,29009.55461,20854.93236,98413.82794,185039.4611,86503.12943
1110,0,5707.76275,37367,21827,29430,54824,93434,52140,127739,93102,45661,4135.95,3939,3229.98,10832.25,14259.18,23397.66,14771.25,7365.93,1811.94,13670.88294,10416.03641,11077.20459,10492.64157,42635.81243,15268.21586,23462.01365,29009.55461,20854.93236,98413.82794,185039.4611,86503.12943
1111,0,5707.76275,38312,22620,30597,64615,112934,62213,154840,111680,55354,4135.95,3939,3229.98,10832.25,14259.18,23397.66,14771.25,7365.93,1811.94,13670.88294,10416.03641,11077.20459,10492.64157,42635.81243,15268.21586,23462.01365,29009.55461,20854.93236,98413.82794,185039.4611,86503.12943
1112,0,5707.76275,42627,25138,36081,75861,130426,72474,172764,121848,59933,4135.95,3939,3229.98,10832.25,14259.18,23397.66,14771.25,7365.93,1811.94,13670.88294,10416.03641,11077.20459,10492.64157,42635.81243,15268.21586,23462.01365,29009.55461,20854.93236,98413.82794,185039.4611,86503.12943
1113,0,5707.76275,52984,30728,43277,82543,139860,78346,180968,125720,61709,4135.95,3939,3229.98,10832.25,14259.18,23397.66,14771.25,7365.93,1811.94,13670.88294,10416.03641,11077.20459,10492.64157,42635.81243,15268.21586,23462.01365,29009.55461,20854.93236,98413.82794,185039.4611,86503.12943
1114,0,5707.76275,61967,34116,47998,86223,144761,80735,191508,132273,64463,4135.95,3939,3229.98,10832.25,14259.18,23397.66,14771.25,7365.93,1811.94,13670.88294,10416.03641,11077.20459,10492.64157,42635.81243,15268.21586,23462.01365,29009.55461,20854.93236,98413.82794,185039.4611,86503.12943
1115,0,5707.76275,65705,35064,50267,91795,150557,84830,201449,138393,67560,4135.95,3939,3229.98,10832.25,14259.18,23397.66,14771.25,7365.93,1811.94,13670.88294,10416.03641,11077.20459,10492.64157,42635.81243,15268.21586,23462.01365,29009.55461,20854.93236,98413.82794,185039.4611,86503.12943
1116,0,5707.76275,66936,35152,53073,95854,156400,87934,210073,143037,69737,4135.95,3939,3229.98,10832.25,14259.18,23397.66,14771.25,7365.93,1811.94,13670.88294,10416.03641,11077.20459,10492.64157,42635.81243,15268.21586,23462.01365,29009.55461,20854.93236,98413.82794,185039.4611,86503.12943
1117,0,5707.76275,69530,35897,56079,99932,161634,90920,215835,145626,70964,4135.95,3939,3229.98,10832.25,14259.18,23397.66,14771.25,7365.93,1811.94,13670.88294,10416.03641,11077.20459,10492.64157,42635.81243,15268.21586,23462.01365,29009.55461,20854.93236,98413.82794,185039.4611,86503.12943
1118,0,5707.76275,72640,36726,59047,103297,165259,92855,221235,148196,72250,4135.95,3939,3229.98,10832.25,14259.18,23397.66,14771.25,7365.93,1811.94,13670.88294,10416.03641,11077.20459,10492.64157,42635.81243,15268.21586,23462.01365,29009.55461,20854.93236,98413.82794,185039.4611,86503.12943
1119,0,5707.76275,74666,37191,61483,106785,170653,95183,232229,155746,76298,4135.95,3939,3229.98,10832.25,14259.18,23397.66,14771.25,7365.93,1811.94,13670.88294,10416.03641,11077.20459,10492.64157,42635.81243,15268.21586,23462.01365,29009.55461,20854.93236,98413.82794,185039.4611,86503.12943
1120,0,5707.76275,75756,37302,63825,112505,179792,99835,245758,163363,80072,4135.95,3939,3229.98,10832.25,14259.18,23397.66,14771.25,7365.93,1811.94,13670.88294,10416.03641,11077.20459,10492.64157,42635.81243,15268.21586,23462.01365,29009.55461,20854.93236,98413.82794,185039.4611,86503.12943
1121,0,5707.76275,77630,37755,68100,118385,187747,104692,261372,170934,83479,4135.95,3939,3229.98,10832.25,14259.18,23397.66,14771.25,7365.93,1811.94,13670.88294,10416.03641,11077.20459,10492.64157,42635.81243,15268.21586,23462.01365,29009.55461,20854.93236,98413.82794,185039.4611,86503.12943
1122,0,5707.76275,82445,39184,72543,125138,187472,110005,245853,152599,74570,4135.95,3939,3229.98,10832.25,14259.18,23397.66,14771.25,7365.93,1811.94,13670.88294,10416.03641,11077.20459,10492.64157,42635.81243,15268.21586,23462.01365,29009.55461,20854.93236,98413.82794,185039.4611,86503.12943
1123,0,5707.76275,87118,40430,77496,114989,166812,100785,212482,130007,63631,4135.95,3939,3229.98,10832.25,14259.18,23397.66,14771.25,7365.93,1811.94,13670.88294,10416.03641,11077.20459,10492.64157,42635.81243,15268.21586,23462.01365,29009.55461,20854.93236,98413.82794,185039.4611,86503.12943
1124,0,5707.76275,89200,40493,72969,100661,147401,88546,189485,119548,58919,4135.95,3939,3229.98,10832.25,14259.18,23397.66,14771.25,7365.93,1811.94,13670.88294,10416.03641,11077.20459,10492.64157,42635.81243,15268.21586,23462.01365,29009.55461,20854.93236,98413.82794,185039.4611,86503.12943
1125,0,5707.76275,77899,36297,63657,92053,135847,82185,173179,109032,54150,4135.95,3939,3229.98,10832.25,14259.18,23397.66,14771.25,7365.93,1811.94,13670.88294,10416.03641,11077.20459,10492.64157,42635.81243,15268.21586,23462.01365,29009.55461,20854.93236,98413.82794,185039.4611,86503.12943
1126,0,5707.76275,65790,32078,56461,84220,124163,75824,156397,98159,48752,4135.95,3939,3229.98,10832.25,14259.18,23397.66,14771.25,7365.93,1811.94,13670.88294,10416.03641,11077.20459,10492.64157,42635.81243,15268.21586,23462.01365,29009.55461,20854.93236,98413.82794,185039.4611,86503.12943
1127,0,5707.76275,61150,30410,51040,76248,112679,69170,139106,87418,43085,4135.95,3939,3229.98,10832.25,14259.18,23397.66,14771.25,7365.93,1811.94,13670.88294,10416.03641,11077.20459,10492.64157,42635.81243,15268.21586,23462.01365,29009.55461,20854.93236,98413.82794,185039.4611,86503.12943
1128,0,5707.76275,56352,28784,45717,68421,101467,62490,122275,78385,38351,4135.95,3939,3229.98,10832.25,14259.18,23397.66,14771.25,7365.93,1811.94,13670.88294,10416.03641,11077.20459,10492.64157,42635.81243,15268.21586,23462.01365,29009.55461,20854.93236,98413.82794,185039.4611,86503.12943
1129,0,5707.76275,50921,26704,40633,60837,91014,55874,111656,73358,35676,4135.95,3939,3229.98,10832.25,14259.18,23397.66,14771.25,7365.93,1811.94,13670.88294,10416.03641,11077.20459,10492.64157,42635.81243,15268.21586,23462.01365,29009.55461,20854.93236,98413.82794,185039.4611,86503.12943
1130,0,5707.76275,45579,24449,35330,56821,86229,52701,105899,70367,33996,4135.95,3939,3229.98,10832.25,14259.18,23397.66,14771.25,7365.93,1811.94,13670.88294,10416.03641,11077.20459,10492.64157,42635.81243,15268.21586,23462.01365,29009.55461,20854.93236,98413.82794,185039.4611,86503.12943
1131,0,5707.76275,40681,22521,31996,54527,83852,50872,102908,68878,33263,4135.95,3939,3229.98,10832.25,14259.18,23397.66,14771.25,7365.93,1811.94,13670.88294,10416.03641,11077.20459,10492.64157,42635.81243,15268.21586,23462.01365,29009.55461,20854.93236,98413.82794,185039.4611,86503.12943
1132,0,5707.76275,38491,21950,30286,52793,82528,49634,102337,69468,33704,4135.95,3939,3229.98,10832.25,14259.18,23397.66,14771.25,7365.93,1811.94,13670.88294,10416.03641,11077.20459,10492.64157,42635.81243,15268.21586,23462.01365,29009.55461,20854.93236,98413.82794,185039.4611,86503.12943
1133,0,5707.76275,37545,21854,29291,52381,84103,49428,107698,75228,36828,4135.95,3939,3229.98,10832.25,14259.18,23397.66,14771.25,7365.93,1811.94,13670.88294,10416.03641,11077.20459,10492.64157,42635.81243,15268.21586,23462.01365,29009.55461,20854.93236,98413.82794,185039.4611,86503.12943
1134,0,5707.76275,37377,21953,28963,55088,93553,52239,129057,95718,47377,4135.95,3939,3229.98,10832.25,14259.18,23397.66,14771.25,7365.93,1811.94,13670.88294,10416.03641,11077.20459,10492.64157,42635.81243,15268.21586,23462.01365,29009.55461,20854.93236,98413.82794,185039.4611,86503.12943
1135,0,5707.76275,38346,22747,30227,64751,112575,62228,155860,114852,57497,4135.95,3939,3229.98,10832.25,14259.18,23397.66,14771.25,7365.93,1811.94,13670.88294,10416.03641,11077.20459,10492.64157,42635.81243,15268.21586,23462.01365,29009.55461,20854.93236,98413.82794,185039.4611,86503.12943
1136,0,5707.76275,42619,25234,35653,75976,129434,72444,174037,125970,62895,4135.95,3939,3229.98,10832.25,14259.18,23397.66,14771.25,7365.93,1811.94,13670.88294,10416.03641,11077.20459,10492.64157,42635.81243,15268.21586,23462.01365,29009.55461,20854.93236,98413.82794,185039.4611,86503.12943
1137,0,5707.76275,52957,30908,42868,83000,137887,78175,182592,130475,65202,4135.95,3939,3229.98,10832.25,14259.18,23397.66,14771.25,7365.93,1811.94,13670.88294,10416.03641,11077.20459,10492.64157,42635.81243,15268.21586,23462.01365,29009.55461,20854.93236,98413.82794,185039.4611,86503.12943
1138,0,5707.76275,61945,34267,47542,86516,142163,80498,193061,137369,68892,4135.95,3939,3229.98,10832.25,14259.18,23397.66,14771.25,7365.93,1811.94,13670.88294,10416.03641,11077.20459,10492.64157,42635.81243,15268.21586,23462.01365,29009.55461,20854.93236,98413.82794,185039.4611,86503.12943
1139,0,5707.76275,65479,35142,49689,92114,147298,84554,202600,142799,72481,4135.95,3939,3229.98,10832.25,14259.18,23397.66,14771.25,7365.93,1811.94,13670.88294,10416.03641,11077.20459,10492.64157,42635.81243,15268.21586,23462.01365,29009.55461,20854.93236,98413.82794,185039.4611,86503.12943
1140,0,5707.76275,66255,35165,52407,96340,152316,87648,211034,147563,75348,4135.95,3939,3229.98,10832.25,14259.18,23397.66,14771.25,7365.93,1811.94,13670.88294,10416.03641,11077.20459,10492.64157,42635.81243,15268.21586,23462.01365,29009.55461,20854.93236,98413.82794,185039.4611,86503.12943
1141,0,5707.76275,68587,35909,55295,100806,156318,90723,216792,149691,76881,4135.95,3939,3229.98,10832.25,14259.18,23397.66,14771.25,7365.93,1811.94,13670.88294,10416.03641,11077.20459,10492.64157,42635.81243,15268.21586,23462.01365,29009.55461,20854.93236,98413.82794,185039.4611,86503.12943
1142,0,5707.76275,71671,36702,58045,104215,159297,92746,222088,152712,78728,4135.95,3939,3229.98,10832.25,14259.18,23397.66,14771.25,7365.93,1811.94,13670.88294,10416.03641,11077.20459,10492.64157,42635.81243,15268.21586,23462.01365,29009.55461,20854.93236,98413.82794,185039.4611,86503.12943
1143,0,5707.76275,73666,37151,60232,107699,164010,95186,233279,161074,83612,4135.95,3939,3229.98,10832.25,14259.18,23397.66,14771.25,7365.93,1811.94,13670.88294,10416.03641,11077.20459,10492.64157,42635.81243,15268.21586,23462.01365,29009.55461,20854.93236,98413.82794,185039.4611,86503.12943
1144,0,5707.76275,74692,37258,62484,113632,172348,99977,247410,169855,88249,4135.95,3939,3229.98,10832.25,14259.18,23397.66,14771.25,7365.93,1811.94,13670.88294,10416.03641,11077.20459,10492.64157,42635.81243,15268.21586,23462.01365,29009.55461,20854.93236,98413.82794,185039.4611,86503.12943
1145,0,5707.76275,76546,37768,66060,119881,180122,105091,263371,177824,92163,4135.95,3939,3229.98,10832.25,14259.18,23397.66,14771.25,7365.93,1811.94,13670.88294,10416.03641,11077.20459,10492.64157,42635.81243,15268.21586,23462.01365,29009.55461,20854.93236,98413.82794,185039.4611,86503.12943
1146,0,5707.76275,81335,39312,70191,126984,180147,110682,247163,159373,81750,4135.95,3939,3229.98,10832.25,14259.18,23397.66,14771.25,7365.93,1811.94,13670.88294,10416.03641,11077.20459,10492.64157,42635.81243,15268.21586,23462.01365,29009.55461,20854.93236,98413.82794,185039.4611,86503.12943
1147,0,5707.76275,85978,40699,74326,116791,161621,101076,214076,136950,69848,4135.95,3939,3229.98,10832.25,14259.18,23397.66,14771.25,7365.93,1811.94,13670.88294,10416.03641,11077.20459,10492.64157,42635.81243,15268.21586,23462.01365,29009.55461,20854.93236,98413.82794,185039.4611,86503.12943
1148,0,5707.76275,88031,40828,70027,102338,142622,88850,190823,125861,64154,4135.95,3939,3229.98,10832.25,14259.18,23397.66,14771.25,7365.93,1811.94,13670.88294,10416.03641,11077.20459,10492.64157,42635.81243,15268.21586,23462.01365,29009.55461,20854.93236,98413.82794,185039.4611,86503.12943
1149,0,5707.76275,76934,36588,60920,93672,131834,82514,174111,113830,58634,4135.95,3939,3229.98,10832.25,14259.18,23397.66,14771.25,7365.93,1811.94,13670.88294,10416.03641,11077.20459,10492.64157,42635.81243,15268.21586,23462.01365,29009.55461,20854.93236,98413.82794,185039.4611,86503.12943
1150,0,5707.76275,64841,32323,54203,85356,120904,75973,157048,102182,52865,4135.95,3939,3229.98,10832.25,14259.18,23397.66,14771.25,7365.93,1811.94,13670.88294,10416.03641,11077.20459,10492.64157,42635.81243,15268.21586,23462.01365,29009.55461,20854.93236,98413.82794,185039.4611,86503.12943
1151,0,5707.76275,60420,30613,49338,77237,109696,69198,139932,91142,46960,4135.95,3939,3229.98,10832.25,14259.18,23397.66,14771.25,7365.93,1811.94,13670.88294,10416.03641,11077.20459,10492.64157,42635.81243,15268.21586,23462.01365,29009.55461,20854.93236,98413.82794,185039.4611,86503.12943
1152,0,5707.76275,55953,28937,44450,69265,98249,62549,122893,80978,42470,4135.95,3939,3229.98,10832.25,14259.18,23397.66,14771.25,7365.93,1811.94,13670.88294,10416.03641,11077.20459,10492.64157,42635.81243,15268.21586,23462.01365,29009.55461,20854.93236,98413.82794,185039.4611,86503.12943
1153,0,5707.76275,50675,26834,39543,61374,88677,55981,112372,75877,39639,4135.95,3939,3229.98,10832.25,14259.18,23397.66,14771.25,7365.93,1811.94,13670.88294,10416.03641,11077.20459,10492.64157,42635.81243,15268.21586,23462.01365,29009.55461,20854.93236,98413.82794,185039.4611,86503.12943
1154,0,5707.76275,45418,24521,34623,57217,84218,52926,106556,72629,37760,4135.95,3939,3229.98,10832.25,14259.18,23397.66,14771.25,7365.93,1811.94,13670.88294,10416.03641,11077.20459,10492.64157,42635.81243,15268.21586,23462.01365,29009.55461,20854.93236,98413.82794,185039.4611,86503.12943
1155,0,5707.76275,40588,22515,31565,54836,81946,51105,103452,70918,36830,4135.95,3939,3229.98,10832.25,14259.18,23397.66,14771.25,7365.93,1811.94,13670.88294,10416.03641,11077.20459,10492.64157,42635.81243,15268.21586,23462.01365,29009.55461,20854.93236,98413.82794,185039.4611,86503.12943
1156,0,5707.76275,38397,21903,29921,53082,80685,49820,102761,71190,37024,4135.95,3939,3229.98,10832.25,14259.18,23397.66,14771.25,7365.93,1811.94,13670.88294,10416.03641,11077.20459,10492.64157,42635.81243,15268.21586,23462.01365,29009.55461,20854.93236,98413.82794,185039.4611,86503.12943
1157,0,5707.76275,37472,21766,28984,52600,82329,49645,108062,76699,40283,4135.95,3939,3229.98,10832.25,14259.18,23397.66,14771.25,7365.93,1811.94,13670.88294,10416.03641,11077.20459,10492.64157,42635.81243,15268.21586,23462.01365,29009.55461,20854.93236,98413.82794,185039.4611,86503.12943
1158,0,5707.76275,37314,21816,28677,55115,91408,52356,129271,97237,51661,4135.95,3939,3229.98,10832.25,14259.18,23397.66,14771.25,7365.93,1811.94,13670.88294,10416.03641,11077.20459,10492.64157,42635.81243,15268.21586,23462.01365,29009.55461,20854.93236,98413.82794,185039.4611,86503.12943
1159,0,5707.76275,38271,22607,29970,64699,110149,62199,156104,116258,62488,4135.95,3939,3229.98,10832.25,14259.18,23397.66,14771.25,7365.93,1811.94,13670.88294,10416.03641,11077.20459,10492.64157,42635.81243,15268.21586,23462.01365,29009.55461,20854.93236,98413.82794,185039.4611,86503.12943
1160,0,5707.76275,42535,25107,35426,76023,126446,72407,174236,127958,69030,4135.95,3939,3229.98,10832.25,14259.18,23397.66,14771.25,7365.93,1811.94,13670.88294,10416.03641,11077.20459,10492.64157,42635.81243,15268.21586,23462.01365,29009.55461,20854.93236,98413.82794,185039.4611,86503.12943
1161,0,5707.76275,52899,30712,42702,82916,134245,78151,182698,132180,71657,4135.95,3939,3229.98,10832.25,14259.18,23397.66,14771.25,7365.93,1811.94,13670.88294,10416.03641,11077.20459,10492.64157,42635.81243,15268.21586,23462.01365,29009.55461,20854.93236,98413.82794,185039.4611,86503.12943
1162,0,5707.76275,61933,34159,47374,86438,138012,80545,193193,139108,73524,4135.95,3939,3229.98,10832.25,14259.18,23397.66,14771.25,7365.93,1811.94,13670.88294,10416.03641,11077.20459,10492.64157,42635.81243,15268.21586,23462.01365,29009.55461,20854.93236,98413.82794,185039.4611,86503.12943
1163,0,5707.76275,65386,35120,49580,91905,143100,84614,202656,144313,76707,4135.95,3939,3229.98,10832.25,14259.18,23397.66,14771.25,7365.93,1811.94,13670.88294,10416.03641,11077.20459,10492.64157,42635.81243,15268.21586,23462.01365,29009.55461,20854.93236,98413.82794,185039.4611,86503.12943
1164,0,5707.76275,66194,35190,52212,96064,147971,87774,211355,149079,79378,4135.95,3939,3229.98,10832.25,14259.18,23397.66,14771.25,7365.93,1811.94,13670.88294,10416.03641,11077.20459,10492.64157,42635.81243,15268.21586,23462.01365,29009.55461,20854.93236,98413.82794,185039.4611,86503.12943
1165,0,5707.76275,68505,35948,54906,100470,151841,90856,217357,151823,80567,4135.95,3939,3229.98,10832.25,14259.18,23397.66,14771.25,7365.93,1811.94,13670.88294,10416.03641,11077.20459,10492.64157,42635.81243,15268.21586,23462.01365,29009.55461,20854.93236,98413.82794,185039.4611,86503.12943
1166,0,5707.76275,71559,36829,57516,103934,154399,92720,222676,155327,82426,4135.95,3939,3229.98,10832.25,14259.18,23397.66,14771.25,7365.93,1811.94,13670.88294,10416.03641,11077.20459,10492.64157,42635.81243,15268.21586,23462.01365,29009.55461,20854.93236,98413.82794,185039.4611,86503.12943
1167,0,5707.76275,73463,37379,59648,107648,158430,94926,233581,164211,86884,4135.95,3939,3229.98,10832.25,14259.18,23397.66,14771.25,7365.93,1811.94,13670.88294,10416.03641,11077.20459,10492.64157,42635.81243,15268.21586,23462.01365,29009.55461,20854.93236,98413.82794,185039.4611,86503.12943
1168,0,5707.76275,74438,37513,61781,113995,165754,99621,247865,173248,92170,4135.95,3939,3229.98,10832.25,14259.18,23397.66,14771.25,7365.93,1811.94,13670.88294,10416.03641,11077.20459,10492.64157,42635.81243,15268.21586,23462.01365,29009.55461,20854.93236,98413.82794,185039.4611,86503.12943
1169,0,5707.76275,76227,38023,65259,120549,172601,104522,263853,181169,97273,4135.95,3939,3229.98,10832.25,14259.18,23397.66,14771.25,7365.93,1811.94,13670.88294,10416.03641,11077.20459,10492.64157,42635.81243,15268.21586,23462.01365,29009.55461,20854.93236,98413.82794,185039.4611,86503.12943
1170,0,5707.76275,80969,39526,69468,128223,172633,109947,247223,161537,85908,4135.95,3939,3229.98,10832.25,14259.18,23397.66,14771.25,7365.93,1811.94,13670.88294,10416.03641,11077.20459,10492.64157,42635.81243,15268.21586,23462.01365,29009.55461,20854.93236,98413.82794,185039.4611,86503.12943
1171,0,5707.76275,85608,40865,73777,118081,154464,100434,213912,139184,73885,4135.95,3939,3229.98,10832.25,14259.18,23397.66,14771.25,7365.93,1811.94,13670.88294,10416.03641,11077.20459,10492.64157,42635.81243,15268.21586,23462.01365,29009.55461,20854.93236,98413.82794,185039.4611,86503.12943
1172,0,5707.76275,87738,40880,69704,103385,135776,88332,190496,128147,68081,4135.95,3939,3229.98,10832.25,14259.18,23397.66,14771.25,7365.93,1811.94,13670.88294,10416.03641,11077.20459,10492.64157,42635.81243,15268.21586,23462.01365,29009.55461,20854.93236,98413.82794,185039.4611,86503.12943
1173,0,5707.76275,76649,36593,60723,94235,126345,82134,173443,115292,61349,4135.95,3939,3229.98,10832.25,14259.18,23397.66,14771.25,7365.93,1811.94,13670.88294,10416.03641,11077.20459,10492.64157,42635.81243,15268.21586,23462.01365,29009.55461,20854.93236,98413.82794,185039.4611,86503.12943
1174,0,5707.76275,64456,32275,54009,85771,116726,75584,156475,103157,54910,4135.95,3939,3229.98,10832.25,14259.18,23397.66,14771.25,7365.93,1811.94,13670.88294,10416.03641,11077.20459,10492.64157,42635.81243,15268.21586,23462.01365,29009.55461,20854.93236,98413.82794,185039.4611,86503.12943
1175,0,5707.76275,60055,30548,49212,77461,106189,68867,139367,91940,49002,4135.95,3939,3229.98,10832.25,14259.18,23397.66,14771.25,7365.93,1811.94,13670.88294,10416.03641,11077.20459,10492.64157,42635.81243,15268.21586,23462.01365,29009.55461,20854.93236,98413.82794,185039.4611,86503.12943
1176,0,5707.76275,55687,28894,44441,69459,94396,62308,118651,75994,41550,4135.95,3939,3229.98,10832.25,14259.18,23397.66,14771.25,7365.93,1811.94,13670.88294,10416.03641,11077.20459,10492.64157,42635.81243,15268.21586,23462.01365,29009.55461,20854.93236,98413.82794,185039.4611,86503.12943
1177,0,5707.76275,49655,26318,38226,55330,68595,45708,97115,54791,28574,4135.95,3939,3229.98,10832.25,14259.18,23397.66,14771.25,7365.93,1811.94,13670.88294,10416.03641,11077.20459,10492.64157,42635.81243,15268.21586,23462.01365,29009.55461,20854.93236,98413.82794,185039.4611,86503.12943
1178,0,5707.76275,44617,23471,32676,49423,62977,41585,89623,52045,27222,4135.95,3939,3229.98,10832.25,14259.18,23397.66,14771.25,7365.93,1811.94,13670.88294,10416.03641,11077.20459,10492.64157,42635.81243,15268.21586,23462.01365,29009.55461,20854.93236,98413.82794,185039.4611,86503.12943
1179,0,5707.76275,37965,19408,28171,45924,60047,39186,85370,50430,26394,4135.95,3939,3229.98,10832.25,14259.18,23397.66,14771.25,7365.93,1811.94,13670.88294,10416.03641,11077.20459,10492.64157,42635.81243,15268.21586,23462.01365,29009.55461,20854.93236,98413.82794,185039.4611,86503.12943
1180,0,5707.76275,34152,18048,26025,43664,58383,37781,82484,49557,25863,4135.95,3939,3229.98,10832.25,14259.18,23397.66,14771.25,7365.93,1811.94,13670.88294,10416.03641,11077.20459,10492.64157,42635.81243,15268.21586,23462.01365,29009.55461,20854.93236,98413.82794,185039.4611,86503.12943
1181,0,5707.76275,32843,17442,24797,42073,58179,36875,83707,51954,27128,4135.95,3939,3229.98,10832.25,14259.18,23397.66,14771.25,7365.93,1811.94,13670.88294,10416.03641,11077.20459,10492.64157,42635.81243,15268.21586,23462.01365,29009.55461,20854.93236,98413.82794,185039.4611,86503.12943
1182,0,5707.76275,32095,17150,23958,42589,61210,37801,92921,59201,31259,4135.95,3939,3229.98,10832.25,14259.18,23397.66,14771.25,7365.93,1811.94,13670.88294,10416.03641,11077.20459,10492.64157,42635.81243,15268.21586,23462.01365,29009.55461,20854.93236,98413.82794,185039.4611,86503.12943
1183,0,5707.76275,31798,17206,24227,46381,67473,41391,104187,66032,35090,4135.95,3939,3229.98,10832.25,14259.18,23397.66,14771.25,7365.93,1811.94,13670.88294,10416.03641,11077.20459,10492.64157,42635.81243,15268.21586,23462.01365,29009.55461,20854.93236,98413.82794,185039.4611,86503.12943
1184,0,5707.76275,33645,18170,26396,51023,73612,45314,117721,73834,39353,4135.95,3939,3229.98,10832.25,14259.18,23397.66,14771.25,7365.93,1811.94,13670.88294,10416.03641,11077.20459,10492.64157,42635.81243,15268.21586,23462.01365,29009.55461,20854.93236,98413.82794,185039.4611,86503.12943
1185,0,5707.76275,37762,20599,29636,56561,81129,49788,135513,85033,45505,4135.95,3939,3229.98,10832.25,14259.18,23397.66,14771.25,7365.93,1811.94,13670.88294,10416.03641,11077.20459,10492.64157,42635.81243,15268.21586,23462.01365,29009.55461,20854.93236,98413.82794,185039.4611,86503.12943
1186,0,5707.76275,41269,21769,32823,64071,90234,55695,153067,92394,49354,4135.95,3939,3229.98,10832.25,14259.18,23397.66,14771.25,7365.93,1811.94,13670.88294,10416.03641,11077.20459,10492.64157,42635.81243,15268.21586,23462.01365,29009.55461,20854.93236,98413.82794,185039.4611,86503.12943
1187,0,5707.76275,45883,23551,37554,71772,96344,60685,164034,96972,51697,4135.95,3939,3229.98,10832.25,14259.18,23397.66,14771.25,7365.93,1811.94,13670.88294,10416.03641,11077.20459,10492.64157,42635.81243,15268.21586,23462.01365,29009.55461,20854.93236,98413.82794,185039.4611,86503.12943
1188,0,5707.76275,52325,26042,42148,75763,101110,63704,175925,103785,55382,4135.95,3939,3229.98,10832.25,14259.18,23397.66,14771.25,7365.93,1811.94,13670.88294,10416.03641,11077.20459,10492.64157,42635.81243,15268.21586,23462.01365,29009.55461,20854.93236,98413.82794,185039.4611,86503.12943
1189,0,5707.76275,56531,27613,44989,81214,105942,67876,182028,103982,55575,4135.95,3939,3229.98,10832.25,14259.18,23397.66,14771.25,7365.93,1811.94,13670.88294,10416.03641,11077.20459,10492.64157,42635.81243,15268.21586,23462.01365,29009.55461,20854.93236,98413.82794,185039.4611,86503.12943
1190,0,5707.76275,59576,28704,48363,84229,106526,68611,184942,104548,55964,4135.95,3939,3229.98,10832.25,14259.18,23397.66,14771.25,7365.93,1811.94,13670.88294,10416.03641,11077.20459,10492.64157,42635.81243,15268.21586,23462.01365,29009.55461,20854.93236,98413.82794,185039.4611,86503.12943
1191,0,5707.76275,63367,30020,50494,86966,107483,69482,188147,105528,56460,4135.95,3939,3229.98,10832.25,14259.18,23397.66,14771.25,7365.93,1811.94,13670.88294,10416.03641,11077.20459,10492.64157,42635.81243,15268.21586,23462.01365,29009.55461,20854.93236,98413.82794,185039.4611,86503.12943
1192,0,5707.76275,63269,30053,51941,89435,109515,70613,194778,109656,58895,4135.95,3939,3229.98,10832.25,14259.18,23397.66,14771.25,7365.93,1811.94,13670.88294,10416.03641,11077.20459,10492.64157,42635.81243,15268.21586,23462.01365,29009.55461,20854.93236,98413.82794,185039.4611,86503.12943
1193,0,5707.76275,63389,30139,53521,93236,112143,73151,198509,108086,58075,4135.95,3939,3229.98,10832.25,14259.18,23397.66,14771.25,7365.93,1811.94,13670.88294,10416.03641,11077.20459,10492.64157,42635.81243,15268.21586,23462.01365,29009.55461,20854.93236,98413.82794,185039.4611,86503.12943
1194,0,5707.76275,64122,30411,56060,95505,111132,73456,195427,108351,58893,4135.95,3939,3229.98,10832.25,14259.18,23397.66,14771.25,7365.93,1811.94,13670.88294,10416.03641,11077.20459,10492.64157,42635.81243,15268.21586,23462.01365,29009.55461,20854.93236,98413.82794,185039.4611,86503.12943
1195,0,5707.76275,66111,30825,57873,92699,110993,73179,188471,105209,57394,4135.95,3939,3229.98,10832.25,14259.18,23397.66,14771.25,7365.93,1811.94,13670.88294,10416.03641,11077.20459,10492.64157,42635.81243,15268.21586,23462.01365,29009.55461,20854.93236,98413.82794,185039.4611,86503.12943
1196,0,5707.76275,65120,30196,56378,88058,106778,70528,174291,97452,53427,4135.95,3939,3229.98,10832.25,14259.18,23397.66,14771.25,7365.93,1811.94,13670.88294,10416.03641,11077.20459,10492.64157,42635.81243,15268.21586,23462.01365,29009.55461,20854.93236,98413.82794,185039.4611,86503.12943
1197,0,5707.76275,65164,29959,54002,81073,100128,65598,159826,90782,49904,4135.95,3939,3229.98,10832.25,14259.18,23397.66,14771.25,7365.93,1811.94,13670.88294,10416.03641,11077.20459,10492.64157,42635.81243,15268.21586,23462.01365,29009.55461,20854.93236,98413.82794,185039.4611,86503.12943
1198,0,5707.76275,63282,29002,50056,74334,93502,61441,144008,81580,44632,4135.95,3939,3229.98,10832.25,14259.18,23397.66,14771.25,7365.93,1811.94,13670.88294,10416.03641,11077.20459,10492.64157,42635.81243,15268.21586,23462.01365,29009.55461,20854.93236,98413.82794,185039.4611,86503.12943
1199,0,5707.76275,59135,27330,45952,67293,85416,56317,127495,72156,39102,4135.95,3939,3229.98,10832.25,14259.18,23397.66,14771.25,7365.93,1811.94,13670.88294,10416.03641,11077.20459,10492.64157,42635.81243,15268.21586,23462.01365,29009.55461,20854.93236,98413.82794,185039.4611,86503.12943
1200,0,5707.76275,55076,25730,41491,60684,76991,51260,110086,61833,33093,4135.95,3939,3229.98,10832.25,14259.18,23397.66,14771.25,7365.93,1811.94,13670.88294,10416.03641,11077.20459,10492.64157,42635.81243,15268.21586,23462.01365,29009.55461,20854.93236,98413.82794,185039.4611,86503.12943
1201,0,5707.76275,49701,23759,36858,53762,67975,45446,96078,54863,28999,4135.95,3939,3229.98,10832.25,14259.18,23397.66,14771.25,7365.93,1811.94,13670.88294,10416.03641,11077.20459,10492.64157,42635.81243,15268.21586,23462.01365,29009.55461,20854.93236,98413.82794,185039.4611,86503.12943
1202,0,5707.76275,43989,21669,32026,48377,62421,41218,88740,52164,27676,4135.95,3939,3229.98,10832.25,14259.18,23397.66,14771.25,7365.93,1811.94,13670.88294,10416.03641,11077.20459,10492.64157,42635.81243,15268.21586,23462.01365,29009.55461,20854.93236,98413.82794,185039.4611,86503.12943
1203,0,5707.76275,37920,19487,28296,44850,59561,38877,84525,50480,26808,4135.95,3939,3229.98,10832.25,14259.18,23397.66,14771.25,7365.93,1811.94,13670.88294,10416.03641,11077.20459,10492.64157,42635.81243,15268.21586,23462.01365,29009.55461,20854.93236,98413.82794,185039.4611,86503.12943
1204,0,5707.76275,34209,18119,26094,42838,57844,37756,81595,49464,26258,4135.95,3939,3229.98,10832.25,14259.18,23397.66,14771.25,7365.93,1811.94,13670.88294,10416.03641,11077.20459,10492.64157,42635.81243,15268.21586,23462.01365,29009.55461,20854.93236,98413.82794,185039.4611,86503.12943
1205,0,5707.76275,32872,17497,24863,41127,57483,36467,82446,51497,27347,4135.95,3939,3229.98,10832.25,14259.18,23397.66,14771.25,7365.93,1811.94,13670.88294,10416.03641,11077.20459,10492.64157,42635.81243,15268.21586,23462.01365,29009.55461,20854.93236,98413.82794,185039.4611,86503.12943
1206,0,5707.76275,32088,17200,23975,41592,60247,37241,90778,58420,31249,4135.95,3939,3229.98,10832.25,14259.18,23397.66,14771.25,7365.93,1811.94,13670.88294,10416.03641,11077.20459,10492.64157,42635.81243,15268.21586,23462.01365,29009.55461,20854.93236,98413.82794,185039.4611,86503.12943
1207,0,5707.76275,31784,17253,24049,45234,66096,40631,101874,64857,34593,4135.95,3939,3229.98,10832.25,14259.18,23397.66,14771.25,7365.93,1811.94,13670.88294,10416.03641,11077.20459,10492.64157,42635.81243,15268.21586,23462.01365,29009.55461,20854.93236,98413.82794,185039.4611,86503.12943
1208,0,5707.76275,33416,18174,26009,49946,71833,44364,115040,72169,38434,4135.95,3939,3229.98,10832.25,14259.18,23397.66,14771.25,7365.93,1811.94,13670.88294,10416.03641,11077.20459,10492.64157,42635.81243,15268.21586,23462.01365,29009.55461,20854.93236,98413.82794,185039.4611,86503.12943
1209,0,5707.76275,37241,20396,29107,55738,78767,48655,132511,82464,43995,4135.95,3939,3229.98,10832.25,14259.18,23397.66,14771.25,7365.93,1811.94,13670.88294,10416.03641,11077.20459,10492.64157,42635.81243,15268.21586,23462.01365,29009.55461,20854.93236,98413.82794,185039.4611,86503.12943
1210,0,5707.76275,40594,21486,32754,63502,86926,54472,149480,89196,47435,4135.95,3939,3229.98,10832.25,14259.18,23397.66,14771.25,7365.93,1811.94,13670.88294,10416.03641,11077.20459,10492.64157,42635.81243,15268.21586,23462.01365,29009.55461,20854.93236,98413.82794,185039.4611,86503.12943
1211,0,5707.76275,45119,23272,37720,71420,92555,59406,160190,93296,49489,4135.95,3939,3229.98,10832.25,14259.18,23397.66,14771.25,7365.93,1811.94,13670.88294,10416.03641,11077.20459,10492.64157,42635.81243,15268.21586,23462.01365,29009.55461,20854.93236,98413.82794,185039.4611,86503.12943
1212,0,5707.76275,51263,25673,42445,75782,97054,62426,172405,100079,52912,4135.95,3939,3229.98,10832.25,14259.18,23397.66,14771.25,7365.93,1811.94,13670.88294,10416.03641,11077.20459,10492.64157,42635.81243,15268.21586,23462.01365,29009.55461,20854.93236,98413.82794,185039.4611,86503.12943
1213,0,5707.76275,55260,27178,45466,81683,101755,66659,178347,100145,52753,4135.95,3939,3229.98,10832.25,14259.18,23397.66,14771.25,7365.93,1811.94,13670.88294,10416.03641,11077.20459,10492.64157,42635.81243,15268.21586,23462.01365,29009.55461,20854.93236,98413.82794,185039.4611,86503.12943
1214,0,5707.76275,58008,28120,49159,84954,102106,67637,181333,100783,52815,4135.95,3939,3229.98,10832.25,14259.18,23397.66,14771.25,7365.93,1811.94,13670.88294,10416.03641,11077.20459,10492.64157,42635.81243,15268.21586,23462.01365,29009.55461,20854.93236,98413.82794,185039.4611,86503.12943
1215,0,5707.76275,61785,29392,51493,87979,102770,68646,184644,101841,53123,4135.95,3939,3229.98,10832.25,14259.18,23397.66,14771.25,7365.93,1811.94,13670.88294,10416.03641,11077.20459,10492.64157,42635.81243,15268.21586,23462.01365,29009.55461,20854.93236,98413.82794,185039.4611,86503.12943
1216,0,5707.76275,61614,29269,53356,90905,104763,69992,191225,106403,55674,4135.95,3939,3229.98,10832.25,14259.18,23397.66,14771.25,7365.93,1811.94,13670.88294,10416.03641,11077.20459,10492.64157,42635.81243,15268.21586,23462.01365,29009.55461,20854.93236,98413.82794,185039.4611,86503.12943
1217,0,5707.76275,61831,29269,55226,95321,107804,72939,194909,105314,55145,4135.95,3939,3229.98,10832.25,14259.18,23397.66,14771.25,7365.93,1811.94,13670.88294,10416.03641,11077.20459,10492.64157,42635.81243,15268.21586,23462.01365,29009.55461,20854.93236,98413.82794,185039.4611,86503.12943
1218,0,5707.76275,62757,29588,58223,98738,107579,73529,193638,107195,56747,4135.95,3939,3229.98,10832.25,14259.18,23397.66,14771.25,7365.93,1811.94,13670.88294,10416.03641,11077.20459,10492.64157,42635.81243,15268.21586,23462.01365,29009.55461,20854.93236,98413.82794,185039.4611,86503.12943
1219,0,5707.76275,65058,30250,60637,96356,108712,73704,186759,104015,55546,4135.95,3939,3229.98,10832.25,14259.18,23397.66,14771.25,7365.93,1811.94,13670.88294,10416.03641,11077.20459,10492.64157,42635.81243,15268.21586,23462.01365,29009.55461,20854.93236,98413.82794,185039.4611,86503.12943
1220,0,5707.76275,64332,29908,59910,91437,105373,70916,172908,96544,51848,4135.95,3939,3229.98,10832.25,14259.18,23397.66,14771.25,7365.93,1811.94,13670.88294,10416.03641,11077.20459,10492.64157,42635.81243,15268.21586,23462.01365,29009.55461,20854.93236,98413.82794,185039.4611,86503.12943
1221,0,5707.76275,65654,30022,57264,83971,99413,65998,158728,90159,48567,4135.95,3939,3229.98,10832.25,14259.18,23397.66,14771.25,7365.93,1811.94,13670.88294,10416.03641,11077.20459,10492.64157,42635.81243,15268.21586,23462.01365,29009.55461,20854.93236,98413.82794,185039.4611,86503.12943
1222,0,5707.76275,63476,29117,52772,76509,93198,61704,142728,81113,43529,4135.95,3939,3229.98,10832.25,14259.18,23397.66,14771.25,7365.93,1811.94,13670.88294,10416.03641,11077.20459,10492.64157,42635.81243,15268.21586,23462.01365,29009.55461,20854.93236,98413.82794,185039.4611,86503.12943
1223,0,5707.76275,59360,27459,47859,69033,85138,56418,125982,71787,38065,4135.95,3939,3229.98,10832.25,14259.18,23397.66,14771.25,7365.93,1811.94,13670.88294,10416.03641,11077.20459,10492.64157,42635.81243,15268.21586,23462.01365,29009.55461,20854.93236,98413.82794,185039.4611,86503.12943
1224,0,5707.76275,55461,25868,42870,61974,78818,51360,111758,65517,32907,4135.95,3939,3229.98,10832.25,14259.18,23397.66,14771.25,7365.93,1811.94,13670.88294,10416.03641,11077.20459,10492.64157,42635.81243,15268.21586,23462.01365,29009.55461,20854.93236,98413.82794,185039.4611,86503.12943
1225,0,5707.76275,50020,23840,37854,59581,76763,50230,102841,61373,30545,4135.95,3939,3229.98,10832.25,14259.18,23397.66,14771.25,7365.93,1811.94,13670.88294,10416.03641,11077.20459,10492.64157,42635.81243,15268.21586,23462.01365,29009.55461,20854.93236,98413.82794,185039.4611,86503.12943
1226,0,5707.76275,44178,22297,33748,55683,73297,47324,97951,59550,29483,4135.95,3939,3229.98,10832.25,14259.18,23397.66,14771.25,7365.93,1811.94,13670.88294,10416.03641,11077.20459,10492.64157,42635.81243,15268.21586,23462.01365,29009.55461,20854.93236,98413.82794,185039.4611,86503.12943
1227,0,5707.76275,39827,22042,31312,53388,72152,46066,95734,59058,29319,4135.95,3939,3229.98,10832.25,14259.18,23397.66,14771.25,7365.93,1811.94,13670.88294,10416.03641,11077.20459,10492.64157,42635.81243,15268.21586,23462.01365,29009.55461,20854.93236,98413.82794,185039.4611,86503.12943
1228,0,5707.76275,37666,21371,29690,51778,71862,45266,95927,60435,30135,4135.95,3939,3229.98,10832.25,14259.18,23397.66,14771.25,7365.93,1811.94,13670.88294,10416.03641,11077.20459,10492.64157,42635.81243,15268.21586,23462.01365,29009.55461,20854.93236,98413.82794,185039.4611,86503.12943
1229,0,5707.76275,36857,21248,28815,51384,74202,45461,102099,66729,33419,4135.95,3939,3229.98,10832.25,14259.18,23397.66,14771.25,7365.93,1811.94,13670.88294,10416.03641,11077.20459,10492.64157,42635.81243,15268.21586,23462.01365,29009.55461,20854.93236,98413.82794,185039.4611,86503.12943
1230,0,5707.76275,36795,21327,28562,54344,83059,48782,122496,84330,43139,4135.95,3939,3229.98,10832.25,14259.18,23397.66,14771.25,7365.93,1811.94,13670.88294,10416.03641,11077.20459,10492.64157,42635.81243,15268.21586,23462.01365,29009.55461,20854.93236,98413.82794,185039.4611,86503.12943
1231,0,5707.76275,37819,22160,29970,63868,99611,58141,147205,99906,51279,4135.95,3939,3229.98,10832.25,14259.18,23397.66,14771.25,7365.93,1811.94,13670.88294,10416.03641,11077.20459,10492.64157,42635.81243,15268.21586,23462.01365,29009.55461,20854.93236,98413.82794,185039.4611,86503.12943
1232,0,5707.76275,42376,24776,35382,74664,112587,67426,162062,105842,53948,4135.95,3939,3229.98,10832.25,14259.18,23397.66,14771.25,7365.93,1811.94,13670.88294,10416.03641,11077.20459,10492.64157,42635.81243,15268.21586,23462.01365,29009.55461,20854.93236,98413.82794,185039.4611,86503.12943
1233,0,5707.76275,52876,30298,42261,81212,117085,71636,167865,107315,54297,4135.95,3939,3229.98,10832.25,14259.18,23397.66,14771.25,7365.93,1811.94,13670.88294,10416.03641,11077.20459,10492.64157,42635.81243,15268.21586,23462.01365,29009.55461,20854.93236,98413.82794,185039.4611,86503.12943
1234,0,5707.76275,61497,33744,46682,84887,119146,73124,177122,112896,56982,4135.95,3939,3229.98,10832.25,14259.18,23397.66,14771.25,7365.93,1811.94,13670.88294,10416.03641,11077.20459,10492.64157,42635.81243,15268.21586,23462.01365,29009.55461,20854.93236,98413.82794,185039.4611,86503.12943
1235,0,5707.76275,65160,34632,48711,91345,123699,76927,185814,117634,59243,4135.95,3939,3229.98,10832.25,14259.18,23397.66,14771.25,7365.93,1811.94,13670.88294,10416.03641,11077.20459,10492.64157,42635.81243,15268.21586,23462.01365,29009.55461,20854.93236,98413.82794,185039.4611,86503.12943
1236,0,5707.76275,66558,34907,51638,95651,127902,79935,193380,121258,60833,4135.95,3939,3229.98,10832.25,14259.18,23397.66,14771.25,7365.93,1811.94,13670.88294,10416.03641,11077.20459,10492.64157,42635.81243,15268.21586,23462.01365,29009.55461,20854.93236,98413.82794,185039.4611,86503.12943
1237,0,5707.76275,69930,36368,54577,100337,130897,82507,198497,122699,61325,4135.95,3939,3229.98,10832.25,14259.18,23397.66,14771.25,7365.93,1811.94,13670.88294,10416.03641,11077.20459,10492.64157,42635.81243,15268.21586,23462.01365,29009.55461,20854.93236,98413.82794,185039.4611,86503.12943
1238,0,5707.76275,72987,37363,57461,104106,132508,84063,202934,124704,62272,4135.95,3939,3229.98,10832.25,14259.18,23397.66,14771.25,7365.93,1811.94,13670.88294,10416.03641,11077.20459,10492.64157,42635.81243,15268.21586,23462.01365,29009.55461,20854.93236,98413.82794,185039.4611,86503.12943
1239,0,5707.76275,75196,38075,59757,108319,135599,85630,213133,131907,66219,4135.95,3939,3229.98,10832.25,14259.18,23397.66,14771.25,7365.93,1811.94,13670.88294,10416.03641,11077.20459,10492.64157,42635.81243,15268.21586,23462.01365,29009.55461,20854.93236,98413.82794,185039.4611,86503.12943
1240,0,5707.76275,76141,38297,62507,114437,142157,89841,225435,138666,70136,4135.95,3939,3229.98,10832.25,14259.18,23397.66,14771.25,7365.93,1811.94,13670.88294,10416.03641,11077.20459,10492.64157,42635.81243,15268.21586,23462.01365,29009.55461,20854.93236,98413.82794,185039.4611,86503.12943
1241,0,5707.76275,78020,38839,66155,120843,148356,93755,238933,145485,74025,4135.95,3939,3229.98,10832.25,14259.18,23397.66,14771.25,7365.93,1811.94,13670.88294,10416.03641,11077.20459,10492.64157,42635.81243,15268.21586,23462.01365,29009.55461,20854.93236,98413.82794,185039.4611,86503.12943
1242,0,5707.76275,82919,40287,70619,128506,149237,98266,223660,130003,65822,4135.95,3939,3229.98,10832.25,14259.18,23397.66,14771.25,7365.93,1811.94,13670.88294,10416.03641,11077.20459,10492.64157,42635.81243,15268.21586,23462.01365,29009.55461,20854.93236,98413.82794,185039.4611,86503.12943
1243,0,5707.76275,87728,41436,75387,117704,133808,89632,192580,110082,54950,4135.95,3939,3229.98,10832.25,14259.18,23397.66,14771.25,7365.93,1811.94,13670.88294,10416.03641,11077.20459,10492.64157,42635.81243,15268.21586,23462.01365,29009.55461,20854.93236,98413.82794,185039.4611,86503.12943
1244,0,5707.76275,90207,41354,71160,103015,117912,78374,172731,103262,51736,4135.95,3939,3229.98,10832.25,14259.18,23397.66,14771.25,7365.93,1811.94,13670.88294,10416.03641,11077.20459,10492.64157,42635.81243,15268.21586,23462.01365,29009.55461,20854.93236,98413.82794,185039.4611,86503.12943
1245,0,5707.76275,78051,36691,61907,94270,111680,73522,158346,95017,47806,4135.95,3939,3229.98,10832.25,14259.18,23397.66,14771.25,7365.93,1811.94,13670.88294,10416.03641,11077.20459,10492.64157,42635.81243,15268.21586,23462.01365,29009.55461,20854.93236,98413.82794,185039.4611,86503.12943
1246,0,5707.76275,65557,32184,55209,85617,103927,68520,142144,84593,42323,4135.95,3939,3229.98,10832.25,14259.18,23397.66,14771.25,7365.93,1811.94,13670.88294,10416.03641,11077.20459,10492.64157,42635.81243,15268.21586,23462.01365,29009.55461,20854.93236,98413.82794,185039.4611,86503.12943
1247,0,5707.76275,61565,30643,49923,76834,94268,62357,126247,75570,37582,4135.95,3939,3229.98,10832.25,14259.18,23397.66,14771.25,7365.93,1811.94,13670.88294,10416.03641,11077.20459,10492.64157,42635.81243,15268.21586,23462.01365,29009.55461,20854.93236,98413.82794,185039.4611,86503.12943
1248,0,5707.76275,56374,28810,44514,68828,85296,56691,111124,66343,32710,4135.95,3939,3229.98,10832.25,14259.18,23397.66,14771.25,7365.93,1811.94,13670.88294,10416.03641,11077.20459,10492.64157,42635.81243,15268.21586,23462.01365,29009.55461,20854.93236,98413.82794,185039.4611,86503.12943
1249,0,5707.76275,50247,26397,39415,60926,77508,51121,101598,62051,30341,4135.95,3939,3229.98,10832.25,14259.18,23397.66,14771.25,7365.93,1811.94,13670.88294,10416.03641,11077.20459,10492.64157,42635.81243,15268.21586,23462.01365,29009.55461,20854.93236,98413.82794,185039.4611,86503.12943
1250,0,5707.76275,45000,24024,34562,56694,73960,48304,96782,60088,29255,4135.95,3939,3229.98,10832.25,14259.18,23397.66,14771.25,7365.93,1811.94,13670.88294,10416.03641,11077.20459,10492.64157,42635.81243,15268.21586,23462.01365,29009.55461,20854.93236,98413.82794,185039.4611,86503.12943
1251,0,5707.76275,39979,22005,31251,54386,72676,47007,94565,59461,29034,4135.95,3939,3229.98,10832.25,14259.18,23397.66,14771.25,7365.93,1811.94,13670.88294,10416.03641,11077.20459,10492.64157,42635.81243,15268.21586,23462.01365,29009.55461,20854.93236,98413.82794,185039.4611,86503.12943
1252,0,5707.76275,37858,21338,29625,52712,72316,46097,94878,60750,29790,4135.95,3939,3229.98,10832.25,14259.18,23397.66,14771.25,7365.93,1811.94,13670.88294,10416.03641,11077.20459,10492.64157,42635.81243,15268.21586,23462.01365,29009.55461,20854.93236,98413.82794,185039.4611,86503.12943
1253,0,5707.76275,37030,21215,28766,52302,74688,46333,101082,66922,32988,4135.95,3939,3229.98,10832.25,14259.18,23397.66,14771.25,7365.93,1811.94,13670.88294,10416.03641,11077.20459,10492.64157,42635.81243,15268.21586,23462.01365,29009.55461,20854.93236,98413.82794,185039.4611,86503.12943
1254,0,5707.76275,36929,21282,28543,55171,83434,49583,121205,84515,42694,4135.95,3939,3229.98,10832.25,14259.18,23397.66,14771.25,7365.93,1811.94,13670.88294,10416.03641,11077.20459,10492.64157,42635.81243,15268.21586,23462.01365,29009.55461,20854.93236,98413.82794,185039.4611,86503.12943
1255,0,5707.76275,37883,22084,29943,64569,99898,58955,145955,100299,50630,4135.95,3939,3229.98,10832.25,14259.18,23397.66,14771.25,7365.93,1811.94,13670.88294,10416.03641,11077.20459,10492.64157,42635.81243,15268.21586,23462.01365,29009.55461,20854.93236,98413.82794,185039.4611,86503.12943
1256,0,5707.76275,42460,24703,35318,75385,112884,68254,161122,106555,53090,4135.95,3939,3229.98,10832.25,14259.18,23397.66,14771.25,7365.93,1811.94,13670.88294,10416.03641,11077.20459,10492.64157,42635.81243,15268.21586,23462.01365,29009.55461,20854.93236,98413.82794,185039.4611,86503.12943
1257,0,5707.76275,53012,30121,42208,81800,117475,72498,166594,108135,53284,4135.95,3939,3229.98,10832.25,14259.18,23397.66,14771.25,7365.93,1811.94,13670.88294,10416.03641,11077.20459,10492.64157,42635.81243,15268.21586,23462.01365,29009.55461,20854.93236,98413.82794,185039.4611,86503.12943
1258,0,5707.76275,61600,33654,46420,85225,119447,73996,175702,113958,55795,4135.95,3939,3229.98,10832.25,14259.18,23397.66,14771.25,7365.93,1811.94,13670.88294,10416.03641,11077.20459,10492.64157,42635.81243,15268.21586,23462.01365,29009.55461,20854.93236,98413.82794,185039.4611,86503.12943
1259,0,5707.76275,65196,34404,48271,91595,124144,77874,184837,118755,57983,4135.95,3939,3229.98,10832.25,14259.18,23397.66,14771.25,7365.93,1811.94,13670.88294,10416.03641,11077.20459,10492.64157,42635.81243,15268.21586,23462.01365,29009.55461,20854.93236,98413.82794,185039.4611,86503.12943
1260,0,5707.76275,66514,34674,51146,95878,128378,80840,192757,122580,59461,4135.95,3939,3229.98,10832.25,14259.18,23397.66,14771.25,7365.93,1811.94,13670.88294,10416.03641,11077.20459,10492.64157,42635.81243,15268.21586,23462.01365,29009.55461,20854.93236,98413.82794,185039.4611,86503.12943
1261,0,5707.76275,69816,36293,54052,100820,131319,83578,197656,124137,59816,4135.95,3939,3229.98,10832.25,14259.18,23397.66,14771.25,7365.93,1811.94,13670.88294,10416.03641,11077.20459,10492.64157,42635.81243,15268.21586,23462.01365,29009.55461,20854.93236,98413.82794,185039.4611,86503.12943
1262,0,5707.76275,72882,37215,56833,104736,132872,85241,202055,126291,60651,4135.95,3939,3229.98,10832.25,14259.18,23397.66,14771.25,7365.93,1811.94,13670.88294,10416.03641,11077.20459,10492.64157,42635.81243,15268.21586,23462.01365,29009.55461,20854.93236,98413.82794,185039.4611,86503.12943
1263,0,5707.76275,75140,37900,59034,108959,135795,87237,212308,133655,64526,4135.95,3939,3229.98,10832.25,14259.18,23397.66,14771.25,7365.93,1811.94,13670.88294,10416.03641,11077.20459,10492.64157,42635.81243,15268.21586,23462.01365,29009.55461,20854.93236,98413.82794,185039.4611,86503.12943
1264,0,5707.76275,76138,38174,61498,115408,142394,91749,224657,140499,68469,4135.95,3939,3229.98,10832.25,14259.18,23397.66,14771.25,7365.93,1811.94,13670.88294,10416.03641,11077.20459,10492.64157,42635.81243,15268.21586,23462.01365,29009.55461,20854.93236,98413.82794,185039.4611,86503.12943
1265,0,5707.76275,78048,38699,65124,122236,148547,96212,238450,147387,72499,4135.95,3939,3229.98,10832.25,14259.18,23397.66,14771.25,7365.93,1811.94,13670.88294,10416.03641,11077.20459,10492.64157,42635.81243,15268.21586,23462.01365,29009.55461,20854.93236,98413.82794,185039.4611,86503.12943
1266,0,5707.76275,82973,40141,69554,130233,149522,101239,224363,131647,64691,4135.95,3939,3229.98,10832.25,14259.18,23397.66,14771.25,7365.93,1811.94,13670.88294,10416.03641,11077.20459,10492.64157,42635.81243,15268.21586,23462.01365,29009.55461,20854.93236,98413.82794,185039.4611,86503.12943
1267,0,5707.76275,87803,41266,74282,119305,134354,92233,193634,111629,54194,4135.95,3939,3229.98,10832.25,14259.18,23397.66,14771.25,7365.93,1811.94,13670.88294,10416.03641,11077.20459,10492.64157,42635.81243,15268.21586,23462.01365,29009.55461,20854.93236,98413.82794,185039.4611,86503.12943
1268,0,5707.76275,90315,41179,70178,104503,118588,80638,173637,104553,51036,4135.95,3939,3229.98,10832.25,14259.18,23397.66,14771.25,7365.93,1811.94,13670.88294,10416.03641,11077.20459,10492.64157,42635.81243,15268.21586,23462.01365,29009.55461,20854.93236,98413.82794,185039.4611,86503.12943
1269,0,5707.76275,78203,36538,61044,95530,112220,75506,159315,96039,47282,4135.95,3939,3229.98,10832.25,14259.18,23397.66,14771.25,7365.93,1811.94,13670.88294,10416.03641,11077.20459,10492.64157,42635.81243,15268.21586,23462.01365,29009.55461,20854.93236,98413.82794,185039.4611,86503.12943
1270,0,5707.76275,65665,32061,54473,86631,104373,70128,143072,85467,41977,4135.95,3939,3229.98,10832.25,14259.18,23397.66,14771.25,7365.93,1811.94,13670.88294,10416.03641,11077.20459,10492.64157,42635.81243,15268.21586,23462.01365,29009.55461,20854.93236,98413.82794,185039.4611,86503.12943
1271,0,5707.76275,61615,30552,49459,77529,94589,63673,127197,76315,37325,4135.95,3939,3229.98,10832.25,14259.18,23397.66,14771.25,7365.93,1811.94,13670.88294,10416.03641,11077.20459,10492.64157,42635.81243,15268.21586,23462.01365,29009.55461,20854.93236,98413.82794,185039.4611,86503.12943
1272,0,5707.76275,56473,28710,44144,69380,85823,57697,111992,66734,33002,4135.95,3939,3229.98,10832.25,14259.18,23397.66,14771.25,7365.93,1811.94,13670.88294,10416.03641,11077.20459,10492.64157,42635.81243,15268.21586,23462.01365,29009.55461,20854.93236,98413.82794,185039.4611,86503.12943
1273,0,5707.76275,50347,26306,39121,61460,78014,51947,102306,62446,30539,4135.95,3939,3229.98,10832.25,14259.18,23397.66,14771.25,7365.93,1811.94,13670.88294,10416.03641,11077.20459,10492.64157,42635.81243,15268.21586,23462.01365,29009.55461,20854.93236,98413.82794,185039.4611,86503.12943
1274,0,5707.76275,45077,24077,34351,57164,74519,49009,97533,60415,29367,4135.95,3939,3229.98,10832.25,14259.18,23397.66,14771.25,7365.93,1811.94,13670.88294,10416.03641,11077.20459,10492.64157,42635.81243,15268.21586,23462.01365,29009.55461,20854.93236,98413.82794,185039.4611,86503.12943
1275,0,5707.76275,40205,22038,31249,54791,73178,47652,95236,59729,29091,4135.95,3939,3229.98,10832.25,14259.18,23397.66,14771.25,7365.93,1811.94,13670.88294,10416.03641,11077.20459,10492.64157,42635.81243,15268.21586,23462.01365,29009.55461,20854.93236,98413.82794,185039.4611,86503.12943
1276,0,5707.76275,37978,21353,29655,53088,72761,46710,95506,60964,29795,4135.95,3939,3229.98,10832.25,14259.18,23397.66,14771.25,7365.93,1811.94,13670.88294,10416.03641,11077.20459,10492.64157,42635.81243,15268.21586,23462.01365,29009.55461,20854.93236,98413.82794,185039.4611,86503.12943
1277,0,5707.76275,37102,21220,28768,52686,75078,46851,101772,67181,33001,4135.95,3939,3229.98,10832.25,14259.18,23397.66,14771.25,7365.93,1811.94,13670.88294,10416.03641,11077.20459,10492.64157,42635.81243,15268.21586,23462.01365,29009.55461,20854.93236,98413.82794,185039.4611,86503.12943
1278,0,5707.76275,37006,21274,28562,55682,83879,50186,121861,84823,42753,4135.95,3939,3229.98,10832.25,14259.18,23397.66,14771.25,7365.93,1811.94,13670.88294,10416.03641,11077.20459,10492.64157,42635.81243,15268.21586,23462.01365,29009.55461,20854.93236,98413.82794,185039.4611,86503.12943
1279,0,5707.76275,38001,22069,29975,65026,100497,59636,146908,100828,51205,4135.95,3939,3229.98,10832.25,14259.18,23397.66,14771.25,7365.93,1811.94,13670.88294,10416.03641,11077.20459,10492.64157,42635.81243,15268.21586,23462.01365,29009.55461,20854.93236,98413.82794,185039.4611,86503.12943
1280,0,5707.76275,42550,24677,35434,75703,113718,69068,162247,107287,54238,4135.95,3939,3229.98,10832.25,14259.18,23397.66,14771.25,7365.93,1811.94,13670.88294,10416.03641,11077.20459,10492.64157,42635.81243,15268.21586,23462.01365,29009.55461,20854.93236,98413.82794,185039.4611,86503.12943
1281,0,5707.76275,53223,30139,42329,81970,118729,73728,168454,109329,54995,4135.95,3939,3229.98,10832.25,14259.18,23397.66,14771.25,7365.93,1811.94,13670.88294,10416.03641,11077.20459,10492.64157,42635.81243,15268.21586,23462.01365,29009.55461,20854.93236,98413.82794,185039.4611,86503.12943
1282,0,5707.76275,61940,33789,46654,85483,121208,75570,178354,115354,58188,4135.95,3939,3229.98,10832.25,14259.18,23397.66,14771.25,7365.93,1811.94,13670.88294,10416.03641,11077.20459,10492.64157,42635.81243,15268.21586,23462.01365,29009.55461,20854.93236,98413.82794,185039.4611,86503.12943
1283,0,5707.76275,65739,34725,48603,91951,126250,79840,187882,120278,60839,4135.95,3939,3229.98,10832.25,14259.18,23397.66,14771.25,7365.93,1811.94,13670.88294,10416.03641,11077.20459,10492.64157,42635.81243,15268.21586,23462.01365,29009.55461,20854.93236,98413.82794,185039.4611,86503.12943
1284,0,5707.76275,67039,35195,51658,96301,130592,82906,196160,124199,62792,4135.95,3939,3229.98,10832.25,14259.18,23397.66,14771.25,7365.93,1811.94,13670.88294,10416.03641,11077.20459,10492.64157,42635.81243,15268.21586,23462.01365,29009.55461,20854.93236,98413.82794,185039.4611,86503.12943
1285,0,5707.76275,70378,36661,54638,101304,133686,85959,201770,125785,63663,4135.95,3939,3229.98,10832.25,14259.18,23397.66,14771.25,7365.93,1811.94,13670.88294,10416.03641,11077.20459,10492.64157,42635.81243,15268.21586,23462.01365,29009.55461,20854.93236,98413.82794,185039.4611,86503.12943
1286,0,5707.76275,73385,37871,57844,105568,135529,87911,207078,127991,64877,4135.95,3939,3229.98,10832.25,14259.18,23397.66,14771.25,7365.93,1811.94,13670.88294,10416.03641,11077.20459,10492.64157,42635.81243,15268.21586,23462.01365,29009.55461,20854.93236,98413.82794,185039.4611,86503.12943
1287,0,5707.76275,75675,38639,60222,110010,138998,90061,218016,135441,69217,4135.95,3939,3229.98,10832.25,14259.18,23397.66,14771.25,7365.93,1811.94,13670.88294,10416.03641,11077.20459,10492.64157,42635.81243,15268.21586,23462.01365,29009.55461,20854.93236,98413.82794,185039.4611,86503.12943
1288,0,5707.76275,76720,39127,62724,116884,145838,94647,231246,142318,73259,4135.95,3939,3229.98,10832.25,14259.18,23397.66,14771.25,7365.93,1811.94,13670.88294,10416.03641,11077.20459,10492.64157,42635.81243,15268.21586,23462.01365,29009.55461,20854.93236,98413.82794,185039.4611,86503.12943
1289,0,5707.76275,78575,39902,66694,123939,152177,99213,245904,149213,77254,4135.95,3939,3229.98,10832.25,14259.18,23397.66,14771.25,7365.93,1811.94,13670.88294,10416.03641,11077.20459,10492.64157,42635.81243,15268.21586,23462.01365,29009.55461,20854.93236,98413.82794,185039.4611,86503.12943
1290,0,5707.76275,83473,41401,71336,132540,153243,104456,230983,133407,69008,4135.95,3939,3229.98,10832.25,14259.18,23397.66,14771.25,7365.93,1811.94,13670.88294,10416.03641,11077.20459,10492.64157,42635.81243,15268.21586,23462.01365,29009.55461,20854.93236,98413.82794,185039.4611,86503.12943
1291,0,5707.76275,88289,42232,76205,121357,137424,94881,199030,113305,57958,4135.95,3939,3229.98,10832.25,14259.18,23397.66,14771.25,7365.93,1811.94,13670.88294,10416.03641,11077.20459,10492.64157,42635.81243,15268.21586,23462.01365,29009.55461,20854.93236,98413.82794,185039.4611,86503.12943
1292,0,5707.76275,90783,41832,71864,106197,121437,82884,178114,106156,54381,4135.95,3939,3229.98,10832.25,14259.18,23397.66,14771.25,7365.93,1811.94,13670.88294,10416.03641,11077.20459,10492.64157,42635.81243,15268.21586,23462.01365,29009.55461,20854.93236,98413.82794,185039.4611,86503.12943
1293,0,5707.76275,78536,37087,62483,97305,114666,77444,163177,97496,50078,4135.95,3939,3229.98,10832.25,14259.18,23397.66,14771.25,7365.93,1811.94,13670.88294,10416.03641,11077.20459,10492.64157,42635.81243,15268.21586,23462.01365,29009.55461,20854.93236,98413.82794,185039.4611,86503.12943
1294,0,5707.76275,66036,32507,55679,87907,106331,71704,146460,86837,44224,4135.95,3939,3229.98,10832.25,14259.18,23397.66,14771.25,7365.93,1811.94,13670.88294,10416.03641,11077.20459,10492.64157,42635.81243,15268.21586,23462.01365,29009.55461,20854.93236,98413.82794,185039.4611,86503.12943
1295,0,5707.76275,61978,30818,50520,78450,96408,65007,130178,77614,39142,4135.95,3939,3229.98,10832.25,14259.18,23397.66,14771.25,7365.93,1811.94,13670.88294,10416.03641,11077.20459,10492.64157,42635.81243,15268.21586,23462.01365,29009.55461,20854.93236,98413.82794,185039.4611,86503.12943
1296,0,5707.76275,56687,28850,44989,70207,87324,58946,114174,68255,34041,4135.95,3939,3229.98,10832.25,14259.18,23397.66,14771.25,7365.93,1811.94,13670.88294,10416.03641,11077.20459,10492.64157,42635.81243,15268.21586,23462.01365,29009.55461,20854.93236,98413.82794,185039.4611,86503.12943
1297,0,5707.76275,50479,26388,39791,61551,79311,52962,104196,63851,31482,4135.95,3939,3229.98,10832.25,14259.18,23397.66,14771.25,7365.93,1811.94,13670.88294,10416.03641,11077.20459,10492.64157,42635.81243,15268.21586,23462.01365,29009.55461,20854.93236,98413.82794,185039.4611,86503.12943
1298,0,5707.76275,45168,24093,35225,57077,75749,49958,99219,61708,30172,4135.95,3939,3229.98,10832.25,14259.18,23397.66,14771.25,7365.93,1811.94,13670.88294,10416.03641,11077.20459,10492.64157,42635.81243,15268.21586,23462.01365,29009.55461,20854.93236,98413.82794,185039.4611,86503.12943
1299,0,5707.76275,40299,22074,32196,54647,74297,48450,96908,61000,29822,4135.95,3939,3229.98,10832.25,14259.18,23397.66,14771.25,7365.93,1811.94,13670.88294,10416.03641,11077.20459,10492.64157,42635.81243,15268.21586,23462.01365,29009.55461,20854.93236,98413.82794,185039.4611,86503.12943
1300,0,5707.76275,38037,21398,30493,52872,73662,47382,97080,62203,30468,4135.95,3939,3229.98,10832.25,14259.18,23397.66,14771.25,7365.93,1811.94,13670.88294,10416.03641,11077.20459,10492.64157,42635.81243,15268.21586,23462.01365,29009.55461,20854.93236,98413.82794,185039.4611,86503.12943
1301,0,5707.76275,37193,21272,29559,52464,75856,47445,103338,68446,33700,4135.95,3939,3229.98,10832.25,14259.18,23397.66,14771.25,7365.93,1811.94,13670.88294,10416.03641,11077.20459,10492.64157,42635.81243,15268.21586,23462.01365,29009.55461,20854.93236,98413.82794,185039.4611,86503.12943
1302,0,5707.76275,37085,21335,29322,55405,84710,50729,123534,86205,43478,4135.95,3939,3229.98,10832.25,14259.18,23397.66,14771.25,7365.93,1811.94,13670.88294,10416.03641,11077.20459,10492.64157,42635.81243,15268.21586,23462.01365,29009.55461,20854.93236,98413.82794,185039.4611,86503.12943
1303,0,5707.76275,38084,22142,30731,64714,101584,60210,148594,102457,52061,4135.95,3939,3229.98,10832.25,14259.18,23397.66,14771.25,7365.93,1811.94,13670.88294,10416.03641,11077.20459,10492.64157,42635.81243,15268.21586,23462.01365,29009.55461,20854.93236,98413.82794,185039.4611,86503.12943
1304,0,5707.76275,42623,24747,36194,75650,115380,69764,164118,109447,55224,4135.95,3939,3229.98,10832.25,14259.18,23397.66,14771.25,7365.93,1811.94,13670.88294,10416.03641,11077.20459,10492.64157,42635.81243,15268.21586,23462.01365,29009.55461,20854.93236,98413.82794,185039.4611,86503.12943
1305,0,5707.76275,53257,30247,43094,82012,121066,74664,170390,111698,56134,4135.95,3939,3229.98,10832.25,14259.18,23397.66,14771.25,7365.93,1811.94,13670.88294,10416.03641,11077.20459,10492.64157,42635.81243,15268.21586,23462.01365,29009.55461,20854.93236,98413.82794,185039.4611,86503.12943
1306,0,5707.76275,61953,33691,47479,85663,123919,76705,180441,117967,59322,4135.95,3939,3229.98,10832.25,14259.18,23397.66,14771.25,7365.93,1811.94,13670.88294,10416.03641,11077.20459,10492.64157,42635.81243,15268.21586,23462.01365,29009.55461,20854.93236,98413.82794,185039.4611,86503.12943
1307,0,5707.76275,65786,34559,49661,92167,129005,81215,190012,123029,61796,4135.95,3939,3229.98,10832.25,14259.18,23397.66,14771.25,7365.93,1811.94,13670.88294,10416.03641,11077.20459,10492.64157,42635.81243,15268.21586,23462.01365,29009.55461,20854.93236,98413.82794,185039.4611,86503.12943
1308,0,5707.76275,67098,34935,52954,96568,133484,84498,197883,127307,63730,4135.95,3939,3229.98,10832.25,14259.18,23397.66,14771.25,7365.93,1811.94,13670.88294,10416.03641,11077.20459,10492.64157,42635.81243,15268.21586,23462.01365,29009.55461,20854.93236,98413.82794,185039.4611,86503.12943
1309,0,5707.76275,70462,36385,56076,101625,136695,87695,202793,129196,64561,4135.95,3939,3229.98,10832.25,14259.18,23397.66,14771.25,7365.93,1811.94,13670.88294,10416.03641,11077.20459,10492.64157,42635.81243,15268.21586,23462.01365,29009.55461,20854.93236,98413.82794,185039.4611,86503.12943
1310,0,5707.76275,73461,37377,59162,105881,138513,89653,207193,131589,65860,4135.95,3939,3229.98,10832.25,14259.18,23397.66,14771.25,7365.93,1811.94,13670.88294,10416.03641,11077.20459,10492.64157,42635.81243,15268.21586,23462.01365,29009.55461,20854.93236,98413.82794,185039.4611,86503.12943
1311,0,5707.76275,75680,38083,61716,110175,141740,91870,217558,138816,70070,4135.95,3939,3229.98,10832.25,14259.18,23397.66,14771.25,7365.93,1811.94,13670.88294,10416.03641,11077.20459,10492.64157,42635.81243,15268.21586,23462.01365,29009.55461,20854.93236,98413.82794,185039.4611,86503.12943
1312,0,5707.76275,76693,38343,64179,117078,148487,96630,230026,145608,74098,4135.95,3939,3229.98,10832.25,14259.18,23397.66,14771.25,7365.93,1811.94,13670.88294,10416.03641,11077.20459,10492.64157,42635.81243,15268.21586,23462.01365,29009.55461,20854.93236,98413.82794,185039.4611,86503.12943
1313,0,5707.76275,78529,38953,68252,123912,154859,101242,244570,152517,78162,4135.95,3939,3229.98,10832.25,14259.18,23397.66,14771.25,7365.93,1811.94,13670.88294,10416.03641,11077.20459,10492.64157,42635.81243,15268.21586,23462.01365,29009.55461,20854.93236,98413.82794,185039.4611,86503.12943
1314,0,5707.76275,83373,40389,72582,132359,155533,106732,230748,135968,69875,4135.95,3939,3229.98,10832.25,14259.18,23397.66,14771.25,7365.93,1811.94,13670.88294,10416.03641,11077.20459,10492.64157,42635.81243,15268.21586,23462.01365,29009.55461,20854.93236,98413.82794,185039.4611,86503.12943
1315,0,5707.76275,88082,41493,77428,121613,139564,96967,199217,115331,58859,4135.95,3939,3229.98,10832.25,14259.18,23397.66,14771.25,7365.93,1811.94,13670.88294,10416.03641,11077.20459,10492.64157,42635.81243,15268.21586,23462.01365,29009.55461,20854.93236,98413.82794,185039.4611,86503.12943
1316,0,5707.76275,90468,41351,72721,106642,123168,84769,178447,107991,55380,4135.95,3939,3229.98,10832.25,14259.18,23397.66,14771.25,7365.93,1811.94,13670.88294,10416.03641,11077.20459,10492.64157,42635.81243,15268.21586,23462.01365,29009.55461,20854.93236,98413.82794,185039.4611,86503.12943
1317,0,5707.76275,78191,36678,62887,97346,116009,79115,163632,98931,50885,4135.95,3939,3229.98,10832.25,14259.18,23397.66,14771.25,7365.93,1811.94,13670.88294,10416.03641,11077.20459,10492.64157,42635.81243,15268.21586,23462.01365,29009.55461,20854.93236,98413.82794,185039.4611,86503.12943
1318,0,5707.76275,65691,32213,55957,87938,107598,72993,147018,88118,45013,4135.95,3939,3229.98,10832.25,14259.18,23397.66,14771.25,7365.93,1811.94,13670.88294,10416.03641,11077.20459,10492.64157,42635.81243,15268.21586,23462.01365,29009.55461,20854.93236,98413.82794,185039.4611,86503.12943
1319,0,5707.76275,61701,30668,50503,78512,97378,65853,130637,78620,39878,4135.95,3939,3229.98,10832.25,14259.18,23397.66,14771.25,7365.93,1811.94,13670.88294,10416.03641,11077.20459,10492.64157,42635.81243,15268.21586,23462.01365,29009.55461,20854.93236,98413.82794,185039.4611,86503.12943
1320,0,5707.76275,56460,28800,44895,70312,87853,59573,114753,68500,34865,4135.95,3939,3229.98,10832.25,14259.18,23397.66,14771.25,7365.93,1811.94,13670.88294,10416.03641,11077.20459,10492.64157,42635.81243,15268.21586,23462.01365,29009.55461,20854.93236,98413.82794,185039.4611,86503.12943
1321,0,5707.76275,50287,26370,39751,61942,79557,53132,104402,63949,32173,4135.95,3939,3229.98,10832.25,14259.18,23397.66,14771.25,7365.93,1811.94,13670.88294,10416.03641,11077.20459,10492.64157,42635.81243,15268.21586,23462.01365,29009.55461,20854.93236,98413.82794,185039.4611,86503.12943
1322,0,5707.76275,45033,24073,34220,57392,75843,50029,99380,61752,30808,4135.95,3939,3229.98,10832.25,14259.18,23397.66,14771.25,7365.93,1811.94,13670.88294,10416.03641,11077.20459,10492.64157,42635.81243,15268.21586,23462.01365,29009.55461,20854.93236,98413.82794,185039.4611,86503.12943
1323,0,5707.76275,40004,22006,31093,54970,74412,48522,96901,60963,30403,4135.95,3939,3229.98,10832.25,14259.18,23397.66,14771.25,7365.93,1811.94,13670.88294,10416.03641,11077.20459,10492.64157,42635.81243,15268.21586,23462.01365,29009.55461,20854.93236,98413.82794,185039.4611,86503.12943
1324,0,5707.76275,37731,21312,29528,53135,73789,47420,97029,62103,30963,4135.95,3939,3229.98,10832.25,14259.18,23397.66,14771.25,7365.93,1811.94,13670.88294,10416.03641,11077.20459,10492.64157,42635.81243,15268.21586,23462.01365,29009.55461,20854.93236,98413.82794,185039.4611,86503.12943
1325,0,5707.76275,36893,21168,28715,52648,75990,47418,103221,68295,34192,4135.95,3939,3229.98,10832.25,14259.18,23397.66,14771.25,7365.93,1811.94,13670.88294,10416.03641,11077.20459,10492.64157,42635.81243,15268.21586,23462.01365,29009.55461,20854.93236,98413.82794,185039.4611,86503.12943
1326,0,5707.76275,36863,21212,28542,55423,84806,50585,123512,86089,44022,4135.95,3939,3229.98,10832.25,14259.18,23397.66,14771.25,7365.93,1811.94,13670.88294,10416.03641,11077.20459,10492.64157,42635.81243,15268.21586,23462.01365,29009.55461,20854.93236,98413.82794,185039.4611,86503.12943
1327,0,5707.76275,37858,22017,30026,64714,101633,60017,148671,102272,52809,4135.95,3939,3229.98,10832.25,14259.18,23397.66,14771.25,7365.93,1811.94,13670.88294,10416.03641,11077.20459,10492.64157,42635.81243,15268.21586,23462.01365,29009.55461,20854.93236,98413.82794,185039.4611,86503.12943
1328,0,5707.76275,42294,24633,35512,75525,115234,69510,164633,109130,56339,4135.95,3939,3229.98,10832.25,14259.18,23397.66,14771.25,7365.93,1811.94,13670.88294,10416.03641,11077.20459,10492.64157,42635.81243,15268.21586,23462.01365,29009.55461,20854.93236,98413.82794,185039.4611,86503.12943
1329,0,5707.76275,52686,30043,42313,82184,120644,74307,171272,111372,57501,4135.95,3939,3229.98,10832.25,14259.18,23397.66,14771.25,7365.93,1811.94,13670.88294,10416.03641,11077.20459,10492.64157,42635.81243,15268.21586,23462.01365,29009.55461,20854.93236,98413.82794,185039.4611,86503.12943
1330,0,5707.76275,61150,33779,46384,85863,123233,76340,181625,117562,60885,4135.95,3939,3229.98,10832.25,14259.18,23397.66,14771.25,7365.93,1811.94,13670.88294,10416.03641,11077.20459,10492.64157,42635.81243,15268.21586,23462.01365,29009.55461,20854.93236,98413.82794,185039.4611,86503.12943
1331,0,5707.76275,64160,34538,48201,92272,128106,80810,191408,122559,63377,4135.95,3939,3229.98,10832.25,14259.18,23397.66,14771.25,7365.93,1811.94,13670.88294,10416.03641,11077.20459,10492.64157,42635.81243,15268.21586,23462.01365,29009.55461,20854.93236,98413.82794,185039.4611,86503.12943
1332,0,5707.76275,65009,34983,51033,96738,132359,83935,199847,126795,65489,4135.95,3939,3229.98,10832.25,14259.18,23397.66,14771.25,7365.93,1811.94,13670.88294,10416.03641,11077.20459,10492.64157,42635.81243,15268.21586,23462.01365,29009.55461,20854.93236,98413.82794,185039.4611,86503.12943
1333,0,5707.76275,68154,36739,53819,101826,135509,87099,205016,128528,66269,4135.95,3939,3229.98,10832.25,14259.18,23397.66,14771.25,7365.93,1811.94,13670.88294,10416.03641,11077.20459,10492.64157,42635.81243,15268.21586,23462.01365,29009.55461,20854.93236,98413.82794,185039.4611,86503.12943
1334,0,5707.76275,70949,37868,56524,106096,137246,89152,209628,130812,67415,4135.95,3939,3229.98,10832.25,14259.18,23397.66,14771.25,7365.93,1811.94,13670.88294,10416.03641,11077.20459,10492.64157,42635.81243,15268.21586,23462.01365,29009.55461,20854.93236,98413.82794,185039.4611,86503.12943
1335,0,5707.76275,72893,38514,58666,110592,140423,91319,219819,137749,71276,4135.95,3939,3229.98,10832.25,14259.18,23397.66,14771.25,7365.93,1811.94,13670.88294,10416.03641,11077.20459,10492.64157,42635.81243,15268.21586,23462.01365,29009.55461,20854.93236,98413.82794,185039.4611,86503.12943
1336,0,5707.76275,73808,38936,60714,117335,146852,95913,232299,144270,75142,4135.95,3939,3229.98,10832.25,14259.18,23397.66,14771.25,7365.93,1811.94,13670.88294,10416.03641,11077.20459,10492.64157,42635.81243,15268.21586,23462.01365,29009.55461,20854.93236,98413.82794,185039.4611,86503.12943
1337,0,5707.76275,75634,39580,64029,124097,153022,100398,246805,150946,79078,4135.95,3939,3229.98,10832.25,14259.18,23397.66,14771.25,7365.93,1811.94,13670.88294,10416.03641,11077.20459,10492.64157,42635.81243,15268.21586,23462.01365,29009.55461,20854.93236,98413.82794,185039.4611,86503.12943
1338,0,5707.76275,80483,41021,67875,132846,153905,105474,232422,134492,70393,4135.95,3939,3229.98,10832.25,14259.18,23397.66,14771.25,7365.93,1811.94,13670.88294,10416.03641,11077.20459,10492.64157,42635.81243,15268.21586,23462.01365,29009.55461,20854.93236,98413.82794,185039.4611,86503.12943
1339,0,5707.76275,85113,42081,71900,121809,137945,95641,200332,113870,59292,4135.95,3939,3229.98,10832.25,14259.18,23397.66,14771.25,7365.93,1811.94,13670.88294,10416.03641,11077.20459,10492.64157,42635.81243,15268.21586,23462.01365,29009.55461,20854.93236,98413.82794,185039.4611,86503.12943
1340,0,5707.76275,87481,41757,67700,107046,121469,83577,179372,106770,55464,4135.95,3939,3229.98,10832.25,14259.18,23397.66,14771.25,7365.93,1811.94,13670.88294,10416.03641,11077.20459,10492.64157,42635.81243,15268.21586,23462.01365,29009.55461,20854.93236,98413.82794,185039.4611,86503.12943
1341,0,5707.76275,75851,36953,58565,98293,114728,78005,164593,97996,50968,4135.95,3939,3229.98,10832.25,14259.18,23397.66,14771.25,7365.93,1811.94,13670.88294,10416.03641,11077.20459,10492.64157,42635.81243,15268.21586,23462.01365,29009.55461,20854.93236,98413.82794,185039.4611,86503.12943
1342,0,5707.76275,63697,32372,52635,88659,106490,72209,148104,87366,45171,4135.95,3939,3229.98,10832.25,14259.18,23397.66,14771.25,7365.93,1811.94,13670.88294,10416.03641,11077.20459,10492.64157,42635.81243,15268.21586,23462.01365,29009.55461,20854.93236,98413.82794,185039.4611,86503.12943
1343,0,5707.76275,60048,30724,48498,79250,96589,65404,131839,78011,39987,4135.95,3939,3229.98,10832.25,14259.18,23397.66,14771.25,7365.93,1811.94,13670.88294,10416.03641,11077.20459,10492.64157,42635.81243,15268.21586,23462.01365,29009.55461,20854.93236,98413.82794,185039.4611,86503.12943
1344,0,5707.76275,55339,28791,43515,70991,85430,59356,111915,63666,33885,4135.95,3939,3229.98,10832.25,14259.18,23397.66,14771.25,7365.93,1811.94,13670.88294,10416.03641,11077.20459,10492.64157,42635.81243,15268.21586,23462.01365,29009.55461,20854.93236,98413.82794,185039.4611,86503.12943
1345,0,5707.76275,44543,26199,31256,40692,70162,39388,84502,69905,38566,4135.95,3939,3229.98,10832.25,14259.18,23397.66,14771.25,7365.93,1811.94,13670.88294,10416.03641,11077.20459,10492.64157,42635.81243,15268.21586,23462.01365,29009.55461,20854.93236,98413.82794,185039.4611,86503.12943
1346,0,5707.76275,38938,23692,27853,39519,66970,37891,81724,69735,38401,4135.95,3939,3229.98,10832.25,14259.18,23397.66,14771.25,7365.93,1811.94,13670.88294,10416.03641,11077.20459,10492.64157,42635.81243,15268.21586,23462.01365,29009.55461,20854.93236,98413.82794,185039.4611,86503.12943
1347,0,5707.76275,33064,20641,25435,39530,65487,37300,80905,70135,38329,4135.95,3939,3229.98,10832.25,14259.18,23397.66,14771.25,7365.93,1811.94,13670.88294,10416.03641,11077.20459,10492.64157,42635.81243,15268.21586,23462.01365,29009.55461,20854.93236,98413.82794,185039.4611,86503.12943
1348,0,5707.76275,29874,20176,24712,40023,64865,37237,81255,71176,38608,4135.95,3939,3229.98,10832.25,14259.18,23397.66,14771.25,7365.93,1811.94,13670.88294,10416.03641,11077.20459,10492.64157,42635.81243,15268.21586,23462.01365,29009.55461,20854.93236,98413.82794,185039.4611,86503.12943
1349,0,5707.76275,28809,20183,24484,41054,65761,37679,85067,75495,41239,4135.95,3939,3229.98,10832.25,14259.18,23397.66,14771.25,7365.93,1811.94,13670.88294,10416.03641,11077.20459,10492.64157,42635.81243,15268.21586,23462.01365,29009.55461,20854.93236,98413.82794,185039.4611,86503.12943
1350,0,5707.76275,28204,20370,24574,43465,70014,39677,94500,83684,45615,4135.95,3939,3229.98,10832.25,14259.18,23397.66,14771.25,7365.93,1811.94,13670.88294,10416.03641,11077.20459,10492.64157,42635.81243,15268.21586,23462.01365,29009.55461,20854.93236,98413.82794,185039.4611,86503.12943
1351,0,5707.76275,28284,20946,25536,49243,75090,43959,101990,85920,47263,4135.95,3939,3229.98,10832.25,14259.18,23397.66,14771.25,7365.93,1811.94,13670.88294,10416.03641,11077.20459,10492.64157,42635.81243,15268.21586,23462.01365,29009.55461,20854.93236,98413.82794,185039.4611,86503.12943
1352,0,5707.76275,30302,22370,28085,49087,79841,44663,113376,94574,52160,4135.95,3939,3229.98,10832.25,14259.18,23397.66,14771.25,7365.93,1811.94,13670.88294,10416.03641,11077.20459,10492.64157,42635.81243,15268.21586,23462.01365,29009.55461,20854.93236,98413.82794,185039.4611,86503.12943
1353,0,5707.76275,34942,24707,28822,51979,86982,48283,123732,98426,54608,4135.95,3939,3229.98,10832.25,14259.18,23397.66,14771.25,7365.93,1811.94,13670.88294,10416.03641,11077.20459,10492.64157,42635.81243,15268.21586,23462.01365,29009.55461,20854.93236,98413.82794,185039.4611,86503.12943
1354,0,5707.76275,38391,24466,31368,53631,91456,50203,131849,102569,57408,4135.95,3939,3229.98,10832.25,14259.18,23397.66,14771.25,7365.93,1811.94,13670.88294,10416.03641,11077.20459,10492.64157,42635.81243,15268.21586,23462.01365,29009.55461,20854.93236,98413.82794,185039.4611,86503.12943
1355,0,5707.76275,44209,26442,33696,56024,94212,52373,135294,100141,56224,4135.95,3939,3229.98,10832.25,14259.18,23397.66,14771.25,7365.93,1811.94,13670.88294,10416.03641,11077.20459,10492.64157,42635.81243,15268.21586,23462.01365,29009.55461,20854.93236,98413.82794,185039.4611,86503.12943
1356,0,5707.76275,48486,27592,35750,55338,94653,51916,138530,101185,57564,4135.95,3939,3229.98,10832.25,14259.18,23397.66,14771.25,7365.93,1811.94,13670.88294,10416.03641,11077.20459,10492.64157,42635.81243,15268.21586,23462.01365,29009.55461,20854.93236,98413.82794,185039.4611,86503.12943
1357,0,5707.76275,51832,28782,36134,55941,95277,52754,138157,97815,56035,4135.95,3939,3229.98,10832.25,14259.18,23397.66,14771.25,7365.93,1811.94,13670.88294,10416.03641,11077.20459,10492.64157,42635.81243,15268.21586,23462.01365,29009.55461,20854.93236,98413.82794,185039.4611,86503.12943
1358,0,5707.76275,54170,28067,37314,54574,93354,51448,137346,96849,55835,4135.95,3939,3229.98,10832.25,14259.18,23397.66,14771.25,7365.93,1811.94,13670.88294,10416.03641,11077.20459,10492.64157,42635.81243,15268.21586,23462.01365,29009.55461,20854.93236,98413.82794,185039.4611,86503.12943
1359,0,5707.76275,56242,28046,37383,53944,93497,51157,139594,98751,57242,4135.95,3939,3229.98,10832.25,14259.18,23397.66,14771.25,7365.93,1811.94,13670.88294,10416.03641,11077.20459,10492.64157,42635.81243,15268.21586,23462.01365,29009.55461,20854.93236,98413.82794,185039.4611,86503.12943
1360,0,5707.76275,55728,27371,37537,54758,95395,52065,143533,100791,58432,4135.95,3939,3229.98,10832.25,14259.18,23397.66,14771.25,7365.93,1811.94,13670.88294,10416.03641,11077.20459,10492.64157,42635.81243,15268.21586,23462.01365,29009.55461,20854.93236,98413.82794,185039.4611,86503.12943
1361,0,5707.76275,56246,27396,38481,55991,97508,53393,145616,102870,59756,4135.95,3939,3229.98,10832.25,14259.18,23397.66,14771.25,7365.93,1811.94,13670.88294,10416.03641,11077.20459,10492.64157,42635.81243,15268.21586,23462.01365,29009.55461,20854.93236,98413.82794,185039.4611,86503.12943
1362,0,5707.76275,57694,28043,39627,56309,99239,53827,149609,104999,60448,4135.95,3939,3229.98,10832.25,14259.18,23397.66,14771.25,7365.93,1811.94,13670.88294,10416.03641,11077.20459,10492.64157,42635.81243,15268.21586,23462.01365,29009.55461,20854.93236,98413.82794,185039.4611,86503.12943
1363,0,5707.76275,59204,28663,40283,57918,101537,55864,147081,101779,58598,4135.95,3939,3229.98,10832.25,14259.18,23397.66,14771.25,7365.93,1811.94,13670.88294,10416.03641,11077.20459,10492.64157,42635.81243,15268.21586,23462.01365,29009.55461,20854.93236,98413.82794,185039.4611,86503.12943
1364,0,5707.76275,59125,29064,41352,56232,97699,54084,137906,96174,54989,4135.95,3939,3229.98,10832.25,14259.18,23397.66,14771.25,7365.93,1811.94,13670.88294,10416.03641,11077.20459,10492.64157,42635.81243,15268.21586,23462.01365,29009.55461,20854.93236,98413.82794,185039.4611,86503.12943
1365,0,5707.76275,61808,29238,40902,53221,91765,50993,126169,89476,50918,4135.95,3939,3229.98,10832.25,14259.18,23397.66,14771.25,7365.93,1811.94,13670.88294,10416.03641,11077.20459,10492.64157,42635.81243,15268.21586,23462.01365,29009.55461,20854.93236,98413.82794,185039.4611,86503.12943
1366,0,5707.76275,59196,27931,38485,49496,85300,47229,115006,83633,46960,4135.95,3939,3229.98,10832.25,14259.18,23397.66,14771.25,7365.93,1811.94,13670.88294,10416.03641,11077.20459,10492.64157,42635.81243,15268.21586,23462.01365,29009.55461,20854.93236,98413.82794,185039.4611,86503.12943
1367,0,5707.76275,54594,26127,35206,46238,79805,44069,105339,78726,43665,4135.95,3939,3229.98,10832.25,14259.18,23397.66,14771.25,7365.93,1811.94,13670.88294,10416.03641,11077.20459,10492.64157,42635.81243,15268.21586,23462.01365,29009.55461,20854.93236,98413.82794,185039.4611,86503.12943
1368,0,5707.76275,49135,24094,32022,43771,75150,41690,95683,72404,39555,4135.95,3939,3229.98,10832.25,14259.18,23397.66,14771.25,7365.93,1811.94,13670.88294,10416.03641,11077.20459,10492.64157,42635.81243,15268.21586,23462.01365,29009.55461,20854.93236,98413.82794,185039.4611,86503.12943
1369,0,5707.76275,44070,22489,29242,38984,69835,38517,89575,70097,37978,4135.95,3939,3229.98,10832.25,14259.18,23397.66,14771.25,7365.93,1811.94,13670.88294,10416.03641,11077.20459,10492.64157,42635.81243,15268.21586,23462.01365,29009.55461,20854.93236,98413.82794,185039.4611,86503.12943
1370,0,5707.76275,38792,21122,25967,37464,66739,37083,87829,69689,37832,4135.95,3939,3229.98,10832.25,14259.18,23397.66,14771.25,7365.93,1811.94,13670.88294,10416.03641,11077.20459,10492.64157,42635.81243,15268.21586,23462.01365,29009.55461,20854.93236,98413.82794,185039.4611,86503.12943
1371,0,5707.76275,33045,19699,23875,37462,65126,36521,87774,69469,37668,4135.95,3939,3229.98,10832.25,14259.18,23397.66,14771.25,7365.93,1811.94,13670.88294,10416.03641,11077.20459,10492.64157,42635.81243,15268.21586,23462.01365,29009.55461,20854.93236,98413.82794,185039.4611,86503.12943
1372,0,5707.76275,29781,19174,23173,37967,64391,36543,88524,70084,37824,4135.95,3939,3229.98,10832.25,14259.18,23397.66,14771.25,7365.93,1811.94,13670.88294,10416.03641,11077.20459,10492.64157,42635.81243,15268.21586,23462.01365,29009.55461,20854.93236,98413.82794,185039.4611,86503.12943
1373,0,5707.76275,28629,19222,22944,38856,64922,36940,92165,72812,39254,4135.95,3939,3229.98,10832.25,14259.18,23397.66,14771.25,7365.93,1811.94,13670.88294,10416.03641,11077.20459,10492.64157,42635.81243,15268.21586,23462.01365,29009.55461,20854.93236,98413.82794,185039.4611,86503.12943
1374,0,5707.76275,27849,19464,22951,40823,68177,38475,101690,79331,42361,4135.95,3939,3229.98,10832.25,14259.18,23397.66,14771.25,7365.93,1811.94,13670.88294,10416.03641,11077.20459,10492.64157,42635.81243,15268.21586,23462.01365,29009.55461,20854.93236,98413.82794,185039.4611,86503.12943
1375,0,5707.76275,27730,20076,23695,45557,72683,42264,107049,82130,44100,4135.95,3939,3229.98,10832.25,14259.18,23397.66,14771.25,7365.93,1811.94,13670.88294,10416.03641,11077.20459,10492.64157,42635.81243,15268.21586,23462.01365,29009.55461,20854.93236,98413.82794,185039.4611,86503.12943
1376,0,5707.76275,29402,21180,25721,45449,77950,42748,116602,90842,49445,4135.95,3939,3229.98,10832.25,14259.18,23397.66,14771.25,7365.93,1811.94,13670.88294,10416.03641,11077.20459,10492.64157,42635.81243,15268.21586,23462.01365,29009.55461,20854.93236,98413.82794,185039.4611,86503.12943
1377,0,5707.76275,32913,23197,26748,48743,85696,46753,125962,94706,51925,4135.95,3939,3229.98,10832.25,14259.18,23397.66,14771.25,7365.93,1811.94,13670.88294,10416.03641,11077.20459,10492.64157,42635.81243,15268.21586,23462.01365,29009.55461,20854.93236,98413.82794,185039.4611,86503.12943
1378,0,5707.76275,37066,23328,29986,50670,90576,48951,132809,99000,54528,4135.95,3939,3229.98,10832.25,14259.18,23397.66,14771.25,7365.93,1811.94,13670.88294,10416.03641,11077.20459,10492.64157,42635.81243,15268.21586,23462.01365,29009.55461,20854.93236,98413.82794,185039.4611,86503.12943
1379,0,5707.76275,43467,25745,32814,52738,93416,51215,134476,96974,53430,4135.95,3939,3229.98,10832.25,14259.18,23397.66,14771.25,7365.93,1811.94,13670.88294,10416.03641,11077.20459,10492.64157,42635.81243,15268.21586,23462.01365,29009.55461,20854.93236,98413.82794,185039.4611,86503.12943
1380,0,5707.76275,47964,27174,34991,53092,94165,51157,136857,98190,54293,4135.95,3939,3229.98,10832.25,14259.18,23397.66,14771.25,7365.93,1811.94,13670.88294,10416.03641,11077.20459,10492.64157,42635.81243,15268.21586,23462.01365,29009.55461,20854.93236,98413.82794,185039.4611,86503.12943
1381,0,5707.76275,51468,28473,35853,54195,94909,52116,135644,95180,52665,4135.95,3939,3229.98,10832.25,14259.18,23397.66,14771.25,7365.93,1811.94,13670.88294,10416.03641,11077.20459,10492.64157,42635.81243,15268.21586,23462.01365,29009.55461,20854.93236,98413.82794,185039.4611,86503.12943
1382,0,5707.76275,54021,27929,37104,53498,93104,51071,134434,94375,52234,4135.95,3939,3229.98,10832.25,14259.18,23397.66,14771.25,7365.93,1811.94,13670.88294,10416.03641,11077.20459,10492.64157,42635.81243,15268.21586,23462.01365,29009.55461,20854.93236,98413.82794,185039.4611,86503.12943
1383,0,5707.76275,56388,28003,37336,53428,93268,50943,136524,96700,53594,4135.95,3939,3229.98,10832.25,14259.18,23397.66,14771.25,7365.93,1811.94,13670.88294,10416.03641,11077.20459,10492.64157,42635.81243,15268.21586,23462.01365,29009.55461,20854.93236,98413.82794,185039.4611,86503.12943
1384,0,5707.76275,56038,27400,37522,54431,95362,51964,140280,98890,54891,4135.95,3939,3229.98,10832.25,14259.18,23397.66,14771.25,7365.93,1811.94,13670.88294,10416.03641,11077.20459,10492.64157,42635.81243,15268.21586,23462.01365,29009.55461,20854.93236,98413.82794,185039.4611,86503.12943
1385,0,5707.76275,56606,27450,38462,55633,97626,53383,142788,101131,56502,4135.95,3939,3229.98,10832.25,14259.18,23397.66,14771.25,7365.93,1811.94,13670.88294,10416.03641,11077.20459,10492.64157,42635.81243,15268.21586,23462.01365,29009.55461,20854.93236,98413.82794,185039.4611,86503.12943
1386,0,5707.76275,58192,28103,39553,55797,99313,53835,147107,103952,58414,4135.95,3939,3229.98,10832.25,14259.18,23397.66,14771.25,7365.93,1811.94,13670.88294,10416.03641,11077.20459,10492.64157,42635.81243,15268.21586,23462.01365,29009.55461,20854.93236,98413.82794,185039.4611,86503.12943
1387,0,5707.76275,59947,28732,40128,58102,101670,55972,145136,99937,56302,4135.95,3939,3229.98,10832.25,14259.18,23397.66,14771.25,7365.93,1811.94,13670.88294,10416.03641,11077.20459,10492.64157,42635.81243,15268.21586,23462.01365,29009.55461,20854.93236,98413.82794,185039.4611,86503.12943
1388,0,5707.76275,59961,29175,41463,56430,97565,54175,136209,93847,52840,4135.95,3939,3229.98,10832.25,14259.18,23397.66,14771.25,7365.93,1811.94,13670.88294,10416.03641,11077.20459,10492.64157,42635.81243,15268.21586,23462.01365,29009.55461,20854.93236,98413.82794,185039.4611,86503.12943
1389,0,5707.76275,62666,29382,41018,53060,91394,50989,124978,86815,49021,4135.95,3939,3229.98,10832.25,14259.18,23397.66,14771.25,7365.93,1811.94,13670.88294,10416.03641,11077.20459,10492.64157,42635.81243,15268.21586,23462.01365,29009.55461,20854.93236,98413.82794,185039.4611,86503.12943
1390,0,5707.76275,59691,27958,38564,48741,84881,47106,114766,82104,45908,4135.95,3939,3229.98,10832.25,14259.18,23397.66,14771.25,7365.93,1811.94,13670.88294,10416.03641,11077.20459,10492.64157,42635.81243,15268.21586,23462.01365,29009.55461,20854.93236,98413.82794,185039.4611,86503.12943
1391,0,5707.76275,54870,26093,35189,44822,79689,43950,105995,77221,42709,4135.95,3939,3229.98,10832.25,14259.18,23397.66,14771.25,7365.93,1811.94,13670.88294,10416.03641,11077.20459,10492.64157,42635.81243,15268.21586,23462.01365,29009.55461,20854.93236,98413.82794,185039.4611,86503.12943
1392,0,5707.76275,49417,24031,31917,41608,76154,41362,101353,75119,40001,4135.95,3939,3229.98,10832.25,14259.18,23397.66,14771.25,7365.93,1811.94,13670.88294,10416.03641,11077.20459,10492.64157,42635.81243,15268.21586,23462.01365,29009.55461,20854.93236,98413.82794,185039.4611,86503.12943
1393,0,5707.76275,44269,22528,28904,42045,77709,42133,99434,74630,39409,4135.95,3939,3229.98,10832.25,14259.18,23397.66,14771.25,7365.93,1811.94,13670.88294,10416.03641,11077.20459,10492.64157,42635.81243,15268.21586,23462.01365,29009.55461,20854.93236,98413.82794,185039.4611,86503.12943
1394,0,5707.76275,38945,21945,26230,41150,76526,41551,100527,76395,40054,4135.95,3939,3229.98,10832.25,14259.18,23397.66,14771.25,7365.93,1811.94,13670.88294,10416.03641,11077.20459,10492.64157,42635.81243,15268.21586,23462.01365,29009.55461,20854.93236,98413.82794,185039.4611,86503.12943
1395,0,5707.76275,34605,22418,25060,42013,77414,42497,102196,77294,40366,4135.95,3939,3229.98,10832.25,14259.18,23397.66,14771.25,7365.93,1811.94,13670.88294,10416.03641,11077.20459,10492.64157,42635.81243,15268.21586,23462.01365,29009.55461,20854.93236,98413.82794,185039.4611,86503.12943
1396,0,5707.76275,32671,22501,25060,42794,78272,43081,106390,81435,42391,4135.95,3939,3229.98,10832.25,14259.18,23397.66,14771.25,7365.93,1811.94,13670.88294,10416.03641,11077.20459,10492.64157,42635.81243,15268.21586,23462.01365,29009.55461,20854.93236,98413.82794,185039.4611,86503.12943
1397,0,5707.76275,32489,23294,25305,45376,82294,44966,115279,89427,46691,4135.95,3939,3229.98,10832.25,14259.18,23397.66,14771.25,7365.93,1811.94,13670.88294,10416.03641,11077.20459,10492.64157,42635.81243,15268.21586,23462.01365,29009.55461,20854.93236,98413.82794,185039.4611,86503.12943
1398,0,5707.76275,32352,23987,26234,50147,93504,49362,142104,115481,61510,4135.95,3939,3229.98,10832.25,14259.18,23397.66,14771.25,7365.93,1811.94,13670.88294,10416.03641,11077.20459,10492.64157,42635.81243,15268.21586,23462.01365,29009.55461,20854.93236,98413.82794,185039.4611,86503.12943
1399,0,5707.76275,33744,25589,28465,62175,112633,61067,161638,126520,68222,4135.95,3939,3229.98,10832.25,14259.18,23397.66,14771.25,7365.93,1811.94,13670.88294,10416.03641,11077.20459,10492.64157,42635.81243,15268.21586,23462.01365,29009.55461,20854.93236,98413.82794,185039.4611,86503.12943
1400,0,5707.76275,38365,28870,35235,68276,122417,66933,164135,122417,65336,4135.95,3939,3229.98,10832.25,14259.18,23397.66,14771.25,7365.93,1811.94,13670.88294,10416.03641,11077.20459,10492.64157,42635.81243,15268.21586,23462.01365,29009.55461,20854.93236,98413.82794,185039.4611,86503.12943
1401,0,5707.76275,50749,35702,40835,68877,120574,66700,157231,114263,60659,4135.95,3939,3229.98,10832.25,14259.18,23397.66,14771.25,7365.93,1811.94,13670.88294,10416.03641,11077.20459,10492.64157,42635.81243,15268.21586,23462.01365,29009.55461,20854.93236,98413.82794,185039.4611,86503.12943
1402,0,5707.76275,59830,37777,42457,67064,116820,64144,156325,114413,61193,4135.95,3939,3229.98,10832.25,14259.18,23397.66,14771.25,7365.93,1811.94,13670.88294,10416.03641,11077.20459,10492.64157,42635.81243,15268.21586,23462.01365,29009.55461,20854.93236,98413.82794,185039.4611,86503.12943
1403,0,5707.76275,60174,37229,41289,67323,116887,64714,156971,112128,59888,4135.95,3939,3229.98,10832.25,14259.18,23397.66,14771.25,7365.93,1811.94,13670.88294,10416.03641,11077.20459,10492.64157,42635.81243,15268.21586,23462.01365,29009.55461,20854.93236,98413.82794,185039.4611,86503.12943
1404,0,5707.76275,58872,36056,41278,68554,116799,64969,158084,111150,59445,4135.95,3939,3229.98,10832.25,14259.18,23397.66,14771.25,7365.93,1811.94,13670.88294,10416.03641,11077.20459,10492.64157,42635.81243,15268.21586,23462.01365,29009.55461,20854.93236,98413.82794,185039.4611,86503.12943
1405,0,5707.76275,60826,36683,42052,69465,116173,65252,157445,108800,58016,4135.95,3939,3229.98,10832.25,14259.18,23397.66,14771.25,7365.93,1811.94,13670.88294,10416.03641,11077.20459,10492.64157,42635.81243,15268.21586,23462.01365,29009.55461,20854.93236,98413.82794,185039.4611,86503.12943
1406,0,5707.76275,63460,35988,42995,69543,115234,64769,158897,108958,58198,4135.95,3939,3229.98,10832.25,14259.18,23397.66,14771.25,7365.93,1811.94,13670.88294,10416.03641,11077.20459,10492.64157,42635.81243,15268.21586,23462.01365,29009.55461,20854.93236,98413.82794,185039.4611,86503.12943
1407,0,5707.76275,64623,35883,43378,70287,117022,65215,166473,114817,61841,4135.95,3939,3229.98,10832.25,14259.18,23397.66,14771.25,7365.93,1811.94,13670.88294,10416.03641,11077.20459,10492.64157,42635.81243,15268.21586,23462.01365,29009.55461,20854.93236,98413.82794,185039.4611,86503.12943
1408,0,5707.76275,64893,35510,44023,72948,122675,67910,178939,122841,66878,4135.95,3939,3229.98,10832.25,14259.18,23397.66,14771.25,7365.93,1811.94,13670.88294,10416.03641,11077.20459,10492.64157,42635.81243,15268.21586,23462.01365,29009.55461,20854.93236,98413.82794,185039.4611,86503.12943
1409,0,5707.76275,66662,36029,46147,76682,129981,71601,192704,132231,72961,4135.95,3939,3229.98,10832.25,14259.18,23397.66,14771.25,7365.93,1811.94,13670.88294,10416.03641,11077.20459,10492.64157,42635.81243,15268.21586,23462.01365,29009.55461,20854.93236,98413.82794,185039.4611,86503.12943
1410,0,5707.76275,71332,37780,49395,80268,133155,75502,184447,120667,66564,4135.95,3939,3229.98,10832.25,14259.18,23397.66,14771.25,7365.93,1811.94,13670.88294,10416.03641,11077.20459,10492.64157,42635.81243,15268.21586,23462.01365,29009.55461,20854.93236,98413.82794,185039.4611,86503.12943
1411,0,5707.76275,77006,39782,52773,75550,121758,69952,160158,104977,57858,4135.95,3939,3229.98,10832.25,14259.18,23397.66,14771.25,7365.93,1811.94,13670.88294,10416.03641,11077.20459,10492.64157,42635.81243,15268.21586,23462.01365,29009.55461,20854.93236,98413.82794,185039.4611,86503.12943
1412,0,5707.76275,80541,40855,50955,66341,108706,61298,143472,98533,54199,4135.95,3939,3229.98,10832.25,14259.18,23397.66,14771.25,7365.93,1811.94,13670.88294,10416.03641,11077.20459,10492.64157,42635.81243,15268.21586,23462.01365,29009.55461,20854.93236,98413.82794,185039.4611,86503.12943
1413,0,5707.76275,72155,36771,44631,61507,101811,57678,131140,88628,47508,4135.95,3939,3229.98,10832.25,14259.18,23397.66,14771.25,7365.93,1811.94,13670.88294,10416.03641,11077.20459,10492.64157,42635.81243,15268.21586,23462.01365,29009.55461,20854.93236,98413.82794,185039.4611,86503.12943
1414,0,5707.76275,60616,32817,40019,56864,94099,53635,119222,81808,43562,4135.95,3939,3229.98,10832.25,14259.18,23397.66,14771.25,7365.93,1811.94,13670.88294,10416.03641,11077.20459,10492.64157,42635.81243,15268.21586,23462.01365,29009.55461,20854.93236,98413.82794,185039.4611,86503.12943
1415,0,5707.76275,55512,30885,36640,51718,86547,49303,107715,75207,39848,4135.95,3939,3229.98,10832.25,14259.18,23397.66,14771.25,7365.93,1811.94,13670.88294,10416.03641,11077.20459,10492.64157,42635.81243,15268.21586,23462.01365,29009.55461,20854.93236,98413.82794,185039.4611,86503.12943
1416,0,5707.76275,50270,28323,33111,46446,79537,44835,98833,71091,36982,4135.95,3939,3229.98,10832.25,14259.18,23397.66,14771.25,7365.93,1811.94,13670.88294,10416.03641,11077.20459,10492.64157,42635.81243,15268.21586,23462.01365,29009.55461,20854.93236,98413.82794,185039.4611,86503.12943
1417,0,5707.76275,44517,26304,29435,41884,73543,40806,95623,70907,36474,4135.95,3939,3229.98,10832.25,14259.18,23397.66,14771.25,7365.93,1811.94,13670.88294,10416.03641,11077.20459,10492.64157,42635.81243,15268.21586,23462.01365,29009.55461,20854.93236,98413.82794,185039.4611,86503.12943
1418,0,5707.76275,38745,24442,26725,40182,72123,39768,95458,71185,36204,4135.95,3939,3229.98,10832.25,14259.18,23397.66,14771.25,7365.93,1811.94,13670.88294,10416.03641,11077.20459,10492.64157,42635.81243,15268.21586,23462.01365,29009.55461,20854.93236,98413.82794,185039.4611,86503.12943
1419,0,5707.76275,33884,23350,25508,39902,72370,39862,97541,72962,37099,4135.95,3939,3229.98,10832.25,14259.18,23397.66,14771.25,7365.93,1811.94,13670.88294,10416.03641,11077.20459,10492.64157,42635.81243,15268.21586,23462.01365,29009.55461,20854.93236,98413.82794,185039.4611,86503.12943
1420,0,5707.76275,32168,23567,25258,40295,73528,40534,101332,75792,38451,4135.95,3939,3229.98,10832.25,14259.18,23397.66,14771.25,7365.93,1811.94,13670.88294,10416.03641,11077.20459,10492.64157,42635.81243,15268.21586,23462.01365,29009.55461,20854.93236,98413.82794,185039.4611,86503.12943
1421,0,5707.76275,31510,24266,25657,41714,76912,42039,110332,84038,42979,4135.95,3939,3229.98,10832.25,14259.18,23397.66,14771.25,7365.93,1811.94,13670.88294,10416.03641,11077.20459,10492.64157,42635.81243,15268.21586,23462.01365,29009.55461,20854.93236,98413.82794,185039.4611,86503.12943
1422,0,5707.76275,31877,25130,26417,46358,88179,46426,136309,108990,57473,4135.95,3939,3229.98,10832.25,14259.18,23397.66,14771.25,7365.93,1811.94,13670.88294,10416.03641,11077.20459,10492.64157,42635.81243,15268.21586,23462.01365,29009.55461,20854.93236,98413.82794,185039.4611,86503.12943
1423,0,5707.76275,32966,26466,28664,57911,106738,58010,155775,120164,64801,4135.95,3939,3229.98,10832.25,14259.18,23397.66,14771.25,7365.93,1811.94,13670.88294,10416.03641,11077.20459,10492.64157,42635.81243,15268.21586,23462.01365,29009.55461,20854.93236,98413.82794,185039.4611,86503.12943
1424,0,5707.76275,38044,29911,35578,65398,115929,63660,158025,115837,62354,4135.95,3939,3229.98,10832.25,14259.18,23397.66,14771.25,7365.93,1811.94,13670.88294,10416.03641,11077.20459,10492.64157,42635.81243,15268.21586,23462.01365,29009.55461,20854.93236,98413.82794,185039.4611,86503.12943
1425,0,5707.76275,51340,37640,41341,66665,114228,63659,152709,109260,58706,4135.95,3939,3229.98,10832.25,14259.18,23397.66,14771.25,7365.93,1811.94,13670.88294,10416.03641,11077.20459,10492.64157,42635.81243,15268.21586,23462.01365,29009.55461,20854.93236,98413.82794,185039.4611,86503.12943
1426,0,5707.76275,60196,39337,42900,66054,111814,62258,152337,109338,59006,4135.95,3939,3229.98,10832.25,14259.18,23397.66,14771.25,7365.93,1811.94,13670.88294,10416.03641,11077.20459,10492.64157,42635.81243,15268.21586,23462.01365,29009.55461,20854.93236,98413.82794,185039.4611,86503.12943
1427,0,5707.76275,59567,38725,41970,66848,112293,62943,154302,108974,58792,4135.95,3939,3229.98,10832.25,14259.18,23397.66,14771.25,7365.93,1811.94,13670.88294,10416.03641,11077.20459,10492.64157,42635.81243,15268.21586,23462.01365,29009.55461,20854.93236,98413.82794,185039.4611,86503.12943
1428,0,5707.76275,58295,37773,42114,69073,113667,64137,155992,108336,58342,4135.95,3939,3229.98,10832.25,14259.18,23397.66,14771.25,7365.93,1811.94,13670.88294,10416.03641,11077.20459,10492.64157,42635.81243,15268.21586,23462.01365,29009.55461,20854.93236,98413.82794,185039.4611,86503.12943
1429,0,5707.76275,59845,38461,43017,70181,113420,64604,154999,105379,56558,4135.95,3939,3229.98,10832.25,14259.18,23397.66,14771.25,7365.93,1811.94,13670.88294,10416.03641,11077.20459,10492.64157,42635.81243,15268.21586,23462.01365,29009.55461,20854.93236,98413.82794,185039.4611,86503.12943
1430,0,5707.76275,62401,37754,43984,70021,112137,63949,155588,105606,56851,4135.95,3939,3229.98,10832.25,14259.18,23397.66,14771.25,7365.93,1811.94,13670.88294,10416.03641,11077.20459,10492.64157,42635.81243,15268.21586,23462.01365,29009.55461,20854.93236,98413.82794,185039.4611,86503.12943
1431,0,5707.76275,63268,37558,43904,70508,113329,64189,161260,110033,59695,4135.95,3939,3229.98,10832.25,14259.18,23397.66,14771.25,7365.93,1811.94,13670.88294,10416.03641,11077.20459,10492.64157,42635.81243,15268.21586,23462.01365,29009.55461,20854.93236,98413.82794,185039.4611,86503.12943
1432,0,5707.76275,62856,36713,44460,72450,118080,66179,172483,118124,64718,4135.95,3939,3229.98,10832.25,14259.18,23397.66,14771.25,7365.93,1811.94,13670.88294,10416.03641,11077.20459,10492.64157,42635.81243,15268.21586,23462.01365,29009.55461,20854.93236,98413.82794,185039.4611,86503.12943
1433,0,5707.76275,64027,36910,46190,75882,125503,69708,186518,128244,71229,4135.95,3939,3229.98,10832.25,14259.18,23397.66,14771.25,7365.93,1811.94,13670.88294,10416.03641,11077.20459,10492.64157,42635.81243,15268.21586,23462.01365,29009.55461,20854.93236,98413.82794,185039.4611,86503.12943
1434,0,5707.76275,67752,38310,49211,79924,129649,74026,180460,118745,65619,4135.95,3939,3229.98,10832.25,14259.18,23397.66,14771.25,7365.93,1811.94,13670.88294,10416.03641,11077.20459,10492.64157,42635.81243,15268.21586,23462.01365,29009.55461,20854.93236,98413.82794,185039.4611,86503.12943
1435,0,5707.76275,73417,40387,53020,76160,119200,69354,156743,101510,55769,4135.95,3939,3229.98,10832.25,14259.18,23397.66,14771.25,7365.93,1811.94,13670.88294,10416.03641,11077.20459,10492.64157,42635.81243,15268.21586,23462.01365,29009.55461,20854.93236,98413.82794,185039.4611,86503.12943
1436,0,5707.76275,77980,41768,51552,66831,105222,60408,139668,93952,51338,4135.95,3939,3229.98,10832.25,14259.18,23397.66,14771.25,7365.93,1811.94,13670.88294,10416.03641,11077.20459,10492.64157,42635.81243,15268.21586,23462.01365,29009.55461,20854.93236,98413.82794,185039.4611,86503.12943
1437,0,5707.76275,70454,37594,45246,61500,97903,56320,128225,85521,45574,4135.95,3939,3229.98,10832.25,14259.18,23397.66,14771.25,7365.93,1811.94,13670.88294,10416.03641,11077.20459,10492.64157,42635.81243,15268.21586,23462.01365,29009.55461,20854.93236,98413.82794,185039.4611,86503.12943
1438,0,5707.76275,58929,33364,40427,57035,90840,52652,116443,77860,41394,4135.95,3939,3229.98,10832.25,14259.18,23397.66,14771.25,7365.93,1811.94,13670.88294,10416.03641,11077.20459,10492.64157,42635.81243,15268.21586,23462.01365,29009.55461,20854.93236,98413.82794,185039.4611,86503.12943
1439,0,5707.76275,53930,31263,37265,51846,82997,48188,104891,71113,37587,4135.95,3939,3229.98,10832.25,14259.18,23397.66,14771.25,7365.93,1811.94,13670.88294,10416.03641,11077.20459,10492.64157,42635.81243,15268.21586,23462.01365,29009.55461,20854.93236,98413.82794,185039.4611,86503.12943
1440,0,5707.76275,49114,28842,34068,46624,75485,43801,96429,67127,34907,4135.95,3939,3229.98,10832.25,14259.18,23397.66,14771.25,7365.93,1811.94,13670.88294,10416.03641,11077.20459,10492.64157,42635.81243,15268.21586,23462.01365,29009.55461,20854.93236,98413.82794,185039.4611,86503.12943
1441,0,5707.76275,43562,26943,30921,42934,70549,40453,93082,66702,34357,4135.95,3939,3229.98,10832.25,14259.18,23397.66,14771.25,7365.93,1811.94,13670.88294,10416.03641,11077.20459,10492.64157,42635.81243,15268.21586,23462.01365,29009.55461,20854.93236,98413.82794,185039.4611,86503.12943
1442,0,5707.76275,38287,25346,28607,41066,68978,39455,92976,67107,34056,4135.95,3939,3229.98,10832.25,14259.18,23397.66,14771.25,7365.93,1811.94,13670.88294,10416.03641,11077.20459,10492.64157,42635.81243,15268.21586,23462.01365,29009.55461,20854.93236,98413.82794,185039.4611,86503.12943
1443,0,5707.76275,34069,24165,27566,40332,69084,39306,95163,69061,34933,4135.95,3939,3229.98,10832.25,14259.18,23397.66,14771.25,7365.93,1811.94,13670.88294,10416.03641,11077.20459,10492.64157,42635.81243,15268.21586,23462.01365,29009.55461,20854.93236,98413.82794,185039.4611,86503.12943
1444,0,5707.76275,32510,24347,27418,40279,70169,39709,99087,72054,36367,4135.95,3939,3229.98,10832.25,14259.18,23397.66,14771.25,7365.93,1811.94,13670.88294,10416.03641,11077.20459,10492.64157,42635.81243,15268.21586,23462.01365,29009.55461,20854.93236,98413.82794,185039.4611,86503.12943
1445,0,5707.76275,32023,24929,27953,41095,73666,40922,108117,80377,40800,4135.95,3939,3229.98,10832.25,14259.18,23397.66,14771.25,7365.93,1811.94,13670.88294,10416.03641,11077.20459,10492.64157,42635.81243,15268.21586,23462.01365,29009.55461,20854.93236,98413.82794,185039.4611,86503.12943
1446,0,5707.76275,32529,25691,28884,45381,84868,45116,133991,104650,54907,4135.95,3939,3229.98,10832.25,14259.18,23397.66,14771.25,7365.93,1811.94,13670.88294,10416.03641,11077.20459,10492.64157,42635.81243,15268.21586,23462.01365,29009.55461,20854.93236,98413.82794,185039.4611,86503.12943
1447,0,5707.76275,33798,26985,31314,56048,103287,56267,153152,115844,62389,4135.95,3939,3229.98,10832.25,14259.18,23397.66,14771.25,7365.93,1811.94,13670.88294,10416.03641,11077.20459,10492.64157,42635.81243,15268.21586,23462.01365,29009.55461,20854.93236,98413.82794,185039.4611,86503.12943
1448,0,5707.76275,39096,30524,39099,65436,112928,62900,155519,112228,60393,4135.95,3939,3229.98,10832.25,14259.18,23397.66,14771.25,7365.93,1811.94,13670.88294,10416.03641,11077.20459,10492.64157,42635.81243,15268.21586,23462.01365,29009.55461,20854.93236,98413.82794,185039.4611,86503.12943
1449,0,5707.76275,52704,37930,45100,67959,112282,63459,150596,106576,57125,4135.95,3939,3229.98,10832.25,14259.18,23397.66,14771.25,7365.93,1811.94,13670.88294,10416.03641,11077.20459,10492.64157,42635.81243,15268.21586,23462.01365,29009.55461,20854.93236,98413.82794,185039.4611,86503.12943
1450,0,5707.76275,61083,39472,46402,68044,110623,62469,150577,107213,57526,4135.95,3939,3229.98,10832.25,14259.18,23397.66,14771.25,7365.93,1811.94,13670.88294,10416.03641,11077.20459,10492.64157,42635.81243,15268.21586,23462.01365,29009.55461,20854.93236,98413.82794,185039.4611,86503.12943
1451,0,5707.76275,60161,38699,44981,69639,111795,63347,153087,107583,57710,4135.95,3939,3229.98,10832.25,14259.18,23397.66,14771.25,7365.93,1811.94,13670.88294,10416.03641,11077.20459,10492.64157,42635.81243,15268.21586,23462.01365,29009.55461,20854.93236,98413.82794,185039.4611,86503.12943
1452,0,5707.76275,58502,37732,45008,72701,113478,64655,155322,107182,57417,4135.95,3939,3229.98,10832.25,14259.18,23397.66,14771.25,7365.93,1811.94,13670.88294,10416.03641,11077.20459,10492.64157,42635.81243,15268.21586,23462.01365,29009.55461,20854.93236,98413.82794,185039.4611,86503.12943
1453,0,5707.76275,59911,38267,44938,74855,113455,65132,154598,104664,55760,4135.95,3939,3229.98,10832.25,14259.18,23397.66,14771.25,7365.93,1811.94,13670.88294,10416.03641,11077.20459,10492.64157,42635.81243,15268.21586,23462.01365,29009.55461,20854.93236,98413.82794,185039.4611,86503.12943
1454,0,5707.76275,62297,37451,45433,75864,112237,64486,155495,105060,56231,4135.95,3939,3229.98,10832.25,14259.18,23397.66,14771.25,7365.93,1811.94,13670.88294,10416.03641,11077.20459,10492.64157,42635.81243,15268.21586,23462.01365,29009.55461,20854.93236,98413.82794,185039.4611,86503.12943
1455,0,5707.76275,63191,37141,45022,77210,113526,64727,161282,109209,59084,4135.95,3939,3229.98,10832.25,14259.18,23397.66,14771.25,7365.93,1811.94,13670.88294,10416.03641,11077.20459,10492.64157,42635.81243,15268.21586,23462.01365,29009.55461,20854.93236,98413.82794,185039.4611,86503.12943
1456,0,5707.76275,62789,36329,44930,79500,118293,66779,172593,117317,64034,4135.95,3939,3229.98,10832.25,14259.18,23397.66,14771.25,7365.93,1811.94,13670.88294,10416.03641,11077.20459,10492.64157,42635.81243,15268.21586,23462.01365,29009.55461,20854.93236,98413.82794,185039.4611,86503.12943
1457,0,5707.76275,63941,36617,46516,83121,125678,70433,186581,127448,70377,4135.95,3939,3229.98,10832.25,14259.18,23397.66,14771.25,7365.93,1811.94,13670.88294,10416.03641,11077.20459,10492.64157,42635.81243,15268.21586,23462.01365,29009.55461,20854.93236,98413.82794,185039.4611,86503.12943
1458,0,5707.76275,67708,38063,49585,87141,129946,74793,180310,117892,65034,4135.95,3939,3229.98,10832.25,14259.18,23397.66,14771.25,7365.93,1811.94,13670.88294,10416.03641,11077.20459,10492.64157,42635.81243,15268.21586,23462.01365,29009.55461,20854.93236,98413.82794,185039.4611,86503.12943
1459,0,5707.76275,73411,40169,54107,82793,119390,69993,156531,100644,55054,4135.95,3939,3229.98,10832.25,14259.18,23397.66,14771.25,7365.93,1811.94,13670.88294,10416.03641,11077.20459,10492.64157,42635.81243,15268.21586,23462.01365,29009.55461,20854.93236,98413.82794,185039.4611,86503.12943
1460,0,5707.76275,78061,41516,52462,72519,105529,61091,139465,92960,50468,4135.95,3939,3229.98,10832.25,14259.18,23397.66,14771.25,7365.93,1811.94,13670.88294,10416.03641,11077.20459,10492.64157,42635.81243,15268.21586,23462.01365,29009.55461,20854.93236,98413.82794,185039.4611,86503.12943
1461,0,5707.76275,70499,37396,46463,66516,98379,57015,128003,84681,44872,4135.95,3939,3229.98,10832.25,14259.18,23397.66,14771.25,7365.93,1811.94,13670.88294,10416.03641,11077.20459,10492.64157,42635.81243,15268.21586,23462.01365,29009.55461,20854.93236,98413.82794,185039.4611,86503.12943
1462,0,5707.76275,59007,33175,41925,61391,91276,53366,116227,76882,40435,4135.95,3939,3229.98,10832.25,14259.18,23397.66,14771.25,7365.93,1811.94,13670.88294,10416.03641,11077.20459,10492.64157,42635.81243,15268.21586,23462.01365,29009.55461,20854.93236,98413.82794,185039.4611,86503.12943
1463,0,5707.76275,54082,31083,38543,55345,83408,49019,104550,69841,36421,4135.95,3939,3229.98,10832.25,14259.18,23397.66,14771.25,7365.93,1811.94,13670.88294,10416.03641,11077.20459,10492.64157,42635.81243,15268.21586,23462.01365,29009.55461,20854.93236,98413.82794,185039.4611,86503.12943
1464,0,5707.76275,49174,28689,35713,49467,76107,44685,94743,64715,33431,4135.95,3939,3229.98,10832.25,14259.18,23397.66,14771.25,7365.93,1811.94,13670.88294,10416.03641,11077.20459,10492.64157,42635.81243,15268.21586,23462.01365,29009.55461,20854.93236,98413.82794,185039.4611,86503.12943
1465,0,5707.76275,43714,26822,32889,43766,71637,42416,91225,64034,32804,4135.95,3939,3229.98,10832.25,14259.18,23397.66,14771.25,7365.93,1811.94,13670.88294,10416.03641,11077.20459,10492.64157,42635.81243,15268.21586,23462.01365,29009.55461,20854.93236,98413.82794,185039.4611,86503.12943
1466,0,5707.76275,38606,25246,30861,42605,70257,41850,90812,64368,32506,4135.95,3939,3229.98,10832.25,14259.18,23397.66,14771.25,7365.93,1811.94,13670.88294,10416.03641,11077.20459,10492.64157,42635.81243,15268.21586,23462.01365,29009.55461,20854.93236,98413.82794,185039.4611,86503.12943
1467,0,5707.76275,34679,24416,29816,42818,70582,42159,92803,66293,33382,4135.95,3939,3229.98,10832.25,14259.18,23397.66,14771.25,7365.93,1811.94,13670.88294,10416.03641,11077.20459,10492.64157,42635.81243,15268.21586,23462.01365,29009.55461,20854.93236,98413.82794,185039.4611,86503.12943
1468,0,5707.76275,33308,24629,29787,43488,72007,43028,96473,69301,34762,4135.95,3939,3229.98,10832.25,14259.18,23397.66,14771.25,7365.93,1811.94,13670.88294,10416.03641,11077.20459,10492.64157,42635.81243,15268.21586,23462.01365,29009.55461,20854.93236,98413.82794,185039.4611,86503.12943
1469,0,5707.76275,32931,25223,30309,45311,75736,44636,105260,77699,39185,4135.95,3939,3229.98,10832.25,14259.18,23397.66,14771.25,7365.93,1811.94,13670.88294,10416.03641,11077.20459,10492.64157,42635.81243,15268.21586,23462.01365,29009.55461,20854.93236,98413.82794,185039.4611,86503.12943
1470,0,5707.76275,33700,26007,31245,50578,87238,49340,130160,101538,52978,4135.95,3939,3229.98,10832.25,14259.18,23397.66,14771.25,7365.93,1811.94,13670.88294,10416.03641,11077.20459,10492.64157,42635.81243,15268.21586,23462.01365,29009.55461,20854.93236,98413.82794,185039.4611,86503.12943
1471,0,5707.76275,35493,27323,33646,63974,106297,61663,149985,112714,60333,4135.95,3939,3229.98,10832.25,14259.18,23397.66,14771.25,7365.93,1811.94,13670.88294,10416.03641,11077.20459,10492.64157,42635.81243,15268.21586,23462.01365,29009.55461,20854.93236,98413.82794,185039.4611,86503.12943
1472,0,5707.76275,41176,30853,41820,71450,116110,68322,153360,109439,58525,4135.95,3939,3229.98,10832.25,14259.18,23397.66,14771.25,7365.93,1811.94,13670.88294,10416.03641,11077.20459,10492.64157,42635.81243,15268.21586,23462.01365,29009.55461,20854.93236,98413.82794,185039.4611,86503.12943
1473,0,5707.76275,56474,38470,47018,72546,115324,68556,149003,104422,55713,4135.95,3939,3229.98,10832.25,14259.18,23397.66,14771.25,7365.93,1811.94,13670.88294,10416.03641,11077.20459,10492.64157,42635.81243,15268.21586,23462.01365,29009.55461,20854.93236,98413.82794,185039.4611,86503.12943
1474,0,5707.76275,64023,39875,47384,71884,113344,66934,149555,105343,56102,4135.95,3939,3229.98,10832.25,14259.18,23397.66,14771.25,7365.93,1811.94,13670.88294,10416.03641,11077.20459,10492.64157,42635.81243,15268.21586,23462.01365,29009.55461,20854.93236,98413.82794,185039.4611,86503.12943
1475,0,5707.76275,62449,39092,45267,72964,114382,67591,152669,106391,56764,4135.95,3939,3229.98,10832.25,14259.18,23397.66,14771.25,7365.93,1811.94,13670.88294,10416.03641,11077.20459,10492.64157,42635.81243,15268.21586,23462.01365,29009.55461,20854.93236,98413.82794,185039.4611,86503.12943
1476,0,5707.76275,60029,38031,45022,72605,115534,67676,155083,106304,56657,4135.95,3939,3229.98,10832.25,14259.18,23397.66,14771.25,7365.93,1811.94,13670.88294,10416.03641,11077.20459,10492.64157,42635.81243,15268.21586,23462.01365,29009.55461,20854.93236,98413.82794,185039.4611,86503.12943
1477,0,5707.76275,61236,38667,44591,72381,115320,67662,154615,103908,55077,4135.95,3939,3229.98,10832.25,14259.18,23397.66,14771.25,7365.93,1811.94,13670.88294,10416.03641,11077.20459,10492.64157,42635.81243,15268.21586,23462.01365,29009.55461,20854.93236,98413.82794,185039.4611,86503.12943
1478,0,5707.76275,62798,37547,44704,71202,113950,66310,155399,104420,55752,4135.95,3939,3229.98,10832.25,14259.18,23397.66,14771.25,7365.93,1811.94,13670.88294,10416.03641,11077.20459,10492.64157,42635.81243,15268.21586,23462.01365,29009.55461,20854.93236,98413.82794,185039.4611,86503.12943
1479,0,5707.76275,63576,37229,43981,70558,115104,66217,161236,108725,58620,4135.95,3939,3229.98,10832.25,14259.18,23397.66,14771.25,7365.93,1811.94,13670.88294,10416.03641,11077.20459,10492.64157,42635.81243,15268.21586,23462.01365,29009.55461,20854.93236,98413.82794,185039.4611,86503.12943
1480,0,5707.76275,62971,36381,43722,72072,119813,68109,172571,116760,63684,4135.95,3939,3229.98,10832.25,14259.18,23397.66,14771.25,7365.93,1811.94,13670.88294,10416.03641,11077.20459,10492.64157,42635.81243,15268.21586,23462.01365,29009.55461,20854.93236,98413.82794,185039.4611,86503.12943
1481,0,5707.76275,64014,36601,45222,75332,127292,71505,186462,126870,69898,4135.95,3939,3229.98,10832.25,14259.18,23397.66,14771.25,7365.93,1811.94,13670.88294,10416.03641,11077.20459,10492.64157,42635.81243,15268.21586,23462.01365,29009.55461,20854.93236,98413.82794,185039.4611,86503.12943
1482,0,5707.76275,67821,38067,48290,80082,131782,76364,180486,117360,64698,4135.95,3939,3229.98,10832.25,14259.18,23397.66,14771.25,7365.93,1811.94,13670.88294,10416.03641,11077.20459,10492.64157,42635.81243,15268.21586,23462.01365,29009.55461,20854.93236,98413.82794,185039.4611,86503.12943
1483,0,5707.76275,73597,40219,52915,75688,121136,71224,156600,100075,54733,4135.95,3939,3229.98,10832.25,14259.18,23397.66,14771.25,7365.93,1811.94,13670.88294,10416.03641,11077.20459,10492.64157,42635.81243,15268.21586,23462.01365,29009.55461,20854.93236,98413.82794,185039.4611,86503.12943
1484,0,5707.76275,78850,41816,51413,66748,107618,62638,139320,92325,50114,4135.95,3939,3229.98,10832.25,14259.18,23397.66,14771.25,7365.93,1811.94,13670.88294,10416.03641,11077.20459,10492.64157,42635.81243,15268.21586,23462.01365,29009.55461,20854.93236,98413.82794,185039.4611,86503.12943
1485,0,5707.76275,71109,37605,45540,62141,100445,58968,127751,84164,44606,4135.95,3939,3229.98,10832.25,14259.18,23397.66,14771.25,7365.93,1811.94,13670.88294,10416.03641,11077.20459,10492.64157,42635.81243,15268.21586,23462.01365,29009.55461,20854.93236,98413.82794,185039.4611,86503.12943
1486,0,5707.76275,59828,33453,41050,57956,93043,55088,115779,76139,39955,4135.95,3939,3229.98,10832.25,14259.18,23397.66,14771.25,7365.93,1811.94,13670.88294,10416.03641,11077.20459,10492.64157,42635.81243,15268.21586,23462.01365,29009.55461,20854.93236,98413.82794,185039.4611,86503.12943
1487,0,5707.76275,55358,31446,37782,53962,85668,51369,103927,68751,35864,4135.95,3939,3229.98,10832.25,14259.18,23397.66,14771.25,7365.93,1811.94,13670.88294,10416.03641,11077.20459,10492.64157,42635.81243,15268.21586,23462.01365,29009.55461,20854.93236,98413.82794,185039.4611,86503.12943
1488,0,5707.76275,49764,28936,34991,50523,79146,47876,94680,63634,33418,4135.95,3939,3229.98,10832.25,14259.18,23397.66,14771.25,7365.93,1811.94,13670.88294,10416.03641,11077.20459,10492.64157,42635.81243,15268.21586,23462.01365,29009.55461,20854.93236,98413.82794,185039.4611,86503.12943
1489,0,5707.76275,44472,27153,32204,48677,75591,45852,91122,62763,32919,4135.95,3939,3229.98,10832.25,14259.18,23397.66,14771.25,7365.93,1811.94,13670.88294,10416.03641,11077.20459,10492.64157,42635.81243,15268.21586,23462.01365,29009.55461,20854.93236,98413.82794,185039.4611,86503.12943
1490,0,5707.76275,39836,25724,29347,49596,74512,45769,90739,62988,32740,4135.95,3939,3229.98,10832.25,14259.18,23397.66,14771.25,7365.93,1811.94,13670.88294,10416.03641,11077.20459,10492.64157,42635.81243,15268.21586,23462.01365,29009.55461,20854.93236,98413.82794,185039.4611,86503.12943
1491,0,5707.76275,37431,24995,28417,51304,74896,46335,92703,64962,33787,4135.95,3939,3229.98,10832.25,14259.18,23397.66,14771.25,7365.93,1811.94,13670.88294,10416.03641,11077.20459,10492.64157,42635.81243,15268.21586,23462.01365,29009.55461,20854.93236,98413.82794,185039.4611,86503.12943
1492,0,5707.76275,36992,25285,28361,53216,76231,47190,96354,68059,35299,4135.95,3939,3229.98,10832.25,14259.18,23397.66,14771.25,7365.93,1811.94,13670.88294,10416.03641,11077.20459,10492.64157,42635.81243,15268.21586,23462.01365,29009.55461,20854.93236,98413.82794,185039.4611,86503.12943
1493,0,5707.76275,37471,25977,28864,55964,79852,48736,105232,76426,39828,4135.95,3939,3229.98,10832.25,14259.18,23397.66,14771.25,7365.93,1811.94,13670.88294,10416.03641,11077.20459,10492.64157,42635.81243,15268.21586,23462.01365,29009.55461,20854.93236,98413.82794,185039.4611,86503.12943
1494,0,5707.76275,39065,26831,29726,61577,91263,53422,130600,100271,53790,4135.95,3939,3229.98,10832.25,14259.18,23397.66,14771.25,7365.93,1811.94,13670.88294,10416.03641,11077.20459,10492.64157,42635.81243,15268.21586,23462.01365,29009.55461,20854.93236,98413.82794,185039.4611,86503.12943
1495,0,5707.76275,41446,28183,32111,77064,110243,66339,150906,111929,61723,4135.95,3939,3229.98,10832.25,14259.18,23397.66,14771.25,7365.93,1811.94,13670.88294,10416.03641,11077.20459,10492.64157,42635.81243,15268.21586,23462.01365,29009.55461,20854.93236,98413.82794,185039.4611,86503.12943
1496,0,5707.76275,47707,31752,39742,81611,119640,71869,154503,109286,60279,4135.95,3939,3229.98,10832.25,14259.18,23397.66,14771.25,7365.93,1811.94,13670.88294,10416.03641,11077.20459,10492.64157,42635.81243,15268.21586,23462.01365,29009.55461,20854.93236,98413.82794,185039.4611,86503.12943
1497,0,5707.76275,64985,39587,44917,79642,118238,71065,150249,104800,57742,4135.95,3939,3229.98,10832.25,14259.18,23397.66,14771.25,7365.93,1811.94,13670.88294,10416.03641,11077.20459,10492.64157,42635.81243,15268.21586,23462.01365,29009.55461,20854.93236,98413.82794,185039.4611,86503.12943
1498,0,5707.76275,72329,40930,45292,75246,115693,68112,150465,106120,58456,4135.95,3939,3229.98,10832.25,14259.18,23397.66,14771.25,7365.93,1811.94,13670.88294,10416.03641,11077.20459,10492.64157,42635.81243,15268.21586,23462.01365,29009.55461,20854.93236,98413.82794,185039.4611,86503.12943
1499,0,5707.76275,69449,40150,43379,74650,116262,68305,152847,106993,59000,4135.95,3939,3229.98,10832.25,14259.18,23397.66,14771.25,7365.93,1811.94,13670.88294,10416.03641,11077.20459,10492.64157,42635.81243,15268.21586,23462.01365,29009.55461,20854.93236,98413.82794,185039.4611,86503.12943
1500,0,5707.76275,65376,38969,42972,72705,116895,67541,154521,106921,59401,4135.95,3939,3229.98,10832.25,14259.18,23397.66,14771.25,7365.93,1811.94,13670.88294,10416.03641,11077.20459,10492.64157,42635.81243,15268.21586,23462.01365,29009.55461,20854.93236,98413.82794,185039.4611,86503.12943
1501,0,5707.76275,66239,39562,42888,71943,116343,67248,153489,104450,58214,4135.95,3939,3229.98,10832.25,14259.18,23397.66,14771.25,7365.93,1811.94,13670.88294,10416.03641,11077.20459,10492.64157,42635.81243,15268.21586,23462.01365,29009.55461,20854.93236,98413.82794,185039.4611,86503.12943
1502,0,5707.76275,65780,38165,43144,70090,114792,65780,153610,104826,58597,4135.95,3939,3229.98,10832.25,14259.18,23397.66,14771.25,7365.93,1811.94,13670.88294,10416.03641,11077.20459,10492.64157,42635.81243,15268.21586,23462.01365,29009.55461,20854.93236,98413.82794,185039.4611,86503.12943
1503,0,5707.76275,65974,37734,42641,69373,115603,65451,159004,109120,61272,4135.95,3939,3229.98,10832.25,14259.18,23397.66,14771.25,7365.93,1811.94,13670.88294,10416.03641,11077.20459,10492.64157,42635.81243,15268.21586,23462.01365,29009.55461,20854.93236,98413.82794,185039.4611,86503.12943
1504,0,5707.76275,64463,36824,42550,70897,120123,67255,169879,117038,66114,4135.95,3939,3229.98,10832.25,14259.18,23397.66,14771.25,7365.93,1811.94,13670.88294,10416.03641,11077.20459,10492.64157,42635.81243,15268.21586,23462.01365,29009.55461,20854.93236,98413.82794,185039.4611,86503.12943
1505,0,5707.76275,65083,36880,44029,74192,127578,70794,183532,127388,72503,4135.95,3939,3229.98,10832.25,14259.18,23397.66,14771.25,7365.93,1811.94,13670.88294,10416.03641,11077.20459,10492.64157,42635.81243,15268.21586,23462.01365,29009.55461,20854.93236,98413.82794,185039.4611,86503.12943
1506,0,5707.76275,68848,38248,47096,78854,131979,75517,177484,117756,66794,4135.95,3939,3229.98,10832.25,14259.18,23397.66,14771.25,7365.93,1811.94,13670.88294,10416.03641,11077.20459,10492.64157,42635.81243,15268.21586,23462.01365,29009.55461,20854.93236,98413.82794,185039.4611,86503.12943
1507,0,5707.76275,74788,40420,51280,74500,121083,70130,153455,100841,57244,4135.95,3939,3229.98,10832.25,14259.18,23397.66,14771.25,7365.93,1811.94,13670.88294,10416.03641,11077.20459,10492.64157,42635.81243,15268.21586,23462.01365,29009.55461,20854.93236,98413.82794,185039.4611,86503.12943
1508,0,5707.76275,80939,42042,50086,65485,107522,61420,136778,93552,53104,4135.95,3939,3229.98,10832.25,14259.18,23397.66,14771.25,7365.93,1811.94,13670.88294,10416.03641,11077.20459,10492.64157,42635.81243,15268.21586,23462.01365,29009.55461,20854.93236,98413.82794,185039.4611,86503.12943
1509,0,5707.76275,72366,37785,43960,60964,100485,57775,125932,85373,47177,4135.95,3939,3229.98,10832.25,14259.18,23397.66,14771.25,7365.93,1811.94,13670.88294,10416.03641,11077.20459,10492.64157,42635.81243,15268.21586,23462.01365,29009.55461,20854.93236,98413.82794,185039.4611,86503.12943
1510,0,5707.76275,61485,33688,39426,56851,93479,54066,114955,78115,42828,4135.95,3939,3229.98,10832.25,14259.18,23397.66,14771.25,7365.93,1811.94,13670.88294,10416.03641,11077.20459,10492.64157,42635.81243,15268.21586,23462.01365,29009.55461,20854.93236,98413.82794,185039.4611,86503.12943
1511,0,5707.76275,57639,31782,36484,52945,86348,50406,104217,71402,38959,4135.95,3939,3229.98,10832.25,14259.18,23397.66,14771.25,7365.93,1811.94,13670.88294,10416.03641,11077.20459,10492.64157,42635.81243,15268.21586,23462.01365,29009.55461,20854.93236,98413.82794,185039.4611,86503.12943
1512,0,5707.76275,50861,29210,33597,49560,78467,47150,91169,64909,37004,4135.95,3939,3229.98,10832.25,14259.18,23397.66,14771.25,7365.93,1811.94,13670.88294,10416.03641,11077.20459,10492.64157,42635.81243,15268.21586,23462.01365,29009.55461,20854.93236,98413.82794,185039.4611,86503.12943
1513,0,5707.76275,44306,27176,31331,38318,61910,36322,80009,54945,29478,4135.95,3939,3229.98,10832.25,14259.18,23397.66,14771.25,7365.93,1811.94,13670.88294,10416.03641,11077.20459,10492.64157,42635.81243,15268.21586,23462.01365,29009.55461,20854.93236,98413.82794,185039.4611,86503.12943
1514,0,5707.76275,39696,25207,28995,35172,57889,33948,76952,54096,28851,4135.95,3939,3229.98,10832.25,14259.18,23397.66,14771.25,7365.93,1811.94,13670.88294,10416.03641,11077.20459,10492.64157,42635.81243,15268.21586,23462.01365,29009.55461,20854.93236,98413.82794,185039.4611,86503.12943
1515,0,5707.76275,34047,22424,26615,33531,56128,32669,76628,54704,29013,4135.95,3939,3229.98,10832.25,14259.18,23397.66,14771.25,7365.93,1811.94,13670.88294,10416.03641,11077.20459,10492.64157,42635.81243,15268.21586,23462.01365,29009.55461,20854.93236,98413.82794,185039.4611,86503.12943
1516,0,5707.76275,31662,21840,26033,33259,55695,32519,76592,54676,28747,4135.95,3939,3229.98,10832.25,14259.18,23397.66,14771.25,7365.93,1811.94,13670.88294,10416.03641,11077.20459,10492.64157,42635.81243,15268.21586,23462.01365,29009.55461,20854.93236,98413.82794,185039.4611,86503.12943
1517,0,5707.76275,31679,21836,26272,33107,56006,32380,79764,58484,30858,4135.95,3939,3229.98,10832.25,14259.18,23397.66,14771.25,7365.93,1811.94,13670.88294,10416.03641,11077.20459,10492.64157,42635.81243,15268.21586,23462.01365,29009.55461,20854.93236,98413.82794,185039.4611,86503.12943
1518,0,5707.76275,32537,22026,26411,34617,59754,33975,88599,66264,35053,4135.95,3939,3229.98,10832.25,14259.18,23397.66,14771.25,7365.93,1811.94,13670.88294,10416.03641,11077.20459,10492.64157,42635.81243,15268.21586,23462.01365,29009.55461,20854.93236,98413.82794,185039.4611,86503.12943
1519,0,5707.76275,33488,22385,27456,38832,65001,37489,95500,70619,38431,4135.95,3939,3229.98,10832.25,14259.18,23397.66,14771.25,7365.93,1811.94,13670.88294,10416.03641,11077.20459,10492.64157,42635.81243,15268.21586,23462.01365,29009.55461,20854.93236,98413.82794,185039.4611,86503.12943
1520,0,5707.76275,36602,23973,30596,41612,71303,39973,105495,78282,43462,4135.95,3939,3229.98,10832.25,14259.18,23397.66,14771.25,7365.93,1811.94,13670.88294,10416.03641,11077.20459,10492.64157,42635.81243,15268.21586,23462.01365,29009.55461,20854.93236,98413.82794,185039.4611,86503.12943
1521,0,5707.76275,43697,26971,32120,45931,78745,44103,114281,83058,46495,4135.95,3939,3229.98,10832.25,14259.18,23397.66,14771.25,7365.93,1811.94,13670.88294,10416.03641,11077.20459,10492.64157,42635.81243,15268.21586,23462.01365,29009.55461,20854.93236,98413.82794,185039.4611,86503.12943
1522,0,5707.76275,44208,26856,34865,50203,84210,47373,121111,86287,48430,4135.95,3939,3229.98,10832.25,14259.18,23397.66,14771.25,7365.93,1811.94,13670.88294,10416.03641,11077.20459,10492.64157,42635.81243,15268.21586,23462.01365,29009.55461,20854.93236,98413.82794,185039.4611,86503.12943
1523,0,5707.76275,47270,28588,36947,53429,87618,49750,125699,87720,49406,4135.95,3939,3229.98,10832.25,14259.18,23397.66,14771.25,7365.93,1811.94,13670.88294,10416.03641,11077.20459,10492.64157,42635.81243,15268.21586,23462.01365,29009.55461,20854.93236,98413.82794,185039.4611,86503.12943
1524,0,5707.76275,49760,29901,38841,55448,89718,51006,129485,88006,49506,4135.95,3939,3229.98,10832.25,14259.18,23397.66,14771.25,7365.93,1811.94,13670.88294,10416.03641,11077.20459,10492.64157,42635.81243,15268.21586,23462.01365,29009.55461,20854.93236,98413.82794,185039.4611,86503.12943
1525,0,5707.76275,52163,30924,38631,56654,90343,51722,130261,86686,48678,4135.95,3939,3229.98,10832.25,14259.18,23397.66,14771.25,7365.93,1811.94,13670.88294,10416.03641,11077.20459,10492.64157,42635.81243,15268.21586,23462.01365,29009.55461,20854.93236,98413.82794,185039.4611,86503.12943
1526,0,5707.76275,53341,29969,39008,56746,89978,51370,132251,88156,49658,4135.95,3939,3229.98,10832.25,14259.18,23397.66,14771.25,7365.93,1811.94,13670.88294,10416.03641,11077.20459,10492.64157,42635.81243,15268.21586,23462.01365,29009.55461,20854.93236,98413.82794,185039.4611,86503.12943
1527,0,5707.76275,54399,29687,38716,57955,90405,52235,131072,85200,48065,4135.95,3939,3229.98,10832.25,14259.18,23397.66,14771.25,7365.93,1811.94,13670.88294,10416.03641,11077.20459,10492.64157,42635.81243,15268.21586,23462.01365,29009.55461,20854.93236,98413.82794,185039.4611,86503.12943
1528,0,5707.76275,54246,28960,38856,57056,89798,51241,134449,89451,50962,4135.95,3939,3229.98,10832.25,14259.18,23397.66,14771.25,7365.93,1811.94,13670.88294,10416.03641,11077.20459,10492.64157,42635.81243,15268.21586,23462.01365,29009.55461,20854.93236,98413.82794,185039.4611,86503.12943
1529,0,5707.76275,55103,28989,38369,58834,93220,53423,137929,91723,52450,4135.95,3939,3229.98,10832.25,14259.18,23397.66,14771.25,7365.93,1811.94,13670.88294,10416.03641,11077.20459,10492.64157,42635.81243,15268.21586,23462.01365,29009.55461,20854.93236,98413.82794,185039.4611,86503.12943
1530,0,5707.76275,54139,28734,39362,60014,95530,54696,140811,93467,53125,4135.95,3939,3229.98,10832.25,14259.18,23397.66,14771.25,7365.93,1811.94,13670.88294,10416.03641,11077.20459,10492.64157,42635.81243,15268.21586,23462.01365,29009.55461,20854.93236,98413.82794,185039.4611,86503.12943
1531,0,5707.76275,56846,29822,41400,60602,96635,55378,139635,92513,52393,4135.95,3939,3229.98,10832.25,14259.18,23397.66,14771.25,7365.93,1811.94,13670.88294,10416.03641,11077.20459,10492.64157,42635.81243,15268.21586,23462.01365,29009.55461,20854.93236,98413.82794,185039.4611,86503.12943
1532,0,5707.76275,58113,30481,41523,59392,94108,54475,129980,84509,47572,4135.95,3939,3229.98,10832.25,14259.18,23397.66,14771.25,7365.93,1811.94,13670.88294,10416.03641,11077.20459,10492.64157,42635.81243,15268.21586,23462.01365,29009.55461,20854.93236,98413.82794,185039.4611,86503.12943
1533,0,5707.76275,59074,29813,41714,55353,87443,50706,119692,79284,44458,4135.95,3939,3229.98,10832.25,14259.18,23397.66,14771.25,7365.93,1811.94,13670.88294,10416.03641,11077.20459,10492.64157,42635.81243,15268.21586,23462.01365,29009.55461,20854.93236,98413.82794,185039.4611,86503.12943
1534,0,5707.76275,57554,29054,39495,51939,81958,47995,107911,71223,39447,4135.95,3939,3229.98,10832.25,14259.18,23397.66,14771.25,7365.93,1811.94,13670.88294,10416.03641,11077.20459,10492.64157,42635.81243,15268.21586,23462.01365,29009.55461,20854.93236,98413.82794,185039.4611,86503.12943
1535,0,5707.76275,52395,27080,37196,47656,75234,44393,96766,65229,35591,4135.95,3939,3229.98,10832.25,14259.18,23397.66,14771.25,7365.93,1811.94,13670.88294,10416.03641,11077.20459,10492.64157,42635.81243,15268.21586,23462.01365,29009.55461,20854.93236,98413.82794,185039.4611,86503.12943
1536,0,5707.76275,48313,25825,34573,44294,69773,41846,84114,57327,31398,4135.95,3939,3229.98,10832.25,14259.18,23397.66,14771.25,7365.93,1811.94,13670.88294,10416.03641,11077.20459,10492.64157,42635.81243,15268.21586,23462.01365,29009.55461,20854.93236,98413.82794,185039.4611,86503.12943
1537,0,5707.76275,42885,24169,32244,41666,66072,41260,75634,53363,29005,4135.95,3939,3229.98,10832.25,14259.18,23397.66,14771.25,7365.93,1811.94,13670.88294,10416.03641,11077.20459,10492.64157,42635.81243,15268.21586,23462.01365,29009.55461,20854.93236,98413.82794,185039.4611,86503.12943
1538,0,5707.76275,38245,23120,29682,40739,62410,39935,71388,52236,28475,4135.95,3939,3229.98,10832.25,14259.18,23397.66,14771.25,7365.93,1811.94,13670.88294,10416.03641,11077.20459,10492.64157,42635.81243,15268.21586,23462.01365,29009.55461,20854.93236,98413.82794,185039.4611,86503.12943
1539,0,5707.76275,33600,21908,27838,40546,60846,39505,70385,52728,28860,4135.95,3939,3229.98,10832.25,14259.18,23397.66,14771.25,7365.93,1811.94,13670.88294,10416.03641,11077.20459,10492.64157,42635.81243,15268.21586,23462.01365,29009.55461,20854.93236,98413.82794,185039.4611,86503.12943
1540,0,5707.76275,30805,21350,27302,41457,60747,40188,69716,52587,28767,4135.95,3939,3229.98,10832.25,14259.18,23397.66,14771.25,7365.93,1811.94,13670.88294,10416.03641,11077.20459,10492.64157,42635.81243,15268.21586,23462.01365,29009.55461,20854.93236,98413.82794,185039.4611,86503.12943
1541,0,5707.76275,30267,21302,27393,42153,61115,40654,72016,55407,30496,4135.95,3939,3229.98,10832.25,14259.18,23397.66,14771.25,7365.93,1811.94,13670.88294,10416.03641,11077.20459,10492.64157,42635.81243,15268.21586,23462.01365,29009.55461,20854.93236,98413.82794,185039.4611,86503.12943
1542,0,5707.76275,30504,21530,27360,44265,64250,42397,78949,61764,33852,4135.95,3939,3229.98,10832.25,14259.18,23397.66,14771.25,7365.93,1811.94,13670.88294,10416.03641,11077.20459,10492.64157,42635.81243,15268.21586,23462.01365,29009.55461,20854.93236,98413.82794,185039.4611,86503.12943
1543,0,5707.76275,30788,21861,27974,50758,69329,46317,87104,66994,37406,4135.95,3939,3229.98,10832.25,14259.18,23397.66,14771.25,7365.93,1811.94,13670.88294,10416.03641,11077.20459,10492.64157,42635.81243,15268.21586,23462.01365,29009.55461,20854.93236,98413.82794,185039.4611,86503.12943
1544,0,5707.76275,32926,22924,30463,51994,76554,49155,99847,75967,42999,4135.95,3939,3229.98,10832.25,14259.18,23397.66,14771.25,7365.93,1811.94,13670.88294,10416.03641,11077.20459,10492.64157,42635.81243,15268.21586,23462.01365,29009.55461,20854.93236,98413.82794,185039.4611,86503.12943
1545,0,5707.76275,37713,25108,31463,55792,84372,52963,111182,81466,46313,4135.95,3939,3229.98,10832.25,14259.18,23397.66,14771.25,7365.93,1811.94,13670.88294,10416.03641,11077.20459,10492.64157,42635.81243,15268.21586,23462.01365,29009.55461,20854.93236,98413.82794,185039.4611,86503.12943
1546,0,5707.76275,40186,25368,33860,59756,89731,55743,119145,84784,48268,4135.95,3939,3229.98,10832.25,14259.18,23397.66,14771.25,7365.93,1811.94,13670.88294,10416.03641,11077.20459,10492.64157,42635.81243,15268.21586,23462.01365,29009.55461,20854.93236,98413.82794,185039.4611,86503.12943
1547,0,5707.76275,45070,27332,35907,62396,92914,57651,125676,86480,49125,4135.95,3939,3229.98,10832.25,14259.18,23397.66,14771.25,7365.93,1811.94,13670.88294,10416.03641,11077.20459,10492.64157,42635.81243,15268.21586,23462.01365,29009.55461,20854.93236,98413.82794,185039.4611,86503.12943
1548,0,5707.76275,48477,28786,37455,61694,94739,57933,130499,87035,49210,4135.95,3939,3229.98,10832.25,14259.18,23397.66,14771.25,7365.93,1811.94,13670.88294,10416.03641,11077.20459,10492.64157,42635.81243,15268.21586,23462.01365,29009.55461,20854.93236,98413.82794,185039.4611,86503.12943
1549,0,5707.76275,51087,29941,37241,61676,95831,58486,132018,86170,48441,4135.95,3939,3229.98,10832.25,14259.18,23397.66,14771.25,7365.93,1811.94,13670.88294,10416.03641,11077.20459,10492.64157,42635.81243,15268.21586,23462.01365,29009.55461,20854.93236,98413.82794,185039.4611,86503.12943
1550,0,5707.76275,53016,29144,37488,59883,95608,57307,134548,87944,49506,4135.95,3939,3229.98,10832.25,14259.18,23397.66,14771.25,7365.93,1811.94,13670.88294,10416.03641,11077.20459,10492.64157,42635.81243,15268.21586,23462.01365,29009.55461,20854.93236,98413.82794,185039.4611,86503.12943
1551,0,5707.76275,54280,28870,37191,59522,95768,57051,133653,85182,47967,4135.95,3939,3229.98,10832.25,14259.18,23397.66,14771.25,7365.93,1811.94,13670.88294,10416.03641,11077.20459,10492.64157,42635.81243,15268.21586,23462.01365,29009.55461,20854.93236,98413.82794,185039.4611,86503.12943
1552,0,5707.76275,54288,28237,37288,58093,95002,55614,137376,89697,50905,4135.95,3939,3229.98,10832.25,14259.18,23397.66,14771.25,7365.93,1811.94,13670.88294,10416.03641,11077.20459,10492.64157,42635.81243,15268.21586,23462.01365,29009.55461,20854.93236,98413.82794,185039.4611,86503.12943
1553,0,5707.76275,55230,28390,36812,59018,98624,57775,141100,91991,52584,4135.95,3939,3229.98,10832.25,14259.18,23397.66,14771.25,7365.93,1811.94,13670.88294,10416.03641,11077.20459,10492.64157,42635.81243,15268.21586,23462.01365,29009.55461,20854.93236,98413.82794,185039.4611,86503.12943
1554,0,5707.76275,54378,28090,37896,61053,101599,59961,144359,94076,53504,4135.95,3939,3229.98,10832.25,14259.18,23397.66,14771.25,7365.93,1811.94,13670.88294,10416.03641,11077.20459,10492.64157,42635.81243,15268.21586,23462.01365,29009.55461,20854.93236,98413.82794,185039.4611,86503.12943
1555,0,5707.76275,57019,29122,39880,61045,102225,60048,142901,93045,52649,4135.95,3939,3229.98,10832.25,14259.18,23397.66,14771.25,7365.93,1811.94,13670.88294,10416.03641,11077.20459,10492.64157,42635.81243,15268.21586,23462.01365,29009.55461,20854.93236,98413.82794,185039.4611,86503.12943
1556,0,5707.76275,58215,29900,40408,60381,99456,59242,132819,84988,47750,4135.95,3939,3229.98,10832.25,14259.18,23397.66,14771.25,7365.93,1811.94,13670.88294,10416.03641,11077.20459,10492.64157,42635.81243,15268.21586,23462.01365,29009.55461,20854.93236,98413.82794,185039.4611,86503.12943
1557,0,5707.76275,59341,29249,40490,57040,92893,55849,121804,79440,44351,4135.95,3939,3229.98,10832.25,14259.18,23397.66,14771.25,7365.93,1811.94,13670.88294,10416.03641,11077.20459,10492.64157,42635.81243,15268.21586,23462.01365,29009.55461,20854.93236,98413.82794,185039.4611,86503.12943
1558,0,5707.76275,57681,28361,38244,54485,87794,53574,109353,71250,39504,4135.95,3939,3229.98,10832.25,14259.18,23397.66,14771.25,7365.93,1811.94,13670.88294,10416.03641,11077.20459,10492.64157,42635.81243,15268.21586,23462.01365,29009.55461,20854.93236,98413.82794,185039.4611,86503.12943
1559,0,5707.76275,52325,26338,35864,52144,81875,50773,97579,64838,35594,4135.95,3939,3229.98,10832.25,14259.18,23397.66,14771.25,7365.93,1811.94,13670.88294,10416.03641,11077.20459,10492.64157,42635.81243,15268.21586,23462.01365,29009.55461,20854.93236,98413.82794,185039.4611,86503.12943
1560,0,5707.76275,48111,24923,33318,51076,80552,49072,89246,60093,30905,4135.95,3939,3229.98,10832.25,14259.18,23397.66,14771.25,7365.93,1811.94,13670.88294,10416.03641,11077.20459,10492.64157,42635.81243,15268.21586,23462.01365,29009.55461,20854.93236,98413.82794,185039.4611,86503.12943
1561,0,5707.76275,42722,23415,31011,55243,82536,52365,86624,58359,29964,4135.95,3939,3229.98,10832.25,14259.18,23397.66,14771.25,7365.93,1811.94,13670.88294,10416.03641,11077.20459,10492.64157,42635.81243,15268.21586,23462.01365,29009.55461,20854.93236,98413.82794,185039.4611,86503.12943
1562,0,5707.76275,38081,23118,29138,56616,81535,52484,84882,57980,29538,4135.95,3939,3229.98,10832.25,14259.18,23397.66,14771.25,7365.93,1811.94,13670.88294,10416.03641,11077.20459,10492.64157,42635.81243,15268.21586,23462.01365,29009.55461,20854.93236,98413.82794,185039.4611,86503.12943
1563,0,5707.76275,35166,24113,28552,58555,82223,53426,85700,59489,30331,4135.95,3939,3229.98,10832.25,14259.18,23397.66,14771.25,7365.93,1811.94,13670.88294,10416.03641,11077.20459,10492.64157,42635.81243,15268.21586,23462.01365,29009.55461,20854.93236,98413.82794,185039.4611,86503.12943
1564,0,5707.76275,34102,24338,28575,60190,83620,54639,88167,61600,31388,4135.95,3939,3229.98,10832.25,14259.18,23397.66,14771.25,7365.93,1811.94,13670.88294,10416.03641,11077.20459,10492.64157,42635.81243,15268.21586,23462.01365,29009.55461,20854.93236,98413.82794,185039.4611,86503.12943
1565,0,5707.76275,34127,24986,29117,62451,86661,56169,96456,69147,35560,4135.95,3939,3229.98,10832.25,14259.18,23397.66,14771.25,7365.93,1811.94,13670.88294,10416.03641,11077.20459,10492.64157,42635.81243,15268.21586,23462.01365,29009.55461,20854.93236,98413.82794,185039.4611,86503.12943
1566,0,5707.76275,35024,25747,30016,68223,98090,61033,121362,92490,48860,4135.95,3939,3229.98,10832.25,14259.18,23397.66,14771.25,7365.93,1811.94,13670.88294,10416.03641,11077.20459,10492.64157,42635.81243,15268.21586,23462.01365,29009.55461,20854.93236,98413.82794,185039.4611,86503.12943
1567,0,5707.76275,36739,27043,32552,88964,118101,77680,146172,104880,56137,4135.95,3939,3229.98,10832.25,14259.18,23397.66,14771.25,7365.93,1811.94,13670.88294,10416.03641,11077.20459,10492.64157,42635.81243,15268.21586,23462.01365,29009.55461,20854.93236,98413.82794,185039.4611,86503.12943
1568,0,5707.76275,42732,30683,40971,92322,128547,82598,151878,103408,54361,4135.95,3939,3229.98,10832.25,14259.18,23397.66,14771.25,7365.93,1811.94,13670.88294,10416.03641,11077.20459,10492.64157,42635.81243,15268.21586,23462.01365,29009.55461,20854.93236,98413.82794,185039.4611,86503.12943
1569,0,5707.76275,58308,38651,45987,89293,127387,80484,150489,100053,51996,4135.95,3939,3229.98,10832.25,14259.18,23397.66,14771.25,7365.93,1811.94,13670.88294,10416.03641,11077.20459,10492.64157,42635.81243,15268.21586,23462.01365,29009.55461,20854.93236,98413.82794,185039.4611,86503.12943
1570,0,5707.76275,66616,40038,46160,84296,125199,77392,152158,101641,52628,4135.95,3939,3229.98,10832.25,14259.18,23397.66,14771.25,7365.93,1811.94,13670.88294,10416.03641,11077.20459,10492.64157,42635.81243,15268.21586,23462.01365,29009.55461,20854.93236,98413.82794,185039.4611,86503.12943
1571,0,5707.76275,63102,39091,43966,82828,126144,77713,157604,104118,53993,4135.95,3939,3229.98,10832.25,14259.18,23397.66,14771.25,7365.93,1811.94,13670.88294,10416.03641,11077.20459,10492.64157,42635.81243,15268.21586,23462.01365,29009.55461,20854.93236,98413.82794,185039.4611,86503.12943
1572,0,5707.76275,60226,38002,43486,79468,126885,75632,160382,104644,54150,4135.95,3939,3229.98,10832.25,14259.18,23397.66,14771.25,7365.93,1811.94,13670.88294,10416.03641,11077.20459,10492.64157,42635.81243,15268.21586,23462.01365,29009.55461,20854.93236,98413.82794,185039.4611,86503.12943
1573,0,5707.76275,61710,38732,43206,77813,126909,74788,160269,102883,53020,4135.95,3939,3229.98,10832.25,14259.18,23397.66,14771.25,7365.93,1811.94,13670.88294,10416.03641,11077.20459,10492.64157,42635.81243,15268.21586,23462.01365,29009.55461,20854.93236,98413.82794,185039.4611,86503.12943
1574,0,5707.76275,63274,37608,43383,75033,125370,72549,160830,103604,53534,4135.95,3939,3229.98,10832.25,14259.18,23397.66,14771.25,7365.93,1811.94,13670.88294,10416.03641,11077.20459,10492.64157,42635.81243,15268.21586,23462.01365,29009.55461,20854.93236,98413.82794,185039.4611,86503.12943
1575,0,5707.76275,63895,37294,42784,73155,126615,71490,165979,107862,56204,4135.95,3939,3229.98,10832.25,14259.18,23397.66,14771.25,7365.93,1811.94,13670.88294,10416.03641,11077.20459,10492.64157,42635.81243,15268.21586,23462.01365,29009.55461,20854.93236,98413.82794,185039.4611,86503.12943
1576,0,5707.76275,63390,36462,42639,74197,131678,73105,177078,115758,61422,4135.95,3939,3229.98,10832.25,14259.18,23397.66,14771.25,7365.93,1811.94,13670.88294,10416.03641,11077.20459,10492.64157,42635.81243,15268.21586,23462.01365,29009.55461,20854.93236,98413.82794,185039.4611,86503.12943
1577,0,5707.76275,64477,36661,44152,77666,139727,76745,191224,125536,67430,4135.95,3939,3229.98,10832.25,14259.18,23397.66,14771.25,7365.93,1811.94,13670.88294,10416.03641,11077.20459,10492.64157,42635.81243,15268.21586,23462.01365,29009.55461,20854.93236,98413.82794,185039.4611,86503.12943
1578,0,5707.76275,68249,38131,47328,83552,144251,83059,186312,116744,62511,4135.95,3939,3229.98,10832.25,14259.18,23397.66,14771.25,7365.93,1811.94,13670.88294,10416.03641,11077.20459,10492.64157,42635.81243,15268.21586,23462.01365,29009.55461,20854.93236,98413.82794,185039.4611,86503.12943
1579,0,5707.76275,74142,40400,51815,78799,132544,76889,161609,99572,52683,4135.95,3939,3229.98,10832.25,14259.18,23397.66,14771.25,7365.93,1811.94,13670.88294,10416.03641,11077.20459,10492.64157,42635.81243,15268.21586,23462.01365,29009.55461,20854.93236,98413.82794,185039.4611,86503.12943
1580,0,5707.76275,79275,42034,50592,70029,119256,68660,144587,91917,48200,4135.95,3939,3229.98,10832.25,14259.18,23397.66,14771.25,7365.93,1811.94,13670.88294,10416.03641,11077.20459,10492.64157,42635.81243,15268.21586,23462.01365,29009.55461,20854.93236,98413.82794,185039.4611,86503.12943
1581,0,5707.76275,71198,37854,44671,66141,111920,65521,133590,84653,43571,4135.95,3939,3229.98,10832.25,14259.18,23397.66,14771.25,7365.93,1811.94,13670.88294,10416.03641,11077.20459,10492.64157,42635.81243,15268.21586,23462.01365,29009.55461,20854.93236,98413.82794,185039.4611,86503.12943
1582,0,5707.76275,59518,33743,40251,62385,104082,61085,121274,76257,38602,4135.95,3939,3229.98,10832.25,14259.18,23397.66,14771.25,7365.93,1811.94,13670.88294,10416.03641,11077.20459,10492.64157,42635.81243,15268.21586,23462.01365,29009.55461,20854.93236,98413.82794,185039.4611,86503.12943
1583,0,5707.76275,54737,31798,37059,59147,96892,58156,109030,67764,33712,4135.95,3939,3229.98,10832.25,14259.18,23397.66,14771.25,7365.93,1811.94,13670.88294,10416.03641,11077.20459,10492.64157,42635.81243,15268.21586,23462.01365,29009.55461,20854.93236,98413.82794,185039.4611,86503.12943
1584,0,5707.76275,49498,29253,34107,56365,90198,55198,103380,61140,29717,4135.95,3939,3229.98,10832.25,14259.18,23397.66,14771.25,7365.93,1811.94,13670.88294,10416.03641,11077.20459,10492.64157,42635.81243,15268.21586,23462.01365,29009.55461,20854.93236,98413.82794,185039.4611,86503.12943
1585,0,5707.76275,44020,27369,31091,55584,85400,53110,100984,59130,28454,4135.95,3939,3229.98,10832.25,14259.18,23397.66,14771.25,7365.93,1811.94,13670.88294,10416.03641,11077.20459,10492.64157,42635.81243,15268.21586,23462.01365,29009.55461,20854.93236,98413.82794,185039.4611,86503.12943
1586,0,5707.76275,39010,25868,29042,57086,84086,53305,101250,58281,27841,4135.95,3939,3229.98,10832.25,14259.18,23397.66,14771.25,7365.93,1811.94,13670.88294,10416.03641,11077.20459,10492.64157,42635.81243,15268.21586,23462.01365,29009.55461,20854.93236,98413.82794,185039.4611,86503.12943
1587,0,5707.76275,35593,25165,28060,59035,84168,54013,103785,59191,28417,4135.95,3939,3229.98,10832.25,14259.18,23397.66,14771.25,7365.93,1811.94,13670.88294,10416.03641,11077.20459,10492.64157,42635.81243,15268.21586,23462.01365,29009.55461,20854.93236,98413.82794,185039.4611,86503.12943
1588,0,5707.76275,34479,25380,28098,60494,84951,54788,107706,60807,29330,4135.95,3939,3229.98,10832.25,14259.18,23397.66,14771.25,7365.93,1811.94,13670.88294,10416.03641,11077.20459,10492.64157,42635.81243,15268.21586,23462.01365,29009.55461,20854.93236,98413.82794,185039.4611,86503.12943
1589,0,5707.76275,34403,26007,28653,62477,87826,56122,117152,67699,33293,4135.95,3939,3229.98,10832.25,14259.18,23397.66,14771.25,7365.93,1811.94,13670.88294,10416.03641,11077.20459,10492.64157,42635.81243,15268.21586,23462.01365,29009.55461,20854.93236,98413.82794,185039.4611,86503.12943
1590,0,5707.76275,35198,26754,29557,67797,99130,60801,146333,90717,46155,4135.95,3939,3229.98,10832.25,14259.18,23397.66,14771.25,7365.93,1811.94,13670.88294,10416.03641,11077.20459,10492.64157,42635.81243,15268.21586,23462.01365,29009.55461,20854.93236,98413.82794,185039.4611,86503.12943
1591,0,5707.76275,36703,28020,32068,88180,118862,77183,168976,104085,53350,4135.95,3939,3229.98,10832.25,14259.18,23397.66,14771.25,7365.93,1811.94,13670.88294,10416.03641,11077.20459,10492.64157,42635.81243,15268.21586,23462.01365,29009.55461,20854.93236,98413.82794,185039.4611,86503.12943
1592,0,5707.76275,42168,31637,40190,90664,129266,81358,171893,102871,52155,4135.95,3939,3229.98,10832.25,14259.18,23397.66,14771.25,7365.93,1811.94,13670.88294,10416.03641,11077.20459,10492.64157,42635.81243,15268.21586,23462.01365,29009.55461,20854.93236,98413.82794,185039.4611,86503.12943
1593,0,5707.76275,56359,39680,45387,86813,128023,79088,167170,100044,50370,4135.95,3939,3229.98,10832.25,14259.18,23397.66,14771.25,7365.93,1811.94,13670.88294,10416.03641,11077.20459,10492.64157,42635.81243,15268.21586,23462.01365,29009.55461,20854.93236,98413.82794,185039.4611,86503.12943
1594,0,5707.76275,63827,41104,45779,81011,125748,75147,166819,101918,51224,4135.95,3939,3229.98,10832.25,14259.18,23397.66,14771.25,7365.93,1811.94,13670.88294,10416.03641,11077.20459,10492.64157,42635.81243,15268.21586,23462.01365,29009.55461,20854.93236,98413.82794,185039.4611,86503.12943
1595,0,5707.76275,62203,40245,43832,79514,126382,74914,167181,104550,53111,4135.95,3939,3229.98,10832.25,14259.18,23397.66,14771.25,7365.93,1811.94,13670.88294,10416.03641,11077.20459,10492.64157,42635.81243,15268.21586,23462.01365,29009.55461,20854.93236,98413.82794,185039.4611,86503.12943
1596,0,5707.76275,60061,39148,43572,76568,126883,73061,167304,105200,53525,4135.95,3939,3229.98,10832.25,14259.18,23397.66,14771.25,7365.93,1811.94,13670.88294,10416.03641,11077.20459,10492.64157,42635.81243,15268.21586,23462.01365,29009.55461,20854.93236,98413.82794,185039.4611,86503.12943
1597,0,5707.76275,61593,39831,43454,75051,126981,72222,164939,103442,52578,4135.95,3939,3229.98,10832.25,14259.18,23397.66,14771.25,7365.93,1811.94,13670.88294,10416.03641,11077.20459,10492.64157,42635.81243,15268.21586,23462.01365,29009.55461,20854.93236,98413.82794,185039.4611,86503.12943
1598,0,5707.76275,63299,38600,43744,72721,125767,70319,163685,104296,53096,4135.95,3939,3229.98,10832.25,14259.18,23397.66,14771.25,7365.93,1811.94,13670.88294,10416.03641,11077.20459,10492.64157,42635.81243,15268.21586,23462.01365,29009.55461,20854.93236,98413.82794,185039.4611,86503.12943
1599,0,5707.76275,63975,38197,43162,71684,127010,69546,168581,108736,55820,4135.95,3939,3229.98,10832.25,14259.18,23397.66,14771.25,7365.93,1811.94,13670.88294,10416.03641,11077.20459,10492.64157,42635.81243,15268.21586,23462.01365,29009.55461,20854.93236,98413.82794,185039.4611,86503.12943
1600,0,5707.76275,63315,37273,43049,73029,132202,71372,179493,116627,61038,4135.95,3939,3229.98,10832.25,14259.18,23397.66,14771.25,7365.93,1811.94,13670.88294,10416.03641,11077.20459,10492.64157,42635.81243,15268.21586,23462.01365,29009.55461,20854.93236,98413.82794,185039.4611,86503.12943
1601,0,5707.76275,64303,37348,44546,76357,140647,75170,195157,126456,66831,4135.95,3939,3229.98,10832.25,14259.18,23397.66,14771.25,7365.93,1811.94,13670.88294,10416.03641,11077.20459,10492.64157,42635.81243,15268.21586,23462.01365,29009.55461,20854.93236,98413.82794,185039.4611,86503.12943
1602,0,5707.76275,68020,38738,47699,81606,145557,81038,189416,117703,62063,4135.95,3939,3229.98,10832.25,14259.18,23397.66,14771.25,7365.93,1811.94,13670.88294,10416.03641,11077.20459,10492.64157,42635.81243,15268.21586,23462.01365,29009.55461,20854.93236,98413.82794,185039.4611,86503.12943
1603,0,5707.76275,73977,40917,52268,77060,134040,75230,165442,100697,52249,4135.95,3939,3229.98,10832.25,14259.18,23397.66,14771.25,7365.93,1811.94,13670.88294,10416.03641,11077.20459,10492.64157,42635.81243,15268.21586,23462.01365,29009.55461,20854.93236,98413.82794,185039.4611,86503.12943
1604,0,5707.76275,79265,42519,51029,68216,120637,66763,150126,93145,47716,4135.95,3939,3229.98,10832.25,14259.18,23397.66,14771.25,7365.93,1811.94,13670.88294,10416.03641,11077.20459,10492.64157,42635.81243,15268.21586,23462.01365,29009.55461,20854.93236,98413.82794,185039.4611,86503.12943
1605,0,5707.76275,71167,38197,45078,64123,113278,63500,139140,86145,43298,4135.95,3939,3229.98,10832.25,14259.18,23397.66,14771.25,7365.93,1811.94,13670.88294,10416.03641,11077.20459,10492.64157,42635.81243,15268.21586,23462.01365,29009.55461,20854.93236,98413.82794,185039.4611,86503.12943
1606,0,5707.76275,59561,34076,40655,60190,105339,59497,128535,78011,38333,4135.95,3939,3229.98,10832.25,14259.18,23397.66,14771.25,7365.93,1811.94,13670.88294,10416.03641,11077.20459,10492.64157,42635.81243,15268.21586,23462.01365,29009.55461,20854.93236,98413.82794,185039.4611,86503.12943
1607,0,5707.76275,54786,32113,37472,56494,98226,56233,118942,69730,33334,4135.95,3939,3229.98,10832.25,14259.18,23397.66,14771.25,7365.93,1811.94,13670.88294,10416.03641,11077.20459,10492.64157,42635.81243,15268.21586,23462.01365,29009.55461,20854.93236,98413.82794,185039.4611,86503.12943
1608,0,5707.76275,49636,29542,34585,53492,91561,53211,112164,68849,30037,4135.95,3939,3229.98,10832.25,14259.18,23397.66,14771.25,7365.93,1811.94,13670.88294,10416.03641,11077.20459,10492.64157,42635.81243,15268.21586,23462.01365,29009.55461,20854.93236,98413.82794,185039.4611,86503.12943
1609,0,5707.76275,44336,27690,31680,53169,87402,52870,110808,68147,28860,4135.95,3939,3229.98,10832.25,14259.18,23397.66,14771.25,7365.93,1811.94,13670.88294,10416.03641,11077.20459,10492.64157,42635.81243,15268.21586,23462.01365,29009.55461,20854.93236,98413.82794,185039.4611,86503.12943
1610,0,5707.76275,39541,26148,29187,54619,86053,53073,111763,68444,28286,4135.95,3939,3229.98,10832.25,14259.18,23397.66,14771.25,7365.93,1811.94,13670.88294,10416.03641,11077.20459,10492.64157,42635.81243,15268.21586,23462.01365,29009.55461,20854.93236,98413.82794,185039.4611,86503.12943
1611,0,5707.76275,36091,24859,28241,56567,86104,53832,114574,70735,28999,4135.95,3939,3229.98,10832.25,14259.18,23397.66,14771.25,7365.93,1811.94,13670.88294,10416.03641,11077.20459,10492.64157,42635.81243,15268.21586,23462.01365,29009.55461,20854.93236,98413.82794,185039.4611,86503.12943
1612,0,5707.76275,35006,25026,28158,58289,86888,54715,118270,73687,30060,4135.95,3939,3229.98,10832.25,14259.18,23397.66,14771.25,7365.93,1811.94,13670.88294,10416.03641,11077.20459,10492.64157,42635.81243,15268.21586,23462.01365,29009.55461,20854.93236,98413.82794,185039.4611,86503.12943
1613,0,5707.76275,35011,25564,28651,60384,89879,56156,127837,82100,34151,4135.95,3939,3229.98,10832.25,14259.18,23397.66,14771.25,7365.93,1811.94,13670.88294,10416.03641,11077.20459,10492.64157,42635.81243,15268.21586,23462.01365,29009.55461,20854.93236,98413.82794,185039.4611,86503.12943
1614,0,5707.76275,35985,26239,29467,65700,101407,61005,159879,107607,47409,4135.95,3939,3229.98,10832.25,14259.18,23397.66,14771.25,7365.93,1811.94,13670.88294,10416.03641,11077.20459,10492.64157,42635.81243,15268.21586,23462.01365,29009.55461,20854.93236,98413.82794,185039.4611,86503.12943
1615,0,5707.76275,37860,27534,31909,85478,121231,77213,179748,120784,55298,4135.95,3939,3229.98,10832.25,14259.18,23397.66,14771.25,7365.93,1811.94,13670.88294,10416.03641,11077.20459,10492.64157,42635.81243,15268.21586,23462.01365,29009.55461,20854.93236,98413.82794,185039.4611,86503.12943
1616,0,5707.76275,43601,31197,39890,88287,131475,81646,179189,118626,54331,4135.95,3939,3229.98,10832.25,14259.18,23397.66,14771.25,7365.93,1811.94,13670.88294,10416.03641,11077.20459,10492.64157,42635.81243,15268.21586,23462.01365,29009.55461,20854.93236,98413.82794,185039.4611,86503.12943
1617,0,5707.76275,59360,39116,45294,84963,129762,79453,171555,113743,52416,4135.95,3939,3229.98,10832.25,14259.18,23397.66,14771.25,7365.93,1811.94,13670.88294,10416.03641,11077.20459,10492.64157,42635.81243,15268.21586,23462.01365,29009.55461,20854.93236,98413.82794,185039.4611,86503.12943
1618,0,5707.76275,66352,40352,45957,79309,127380,75514,169213,114959,53354,4135.95,3939,3229.98,10832.25,14259.18,23397.66,14771.25,7365.93,1811.94,13670.88294,10416.03641,11077.20459,10492.64157,42635.81243,15268.21586,23462.01365,29009.55461,20854.93236,98413.82794,185039.4611,86503.12943
1619,0,5707.76275,63990,39363,44055,78103,127902,75181,166895,114894,54711,4135.95,3939,3229.98,10832.25,14259.18,23397.66,14771.25,7365.93,1811.94,13670.88294,10416.03641,11077.20459,10492.64157,42635.81243,15268.21586,23462.01365,29009.55461,20854.93236,98413.82794,185039.4611,86503.12943
1620,0,5707.76275,61147,38204,43766,75187,128160,73139,165126,115160,55167,4135.95,3939,3229.98,10832.25,14259.18,23397.66,14771.25,7365.93,1811.94,13670.88294,10416.03641,11077.20459,10492.64157,42635.81243,15268.21586,23462.01365,29009.55461,20854.93236,98413.82794,185039.4611,86503.12943
1621,0,5707.76275,62329,38833,43683,73815,128002,72364,161186,112381,53995,4135.95,3939,3229.98,10832.25,14259.18,23397.66,14771.25,7365.93,1811.94,13670.88294,10416.03641,11077.20459,10492.64157,42635.81243,15268.21586,23462.01365,29009.55461,20854.93236,98413.82794,185039.4611,86503.12943
1622,0,5707.76275,63208,37649,43900,71705,126336,70452,158723,112480,54682,4135.95,3939,3229.98,10832.25,14259.18,23397.66,14771.25,7365.93,1811.94,13670.88294,10416.03641,11077.20459,10492.64157,42635.81243,15268.21586,23462.01365,29009.55461,20854.93236,98413.82794,185039.4611,86503.12943
1623,0,5707.76275,63760,37298,43326,70711,127567,69611,163002,116804,57641,4135.95,3939,3229.98,10832.25,14259.18,23397.66,14771.25,7365.93,1811.94,13670.88294,10416.03641,11077.20459,10492.64157,42635.81243,15268.21586,23462.01365,29009.55461,20854.93236,98413.82794,185039.4611,86503.12943
1624,0,5707.76275,62937,36432,43303,72092,132710,71418,173664,125017,62901,4135.95,3939,3229.98,10832.25,14259.18,23397.66,14771.25,7365.93,1811.94,13670.88294,10416.03641,11077.20459,10492.64157,42635.81243,15268.21586,23462.01365,29009.55461,20854.93236,98413.82794,185039.4611,86503.12943
1625,0,5707.76275,63875,36582,44815,75502,141300,75178,190119,136463,69186,4135.95,3939,3229.98,10832.25,14259.18,23397.66,14771.25,7365.93,1811.94,13670.88294,10416.03641,11077.20459,10492.64157,42635.81243,15268.21586,23462.01365,29009.55461,20854.93236,98413.82794,185039.4611,86503.12943
1626,0,5707.76275,67703,38042,48024,80537,146185,81143,184936,126294,64008,4135.95,3939,3229.98,10832.25,14259.18,23397.66,14771.25,7365.93,1811.94,13670.88294,10416.03641,11077.20459,10492.64157,42635.81243,15268.21586,23462.01365,29009.55461,20854.93236,98413.82794,185039.4611,86503.12943
1627,0,5707.76275,73776,40333,52683,76208,134547,75238,162270,109786,54646,4135.95,3939,3229.98,10832.25,14259.18,23397.66,14771.25,7365.93,1811.94,13670.88294,10416.03641,11077.20459,10492.64157,42635.81243,15268.21586,23462.01365,29009.55461,20854.93236,98413.82794,185039.4611,86503.12943
1628,0,5707.76275,79440,41981,51368,67354,121202,66738,147642,103372,50561,4135.95,3939,3229.98,10832.25,14259.18,23397.66,14771.25,7365.93,1811.94,13670.88294,10416.03641,11077.20459,10492.64157,42635.81243,15268.21586,23462.01365,29009.55461,20854.93236,98413.82794,185039.4611,86503.12943
1629,0,5707.76275,71374,37798,45381,63134,113842,63589,137560,94639,45208,4135.95,3939,3229.98,10832.25,14259.18,23397.66,14771.25,7365.93,1811.94,13670.88294,10416.03641,11077.20459,10492.64157,42635.81243,15268.21586,23462.01365,29009.55461,20854.93236,98413.82794,185039.4611,86503.12943
1630,0,5707.76275,60040,33721,40980,59160,105973,59490,128513,87672,40538,4135.95,3939,3229.98,10832.25,14259.18,23397.66,14771.25,7365.93,1811.94,13670.88294,10416.03641,11077.20459,10492.64157,42635.81243,15268.21586,23462.01365,29009.55461,20854.93236,98413.82794,185039.4611,86503.12943
1631,0,5707.76275,55563,31774,37834,55194,98908,56203,120126,80881,36270,4135.95,3939,3229.98,10832.25,14259.18,23397.66,14771.25,7365.93,1811.94,13670.88294,10416.03641,11077.20459,10492.64157,42635.81243,15268.21586,23462.01365,29009.55461,20854.93236,98413.82794,185039.4611,86503.12943
1632,0,5707.76275,49951,29276,34929,51996,92703,53208,117187,78584,36452,4135.95,3939,3229.98,10832.25,14259.18,23397.66,14771.25,7365.93,1811.94,13670.88294,10416.03641,11077.20459,10492.64157,42635.81243,15268.21586,23462.01365,29009.55461,20854.93236,98413.82794,185039.4611,86503.12943
1633,0,5707.76275,44752,27438,32076,50814,88118,51893,117290,78179,35864,4135.95,3939,3229.98,10832.25,14259.18,23397.66,14771.25,7365.93,1811.94,13670.88294,10416.03641,11077.20459,10492.64157,42635.81243,15268.21586,23462.01365,29009.55461,20854.93236,98413.82794,185039.4611,86503.12943
1634,0,5707.76275,40252,26029,30771,51603,86980,52135,119019,78603,35874,4135.95,3939,3229.98,10832.25,14259.18,23397.66,14771.25,7365.93,1811.94,13670.88294,10416.03641,11077.20459,10492.64157,42635.81243,15268.21586,23462.01365,29009.55461,20854.93236,98413.82794,185039.4611,86503.12943
1635,0,5707.76275,37888,26057,29985,53175,87146,53083,121833,80255,37157,4135.95,3939,3229.98,10832.25,14259.18,23397.66,14771.25,7365.93,1811.94,13670.88294,10416.03641,11077.20459,10492.64157,42635.81243,15268.21586,23462.01365,29009.55461,20854.93236,98413.82794,185039.4611,86503.12943
1636,0,5707.76275,37813,26334,30019,54606,87717,53795,125721,82466,38589,4135.95,3939,3229.98,10832.25,14259.18,23397.66,14771.25,7365.93,1811.94,13670.88294,10416.03641,11077.20459,10492.64157,42635.81243,15268.21586,23462.01365,29009.55461,20854.93236,98413.82794,185039.4611,86503.12943
1637,0,5707.76275,38809,27001,30593,56618,90755,55054,136363,91070,43524,4135.95,3939,3229.98,10832.25,14259.18,23397.66,14771.25,7365.93,1811.94,13670.88294,10416.03641,11077.20459,10492.64157,42635.81243,15268.21586,23462.01365,29009.55461,20854.93236,98413.82794,185039.4611,86503.12943
1638,0,5707.76275,40421,27738,31480,61732,102255,59891,168185,114705,56346,4135.95,3939,3229.98,10832.25,14259.18,23397.66,14771.25,7365.93,1811.94,13670.88294,10416.03641,11077.20459,10492.64157,42635.81243,15268.21586,23462.01365,29009.55461,20854.93236,98413.82794,185039.4611,86503.12943
1639,0,5707.76275,42856,29078,34165,76559,120460,73960,184792,125843,63842,4135.95,3939,3229.98,10832.25,14259.18,23397.66,14771.25,7365.93,1811.94,13670.88294,10416.03641,11077.20459,10492.64157,42635.81243,15268.21586,23462.01365,29009.55461,20854.93236,98413.82794,185039.4611,86503.12943
1640,0,5707.76275,48902,32862,42183,80928,131235,78764,185269,126903,65344,4135.95,3939,3229.98,10832.25,14259.18,23397.66,14771.25,7365.93,1811.94,13670.88294,10416.03641,11077.20459,10492.64157,42635.81243,15268.21586,23462.01365,29009.55461,20854.93236,98413.82794,185039.4611,86503.12943
1641,0,5707.76275,64550,40330,47747,80944,132689,78968,176219,120346,62281,4135.95,3939,3229.98,10832.25,14259.18,23397.66,14771.25,7365.93,1811.94,13670.88294,10416.03641,11077.20459,10492.64157,42635.81243,15268.21586,23462.01365,29009.55461,20854.93236,98413.82794,185039.4611,86503.12943
1642,0,5707.76275,71168,41844,49398,77191,130427,74927,172836,122198,63669,4135.95,3939,3229.98,10832.25,14259.18,23397.66,14771.25,7365.93,1811.94,13670.88294,10416.03641,11077.20459,10492.64157,42635.81243,15268.21586,23462.01365,29009.55461,20854.93236,98413.82794,185039.4611,86503.12943
1643,0,5707.76275,69713,42063,47708,76911,131469,75105,168220,118719,62890,4135.95,3939,3229.98,10832.25,14259.18,23397.66,14771.25,7365.93,1811.94,13670.88294,10416.03641,11077.20459,10492.64157,42635.81243,15268.21586,23462.01365,29009.55461,20854.93236,98413.82794,185039.4611,86503.12943
1644,0,5707.76275,65279,40811,47681,74670,130754,72748,166184,118901,64031,4135.95,3939,3229.98,10832.25,14259.18,23397.66,14771.25,7365.93,1811.94,13670.88294,10416.03641,11077.20459,10492.64157,42635.81243,15268.21586,23462.01365,29009.55461,20854.93236,98413.82794,185039.4611,86503.12943
1645,0,5707.76275,66694,41595,46706,74073,130918,72427,161779,115210,62520,4135.95,3939,3229.98,10832.25,14259.18,23397.66,14771.25,7365.93,1811.94,13670.88294,10416.03641,11077.20459,10492.64157,42635.81243,15268.21586,23462.01365,29009.55461,20854.93236,98413.82794,185039.4611,86503.12943
1646,0,5707.76275,65388,39865,46860,72470,128802,70473,158872,114581,62555,4135.95,3939,3229.98,10832.25,14259.18,23397.66,14771.25,7365.93,1811.94,13670.88294,10416.03641,11077.20459,10492.64157,42635.81243,15268.21586,23462.01365,29009.55461,20854.93236,98413.82794,185039.4611,86503.12943
1647,0,5707.76275,66161,39583,46166,71654,129717,69670,163858,119880,66014,4135.95,3939,3229.98,10832.25,14259.18,23397.66,14771.25,7365.93,1811.94,13670.88294,10416.03641,11077.20459,10492.64157,42635.81243,15268.21586,23462.01365,29009.55461,20854.93236,98413.82794,185039.4611,86503.12943
1648,0,5707.76275,64660,38526,45825,73580,135358,71957,175316,128374,71550,4135.95,3939,3229.98,10832.25,14259.18,23397.66,14771.25,7365.93,1811.94,13670.88294,10416.03641,11077.20459,10492.64157,42635.81243,15268.21586,23462.01365,29009.55461,20854.93236,98413.82794,185039.4611,86503.12943
1649,0,5707.76275,65280,38539,47602,77290,144019,75893,191275,140009,78189,4135.95,3939,3229.98,10832.25,14259.18,23397.66,14771.25,7365.93,1811.94,13670.88294,10416.03641,11077.20459,10492.64157,42635.81243,15268.21586,23462.01365,29009.55461,20854.93236,98413.82794,185039.4611,86503.12943
1650,0,5707.76275,69578,40216,51232,82173,148117,81276,184748,128312,71216,4135.95,3939,3229.98,10832.25,14259.18,23397.66,14771.25,7365.93,1811.94,13670.88294,10416.03641,11077.20459,10492.64157,42635.81243,15268.21586,23462.01365,29009.55461,20854.93236,98413.82794,185039.4611,86503.12943
1651,0,5707.76275,75891,42615,56220,77293,135602,75025,160927,111730,61519,4135.95,3939,3229.98,10832.25,14259.18,23397.66,14771.25,7365.93,1811.94,13670.88294,10416.03641,11077.20459,10492.64157,42635.81243,15268.21586,23462.01365,29009.55461,20854.93236,98413.82794,185039.4611,86503.12943
1652,0,5707.76275,81795,44228,54122,68005,122161,66241,146682,106103,58218,4135.95,3939,3229.98,10832.25,14259.18,23397.66,14771.25,7365.93,1811.94,13670.88294,10416.03641,11077.20459,10492.64157,42635.81243,15268.21586,23462.01365,29009.55461,20854.93236,98413.82794,185039.4611,86503.12943
1653,0,5707.76275,72513,39399,47873,63915,115333,63195,136740,96664,51381,4135.95,3939,3229.98,10832.25,14259.18,23397.66,14771.25,7365.93,1811.94,13670.88294,10416.03641,11077.20459,10492.64157,42635.81243,15268.21586,23462.01365,29009.55461,20854.93236,98413.82794,185039.4611,86503.12943
1654,0,5707.76275,61088,35272,43877,59761,107200,59253,126967,89729,46542,4135.95,3939,3229.98,10832.25,14259.18,23397.66,14771.25,7365.93,1811.94,13670.88294,10416.03641,11077.20459,10492.64157,42635.81243,15268.21586,23462.01365,29009.55461,20854.93236,98413.82794,185039.4611,86503.12943
1655,0,5707.76275,57357,33465,40501,55349,100281,55676,119391,84680,43092,4135.95,3939,3229.98,10832.25,14259.18,23397.66,14771.25,7365.93,1811.94,13670.88294,10416.03641,11077.20459,10492.64157,42635.81243,15268.21586,23462.01365,29009.55461,20854.93236,98413.82794,185039.4611,86503.12943
1656,0,5707.76275,50681,30711,37502,51521,94639,53003,113919,79753,40872,4135.95,3939,3229.98,10832.25,14259.18,23397.66,14771.25,7365.93,1811.94,13670.88294,10416.03641,11077.20459,10492.64157,42635.81243,15268.21586,23462.01365,29009.55461,20854.93236,98413.82794,185039.4611,86503.12943
1657,0,5707.76275,45469,28935,35073,49612,90034,51933,112586,79383,40436,4135.95,3939,3229.98,10832.25,14259.18,23397.66,14771.25,7365.93,1811.94,13670.88294,10416.03641,11077.20459,10492.64157,42635.81243,15268.21586,23462.01365,29009.55461,20854.93236,98413.82794,185039.4611,86503.12943
1658,0,5707.76275,41895,27741,33623,49948,88877,52310,114079,79870,40428,4135.95,3939,3229.98,10832.25,14259.18,23397.66,14771.25,7365.93,1811.94,13670.88294,10416.03641,11077.20459,10492.64157,42635.81243,15268.21586,23462.01365,29009.55461,20854.93236,98413.82794,185039.4611,86503.12943
1659,0,5707.76275,39076,26807,32669,51367,89057,53319,116527,81371,41498,4135.95,3939,3229.98,10832.25,14259.18,23397.66,14771.25,7365.93,1811.94,13670.88294,10416.03641,11077.20459,10492.64157,42635.81243,15268.21586,23462.01365,29009.55461,20854.93236,98413.82794,185039.4611,86503.12943
1660,0,5707.76275,39273,27100,32832,52909,89703,54220,120081,83482,42666,4135.95,3939,3229.98,10832.25,14259.18,23397.66,14771.25,7365.93,1811.94,13670.88294,10416.03641,11077.20459,10492.64157,42635.81243,15268.21586,23462.01365,29009.55461,20854.93236,98413.82794,185039.4611,86503.12943
1661,0,5707.76275,40640,27779,33510,54951,92747,55524,129908,92242,47601,4135.95,3939,3229.98,10832.25,14259.18,23397.66,14771.25,7365.93,1811.94,13670.88294,10416.03641,11077.20459,10492.64157,42635.81243,15268.21586,23462.01365,29009.55461,20854.93236,98413.82794,185039.4611,86503.12943
1662,0,5707.76275,42422,28492,34447,60111,104302,60431,158724,115726,60759,4135.95,3939,3229.98,10832.25,14259.18,23397.66,14771.25,7365.93,1811.94,13670.88294,10416.03641,11077.20459,10492.64157,42635.81243,15268.21586,23462.01365,29009.55461,20854.93236,98413.82794,185039.4611,86503.12943
1663,0,5707.76275,44832,29812,37302,74619,122378,74754,175625,127181,68152,4135.95,3939,3229.98,10832.25,14259.18,23397.66,14771.25,7365.93,1811.94,13670.88294,10416.03641,11077.20459,10492.64157,42635.81243,15268.21586,23462.01365,29009.55461,20854.93236,98413.82794,185039.4611,86503.12943
1664,0,5707.76275,51464,33587,46868,79890,132614,79593,178189,128683,69143,4135.95,3939,3229.98,10832.25,14259.18,23397.66,14771.25,7365.93,1811.94,13670.88294,10416.03641,11077.20459,10492.64157,42635.81243,15268.21586,23462.01365,29009.55461,20854.93236,98413.82794,185039.4611,86503.12943
1665,0,5707.76275,67587,41189,52033,79634,133871,79698,169970,122222,65855,4135.95,3939,3229.98,10832.25,14259.18,23397.66,14771.25,7365.93,1811.94,13670.88294,10416.03641,11077.20459,10492.64157,42635.81243,15268.21586,23462.01365,29009.55461,20854.93236,98413.82794,185039.4611,86503.12943
1666,0,5707.76275,73394,42437,53089,76133,130981,75662,167149,123920,67376,4135.95,3939,3229.98,10832.25,14259.18,23397.66,14771.25,7365.93,1811.94,13670.88294,10416.03641,11077.20459,10492.64157,42635.81243,15268.21586,23462.01365,29009.55461,20854.93236,98413.82794,185039.4611,86503.12943
1667,0,5707.76275,71038,42471,50965,76423,131334,75901,163663,120313,65884,4135.95,3939,3229.98,10832.25,14259.18,23397.66,14771.25,7365.93,1811.94,13670.88294,10416.03641,11077.20459,10492.64157,42635.81243,15268.21586,23462.01365,29009.55461,20854.93236,98413.82794,185039.4611,86503.12943
1668,0,5707.76275,66093,40983,50706,74842,129981,73448,162213,120531,66699,4135.95,3939,3229.98,10832.25,14259.18,23397.66,14771.25,7365.93,1811.94,13670.88294,10416.03641,11077.20459,10492.64157,42635.81243,15268.21586,23462.01365,29009.55461,20854.93236,98413.82794,185039.4611,86503.12943
1669,0,5707.76275,67287,41681,49077,74869,129601,73089,158352,116846,65089,4135.95,3939,3229.98,10832.25,14259.18,23397.66,14771.25,7365.93,1811.94,13670.88294,10416.03641,11077.20459,10492.64157,42635.81243,15268.21586,23462.01365,29009.55461,20854.93236,98413.82794,185039.4611,86503.12943
1670,0,5707.76275,65661,39657,48968,73294,126979,71110,156220,116026,65104,4135.95,3939,3229.98,10832.25,14259.18,23397.66,14771.25,7365.93,1811.94,13670.88294,10416.03641,11077.20459,10492.64157,42635.81243,15268.21586,23462.01365,29009.55461,20854.93236,98413.82794,185039.4611,86503.12943
1671,0,5707.76275,66201,39264,47923,72524,127621,70377,161490,121194,68733,4135.95,3939,3229.98,10832.25,14259.18,23397.66,14771.25,7365.93,1811.94,13670.88294,10416.03641,11077.20459,10492.64157,42635.81243,15268.21586,23462.01365,29009.55461,20854.93236,98413.82794,185039.4611,86503.12943
1672,0,5707.76275,64594,38204,47272,74529,133007,72638,172732,129613,74278,4135.95,3939,3229.98,10832.25,14259.18,23397.66,14771.25,7365.93,1811.94,13670.88294,10416.03641,11077.20459,10492.64157,42635.81243,15268.21586,23462.01365,29009.55461,20854.93236,98413.82794,185039.4611,86503.12943
1673,0,5707.76275,65080,38089,48945,78247,141610,76450,187825,141226,81131,4135.95,3939,3229.98,10832.25,14259.18,23397.66,14771.25,7365.93,1811.94,13670.88294,10416.03641,11077.20459,10492.64157,42635.81243,15268.21586,23462.01365,29009.55461,20854.93236,98413.82794,185039.4611,86503.12943
1674,0,5707.76275,69458,39713,52505,83303,145994,81680,180681,129021,73626,4135.95,3939,3229.98,10832.25,14259.18,23397.66,14771.25,7365.93,1811.94,13670.88294,10416.03641,11077.20459,10492.64157,42635.81243,15268.21586,23462.01365,29009.55461,20854.93236,98413.82794,185039.4611,86503.12943
1675,0,5707.76275,75924,42254,57933,78150,133619,75232,156395,112266,63968,4135.95,3939,3229.98,10832.25,14259.18,23397.66,14771.25,7365.93,1811.94,13670.88294,10416.03641,11077.20459,10492.64157,42635.81243,15268.21586,23462.01365,29009.55461,20854.93236,98413.82794,185039.4611,86503.12943
1676,0,5707.76275,81754,43892,55450,68664,120180,66171,141592,106714,60429,4135.95,3939,3229.98,10832.25,14259.18,23397.66,14771.25,7365.93,1811.94,13670.88294,10416.03641,11077.20459,10492.64157,42635.81243,15268.21586,23462.01365,29009.55461,20854.93236,98413.82794,185039.4611,86503.12943
1677,0,5707.76275,72372,39146,49302,64313,113368,62962,131575,97363,53449,4135.95,3939,3229.98,10832.25,14259.18,23397.66,14771.25,7365.93,1811.94,13670.88294,10416.03641,11077.20459,10492.64157,42635.81243,15268.21586,23462.01365,29009.55461,20854.93236,98413.82794,185039.4611,86503.12943
1678,0,5707.76275,60945,35129,45421,60300,105331,58851,121755,90464,48910,4135.95,3939,3229.98,10832.25,14259.18,23397.66,14771.25,7365.93,1811.94,13670.88294,10416.03641,11077.20459,10492.64157,42635.81243,15268.21586,23462.01365,29009.55461,20854.93236,98413.82794,185039.4611,86503.12943
1679,0,5707.76275,57446,33405,41880,56109,98511,55067,113618,85535,45742,4135.95,3939,3229.98,10832.25,14259.18,23397.66,14771.25,7365.93,1811.94,13670.88294,10416.03641,11077.20459,10492.64157,42635.81243,15268.21586,23462.01365,29009.55461,20854.93236,98413.82794,185039.4611,86503.12943
1680,0,5707.76275,51354,30745,39079,52376,90419,52072,104418,77353,42408,4135.95,3939,3229.98,10832.25,14259.18,23397.66,14771.25,7365.93,1811.94,13670.88294,10416.03641,11077.20459,10492.64157,42635.81243,15268.21586,23462.01365,29009.55461,20854.93236,98413.82794,185039.4611,86503.12943
1681,0,5707.76275,46174,28261,35998,48007,83801,46602,87917,75533,39172,4135.95,3939,3229.98,10832.25,14259.18,23397.66,14771.25,7365.93,1811.94,13670.88294,10416.03641,11077.20459,10492.64157,42635.81243,15268.21586,23462.01365,29009.55461,20854.93236,98413.82794,185039.4611,86503.12943
1682,0,5707.76275,42796,26371,33276,47358,80918,45514,84621,74605,38355,4135.95,3939,3229.98,10832.25,14259.18,23397.66,14771.25,7365.93,1811.94,13670.88294,10416.03641,11077.20459,10492.64157,42635.81243,15268.21586,23462.01365,29009.55461,20854.93236,98413.82794,185039.4611,86503.12943
1683,0,5707.76275,38878,23415,31425,47167,78849,44548,83917,75901,38630,4135.95,3939,3229.98,10832.25,14259.18,23397.66,14771.25,7365.93,1811.94,13670.88294,10416.03641,11077.20459,10492.64157,42635.81243,15268.21586,23462.01365,29009.55461,20854.93236,98413.82794,185039.4611,86503.12943
1684,0,5707.76275,38857,23138,30794,47706,78080,44474,84094,76520,38637,4135.95,3939,3229.98,10832.25,14259.18,23397.66,14771.25,7365.93,1811.94,13670.88294,10416.03641,11077.20459,10492.64157,42635.81243,15268.21586,23462.01365,29009.55461,20854.93236,98413.82794,185039.4611,86503.12943
1685,0,5707.76275,39400,22971,30799,48427,78445,44491,87672,81227,41584,4135.95,3939,3229.98,10832.25,14259.18,23397.66,14771.25,7365.93,1811.94,13670.88294,10416.03641,11077.20459,10492.64157,42635.81243,15268.21586,23462.01365,29009.55461,20854.93236,98413.82794,185039.4611,86503.12943
1686,0,5707.76275,40468,23141,30907,50699,82821,46433,97261,89225,46007,4135.95,3939,3229.98,10832.25,14259.18,23397.66,14771.25,7365.93,1811.94,13670.88294,10416.03641,11077.20459,10492.64157,42635.81243,15268.21586,23462.01365,29009.55461,20854.93236,98413.82794,185039.4611,86503.12943
1687,0,5707.76275,41496,23558,32024,58530,88586,51363,106038,94390,50183,4135.95,3939,3229.98,10832.25,14259.18,23397.66,14771.25,7365.93,1811.94,13670.88294,10416.03641,11077.20459,10492.64157,42635.81243,15268.21586,23462.01365,29009.55461,20854.93236,98413.82794,185039.4611,86503.12943
1688,0,5707.76275,45580,25119,35365,57753,95778,52258,119886,105134,57905,4135.95,3939,3229.98,10832.25,14259.18,23397.66,14771.25,7365.93,1811.94,13670.88294,10416.03641,11077.20459,10492.64157,42635.81243,15268.21586,23462.01365,29009.55461,20854.93236,98413.82794,185039.4611,86503.12943
1689,0,5707.76275,54499,28100,36749,60366,103564,56248,130030,107793,60118,4135.95,3939,3229.98,10832.25,14259.18,23397.66,14771.25,7365.93,1811.94,13670.88294,10416.03641,11077.20459,10492.64157,42635.81243,15268.21586,23462.01365,29009.55461,20854.93236,98413.82794,185039.4611,86503.12943
1690,0,5707.76275,53232,27918,39454,60643,106845,57537,138076,112748,63152,4135.95,3939,3229.98,10832.25,14259.18,23397.66,14771.25,7365.93,1811.94,13670.88294,10416.03641,11077.20459,10492.64157,42635.81243,15268.21586,23462.01365,29009.55461,20854.93236,98413.82794,185039.4611,86503.12943
1691,0,5707.76275,55705,30136,40510,62259,108527,59850,138540,107944,61255,4135.95,3939,3229.98,10832.25,14259.18,23397.66,14771.25,7365.93,1811.94,13670.88294,10416.03641,11077.20459,10492.64157,42635.81243,15268.21586,23462.01365,29009.55461,20854.93236,98413.82794,185039.4611,86503.12943
1692,0,5707.76275,55874,31074,42062,59014,106018,57130,142719,111931,64177,4135.95,3939,3229.98,10832.25,14259.18,23397.66,14771.25,7365.93,1811.94,13670.88294,10416.03641,11077.20459,10492.64157,42635.81243,15268.21586,23462.01365,29009.55461,20854.93236,98413.82794,185039.4611,86503.12943
1693,0,5707.76275,58213,32369,40012,59553,107502,58429,142033,107730,62281,4135.95,3939,3229.98,10832.25,14259.18,23397.66,14771.25,7365.93,1811.94,13670.88294,10416.03641,11077.20459,10492.64157,42635.81243,15268.21586,23462.01365,29009.55461,20854.93236,98413.82794,185039.4611,86503.12943
1694,0,5707.76275,55859,30440,40394,57304,104289,56044,139534,105351,61596,4135.95,3939,3229.98,10832.25,14259.18,23397.66,14771.25,7365.93,1811.94,13670.88294,10416.03641,11077.20459,10492.64157,42635.81243,15268.21586,23462.01365,29009.55461,20854.93236,98413.82794,185039.4611,86503.12943
1695,0,5707.76275,58207,30775,39672,55876,103274,54709,140574,106696,63318,4135.95,3939,3229.98,10832.25,14259.18,23397.66,14771.25,7365.93,1811.94,13670.88294,10416.03641,11077.20459,10492.64157,42635.81243,15268.21586,23462.01365,29009.55461,20854.93236,98413.82794,185039.4611,86503.12943
1696,0,5707.76275,56317,29474,38632,56102,104985,55119,144479,110318,66457,4135.95,3939,3229.98,10832.25,14259.18,23397.66,14771.25,7365.93,1811.94,13670.88294,10416.03641,11077.20459,10492.64157,42635.81243,15268.21586,23462.01365,29009.55461,20854.93236,98413.82794,185039.4611,86503.12943
1697,0,5707.76275,55904,29170,39049,57356,108364,56552,147149,112942,68322,4135.95,3939,3229.98,10832.25,14259.18,23397.66,14771.25,7365.93,1811.94,13670.88294,10416.03641,11077.20459,10492.64157,42635.81243,15268.21586,23462.01365,29009.55461,20854.93236,98413.82794,185039.4611,86503.12943
1698,0,5707.76275,57201,29897,40579,58067,110148,57691,151552,114378,69086,4135.95,3939,3229.98,10832.25,14259.18,23397.66,14771.25,7365.93,1811.94,13670.88294,10416.03641,11077.20459,10492.64157,42635.81243,15268.21586,23462.01365,29009.55461,20854.93236,98413.82794,185039.4611,86503.12943
1699,0,5707.76275,59441,30715,42347,59747,110836,58652,148907,111276,67091,4135.95,3939,3229.98,10832.25,14259.18,23397.66,14771.25,7365.93,1811.94,13670.88294,10416.03641,11077.20459,10492.64157,42635.81243,15268.21586,23462.01365,29009.55461,20854.93236,98413.82794,185039.4611,86503.12943
1700,0,5707.76275,60581,31339,42862,58313,106886,57087,139416,104617,63184,4135.95,3939,3229.98,10832.25,14259.18,23397.66,14771.25,7365.93,1811.94,13670.88294,10416.03641,11077.20459,10492.64157,42635.81243,15268.21586,23462.01365,29009.55461,20854.93236,98413.82794,185039.4611,86503.12943
1701,0,5707.76275,61927,30835,42651,54749,100842,53653,130219,100610,60953,4135.95,3939,3229.98,10832.25,14259.18,23397.66,14771.25,7365.93,1811.94,13670.88294,10416.03641,11077.20459,10492.64157,42635.81243,15268.21586,23462.01365,29009.55461,20854.93236,98413.82794,185039.4611,86503.12943
1702,0,5707.76275,59143,29582,40413,51986,96060,51494,119808,93151,56068,4135.95,3939,3229.98,10832.25,14259.18,23397.66,14771.25,7365.93,1811.94,13670.88294,10416.03641,11077.20459,10492.64157,42635.81243,15268.21586,23462.01365,29009.55461,20854.93236,98413.82794,185039.4611,86503.12943
1703,0,5707.76275,54396,27728,38268,48805,89638,48454,110429,88653,52961,4135.95,3939,3229.98,10832.25,14259.18,23397.66,14771.25,7365.93,1811.94,13670.88294,10416.03641,11077.20459,10492.64157,42635.81243,15268.21586,23462.01365,29009.55461,20854.93236,98413.82794,185039.4611,86503.12943
1704,0,5707.76275,50554,26436,35428,47220,85225,46878,103778,85347,50879,4135.95,3939,3229.98,10832.25,14259.18,23397.66,14771.25,7365.93,1811.94,13670.88294,10416.03641,11077.20459,10492.64157,42635.81243,15268.21586,23462.01365,29009.55461,20854.93236,98413.82794,185039.4611,86503.12943
1705,0,5707.76275,44955,24746,33068,46020,80955,45235,99226,83734,49389,4135.95,3939,3229.98,10832.25,14259.18,23397.66,14771.25,7365.93,1811.94,13670.88294,10416.03641,11077.20459,10492.64157,42635.81243,15268.21586,23462.01365,29009.55461,20854.93236,98413.82794,185039.4611,86503.12943
1706,0,5707.76275,41085,24005,31792,46037,78071,44499,97266,82399,48340,4135.95,3939,3229.98,10832.25,14259.18,23397.66,14771.25,7365.93,1811.94,13670.88294,10416.03641,11077.20459,10492.64157,42635.81243,15268.21586,23462.01365,29009.55461,20854.93236,98413.82794,185039.4611,86503.12943
1707,0,5707.76275,39860,23524,30756,45867,75769,43747,97576,82867,48592,4135.95,3939,3229.98,10832.25,14259.18,23397.66,14771.25,7365.93,1811.94,13670.88294,10416.03641,11077.20459,10492.64157,42635.81243,15268.21586,23462.01365,29009.55461,20854.93236,98413.82794,185039.4611,86503.12943
1708,0,5707.76275,39427,23276,30112,46379,74642,43813,98198,82779,48407,4135.95,3939,3229.98,10832.25,14259.18,23397.66,14771.25,7365.93,1811.94,13670.88294,10416.03641,11077.20459,10492.64157,42635.81243,15268.21586,23462.01365,29009.55461,20854.93236,98413.82794,185039.4611,86503.12943
1709,0,5707.76275,40218,23135,30011,47200,74322,43901,101546,85443,50012,4135.95,3939,3229.98,10832.25,14259.18,23397.66,14771.25,7365.93,1811.94,13670.88294,10416.03641,11077.20459,10492.64157,42635.81243,15268.21586,23462.01365,29009.55461,20854.93236,98413.82794,185039.4611,86503.12943
1710,0,5707.76275,41404,23327,30107,49156,77061,45351,111551,91826,53226,4135.95,3939,3229.98,10832.25,14259.18,23397.66,14771.25,7365.93,1811.94,13670.88294,10416.03641,11077.20459,10492.64157,42635.81243,15268.21586,23462.01365,29009.55461,20854.93236,98413.82794,185039.4611,86503.12943
1711,0,5707.76275,42670,23618,30800,55130,81081,50121,118449,96807,59500,4135.95,3939,3229.98,10832.25,14259.18,23397.66,14771.25,7365.93,1811.94,13670.88294,10416.03641,11077.20459,10492.64157,42635.81243,15268.21586,23462.01365,29009.55461,20854.93236,98413.82794,185039.4611,86503.12943
1712,0,5707.76275,45243,24606,33457,54443,87216,51069,130431,106872,67033,4135.95,3939,3229.98,10832.25,14259.18,23397.66,14771.25,7365.93,1811.94,13670.88294,10416.03641,11077.20459,10492.64157,42635.81243,15268.21586,23462.01365,29009.55461,20854.93236,98413.82794,185039.4611,86503.12943
1713,0,5707.76275,51422,27447,34820,57219,95155,55315,138764,109022,68403,4135.95,3939,3229.98,10832.25,14259.18,23397.66,14771.25,7365.93,1811.94,13670.88294,10416.03641,11077.20459,10492.64157,42635.81243,15268.21586,23462.01365,29009.55461,20854.93236,98413.82794,185039.4611,86503.12943
1714,0,5707.76275,51697,27548,37639,57667,99058,56314,145122,113589,70663,4135.95,3939,3229.98,10832.25,14259.18,23397.66,14771.25,7365.93,1811.94,13670.88294,10416.03641,11077.20459,10492.64157,42635.81243,15268.21586,23462.01365,29009.55461,20854.93236,98413.82794,185039.4611,86503.12943
1715,0,5707.76275,56990,30164,39113,59260,101005,58406,142623,106450,66429,4135.95,3939,3229.98,10832.25,14259.18,23397.66,14771.25,7365.93,1811.94,13670.88294,10416.03641,11077.20459,10492.64157,42635.81243,15268.21586,23462.01365,29009.55461,20854.93236,98413.82794,185039.4611,86503.12943
1716,0,5707.76275,57878,31339,40655,56463,99371,55727,145016,109224,68545,4135.95,3939,3229.98,10832.25,14259.18,23397.66,14771.25,7365.93,1811.94,13670.88294,10416.03641,11077.20459,10492.64157,42635.81243,15268.21586,23462.01365,29009.55461,20854.93236,98413.82794,185039.4611,86503.12943
1717,0,5707.76275,60126,32734,39170,57400,101109,57031,142886,104489,65967,4135.95,3939,3229.98,10832.25,14259.18,23397.66,14771.25,7365.93,1811.94,13670.88294,10416.03641,11077.20459,10492.64157,42635.81243,15268.21586,23462.01365,29009.55461,20854.93236,98413.82794,185039.4611,86503.12943
1718,0,5707.76275,56791,30811,39757,55657,98148,54943,139605,102076,64749,4135.95,3939,3229.98,10832.25,14259.18,23397.66,14771.25,7365.93,1811.94,13670.88294,10416.03641,11077.20459,10492.64157,42635.81243,15268.21586,23462.01365,29009.55461,20854.93236,98413.82794,185039.4611,86503.12943
1719,0,5707.76275,59045,31139,39152,54532,97446,53859,140450,103389,65831,4135.95,3939,3229.98,10832.25,14259.18,23397.66,14771.25,7365.93,1811.94,13670.88294,10416.03641,11077.20459,10492.64157,42635.81243,15268.21586,23462.01365,29009.55461,20854.93236,98413.82794,185039.4611,86503.12943
1720,0,5707.76275,56850,29885,38202,54979,99397,54555,144168,106897,68485,4135.95,3939,3229.98,10832.25,14259.18,23397.66,14771.25,7365.93,1811.94,13670.88294,10416.03641,11077.20459,10492.64157,42635.81243,15268.21586,23462.01365,29009.55461,20854.93236,98413.82794,185039.4611,86503.12943
1721,0,5707.76275,56134,29528,38620,56409,102759,55878,147611,110778,71230,4135.95,3939,3229.98,10832.25,14259.18,23397.66,14771.25,7365.93,1811.94,13670.88294,10416.03641,11077.20459,10492.64157,42635.81243,15268.21586,23462.01365,29009.55461,20854.93236,98413.82794,185039.4611,86503.12943
1722,0,5707.76275,57491,30143,40024,57011,105006,56971,151303,112754,71283,4135.95,3939,3229.98,10832.25,14259.18,23397.66,14771.25,7365.93,1811.94,13670.88294,10416.03641,11077.20459,10492.64157,42635.81243,15268.21586,23462.01365,29009.55461,20854.93236,98413.82794,185039.4611,86503.12943
1723,0,5707.76275,59719,30960,41624,59042,106755,58265,149141,108883,68148,4135.95,3939,3229.98,10832.25,14259.18,23397.66,14771.25,7365.93,1811.94,13670.88294,10416.03641,11077.20459,10492.64157,42635.81243,15268.21586,23462.01365,29009.55461,20854.93236,98413.82794,185039.4611,86503.12943
1724,0,5707.76275,61289,31741,42574,57568,102656,56363,140005,102149,63720,4135.95,3939,3229.98,10832.25,14259.18,23397.66,14771.25,7365.93,1811.94,13670.88294,10416.03641,11077.20459,10492.64157,42635.81243,15268.21586,23462.01365,29009.55461,20854.93236,98413.82794,185039.4611,86503.12943
1725,0,5707.76275,62636,31154,42109,53755,96274,52549,131112,98104,61437,4135.95,3939,3229.98,10832.25,14259.18,23397.66,14771.25,7365.93,1811.94,13670.88294,10416.03641,11077.20459,10492.64157,42635.81243,15268.21586,23462.01365,29009.55461,20854.93236,98413.82794,185039.4611,86503.12943
1726,0,5707.76275,59575,29654,39702,50517,91164,50032,121896,92087,57395,4135.95,3939,3229.98,10832.25,14259.18,23397.66,14771.25,7365.93,1811.94,13670.88294,10416.03641,11077.20459,10492.64157,42635.81243,15268.21586,23462.01365,29009.55461,20854.93236,98413.82794,185039.4611,86503.12943
1727,0,5707.76275,54470,27837,37361,46607,85285,47223,113686,87586,53845,4135.95,3939,3229.98,10832.25,14259.18,23397.66,14771.25,7365.93,1811.94,13670.88294,10416.03641,11077.20459,10492.64157,42635.81243,15268.21586,23462.01365,29009.55461,20854.93236,98413.82794,185039.4611,86503.12943
1728,0,5707.76275,50604,26503,34814,43995,82247,45330,111026,87192,50336,4135.95,3939,3229.98,10832.25,14259.18,23397.66,14771.25,7365.93,1811.94,13670.88294,10416.03641,11077.20459,10492.64157,42635.81243,15268.21586,23462.01365,29009.55461,20854.93236,98413.82794,185039.4611,86503.12943
1729,0,5707.76275,46197,25144,32710,46185,84394,48400,111924,86567,49542,4135.95,3939,3229.98,10832.25,14259.18,23397.66,14771.25,7365.93,1811.94,13670.88294,10416.03641,11077.20459,10492.64157,42635.81243,15268.21586,23462.01365,29009.55461,20854.93236,98413.82794,185039.4611,86503.12943
1730,0,5707.76275,43155,25125,32954,46068,83319,48684,113142,87255,49247,4135.95,3939,3229.98,10832.25,14259.18,23397.66,14771.25,7365.93,1811.94,13670.88294,10416.03641,11077.20459,10492.64157,42635.81243,15268.21586,23462.01365,29009.55461,20854.93236,98413.82794,185039.4611,86503.12943
1731,0,5707.76275,42504,26433,32900,46851,83511,49538,115644,88666,49804,4135.95,3939,3229.98,10832.25,14259.18,23397.66,14771.25,7365.93,1811.94,13670.88294,10416.03641,11077.20459,10492.64157,42635.81243,15268.21586,23462.01365,29009.55461,20854.93236,98413.82794,185039.4611,86503.12943
1732,0,5707.76275,43383,26683,33093,47855,84228,50327,119042,90742,50769,4135.95,3939,3229.98,10832.25,14259.18,23397.66,14771.25,7365.93,1811.94,13670.88294,10416.03641,11077.20459,10492.64157,42635.81243,15268.21586,23462.01365,29009.55461,20854.93236,98413.82794,185039.4611,86503.12943
1733,0,5707.76275,45344,27343,33738,49399,87225,51602,128683,99893,56181,4135.95,3939,3229.98,10832.25,14259.18,23397.66,14771.25,7365.93,1811.94,13670.88294,10416.03641,11077.20459,10492.64157,42635.81243,15268.21586,23462.01365,29009.55461,20854.93236,98413.82794,185039.4611,86503.12943
1734,0,5707.76275,47654,28075,34693,54186,98734,56280,158718,129677,75071,4135.95,3939,3229.98,10832.25,14259.18,23397.66,14771.25,7365.93,1811.94,13670.88294,10416.03641,11077.20459,10492.64157,42635.81243,15268.21586,23462.01365,29009.55461,20854.93236,98413.82794,185039.4611,86503.12943
1735,0,5707.76275,50360,29404,37587,66711,116943,69614,175884,136971,81707,4135.95,3939,3229.98,10832.25,14259.18,23397.66,14771.25,7365.93,1811.94,13670.88294,10416.03641,11077.20459,10492.64157,42635.81243,15268.21586,23462.01365,29009.55461,20854.93236,98413.82794,185039.4611,86503.12943
1736,0,5707.76275,58127,33239,48081,73135,127431,74695,178210,135458,79733,4135.95,3939,3229.98,10832.25,14259.18,23397.66,14771.25,7365.93,1811.94,13670.88294,10416.03641,11077.20459,10492.64157,42635.81243,15268.21586,23462.01365,29009.55461,20854.93236,98413.82794,185039.4611,86503.12943
1737,0,5707.76275,80470,41214,52810,74483,128867,75246,170573,127500,74310,4135.95,3939,3229.98,10832.25,14259.18,23397.66,14771.25,7365.93,1811.94,13670.88294,10416.03641,11077.20459,10492.64157,42635.81243,15268.21586,23462.01365,29009.55461,20854.93236,98413.82794,185039.4611,86503.12943
1738,0,5707.76275,83578,42443,53387,71936,126480,71698,167830,128539,74468,4135.95,3939,3229.98,10832.25,14259.18,23397.66,14771.25,7365.93,1811.94,13670.88294,10416.03641,11077.20459,10492.64157,42635.81243,15268.21586,23462.01365,29009.55461,20854.93236,98413.82794,185039.4611,86503.12943
1739,0,5707.76275,79261,42468,50975,72598,127588,72132,164392,123493,71188,4135.95,3939,3229.98,10832.25,14259.18,23397.66,14771.25,7365.93,1811.94,13670.88294,10416.03641,11077.20459,10492.64157,42635.81243,15268.21586,23462.01365,29009.55461,20854.93236,98413.82794,185039.4611,86503.12943
1740,0,5707.76275,72195,41268,50551,72371,126927,70553,163097,122308,70902,4135.95,3939,3229.98,10832.25,14259.18,23397.66,14771.25,7365.93,1811.94,13670.88294,10416.03641,11077.20459,10492.64157,42635.81243,15268.21586,23462.01365,29009.55461,20854.93236,98413.82794,185039.4611,86503.12943
1741,0,5707.76275,72466,41899,48815,72764,127144,70656,159306,117808,68189,4135.95,3939,3229.98,10832.25,14259.18,23397.66,14771.25,7365.93,1811.94,13670.88294,10416.03641,11077.20459,10492.64157,42635.81243,15268.21586,23462.01365,29009.55461,20854.93236,98413.82794,185039.4611,86503.12943
1742,0,5707.76275,69058,40008,48700,71829,124946,69036,156642,115842,67200,4135.95,3939,3229.98,10832.25,14259.18,23397.66,14771.25,7365.93,1811.94,13670.88294,10416.03641,11077.20459,10492.64157,42635.81243,15268.21586,23462.01365,29009.55461,20854.93236,98413.82794,185039.4611,86503.12943
1743,0,5707.76275,68976,39673,47624,71700,125690,68591,161803,120658,70090,4135.95,3939,3229.98,10832.25,14259.18,23397.66,14771.25,7365.93,1811.94,13670.88294,10416.03641,11077.20459,10492.64157,42635.81243,15268.21586,23462.01365,29009.55461,20854.93236,98413.82794,185039.4611,86503.12943
1744,0,5707.76275,66649,38452,47005,73901,131250,70899,173136,129554,76161,4135.95,3939,3229.98,10832.25,14259.18,23397.66,14771.25,7365.93,1811.94,13670.88294,10416.03641,11077.20459,10492.64157,42635.81243,15268.21586,23462.01365,29009.55461,20854.93236,98413.82794,185039.4611,86503.12943
1745,0,5707.76275,66765,38278,48704,77628,139431,74744,188608,141474,84147,4135.95,3939,3229.98,10832.25,14259.18,23397.66,14771.25,7365.93,1811.94,13670.88294,10416.03641,11077.20459,10492.64157,42635.81243,15268.21586,23462.01365,29009.55461,20854.93236,98413.82794,185039.4611,86503.12943
1746,0,5707.76275,70957,39916,52302,82217,143630,79640,181634,128717,76697,4135.95,3939,3229.98,10832.25,14259.18,23397.66,14771.25,7365.93,1811.94,13670.88294,10416.03641,11077.20459,10492.64157,42635.81243,15268.21586,23462.01365,29009.55461,20854.93236,98413.82794,185039.4611,86503.12943
1747,0,5707.76275,77504,42446,57605,77359,131010,73568,157473,111718,67399,4135.95,3939,3229.98,10832.25,14259.18,23397.66,14771.25,7365.93,1811.94,13670.88294,10416.03641,11077.20459,10492.64157,42635.81243,15268.21586,23462.01365,29009.55461,20854.93236,98413.82794,185039.4611,86503.12943
1748,0,5707.76275,83913,44167,55429,67860,117431,64506,142490,106256,64200,4135.95,3939,3229.98,10832.25,14259.18,23397.66,14771.25,7365.93,1811.94,13670.88294,10416.03641,11077.20459,10492.64157,42635.81243,15268.21586,23462.01365,29009.55461,20854.93236,98413.82794,185039.4611,86503.12943
1749,0,5707.76275,74301,39344,49368,63424,110700,61146,132256,96400,55823,4135.95,3939,3229.98,10832.25,14259.18,23397.66,14771.25,7365.93,1811.94,13670.88294,10416.03641,11077.20459,10492.64157,42635.81243,15268.21586,23462.01365,29009.55461,20854.93236,98413.82794,185039.4611,86503.12943
1750,0,5707.76275,63163,35283,45556,59463,103032,57185,121992,89253,51108,4135.95,3939,3229.98,10832.25,14259.18,23397.66,14771.25,7365.93,1811.94,13670.88294,10416.03641,11077.20459,10492.64157,42635.81243,15268.21586,23462.01365,29009.55461,20854.93236,98413.82794,185039.4611,86503.12943
1751,0,5707.76275,59834,33572,41984,54816,96052,53079,113150,84055,47992,4135.95,3939,3229.98,10832.25,14259.18,23397.66,14771.25,7365.93,1811.94,13670.88294,10416.03641,11077.20459,10492.64157,42635.81243,15268.21586,23462.01365,29009.55461,20854.93236,98413.82794,185039.4611,86503.12943
1752,0,5707.76275,52248,30901,39053,50663,90556,50170,106353,80199,45822,4135.95,3939,3229.98,10832.25,14259.18,23397.66,14771.25,7365.93,1811.94,13670.88294,10416.03641,11077.20459,10492.64157,42635.81243,15268.21586,23462.01365,29009.55461,20854.93236,98413.82794,185039.4611,86503.12943
1753,0,5707.76275,47444,29115,36733,48690,85890,47159,102698,79327,44984,4135.95,3939,3229.98,10832.25,14259.18,23397.66,14771.25,7365.93,1811.94,13670.88294,10416.03641,11077.20459,10492.64157,42635.81243,15268.21586,23462.01365,29009.55461,20854.93236,98413.82794,185039.4611,86503.12943
1754,0,5707.76275,44582,27919,34760,48635,84733,46937,103055,79636,44707,4135.95,3939,3229.98,10832.25,14259.18,23397.66,14771.25,7365.93,1811.94,13670.88294,10416.03641,11077.20459,10492.64157,42635.81243,15268.21586,23462.01365,29009.55461,20854.93236,98413.82794,185039.4611,86503.12943
1755,0,5707.76275,41881,26858,33991,49763,84995,47480,104990,81010,45216,4135.95,3939,3229.98,10832.25,14259.18,23397.66,14771.25,7365.93,1811.94,13670.88294,10416.03641,11077.20459,10492.64157,42635.81243,15268.21586,23462.01365,29009.55461,20854.93236,98413.82794,185039.4611,86503.12943
1756,0,5707.76275,43032,27124,34090,51112,85828,48195,107975,83059,46189,4135.95,3939,3229.98,10832.25,14259.18,23397.66,14771.25,7365.93,1811.94,13670.88294,10416.03641,11077.20459,10492.64157,42635.81243,15268.21586,23462.01365,29009.55461,20854.93236,98413.82794,185039.4611,86503.12943
1757,0,5707.76275,44955,27720,34628,52901,88905,49319,116831,91668,51492,4135.95,3939,3229.98,10832.25,14259.18,23397.66,14771.25,7365.93,1811.94,13670.88294,10416.03641,11077.20459,10492.64157,42635.81243,15268.21586,23462.01365,29009.55461,20854.93236,98413.82794,185039.4611,86503.12943
1758,0,5707.76275,47155,28438,35541,58004,100117,53779,143714,116218,66616,4135.95,3939,3229.98,10832.25,14259.18,23397.66,14771.25,7365.93,1811.94,13670.88294,10416.03641,11077.20459,10492.64157,42635.81243,15268.21586,23462.01365,29009.55461,20854.93236,98413.82794,185039.4611,86503.12943
1759,0,5707.76275,49861,29757,38387,73396,117940,65871,160113,126557,73130,4135.95,3939,3229.98,10832.25,14259.18,23397.66,14771.25,7365.93,1811.94,13670.88294,10416.03641,11077.20459,10492.64157,42635.81243,15268.21586,23462.01365,29009.55461,20854.93236,98413.82794,185039.4611,86503.12943
1760,0,5707.76275,57409,33518,48211,79017,128825,71822,165304,127173,72771,4135.95,3939,3229.98,10832.25,14259.18,23397.66,14771.25,7365.93,1811.94,13670.88294,10416.03641,11077.20459,10492.64157,42635.81243,15268.21586,23462.01365,29009.55461,20854.93236,98413.82794,185039.4611,86503.12943
1761,0,5707.76275,76993,41254,53258,80826,130464,73309,159850,119385,68152,4135.95,3939,3229.98,10832.25,14259.18,23397.66,14771.25,7365.93,1811.94,13670.88294,10416.03641,11077.20459,10492.64157,42635.81243,15268.21586,23462.01365,29009.55461,20854.93236,98413.82794,185039.4611,86503.12943
1762,0,5707.76275,81462,42423,53623,78758,128068,70943,159308,120704,69362,4135.95,3939,3229.98,10832.25,14259.18,23397.66,14771.25,7365.93,1811.94,13670.88294,10416.03641,11077.20459,10492.64157,42635.81243,15268.21586,23462.01365,29009.55461,20854.93236,98413.82794,185039.4611,86503.12943
1763,0,5707.76275,76210,42424,51076,79540,129114,71835,158288,116973,66804,4135.95,3939,3229.98,10832.25,14259.18,23397.66,14771.25,7365.93,1811.94,13670.88294,10416.03641,11077.20459,10492.64157,42635.81243,15268.21586,23462.01365,29009.55461,20854.93236,98413.82794,185039.4611,86503.12943
1764,0,5707.76275,69730,41091,50471,77820,128499,70920,159322,116751,66551,4135.95,3939,3229.98,10832.25,14259.18,23397.66,14771.25,7365.93,1811.94,13670.88294,10416.03641,11077.20459,10492.64157,42635.81243,15268.21586,23462.01365,29009.55461,20854.93236,98413.82794,185039.4611,86503.12943
1765,0,5707.76275,69934,41784,48659,77713,128622,71263,157594,112821,64076,4135.95,3939,3229.98,10832.25,14259.18,23397.66,14771.25,7365.93,1811.94,13670.88294,10416.03641,11077.20459,10492.64157,42635.81243,15268.21586,23462.01365,29009.55461,20854.93236,98413.82794,185039.4611,86503.12943
1766,0,5707.76275,67116,39769,48392,75815,126294,69819,157168,111746,63386,4135.95,3939,3229.98,10832.25,14259.18,23397.66,14771.25,7365.93,1811.94,13670.88294,10416.03641,11077.20459,10492.64157,42635.81243,15268.21586,23462.01365,29009.55461,20854.93236,98413.82794,185039.4611,86503.12943
1767,0,5707.76275,67252,39377,47184,74899,127103,69322,163173,116787,66500,4135.95,3939,3229.98,10832.25,14259.18,23397.66,14771.25,7365.93,1811.94,13670.88294,10416.03641,11077.20459,10492.64157,42635.81243,15268.21586,23462.01365,29009.55461,20854.93236,98413.82794,185039.4611,86503.12943
1768,0,5707.76275,65421,38153,46365,76786,132677,71676,174748,125360,72173,4135.95,3939,3229.98,10832.25,14259.18,23397.66,14771.25,7365.93,1811.94,13670.88294,10416.03641,11077.20459,10492.64157,42635.81243,15268.21586,23462.01365,29009.55461,20854.93236,98413.82794,185039.4611,86503.12943
1769,0,5707.76275,65897,38043,48009,80148,141096,75509,189265,136200,79238,4135.95,3939,3229.98,10832.25,14259.18,23397.66,14771.25,7365.93,1811.94,13670.88294,10416.03641,11077.20459,10492.64157,42635.81243,15268.21586,23462.01365,29009.55461,20854.93236,98413.82794,185039.4611,86503.12943
1770,0,5707.76275,70178,39702,51509,85735,145448,80592,182215,124329,71855,4135.95,3939,3229.98,10832.25,14259.18,23397.66,14771.25,7365.93,1811.94,13670.88294,10416.03641,11077.20459,10492.64157,42635.81243,15268.21586,23462.01365,29009.55461,20854.93236,98413.82794,185039.4611,86503.12943
1771,0,5707.76275,76648,42245,56875,80395,132845,74362,157405,107031,62364,4135.95,3939,3229.98,10832.25,14259.18,23397.66,14771.25,7365.93,1811.94,13670.88294,10416.03641,11077.20459,10492.64157,42635.81243,15268.21586,23462.01365,29009.55461,20854.93236,98413.82794,185039.4611,86503.12943
1772,0,5707.76275,82829,43947,54874,71180,119079,65410,141281,101141,58952,4135.95,3939,3229.98,10832.25,14259.18,23397.66,14771.25,7365.93,1811.94,13670.88294,10416.03641,11077.20459,10492.64157,42635.81243,15268.21586,23462.01365,29009.55461,20854.93236,98413.82794,185039.4611,86503.12943
1773,0,5707.76275,73504,39252,48792,67240,112448,62168,129945,92071,51793,4135.95,3939,3229.98,10832.25,14259.18,23397.66,14771.25,7365.93,1811.94,13670.88294,10416.03641,11077.20459,10492.64157,42635.81243,15268.21586,23462.01365,29009.55461,20854.93236,98413.82794,185039.4611,86503.12943
1774,0,5707.76275,62216,35201,45088,62947,104575,58216,117894,84405,47189,4135.95,3939,3229.98,10832.25,14259.18,23397.66,14771.25,7365.93,1811.94,13670.88294,10416.03641,11077.20459,10492.64157,42635.81243,15268.21586,23462.01365,29009.55461,20854.93236,98413.82794,185039.4611,86503.12943
1775,0,5707.76275,58781,33441,41736,59190,97480,54352,107060,78630,44062,4135.95,3939,3229.98,10832.25,14259.18,23397.66,14771.25,7365.93,1811.94,13670.88294,10416.03641,11077.20459,10492.64157,42635.81243,15268.21586,23462.01365,29009.55461,20854.93236,98413.82794,185039.4611,86503.12943
1776,0,5707.76275,52069,30822,38804,56003,91016,51092,94844,69536,40344,4135.95,3939,3229.98,10832.25,14259.18,23397.66,14771.25,7365.93,1811.94,13670.88294,10416.03641,11077.20459,10492.64157,42635.81243,15268.21586,23462.01365,29009.55461,20854.93236,98413.82794,185039.4611,86503.12943
1777,0,5707.76275,46909,29068,36539,54176,84949,47820,90203,68319,39526,4135.95,3939,3229.98,10832.25,14259.18,23397.66,14771.25,7365.93,1811.94,13670.88294,10416.03641,11077.20459,10492.64157,42635.81243,15268.21586,23462.01365,29009.55461,20854.93236,98413.82794,185039.4611,86503.12943
1778,0,5707.76275,43460,27795,35072,54834,83657,47512,89384,68166,39259,4135.95,3939,3229.98,10832.25,14259.18,23397.66,14771.25,7365.93,1811.94,13670.88294,10416.03641,11077.20459,10492.64157,42635.81243,15268.21586,23462.01365,29009.55461,20854.93236,98413.82794,185039.4611,86503.12943
1779,0,5707.76275,41632,27261,34339,56490,83666,48068,90490,69323,39947,4135.95,3939,3229.98,10832.25,14259.18,23397.66,14771.25,7365.93,1811.94,13670.88294,10416.03641,11077.20459,10492.64157,42635.81243,15268.21586,23462.01365,29009.55461,20854.93236,98413.82794,185039.4611,86503.12943
1780,0,5707.76275,42512,27579,34458,57882,84330,48812,92718,71066,40982,4135.95,3939,3229.98,10832.25,14259.18,23397.66,14771.25,7365.93,1811.94,13670.88294,10416.03641,11077.20459,10492.64157,42635.81243,15268.21586,23462.01365,29009.55461,20854.93236,98413.82794,185039.4611,86503.12943
1781,0,5707.76275,44405,28214,35026,59890,87168,49983,100963,79122,45848,4135.95,3939,3229.98,10832.25,14259.18,23397.66,14771.25,7365.93,1811.94,13670.88294,10416.03641,11077.20459,10492.64157,42635.81243,15268.21586,23462.01365,29009.55461,20854.93236,98413.82794,185039.4611,86503.12943
1782,0,5707.76275,46516,28960,36009,65503,98080,54522,123630,100271,59301,4135.95,3939,3229.98,10832.25,14259.18,23397.66,14771.25,7365.93,1811.94,13670.88294,10416.03641,11077.20459,10492.64157,42635.81243,15268.21586,23462.01365,29009.55461,20854.93236,98413.82794,185039.4611,86503.12943
1783,0,5707.76275,49286,30378,38961,83963,115532,67179,142904,111876,66018,4135.95,3939,3229.98,10832.25,14259.18,23397.66,14771.25,7365.93,1811.94,13670.88294,10416.03641,11077.20459,10492.64157,42635.81243,15268.21586,23462.01365,29009.55461,20854.93236,98413.82794,185039.4611,86503.12943
1784,0,5707.76275,56834,34227,48894,88410,126706,73515,151431,114247,66126,4135.95,3939,3229.98,10832.25,14259.18,23397.66,14771.25,7365.93,1811.94,13670.88294,10416.03641,11077.20459,10492.64157,42635.81243,15268.21586,23462.01365,29009.55461,20854.93236,98413.82794,185039.4611,86503.12943
1785,0,5707.76275,75278,41966,54055,88183,128394,75394,149563,109052,61911,4135.95,3939,3229.98,10832.25,14259.18,23397.66,14771.25,7365.93,1811.94,13670.88294,10416.03641,11077.20459,10492.64157,42635.81243,15268.21586,23462.01365,29009.55461,20854.93236,98413.82794,185039.4611,86503.12943
1786,0,5707.76275,80696,43367,54315,84515,126218,73145,150802,111202,63001,4135.95,3939,3229.98,10832.25,14259.18,23397.66,14771.25,7365.93,1811.94,13670.88294,10416.03641,11077.20459,10492.64157,42635.81243,15268.21586,23462.01365,29009.55461,20854.93236,98413.82794,185039.4611,86503.12943
1787,0,5707.76275,76561,43568,51607,84198,127349,74225,153359,109918,61405,4135.95,3939,3229.98,10832.25,14259.18,23397.66,14771.25,7365.93,1811.94,13670.88294,10416.03641,11077.20459,10492.64157,42635.81243,15268.21586,23462.01365,29009.55461,20854.93236,98413.82794,185039.4611,86503.12943
1788,0,5707.76275,69987,42180,51087,80635,126891,72977,156488,110528,61379,4135.95,3939,3229.98,10832.25,14259.18,23397.66,14771.25,7365.93,1811.94,13670.88294,10416.03641,11077.20459,10492.64157,42635.81243,15268.21586,23462.01365,29009.55461,20854.93236,98413.82794,185039.4611,86503.12943
1789,0,5707.76275,70446,42858,49204,79586,127007,73149,156456,107371,59435,4135.95,3939,3229.98,10832.25,14259.18,23397.66,14771.25,7365.93,1811.94,13670.88294,10416.03641,11077.20459,10492.64157,42635.81243,15268.21586,23462.01365,29009.55461,20854.93236,98413.82794,185039.4611,86503.12943
1790,0,5707.76275,67584,40693,48913,76923,125057,71446,156793,107286,59224,4135.95,3939,3229.98,10832.25,14259.18,23397.66,14771.25,7365.93,1811.94,13670.88294,10416.03641,11077.20459,10492.64157,42635.81243,15268.21586,23462.01365,29009.55461,20854.93236,98413.82794,185039.4611,86503.12943
1791,0,5707.76275,67803,40280,47705,75303,125989,70778,163217,112531,62504,4135.95,3939,3229.98,10832.25,14259.18,23397.66,14771.25,7365.93,1811.94,13670.88294,10416.03641,11077.20459,10492.64157,42635.81243,15268.21586,23462.01365,29009.55461,20854.93236,98413.82794,185039.4611,86503.12943
1792,0,5707.76275,65714,39189,46875,76974,131577,73031,174877,120788,68015,4135.95,3939,3229.98,10832.25,14259.18,23397.66,14771.25,7365.93,1811.94,13670.88294,10416.03641,11077.20459,10492.64157,42635.81243,15268.21586,23462.01365,29009.55461,20854.93236,98413.82794,185039.4611,86503.12943
1793,0,5707.76275,66056,39138,48577,80471,139987,76733,188731,130424,74309,4135.95,3939,3229.98,10832.25,14259.18,23397.66,14771.25,7365.93,1811.94,13670.88294,10416.03641,11077.20459,10492.64157,42635.81243,15268.21586,23462.01365,29009.55461,20854.93236,98413.82794,185039.4611,86503.12943
1794,0,5707.76275,70410,40839,52127,86324,144378,81991,182445,119703,67446,4135.95,3939,3229.98,10832.25,14259.18,23397.66,14771.25,7365.93,1811.94,13670.88294,10416.03641,11077.20459,10492.64157,42635.81243,15268.21586,23462.01365,29009.55461,20854.93236,98413.82794,185039.4611,86503.12943
1795,0,5707.76275,76941,43427,57544,80509,131782,75592,157402,101835,57448,4135.95,3939,3229.98,10832.25,14259.18,23397.66,14771.25,7365.93,1811.94,13670.88294,10416.03641,11077.20459,10492.64157,42635.81243,15268.21586,23462.01365,29009.55461,20854.93236,98413.82794,185039.4611,86503.12943
1796,0,5707.76275,83349,45265,55419,71348,118073,66890,140905,95264,53778,4135.95,3939,3229.98,10832.25,14259.18,23397.66,14771.25,7365.93,1811.94,13670.88294,10416.03641,11077.20459,10492.64157,42635.81243,15268.21586,23462.01365,29009.55461,20854.93236,98413.82794,185039.4611,86503.12943
1797,0,5707.76275,73884,40330,49399,67750,111694,63828,129841,87384,47855,4135.95,3939,3229.98,10832.25,14259.18,23397.66,14771.25,7365.93,1811.94,13670.88294,10416.03641,11077.20459,10492.64157,42635.81243,15268.21586,23462.01365,29009.55461,20854.93236,98413.82794,185039.4611,86503.12943
1798,0,5707.76275,62802,36300,45728,63777,103898,59620,117135,78767,43124,4135.95,3939,3229.98,10832.25,14259.18,23397.66,14771.25,7365.93,1811.94,13670.88294,10416.03641,11077.20459,10492.64157,42635.81243,15268.21586,23462.01365,29009.55461,20854.93236,98413.82794,185039.4611,86503.12943
1799,0,5707.76275,59596,34611,42322,60475,96926,56100,104992,71784,39526,4135.95,3939,3229.98,10832.25,14259.18,23397.66,14771.25,7365.93,1811.94,13670.88294,10416.03641,11077.20459,10492.64157,42635.81243,15268.21586,23462.01365,29009.55461,20854.93236,98413.82794,185039.4611,86503.12943
1800,0,5707.76275,52426,31825,39436,58293,90649,53255,93091,64498,35205,4135.95,3939,3229.98,10832.25,14259.18,23397.66,14771.25,7365.93,1811.94,13670.88294,10416.03641,11077.20459,10492.64157,42635.81243,15268.21586,23462.01365,29009.55461,20854.93236,98413.82794,185039.4611,86503.12943
1801,0,5707.76275,47668,30124,37209,56093,85008,50965,87067,62954,34241,4135.95,3939,3229.98,10832.25,14259.18,23397.66,14771.25,7365.93,1811.94,13670.88294,10416.03641,11077.20459,10492.64157,42635.81243,15268.21586,23462.01365,29009.55461,20854.93236,98413.82794,185039.4611,86503.12943
1802,0,5707.76275,44720,29130,35020,56708,83861,50785,85207,62979,33892,4135.95,3939,3229.98,10832.25,14259.18,23397.66,14771.25,7365.93,1811.94,13670.88294,10416.03641,11077.20459,10492.64157,42635.81243,15268.21586,23462.01365,29009.55461,20854.93236,98413.82794,185039.4611,86503.12943
1803,0,5707.76275,42557,29854,34373,58495,84044,51336,85714,64390,34545,4135.95,3939,3229.98,10832.25,14259.18,23397.66,14771.25,7365.93,1811.94,13670.88294,10416.03641,11077.20459,10492.64157,42635.81243,15268.21586,23462.01365,29009.55461,20854.93236,98413.82794,185039.4611,86503.12943
1804,0,5707.76275,43517,30202,34541,60029,84691,52000,87404,66528,35477,4135.95,3939,3229.98,10832.25,14259.18,23397.66,14771.25,7365.93,1811.94,13670.88294,10416.03641,11077.20459,10492.64157,42635.81243,15268.21586,23462.01365,29009.55461,20854.93236,98413.82794,185039.4611,86503.12943
1805,0,5707.76275,45592,30917,35197,61693,87504,53093,95202,74734,40106,4135.95,3939,3229.98,10832.25,14259.18,23397.66,14771.25,7365.93,1811.94,13670.88294,10416.03641,11077.20459,10492.64157,42635.81243,15268.21586,23462.01365,29009.55461,20854.93236,98413.82794,185039.4611,86503.12943
1806,0,5707.76275,47946,31755,36199,66711,98557,57658,116517,95993,52499,4135.95,3939,3229.98,10832.25,14259.18,23397.66,14771.25,7365.93,1811.94,13670.88294,10416.03641,11077.20459,10492.64157,42635.81243,15268.21586,23462.01365,29009.55461,20854.93236,98413.82794,185039.4611,86503.12943
1807,0,5707.76275,50753,33141,39207,84878,116897,71019,137955,107892,59652,4135.95,3939,3229.98,10832.25,14259.18,23397.66,14771.25,7365.93,1811.94,13670.88294,10416.03641,11077.20459,10492.64157,42635.81243,15268.21586,23462.01365,29009.55461,20854.93236,98413.82794,185039.4611,86503.12943
1808,0,5707.76275,58482,37092,50116,87950,128979,77103,148850,111019,60763,4135.95,3939,3229.98,10832.25,14259.18,23397.66,14771.25,7365.93,1811.94,13670.88294,10416.03641,11077.20459,10492.64157,42635.81243,15268.21586,23462.01365,29009.55461,20854.93236,98413.82794,185039.4611,86503.12943
1809,0,5707.76275,78407,45135,54650,87243,131636,78536,149059,106699,57746,4135.95,3939,3229.98,10832.25,14259.18,23397.66,14771.25,7365.93,1811.94,13670.88294,10416.03641,11077.20459,10492.64157,42635.81243,15268.21586,23462.01365,29009.55461,20854.93236,98413.82794,185039.4611,86503.12943
1810,0,5707.76275,83314,46570,55412,82821,129825,75981,151429,109653,59014,4135.95,3939,3229.98,10832.25,14259.18,23397.66,14771.25,7365.93,1811.94,13670.88294,10416.03641,11077.20459,10492.64157,42635.81243,15268.21586,23462.01365,29009.55461,20854.93236,98413.82794,185039.4611,86503.12943
1811,0,5707.76275,78884,46272,52994,82555,131109,76934,155808,109200,58421,4135.95,3939,3229.98,10832.25,14259.18,23397.66,14771.25,7365.93,1811.94,13670.88294,10416.03641,11077.20459,10492.64157,42635.81243,15268.21586,23462.01365,29009.55461,20854.93236,98413.82794,185039.4611,86503.12943
1812,0,5707.76275,71921,44737,52528,79319,130726,75508,159399,110291,58878,4135.95,3939,3229.98,10832.25,14259.18,23397.66,14771.25,7365.93,1811.94,13670.88294,10416.03641,11077.20459,10492.64157,42635.81243,15268.21586,23462.01365,29009.55461,20854.93236,98413.82794,185039.4611,86503.12943
1813,0,5707.76275,72400,45342,50670,78256,130955,75642,159698,107395,57126,4135.95,3939,3229.98,10832.25,14259.18,23397.66,14771.25,7365.93,1811.94,13670.88294,10416.03641,11077.20459,10492.64157,42635.81243,15268.21586,23462.01365,29009.55461,20854.93236,98413.82794,185039.4611,86503.12943
1814,0,5707.76275,68796,42859,50439,75653,128832,73840,160263,107540,57221,4135.95,3939,3229.98,10832.25,14259.18,23397.66,14771.25,7365.93,1811.94,13670.88294,10416.03641,11077.20459,10492.64157,42635.81243,15268.21586,23462.01365,29009.55461,20854.93236,98413.82794,185039.4611,86503.12943
1815,0,5707.76275,68794,42313,49385,74273,129709,73187,166684,112940,60553,4135.95,3939,3229.98,10832.25,14259.18,23397.66,14771.25,7365.93,1811.94,13670.88294,10416.03641,11077.20459,10492.64157,42635.81243,15268.21586,23462.01365,29009.55461,20854.93236,98413.82794,185039.4611,86503.12943
1816,0,5707.76275,66504,41040,48689,75991,135549,75546,178223,121193,66126,4135.95,3939,3229.98,10832.25,14259.18,23397.66,14771.25,7365.93,1811.94,13670.88294,10416.03641,11077.20459,10492.64157,42635.81243,15268.21586,23462.01365,29009.55461,20854.93236,98413.82794,185039.4611,86503.12943
1817,0,5707.76275,66684,40807,50339,79489,144129,79411,191870,131254,72450,4135.95,3939,3229.98,10832.25,14259.18,23397.66,14771.25,7365.93,1811.94,13670.88294,10416.03641,11077.20459,10492.64157,42635.81243,15268.21586,23462.01365,29009.55461,20854.93236,98413.82794,185039.4611,86503.12943
1818,0,5707.76275,70903,42457,53901,84760,148645,84819,185419,120201,66085,4135.95,3939,3229.98,10832.25,14259.18,23397.66,14771.25,7365.93,1811.94,13670.88294,10416.03641,11077.20459,10492.64157,42635.81243,15268.21586,23462.01365,29009.55461,20854.93236,98413.82794,185039.4611,86503.12943
1819,0,5707.76275,77412,45177,59409,79371,135999,78248,159855,102974,56148,4135.95,3939,3229.98,10832.25,14259.18,23397.66,14771.25,7365.93,1811.94,13670.88294,10416.03641,11077.20459,10492.64157,42635.81243,15268.21586,23462.01365,29009.55461,20854.93236,98413.82794,185039.4611,86503.12943
1820,0,5707.76275,83983,47304,57078,70468,122409,69578,143235,96940,52574,4135.95,3939,3229.98,10832.25,14259.18,23397.66,14771.25,7365.93,1811.94,13670.88294,10416.03641,11077.20459,10492.64157,42635.81243,15268.21586,23462.01365,29009.55461,20854.93236,98413.82794,185039.4611,86503.12943
1821,0,5707.76275,74259,42161,51261,66961,115901,66530,132093,88886,47129,4135.95,3939,3229.98,10832.25,14259.18,23397.66,14771.25,7365.93,1811.94,13670.88294,10416.03641,11077.20459,10492.64157,42635.81243,15268.21586,23462.01365,29009.55461,20854.93236,98413.82794,185039.4611,86503.12943
1822,0,5707.76275,63295,38325,47731,63206,107909,62187,119254,80749,42310,4135.95,3939,3229.98,10832.25,14259.18,23397.66,14771.25,7365.93,1811.94,13670.88294,10416.03641,11077.20459,10492.64157,42635.81243,15268.21586,23462.01365,29009.55461,20854.93236,98413.82794,185039.4611,86503.12943
1823,0,5707.76275,60076,36640,44069,59820,101020,58538,107156,74289,38626,4135.95,3939,3229.98,10832.25,14259.18,23397.66,14771.25,7365.93,1811.94,13670.88294,10416.03641,11077.20459,10492.64157,42635.81243,15268.21586,23462.01365,29009.55461,20854.93236,98413.82794,185039.4611,86503.12943
1824,0,5707.76275,52529,33735,41009,57619,95231,55755,95292,68586,35576,4135.95,3939,3229.98,10832.25,14259.18,23397.66,14771.25,7365.93,1811.94,13670.88294,10416.03641,11077.20459,10492.64157,42635.81243,15268.21586,23462.01365,29009.55461,20854.93236,98413.82794,185039.4611,86503.12943
1825,0,5707.76275,47892,32212,38944,56767,91065,53651,89586,67238,34666,4135.95,3939,3229.98,10832.25,14259.18,23397.66,14771.25,7365.93,1811.94,13670.88294,10416.03641,11077.20459,10492.64157,42635.81243,15268.21586,23462.01365,29009.55461,20854.93236,98413.82794,185039.4611,86503.12943
1826,0,5707.76275,45198,31090,38010,57762,89882,53555,87933,67381,34473,4135.95,3939,3229.98,10832.25,14259.18,23397.66,14771.25,7365.93,1811.94,13670.88294,10416.03641,11077.20459,10492.64157,42635.81243,15268.21586,23462.01365,29009.55461,20854.93236,98413.82794,185039.4611,86503.12943
1827,0,5707.76275,43166,29812,37052,59708,90113,54102,88430,69066,35328,4135.95,3939,3229.98,10832.25,14259.18,23397.66,14771.25,7365.93,1811.94,13670.88294,10416.03641,11077.20459,10492.64157,42635.81243,15268.21586,23462.01365,29009.55461,20854.93236,98413.82794,185039.4611,86503.12943
1828,0,5707.76275,44430,30187,37201,61736,90949,54833,90201,71267,36461,4135.95,3939,3229.98,10832.25,14259.18,23397.66,14771.25,7365.93,1811.94,13670.88294,10416.03641,11077.20459,10492.64157,42635.81243,15268.21586,23462.01365,29009.55461,20854.93236,98413.82794,185039.4611,86503.12943
1829,0,5707.76275,46489,30829,37737,64035,93950,55946,98069,79470,41263,4135.95,3939,3229.98,10832.25,14259.18,23397.66,14771.25,7365.93,1811.94,13670.88294,10416.03641,11077.20459,10492.64157,42635.81243,15268.21586,23462.01365,29009.55461,20854.93236,98413.82794,185039.4611,86503.12943
1830,0,5707.76275,48797,31546,38542,69487,105281,60591,119542,100863,53781,4135.95,3939,3229.98,10832.25,14259.18,23397.66,14771.25,7365.93,1811.94,13670.88294,10416.03641,11077.20459,10492.64157,42635.81243,15268.21586,23462.01365,29009.55461,20854.93236,98413.82794,185039.4611,86503.12943
1831,0,5707.76275,51622,32858,41594,89035,124475,75970,142005,113275,61678,4135.95,3939,3229.98,10832.25,14259.18,23397.66,14771.25,7365.93,1811.94,13670.88294,10416.03641,11077.20459,10492.64157,42635.81243,15268.21586,23462.01365,29009.55461,20854.93236,98413.82794,185039.4611,86503.12943
1832,0,5707.76275,59343,36753,53628,93072,136591,81828,153116,116750,63714,4135.95,3939,3229.98,10832.25,14259.18,23397.66,14771.25,7365.93,1811.94,13670.88294,10416.03641,11077.20459,10492.64157,42635.81243,15268.21586,23462.01365,29009.55461,20854.93236,98413.82794,185039.4611,86503.12943
1833,0,5707.76275,80925,44783,58912,92529,138592,81710,153486,112503,61326,4135.95,3939,3229.98,10832.25,14259.18,23397.66,14771.25,7365.93,1811.94,13670.88294,10416.03641,11077.20459,10492.64157,42635.81243,15268.21586,23462.01365,29009.55461,20854.93236,98413.82794,185039.4611,86503.12943
1834,0,5707.76275,84048,45879,59112,88888,136170,78461,155846,115342,63078,4135.95,3939,3229.98,10832.25,14259.18,23397.66,14771.25,7365.93,1811.94,13670.88294,10416.03641,11077.20459,10492.64157,42635.81243,15268.21586,23462.01365,29009.55461,20854.93236,98413.82794,185039.4611,86503.12943
1835,0,5707.76275,78625,45294,55624,89457,136771,79147,159136,114325,62654,4135.95,3939,3229.98,10832.25,14259.18,23397.66,14771.25,7365.93,1811.94,13670.88294,10416.03641,11077.20459,10492.64157,42635.81243,15268.21586,23462.01365,29009.55461,20854.93236,98413.82794,185039.4611,86503.12943
1836,0,5707.76275,71478,43675,54470,85779,135611,76866,161849,115618,63578,4135.95,3939,3229.98,10832.25,14259.18,23397.66,14771.25,7365.93,1811.94,13670.88294,10416.03641,11077.20459,10492.64157,42635.81243,15268.21586,23462.01365,29009.55461,20854.93236,98413.82794,185039.4611,86503.12943
1837,0,5707.76275,71412,44120,52007,85116,135317,76619,161394,112447,61949,4135.95,3939,3229.98,10832.25,14259.18,23397.66,14771.25,7365.93,1811.94,13670.88294,10416.03641,11077.20459,10492.64157,42635.81243,15268.21586,23462.01365,29009.55461,20854.93236,98413.82794,185039.4611,86503.12943
1838,0,5707.76275,67603,41600,51319,82516,132647,74308,161325,112298,62133,4135.95,3939,3229.98,10832.25,14259.18,23397.66,14771.25,7365.93,1811.94,13670.88294,10416.03641,11077.20459,10492.64157,42635.81243,15268.21586,23462.01365,29009.55461,20854.93236,98413.82794,185039.4611,86503.12943
1839,0,5707.76275,67589,40891,49648,80736,133166,73078,167488,117812,65910,4135.95,3939,3229.98,10832.25,14259.18,23397.66,14771.25,7365.93,1811.94,13670.88294,10416.03641,11077.20459,10492.64157,42635.81243,15268.21586,23462.01365,29009.55461,20854.93236,98413.82794,185039.4611,86503.12943
1840,0,5707.76275,65386,39526,48602,82332,138356,75079,178976,126345,71778,4135.95,3939,3229.98,10832.25,14259.18,23397.66,14771.25,7365.93,1811.94,13670.88294,10416.03641,11077.20459,10492.64157,42635.81243,15268.21586,23462.01365,29009.55461,20854.93236,98413.82794,185039.4611,86503.12943
1841,0,5707.76275,65676,39175,50198,85578,146945,78903,192978,137264,78700,4135.95,3939,3229.98,10832.25,14259.18,23397.66,14771.25,7365.93,1811.94,13670.88294,10416.03641,11077.20459,10492.64157,42635.81243,15268.21586,23462.01365,29009.55461,20854.93236,98413.82794,185039.4611,86503.12943
1842,0,5707.76275,69936,40807,54097,91861,151562,85069,186152,125438,71868,4135.95,3939,3229.98,10832.25,14259.18,23397.66,14771.25,7365.93,1811.94,13670.88294,10416.03641,11077.20459,10492.64157,42635.81243,15268.21586,23462.01365,29009.55461,20854.93236,98413.82794,185039.4611,86503.12943
1843,0,5707.76275,76621,43419,60128,84895,138432,78260,160755,108474,62454,4135.95,3939,3229.98,10832.25,14259.18,23397.66,14771.25,7365.93,1811.94,13670.88294,10416.03641,11077.20459,10492.64157,42635.81243,15268.21586,23462.01365,29009.55461,20854.93236,98413.82794,185039.4611,86503.12943
1844,0,5707.76275,83067,45293,57884,75957,124591,69893,144656,102974,59266,4135.95,3939,3229.98,10832.25,14259.18,23397.66,14771.25,7365.93,1811.94,13670.88294,10416.03641,11077.20459,10492.64157,42635.81243,15268.21586,23462.01365,29009.55461,20854.93236,98413.82794,185039.4611,86503.12943
1845,0,5707.76275,73599,40269,51888,72899,117748,67094,133773,94087,52778,4135.95,3939,3229.98,10832.25,14259.18,23397.66,14771.25,7365.93,1811.94,13670.88294,10416.03641,11077.20459,10492.64157,42635.81243,15268.21586,23462.01365,29009.55461,20854.93236,98413.82794,185039.4611,86503.12943
1846,0,5707.76275,62474,36312,48377,68847,109421,62741,121567,86976,48362,4135.95,3939,3229.98,10832.25,14259.18,23397.66,14771.25,7365.93,1811.94,13670.88294,10416.03641,11077.20459,10492.64157,42635.81243,15268.21586,23462.01365,29009.55461,20854.93236,98413.82794,185039.4611,86503.12943
1847,0,5707.76275,59234,34680,44553,65975,102558,59378,110649,81478,45256,4135.95,3939,3229.98,10832.25,14259.18,23397.66,14771.25,7365.93,1811.94,13670.88294,10416.03641,11077.20459,10492.64157,42635.81243,15268.21586,23462.01365,29009.55461,20854.93236,98413.82794,185039.4611,86503.12943
1848,0,5707.76275,51904,32095,41645,64291,94756,56964,96908,74598,45798,4135.95,3939,3229.98,10832.25,14259.18,23397.66,14771.25,7365.93,1811.94,13670.88294,10416.03641,11077.20459,10492.64157,42635.81243,15268.21586,23462.01365,29009.55461,20854.93236,98413.82794,185039.4611,86503.12943