Time_Index,natgas_fossil_CA,natgas_fossil_NW,natgas_fossil_SW,natgas_fossil_TX,natgas_fossil_NCEN,natgas_fossil_CEN,natgas_fossil_SE,natgas_fossil_MIDAT,natgas_fossil_NE,uranium_source,gasoline_fossil_global,jetfuel_fossil_global,diesel_fossil_global,ethane_global,ethane_high
1,19.47915458,18.18130007,16.02423696,13.32611082,16.58157275,14.13177481,16.18515678,18.03837278,21.07949687,2.490863989,69.57358456,70.56310587,92.81027464,24.6398787,1000000000
2,19.47915458,18.18130007,16.02423696,13.32611082,16.58157275,14.13177481,16.18515678,18.03837278,21.07949687,2.490863989,69.57358456,70.56310587,92.81027464,24.6398787,1000000000
3,19.47915458,18.18130007,16.02423696,13.32611082,16.58157275,14.13177481,16.18515678,18.03837278,21.07949687,2.490863989,69.57358456,70.56310587,92.81027464,24.6398787,1000000000
4,19.47915458,18.18130007,16.02423696,13.32611082,16.58157275,14.13177481,16.18515678,18.03837278,21.07949687,2.490863989,69.57358456,70.56310587,92.81027464,24.6398787,1000000000
5,19.47915458,18.18130007,16.02423696,13.32611082,16.58157275,14.13177481,16.18515678,18.03837278,21.07949687,2.490863989,69.57358456,70.56310587,92.81027464,24.6398787,1000000000
6,19.47915458,18.18130007,16.02423696,13.32611082,16.58157275,14.13177481,16.18515678,18.03837278,21.07949687,2.490863989,69.57358456,70.56310587,92.81027464,24.6398787,1000000000
7,19.47915458,18.18130007,16.02423696,13.32611082,16.58157275,14.13177481,16.18515678,18.03837278,21.07949687,2.490863989,69.57358456,70.56310587,92.81027464,24.6398787,1000000000
8,19.47915458,18.18130007,16.02423696,13.32611082,16.58157275,14.13177481,16.18515678,18.03837278,21.07949687,2.490863989,69.57358456,70.56310587,92.81027464,24.6398787,1000000000
9,19.47915458,18.18130007,16.02423696,13.32611082,16.58157275,14.13177481,16.18515678,18.03837278,21.07949687,2.490863989,69.57358456,70.56310587,92.81027464,24.6398787,1000000000
10,19.47915458,18.18130007,16.02423696,13.32611082,16.58157275,14.13177481,16.18515678,18.03837278,21.07949687,2.490863989,69.57358456,70.56310587,92.81027464,24.6398787,1000000000
11,19.47915458,18.18130007,16.02423696,13.32611082,16.58157275,14.13177481,16.18515678,18.03837278,21.07949687,2.490863989,69.57358456,70.56310587,92.81027464,24.6398787,1000000000
12,19.47915458,18.18130007,16.02423696,13.32611082,16.58157275,14.13177481,16.18515678,18.03837278,21.07949687,2.490863989,69.57358456,70.56310587,92.81027464,24.6398787,1000000000
13,19.47915458,18.18130007,16.02423696,13.32611082,16.58157275,14.13177481,16.18515678,18.03837278,21.07949687,2.490863989,69.57358456,70.56310587,92.81027464,24.6398787,1000000000
14,19.47915458,18.18130007,16.02423696,13.32611082,16.58157275,14.13177481,16.18515678,18.03837278,21.07949687,2.490863989,69.57358456,70.56310587,92.81027464,24.6398787,1000000000
15,19.47915458,18.18130007,16.02423696,13.32611082,16.58157275,14.13177481,16.18515678,18.03837278,21.07949687,2.490863989,69.57358456,70.56310587,92.81027464,24.6398787,1000000000
16,19.47915458,18.18130007,16.02423696,13.32611082,16.58157275,14.13177481,16.18515678,18.03837278,21.07949687,2.490863989,69.57358456,70.56310587,92.81027464,24.6398787,1000000000
17,19.47915458,18.18130007,16.02423696,13.32611082,16.58157275,14.13177481,16.18515678,18.03837278,21.07949687,2.490863989,69.57358456,70.56310587,92.81027464,24.6398787,1000000000
18,19.47915458,18.18130007,16.02423696,13.32611082,16.58157275,14.13177481,16.18515678,18.03837278,21.07949687,2.490863989,69.57358456,70.56310587,92.81027464,24.6398787,1000000000
19,19.47915458,18.18130007,16.02423696,13.32611082,16.58157275,14.13177481,16.18515678,18.03837278,21.07949687,2.490863989,69.57358456,70.56310587,92.81027464,24.6398787,1000000000
20,19.47915458,18.18130007,16.02423696,13.32611082,16.58157275,14.13177481,16.18515678,18.03837278,21.07949687,2.490863989,69.57358456,70.56310587,92.81027464,24.6398787,1000000000
21,19.47915458,18.18130007,16.02423696,13.32611082,16.58157275,14.13177481,16.18515678,18.03837278,21.07949687,2.490863989,69.57358456,70.56310587,92.81027464,24.6398787,1000000000
22,19.47915458,18.18130007,16.02423696,13.32611082,16.58157275,14.13177481,16.18515678,18.03837278,21.07949687,2.490863989,69.57358456,70.56310587,92.81027464,24.6398787,1000000000
23,19.47915458,18.18130007,16.02423696,13.32611082,16.58157275,14.13177481,16.18515678,18.03837278,21.07949687,2.490863989,69.57358456,70.56310587,92.81027464,24.6398787,1000000000
24,19.47915458,18.18130007,16.02423696,13.32611082,16.58157275,14.13177481,16.18515678,18.03837278,21.07949687,2.490863989,69.57358456,70.56310587,92.81027464,24.6398787,1000000000
25,19.47915458,18.18130007,16.02423696,13.32611082,16.58157275,14.13177481,16.18515678,18.03837278,21.07949687,2.490863989,69.57358456,70.56310587,92.81027464,24.6398787,1000000000
26,19.47915458,18.18130007,16.02423696,13.32611082,16.58157275,14.13177481,16.18515678,18.03837278,21.07949687,2.490863989,69.57358456,70.56310587,92.81027464,24.6398787,1000000000
27,19.47915458,18.18130007,16.02423696,13.32611082,16.58157275,14.13177481,16.18515678,18.03837278,21.07949687,2.490863989,69.57358456,70.56310587,92.81027464,24.6398787,1000000000
28,19.47915458,18.18130007,16.02423696,13.32611082,16.58157275,14.13177481,16.18515678,18.03837278,21.07949687,2.490863989,69.57358456,70.56310587,92.81027464,24.6398787,1000000000
29,19.47915458,18.18130007,16.02423696,13.32611082,16.58157275,14.13177481,16.18515678,18.03837278,21.07949687,2.490863989,69.57358456,70.56310587,92.81027464,24.6398787,1000000000
30,19.47915458,18.18130007,16.02423696,13.32611082,16.58157275,14.13177481,16.18515678,18.03837278,21.07949687,2.490863989,69.57358456,70.56310587,92.81027464,24.6398787,1000000000
31,19.47915458,18.18130007,16.02423696,13.32611082,16.58157275,14.13177481,16.18515678,18.03837278,21.07949687,2.490863989,69.57358456,70.56310587,92.81027464,24.6398787,1000000000
32,19.47915458,18.18130007,16.02423696,13.32611082,16.58157275,14.13177481,16.18515678,18.03837278,21.07949687,2.490863989,69.57358456,70.56310587,92.81027464,24.6398787,1000000000
33,19.47915458,18.18130007,16.02423696,13.32611082,16.58157275,14.13177481,16.18515678,18.03837278,21.07949687,2.490863989,69.57358456,70.56310587,92.81027464,24.6398787,1000000000
34,19.47915458,18.18130007,16.02423696,13.32611082,16.58157275,14.13177481,16.18515678,18.03837278,21.07949687,2.490863989,69.57358456,70.56310587,92.81027464,24.6398787,1000000000
35,19.47915458,18.18130007,16.02423696,13.32611082,16.58157275,14.13177481,16.18515678,18.03837278,21.07949687,2.490863989,69.57358456,70.56310587,92.81027464,24.6398787,1000000000
36,19.47915458,18.18130007,16.02423696,13.32611082,16.58157275,14.13177481,16.18515678,18.03837278,21.07949687,2.490863989,69.57358456,70.56310587,92.81027464,24.6398787,1000000000
37,19.47915458,18.18130007,16.02423696,13.32611082,16.58157275,14.13177481,16.18515678,18.03837278,21.07949687,2.490863989,69.57358456,70.56310587,92.81027464,24.6398787,1000000000
38,19.47915458,18.18130007,16.02423696,13.32611082,16.58157275,14.13177481,16.18515678,18.03837278,21.07949687,2.490863989,69.57358456,70.56310587,92.81027464,24.6398787,1000000000
39,19.47915458,18.18130007,16.02423696,13.32611082,16.58157275,14.13177481,16.18515678,18.03837278,21.07949687,2.490863989,69.57358456,70.56310587,92.81027464,24.6398787,1000000000
40,19.47915458,18.18130007,16.02423696,13.32611082,16.58157275,14.13177481,16.18515678,18.03837278,21.07949687,2.490863989,69.57358456,70.56310587,92.81027464,24.6398787,1000000000
41,19.47915458,18.18130007,16.02423696,13.32611082,16.58157275,14.13177481,16.18515678,18.03837278,21.07949687,2.490863989,69.57358456,70.56310587,92.81027464,24.6398787,1000000000
42,19.47915458,18.18130007,16.02423696,13.32611082,16.58157275,14.13177481,16.18515678,18.03837278,21.07949687,2.490863989,69.57358456,70.56310587,92.81027464,24.6398787,1000000000
43,19.47915458,18.18130007,16.02423696,13.32611082,16.58157275,14.13177481,16.18515678,18.03837278,21.07949687,2.490863989,69.57358456,70.56310587,92.81027464,24.6398787,1000000000
44,19.47915458,18.18130007,16.02423696,13.32611082,16.58157275,14.13177481,16.18515678,18.03837278,21.07949687,2.490863989,69.57358456,70.56310587,92.81027464,24.6398787,1000000000
45,19.47915458,18.18130007,16.02423696,13.32611082,16.58157275,14.13177481,16.18515678,18.03837278,21.07949687,2.490863989,69.57358456,70.56310587,92.81027464,24.6398787,1000000000
46,19.47915458,18.18130007,16.02423696,13.32611082,16.58157275,14.13177481,16.18515678,18.03837278,21.07949687,2.490863989,69.57358456,70.56310587,92.81027464,24.6398787,1000000000
47,19.47915458,18.18130007,16.02423696,13.32611082,16.58157275,14.13177481,16.18515678,18.03837278,21.07949687,2.490863989,69.57358456,70.56310587,92.81027464,24.6398787,1000000000
48,19.47915458,18.18130007,16.02423696,13.32611082,16.58157275,14.13177481,16.18515678,18.03837278,21.07949687,2.490863989,69.57358456,70.56310587,92.81027464,24.6398787,1000000000
49,19.47915458,18.18130007,16.02423696,13.32611082,16.58157275,14.13177481,16.18515678,18.03837278,21.07949687,2.490863989,69.57358456,70.56310587,92.81027464,24.6398787,1000000000
50,19.47915458,18.18130007,16.02423696,13.32611082,16.58157275,14.13177481,16.18515678,18.03837278,21.07949687,2.490863989,69.57358456,70.56310587,92.81027464,24.6398787,1000000000
51,19.47915458,18.18130007,16.02423696,13.32611082,16.58157275,14.13177481,16.18515678,18.03837278,21.07949687,2.490863989,69.57358456,70.56310587,92.81027464,24.6398787,1000000000
52,19.47915458,18.18130007,16.02423696,13.32611082,16.58157275,14.13177481,16.18515678,18.03837278,21.07949687,2.490863989,69.57358456,70.56310587,92.81027464,24.6398787,1000000000
53,19.47915458,18.18130007,16.02423696,13.32611082,16.58157275,14.13177481,16.18515678,18.03837278,21.07949687,2.490863989,69.57358456,70.56310587,92.81027464,24.6398787,1000000000
54,19.47915458,18.18130007,16.02423696,13.32611082,16.58157275,14.13177481,16.18515678,18.03837278,21.07949687,2.490863989,69.57358456,70.56310587,92.81027464,24.6398787,1000000000
55,19.47915458,18.18130007,16.02423696,13.32611082,16.58157275,14.13177481,16.18515678,18.03837278,21.07949687,2.490863989,69.57358456,70.56310587,92.81027464,24.6398787,1000000000
56,19.47915458,18.18130007,16.02423696,13.32611082,16.58157275,14.13177481,16.18515678,18.03837278,21.07949687,2.490863989,69.57358456,70.56310587,92.81027464,24.6398787,1000000000
57,19.47915458,18.18130007,16.02423696,13.32611082,16.58157275,14.13177481,16.18515678,18.03837278,21.07949687,2.490863989,69.57358456,70.56310587,92.81027464,24.6398787,1000000000
58,19.47915458,18.18130007,16.02423696,13.32611082,16.58157275,14.13177481,16.18515678,18.03837278,21.07949687,2.490863989,69.57358456,70.56310587,92.81027464,24.6398787,1000000000
59,19.47915458,18.18130007,16.02423696,13.32611082,16.58157275,14.13177481,16.18515678,18.03837278,21.07949687,2.490863989,69.57358456,70.56310587,92.81027464,24.6398787,1000000000
60,19.47915458,18.18130007,16.02423696,13.32611082,16.58157275,14.13177481,16.18515678,18.03837278,21.07949687,2.490863989,69.57358456,70.56310587,92.81027464,24.6398787,1000000000
61,19.47915458,18.18130007,16.02423696,13.32611082,16.58157275,14.13177481,16.18515678,18.03837278,21.07949687,2.490863989,69.57358456,70.56310587,92.81027464,24.6398787,1000000000
62,19.47915458,18.18130007,16.02423696,13.32611082,16.58157275,14.13177481,16.18515678,18.03837278,21.07949687,2.490863989,69.57358456,70.56310587,92.81027464,24.6398787,1000000000
63,19.47915458,18.18130007,16.02423696,13.32611082,16.58157275,14.13177481,16.18515678,18.03837278,21.07949687,2.490863989,69.57358456,70.56310587,92.81027464,24.6398787,1000000000
64,19.47915458,18.18130007,16.02423696,13.32611082,16.58157275,14.13177481,16.18515678,18.03837278,21.07949687,2.490863989,69.57358456,70.56310587,92.81027464,24.6398787,1000000000
65,19.47915458,18.18130007,16.02423696,13.32611082,16.58157275,14.13177481,16.18515678,18.03837278,21.07949687,2.490863989,69.57358456,70.56310587,92.81027464,24.6398787,1000000000
66,19.47915458,18.18130007,16.02423696,13.32611082,16.58157275,14.13177481,16.18515678,18.03837278,21.07949687,2.490863989,69.57358456,70.56310587,92.81027464,24.6398787,1000000000
67,19.47915458,18.18130007,16.02423696,13.32611082,16.58157275,14.13177481,16.18515678,18.03837278,21.07949687,2.490863989,69.57358456,70.56310587,92.81027464,24.6398787,1000000000
68,19.47915458,18.18130007,16.02423696,13.32611082,16.58157275,14.13177481,16.18515678,18.03837278,21.07949687,2.490863989,69.57358456,70.56310587,92.81027464,24.6398787,1000000000
69,19.47915458,18.18130007,16.02423696,13.32611082,16.58157275,14.13177481,16.18515678,18.03837278,21.07949687,2.490863989,69.57358456,70.56310587,92.81027464,24.6398787,1000000000
70,19.47915458,18.18130007,16.02423696,13.32611082,16.58157275,14.13177481,16.18515678,18.03837278,21.07949687,2.490863989,69.57358456,70.56310587,92.81027464,24.6398787,1000000000
71,19.47915458,18.18130007,16.02423696,13.32611082,16.58157275,14.13177481,16.18515678,18.03837278,21.07949687,2.490863989,69.57358456,70.56310587,92.81027464,24.6398787,1000000000
72,19.47915458,18.18130007,16.02423696,13.32611082,16.58157275,14.13177481,16.18515678,18.03837278,21.07949687,2.490863989,69.57358456,70.56310587,92.81027464,24.6398787,1000000000
73,19.47915458,18.18130007,16.02423696,13.32611082,16.58157275,14.13177481,16.18515678,18.03837278,21.07949687,2.490863989,69.57358456,70.56310587,92.81027464,24.6398787,1000000000
74,19.47915458,18.18130007,16.02423696,13.32611082,16.58157275,14.13177481,16.18515678,18.03837278,21.07949687,2.490863989,69.57358456,70.56310587,92.81027464,24.6398787,1000000000
75,19.47915458,18.18130007,16.02423696,13.32611082,16.58157275,14.13177481,16.18515678,18.03837278,21.07949687,2.490863989,69.57358456,70.56310587,92.81027464,24.6398787,1000000000
76,19.47915458,18.18130007,16.02423696,13.32611082,16.58157275,14.13177481,16.18515678,18.03837278,21.07949687,2.490863989,69.57358456,70.56310587,92.81027464,24.6398787,1000000000
77,19.47915458,18.18130007,16.02423696,13.32611082,16.58157275,14.13177481,16.18515678,18.03837278,21.07949687,2.490863989,69.57358456,70.56310587,92.81027464,24.6398787,1000000000
78,19.47915458,18.18130007,16.02423696,13.32611082,16.58157275,14.13177481,16.18515678,18.03837278,21.07949687,2.490863989,69.57358456,70.56310587,92.81027464,24.6398787,1000000000
79,19.47915458,18.18130007,16.02423696,13.32611082,16.58157275,14.13177481,16.18515678,18.03837278,21.07949687,2.490863989,69.57358456,70.56310587,92.81027464,24.6398787,1000000000
80,19.47915458,18.18130007,16.02423696,13.32611082,16.58157275,14.13177481,16.18515678,18.03837278,21.07949687,2.490863989,69.57358456,70.56310587,92.81027464,24.6398787,1000000000
81,19.47915458,18.18130007,16.02423696,13.32611082,16.58157275,14.13177481,16.18515678,18.03837278,21.07949687,2.490863989,69.57358456,70.56310587,92.81027464,24.6398787,1000000000
82,19.47915458,18.18130007,16.02423696,13.32611082,16.58157275,14.13177481,16.18515678,18.03837278,21.07949687,2.490863989,69.57358456,70.56310587,92.81027464,24.6398787,1000000000
83,19.47915458,18.18130007,16.02423696,13.32611082,16.58157275,14.13177481,16.18515678,18.03837278,21.07949687,2.490863989,69.57358456,70.56310587,92.81027464,24.6398787,1000000000
84,19.47915458,18.18130007,16.02423696,13.32611082,16.58157275,14.13177481,16.18515678,18.03837278,21.07949687,2.490863989,69.57358456,70.56310587,92.81027464,24.6398787,1000000000
85,19.47915458,18.18130007,16.02423696,13.32611082,16.58157275,14.13177481,16.18515678,18.03837278,21.07949687,2.490863989,69.57358456,70.56310587,92.81027464,24.6398787,1000000000
86,19.47915458,18.18130007,16.02423696,13.32611082,16.58157275,14.13177481,16.18515678,18.03837278,21.07949687,2.490863989,69.57358456,70.56310587,92.81027464,24.6398787,1000000000
87,19.47915458,18.18130007,16.02423696,13.32611082,16.58157275,14.13177481,16.18515678,18.03837278,21.07949687,2.490863989,69.57358456,70.56310587,92.81027464,24.6398787,1000000000
88,19.47915458,18.18130007,16.02423696,13.32611082,16.58157275,14.13177481,16.18515678,18.03837278,21.07949687,2.490863989,69.57358456,70.56310587,92.81027464,24.6398787,1000000000
89,19.47915458,18.18130007,16.02423696,13.32611082,16.58157275,14.13177481,16.18515678,18.03837278,21.07949687,2.490863989,69.57358456,70.56310587,92.81027464,24.6398787,1000000000
90,19.47915458,18.18130007,16.02423696,13.32611082,16.58157275,14.13177481,16.18515678,18.03837278,21.07949687,2.490863989,69.57358456,70.56310587,92.81027464,24.6398787,1000000000
91,19.47915458,18.18130007,16.02423696,13.32611082,16.58157275,14.13177481,16.18515678,18.03837278,21.07949687,2.490863989,69.57358456,70.56310587,92.81027464,24.6398787,1000000000
92,19.47915458,18.18130007,16.02423696,13.32611082,16.58157275,14.13177481,16.18515678,18.03837278,21.07949687,2.490863989,69.57358456,70.56310587,92.81027464,24.6398787,1000000000
93,19.47915458,18.18130007,16.02423696,13.32611082,16.58157275,14.13177481,16.18515678,18.03837278,21.07949687,2.490863989,69.57358456,70.56310587,92.81027464,24.6398787,1000000000
94,19.47915458,18.18130007,16.02423696,13.32611082,16.58157275,14.13177481,16.18515678,18.03837278,21.07949687,2.490863989,69.57358456,70.56310587,92.81027464,24.6398787,1000000000
95,19.47915458,18.18130007,16.02423696,13.32611082,16.58157275,14.13177481,16.18515678,18.03837278,21.07949687,2.490863989,69.57358456,70.56310587,92.81027464,24.6398787,1000000000
96,19.47915458,18.18130007,16.02423696,13.32611082,16.58157275,14.13177481,16.18515678,18.03837278,21.07949687,2.490863989,69.57358456,70.56310587,92.81027464,24.6398787,1000000000
97,19.47915458,18.18130007,16.02423696,13.32611082,16.58157275,14.13177481,16.18515678,18.03837278,21.07949687,2.490863989,69.57358456,70.56310587,92.81027464,24.6398787,1000000000
98,19.47915458,18.18130007,16.02423696,13.32611082,16.58157275,14.13177481,16.18515678,18.03837278,21.07949687,2.490863989,69.57358456,70.56310587,92.81027464,24.6398787,1000000000
99,19.47915458,18.18130007,16.02423696,13.32611082,16.58157275,14.13177481,16.18515678,18.03837278,21.07949687,2.490863989,69.57358456,70.56310587,92.81027464,24.6398787,1000000000
100,19.47915458,18.18130007,16.02423696,13.32611082,16.58157275,14.13177481,16.18515678,18.03837278,21.07949687,2.490863989,69.57358456,70.56310587,92.81027464,24.6398787,1000000000
101,19.47915458,18.18130007,16.02423696,13.32611082,16.58157275,14.13177481,16.18515678,18.03837278,21.07949687,2.490863989,69.57358456,70.56310587,92.81027464,24.6398787,1000000000
102,19.47915458,18.18130007,16.02423696,13.32611082,16.58157275,14.13177481,16.18515678,18.03837278,21.07949687,2.490863989,69.57358456,70.56310587,92.81027464,24.6398787,1000000000
103,19.47915458,18.18130007,16.02423696,13.32611082,16.58157275,14.13177481,16.18515678,18.03837278,21.07949687,2.490863989,69.57358456,70.56310587,92.81027464,24.6398787,1000000000
104,19.47915458,18.18130007,16.02423696,13.32611082,16.58157275,14.13177481,16.18515678,18.03837278,21.07949687,2.490863989,69.57358456,70.56310587,92.81027464,24.6398787,1000000000
105,19.47915458,18.18130007,16.02423696,13.32611082,16.58157275,14.13177481,16.18515678,18.03837278,21.07949687,2.490863989,69.57358456,70.56310587,92.81027464,24.6398787,1000000000
106,19.47915458,18.18130007,16.02423696,13.32611082,16.58157275,14.13177481,16.18515678,18.03837278,21.07949687,2.490863989,69.57358456,70.56310587,92.81027464,24.6398787,1000000000
107,19.47915458,18.18130007,16.02423696,13.32611082,16.58157275,14.13177481,16.18515678,18.03837278,21.07949687,2.490863989,69.57358456,70.56310587,92.81027464,24.6398787,1000000000
108,19.47915458,18.18130007,16.02423696,13.32611082,16.58157275,14.13177481,16.18515678,18.03837278,21.07949687,2.490863989,69.57358456,70.56310587,92.81027464,24.6398787,1000000000
109,19.47915458,18.18130007,16.02423696,13.32611082,16.58157275,14.13177481,16.18515678,18.03837278,21.07949687,2.490863989,69.57358456,70.56310587,92.81027464,24.6398787,1000000000
110,19.47915458,18.18130007,16.02423696,13.32611082,16.58157275,14.13177481,16.18515678,18.03837278,21.07949687,2.490863989,69.57358456,70.56310587,92.81027464,24.6398787,1000000000
111,19.47915458,18.18130007,16.02423696,13.32611082,16.58157275,14.13177481,16.18515678,18.03837278,21.07949687,2.490863989,69.57358456,70.56310587,92.81027464,24.6398787,1000000000
112,19.47915458,18.18130007,16.02423696,13.32611082,16.58157275,14.13177481,16.18515678,18.03837278,21.07949687,2.490863989,69.57358456,70.56310587,92.81027464,24.6398787,1000000000
113,19.47915458,18.18130007,16.02423696,13.32611082,16.58157275,14.13177481,16.18515678,18.03837278,21.07949687,2.490863989,69.57358456,70.56310587,92.81027464,24.6398787,1000000000
114,19.47915458,18.18130007,16.02423696,13.32611082,16.58157275,14.13177481,16.18515678,18.03837278,21.07949687,2.490863989,69.57358456,70.56310587,92.81027464,24.6398787,1000000000
115,19.47915458,18.18130007,16.02423696,13.32611082,16.58157275,14.13177481,16.18515678,18.03837278,21.07949687,2.490863989,69.57358456,70.56310587,92.81027464,24.6398787,1000000000
116,19.47915458,18.18130007,16.02423696,13.32611082,16.58157275,14.13177481,16.18515678,18.03837278,21.07949687,2.490863989,69.57358456,70.56310587,92.81027464,24.6398787,1000000000
117,19.47915458,18.18130007,16.02423696,13.32611082,16.58157275,14.13177481,16.18515678,18.03837278,21.07949687,2.490863989,69.57358456,70.56310587,92.81027464,24.6398787,1000000000
118,19.47915458,18.18130007,16.02423696,13.32611082,16.58157275,14.13177481,16.18515678,18.03837278,21.07949687,2.490863989,69.57358456,70.56310587,92.81027464,24.6398787,1000000000
119,19.47915458,18.18130007,16.02423696,13.32611082,16.58157275,14.13177481,16.18515678,18.03837278,21.07949687,2.490863989,69.57358456,70.56310587,92.81027464,24.6398787,1000000000
120,19.47915458,18.18130007,16.02423696,13.32611082,16.58157275,14.13177481,16.18515678,18.03837278,21.07949687,2.490863989,69.57358456,70.56310587,92.81027464,24.6398787,1000000000
121,19.47915458,18.18130007,16.02423696,13.32611082,16.58157275,14.13177481,16.18515678,18.03837278,21.07949687,2.490863989,69.57358456,70.56310587,92.81027464,24.6398787,1000000000
122,19.47915458,18.18130007,16.02423696,13.32611082,16.58157275,14.13177481,16.18515678,18.03837278,21.07949687,2.490863989,69.57358456,70.56310587,92.81027464,24.6398787,1000000000
123,19.47915458,18.18130007,16.02423696,13.32611082,16.58157275,14.13177481,16.18515678,18.03837278,21.07949687,2.490863989,69.57358456,70.56310587,92.81027464,24.6398787,1000000000
124,19.47915458,18.18130007,16.02423696,13.32611082,16.58157275,14.13177481,16.18515678,18.03837278,21.07949687,2.490863989,69.57358456,70.56310587,92.81027464,24.6398787,1000000000
125,19.47915458,18.18130007,16.02423696,13.32611082,16.58157275,14.13177481,16.18515678,18.03837278,21.07949687,2.490863989,69.57358456,70.56310587,92.81027464,24.6398787,1000000000
126,19.47915458,18.18130007,16.02423696,13.32611082,16.58157275,14.13177481,16.18515678,18.03837278,21.07949687,2.490863989,69.57358456,70.56310587,92.81027464,24.6398787,1000000000
127,19.47915458,18.18130007,16.02423696,13.32611082,16.58157275,14.13177481,16.18515678,18.03837278,21.07949687,2.490863989,69.57358456,70.56310587,92.81027464,24.6398787,1000000000
128,19.47915458,18.18130007,16.02423696,13.32611082,16.58157275,14.13177481,16.18515678,18.03837278,21.07949687,2.490863989,69.57358456,70.56310587,92.81027464,24.6398787,1000000000
129,19.47915458,18.18130007,16.02423696,13.32611082,16.58157275,14.13177481,16.18515678,18.03837278,21.07949687,2.490863989,69.57358456,70.56310587,92.81027464,24.6398787,1000000000
130,19.47915458,18.18130007,16.02423696,13.32611082,16.58157275,14.13177481,16.18515678,18.03837278,21.07949687,2.490863989,69.57358456,70.56310587,92.81027464,24.6398787,1000000000
131,19.47915458,18.18130007,16.02423696,13.32611082,16.58157275,14.13177481,16.18515678,18.03837278,21.07949687,2.490863989,69.57358456,70.56310587,92.81027464,24.6398787,1000000000
132,19.47915458,18.18130007,16.02423696,13.32611082,16.58157275,14.13177481,16.18515678,18.03837278,21.07949687,2.490863989,69.57358456,70.56310587,92.81027464,24.6398787,1000000000
133,19.47915458,18.18130007,16.02423696,13.32611082,16.58157275,14.13177481,16.18515678,18.03837278,21.07949687,2.490863989,69.57358456,70.56310587,92.81027464,24.6398787,1000000000
134,19.47915458,18.18130007,16.02423696,13.32611082,16.58157275,14.13177481,16.18515678,18.03837278,21.07949687,2.490863989,69.57358456,70.56310587,92.81027464,24.6398787,1000000000
135,19.47915458,18.18130007,16.02423696,13.32611082,16.58157275,14.13177481,16.18515678,18.03837278,21.07949687,2.490863989,69.57358456,70.56310587,92.81027464,24.6398787,1000000000
136,19.47915458,18.18130007,16.02423696,13.32611082,16.58157275,14.13177481,16.18515678,18.03837278,21.07949687,2.490863989,69.57358456,70.56310587,92.81027464,24.6398787,1000000000
137,19.47915458,18.18130007,16.02423696,13.32611082,16.58157275,14.13177481,16.18515678,18.03837278,21.07949687,2.490863989,69.57358456,70.56310587,92.81027464,24.6398787,1000000000
138,19.47915458,18.18130007,16.02423696,13.32611082,16.58157275,14.13177481,16.18515678,18.03837278,21.07949687,2.490863989,69.57358456,70.56310587,92.81027464,24.6398787,1000000000
139,19.47915458,18.18130007,16.02423696,13.32611082,16.58157275,14.13177481,16.18515678,18.03837278,21.07949687,2.490863989,69.57358456,70.56310587,92.81027464,24.6398787,1000000000
140,19.47915458,18.18130007,16.02423696,13.32611082,16.58157275,14.13177481,16.18515678,18.03837278,21.07949687,2.490863989,69.57358456,70.56310587,92.81027464,24.6398787,1000000000
141,19.47915458,18.18130007,16.02423696,13.32611082,16.58157275,14.13177481,16.18515678,18.03837278,21.07949687,2.490863989,69.57358456,70.56310587,92.81027464,24.6398787,1000000000
142,19.47915458,18.18130007,16.02423696,13.32611082,16.58157275,14.13177481,16.18515678,18.03837278,21.07949687,2.490863989,69.57358456,70.56310587,92.81027464,24.6398787,1000000000
143,19.47915458,18.18130007,16.02423696,13.32611082,16.58157275,14.13177481,16.18515678,18.03837278,21.07949687,2.490863989,69.57358456,70.56310587,92.81027464,24.6398787,1000000000
144,19.47915458,18.18130007,16.02423696,13.32611082,16.58157275,14.13177481,16.18515678,18.03837278,21.07949687,2.490863989,69.57358456,70.56310587,92.81027464,24.6398787,1000000000
145,19.47915458,18.18130007,16.02423696,13.32611082,16.58157275,14.13177481,16.18515678,18.03837278,21.07949687,2.490863989,69.57358456,70.56310587,92.81027464,24.6398787,1000000000
146,19.47915458,18.18130007,16.02423696,13.32611082,16.58157275,14.13177481,16.18515678,18.03837278,21.07949687,2.490863989,69.57358456,70.56310587,92.81027464,24.6398787,1000000000
147,19.47915458,18.18130007,16.02423696,13.32611082,16.58157275,14.13177481,16.18515678,18.03837278,21.07949687,2.490863989,69.57358456,70.56310587,92.81027464,24.6398787,1000000000
148,19.47915458,18.18130007,16.02423696,13.32611082,16.58157275,14.13177481,16.18515678,18.03837278,21.07949687,2.490863989,69.57358456,70.56310587,92.81027464,24.6398787,1000000000
149,19.47915458,18.18130007,16.02423696,13.32611082,16.58157275,14.13177481,16.18515678,18.03837278,21.07949687,2.490863989,69.57358456,70.56310587,92.81027464,24.6398787,1000000000
150,19.47915458,18.18130007,16.02423696,13.32611082,16.58157275,14.13177481,16.18515678,18.03837278,21.07949687,2.490863989,69.57358456,70.56310587,92.81027464,24.6398787,1000000000
151,19.47915458,18.18130007,16.02423696,13.32611082,16.58157275,14.13177481,16.18515678,18.03837278,21.07949687,2.490863989,69.57358456,70.56310587,92.81027464,24.6398787,1000000000
152,19.47915458,18.18130007,16.02423696,13.32611082,16.58157275,14.13177481,16.18515678,18.03837278,21.07949687,2.490863989,69.57358456,70.56310587,92.81027464,24.6398787,1000000000
153,19.47915458,18.18130007,16.02423696,13.32611082,16.58157275,14.13177481,16.18515678,18.03837278,21.07949687,2.490863989,69.57358456,70.56310587,92.81027464,24.6398787,1000000000
154,19.47915458,18.18130007,16.02423696,13.32611082,16.58157275,14.13177481,16.18515678,18.03837278,21.07949687,2.490863989,69.57358456,70.56310587,92.81027464,24.6398787,1000000000
155,19.47915458,18.18130007,16.02423696,13.32611082,16.58157275,14.13177481,16.18515678,18.03837278,21.07949687,2.490863989,69.57358456,70.56310587,92.81027464,24.6398787,1000000000
156,19.47915458,18.18130007,16.02423696,13.32611082,16.58157275,14.13177481,16.18515678,18.03837278,21.07949687,2.490863989,69.57358456,70.56310587,92.81027464,24.6398787,1000000000
157,19.47915458,18.18130007,16.02423696,13.32611082,16.58157275,14.13177481,16.18515678,18.03837278,21.07949687,2.490863989,69.57358456,70.56310587,92.81027464,24.6398787,1000000000
158,19.47915458,18.18130007,16.02423696,13.32611082,16.58157275,14.13177481,16.18515678,18.03837278,21.07949687,2.490863989,69.57358456,70.56310587,92.81027464,24.6398787,1000000000
159,19.47915458,18.18130007,16.02423696,13.32611082,16.58157275,14.13177481,16.18515678,18.03837278,21.07949687,2.490863989,69.57358456,70.56310587,92.81027464,24.6398787,1000000000
160,19.47915458,18.18130007,16.02423696,13.32611082,16.58157275,14.13177481,16.18515678,18.03837278,21.07949687,2.490863989,69.57358456,70.56310587,92.81027464,24.6398787,1000000000
161,19.47915458,18.18130007,16.02423696,13.32611082,16.58157275,14.13177481,16.18515678,18.03837278,21.07949687,2.490863989,69.57358456,70.56310587,92.81027464,24.6398787,1000000000
162,19.47915458,18.18130007,16.02423696,13.32611082,16.58157275,14.13177481,16.18515678,18.03837278,21.07949687,2.490863989,69.57358456,70.56310587,92.81027464,24.6398787,1000000000
163,19.47915458,18.18130007,16.02423696,13.32611082,16.58157275,14.13177481,16.18515678,18.03837278,21.07949687,2.490863989,69.57358456,70.56310587,92.81027464,24.6398787,1000000000
164,19.47915458,18.18130007,16.02423696,13.32611082,16.58157275,14.13177481,16.18515678,18.03837278,21.07949687,2.490863989,69.57358456,70.56310587,92.81027464,24.6398787,1000000000
165,19.47915458,18.18130007,16.02423696,13.32611082,16.58157275,14.13177481,16.18515678,18.03837278,21.07949687,2.490863989,69.57358456,70.56310587,92.81027464,24.6398787,1000000000
166,19.47915458,18.18130007,16.02423696,13.32611082,16.58157275,14.13177481,16.18515678,18.03837278,21.07949687,2.490863989,69.57358456,70.56310587,92.81027464,24.6398787,1000000000
167,19.47915458,18.18130007,16.02423696,13.32611082,16.58157275,14.13177481,16.18515678,18.03837278,21.07949687,2.490863989,69.57358456,70.56310587,92.81027464,24.6398787,1000000000
168,19.47915458,18.18130007,16.02423696,13.32611082,16.58157275,14.13177481,16.18515678,18.03837278,21.07949687,2.490863989,69.57358456,70.56310587,92.81027464,24.6398787,1000000000
169,19.47915458,18.18130007,16.02423696,13.32611082,16.58157275,14.13177481,16.18515678,18.03837278,21.07949687,2.490863989,69.57358456,70.56310587,92.81027464,24.6398787,1000000000
170,19.47915458,18.18130007,16.02423696,13.32611082,16.58157275,14.13177481,16.18515678,18.03837278,21.07949687,2.490863989,69.57358456,70.56310587,92.81027464,24.6398787,1000000000
171,19.47915458,18.18130007,16.02423696,13.32611082,16.58157275,14.13177481,16.18515678,18.03837278,21.07949687,2.490863989,69.57358456,70.56310587,92.81027464,24.6398787,1000000000
172,19.47915458,18.18130007,16.02423696,13.32611082,16.58157275,14.13177481,16.18515678,18.03837278,21.07949687,2.490863989,69.57358456,70.56310587,92.81027464,24.6398787,1000000000
173,19.47915458,18.18130007,16.02423696,13.32611082,16.58157275,14.13177481,16.18515678,18.03837278,21.07949687,2.490863989,69.57358456,70.56310587,92.81027464,24.6398787,1000000000
174,19.47915458,18.18130007,16.02423696,13.32611082,16.58157275,14.13177481,16.18515678,18.03837278,21.07949687,2.490863989,69.57358456,70.56310587,92.81027464,24.6398787,1000000000
175,19.47915458,18.18130007,16.02423696,13.32611082,16.58157275,14.13177481,16.18515678,18.03837278,21.07949687,2.490863989,69.57358456,70.56310587,92.81027464,24.6398787,1000000000
176,19.47915458,18.18130007,16.02423696,13.32611082,16.58157275,14.13177481,16.18515678,18.03837278,21.07949687,2.490863989,69.57358456,70.56310587,92.81027464,24.6398787,1000000000
177,19.47915458,18.18130007,16.02423696,13.32611082,16.58157275,14.13177481,16.18515678,18.03837278,21.07949687,2.490863989,69.57358456,70.56310587,92.81027464,24.6398787,1000000000
178,19.47915458,18.18130007,16.02423696,13.32611082,16.58157275,14.13177481,16.18515678,18.03837278,21.07949687,2.490863989,69.57358456,70.56310587,92.81027464,24.6398787,1000000000
179,19.47915458,18.18130007,16.02423696,13.32611082,16.58157275,14.13177481,16.18515678,18.03837278,21.07949687,2.490863989,69.57358456,70.56310587,92.81027464,24.6398787,1000000000
180,19.47915458,18.18130007,16.02423696,13.32611082,16.58157275,14.13177481,16.18515678,18.03837278,21.07949687,2.490863989,69.57358456,70.56310587,92.81027464,24.6398787,1000000000
181,19.47915458,18.18130007,16.02423696,13.32611082,16.58157275,14.13177481,16.18515678,18.03837278,21.07949687,2.490863989,69.57358456,70.56310587,92.81027464,24.6398787,1000000000
182,19.47915458,18.18130007,16.02423696,13.32611082,16.58157275,14.13177481,16.18515678,18.03837278,21.07949687,2.490863989,69.57358456,70.56310587,92.81027464,24.6398787,1000000000
183,19.47915458,18.18130007,16.02423696,13.32611082,16.58157275,14.13177481,16.18515678,18.03837278,21.07949687,2.490863989,69.57358456,70.56310587,92.81027464,24.6398787,1000000000
184,19.47915458,18.18130007,16.02423696,13.32611082,16.58157275,14.13177481,16.18515678,18.03837278,21.07949687,2.490863989,69.57358456,70.56310587,92.81027464,24.6398787,1000000000
185,19.47915458,18.18130007,16.02423696,13.32611082,16.58157275,14.13177481,16.18515678,18.03837278,21.07949687,2.490863989,69.57358456,70.56310587,92.81027464,24.6398787,1000000000
186,19.47915458,18.18130007,16.02423696,13.32611082,16.58157275,14.13177481,16.18515678,18.03837278,21.07949687,2.490863989,69.57358456,70.56310587,92.81027464,24.6398787,1000000000
187,19.47915458,18.18130007,16.02423696,13.32611082,16.58157275,14.13177481,16.18515678,18.03837278,21.07949687,2.490863989,69.57358456,70.56310587,92.81027464,24.6398787,1000000000
188,19.47915458,18.18130007,16.02423696,13.32611082,16.58157275,14.13177481,16.18515678,18.03837278,21.07949687,2.490863989,69.57358456,70.56310587,92.81027464,24.6398787,1000000000
189,19.47915458,18.18130007,16.02423696,13.32611082,16.58157275,14.13177481,16.18515678,18.03837278,21.07949687,2.490863989,69.57358456,70.56310587,92.81027464,24.6398787,1000000000
190,19.47915458,18.18130007,16.02423696,13.32611082,16.58157275,14.13177481,16.18515678,18.03837278,21.07949687,2.490863989,69.57358456,70.56310587,92.81027464,24.6398787,1000000000
191,19.47915458,18.18130007,16.02423696,13.32611082,16.58157275,14.13177481,16.18515678,18.03837278,21.07949687,2.490863989,69.57358456,70.56310587,92.81027464,24.6398787,1000000000
192,19.47915458,18.18130007,16.02423696,13.32611082,16.58157275,14.13177481,16.18515678,18.03837278,21.07949687,2.490863989,69.57358456,70.56310587,92.81027464,24.6398787,1000000000
193,19.47915458,18.18130007,16.02423696,13.32611082,16.58157275,14.13177481,16.18515678,18.03837278,21.07949687,2.490863989,69.57358456,70.56310587,92.81027464,24.6398787,1000000000
194,19.47915458,18.18130007,16.02423696,13.32611082,16.58157275,14.13177481,16.18515678,18.03837278,21.07949687,2.490863989,69.57358456,70.56310587,92.81027464,24.6398787,1000000000
195,19.47915458,18.18130007,16.02423696,13.32611082,16.58157275,14.13177481,16.18515678,18.03837278,21.07949687,2.490863989,69.57358456,70.56310587,92.81027464,24.6398787,1000000000
196,19.47915458,18.18130007,16.02423696,13.32611082,16.58157275,14.13177481,16.18515678,18.03837278,21.07949687,2.490863989,69.57358456,70.56310587,92.81027464,24.6398787,1000000000
197,19.47915458,18.18130007,16.02423696,13.32611082,16.58157275,14.13177481,16.18515678,18.03837278,21.07949687,2.490863989,69.57358456,70.56310587,92.81027464,24.6398787,1000000000
198,19.47915458,18.18130007,16.02423696,13.32611082,16.58157275,14.13177481,16.18515678,18.03837278,21.07949687,2.490863989,69.57358456,70.56310587,92.81027464,24.6398787,1000000000
199,19.47915458,18.18130007,16.02423696,13.32611082,16.58157275,14.13177481,16.18515678,18.03837278,21.07949687,2.490863989,69.57358456,70.56310587,92.81027464,24.6398787,1000000000
200,19.47915458,18.18130007,16.02423696,13.32611082,16.58157275,14.13177481,16.18515678,18.03837278,21.07949687,2.490863989,69.57358456,70.56310587,92.81027464,24.6398787,1000000000
201,19.47915458,18.18130007,16.02423696,13.32611082,16.58157275,14.13177481,16.18515678,18.03837278,21.07949687,2.490863989,69.57358456,70.56310587,92.81027464,24.6398787,1000000000
202,19.47915458,18.18130007,16.02423696,13.32611082,16.58157275,14.13177481,16.18515678,18.03837278,21.07949687,2.490863989,69.57358456,70.56310587,92.81027464,24.6398787,1000000000
203,19.47915458,18.18130007,16.02423696,13.32611082,16.58157275,14.13177481,16.18515678,18.03837278,21.07949687,2.490863989,69.57358456,70.56310587,92.81027464,24.6398787,1000000000
204,19.47915458,18.18130007,16.02423696,13.32611082,16.58157275,14.13177481,16.18515678,18.03837278,21.07949687,2.490863989,69.57358456,70.56310587,92.81027464,24.6398787,1000000000
205,19.47915458,18.18130007,16.02423696,13.32611082,16.58157275,14.13177481,16.18515678,18.03837278,21.07949687,2.490863989,69.57358456,70.56310587,92.81027464,24.6398787,1000000000
206,19.47915458,18.18130007,16.02423696,13.32611082,16.58157275,14.13177481,16.18515678,18.03837278,21.07949687,2.490863989,69.57358456,70.56310587,92.81027464,24.6398787,1000000000
207,19.47915458,18.18130007,16.02423696,13.32611082,16.58157275,14.13177481,16.18515678,18.03837278,21.07949687,2.490863989,69.57358456,70.56310587,92.81027464,24.6398787,1000000000
208,19.47915458,18.18130007,16.02423696,13.32611082,16.58157275,14.13177481,16.18515678,18.03837278,21.07949687,2.490863989,69.57358456,70.56310587,92.81027464,24.6398787,1000000000
209,19.47915458,18.18130007,16.02423696,13.32611082,16.58157275,14.13177481,16.18515678,18.03837278,21.07949687,2.490863989,69.57358456,70.56310587,92.81027464,24.6398787,1000000000
210,19.47915458,18.18130007,16.02423696,13.32611082,16.58157275,14.13177481,16.18515678,18.03837278,21.07949687,2.490863989,69.57358456,70.56310587,92.81027464,24.6398787,1000000000
211,19.47915458,18.18130007,16.02423696,13.32611082,16.58157275,14.13177481,16.18515678,18.03837278,21.07949687,2.490863989,69.57358456,70.56310587,92.81027464,24.6398787,1000000000
212,19.47915458,18.18130007,16.02423696,13.32611082,16.58157275,14.13177481,16.18515678,18.03837278,21.07949687,2.490863989,69.57358456,70.56310587,92.81027464,24.6398787,1000000000
213,19.47915458,18.18130007,16.02423696,13.32611082,16.58157275,14.13177481,16.18515678,18.03837278,21.07949687,2.490863989,69.57358456,70.56310587,92.81027464,24.6398787,1000000000
214,19.47915458,18.18130007,16.02423696,13.32611082,16.58157275,14.13177481,16.18515678,18.03837278,21.07949687,2.490863989,69.57358456,70.56310587,92.81027464,24.6398787,1000000000
215,19.47915458,18.18130007,16.02423696,13.32611082,16.58157275,14.13177481,16.18515678,18.03837278,21.07949687,2.490863989,69.57358456,70.56310587,92.81027464,24.6398787,1000000000
216,19.47915458,18.18130007,16.02423696,13.32611082,16.58157275,14.13177481,16.18515678,18.03837278,21.07949687,2.490863989,69.57358456,70.56310587,92.81027464,24.6398787,1000000000
217,19.47915458,18.18130007,16.02423696,13.32611082,16.58157275,14.13177481,16.18515678,18.03837278,21.07949687,2.490863989,69.57358456,70.56310587,92.81027464,24.6398787,1000000000
218,19.47915458,18.18130007,16.02423696,13.32611082,16.58157275,14.13177481,16.18515678,18.03837278,21.07949687,2.490863989,69.57358456,70.56310587,92.81027464,24.6398787,1000000000
219,19.47915458,18.18130007,16.02423696,13.32611082,16.58157275,14.13177481,16.18515678,18.03837278,21.07949687,2.490863989,69.57358456,70.56310587,92.81027464,24.6398787,1000000000
220,19.47915458,18.18130007,16.02423696,13.32611082,16.58157275,14.13177481,16.18515678,18.03837278,21.07949687,2.490863989,69.57358456,70.56310587,92.81027464,24.6398787,1000000000
221,19.47915458,18.18130007,16.02423696,13.32611082,16.58157275,14.13177481,16.18515678,18.03837278,21.07949687,2.490863989,69.57358456,70.56310587,92.81027464,24.6398787,1000000000
222,19.47915458,18.18130007,16.02423696,13.32611082,16.58157275,14.13177481,16.18515678,18.03837278,21.07949687,2.490863989,69.57358456,70.56310587,92.81027464,24.6398787,1000000000
223,19.47915458,18.18130007,16.02423696,13.32611082,16.58157275,14.13177481,16.18515678,18.03837278,21.07949687,2.490863989,69.57358456,70.56310587,92.81027464,24.6398787,1000000000
224,19.47915458,18.18130007,16.02423696,13.32611082,16.58157275,14.13177481,16.18515678,18.03837278,21.07949687,2.490863989,69.57358456,70.56310587,92.81027464,24.6398787,1000000000
225,19.47915458,18.18130007,16.02423696,13.32611082,16.58157275,14.13177481,16.18515678,18.03837278,21.07949687,2.490863989,69.57358456,70.56310587,92.81027464,24.6398787,1000000000
226,19.47915458,18.18130007,16.02423696,13.32611082,16.58157275,14.13177481,16.18515678,18.03837278,21.07949687,2.490863989,69.57358456,70.56310587,92.81027464,24.6398787,1000000000
227,19.47915458,18.18130007,16.02423696,13.32611082,16.58157275,14.13177481,16.18515678,18.03837278,21.07949687,2.490863989,69.57358456,70.56310587,92.81027464,24.6398787,1000000000
228,19.47915458,18.18130007,16.02423696,13.32611082,16.58157275,14.13177481,16.18515678,18.03837278,21.07949687,2.490863989,69.57358456,70.56310587,92.81027464,24.6398787,1000000000
229,19.47915458,18.18130007,16.02423696,13.32611082,16.58157275,14.13177481,16.18515678,18.03837278,21.07949687,2.490863989,69.57358456,70.56310587,92.81027464,24.6398787,1000000000
230,19.47915458,18.18130007,16.02423696,13.32611082,16.58157275,14.13177481,16.18515678,18.03837278,21.07949687,2.490863989,69.57358456,70.56310587,92.81027464,24.6398787,1000000000
231,19.47915458,18.18130007,16.02423696,13.32611082,16.58157275,14.13177481,16.18515678,18.03837278,21.07949687,2.490863989,69.57358456,70.56310587,92.81027464,24.6398787,1000000000
232,19.47915458,18.18130007,16.02423696,13.32611082,16.58157275,14.13177481,16.18515678,18.03837278,21.07949687,2.490863989,69.57358456,70.56310587,92.81027464,24.6398787,1000000000
233,19.47915458,18.18130007,16.02423696,13.32611082,16.58157275,14.13177481,16.18515678,18.03837278,21.07949687,2.490863989,69.57358456,70.56310587,92.81027464,24.6398787,1000000000
234,19.47915458,18.18130007,16.02423696,13.32611082,16.58157275,14.13177481,16.18515678,18.03837278,21.07949687,2.490863989,69.57358456,70.56310587,92.81027464,24.6398787,1000000000
235,19.47915458,18.18130007,16.02423696,13.32611082,16.58157275,14.13177481,16.18515678,18.03837278,21.07949687,2.490863989,69.57358456,70.56310587,92.81027464,24.6398787,1000000000
236,19.47915458,18.18130007,16.02423696,13.32611082,16.58157275,14.13177481,16.18515678,18.03837278,21.07949687,2.490863989,69.57358456,70.56310587,92.81027464,24.6398787,1000000000
237,19.47915458,18.18130007,16.02423696,13.32611082,16.58157275,14.13177481,16.18515678,18.03837278,21.07949687,2.490863989,69.57358456,70.56310587,92.81027464,24.6398787,1000000000
238,19.47915458,18.18130007,16.02423696,13.32611082,16.58157275,14.13177481,16.18515678,18.03837278,21.07949687,2.490863989,69.57358456,70.56310587,92.81027464,24.6398787,1000000000
239,19.47915458,18.18130007,16.02423696,13.32611082,16.58157275,14.13177481,16.18515678,18.03837278,21.07949687,2.490863989,69.57358456,70.56310587,92.81027464,24.6398787,1000000000
240,19.47915458,18.18130007,16.02423696,13.32611082,16.58157275,14.13177481,16.18515678,18.03837278,21.07949687,2.490863989,69.57358456,70.56310587,92.81027464,24.6398787,1000000000
241,19.47915458,18.18130007,16.02423696,13.32611082,16.58157275,14.13177481,16.18515678,18.03837278,21.07949687,2.490863989,69.57358456,70.56310587,92.81027464,24.6398787,1000000000
242,19.47915458,18.18130007,16.02423696,13.32611082,16.58157275,14.13177481,16.18515678,18.03837278,21.07949687,2.490863989,69.57358456,70.56310587,92.81027464,24.6398787,1000000000
243,19.47915458,18.18130007,16.02423696,13.32611082,16.58157275,14.13177481,16.18515678,18.03837278,21.07949687,2.490863989,69.57358456,70.56310587,92.81027464,24.6398787,1000000000
244,19.47915458,18.18130007,16.02423696,13.32611082,16.58157275,14.13177481,16.18515678,18.03837278,21.07949687,2.490863989,69.57358456,70.56310587,92.81027464,24.6398787,1000000000
245,19.47915458,18.18130007,16.02423696,13.32611082,16.58157275,14.13177481,16.18515678,18.03837278,21.07949687,2.490863989,69.57358456,70.56310587,92.81027464,24.6398787,1000000000
246,19.47915458,18.18130007,16.02423696,13.32611082,16.58157275,14.13177481,16.18515678,18.03837278,21.07949687,2.490863989,69.57358456,70.56310587,92.81027464,24.6398787,1000000000
247,19.47915458,18.18130007,16.02423696,13.32611082,16.58157275,14.13177481,16.18515678,18.03837278,21.07949687,2.490863989,69.57358456,70.56310587,92.81027464,24.6398787,1000000000
248,19.47915458,18.18130007,16.02423696,13.32611082,16.58157275,14.13177481,16.18515678,18.03837278,21.07949687,2.490863989,69.57358456,70.56310587,92.81027464,24.6398787,1000000000
249,19.47915458,18.18130007,16.02423696,13.32611082,16.58157275,14.13177481,16.18515678,18.03837278,21.07949687,2.490863989,69.57358456,70.56310587,92.81027464,24.6398787,1000000000
250,19.47915458,18.18130007,16.02423696,13.32611082,16.58157275,14.13177481,16.18515678,18.03837278,21.07949687,2.490863989,69.57358456,70.56310587,92.81027464,24.6398787,1000000000
251,19.47915458,18.18130007,16.02423696,13.32611082,16.58157275,14.13177481,16.18515678,18.03837278,21.07949687,2.490863989,69.57358456,70.56310587,92.81027464,24.6398787,1000000000
252,19.47915458,18.18130007,16.02423696,13.32611082,16.58157275,14.13177481,16.18515678,18.03837278,21.07949687,2.490863989,69.57358456,70.56310587,92.81027464,24.6398787,1000000000
253,19.47915458,18.18130007,16.02423696,13.32611082,16.58157275,14.13177481,16.18515678,18.03837278,21.07949687,2.490863989,69.57358456,70.56310587,92.81027464,24.6398787,1000000000
254,19.47915458,18.18130007,16.02423696,13.32611082,16.58157275,14.13177481,16.18515678,18.03837278,21.07949687,2.490863989,69.57358456,70.56310587,92.81027464,24.6398787,1000000000
255,19.47915458,18.18130007,16.02423696,13.32611082,16.58157275,14.13177481,16.18515678,18.03837278,21.07949687,2.490863989,69.57358456,70.56310587,92.81027464,24.6398787,1000000000
256,19.47915458,18.18130007,16.02423696,13.32611082,16.58157275,14.13177481,16.18515678,18.03837278,21.07949687,2.490863989,69.57358456,70.56310587,92.81027464,24.6398787,1000000000
257,19.47915458,18.18130007,16.02423696,13.32611082,16.58157275,14.13177481,16.18515678,18.03837278,21.07949687,2.490863989,69.57358456,70.56310587,92.81027464,24.6398787,1000000000
258,19.47915458,18.18130007,16.02423696,13.32611082,16.58157275,14.13177481,16.18515678,18.03837278,21.07949687,2.490863989,69.57358456,70.56310587,92.81027464,24.6398787,1000000000
259,19.47915458,18.18130007,16.02423696,13.32611082,16.58157275,14.13177481,16.18515678,18.03837278,21.07949687,2.490863989,69.57358456,70.56310587,92.81027464,24.6398787,1000000000
260,19.47915458,18.18130007,16.02423696,13.32611082,16.58157275,14.13177481,16.18515678,18.03837278,21.07949687,2.490863989,69.57358456,70.56310587,92.81027464,24.6398787,1000000000
261,19.47915458,18.18130007,16.02423696,13.32611082,16.58157275,14.13177481,16.18515678,18.03837278,21.07949687,2.490863989,69.57358456,70.56310587,92.81027464,24.6398787,1000000000
262,19.47915458,18.18130007,16.02423696,13.32611082,16.58157275,14.13177481,16.18515678,18.03837278,21.07949687,2.490863989,69.57358456,70.56310587,92.81027464,24.6398787,1000000000
263,19.47915458,18.18130007,16.02423696,13.32611082,16.58157275,14.13177481,16.18515678,18.03837278,21.07949687,2.490863989,69.57358456,70.56310587,92.81027464,24.6398787,1000000000
264,19.47915458,18.18130007,16.02423696,13.32611082,16.58157275,14.13177481,16.18515678,18.03837278,21.07949687,2.490863989,69.57358456,70.56310587,92.81027464,24.6398787,1000000000
265,19.47915458,18.18130007,16.02423696,13.32611082,16.58157275,14.13177481,16.18515678,18.03837278,21.07949687,2.490863989,69.57358456,70.56310587,92.81027464,24.6398787,1000000000
266,19.47915458,18.18130007,16.02423696,13.32611082,16.58157275,14.13177481,16.18515678,18.03837278,21.07949687,2.490863989,69.57358456,70.56310587,92.81027464,24.6398787,1000000000
267,19.47915458,18.18130007,16.02423696,13.32611082,16.58157275,14.13177481,16.18515678,18.03837278,21.07949687,2.490863989,69.57358456,70.56310587,92.81027464,24.6398787,1000000000
268,19.47915458,18.18130007,16.02423696,13.32611082,16.58157275,14.13177481,16.18515678,18.03837278,21.07949687,2.490863989,69.57358456,70.56310587,92.81027464,24.6398787,1000000000
269,19.47915458,18.18130007,16.02423696,13.32611082,16.58157275,14.13177481,16.18515678,18.03837278,21.07949687,2.490863989,69.57358456,70.56310587,92.81027464,24.6398787,1000000000
270,19.47915458,18.18130007,16.02423696,13.32611082,16.58157275,14.13177481,16.18515678,18.03837278,21.07949687,2.490863989,69.57358456,70.56310587,92.81027464,24.6398787,1000000000
271,19.47915458,18.18130007,16.02423696,13.32611082,16.58157275,14.13177481,16.18515678,18.03837278,21.07949687,2.490863989,69.57358456,70.56310587,92.81027464,24.6398787,1000000000
272,19.47915458,18.18130007,16.02423696,13.32611082,16.58157275,14.13177481,16.18515678,18.03837278,21.07949687,2.490863989,69.57358456,70.56310587,92.81027464,24.6398787,1000000000
273,19.47915458,18.18130007,16.02423696,13.32611082,16.58157275,14.13177481,16.18515678,18.03837278,21.07949687,2.490863989,69.57358456,70.56310587,92.81027464,24.6398787,1000000000
274,19.47915458,18.18130007,16.02423696,13.32611082,16.58157275,14.13177481,16.18515678,18.03837278,21.07949687,2.490863989,69.57358456,70.56310587,92.81027464,24.6398787,1000000000
275,19.47915458,18.18130007,16.02423696,13.32611082,16.58157275,14.13177481,16.18515678,18.03837278,21.07949687,2.490863989,69.57358456,70.56310587,92.81027464,24.6398787,1000000000
276,19.47915458,18.18130007,16.02423696,13.32611082,16.58157275,14.13177481,16.18515678,18.03837278,21.07949687,2.490863989,69.57358456,70.56310587,92.81027464,24.6398787,1000000000
277,19.47915458,18.18130007,16.02423696,13.32611082,16.58157275,14.13177481,16.18515678,18.03837278,21.07949687,2.490863989,69.57358456,70.56310587,92.81027464,24.6398787,1000000000
278,19.47915458,18.18130007,16.02423696,13.32611082,16.58157275,14.13177481,16.18515678,18.03837278,21.07949687,2.490863989,69.57358456,70.56310587,92.81027464,24.6398787,1000000000
279,19.47915458,18.18130007,16.02423696,13.32611082,16.58157275,14.13177481,16.18515678,18.03837278,21.07949687,2.490863989,69.57358456,70.56310587,92.81027464,24.6398787,1000000000
280,19.47915458,18.18130007,16.02423696,13.32611082,16.58157275,14.13177481,16.18515678,18.03837278,21.07949687,2.490863989,69.57358456,70.56310587,92.81027464,24.6398787,1000000000
281,19.47915458,18.18130007,16.02423696,13.32611082,16.58157275,14.13177481,16.18515678,18.03837278,21.07949687,2.490863989,69.57358456,70.56310587,92.81027464,24.6398787,1000000000
282,19.47915458,18.18130007,16.02423696,13.32611082,16.58157275,14.13177481,16.18515678,18.03837278,21.07949687,2.490863989,69.57358456,70.56310587,92.81027464,24.6398787,1000000000
283,19.47915458,18.18130007,16.02423696,13.32611082,16.58157275,14.13177481,16.18515678,18.03837278,21.07949687,2.490863989,69.57358456,70.56310587,92.81027464,24.6398787,1000000000
284,19.47915458,18.18130007,16.02423696,13.32611082,16.58157275,14.13177481,16.18515678,18.03837278,21.07949687,2.490863989,69.57358456,70.56310587,92.81027464,24.6398787,1000000000
285,19.47915458,18.18130007,16.02423696,13.32611082,16.58157275,14.13177481,16.18515678,18.03837278,21.07949687,2.490863989,69.57358456,70.56310587,92.81027464,24.6398787,1000000000
286,19.47915458,18.18130007,16.02423696,13.32611082,16.58157275,14.13177481,16.18515678,18.03837278,21.07949687,2.490863989,69.57358456,70.56310587,92.81027464,24.6398787,1000000000
287,19.47915458,18.18130007,16.02423696,13.32611082,16.58157275,14.13177481,16.18515678,18.03837278,21.07949687,2.490863989,69.57358456,70.56310587,92.81027464,24.6398787,1000000000
288,19.47915458,18.18130007,16.02423696,13.32611082,16.58157275,14.13177481,16.18515678,18.03837278,21.07949687,2.490863989,69.57358456,70.56310587,92.81027464,24.6398787,1000000000
289,19.47915458,18.18130007,16.02423696,13.32611082,16.58157275,14.13177481,16.18515678,18.03837278,21.07949687,2.490863989,69.57358456,70.56310587,92.81027464,24.6398787,1000000000
290,19.47915458,18.18130007,16.02423696,13.32611082,16.58157275,14.13177481,16.18515678,18.03837278,21.07949687,2.490863989,69.57358456,70.56310587,92.81027464,24.6398787,1000000000
291,19.47915458,18.18130007,16.02423696,13.32611082,16.58157275,14.13177481,16.18515678,18.03837278,21.07949687,2.490863989,69.57358456,70.56310587,92.81027464,24.6398787,1000000000
292,19.47915458,18.18130007,16.02423696,13.32611082,16.58157275,14.13177481,16.18515678,18.03837278,21.07949687,2.490863989,69.57358456,70.56310587,92.81027464,24.6398787,1000000000
293,19.47915458,18.18130007,16.02423696,13.32611082,16.58157275,14.13177481,16.18515678,18.03837278,21.07949687,2.490863989,69.57358456,70.56310587,92.81027464,24.6398787,1000000000
294,19.47915458,18.18130007,16.02423696,13.32611082,16.58157275,14.13177481,16.18515678,18.03837278,21.07949687,2.490863989,69.57358456,70.56310587,92.81027464,24.6398787,1000000000
295,19.47915458,18.18130007,16.02423696,13.32611082,16.58157275,14.13177481,16.18515678,18.03837278,21.07949687,2.490863989,69.57358456,70.56310587,92.81027464,24.6398787,1000000000
296,19.47915458,18.18130007,16.02423696,13.32611082,16.58157275,14.13177481,16.18515678,18.03837278,21.07949687,2.490863989,69.57358456,70.56310587,92.81027464,24.6398787,1000000000
297,19.47915458,18.18130007,16.02423696,13.32611082,16.58157275,14.13177481,16.18515678,18.03837278,21.07949687,2.490863989,69.57358456,70.56310587,92.81027464,24.6398787,1000000000
298,19.47915458,18.18130007,16.02423696,13.32611082,16.58157275,14.13177481,16.18515678,18.03837278,21.07949687,2.490863989,69.57358456,70.56310587,92.81027464,24.6398787,1000000000
299,19.47915458,18.18130007,16.02423696,13.32611082,16.58157275,14.13177481,16.18515678,18.03837278,21.07949687,2.490863989,69.57358456,70.56310587,92.81027464,24.6398787,1000000000
300,19.47915458,18.18130007,16.02423696,13.32611082,16.58157275,14.13177481,16.18515678,18.03837278,21.07949687,2.490863989,69.57358456,70.56310587,92.81027464,24.6398787,1000000000
301,19.47915458,18.18130007,16.02423696,13.32611082,16.58157275,14.13177481,16.18515678,18.03837278,21.07949687,2.490863989,69.57358456,70.56310587,92.81027464,24.6398787,1000000000
302,19.47915458,18.18130007,16.02423696,13.32611082,16.58157275,14.13177481,16.18515678,18.03837278,21.07949687,2.490863989,69.57358456,70.56310587,92.81027464,24.6398787,1000000000
303,19.47915458,18.18130007,16.02423696,13.32611082,16.58157275,14.13177481,16.18515678,18.03837278,21.07949687,2.490863989,69.57358456,70.56310587,92.81027464,24.6398787,1000000000
304,19.47915458,18.18130007,16.02423696,13.32611082,16.58157275,14.13177481,16.18515678,18.03837278,21.07949687,2.490863989,69.57358456,70.56310587,92.81027464,24.6398787,1000000000
305,19.47915458,18.18130007,16.02423696,13.32611082,16.58157275,14.13177481,16.18515678,18.03837278,21.07949687,2.490863989,69.57358456,70.56310587,92.81027464,24.6398787,1000000000
306,19.47915458,18.18130007,16.02423696,13.32611082,16.58157275,14.13177481,16.18515678,18.03837278,21.07949687,2.490863989,69.57358456,70.56310587,92.81027464,24.6398787,1000000000
307,19.47915458,18.18130007,16.02423696,13.32611082,16.58157275,14.13177481,16.18515678,18.03837278,21.07949687,2.490863989,69.57358456,70.56310587,92.81027464,24.6398787,1000000000
308,19.47915458,18.18130007,16.02423696,13.32611082,16.58157275,14.13177481,16.18515678,18.03837278,21.07949687,2.490863989,69.57358456,70.56310587,92.81027464,24.6398787,1000000000
309,19.47915458,18.18130007,16.02423696,13.32611082,16.58157275,14.13177481,16.18515678,18.03837278,21.07949687,2.490863989,69.57358456,70.56310587,92.81027464,24.6398787,1000000000
310,19.47915458,18.18130007,16.02423696,13.32611082,16.58157275,14.13177481,16.18515678,18.03837278,21.07949687,2.490863989,69.57358456,70.56310587,92.81027464,24.6398787,1000000000
311,19.47915458,18.18130007,16.02423696,13.32611082,16.58157275,14.13177481,16.18515678,18.03837278,21.07949687,2.490863989,69.57358456,70.56310587,92.81027464,24.6398787,1000000000
312,19.47915458,18.18130007,16.02423696,13.32611082,16.58157275,14.13177481,16.18515678,18.03837278,21.07949687,2.490863989,69.57358456,70.56310587,92.81027464,24.6398787,1000000000
313,19.47915458,18.18130007,16.02423696,13.32611082,16.58157275,14.13177481,16.18515678,18.03837278,21.07949687,2.490863989,69.57358456,70.56310587,92.81027464,24.6398787,1000000000
314,19.47915458,18.18130007,16.02423696,13.32611082,16.58157275,14.13177481,16.18515678,18.03837278,21.07949687,2.490863989,69.57358456,70.56310587,92.81027464,24.6398787,1000000000
315,19.47915458,18.18130007,16.02423696,13.32611082,16.58157275,14.13177481,16.18515678,18.03837278,21.07949687,2.490863989,69.57358456,70.56310587,92.81027464,24.6398787,1000000000
316,19.47915458,18.18130007,16.02423696,13.32611082,16.58157275,14.13177481,16.18515678,18.03837278,21.07949687,2.490863989,69.57358456,70.56310587,92.81027464,24.6398787,1000000000
317,19.47915458,18.18130007,16.02423696,13.32611082,16.58157275,14.13177481,16.18515678,18.03837278,21.07949687,2.490863989,69.57358456,70.56310587,92.81027464,24.6398787,1000000000
318,19.47915458,18.18130007,16.02423696,13.32611082,16.58157275,14.13177481,16.18515678,18.03837278,21.07949687,2.490863989,69.57358456,70.56310587,92.81027464,24.6398787,1000000000
319,19.47915458,18.18130007,16.02423696,13.32611082,16.58157275,14.13177481,16.18515678,18.03837278,21.07949687,2.490863989,69.57358456,70.56310587,92.81027464,24.6398787,1000000000
320,19.47915458,18.18130007,16.02423696,13.32611082,16.58157275,14.13177481,16.18515678,18.03837278,21.07949687,2.490863989,69.57358456,70.56310587,92.81027464,24.6398787,1000000000
321,19.47915458,18.18130007,16.02423696,13.32611082,16.58157275,14.13177481,16.18515678,18.03837278,21.07949687,2.490863989,69.57358456,70.56310587,92.81027464,24.6398787,1000000000
322,19.47915458,18.18130007,16.02423696,13.32611082,16.58157275,14.13177481,16.18515678,18.03837278,21.07949687,2.490863989,69.57358456,70.56310587,92.81027464,24.6398787,1000000000
323,19.47915458,18.18130007,16.02423696,13.32611082,16.58157275,14.13177481,16.18515678,18.03837278,21.07949687,2.490863989,69.57358456,70.56310587,92.81027464,24.6398787,1000000000
324,19.47915458,18.18130007,16.02423696,13.32611082,16.58157275,14.13177481,16.18515678,18.03837278,21.07949687,2.490863989,69.57358456,70.56310587,92.81027464,24.6398787,1000000000
325,19.47915458,18.18130007,16.02423696,13.32611082,16.58157275,14.13177481,16.18515678,18.03837278,21.07949687,2.490863989,69.57358456,70.56310587,92.81027464,24.6398787,1000000000
326,19.47915458,18.18130007,16.02423696,13.32611082,16.58157275,14.13177481,16.18515678,18.03837278,21.07949687,2.490863989,69.57358456,70.56310587,92.81027464,24.6398787,1000000000
327,19.47915458,18.18130007,16.02423696,13.32611082,16.58157275,14.13177481,16.18515678,18.03837278,21.07949687,2.490863989,69.57358456,70.56310587,92.81027464,24.6398787,1000000000
328,19.47915458,18.18130007,16.02423696,13.32611082,16.58157275,14.13177481,16.18515678,18.03837278,21.07949687,2.490863989,69.57358456,70.56310587,92.81027464,24.6398787,1000000000
329,19.47915458,18.18130007,16.02423696,13.32611082,16.58157275,14.13177481,16.18515678,18.03837278,21.07949687,2.490863989,69.57358456,70.56310587,92.81027464,24.6398787,1000000000
330,19.47915458,18.18130007,16.02423696,13.32611082,16.58157275,14.13177481,16.18515678,18.03837278,21.07949687,2.490863989,69.57358456,70.56310587,92.81027464,24.6398787,1000000000
331,19.47915458,18.18130007,16.02423696,13.32611082,16.58157275,14.13177481,16.18515678,18.03837278,21.07949687,2.490863989,69.57358456,70.56310587,92.81027464,24.6398787,1000000000
332,19.47915458,18.18130007,16.02423696,13.32611082,16.58157275,14.13177481,16.18515678,18.03837278,21.07949687,2.490863989,69.57358456,70.56310587,92.81027464,24.6398787,1000000000
333,19.47915458,18.18130007,16.02423696,13.32611082,16.58157275,14.13177481,16.18515678,18.03837278,21.07949687,2.490863989,69.57358456,70.56310587,92.81027464,24.6398787,1000000000
334,19.47915458,18.18130007,16.02423696,13.32611082,16.58157275,14.13177481,16.18515678,18.03837278,21.07949687,2.490863989,69.57358456,70.56310587,92.81027464,24.6398787,1000000000
335,19.47915458,18.18130007,16.02423696,13.32611082,16.58157275,14.13177481,16.18515678,18.03837278,21.07949687,2.490863989,69.57358456,70.56310587,92.81027464,24.6398787,1000000000
336,19.47915458,18.18130007,16.02423696,13.32611082,16.58157275,14.13177481,16.18515678,18.03837278,21.07949687,2.490863989,69.57358456,70.56310587,92.81027464,24.6398787,1000000000
337,19.47915458,18.18130007,16.02423696,13.32611082,16.58157275,14.13177481,16.18515678,18.03837278,21.07949687,2.490863989,69.57358456,70.56310587,92.81027464,24.6398787,1000000000
338,19.47915458,18.18130007,16.02423696,13.32611082,16.58157275,14.13177481,16.18515678,18.03837278,21.07949687,2.490863989,69.57358456,70.56310587,92.81027464,24.6398787,1000000000
339,19.47915458,18.18130007,16.02423696,13.32611082,16.58157275,14.13177481,16.18515678,18.03837278,21.07949687,2.490863989,69.57358456,70.56310587,92.81027464,24.6398787,1000000000
340,19.47915458,18.18130007,16.02423696,13.32611082,16.58157275,14.13177481,16.18515678,18.03837278,21.07949687,2.490863989,69.57358456,70.56310587,92.81027464,24.6398787,1000000000
341,19.47915458,18.18130007,16.02423696,13.32611082,16.58157275,14.13177481,16.18515678,18.03837278,21.07949687,2.490863989,69.57358456,70.56310587,92.81027464,24.6398787,1000000000
342,19.47915458,18.18130007,16.02423696,13.32611082,16.58157275,14.13177481,16.18515678,18.03837278,21.07949687,2.490863989,69.57358456,70.56310587,92.81027464,24.6398787,1000000000
343,19.47915458,18.18130007,16.02423696,13.32611082,16.58157275,14.13177481,16.18515678,18.03837278,21.07949687,2.490863989,69.57358456,70.56310587,92.81027464,24.6398787,1000000000
344,19.47915458,18.18130007,16.02423696,13.32611082,16.58157275,14.13177481,16.18515678,18.03837278,21.07949687,2.490863989,69.57358456,70.56310587,92.81027464,24.6398787,1000000000
345,19.47915458,18.18130007,16.02423696,13.32611082,16.58157275,14.13177481,16.18515678,18.03837278,21.07949687,2.490863989,69.57358456,70.56310587,92.81027464,24.6398787,1000000000
346,19.47915458,18.18130007,16.02423696,13.32611082,16.58157275,14.13177481,16.18515678,18.03837278,21.07949687,2.490863989,69.57358456,70.56310587,92.81027464,24.6398787,1000000000
347,19.47915458,18.18130007,16.02423696,13.32611082,16.58157275,14.13177481,16.18515678,18.03837278,21.07949687,2.490863989,69.57358456,70.56310587,92.81027464,24.6398787,1000000000
348,19.47915458,18.18130007,16.02423696,13.32611082,16.58157275,14.13177481,16.18515678,18.03837278,21.07949687,2.490863989,69.57358456,70.56310587,92.81027464,24.6398787,1000000000
349,19.47915458,18.18130007,16.02423696,13.32611082,16.58157275,14.13177481,16.18515678,18.03837278,21.07949687,2.490863989,69.57358456,70.56310587,92.81027464,24.6398787,1000000000
350,19.47915458,18.18130007,16.02423696,13.32611082,16.58157275,14.13177481,16.18515678,18.03837278,21.07949687,2.490863989,69.57358456,70.56310587,92.81027464,24.6398787,1000000000
351,19.47915458,18.18130007,16.02423696,13.32611082,16.58157275,14.13177481,16.18515678,18.03837278,21.07949687,2.490863989,69.57358456,70.56310587,92.81027464,24.6398787,1000000000
352,19.47915458,18.18130007,16.02423696,13.32611082,16.58157275,14.13177481,16.18515678,18.03837278,21.07949687,2.490863989,69.57358456,70.56310587,92.81027464,24.6398787,1000000000
353,19.47915458,18.18130007,16.02423696,13.32611082,16.58157275,14.13177481,16.18515678,18.03837278,21.07949687,2.490863989,69.57358456,70.56310587,92.81027464,24.6398787,1000000000
354,19.47915458,18.18130007,16.02423696,13.32611082,16.58157275,14.13177481,16.18515678,18.03837278,21.07949687,2.490863989,69.57358456,70.56310587,92.81027464,24.6398787,1000000000
355,19.47915458,18.18130007,16.02423696,13.32611082,16.58157275,14.13177481,16.18515678,18.03837278,21.07949687,2.490863989,69.57358456,70.56310587,92.81027464,24.6398787,1000000000
356,19.47915458,18.18130007,16.02423696,13.32611082,16.58157275,14.13177481,16.18515678,18.03837278,21.07949687,2.490863989,69.57358456,70.56310587,92.81027464,24.6398787,1000000000
357,19.47915458,18.18130007,16.02423696,13.32611082,16.58157275,14.13177481,16.18515678,18.03837278,21.07949687,2.490863989,69.57358456,70.56310587,92.81027464,24.6398787,1000000000
358,19.47915458,18.18130007,16.02423696,13.32611082,16.58157275,14.13177481,16.18515678,18.03837278,21.07949687,2.490863989,69.57358456,70.56310587,92.81027464,24.6398787,1000000000
359,19.47915458,18.18130007,16.02423696,13.32611082,16.58157275,14.13177481,16.18515678,18.03837278,21.07949687,2.490863989,69.57358456,70.56310587,92.81027464,24.6398787,1000000000
360,19.47915458,18.18130007,16.02423696,13.32611082,16.58157275,14.13177481,16.18515678,18.03837278,21.07949687,2.490863989,69.57358456,70.56310587,92.81027464,24.6398787,1000000000
361,19.47915458,18.18130007,16.02423696,13.32611082,16.58157275,14.13177481,16.18515678,18.03837278,21.07949687,2.490863989,69.57358456,70.56310587,92.81027464,24.6398787,1000000000
362,19.47915458,18.18130007,16.02423696,13.32611082,16.58157275,14.13177481,16.18515678,18.03837278,21.07949687,2.490863989,69.57358456,70.56310587,92.81027464,24.6398787,1000000000
363,19.47915458,18.18130007,16.02423696,13.32611082,16.58157275,14.13177481,16.18515678,18.03837278,21.07949687,2.490863989,69.57358456,70.56310587,92.81027464,24.6398787,1000000000
364,19.47915458,18.18130007,16.02423696,13.32611082,16.58157275,14.13177481,16.18515678,18.03837278,21.07949687,2.490863989,69.57358456,70.56310587,92.81027464,24.6398787,1000000000
365,19.47915458,18.18130007,16.02423696,13.32611082,16.58157275,14.13177481,16.18515678,18.03837278,21.07949687,2.490863989,69.57358456,70.56310587,92.81027464,24.6398787,1000000000
366,19.47915458,18.18130007,16.02423696,13.32611082,16.58157275,14.13177481,16.18515678,18.03837278,21.07949687,2.490863989,69.57358456,70.56310587,92.81027464,24.6398787,1000000000
367,19.47915458,18.18130007,16.02423696,13.32611082,16.58157275,14.13177481,16.18515678,18.03837278,21.07949687,2.490863989,69.57358456,70.56310587,92.81027464,24.6398787,1000000000
368,19.47915458,18.18130007,16.02423696,13.32611082,16.58157275,14.13177481,16.18515678,18.03837278,21.07949687,2.490863989,69.57358456,70.56310587,92.81027464,24.6398787,1000000000
369,19.47915458,18.18130007,16.02423696,13.32611082,16.58157275,14.13177481,16.18515678,18.03837278,21.07949687,2.490863989,69.57358456,70.56310587,92.81027464,24.6398787,1000000000
370,19.47915458,18.18130007,16.02423696,13.32611082,16.58157275,14.13177481,16.18515678,18.03837278,21.07949687,2.490863989,69.57358456,70.56310587,92.81027464,24.6398787,1000000000
371,19.47915458,18.18130007,16.02423696,13.32611082,16.58157275,14.13177481,16.18515678,18.03837278,21.07949687,2.490863989,69.57358456,70.56310587,92.81027464,24.6398787,1000000000
372,19.47915458,18.18130007,16.02423696,13.32611082,16.58157275,14.13177481,16.18515678,18.03837278,21.07949687,2.490863989,69.57358456,70.56310587,92.81027464,24.6398787,1000000000
373,19.47915458,18.18130007,16.02423696,13.32611082,16.58157275,14.13177481,16.18515678,18.03837278,21.07949687,2.490863989,69.57358456,70.56310587,92.81027464,24.6398787,1000000000
374,19.47915458,18.18130007,16.02423696,13.32611082,16.58157275,14.13177481,16.18515678,18.03837278,21.07949687,2.490863989,69.57358456,70.56310587,92.81027464,24.6398787,1000000000
375,19.47915458,18.18130007,16.02423696,13.32611082,16.58157275,14.13177481,16.18515678,18.03837278,21.07949687,2.490863989,69.57358456,70.56310587,92.81027464,24.6398787,1000000000
376,19.47915458,18.18130007,16.02423696,13.32611082,16.58157275,14.13177481,16.18515678,18.03837278,21.07949687,2.490863989,69.57358456,70.56310587,92.81027464,24.6398787,1000000000
377,19.47915458,18.18130007,16.02423696,13.32611082,16.58157275,14.13177481,16.18515678,18.03837278,21.07949687,2.490863989,69.57358456,70.56310587,92.81027464,24.6398787,1000000000
378,19.47915458,18.18130007,16.02423696,13.32611082,16.58157275,14.13177481,16.18515678,18.03837278,21.07949687,2.490863989,69.57358456,70.56310587,92.81027464,24.6398787,1000000000
379,19.47915458,18.18130007,16.02423696,13.32611082,16.58157275,14.13177481,16.18515678,18.03837278,21.07949687,2.490863989,69.57358456,70.56310587,92.81027464,24.6398787,1000000000
380,19.47915458,18.18130007,16.02423696,13.32611082,16.58157275,14.13177481,16.18515678,18.03837278,21.07949687,2.490863989,69.57358456,70.56310587,92.81027464,24.6398787,1000000000
381,19.47915458,18.18130007,16.02423696,13.32611082,16.58157275,14.13177481,16.18515678,18.03837278,21.07949687,2.490863989,69.57358456,70.56310587,92.81027464,24.6398787,1000000000
382,19.47915458,18.18130007,16.02423696,13.32611082,16.58157275,14.13177481,16.18515678,18.03837278,21.07949687,2.490863989,69.57358456,70.56310587,92.81027464,24.6398787,1000000000
383,19.47915458,18.18130007,16.02423696,13.32611082,16.58157275,14.13177481,16.18515678,18.03837278,21.07949687,2.490863989,69.57358456,70.56310587,92.81027464,24.6398787,1000000000
384,19.47915458,18.18130007,16.02423696,13.32611082,16.58157275,14.13177481,16.18515678,18.03837278,21.07949687,2.490863989,69.57358456,70.56310587,92.81027464,24.6398787,1000000000
385,19.47915458,18.18130007,16.02423696,13.32611082,16.58157275,14.13177481,16.18515678,18.03837278,21.07949687,2.490863989,69.57358456,70.56310587,92.81027464,24.6398787,1000000000
386,19.47915458,18.18130007,16.02423696,13.32611082,16.58157275,14.13177481,16.18515678,18.03837278,21.07949687,2.490863989,69.57358456,70.56310587,92.81027464,24.6398787,1000000000
387,19.47915458,18.18130007,16.02423696,13.32611082,16.58157275,14.13177481,16.18515678,18.03837278,21.07949687,2.490863989,69.57358456,70.56310587,92.81027464,24.6398787,1000000000
388,19.47915458,18.18130007,16.02423696,13.32611082,16.58157275,14.13177481,16.18515678,18.03837278,21.07949687,2.490863989,69.57358456,70.56310587,92.81027464,24.6398787,1000000000
389,19.47915458,18.18130007,16.02423696,13.32611082,16.58157275,14.13177481,16.18515678,18.03837278,21.07949687,2.490863989,69.57358456,70.56310587,92.81027464,24.6398787,1000000000
390,19.47915458,18.18130007,16.02423696,13.32611082,16.58157275,14.13177481,16.18515678,18.03837278,21.07949687,2.490863989,69.57358456,70.56310587,92.81027464,24.6398787,1000000000
391,19.47915458,18.18130007,16.02423696,13.32611082,16.58157275,14.13177481,16.18515678,18.03837278,21.07949687,2.490863989,69.57358456,70.56310587,92.81027464,24.6398787,1000000000
392,19.47915458,18.18130007,16.02423696,13.32611082,16.58157275,14.13177481,16.18515678,18.03837278,21.07949687,2.490863989,69.57358456,70.56310587,92.81027464,24.6398787,1000000000
393,19.47915458,18.18130007,16.02423696,13.32611082,16.58157275,14.13177481,16.18515678,18.03837278,21.07949687,2.490863989,69.57358456,70.56310587,92.81027464,24.6398787,1000000000
394,19.47915458,18.18130007,16.02423696,13.32611082,16.58157275,14.13177481,16.18515678,18.03837278,21.07949687,2.490863989,69.57358456,70.56310587,92.81027464,24.6398787,1000000000
395,19.47915458,18.18130007,16.02423696,13.32611082,16.58157275,14.13177481,16.18515678,18.03837278,21.07949687,2.490863989,69.57358456,70.56310587,92.81027464,24.6398787,1000000000
396,19.47915458,18.18130007,16.02423696,13.32611082,16.58157275,14.13177481,16.18515678,18.03837278,21.07949687,2.490863989,69.57358456,70.56310587,92.81027464,24.6398787,1000000000
397,19.47915458,18.18130007,16.02423696,13.32611082,16.58157275,14.13177481,16.18515678,18.03837278,21.07949687,2.490863989,69.57358456,70.56310587,92.81027464,24.6398787,1000000000
398,19.47915458,18.18130007,16.02423696,13.32611082,16.58157275,14.13177481,16.18515678,18.03837278,21.07949687,2.490863989,69.57358456,70.56310587,92.81027464,24.6398787,1000000000
399,19.47915458,18.18130007,16.02423696,13.32611082,16.58157275,14.13177481,16.18515678,18.03837278,21.07949687,2.490863989,69.57358456,70.56310587,92.81027464,24.6398787,1000000000
400,19.47915458,18.18130007,16.02423696,13.32611082,16.58157275,14.13177481,16.18515678,18.03837278,21.07949687,2.490863989,69.57358456,70.56310587,92.81027464,24.6398787,1000000000
401,19.47915458,18.18130007,16.02423696,13.32611082,16.58157275,14.13177481,16.18515678,18.03837278,21.07949687,2.490863989,69.57358456,70.56310587,92.81027464,24.6398787,1000000000
402,19.47915458,18.18130007,16.02423696,13.32611082,16.58157275,14.13177481,16.18515678,18.03837278,21.07949687,2.490863989,69.57358456,70.56310587,92.81027464,24.6398787,1000000000
403,19.47915458,18.18130007,16.02423696,13.32611082,16.58157275,14.13177481,16.18515678,18.03837278,21.07949687,2.490863989,69.57358456,70.56310587,92.81027464,24.6398787,1000000000
404,19.47915458,18.18130007,16.02423696,13.32611082,16.58157275,14.13177481,16.18515678,18.03837278,21.07949687,2.490863989,69.57358456,70.56310587,92.81027464,24.6398787,1000000000
405,19.47915458,18.18130007,16.02423696,13.32611082,16.58157275,14.13177481,16.18515678,18.03837278,21.07949687,2.490863989,69.57358456,70.56310587,92.81027464,24.6398787,1000000000
406,19.47915458,18.18130007,16.02423696,13.32611082,16.58157275,14.13177481,16.18515678,18.03837278,21.07949687,2.490863989,69.57358456,70.56310587,92.81027464,24.6398787,1000000000
407,19.47915458,18.18130007,16.02423696,13.32611082,16.58157275,14.13177481,16.18515678,18.03837278,21.07949687,2.490863989,69.57358456,70.56310587,92.81027464,24.6398787,1000000000
408,19.47915458,18.18130007,16.02423696,13.32611082,16.58157275,14.13177481,16.18515678,18.03837278,21.07949687,2.490863989,69.57358456,70.56310587,92.81027464,24.6398787,1000000000
409,19.47915458,18.18130007,16.02423696,13.32611082,16.58157275,14.13177481,16.18515678,18.03837278,21.07949687,2.490863989,69.57358456,70.56310587,92.81027464,24.6398787,1000000000
410,19.47915458,18.18130007,16.02423696,13.32611082,16.58157275,14.13177481,16.18515678,18.03837278,21.07949687,2.490863989,69.57358456,70.56310587,92.81027464,24.6398787,1000000000
411,19.47915458,18.18130007,16.02423696,13.32611082,16.58157275,14.13177481,16.18515678,18.03837278,21.07949687,2.490863989,69.57358456,70.56310587,92.81027464,24.6398787,1000000000
412,19.47915458,18.18130007,16.02423696,13.32611082,16.58157275,14.13177481,16.18515678,18.03837278,21.07949687,2.490863989,69.57358456,70.56310587,92.81027464,24.6398787,1000000000
413,19.47915458,18.18130007,16.02423696,13.32611082,16.58157275,14.13177481,16.18515678,18.03837278,21.07949687,2.490863989,69.57358456,70.56310587,92.81027464,24.6398787,1000000000
414,19.47915458,18.18130007,16.02423696,13.32611082,16.58157275,14.13177481,16.18515678,18.03837278,21.07949687,2.490863989,69.57358456,70.56310587,92.81027464,24.6398787,1000000000
415,19.47915458,18.18130007,16.02423696,13.32611082,16.58157275,14.13177481,16.18515678,18.03837278,21.07949687,2.490863989,69.57358456,70.56310587,92.81027464,24.6398787,1000000000
416,19.47915458,18.18130007,16.02423696,13.32611082,16.58157275,14.13177481,16.18515678,18.03837278,21.07949687,2.490863989,69.57358456,70.56310587,92.81027464,24.6398787,1000000000
417,19.47915458,18.18130007,16.02423696,13.32611082,16.58157275,14.13177481,16.18515678,18.03837278,21.07949687,2.490863989,69.57358456,70.56310587,92.81027464,24.6398787,1000000000
418,19.47915458,18.18130007,16.02423696,13.32611082,16.58157275,14.13177481,16.18515678,18.03837278,21.07949687,2.490863989,69.57358456,70.56310587,92.81027464,24.6398787,1000000000
419,19.47915458,18.18130007,16.02423696,13.32611082,16.58157275,14.13177481,16.18515678,18.03837278,21.07949687,2.490863989,69.57358456,70.56310587,92.81027464,24.6398787,1000000000
420,19.47915458,18.18130007,16.02423696,13.32611082,16.58157275,14.13177481,16.18515678,18.03837278,21.07949687,2.490863989,69.57358456,70.56310587,92.81027464,24.6398787,1000000000
421,19.47915458,18.18130007,16.02423696,13.32611082,16.58157275,14.13177481,16.18515678,18.03837278,21.07949687,2.490863989,69.57358456,70.56310587,92.81027464,24.6398787,1000000000
422,19.47915458,18.18130007,16.02423696,13.32611082,16.58157275,14.13177481,16.18515678,18.03837278,21.07949687,2.490863989,69.57358456,70.56310587,92.81027464,24.6398787,1000000000
423,19.47915458,18.18130007,16.02423696,13.32611082,16.58157275,14.13177481,16.18515678,18.03837278,21.07949687,2.490863989,69.57358456,70.56310587,92.81027464,24.6398787,1000000000
424,19.47915458,18.18130007,16.02423696,13.32611082,16.58157275,14.13177481,16.18515678,18.03837278,21.07949687,2.490863989,69.57358456,70.56310587,92.81027464,24.6398787,1000000000
425,19.47915458,18.18130007,16.02423696,13.32611082,16.58157275,14.13177481,16.18515678,18.03837278,21.07949687,2.490863989,69.57358456,70.56310587,92.81027464,24.6398787,1000000000
426,19.47915458,18.18130007,16.02423696,13.32611082,16.58157275,14.13177481,16.18515678,18.03837278,21.07949687,2.490863989,69.57358456,70.56310587,92.81027464,24.6398787,1000000000
427,19.47915458,18.18130007,16.02423696,13.32611082,16.58157275,14.13177481,16.18515678,18.03837278,21.07949687,2.490863989,69.57358456,70.56310587,92.81027464,24.6398787,1000000000
428,19.47915458,18.18130007,16.02423696,13.32611082,16.58157275,14.13177481,16.18515678,18.03837278,21.07949687,2.490863989,69.57358456,70.56310587,92.81027464,24.6398787,1000000000
429,19.47915458,18.18130007,16.02423696,13.32611082,16.58157275,14.13177481,16.18515678,18.03837278,21.07949687,2.490863989,69.57358456,70.56310587,92.81027464,24.6398787,1000000000
430,19.47915458,18.18130007,16.02423696,13.32611082,16.58157275,14.13177481,16.18515678,18.03837278,21.07949687,2.490863989,69.57358456,70.56310587,92.81027464,24.6398787,1000000000
431,19.47915458,18.18130007,16.02423696,13.32611082,16.58157275,14.13177481,16.18515678,18.03837278,21.07949687,2.490863989,69.57358456,70.56310587,92.81027464,24.6398787,1000000000
432,19.47915458,18.18130007,16.02423696,13.32611082,16.58157275,14.13177481,16.18515678,18.03837278,21.07949687,2.490863989,69.57358456,70.56310587,92.81027464,24.6398787,1000000000
433,19.47915458,18.18130007,16.02423696,13.32611082,16.58157275,14.13177481,16.18515678,18.03837278,21.07949687,2.490863989,69.57358456,70.56310587,92.81027464,24.6398787,1000000000
434,19.47915458,18.18130007,16.02423696,13.32611082,16.58157275,14.13177481,16.18515678,18.03837278,21.07949687,2.490863989,69.57358456,70.56310587,92.81027464,24.6398787,1000000000
435,19.47915458,18.18130007,16.02423696,13.32611082,16.58157275,14.13177481,16.18515678,18.03837278,21.07949687,2.490863989,69.57358456,70.56310587,92.81027464,24.6398787,1000000000
436,19.47915458,18.18130007,16.02423696,13.32611082,16.58157275,14.13177481,16.18515678,18.03837278,21.07949687,2.490863989,69.57358456,70.56310587,92.81027464,24.6398787,1000000000
437,19.47915458,18.18130007,16.02423696,13.32611082,16.58157275,14.13177481,16.18515678,18.03837278,21.07949687,2.490863989,69.57358456,70.56310587,92.81027464,24.6398787,1000000000
438,19.47915458,18.18130007,16.02423696,13.32611082,16.58157275,14.13177481,16.18515678,18.03837278,21.07949687,2.490863989,69.57358456,70.56310587,92.81027464,24.6398787,1000000000
439,19.47915458,18.18130007,16.02423696,13.32611082,16.58157275,14.13177481,16.18515678,18.03837278,21.07949687,2.490863989,69.57358456,70.56310587,92.81027464,24.6398787,1000000000
440,19.47915458,18.18130007,16.02423696,13.32611082,16.58157275,14.13177481,16.18515678,18.03837278,21.07949687,2.490863989,69.57358456,70.56310587,92.81027464,24.6398787,1000000000
441,19.47915458,18.18130007,16.02423696,13.32611082,16.58157275,14.13177481,16.18515678,18.03837278,21.07949687,2.490863989,69.57358456,70.56310587,92.81027464,24.6398787,1000000000
442,19.47915458,18.18130007,16.02423696,13.32611082,16.58157275,14.13177481,16.18515678,18.03837278,21.07949687,2.490863989,69.57358456,70.56310587,92.81027464,24.6398787,1000000000
443,19.47915458,18.18130007,16.02423696,13.32611082,16.58157275,14.13177481,16.18515678,18.03837278,21.07949687,2.490863989,69.57358456,70.56310587,92.81027464,24.6398787,1000000000
444,19.47915458,18.18130007,16.02423696,13.32611082,16.58157275,14.13177481,16.18515678,18.03837278,21.07949687,2.490863989,69.57358456,70.56310587,92.81027464,24.6398787,1000000000
445,19.47915458,18.18130007,16.02423696,13.32611082,16.58157275,14.13177481,16.18515678,18.03837278,21.07949687,2.490863989,69.57358456,70.56310587,92.81027464,24.6398787,1000000000
446,19.47915458,18.18130007,16.02423696,13.32611082,16.58157275,14.13177481,16.18515678,18.03837278,21.07949687,2.490863989,69.57358456,70.56310587,92.81027464,24.6398787,1000000000
447,19.47915458,18.18130007,16.02423696,13.32611082,16.58157275,14.13177481,16.18515678,18.03837278,21.07949687,2.490863989,69.57358456,70.56310587,92.81027464,24.6398787,1000000000
448,19.47915458,18.18130007,16.02423696,13.32611082,16.58157275,14.13177481,16.18515678,18.03837278,21.07949687,2.490863989,69.57358456,70.56310587,92.81027464,24.6398787,1000000000
449,19.47915458,18.18130007,16.02423696,13.32611082,16.58157275,14.13177481,16.18515678,18.03837278,21.07949687,2.490863989,69.57358456,70.56310587,92.81027464,24.6398787,1000000000
450,19.47915458,18.18130007,16.02423696,13.32611082,16.58157275,14.13177481,16.18515678,18.03837278,21.07949687,2.490863989,69.57358456,70.56310587,92.81027464,24.6398787,1000000000
451,19.47915458,18.18130007,16.02423696,13.32611082,16.58157275,14.13177481,16.18515678,18.03837278,21.07949687,2.490863989,69.57358456,70.56310587,92.81027464,24.6398787,1000000000
452,19.47915458,18.18130007,16.02423696,13.32611082,16.58157275,14.13177481,16.18515678,18.03837278,21.07949687,2.490863989,69.57358456,70.56310587,92.81027464,24.6398787,1000000000
453,19.47915458,18.18130007,16.02423696,13.32611082,16.58157275,14.13177481,16.18515678,18.03837278,21.07949687,2.490863989,69.57358456,70.56310587,92.81027464,24.6398787,1000000000
454,19.47915458,18.18130007,16.02423696,13.32611082,16.58157275,14.13177481,16.18515678,18.03837278,21.07949687,2.490863989,69.57358456,70.56310587,92.81027464,24.6398787,1000000000
455,19.47915458,18.18130007,16.02423696,13.32611082,16.58157275,14.13177481,16.18515678,18.03837278,21.07949687,2.490863989,69.57358456,70.56310587,92.81027464,24.6398787,1000000000
456,19.47915458,18.18130007,16.02423696,13.32611082,16.58157275,14.13177481,16.18515678,18.03837278,21.07949687,2.490863989,69.57358456,70.56310587,92.81027464,24.6398787,1000000000
457,19.47915458,18.18130007,16.02423696,13.32611082,16.58157275,14.13177481,16.18515678,18.03837278,21.07949687,2.490863989,69.57358456,70.56310587,92.81027464,24.6398787,1000000000
458,19.47915458,18.18130007,16.02423696,13.32611082,16.58157275,14.13177481,16.18515678,18.03837278,21.07949687,2.490863989,69.57358456,70.56310587,92.81027464,24.6398787,1000000000
459,19.47915458,18.18130007,16.02423696,13.32611082,16.58157275,14.13177481,16.18515678,18.03837278,21.07949687,2.490863989,69.57358456,70.56310587,92.81027464,24.6398787,1000000000
460,19.47915458,18.18130007,16.02423696,13.32611082,16.58157275,14.13177481,16.18515678,18.03837278,21.07949687,2.490863989,69.57358456,70.56310587,92.81027464,24.6398787,1000000000
461,19.47915458,18.18130007,16.02423696,13.32611082,16.58157275,14.13177481,16.18515678,18.03837278,21.07949687,2.490863989,69.57358456,70.56310587,92.81027464,24.6398787,1000000000
462,19.47915458,18.18130007,16.02423696,13.32611082,16.58157275,14.13177481,16.18515678,18.03837278,21.07949687,2.490863989,69.57358456,70.56310587,92.81027464,24.6398787,1000000000
463,19.47915458,18.18130007,16.02423696,13.32611082,16.58157275,14.13177481,16.18515678,18.03837278,21.07949687,2.490863989,69.57358456,70.56310587,92.81027464,24.6398787,1000000000
464,19.47915458,18.18130007,16.02423696,13.32611082,16.58157275,14.13177481,16.18515678,18.03837278,21.07949687,2.490863989,69.57358456,70.56310587,92.81027464,24.6398787,1000000000
465,19.47915458,18.18130007,16.02423696,13.32611082,16.58157275,14.13177481,16.18515678,18.03837278,21.07949687,2.490863989,69.57358456,70.56310587,92.81027464,24.6398787,1000000000
466,19.47915458,18.18130007,16.02423696,13.32611082,16.58157275,14.13177481,16.18515678,18.03837278,21.07949687,2.490863989,69.57358456,70.56310587,92.81027464,24.6398787,1000000000
467,19.47915458,18.18130007,16.02423696,13.32611082,16.58157275,14.13177481,16.18515678,18.03837278,21.07949687,2.490863989,69.57358456,70.56310587,92.81027464,24.6398787,1000000000
468,19.47915458,18.18130007,16.02423696,13.32611082,16.58157275,14.13177481,16.18515678,18.03837278,21.07949687,2.490863989,69.57358456,70.56310587,92.81027464,24.6398787,1000000000
469,19.47915458,18.18130007,16.02423696,13.32611082,16.58157275,14.13177481,16.18515678,18.03837278,21.07949687,2.490863989,69.57358456,70.56310587,92.81027464,24.6398787,1000000000
470,19.47915458,18.18130007,16.02423696,13.32611082,16.58157275,14.13177481,16.18515678,18.03837278,21.07949687,2.490863989,69.57358456,70.56310587,92.81027464,24.6398787,1000000000
471,19.47915458,18.18130007,16.02423696,13.32611082,16.58157275,14.13177481,16.18515678,18.03837278,21.07949687,2.490863989,69.57358456,70.56310587,92.81027464,24.6398787,1000000000
472,19.47915458,18.18130007,16.02423696,13.32611082,16.58157275,14.13177481,16.18515678,18.03837278,21.07949687,2.490863989,69.57358456,70.56310587,92.81027464,24.6398787,1000000000
473,19.47915458,18.18130007,16.02423696,13.32611082,16.58157275,14.13177481,16.18515678,18.03837278,21.07949687,2.490863989,69.57358456,70.56310587,92.81027464,24.6398787,1000000000
474,19.47915458,18.18130007,16.02423696,13.32611082,16.58157275,14.13177481,16.18515678,18.03837278,21.07949687,2.490863989,69.57358456,70.56310587,92.81027464,24.6398787,1000000000
475,19.47915458,18.18130007,16.02423696,13.32611082,16.58157275,14.13177481,16.18515678,18.03837278,21.07949687,2.490863989,69.57358456,70.56310587,92.81027464,24.6398787,1000000000
476,19.47915458,18.18130007,16.02423696,13.32611082,16.58157275,14.13177481,16.18515678,18.03837278,21.07949687,2.490863989,69.57358456,70.56310587,92.81027464,24.6398787,1000000000
477,19.47915458,18.18130007,16.02423696,13.32611082,16.58157275,14.13177481,16.18515678,18.03837278,21.07949687,2.490863989,69.57358456,70.56310587,92.81027464,24.6398787,1000000000
478,19.47915458,18.18130007,16.02423696,13.32611082,16.58157275,14.13177481,16.18515678,18.03837278,21.07949687,2.490863989,69.57358456,70.56310587,92.81027464,24.6398787,1000000000
479,19.47915458,18.18130007,16.02423696,13.32611082,16.58157275,14.13177481,16.18515678,18.03837278,21.07949687,2.490863989,69.57358456,70.56310587,92.81027464,24.6398787,1000000000
480,19.47915458,18.18130007,16.02423696,13.32611082,16.58157275,14.13177481,16.18515678,18.03837278,21.07949687,2.490863989,69.57358456,70.56310587,92.81027464,24.6398787,1000000000
481,19.47915458,18.18130007,16.02423696,13.32611082,16.58157275,14.13177481,16.18515678,18.03837278,21.07949687,2.490863989,69.57358456,70.56310587,92.81027464,24.6398787,1000000000
482,19.47915458,18.18130007,16.02423696,13.32611082,16.58157275,14.13177481,16.18515678,18.03837278,21.07949687,2.490863989,69.57358456,70.56310587,92.81027464,24.6398787,1000000000
483,19.47915458,18.18130007,16.02423696,13.32611082,16.58157275,14.13177481,16.18515678,18.03837278,21.07949687,2.490863989,69.57358456,70.56310587,92.81027464,24.6398787,1000000000
484,19.47915458,18.18130007,16.02423696,13.32611082,16.58157275,14.13177481,16.18515678,18.03837278,21.07949687,2.490863989,69.57358456,70.56310587,92.81027464,24.6398787,1000000000
485,19.47915458,18.18130007,16.02423696,13.32611082,16.58157275,14.13177481,16.18515678,18.03837278,21.07949687,2.490863989,69.57358456,70.56310587,92.81027464,24.6398787,1000000000
486,19.47915458,18.18130007,16.02423696,13.32611082,16.58157275,14.13177481,16.18515678,18.03837278,21.07949687,2.490863989,69.57358456,70.56310587,92.81027464,24.6398787,1000000000
487,19.47915458,18.18130007,16.02423696,13.32611082,16.58157275,14.13177481,16.18515678,18.03837278,21.07949687,2.490863989,69.57358456,70.56310587,92.81027464,24.6398787,1000000000
488,19.47915458,18.18130007,16.02423696,13.32611082,16.58157275,14.13177481,16.18515678,18.03837278,21.07949687,2.490863989,69.57358456,70.56310587,92.81027464,24.6398787,1000000000
489,19.47915458,18.18130007,16.02423696,13.32611082,16.58157275,14.13177481,16.18515678,18.03837278,21.07949687,2.490863989,69.57358456,70.56310587,92.81027464,24.6398787,1000000000
490,19.47915458,18.18130007,16.02423696,13.32611082,16.58157275,14.13177481,16.18515678,18.03837278,21.07949687,2.490863989,69.57358456,70.56310587,92.81027464,24.6398787,1000000000
491,19.47915458,18.18130007,16.02423696,13.32611082,16.58157275,14.13177481,16.18515678,18.03837278,21.07949687,2.490863989,69.57358456,70.56310587,92.81027464,24.6398787,1000000000
492,19.47915458,18.18130007,16.02423696,13.32611082,16.58157275,14.13177481,16.18515678,18.03837278,21.07949687,2.490863989,69.57358456,70.56310587,92.81027464,24.6398787,1000000000
493,19.47915458,18.18130007,16.02423696,13.32611082,16.58157275,14.13177481,16.18515678,18.03837278,21.07949687,2.490863989,69.57358456,70.56310587,92.81027464,24.6398787,1000000000
494,19.47915458,18.18130007,16.02423696,13.32611082,16.58157275,14.13177481,16.18515678,18.03837278,21.07949687,2.490863989,69.57358456,70.56310587,92.81027464,24.6398787,1000000000
495,19.47915458,18.18130007,16.02423696,13.32611082,16.58157275,14.13177481,16.18515678,18.03837278,21.07949687,2.490863989,69.57358456,70.56310587,92.81027464,24.6398787,1000000000
496,19.47915458,18.18130007,16.02423696,13.32611082,16.58157275,14.13177481,16.18515678,18.03837278,21.07949687,2.490863989,69.57358456,70.56310587,92.81027464,24.6398787,1000000000
497,19.47915458,18.18130007,16.02423696,13.32611082,16.58157275,14.13177481,16.18515678,18.03837278,21.07949687,2.490863989,69.57358456,70.56310587,92.81027464,24.6398787,1000000000
498,19.47915458,18.18130007,16.02423696,13.32611082,16.58157275,14.13177481,16.18515678,18.03837278,21.07949687,2.490863989,69.57358456,70.56310587,92.81027464,24.6398787,1000000000
499,19.47915458,18.18130007,16.02423696,13.32611082,16.58157275,14.13177481,16.18515678,18.03837278,21.07949687,2.490863989,69.57358456,70.56310587,92.81027464,24.6398787,1000000000
500,19.47915458,18.18130007,16.02423696,13.32611082,16.58157275,14.13177481,16.18515678,18.03837278,21.07949687,2.490863989,69.57358456,70.56310587,92.81027464,24.6398787,1000000000
501,19.47915458,18.18130007,16.02423696,13.32611082,16.58157275,14.13177481,16.18515678,18.03837278,21.07949687,2.490863989,69.57358456,70.56310587,92.81027464,24.6398787,1000000000
502,19.47915458,18.18130007,16.02423696,13.32611082,16.58157275,14.13177481,16.18515678,18.03837278,21.07949687,2.490863989,69.57358456,70.56310587,92.81027464,24.6398787,1000000000
503,19.47915458,18.18130007,16.02423696,13.32611082,16.58157275,14.13177481,16.18515678,18.03837278,21.07949687,2.490863989,69.57358456,70.56310587,92.81027464,24.6398787,1000000000
504,19.47915458,18.18130007,16.02423696,13.32611082,16.58157275,14.13177481,16.18515678,18.03837278,21.07949687,2.490863989,69.57358456,70.56310587,92.81027464,24.6398787,1000000000
505,19.47915458,18.18130007,16.02423696,13.32611082,16.58157275,14.13177481,16.18515678,18.03837278,21.07949687,2.490863989,69.57358456,70.56310587,92.81027464,24.6398787,1000000000
506,19.47915458,18.18130007,16.02423696,13.32611082,16.58157275,14.13177481,16.18515678,18.03837278,21.07949687,2.490863989,69.57358456,70.56310587,92.81027464,24.6398787,1000000000
507,19.47915458,18.18130007,16.02423696,13.32611082,16.58157275,14.13177481,16.18515678,18.03837278,21.07949687,2.490863989,69.57358456,70.56310587,92.81027464,24.6398787,1000000000
508,19.47915458,18.18130007,16.02423696,13.32611082,16.58157275,14.13177481,16.18515678,18.03837278,21.07949687,2.490863989,69.57358456,70.56310587,92.81027464,24.6398787,1000000000
509,19.47915458,18.18130007,16.02423696,13.32611082,16.58157275,14.13177481,16.18515678,18.03837278,21.07949687,2.490863989,69.57358456,70.56310587,92.81027464,24.6398787,1000000000
510,19.47915458,18.18130007,16.02423696,13.32611082,16.58157275,14.13177481,16.18515678,18.03837278,21.07949687,2.490863989,69.57358456,70.56310587,92.81027464,24.6398787,1000000000
511,19.47915458,18.18130007,16.02423696,13.32611082,16.58157275,14.13177481,16.18515678,18.03837278,21.07949687,2.490863989,69.57358456,70.56310587,92.81027464,24.6398787,1000000000
512,19.47915458,18.18130007,16.02423696,13.32611082,16.58157275,14.13177481,16.18515678,18.03837278,21.07949687,2.490863989,69.57358456,70.56310587,92.81027464,24.6398787,1000000000
513,19.47915458,18.18130007,16.02423696,13.32611082,16.58157275,14.13177481,16.18515678,18.03837278,21.07949687,2.490863989,69.57358456,70.56310587,92.81027464,24.6398787,1000000000
514,19.47915458,18.18130007,16.02423696,13.32611082,16.58157275,14.13177481,16.18515678,18.03837278,21.07949687,2.490863989,69.57358456,70.56310587,92.81027464,24.6398787,1000000000
515,19.47915458,18.18130007,16.02423696,13.32611082,16.58157275,14.13177481,16.18515678,18.03837278,21.07949687,2.490863989,69.57358456,70.56310587,92.81027464,24.6398787,1000000000
516,19.47915458,18.18130007,16.02423696,13.32611082,16.58157275,14.13177481,16.18515678,18.03837278,21.07949687,2.490863989,69.57358456,70.56310587,92.81027464,24.6398787,1000000000
517,19.47915458,18.18130007,16.02423696,13.32611082,16.58157275,14.13177481,16.18515678,18.03837278,21.07949687,2.490863989,69.57358456,70.56310587,92.81027464,24.6398787,1000000000
518,19.47915458,18.18130007,16.02423696,13.32611082,16.58157275,14.13177481,16.18515678,18.03837278,21.07949687,2.490863989,69.57358456,70.56310587,92.81027464,24.6398787,1000000000
519,19.47915458,18.18130007,16.02423696,13.32611082,16.58157275,14.13177481,16.18515678,18.03837278,21.07949687,2.490863989,69.57358456,70.56310587,92.81027464,24.6398787,1000000000
520,19.47915458,18.18130007,16.02423696,13.32611082,16.58157275,14.13177481,16.18515678,18.03837278,21.07949687,2.490863989,69.57358456,70.56310587,92.81027464,24.6398787,1000000000
521,19.47915458,18.18130007,16.02423696,13.32611082,16.58157275,14.13177481,16.18515678,18.03837278,21.07949687,2.490863989,69.57358456,70.56310587,92.81027464,24.6398787,1000000000
522,19.47915458,18.18130007,16.02423696,13.32611082,16.58157275,14.13177481,16.18515678,18.03837278,21.07949687,2.490863989,69.57358456,70.56310587,92.81027464,24.6398787,1000000000
523,19.47915458,18.18130007,16.02423696,13.32611082,16.58157275,14.13177481,16.18515678,18.03837278,21.07949687,2.490863989,69.57358456,70.56310587,92.81027464,24.6398787,1000000000
524,19.47915458,18.18130007,16.02423696,13.32611082,16.58157275,14.13177481,16.18515678,18.03837278,21.07949687,2.490863989,69.57358456,70.56310587,92.81027464,24.6398787,1000000000
525,19.47915458,18.18130007,16.02423696,13.32611082,16.58157275,14.13177481,16.18515678,18.03837278,21.07949687,2.490863989,69.57358456,70.56310587,92.81027464,24.6398787,1000000000
526,19.47915458,18.18130007,16.02423696,13.32611082,16.58157275,14.13177481,16.18515678,18.03837278,21.07949687,2.490863989,69.57358456,70.56310587,92.81027464,24.6398787,1000000000
527,19.47915458,18.18130007,16.02423696,13.32611082,16.58157275,14.13177481,16.18515678,18.03837278,21.07949687,2.490863989,69.57358456,70.56310587,92.81027464,24.6398787,1000000000
528,19.47915458,18.18130007,16.02423696,13.32611082,16.58157275,14.13177481,16.18515678,18.03837278,21.07949687,2.490863989,69.57358456,70.56310587,92.81027464,24.6398787,1000000000
529,19.47915458,18.18130007,16.02423696,13.32611082,16.58157275,14.13177481,16.18515678,18.03837278,21.07949687,2.490863989,69.57358456,70.56310587,92.81027464,24.6398787,1000000000
530,19.47915458,18.18130007,16.02423696,13.32611082,16.58157275,14.13177481,16.18515678,18.03837278,21.07949687,2.490863989,69.57358456,70.56310587,92.81027464,24.6398787,1000000000
531,19.47915458,18.18130007,16.02423696,13.32611082,16.58157275,14.13177481,16.18515678,18.03837278,21.07949687,2.490863989,69.57358456,70.56310587,92.81027464,24.6398787,1000000000
532,19.47915458,18.18130007,16.02423696,13.32611082,16.58157275,14.13177481,16.18515678,18.03837278,21.07949687,2.490863989,69.57358456,70.56310587,92.81027464,24.6398787,1000000000
533,19.47915458,18.18130007,16.02423696,13.32611082,16.58157275,14.13177481,16.18515678,18.03837278,21.07949687,2.490863989,69.57358456,70.56310587,92.81027464,24.6398787,1000000000
534,19.47915458,18.18130007,16.02423696,13.32611082,16.58157275,14.13177481,16.18515678,18.03837278,21.07949687,2.490863989,69.57358456,70.56310587,92.81027464,24.6398787,1000000000
535,19.47915458,18.18130007,16.02423696,13.32611082,16.58157275,14.13177481,16.18515678,18.03837278,21.07949687,2.490863989,69.57358456,70.56310587,92.81027464,24.6398787,1000000000
536,19.47915458,18.18130007,16.02423696,13.32611082,16.58157275,14.13177481,16.18515678,18.03837278,21.07949687,2.490863989,69.57358456,70.56310587,92.81027464,24.6398787,1000000000
537,19.47915458,18.18130007,16.02423696,13.32611082,16.58157275,14.13177481,16.18515678,18.03837278,21.07949687,2.490863989,69.57358456,70.56310587,92.81027464,24.6398787,1000000000
538,19.47915458,18.18130007,16.02423696,13.32611082,16.58157275,14.13177481,16.18515678,18.03837278,21.07949687,2.490863989,69.57358456,70.56310587,92.81027464,24.6398787,1000000000
539,19.47915458,18.18130007,16.02423696,13.32611082,16.58157275,14.13177481,16.18515678,18.03837278,21.07949687,2.490863989,69.57358456,70.56310587,92.81027464,24.6398787,1000000000
540,19.47915458,18.18130007,16.02423696,13.32611082,16.58157275,14.13177481,16.18515678,18.03837278,21.07949687,2.490863989,69.57358456,70.56310587,92.81027464,24.6398787,1000000000
541,19.47915458,18.18130007,16.02423696,13.32611082,16.58157275,14.13177481,16.18515678,18.03837278,21.07949687,2.490863989,69.57358456,70.56310587,92.81027464,24.6398787,1000000000
542,19.47915458,18.18130007,16.02423696,13.32611082,16.58157275,14.13177481,16.18515678,18.03837278,21.07949687,2.490863989,69.57358456,70.56310587,92.81027464,24.6398787,1000000000
543,19.47915458,18.18130007,16.02423696,13.32611082,16.58157275,14.13177481,16.18515678,18.03837278,21.07949687,2.490863989,69.57358456,70.56310587,92.81027464,24.6398787,1000000000
544,19.47915458,18.18130007,16.02423696,13.32611082,16.58157275,14.13177481,16.18515678,18.03837278,21.07949687,2.490863989,69.57358456,70.56310587,92.81027464,24.6398787,1000000000
545,19.47915458,18.18130007,16.02423696,13.32611082,16.58157275,14.13177481,16.18515678,18.03837278,21.07949687,2.490863989,69.57358456,70.56310587,92.81027464,24.6398787,1000000000
546,19.47915458,18.18130007,16.02423696,13.32611082,16.58157275,14.13177481,16.18515678,18.03837278,21.07949687,2.490863989,69.57358456,70.56310587,92.81027464,24.6398787,1000000000
547,19.47915458,18.18130007,16.02423696,13.32611082,16.58157275,14.13177481,16.18515678,18.03837278,21.07949687,2.490863989,69.57358456,70.56310587,92.81027464,24.6398787,1000000000
548,19.47915458,18.18130007,16.02423696,13.32611082,16.58157275,14.13177481,16.18515678,18.03837278,21.07949687,2.490863989,69.57358456,70.56310587,92.81027464,24.6398787,1000000000
549,19.47915458,18.18130007,16.02423696,13.32611082,16.58157275,14.13177481,16.18515678,18.03837278,21.07949687,2.490863989,69.57358456,70.56310587,92.81027464,24.6398787,1000000000
550,19.47915458,18.18130007,16.02423696,13.32611082,16.58157275,14.13177481,16.18515678,18.03837278,21.07949687,2.490863989,69.57358456,70.56310587,92.81027464,24.6398787,1000000000
551,19.47915458,18.18130007,16.02423696,13.32611082,16.58157275,14.13177481,16.18515678,18.03837278,21.07949687,2.490863989,69.57358456,70.56310587,92.81027464,24.6398787,1000000000
552,19.47915458,18.18130007,16.02423696,13.32611082,16.58157275,14.13177481,16.18515678,18.03837278,21.07949687,2.490863989,69.57358456,70.56310587,92.81027464,24.6398787,1000000000
553,19.47915458,18.18130007,16.02423696,13.32611082,16.58157275,14.13177481,16.18515678,18.03837278,21.07949687,2.490863989,69.57358456,70.56310587,92.81027464,24.6398787,1000000000
554,19.47915458,18.18130007,16.02423696,13.32611082,16.58157275,14.13177481,16.18515678,18.03837278,21.07949687,2.490863989,69.57358456,70.56310587,92.81027464,24.6398787,1000000000
555,19.47915458,18.18130007,16.02423696,13.32611082,16.58157275,14.13177481,16.18515678,18.03837278,21.07949687,2.490863989,69.57358456,70.56310587,92.81027464,24.6398787,1000000000
556,19.47915458,18.18130007,16.02423696,13.32611082,16.58157275,14.13177481,16.18515678,18.03837278,21.07949687,2.490863989,69.57358456,70.56310587,92.81027464,24.6398787,1000000000
557,19.47915458,18.18130007,16.02423696,13.32611082,16.58157275,14.13177481,16.18515678,18.03837278,21.07949687,2.490863989,69.57358456,70.56310587,92.81027464,24.6398787,1000000000
558,19.47915458,18.18130007,16.02423696,13.32611082,16.58157275,14.13177481,16.18515678,18.03837278,21.07949687,2.490863989,69.57358456,70.56310587,92.81027464,24.6398787,1000000000
559,19.47915458,18.18130007,16.02423696,13.32611082,16.58157275,14.13177481,16.18515678,18.03837278,21.07949687,2.490863989,69.57358456,70.56310587,92.81027464,24.6398787,1000000000
560,19.47915458,18.18130007,16.02423696,13.32611082,16.58157275,14.13177481,16.18515678,18.03837278,21.07949687,2.490863989,69.57358456,70.56310587,92.81027464,24.6398787,1000000000
561,19.47915458,18.18130007,16.02423696,13.32611082,16.58157275,14.13177481,16.18515678,18.03837278,21.07949687,2.490863989,69.57358456,70.56310587,92.81027464,24.6398787,1000000000
562,19.47915458,18.18130007,16.02423696,13.32611082,16.58157275,14.13177481,16.18515678,18.03837278,21.07949687,2.490863989,69.57358456,70.56310587,92.81027464,24.6398787,1000000000
563,19.47915458,18.18130007,16.02423696,13.32611082,16.58157275,14.13177481,16.18515678,18.03837278,21.07949687,2.490863989,69.57358456,70.56310587,92.81027464,24.6398787,1000000000
564,19.47915458,18.18130007,16.02423696,13.32611082,16.58157275,14.13177481,16.18515678,18.03837278,21.07949687,2.490863989,69.57358456,70.56310587,92.81027464,24.6398787,1000000000
565,19.47915458,18.18130007,16.02423696,13.32611082,16.58157275,14.13177481,16.18515678,18.03837278,21.07949687,2.490863989,69.57358456,70.56310587,92.81027464,24.6398787,1000000000
566,19.47915458,18.18130007,16.02423696,13.32611082,16.58157275,14.13177481,16.18515678,18.03837278,21.07949687,2.490863989,69.57358456,70.56310587,92.81027464,24.6398787,1000000000
567,19.47915458,18.18130007,16.02423696,13.32611082,16.58157275,14.13177481,16.18515678,18.03837278,21.07949687,2.490863989,69.57358456,70.56310587,92.81027464,24.6398787,1000000000
568,19.47915458,18.18130007,16.02423696,13.32611082,16.58157275,14.13177481,16.18515678,18.03837278,21.07949687,2.490863989,69.57358456,70.56310587,92.81027464,24.6398787,1000000000
569,19.47915458,18.18130007,16.02423696,13.32611082,16.58157275,14.13177481,16.18515678,18.03837278,21.07949687,2.490863989,69.57358456,70.56310587,92.81027464,24.6398787,1000000000
570,19.47915458,18.18130007,16.02423696,13.32611082,16.58157275,14.13177481,16.18515678,18.03837278,21.07949687,2.490863989,69.57358456,70.56310587,92.81027464,24.6398787,1000000000
571,19.47915458,18.18130007,16.02423696,13.32611082,16.58157275,14.13177481,16.18515678,18.03837278,21.07949687,2.490863989,69.57358456,70.56310587,92.81027464,24.6398787,1000000000
572,19.47915458,18.18130007,16.02423696,13.32611082,16.58157275,14.13177481,16.18515678,18.03837278,21.07949687,2.490863989,69.57358456,70.56310587,92.81027464,24.6398787,1000000000
573,19.47915458,18.18130007,16.02423696,13.32611082,16.58157275,14.13177481,16.18515678,18.03837278,21.07949687,2.490863989,69.57358456,70.56310587,92.81027464,24.6398787,1000000000
574,19.47915458,18.18130007,16.02423696,13.32611082,16.58157275,14.13177481,16.18515678,18.03837278,21.07949687,2.490863989,69.57358456,70.56310587,92.81027464,24.6398787,1000000000
575,19.47915458,18.18130007,16.02423696,13.32611082,16.58157275,14.13177481,16.18515678,18.03837278,21.07949687,2.490863989,69.57358456,70.56310587,92.81027464,24.6398787,1000000000
576,19.47915458,18.18130007,16.02423696,13.32611082,16.58157275,14.13177481,16.18515678,18.03837278,21.07949687,2.490863989,69.57358456,70.56310587,92.81027464,24.6398787,1000000000
577,19.47915458,18.18130007,16.02423696,13.32611082,16.58157275,14.13177481,16.18515678,18.03837278,21.07949687,2.490863989,69.57358456,70.56310587,92.81027464,24.6398787,1000000000
578,19.47915458,18.18130007,16.02423696,13.32611082,16.58157275,14.13177481,16.18515678,18.03837278,21.07949687,2.490863989,69.57358456,70.56310587,92.81027464,24.6398787,1000000000
579,19.47915458,18.18130007,16.02423696,13.32611082,16.58157275,14.13177481,16.18515678,18.03837278,21.07949687,2.490863989,69.57358456,70.56310587,92.81027464,24.6398787,1000000000
580,19.47915458,18.18130007,16.02423696,13.32611082,16.58157275,14.13177481,16.18515678,18.03837278,21.07949687,2.490863989,69.57358456,70.56310587,92.81027464,24.6398787,1000000000
581,19.47915458,18.18130007,16.02423696,13.32611082,16.58157275,14.13177481,16.18515678,18.03837278,21.07949687,2.490863989,69.57358456,70.56310587,92.81027464,24.6398787,1000000000
582,19.47915458,18.18130007,16.02423696,13.32611082,16.58157275,14.13177481,16.18515678,18.03837278,21.07949687,2.490863989,69.57358456,70.56310587,92.81027464,24.6398787,1000000000
583,19.47915458,18.18130007,16.02423696,13.32611082,16.58157275,14.13177481,16.18515678,18.03837278,21.07949687,2.490863989,69.57358456,70.56310587,92.81027464,24.6398787,1000000000
584,19.47915458,18.18130007,16.02423696,13.32611082,16.58157275,14.13177481,16.18515678,18.03837278,21.07949687,2.490863989,69.57358456,70.56310587,92.81027464,24.6398787,1000000000
585,19.47915458,18.18130007,16.02423696,13.32611082,16.58157275,14.13177481,16.18515678,18.03837278,21.07949687,2.490863989,69.57358456,70.56310587,92.81027464,24.6398787,1000000000
586,19.47915458,18.18130007,16.02423696,13.32611082,16.58157275,14.13177481,16.18515678,18.03837278,21.07949687,2.490863989,69.57358456,70.56310587,92.81027464,24.6398787,1000000000
587,19.47915458,18.18130007,16.02423696,13.32611082,16.58157275,14.13177481,16.18515678,18.03837278,21.07949687,2.490863989,69.57358456,70.56310587,92.81027464,24.6398787,1000000000
588,19.47915458,18.18130007,16.02423696,13.32611082,16.58157275,14.13177481,16.18515678,18.03837278,21.07949687,2.490863989,69.57358456,70.56310587,92.81027464,24.6398787,1000000000
589,19.47915458,18.18130007,16.02423696,13.32611082,16.58157275,14.13177481,16.18515678,18.03837278,21.07949687,2.490863989,69.57358456,70.56310587,92.81027464,24.6398787,1000000000
590,19.47915458,18.18130007,16.02423696,13.32611082,16.58157275,14.13177481,16.18515678,18.03837278,21.07949687,2.490863989,69.57358456,70.56310587,92.81027464,24.6398787,1000000000
591,19.47915458,18.18130007,16.02423696,13.32611082,16.58157275,14.13177481,16.18515678,18.03837278,21.07949687,2.490863989,69.57358456,70.56310587,92.81027464,24.6398787,1000000000
592,19.47915458,18.18130007,16.02423696,13.32611082,16.58157275,14.13177481,16.18515678,18.03837278,21.07949687,2.490863989,69.57358456,70.56310587,92.81027464,24.6398787,1000000000
593,19.47915458,18.18130007,16.02423696,13.32611082,16.58157275,14.13177481,16.18515678,18.03837278,21.07949687,2.490863989,69.57358456,70.56310587,92.81027464,24.6398787,1000000000
594,19.47915458,18.18130007,16.02423696,13.32611082,16.58157275,14.13177481,16.18515678,18.03837278,21.07949687,2.490863989,69.57358456,70.56310587,92.81027464,24.6398787,1000000000
595,19.47915458,18.18130007,16.02423696,13.32611082,16.58157275,14.13177481,16.18515678,18.03837278,21.07949687,2.490863989,69.57358456,70.56310587,92.81027464,24.6398787,1000000000
596,19.47915458,18.18130007,16.02423696,13.32611082,16.58157275,14.13177481,16.18515678,18.03837278,21.07949687,2.490863989,69.57358456,70.56310587,92.81027464,24.6398787,1000000000
597,19.47915458,18.18130007,16.02423696,13.32611082,16.58157275,14.13177481,16.18515678,18.03837278,21.07949687,2.490863989,69.57358456,70.56310587,92.81027464,24.6398787,1000000000
598,19.47915458,18.18130007,16.02423696,13.32611082,16.58157275,14.13177481,16.18515678,18.03837278,21.07949687,2.490863989,69.57358456,70.56310587,92.81027464,24.6398787,1000000000
599,19.47915458,18.18130007,16.02423696,13.32611082,16.58157275,14.13177481,16.18515678,18.03837278,21.07949687,2.490863989,69.57358456,70.56310587,92.81027464,24.6398787,1000000000
600,19.47915458,18.18130007,16.02423696,13.32611082,16.58157275,14.13177481,16.18515678,18.03837278,21.07949687,2.490863989,69.57358456,70.56310587,92.81027464,24.6398787,1000000000
601,19.47915458,18.18130007,16.02423696,13.32611082,16.58157275,14.13177481,16.18515678,18.03837278,21.07949687,2.490863989,69.57358456,70.56310587,92.81027464,24.6398787,1000000000
602,19.47915458,18.18130007,16.02423696,13.32611082,16.58157275,14.13177481,16.18515678,18.03837278,21.07949687,2.490863989,69.57358456,70.56310587,92.81027464,24.6398787,1000000000
603,19.47915458,18.18130007,16.02423696,13.32611082,16.58157275,14.13177481,16.18515678,18.03837278,21.07949687,2.490863989,69.57358456,70.56310587,92.81027464,24.6398787,1000000000
604,19.47915458,18.18130007,16.02423696,13.32611082,16.58157275,14.13177481,16.18515678,18.03837278,21.07949687,2.490863989,69.57358456,70.56310587,92.81027464,24.6398787,1000000000
605,19.47915458,18.18130007,16.02423696,13.32611082,16.58157275,14.13177481,16.18515678,18.03837278,21.07949687,2.490863989,69.57358456,70.56310587,92.81027464,24.6398787,1000000000
606,19.47915458,18.18130007,16.02423696,13.32611082,16.58157275,14.13177481,16.18515678,18.03837278,21.07949687,2.490863989,69.57358456,70.56310587,92.81027464,24.6398787,1000000000
607,19.47915458,18.18130007,16.02423696,13.32611082,16.58157275,14.13177481,16.18515678,18.03837278,21.07949687,2.490863989,69.57358456,70.56310587,92.81027464,24.6398787,1000000000
608,19.47915458,18.18130007,16.02423696,13.32611082,16.58157275,14.13177481,16.18515678,18.03837278,21.07949687,2.490863989,69.57358456,70.56310587,92.81027464,24.6398787,1000000000
609,19.47915458,18.18130007,16.02423696,13.32611082,16.58157275,14.13177481,16.18515678,18.03837278,21.07949687,2.490863989,69.57358456,70.56310587,92.81027464,24.6398787,1000000000
610,19.47915458,18.18130007,16.02423696,13.32611082,16.58157275,14.13177481,16.18515678,18.03837278,21.07949687,2.490863989,69.57358456,70.56310587,92.81027464,24.6398787,1000000000
611,19.47915458,18.18130007,16.02423696,13.32611082,16.58157275,14.13177481,16.18515678,18.03837278,21.07949687,2.490863989,69.57358456,70.56310587,92.81027464,24.6398787,1000000000
612,19.47915458,18.18130007,16.02423696,13.32611082,16.58157275,14.13177481,16.18515678,18.03837278,21.07949687,2.490863989,69.57358456,70.56310587,92.81027464,24.6398787,1000000000
613,19.47915458,18.18130007,16.02423696,13.32611082,16.58157275,14.13177481,16.18515678,18.03837278,21.07949687,2.490863989,69.57358456,70.56310587,92.81027464,24.6398787,1000000000
614,19.47915458,18.18130007,16.02423696,13.32611082,16.58157275,14.13177481,16.18515678,18.03837278,21.07949687,2.490863989,69.57358456,70.56310587,92.81027464,24.6398787,1000000000
615,19.47915458,18.18130007,16.02423696,13.32611082,16.58157275,14.13177481,16.18515678,18.03837278,21.07949687,2.490863989,69.57358456,70.56310587,92.81027464,24.6398787,1000000000
616,19.47915458,18.18130007,16.02423696,13.32611082,16.58157275,14.13177481,16.18515678,18.03837278,21.07949687,2.490863989,69.57358456,70.56310587,92.81027464,24.6398787,1000000000
617,19.47915458,18.18130007,16.02423696,13.32611082,16.58157275,14.13177481,16.18515678,18.03837278,21.07949687,2.490863989,69.57358456,70.56310587,92.81027464,24.6398787,1000000000
618,19.47915458,18.18130007,16.02423696,13.32611082,16.58157275,14.13177481,16.18515678,18.03837278,21.07949687,2.490863989,69.57358456,70.56310587,92.81027464,24.6398787,1000000000
619,19.47915458,18.18130007,16.02423696,13.32611082,16.58157275,14.13177481,16.18515678,18.03837278,21.07949687,2.490863989,69.57358456,70.56310587,92.81027464,24.6398787,1000000000
620,19.47915458,18.18130007,16.02423696,13.32611082,16.58157275,14.13177481,16.18515678,18.03837278,21.07949687,2.490863989,69.57358456,70.56310587,92.81027464,24.6398787,1000000000
621,19.47915458,18.18130007,16.02423696,13.32611082,16.58157275,14.13177481,16.18515678,18.03837278,21.07949687,2.490863989,69.57358456,70.56310587,92.81027464,24.6398787,1000000000
622,19.47915458,18.18130007,16.02423696,13.32611082,16.58157275,14.13177481,16.18515678,18.03837278,21.07949687,2.490863989,69.57358456,70.56310587,92.81027464,24.6398787,1000000000
623,19.47915458,18.18130007,16.02423696,13.32611082,16.58157275,14.13177481,16.18515678,18.03837278,21.07949687,2.490863989,69.57358456,70.56310587,92.81027464,24.6398787,1000000000
624,19.47915458,18.18130007,16.02423696,13.32611082,16.58157275,14.13177481,16.18515678,18.03837278,21.07949687,2.490863989,69.57358456,70.56310587,92.81027464,24.6398787,1000000000
625,19.47915458,18.18130007,16.02423696,13.32611082,16.58157275,14.13177481,16.18515678,18.03837278,21.07949687,2.490863989,69.57358456,70.56310587,92.81027464,24.6398787,1000000000
626,19.47915458,18.18130007,16.02423696,13.32611082,16.58157275,14.13177481,16.18515678,18.03837278,21.07949687,2.490863989,69.57358456,70.56310587,92.81027464,24.6398787,1000000000
627,19.47915458,18.18130007,16.02423696,13.32611082,16.58157275,14.13177481,16.18515678,18.03837278,21.07949687,2.490863989,69.57358456,70.56310587,92.81027464,24.6398787,1000000000
628,19.47915458,18.18130007,16.02423696,13.32611082,16.58157275,14.13177481,16.18515678,18.03837278,21.07949687,2.490863989,69.57358456,70.56310587,92.81027464,24.6398787,1000000000
629,19.47915458,18.18130007,16.02423696,13.32611082,16.58157275,14.13177481,16.18515678,18.03837278,21.07949687,2.490863989,69.57358456,70.56310587,92.81027464,24.6398787,1000000000
630,19.47915458,18.18130007,16.02423696,13.32611082,16.58157275,14.13177481,16.18515678,18.03837278,21.07949687,2.490863989,69.57358456,70.56310587,92.81027464,24.6398787,1000000000
631,19.47915458,18.18130007,16.02423696,13.32611082,16.58157275,14.13177481,16.18515678,18.03837278,21.07949687,2.490863989,69.57358456,70.56310587,92.81027464,24.6398787,1000000000
632,19.47915458,18.18130007,16.02423696,13.32611082,16.58157275,14.13177481,16.18515678,18.03837278,21.07949687,2.490863989,69.57358456,70.56310587,92.81027464,24.6398787,1000000000
633,19.47915458,18.18130007,16.02423696,13.32611082,16.58157275,14.13177481,16.18515678,18.03837278,21.07949687,2.490863989,69.57358456,70.56310587,92.81027464,24.6398787,1000000000
634,19.47915458,18.18130007,16.02423696,13.32611082,16.58157275,14.13177481,16.18515678,18.03837278,21.07949687,2.490863989,69.57358456,70.56310587,92.81027464,24.6398787,1000000000
635,19.47915458,18.18130007,16.02423696,13.32611082,16.58157275,14.13177481,16.18515678,18.03837278,21.07949687,2.490863989,69.57358456,70.56310587,92.81027464,24.6398787,1000000000
636,19.47915458,18.18130007,16.02423696,13.32611082,16.58157275,14.13177481,16.18515678,18.03837278,21.07949687,2.490863989,69.57358456,70.56310587,92.81027464,24.6398787,1000000000
637,19.47915458,18.18130007,16.02423696,13.32611082,16.58157275,14.13177481,16.18515678,18.03837278,21.07949687,2.490863989,69.57358456,70.56310587,92.81027464,24.6398787,1000000000
638,19.47915458,18.18130007,16.02423696,13.32611082,16.58157275,14.13177481,16.18515678,18.03837278,21.07949687,2.490863989,69.57358456,70.56310587,92.81027464,24.6398787,1000000000
639,19.47915458,18.18130007,16.02423696,13.32611082,16.58157275,14.13177481,16.18515678,18.03837278,21.07949687,2.490863989,69.57358456,70.56310587,92.81027464,24.6398787,1000000000
640,19.47915458,18.18130007,16.02423696,13.32611082,16.58157275,14.13177481,16.18515678,18.03837278,21.07949687,2.490863989,69.57358456,70.56310587,92.81027464,24.6398787,1000000000
641,19.47915458,18.18130007,16.02423696,13.32611082,16.58157275,14.13177481,16.18515678,18.03837278,21.07949687,2.490863989,69.57358456,70.56310587,92.81027464,24.6398787,1000000000
642,19.47915458,18.18130007,16.02423696,13.32611082,16.58157275,14.13177481,16.18515678,18.03837278,21.07949687,2.490863989,69.57358456,70.56310587,92.81027464,24.6398787,1000000000
643,19.47915458,18.18130007,16.02423696,13.32611082,16.58157275,14.13177481,16.18515678,18.03837278,21.07949687,2.490863989,69.57358456,70.56310587,92.81027464,24.6398787,1000000000
644,19.47915458,18.18130007,16.02423696,13.32611082,16.58157275,14.13177481,16.18515678,18.03837278,21.07949687,2.490863989,69.57358456,70.56310587,92.81027464,24.6398787,1000000000
645,19.47915458,18.18130007,16.02423696,13.32611082,16.58157275,14.13177481,16.18515678,18.03837278,21.07949687,2.490863989,69.57358456,70.56310587,92.81027464,24.6398787,1000000000
646,19.47915458,18.18130007,16.02423696,13.32611082,16.58157275,14.13177481,16.18515678,18.03837278,21.07949687,2.490863989,69.57358456,70.56310587,92.81027464,24.6398787,1000000000
647,19.47915458,18.18130007,16.02423696,13.32611082,16.58157275,14.13177481,16.18515678,18.03837278,21.07949687,2.490863989,69.57358456,70.56310587,92.81027464,24.6398787,1000000000
648,19.47915458,18.18130007,16.02423696,13.32611082,16.58157275,14.13177481,16.18515678,18.03837278,21.07949687,2.490863989,69.57358456,70.56310587,92.81027464,24.6398787,1000000000
649,19.47915458,18.18130007,16.02423696,13.32611082,16.58157275,14.13177481,16.18515678,18.03837278,21.07949687,2.490863989,69.57358456,70.56310587,92.81027464,24.6398787,1000000000
650,19.47915458,18.18130007,16.02423696,13.32611082,16.58157275,14.13177481,16.18515678,18.03837278,21.07949687,2.490863989,69.57358456,70.56310587,92.81027464,24.6398787,1000000000
651,19.47915458,18.18130007,16.02423696,13.32611082,16.58157275,14.13177481,16.18515678,18.03837278,21.07949687,2.490863989,69.57358456,70.56310587,92.81027464,24.6398787,1000000000
652,19.47915458,18.18130007,16.02423696,13.32611082,16.58157275,14.13177481,16.18515678,18.03837278,21.07949687,2.490863989,69.57358456,70.56310587,92.81027464,24.6398787,1000000000
653,19.47915458,18.18130007,16.02423696,13.32611082,16.58157275,14.13177481,16.18515678,18.03837278,21.07949687,2.490863989,69.57358456,70.56310587,92.81027464,24.6398787,1000000000
654,19.47915458,18.18130007,16.02423696,13.32611082,16.58157275,14.13177481,16.18515678,18.03837278,21.07949687,2.490863989,69.57358456,70.56310587,92.81027464,24.6398787,1000000000
655,19.47915458,18.18130007,16.02423696,13.32611082,16.58157275,14.13177481,16.18515678,18.03837278,21.07949687,2.490863989,69.57358456,70.56310587,92.81027464,24.6398787,1000000000
656,19.47915458,18.18130007,16.02423696,13.32611082,16.58157275,14.13177481,16.18515678,18.03837278,21.07949687,2.490863989,69.57358456,70.56310587,92.81027464,24.6398787,1000000000
657,19.47915458,18.18130007,16.02423696,13.32611082,16.58157275,14.13177481,16.18515678,18.03837278,21.07949687,2.490863989,69.57358456,70.56310587,92.81027464,24.6398787,1000000000
658,19.47915458,18.18130007,16.02423696,13.32611082,16.58157275,14.13177481,16.18515678,18.03837278,21.07949687,2.490863989,69.57358456,70.56310587,92.81027464,24.6398787,1000000000
659,19.47915458,18.18130007,16.02423696,13.32611082,16.58157275,14.13177481,16.18515678,18.03837278,21.07949687,2.490863989,69.57358456,70.56310587,92.81027464,24.6398787,1000000000
660,19.47915458,18.18130007,16.02423696,13.32611082,16.58157275,14.13177481,16.18515678,18.03837278,21.07949687,2.490863989,69.57358456,70.56310587,92.81027464,24.6398787,1000000000
661,19.47915458,18.18130007,16.02423696,13.32611082,16.58157275,14.13177481,16.18515678,18.03837278,21.07949687,2.490863989,69.57358456,70.56310587,92.81027464,24.6398787,1000000000
662,19.47915458,18.18130007,16.02423696,13.32611082,16.58157275,14.13177481,16.18515678,18.03837278,21.07949687,2.490863989,69.57358456,70.56310587,92.81027464,24.6398787,1000000000
663,19.47915458,18.18130007,16.02423696,13.32611082,16.58157275,14.13177481,16.18515678,18.03837278,21.07949687,2.490863989,69.57358456,70.56310587,92.81027464,24.6398787,1000000000
664,19.47915458,18.18130007,16.02423696,13.32611082,16.58157275,14.13177481,16.18515678,18.03837278,21.07949687,2.490863989,69.57358456,70.56310587,92.81027464,24.6398787,1000000000
665,19.47915458,18.18130007,16.02423696,13.32611082,16.58157275,14.13177481,16.18515678,18.03837278,21.07949687,2.490863989,69.57358456,70.56310587,92.81027464,24.6398787,1000000000
666,19.47915458,18.18130007,16.02423696,13.32611082,16.58157275,14.13177481,16.18515678,18.03837278,21.07949687,2.490863989,69.57358456,70.56310587,92.81027464,24.6398787,1000000000
667,19.47915458,18.18130007,16.02423696,13.32611082,16.58157275,14.13177481,16.18515678,18.03837278,21.07949687,2.490863989,69.57358456,70.56310587,92.81027464,24.6398787,1000000000
668,19.47915458,18.18130007,16.02423696,13.32611082,16.58157275,14.13177481,16.18515678,18.03837278,21.07949687,2.490863989,69.57358456,70.56310587,92.81027464,24.6398787,1000000000
669,19.47915458,18.18130007,16.02423696,13.32611082,16.58157275,14.13177481,16.18515678,18.03837278,21.07949687,2.490863989,69.57358456,70.56310587,92.81027464,24.6398787,1000000000
670,19.47915458,18.18130007,16.02423696,13.32611082,16.58157275,14.13177481,16.18515678,18.03837278,21.07949687,2.490863989,69.57358456,70.56310587,92.81027464,24.6398787,1000000000
671,19.47915458,18.18130007,16.02423696,13.32611082,16.58157275,14.13177481,16.18515678,18.03837278,21.07949687,2.490863989,69.57358456,70.56310587,92.81027464,24.6398787,1000000000
672,19.47915458,18.18130007,16.02423696,13.32611082,16.58157275,14.13177481,16.18515678,18.03837278,21.07949687,2.490863989,69.57358456,70.56310587,92.81027464,24.6398787,1000000000
673,19.47915458,18.18130007,16.02423696,13.32611082,16.58157275,14.13177481,16.18515678,18.03837278,21.07949687,2.490863989,69.57358456,70.56310587,92.81027464,24.6398787,1000000000
674,19.47915458,18.18130007,16.02423696,13.32611082,16.58157275,14.13177481,16.18515678,18.03837278,21.07949687,2.490863989,69.57358456,70.56310587,92.81027464,24.6398787,1000000000
675,19.47915458,18.18130007,16.02423696,13.32611082,16.58157275,14.13177481,16.18515678,18.03837278,21.07949687,2.490863989,69.57358456,70.56310587,92.81027464,24.6398787,1000000000
676,19.47915458,18.18130007,16.02423696,13.32611082,16.58157275,14.13177481,16.18515678,18.03837278,21.07949687,2.490863989,69.57358456,70.56310587,92.81027464,24.6398787,1000000000
677,19.47915458,18.18130007,16.02423696,13.32611082,16.58157275,14.13177481,16.18515678,18.03837278,21.07949687,2.490863989,69.57358456,70.56310587,92.81027464,24.6398787,1000000000
678,19.47915458,18.18130007,16.02423696,13.32611082,16.58157275,14.13177481,16.18515678,18.03837278,21.07949687,2.490863989,69.57358456,70.56310587,92.81027464,24.6398787,1000000000
679,19.47915458,18.18130007,16.02423696,13.32611082,16.58157275,14.13177481,16.18515678,18.03837278,21.07949687,2.490863989,69.57358456,70.56310587,92.81027464,24.6398787,1000000000
680,19.47915458,18.18130007,16.02423696,13.32611082,16.58157275,14.13177481,16.18515678,18.03837278,21.07949687,2.490863989,69.57358456,70.56310587,92.81027464,24.6398787,1000000000
681,19.47915458,18.18130007,16.02423696,13.32611082,16.58157275,14.13177481,16.18515678,18.03837278,21.07949687,2.490863989,69.57358456,70.56310587,92.81027464,24.6398787,1000000000
682,19.47915458,18.18130007,16.02423696,13.32611082,16.58157275,14.13177481,16.18515678,18.03837278,21.07949687,2.490863989,69.57358456,70.56310587,92.81027464,24.6398787,1000000000
683,19.47915458,18.18130007,16.02423696,13.32611082,16.58157275,14.13177481,16.18515678,18.03837278,21.07949687,2.490863989,69.57358456,70.56310587,92.81027464,24.6398787,1000000000
684,19.47915458,18.18130007,16.02423696,13.32611082,16.58157275,14.13177481,16.18515678,18.03837278,21.07949687,2.490863989,69.57358456,70.56310587,92.81027464,24.6398787,1000000000
685,19.47915458,18.18130007,16.02423696,13.32611082,16.58157275,14.13177481,16.18515678,18.03837278,21.07949687,2.490863989,69.57358456,70.56310587,92.81027464,24.6398787,1000000000
686,19.47915458,18.18130007,16.02423696,13.32611082,16.58157275,14.13177481,16.18515678,18.03837278,21.07949687,2.490863989,69.57358456,70.56310587,92.81027464,24.6398787,1000000000
687,19.47915458,18.18130007,16.02423696,13.32611082,16.58157275,14.13177481,16.18515678,18.03837278,21.07949687,2.490863989,69.57358456,70.56310587,92.81027464,24.6398787,1000000000
688,19.47915458,18.18130007,16.02423696,13.32611082,16.58157275,14.13177481,16.18515678,18.03837278,21.07949687,2.490863989,69.57358456,70.56310587,92.81027464,24.6398787,1000000000
689,19.47915458,18.18130007,16.02423696,13.32611082,16.58157275,14.13177481,16.18515678,18.03837278,21.07949687,2.490863989,69.57358456,70.56310587,92.81027464,24.6398787,1000000000
690,19.47915458,18.18130007,16.02423696,13.32611082,16.58157275,14.13177481,16.18515678,18.03837278,21.07949687,2.490863989,69.57358456,70.56310587,92.81027464,24.6398787,1000000000
691,19.47915458,18.18130007,16.02423696,13.32611082,16.58157275,14.13177481,16.18515678,18.03837278,21.07949687,2.490863989,69.57358456,70.56310587,92.81027464,24.6398787,1000000000
692,19.47915458,18.18130007,16.02423696,13.32611082,16.58157275,14.13177481,16.18515678,18.03837278,21.07949687,2.490863989,69.57358456,70.56310587,92.81027464,24.6398787,1000000000
693,19.47915458,18.18130007,16.02423696,13.32611082,16.58157275,14.13177481,16.18515678,18.03837278,21.07949687,2.490863989,69.57358456,70.56310587,92.81027464,24.6398787,1000000000
694,19.47915458,18.18130007,16.02423696,13.32611082,16.58157275,14.13177481,16.18515678,18.03837278,21.07949687,2.490863989,69.57358456,70.56310587,92.81027464,24.6398787,1000000000
695,19.47915458,18.18130007,16.02423696,13.32611082,16.58157275,14.13177481,16.18515678,18.03837278,21.07949687,2.490863989,69.57358456,70.56310587,92.81027464,24.6398787,1000000000
696,19.47915458,18.18130007,16.02423696,13.32611082,16.58157275,14.13177481,16.18515678,18.03837278,21.07949687,2.490863989,69.57358456,70.56310587,92.81027464,24.6398787,1000000000
697,19.47915458,18.18130007,16.02423696,13.32611082,16.58157275,14.13177481,16.18515678,18.03837278,21.07949687,2.490863989,69.57358456,70.56310587,92.81027464,24.6398787,1000000000
698,19.47915458,18.18130007,16.02423696,13.32611082,16.58157275,14.13177481,16.18515678,18.03837278,21.07949687,2.490863989,69.57358456,70.56310587,92.81027464,24.6398787,1000000000
699,19.47915458,18.18130007,16.02423696,13.32611082,16.58157275,14.13177481,16.18515678,18.03837278,21.07949687,2.490863989,69.57358456,70.56310587,92.81027464,24.6398787,1000000000
700,19.47915458,18.18130007,16.02423696,13.32611082,16.58157275,14.13177481,16.18515678,18.03837278,21.07949687,2.490863989,69.57358456,70.56310587,92.81027464,24.6398787,1000000000
701,19.47915458,18.18130007,16.02423696,13.32611082,16.58157275,14.13177481,16.18515678,18.03837278,21.07949687,2.490863989,69.57358456,70.56310587,92.81027464,24.6398787,1000000000
702,19.47915458,18.18130007,16.02423696,13.32611082,16.58157275,14.13177481,16.18515678,18.03837278,21.07949687,2.490863989,69.57358456,70.56310587,92.81027464,24.6398787,1000000000
703,19.47915458,18.18130007,16.02423696,13.32611082,16.58157275,14.13177481,16.18515678,18.03837278,21.07949687,2.490863989,69.57358456,70.56310587,92.81027464,24.6398787,1000000000
704,19.47915458,18.18130007,16.02423696,13.32611082,16.58157275,14.13177481,16.18515678,18.03837278,21.07949687,2.490863989,69.57358456,70.56310587,92.81027464,24.6398787,1000000000
705,19.47915458,18.18130007,16.02423696,13.32611082,16.58157275,14.13177481,16.18515678,18.03837278,21.07949687,2.490863989,69.57358456,70.56310587,92.81027464,24.6398787,1000000000
706,19.47915458,18.18130007,16.02423696,13.32611082,16.58157275,14.13177481,16.18515678,18.03837278,21.07949687,2.490863989,69.57358456,70.56310587,92.81027464,24.6398787,1000000000
707,19.47915458,18.18130007,16.02423696,13.32611082,16.58157275,14.13177481,16.18515678,18.03837278,21.07949687,2.490863989,69.57358456,70.56310587,92.81027464,24.6398787,1000000000
708,19.47915458,18.18130007,16.02423696,13.32611082,16.58157275,14.13177481,16.18515678,18.03837278,21.07949687,2.490863989,69.57358456,70.56310587,92.81027464,24.6398787,1000000000
709,19.47915458,18.18130007,16.02423696,13.32611082,16.58157275,14.13177481,16.18515678,18.03837278,21.07949687,2.490863989,69.57358456,70.56310587,92.81027464,24.6398787,1000000000
710,19.47915458,18.18130007,16.02423696,13.32611082,16.58157275,14.13177481,16.18515678,18.03837278,21.07949687,2.490863989,69.57358456,70.56310587,92.81027464,24.6398787,1000000000
711,19.47915458,18.18130007,16.02423696,13.32611082,16.58157275,14.13177481,16.18515678,18.03837278,21.07949687,2.490863989,69.57358456,70.56310587,92.81027464,24.6398787,1000000000
712,19.47915458,18.18130007,16.02423696,13.32611082,16.58157275,14.13177481,16.18515678,18.03837278,21.07949687,2.490863989,69.57358456,70.56310587,92.81027464,24.6398787,1000000000
713,19.47915458,18.18130007,16.02423696,13.32611082,16.58157275,14.13177481,16.18515678,18.03837278,21.07949687,2.490863989,69.57358456,70.56310587,92.81027464,24.6398787,1000000000
714,19.47915458,18.18130007,16.02423696,13.32611082,16.58157275,14.13177481,16.18515678,18.03837278,21.07949687,2.490863989,69.57358456,70.56310587,92.81027464,24.6398787,1000000000
715,19.47915458,18.18130007,16.02423696,13.32611082,16.58157275,14.13177481,16.18515678,18.03837278,21.07949687,2.490863989,69.57358456,70.56310587,92.81027464,24.6398787,1000000000
716,19.47915458,18.18130007,16.02423696,13.32611082,16.58157275,14.13177481,16.18515678,18.03837278,21.07949687,2.490863989,69.57358456,70.56310587,92.81027464,24.6398787,1000000000
717,19.47915458,18.18130007,16.02423696,13.32611082,16.58157275,14.13177481,16.18515678,18.03837278,21.07949687,2.490863989,69.57358456,70.56310587,92.81027464,24.6398787,1000000000
718,19.47915458,18.18130007,16.02423696,13.32611082,16.58157275,14.13177481,16.18515678,18.03837278,21.07949687,2.490863989,69.57358456,70.56310587,92.81027464,24.6398787,1000000000
719,19.47915458,18.18130007,16.02423696,13.32611082,16.58157275,14.13177481,16.18515678,18.03837278,21.07949687,2.490863989,69.57358456,70.56310587,92.81027464,24.6398787,1000000000
720,19.47915458,18.18130007,16.02423696,13.32611082,16.58157275,14.13177481,16.18515678,18.03837278,21.07949687,2.490863989,69.57358456,70.56310587,92.81027464,24.6398787,1000000000
721,19.47915458,18.18130007,16.02423696,13.32611082,16.58157275,14.13177481,16.18515678,18.03837278,21.07949687,2.490863989,69.57358456,70.56310587,92.81027464,24.6398787,1000000000
722,19.47915458,18.18130007,16.02423696,13.32611082,16.58157275,14.13177481,16.18515678,18.03837278,21.07949687,2.490863989,69.57358456,70.56310587,92.81027464,24.6398787,1000000000
723,19.47915458,18.18130007,16.02423696,13.32611082,16.58157275,14.13177481,16.18515678,18.03837278,21.07949687,2.490863989,69.57358456,70.56310587,92.81027464,24.6398787,1000000000
724,19.47915458,18.18130007,16.02423696,13.32611082,16.58157275,14.13177481,16.18515678,18.03837278,21.07949687,2.490863989,69.57358456,70.56310587,92.81027464,24.6398787,1000000000
725,19.47915458,18.18130007,16.02423696,13.32611082,16.58157275,14.13177481,16.18515678,18.03837278,21.07949687,2.490863989,69.57358456,70.56310587,92.81027464,24.6398787,1000000000
726,19.47915458,18.18130007,16.02423696,13.32611082,16.58157275,14.13177481,16.18515678,18.03837278,21.07949687,2.490863989,69.57358456,70.56310587,92.81027464,24.6398787,1000000000
727,19.47915458,18.18130007,16.02423696,13.32611082,16.58157275,14.13177481,16.18515678,18.03837278,21.07949687,2.490863989,69.57358456,70.56310587,92.81027464,24.6398787,1000000000
728,19.47915458,18.18130007,16.02423696,13.32611082,16.58157275,14.13177481,16.18515678,18.03837278,21.07949687,2.490863989,69.57358456,70.56310587,92.81027464,24.6398787,1000000000
729,19.47915458,18.18130007,16.02423696,13.32611082,16.58157275,14.13177481,16.18515678,18.03837278,21.07949687,2.490863989,69.57358456,70.56310587,92.81027464,24.6398787,1000000000
730,19.47915458,18.18130007,16.02423696,13.32611082,16.58157275,14.13177481,16.18515678,18.03837278,21.07949687,2.490863989,69.57358456,70.56310587,92.81027464,24.6398787,1000000000
731,19.47915458,18.18130007,16.02423696,13.32611082,16.58157275,14.13177481,16.18515678,18.03837278,21.07949687,2.490863989,69.57358456,70.56310587,92.81027464,24.6398787,1000000000
732,19.47915458,18.18130007,16.02423696,13.32611082,16.58157275,14.13177481,16.18515678,18.03837278,21.07949687,2.490863989,69.57358456,70.56310587,92.81027464,24.6398787,1000000000
733,19.47915458,18.18130007,16.02423696,13.32611082,16.58157275,14.13177481,16.18515678,18.03837278,21.07949687,2.490863989,69.57358456,70.56310587,92.81027464,24.6398787,1000000000
734,19.47915458,18.18130007,16.02423696,13.32611082,16.58157275,14.13177481,16.18515678,18.03837278,21.07949687,2.490863989,69.57358456,70.56310587,92.81027464,24.6398787,1000000000
735,19.47915458,18.18130007,16.02423696,13.32611082,16.58157275,14.13177481,16.18515678,18.03837278,21.07949687,2.490863989,69.57358456,70.56310587,92.81027464,24.6398787,1000000000
736,19.47915458,18.18130007,16.02423696,13.32611082,16.58157275,14.13177481,16.18515678,18.03837278,21.07949687,2.490863989,69.57358456,70.56310587,92.81027464,24.6398787,1000000000
737,19.47915458,18.18130007,16.02423696,13.32611082,16.58157275,14.13177481,16.18515678,18.03837278,21.07949687,2.490863989,69.57358456,70.56310587,92.81027464,24.6398787,1000000000
738,19.47915458,18.18130007,16.02423696,13.32611082,16.58157275,14.13177481,16.18515678,18.03837278,21.07949687,2.490863989,69.57358456,70.56310587,92.81027464,24.6398787,1000000000
739,19.47915458,18.18130007,16.02423696,13.32611082,16.58157275,14.13177481,16.18515678,18.03837278,21.07949687,2.490863989,69.57358456,70.56310587,92.81027464,24.6398787,1000000000
740,19.47915458,18.18130007,16.02423696,13.32611082,16.58157275,14.13177481,16.18515678,18.03837278,21.07949687,2.490863989,69.57358456,70.56310587,92.81027464,24.6398787,1000000000
741,19.47915458,18.18130007,16.02423696,13.32611082,16.58157275,14.13177481,16.18515678,18.03837278,21.07949687,2.490863989,69.57358456,70.56310587,92.81027464,24.6398787,1000000000
742,19.47915458,18.18130007,16.02423696,13.32611082,16.58157275,14.13177481,16.18515678,18.03837278,21.07949687,2.490863989,69.57358456,70.56310587,92.81027464,24.6398787,1000000000
743,19.47915458,18.18130007,16.02423696,13.32611082,16.58157275,14.13177481,16.18515678,18.03837278,21.07949687,2.490863989,69.57358456,70.56310587,92.81027464,24.6398787,1000000000
744,19.47915458,18.18130007,16.02423696,13.32611082,16.58157275,14.13177481,16.18515678,18.03837278,21.07949687,2.490863989,69.57358456,70.56310587,92.81027464,24.6398787,1000000000
745,19.47915458,18.18130007,16.02423696,13.32611082,16.58157275,14.13177481,16.18515678,18.03837278,21.07949687,2.490863989,69.57358456,70.56310587,92.81027464,24.6398787,1000000000
746,19.47915458,18.18130007,16.02423696,13.32611082,16.58157275,14.13177481,16.18515678,18.03837278,21.07949687,2.490863989,69.57358456,70.56310587,92.81027464,24.6398787,1000000000
747,19.47915458,18.18130007,16.02423696,13.32611082,16.58157275,14.13177481,16.18515678,18.03837278,21.07949687,2.490863989,69.57358456,70.56310587,92.81027464,24.6398787,1000000000
748,19.47915458,18.18130007,16.02423696,13.32611082,16.58157275,14.13177481,16.18515678,18.03837278,21.07949687,2.490863989,69.57358456,70.56310587,92.81027464,24.6398787,1000000000
749,19.47915458,18.18130007,16.02423696,13.32611082,16.58157275,14.13177481,16.18515678,18.03837278,21.07949687,2.490863989,69.57358456,70.56310587,92.81027464,24.6398787,1000000000
750,19.47915458,18.18130007,16.02423696,13.32611082,16.58157275,14.13177481,16.18515678,18.03837278,21.07949687,2.490863989,69.57358456,70.56310587,92.81027464,24.6398787,1000000000
751,19.47915458,18.18130007,16.02423696,13.32611082,16.58157275,14.13177481,16.18515678,18.03837278,21.07949687,2.490863989,69.57358456,70.56310587,92.81027464,24.6398787,1000000000
752,19.47915458,18.18130007,16.02423696,13.32611082,16.58157275,14.13177481,16.18515678,18.03837278,21.07949687,2.490863989,69.57358456,70.56310587,92.81027464,24.6398787,1000000000
753,19.47915458,18.18130007,16.02423696,13.32611082,16.58157275,14.13177481,16.18515678,18.03837278,21.07949687,2.490863989,69.57358456,70.56310587,92.81027464,24.6398787,1000000000
754,19.47915458,18.18130007,16.02423696,13.32611082,16.58157275,14.13177481,16.18515678,18.03837278,21.07949687,2.490863989,69.57358456,70.56310587,92.81027464,24.6398787,1000000000
755,19.47915458,18.18130007,16.02423696,13.32611082,16.58157275,14.13177481,16.18515678,18.03837278,21.07949687,2.490863989,69.57358456,70.56310587,92.81027464,24.6398787,1000000000
756,19.47915458,18.18130007,16.02423696,13.32611082,16.58157275,14.13177481,16.18515678,18.03837278,21.07949687,2.490863989,69.57358456,70.56310587,92.81027464,24.6398787,1000000000
757,19.47915458,18.18130007,16.02423696,13.32611082,16.58157275,14.13177481,16.18515678,18.03837278,21.07949687,2.490863989,69.57358456,70.56310587,92.81027464,24.6398787,1000000000
758,19.47915458,18.18130007,16.02423696,13.32611082,16.58157275,14.13177481,16.18515678,18.03837278,21.07949687,2.490863989,69.57358456,70.56310587,92.81027464,24.6398787,1000000000
759,19.47915458,18.18130007,16.02423696,13.32611082,16.58157275,14.13177481,16.18515678,18.03837278,21.07949687,2.490863989,69.57358456,70.56310587,92.81027464,24.6398787,1000000000
760,19.47915458,18.18130007,16.02423696,13.32611082,16.58157275,14.13177481,16.18515678,18.03837278,21.07949687,2.490863989,69.57358456,70.56310587,92.81027464,24.6398787,1000000000
761,19.47915458,18.18130007,16.02423696,13.32611082,16.58157275,14.13177481,16.18515678,18.03837278,21.07949687,2.490863989,69.57358456,70.56310587,92.81027464,24.6398787,1000000000
762,19.47915458,18.18130007,16.02423696,13.32611082,16.58157275,14.13177481,16.18515678,18.03837278,21.07949687,2.490863989,69.57358456,70.56310587,92.81027464,24.6398787,1000000000
763,19.47915458,18.18130007,16.02423696,13.32611082,16.58157275,14.13177481,16.18515678,18.03837278,21.07949687,2.490863989,69.57358456,70.56310587,92.81027464,24.6398787,1000000000
764,19.47915458,18.18130007,16.02423696,13.32611082,16.58157275,14.13177481,16.18515678,18.03837278,21.07949687,2.490863989,69.57358456,70.56310587,92.81027464,24.6398787,1000000000
765,19.47915458,18.18130007,16.02423696,13.32611082,16.58157275,14.13177481,16.18515678,18.03837278,21.07949687,2.490863989,69.57358456,70.56310587,92.81027464,24.6398787,1000000000
766,19.47915458,18.18130007,16.02423696,13.32611082,16.58157275,14.13177481,16.18515678,18.03837278,21.07949687,2.490863989,69.57358456,70.56310587,92.81027464,24.6398787,1000000000
767,19.47915458,18.18130007,16.02423696,13.32611082,16.58157275,14.13177481,16.18515678,18.03837278,21.07949687,2.490863989,69.57358456,70.56310587,92.81027464,24.6398787,1000000000
768,19.47915458,18.18130007,16.02423696,13.32611082,16.58157275,14.13177481,16.18515678,18.03837278,21.07949687,2.490863989,69.57358456,70.56310587,92.81027464,24.6398787,1000000000
769,19.47915458,18.18130007,16.02423696,13.32611082,16.58157275,14.13177481,16.18515678,18.03837278,21.07949687,2.490863989,69.57358456,70.56310587,92.81027464,24.6398787,1000000000
770,19.47915458,18.18130007,16.02423696,13.32611082,16.58157275,14.13177481,16.18515678,18.03837278,21.07949687,2.490863989,69.57358456,70.56310587,92.81027464,24.6398787,1000000000
771,19.47915458,18.18130007,16.02423696,13.32611082,16.58157275,14.13177481,16.18515678,18.03837278,21.07949687,2.490863989,69.57358456,70.56310587,92.81027464,24.6398787,1000000000
772,19.47915458,18.18130007,16.02423696,13.32611082,16.58157275,14.13177481,16.18515678,18.03837278,21.07949687,2.490863989,69.57358456,70.56310587,92.81027464,24.6398787,1000000000
773,19.47915458,18.18130007,16.02423696,13.32611082,16.58157275,14.13177481,16.18515678,18.03837278,21.07949687,2.490863989,69.57358456,70.56310587,92.81027464,24.6398787,1000000000
774,19.47915458,18.18130007,16.02423696,13.32611082,16.58157275,14.13177481,16.18515678,18.03837278,21.07949687,2.490863989,69.57358456,70.56310587,92.81027464,24.6398787,1000000000
775,19.47915458,18.18130007,16.02423696,13.32611082,16.58157275,14.13177481,16.18515678,18.03837278,21.07949687,2.490863989,69.57358456,70.56310587,92.81027464,24.6398787,1000000000
776,19.47915458,18.18130007,16.02423696,13.32611082,16.58157275,14.13177481,16.18515678,18.03837278,21.07949687,2.490863989,69.57358456,70.56310587,92.81027464,24.6398787,1000000000
777,19.47915458,18.18130007,16.02423696,13.32611082,16.58157275,14.13177481,16.18515678,18.03837278,21.07949687,2.490863989,69.57358456,70.56310587,92.81027464,24.6398787,1000000000
778,19.47915458,18.18130007,16.02423696,13.32611082,16.58157275,14.13177481,16.18515678,18.03837278,21.07949687,2.490863989,69.57358456,70.56310587,92.81027464,24.6398787,1000000000
779,19.47915458,18.18130007,16.02423696,13.32611082,16.58157275,14.13177481,16.18515678,18.03837278,21.07949687,2.490863989,69.57358456,70.56310587,92.81027464,24.6398787,1000000000
780,19.47915458,18.18130007,16.02423696,13.32611082,16.58157275,14.13177481,16.18515678,18.03837278,21.07949687,2.490863989,69.57358456,70.56310587,92.81027464,24.6398787,1000000000
781,19.47915458,18.18130007,16.02423696,13.32611082,16.58157275,14.13177481,16.18515678,18.03837278,21.07949687,2.490863989,69.57358456,70.56310587,92.81027464,24.6398787,1000000000
782,19.47915458,18.18130007,16.02423696,13.32611082,16.58157275,14.13177481,16.18515678,18.03837278,21.07949687,2.490863989,69.57358456,70.56310587,92.81027464,24.6398787,1000000000
783,19.47915458,18.18130007,16.02423696,13.32611082,16.58157275,14.13177481,16.18515678,18.03837278,21.07949687,2.490863989,69.57358456,70.56310587,92.81027464,24.6398787,1000000000
784,19.47915458,18.18130007,16.02423696,13.32611082,16.58157275,14.13177481,16.18515678,18.03837278,21.07949687,2.490863989,69.57358456,70.56310587,92.81027464,24.6398787,1000000000
785,19.47915458,18.18130007,16.02423696,13.32611082,16.58157275,14.13177481,16.18515678,18.03837278,21.07949687,2.490863989,69.57358456,70.56310587,92.81027464,24.6398787,1000000000
786,19.47915458,18.18130007,16.02423696,13.32611082,16.58157275,14.13177481,16.18515678,18.03837278,21.07949687,2.490863989,69.57358456,70.56310587,92.81027464,24.6398787,1000000000
787,19.47915458,18.18130007,16.02423696,13.32611082,16.58157275,14.13177481,16.18515678,18.03837278,21.07949687,2.490863989,69.57358456,70.56310587,92.81027464,24.6398787,1000000000
788,19.47915458,18.18130007,16.02423696,13.32611082,16.58157275,14.13177481,16.18515678,18.03837278,21.07949687,2.490863989,69.57358456,70.56310587,92.81027464,24.6398787,1000000000
789,19.47915458,18.18130007,16.02423696,13.32611082,16.58157275,14.13177481,16.18515678,18.03837278,21.07949687,2.490863989,69.57358456,70.56310587,92.81027464,24.6398787,1000000000
790,19.47915458,18.18130007,16.02423696,13.32611082,16.58157275,14.13177481,16.18515678,18.03837278,21.07949687,2.490863989,69.57358456,70.56310587,92.81027464,24.6398787,1000000000
791,19.47915458,18.18130007,16.02423696,13.32611082,16.58157275,14.13177481,16.18515678,18.03837278,21.07949687,2.490863989,69.57358456,70.56310587,92.81027464,24.6398787,1000000000
792,19.47915458,18.18130007,16.02423696,13.32611082,16.58157275,14.13177481,16.18515678,18.03837278,21.07949687,2.490863989,69.57358456,70.56310587,92.81027464,24.6398787,1000000000
793,19.47915458,18.18130007,16.02423696,13.32611082,16.58157275,14.13177481,16.18515678,18.03837278,21.07949687,2.490863989,69.57358456,70.56310587,92.81027464,24.6398787,1000000000
794,19.47915458,18.18130007,16.02423696,13.32611082,16.58157275,14.13177481,16.18515678,18.03837278,21.07949687,2.490863989,69.57358456,70.56310587,92.81027464,24.6398787,1000000000
795,19.47915458,18.18130007,16.02423696,13.32611082,16.58157275,14.13177481,16.18515678,18.03837278,21.07949687,2.490863989,69.57358456,70.56310587,92.81027464,24.6398787,1000000000
796,19.47915458,18.18130007,16.02423696,13.32611082,16.58157275,14.13177481,16.18515678,18.03837278,21.07949687,2.490863989,69.57358456,70.56310587,92.81027464,24.6398787,1000000000
797,19.47915458,18.18130007,16.02423696,13.32611082,16.58157275,14.13177481,16.18515678,18.03837278,21.07949687,2.490863989,69.57358456,70.56310587,92.81027464,24.6398787,1000000000
798,19.47915458,18.18130007,16.02423696,13.32611082,16.58157275,14.13177481,16.18515678,18.03837278,21.07949687,2.490863989,69.57358456,70.56310587,92.81027464,24.6398787,1000000000
799,19.47915458,18.18130007,16.02423696,13.32611082,16.58157275,14.13177481,16.18515678,18.03837278,21.07949687,2.490863989,69.57358456,70.56310587,92.81027464,24.6398787,1000000000
800,19.47915458,18.18130007,16.02423696,13.32611082,16.58157275,14.13177481,16.18515678,18.03837278,21.07949687,2.490863989,69.57358456,70.56310587,92.81027464,24.6398787,1000000000
801,19.47915458,18.18130007,16.02423696,13.32611082,16.58157275,14.13177481,16.18515678,18.03837278,21.07949687,2.490863989,69.57358456,70.56310587,92.81027464,24.6398787,1000000000
802,19.47915458,18.18130007,16.02423696,13.32611082,16.58157275,14.13177481,16.18515678,18.03837278,21.07949687,2.490863989,69.57358456,70.56310587,92.81027464,24.6398787,1000000000
803,19.47915458,18.18130007,16.02423696,13.32611082,16.58157275,14.13177481,16.18515678,18.03837278,21.07949687,2.490863989,69.57358456,70.56310587,92.81027464,24.6398787,1000000000
804,19.47915458,18.18130007,16.02423696,13.32611082,16.58157275,14.13177481,16.18515678,18.03837278,21.07949687,2.490863989,69.57358456,70.56310587,92.81027464,24.6398787,1000000000
805,19.47915458,18.18130007,16.02423696,13.32611082,16.58157275,14.13177481,16.18515678,18.03837278,21.07949687,2.490863989,69.57358456,70.56310587,92.81027464,24.6398787,1000000000
806,19.47915458,18.18130007,16.02423696,13.32611082,16.58157275,14.13177481,16.18515678,18.03837278,21.07949687,2.490863989,69.57358456,70.56310587,92.81027464,24.6398787,1000000000
807,19.47915458,18.18130007,16.02423696,13.32611082,16.58157275,14.13177481,16.18515678,18.03837278,21.07949687,2.490863989,69.57358456,70.56310587,92.81027464,24.6398787,1000000000
808,19.47915458,18.18130007,16.02423696,13.32611082,16.58157275,14.13177481,16.18515678,18.03837278,21.07949687,2.490863989,69.57358456,70.56310587,92.81027464,24.6398787,1000000000
809,19.47915458,18.18130007,16.02423696,13.32611082,16.58157275,14.13177481,16.18515678,18.03837278,21.07949687,2.490863989,69.57358456,70.56310587,92.81027464,24.6398787,1000000000
810,19.47915458,18.18130007,16.02423696,13.32611082,16.58157275,14.13177481,16.18515678,18.03837278,21.07949687,2.490863989,69.57358456,70.56310587,92.81027464,24.6398787,1000000000
811,19.47915458,18.18130007,16.02423696,13.32611082,16.58157275,14.13177481,16.18515678,18.03837278,21.07949687,2.490863989,69.57358456,70.56310587,92.81027464,24.6398787,1000000000
812,19.47915458,18.18130007,16.02423696,13.32611082,16.58157275,14.13177481,16.18515678,18.03837278,21.07949687,2.490863989,69.57358456,70.56310587,92.81027464,24.6398787,1000000000
813,19.47915458,18.18130007,16.02423696,13.32611082,16.58157275,14.13177481,16.18515678,18.03837278,21.07949687,2.490863989,69.57358456,70.56310587,92.81027464,24.6398787,1000000000
814,19.47915458,18.18130007,16.02423696,13.32611082,16.58157275,14.13177481,16.18515678,18.03837278,21.07949687,2.490863989,69.57358456,70.56310587,92.81027464,24.6398787,1000000000
815,19.47915458,18.18130007,16.02423696,13.32611082,16.58157275,14.13177481,16.18515678,18.03837278,21.07949687,2.490863989,69.57358456,70.56310587,92.81027464,24.6398787,1000000000
816,19.47915458,18.18130007,16.02423696,13.32611082,16.58157275,14.13177481,16.18515678,18.03837278,21.07949687,2.490863989,69.57358456,70.56310587,92.81027464,24.6398787,1000000000
817,19.47915458,18.18130007,16.02423696,13.32611082,16.58157275,14.13177481,16.18515678,18.03837278,21.07949687,2.490863989,69.57358456,70.56310587,92.81027464,24.6398787,1000000000
818,19.47915458,18.18130007,16.02423696,13.32611082,16.58157275,14.13177481,16.18515678,18.03837278,21.07949687,2.490863989,69.57358456,70.56310587,92.81027464,24.6398787,1000000000
819,19.47915458,18.18130007,16.02423696,13.32611082,16.58157275,14.13177481,16.18515678,18.03837278,21.07949687,2.490863989,69.57358456,70.56310587,92.81027464,24.6398787,1000000000
820,19.47915458,18.18130007,16.02423696,13.32611082,16.58157275,14.13177481,16.18515678,18.03837278,21.07949687,2.490863989,69.57358456,70.56310587,92.81027464,24.6398787,1000000000
821,19.47915458,18.18130007,16.02423696,13.32611082,16.58157275,14.13177481,16.18515678,18.03837278,21.07949687,2.490863989,69.57358456,70.56310587,92.81027464,24.6398787,1000000000
822,19.47915458,18.18130007,16.02423696,13.32611082,16.58157275,14.13177481,16.18515678,18.03837278,21.07949687,2.490863989,69.57358456,70.56310587,92.81027464,24.6398787,1000000000
823,19.47915458,18.18130007,16.02423696,13.32611082,16.58157275,14.13177481,16.18515678,18.03837278,21.07949687,2.490863989,69.57358456,70.56310587,92.81027464,24.6398787,1000000000
824,19.47915458,18.18130007,16.02423696,13.32611082,16.58157275,14.13177481,16.18515678,18.03837278,21.07949687,2.490863989,69.57358456,70.56310587,92.81027464,24.6398787,1000000000
825,19.47915458,18.18130007,16.02423696,13.32611082,16.58157275,14.13177481,16.18515678,18.03837278,21.07949687,2.490863989,69.57358456,70.56310587,92.81027464,24.6398787,1000000000
826,19.47915458,18.18130007,16.02423696,13.32611082,16.58157275,14.13177481,16.18515678,18.03837278,21.07949687,2.490863989,69.57358456,70.56310587,92.81027464,24.6398787,1000000000
827,19.47915458,18.18130007,16.02423696,13.32611082,16.58157275,14.13177481,16.18515678,18.03837278,21.07949687,2.490863989,69.57358456,70.56310587,92.81027464,24.6398787,1000000000
828,19.47915458,18.18130007,16.02423696,13.32611082,16.58157275,14.13177481,16.18515678,18.03837278,21.07949687,2.490863989,69.57358456,70.56310587,92.81027464,24.6398787,1000000000
829,19.47915458,18.18130007,16.02423696,13.32611082,16.58157275,14.13177481,16.18515678,18.03837278,21.07949687,2.490863989,69.57358456,70.56310587,92.81027464,24.6398787,1000000000
830,19.47915458,18.18130007,16.02423696,13.32611082,16.58157275,14.13177481,16.18515678,18.03837278,21.07949687,2.490863989,69.57358456,70.56310587,92.81027464,24.6398787,1000000000
831,19.47915458,18.18130007,16.02423696,13.32611082,16.58157275,14.13177481,16.18515678,18.03837278,21.07949687,2.490863989,69.57358456,70.56310587,92.81027464,24.6398787,1000000000
832,19.47915458,18.18130007,16.02423696,13.32611082,16.58157275,14.13177481,16.18515678,18.03837278,21.07949687,2.490863989,69.57358456,70.56310587,92.81027464,24.6398787,1000000000
833,19.47915458,18.18130007,16.02423696,13.32611082,16.58157275,14.13177481,16.18515678,18.03837278,21.07949687,2.490863989,69.57358456,70.56310587,92.81027464,24.6398787,1000000000
834,19.47915458,18.18130007,16.02423696,13.32611082,16.58157275,14.13177481,16.18515678,18.03837278,21.07949687,2.490863989,69.57358456,70.56310587,92.81027464,24.6398787,1000000000
835,19.47915458,18.18130007,16.02423696,13.32611082,16.58157275,14.13177481,16.18515678,18.03837278,21.07949687,2.490863989,69.57358456,70.56310587,92.81027464,24.6398787,1000000000
836,19.47915458,18.18130007,16.02423696,13.32611082,16.58157275,14.13177481,16.18515678,18.03837278,21.07949687,2.490863989,69.57358456,70.56310587,92.81027464,24.6398787,1000000000
837,19.47915458,18.18130007,16.02423696,13.32611082,16.58157275,14.13177481,16.18515678,18.03837278,21.07949687,2.490863989,69.57358456,70.56310587,92.81027464,24.6398787,1000000000
838,19.47915458,18.18130007,16.02423696,13.32611082,16.58157275,14.13177481,16.18515678,18.03837278,21.07949687,2.490863989,69.57358456,70.56310587,92.81027464,24.6398787,1000000000
839,19.47915458,18.18130007,16.02423696,13.32611082,16.58157275,14.13177481,16.18515678,18.03837278,21.07949687,2.490863989,69.57358456,70.56310587,92.81027464,24.6398787,1000000000
840,19.47915458,18.18130007,16.02423696,13.32611082,16.58157275,14.13177481,16.18515678,18.03837278,21.07949687,2.490863989,69.57358456,70.56310587,92.81027464,24.6398787,1000000000
841,19.47915458,18.18130007,16.02423696,13.32611082,16.58157275,14.13177481,16.18515678,18.03837278,21.07949687,2.490863989,69.57358456,70.56310587,92.81027464,24.6398787,1000000000
842,19.47915458,18.18130007,16.02423696,13.32611082,16.58157275,14.13177481,16.18515678,18.03837278,21.07949687,2.490863989,69.57358456,70.56310587,92.81027464,24.6398787,1000000000
843,19.47915458,18.18130007,16.02423696,13.32611082,16.58157275,14.13177481,16.18515678,18.03837278,21.07949687,2.490863989,69.57358456,70.56310587,92.81027464,24.6398787,1000000000
844,19.47915458,18.18130007,16.02423696,13.32611082,16.58157275,14.13177481,16.18515678,18.03837278,21.07949687,2.490863989,69.57358456,70.56310587,92.81027464,24.6398787,1000000000
845,19.47915458,18.18130007,16.02423696,13.32611082,16.58157275,14.13177481,16.18515678,18.03837278,21.07949687,2.490863989,69.57358456,70.56310587,92.81027464,24.6398787,1000000000
846,19.47915458,18.18130007,16.02423696,13.32611082,16.58157275,14.13177481,16.18515678,18.03837278,21.07949687,2.490863989,69.57358456,70.56310587,92.81027464,24.6398787,1000000000
847,19.47915458,18.18130007,16.02423696,13.32611082,16.58157275,14.13177481,16.18515678,18.03837278,21.07949687,2.490863989,69.57358456,70.56310587,92.81027464,24.6398787,1000000000
848,19.47915458,18.18130007,16.02423696,13.32611082,16.58157275,14.13177481,16.18515678,18.03837278,21.07949687,2.490863989,69.57358456,70.56310587,92.81027464,24.6398787,1000000000
849,19.47915458,18.18130007,16.02423696,13.32611082,16.58157275,14.13177481,16.18515678,18.03837278,21.07949687,2.490863989,69.57358456,70.56310587,92.81027464,24.6398787,1000000000
850,19.47915458,18.18130007,16.02423696,13.32611082,16.58157275,14.13177481,16.18515678,18.03837278,21.07949687,2.490863989,69.57358456,70.56310587,92.81027464,24.6398787,1000000000
851,19.47915458,18.18130007,16.02423696,13.32611082,16.58157275,14.13177481,16.18515678,18.03837278,21.07949687,2.490863989,69.57358456,70.56310587,92.81027464,24.6398787,1000000000
852,19.47915458,18.18130007,16.02423696,13.32611082,16.58157275,14.13177481,16.18515678,18.03837278,21.07949687,2.490863989,69.57358456,70.56310587,92.81027464,24.6398787,1000000000
853,19.47915458,18.18130007,16.02423696,13.32611082,16.58157275,14.13177481,16.18515678,18.03837278,21.07949687,2.490863989,69.57358456,70.56310587,92.81027464,24.6398787,1000000000
854,19.47915458,18.18130007,16.02423696,13.32611082,16.58157275,14.13177481,16.18515678,18.03837278,21.07949687,2.490863989,69.57358456,70.56310587,92.81027464,24.6398787,1000000000
855,19.47915458,18.18130007,16.02423696,13.32611082,16.58157275,14.13177481,16.18515678,18.03837278,21.07949687,2.490863989,69.57358456,70.56310587,92.81027464,24.6398787,1000000000
856,19.47915458,18.18130007,16.02423696,13.32611082,16.58157275,14.13177481,16.18515678,18.03837278,21.07949687,2.490863989,69.57358456,70.56310587,92.81027464,24.6398787,1000000000
857,19.47915458,18.18130007,16.02423696,13.32611082,16.58157275,14.13177481,16.18515678,18.03837278,21.07949687,2.490863989,69.57358456,70.56310587,92.81027464,24.6398787,1000000000
858,19.47915458,18.18130007,16.02423696,13.32611082,16.58157275,14.13177481,16.18515678,18.03837278,21.07949687,2.490863989,69.57358456,70.56310587,92.81027464,24.6398787,1000000000
859,19.47915458,18.18130007,16.02423696,13.32611082,16.58157275,14.13177481,16.18515678,18.03837278,21.07949687,2.490863989,69.57358456,70.56310587,92.81027464,24.6398787,1000000000
860,19.47915458,18.18130007,16.02423696,13.32611082,16.58157275,14.13177481,16.18515678,18.03837278,21.07949687,2.490863989,69.57358456,70.56310587,92.81027464,24.6398787,1000000000
861,19.47915458,18.18130007,16.02423696,13.32611082,16.58157275,14.13177481,16.18515678,18.03837278,21.07949687,2.490863989,69.57358456,70.56310587,92.81027464,24.6398787,1000000000
862,19.47915458,18.18130007,16.02423696,13.32611082,16.58157275,14.13177481,16.18515678,18.03837278,21.07949687,2.490863989,69.57358456,70.56310587,92.81027464,24.6398787,1000000000
863,19.47915458,18.18130007,16.02423696,13.32611082,16.58157275,14.13177481,16.18515678,18.03837278,21.07949687,2.490863989,69.57358456,70.56310587,92.81027464,24.6398787,1000000000
864,19.47915458,18.18130007,16.02423696,13.32611082,16.58157275,14.13177481,16.18515678,18.03837278,21.07949687,2.490863989,69.57358456,70.56310587,92.81027464,24.6398787,1000000000
865,19.47915458,18.18130007,16.02423696,13.32611082,16.58157275,14.13177481,16.18515678,18.03837278,21.07949687,2.490863989,69.57358456,70.56310587,92.81027464,24.6398787,1000000000
866,19.47915458,18.18130007,16.02423696,13.32611082,16.58157275,14.13177481,16.18515678,18.03837278,21.07949687,2.490863989,69.57358456,70.56310587,92.81027464,24.6398787,1000000000
867,19.47915458,18.18130007,16.02423696,13.32611082,16.58157275,14.13177481,16.18515678,18.03837278,21.07949687,2.490863989,69.57358456,70.56310587,92.81027464,24.6398787,1000000000
868,19.47915458,18.18130007,16.02423696,13.32611082,16.58157275,14.13177481,16.18515678,18.03837278,21.07949687,2.490863989,69.57358456,70.56310587,92.81027464,24.6398787,1000000000
869,19.47915458,18.18130007,16.02423696,13.32611082,16.58157275,14.13177481,16.18515678,18.03837278,21.07949687,2.490863989,69.57358456,70.56310587,92.81027464,24.6398787,1000000000
870,19.47915458,18.18130007,16.02423696,13.32611082,16.58157275,14.13177481,16.18515678,18.03837278,21.07949687,2.490863989,69.57358456,70.56310587,92.81027464,24.6398787,1000000000
871,19.47915458,18.18130007,16.02423696,13.32611082,16.58157275,14.13177481,16.18515678,18.03837278,21.07949687,2.490863989,69.57358456,70.56310587,92.81027464,24.6398787,1000000000
872,19.47915458,18.18130007,16.02423696,13.32611082,16.58157275,14.13177481,16.18515678,18.03837278,21.07949687,2.490863989,69.57358456,70.56310587,92.81027464,24.6398787,1000000000
873,19.47915458,18.18130007,16.02423696,13.32611082,16.58157275,14.13177481,16.18515678,18.03837278,21.07949687,2.490863989,69.57358456,70.56310587,92.81027464,24.6398787,1000000000
874,19.47915458,18.18130007,16.02423696,13.32611082,16.58157275,14.13177481,16.18515678,18.03837278,21.07949687,2.490863989,69.57358456,70.56310587,92.81027464,24.6398787,1000000000
875,19.47915458,18.18130007,16.02423696,13.32611082,16.58157275,14.13177481,16.18515678,18.03837278,21.07949687,2.490863989,69.57358456,70.56310587,92.81027464,24.6398787,1000000000
876,19.47915458,18.18130007,16.02423696,13.32611082,16.58157275,14.13177481,16.18515678,18.03837278,21.07949687,2.490863989,69.57358456,70.56310587,92.81027464,24.6398787,1000000000
877,19.47915458,18.18130007,16.02423696,13.32611082,16.58157275,14.13177481,16.18515678,18.03837278,21.07949687,2.490863989,69.57358456,70.56310587,92.81027464,24.6398787,1000000000
878,19.47915458,18.18130007,16.02423696,13.32611082,16.58157275,14.13177481,16.18515678,18.03837278,21.07949687,2.490863989,69.57358456,70.56310587,92.81027464,24.6398787,1000000000
879,19.47915458,18.18130007,16.02423696,13.32611082,16.58157275,14.13177481,16.18515678,18.03837278,21.07949687,2.490863989,69.57358456,70.56310587,92.81027464,24.6398787,1000000000
880,19.47915458,18.18130007,16.02423696,13.32611082,16.58157275,14.13177481,16.18515678,18.03837278,21.07949687,2.490863989,69.57358456,70.56310587,92.81027464,24.6398787,1000000000
881,19.47915458,18.18130007,16.02423696,13.32611082,16.58157275,14.13177481,16.18515678,18.03837278,21.07949687,2.490863989,69.57358456,70.56310587,92.81027464,24.6398787,1000000000
882,19.47915458,18.18130007,16.02423696,13.32611082,16.58157275,14.13177481,16.18515678,18.03837278,21.07949687,2.490863989,69.57358456,70.56310587,92.81027464,24.6398787,1000000000
883,19.47915458,18.18130007,16.02423696,13.32611082,16.58157275,14.13177481,16.18515678,18.03837278,21.07949687,2.490863989,69.57358456,70.56310587,92.81027464,24.6398787,1000000000
884,19.47915458,18.18130007,16.02423696,13.32611082,16.58157275,14.13177481,16.18515678,18.03837278,21.07949687,2.490863989,69.57358456,70.56310587,92.81027464,24.6398787,1000000000
885,19.47915458,18.18130007,16.02423696,13.32611082,16.58157275,14.13177481,16.18515678,18.03837278,21.07949687,2.490863989,69.57358456,70.56310587,92.81027464,24.6398787,1000000000
886,19.47915458,18.18130007,16.02423696,13.32611082,16.58157275,14.13177481,16.18515678,18.03837278,21.07949687,2.490863989,69.57358456,70.56310587,92.81027464,24.6398787,1000000000
887,19.47915458,18.18130007,16.02423696,13.32611082,16.58157275,14.13177481,16.18515678,18.03837278,21.07949687,2.490863989,69.57358456,70.56310587,92.81027464,24.6398787,1000000000
888,19.47915458,18.18130007,16.02423696,13.32611082,16.58157275,14.13177481,16.18515678,18.03837278,21.07949687,2.490863989,69.57358456,70.56310587,92.81027464,24.6398787,1000000000
889,19.47915458,18.18130007,16.02423696,13.32611082,16.58157275,14.13177481,16.18515678,18.03837278,21.07949687,2.490863989,69.57358456,70.56310587,92.81027464,24.6398787,1000000000
890,19.47915458,18.18130007,16.02423696,13.32611082,16.58157275,14.13177481,16.18515678,18.03837278,21.07949687,2.490863989,69.57358456,70.56310587,92.81027464,24.6398787,1000000000
891,19.47915458,18.18130007,16.02423696,13.32611082,16.58157275,14.13177481,16.18515678,18.03837278,21.07949687,2.490863989,69.57358456,70.56310587,92.81027464,24.6398787,1000000000
892,19.47915458,18.18130007,16.02423696,13.32611082,16.58157275,14.13177481,16.18515678,18.03837278,21.07949687,2.490863989,69.57358456,70.56310587,92.81027464,24.6398787,1000000000
893,19.47915458,18.18130007,16.02423696,13.32611082,16.58157275,14.13177481,16.18515678,18.03837278,21.07949687,2.490863989,69.57358456,70.56310587,92.81027464,24.6398787,1000000000
894,19.47915458,18.18130007,16.02423696,13.32611082,16.58157275,14.13177481,16.18515678,18.03837278,21.07949687,2.490863989,69.57358456,70.56310587,92.81027464,24.6398787,1000000000
895,19.47915458,18.18130007,16.02423696,13.32611082,16.58157275,14.13177481,16.18515678,18.03837278,21.07949687,2.490863989,69.57358456,70.56310587,92.81027464,24.6398787,1000000000
896,19.47915458,18.18130007,16.02423696,13.32611082,16.58157275,14.13177481,16.18515678,18.03837278,21.07949687,2.490863989,69.57358456,70.56310587,92.81027464,24.6398787,1000000000
897,19.47915458,18.18130007,16.02423696,13.32611082,16.58157275,14.13177481,16.18515678,18.03837278,21.07949687,2.490863989,69.57358456,70.56310587,92.81027464,24.6398787,1000000000
898,19.47915458,18.18130007,16.02423696,13.32611082,16.58157275,14.13177481,16.18515678,18.03837278,21.07949687,2.490863989,69.57358456,70.56310587,92.81027464,24.6398787,1000000000
899,19.47915458,18.18130007,16.02423696,13.32611082,16.58157275,14.13177481,16.18515678,18.03837278,21.07949687,2.490863989,69.57358456,70.56310587,92.81027464,24.6398787,1000000000
900,19.47915458,18.18130007,16.02423696,13.32611082,16.58157275,14.13177481,16.18515678,18.03837278,21.07949687,2.490863989,69.57358456,70.56310587,92.81027464,24.6398787,1000000000
901,19.47915458,18.18130007,16.02423696,13.32611082,16.58157275,14.13177481,16.18515678,18.03837278,21.07949687,2.490863989,69.57358456,70.56310587,92.81027464,24.6398787,1000000000
902,19.47915458,18.18130007,16.02423696,13.32611082,16.58157275,14.13177481,16.18515678,18.03837278,21.07949687,2.490863989,69.57358456,70.56310587,92.81027464,24.6398787,1000000000
903,19.47915458,18.18130007,16.02423696,13.32611082,16.58157275,14.13177481,16.18515678,18.03837278,21.07949687,2.490863989,69.57358456,70.56310587,92.81027464,24.6398787,1000000000
904,19.47915458,18.18130007,16.02423696,13.32611082,16.58157275,14.13177481,16.18515678,18.03837278,21.07949687,2.490863989,69.57358456,70.56310587,92.81027464,24.6398787,1000000000
905,19.47915458,18.18130007,16.02423696,13.32611082,16.58157275,14.13177481,16.18515678,18.03837278,21.07949687,2.490863989,69.57358456,70.56310587,92.81027464,24.6398787,1000000000
906,19.47915458,18.18130007,16.02423696,13.32611082,16.58157275,14.13177481,16.18515678,18.03837278,21.07949687,2.490863989,69.57358456,70.56310587,92.81027464,24.6398787,1000000000
907,19.47915458,18.18130007,16.02423696,13.32611082,16.58157275,14.13177481,16.18515678,18.03837278,21.07949687,2.490863989,69.57358456,70.56310587,92.81027464,24.6398787,1000000000
908,19.47915458,18.18130007,16.02423696,13.32611082,16.58157275,14.13177481,16.18515678,18.03837278,21.07949687,2.490863989,69.57358456,70.56310587,92.81027464,24.6398787,1000000000
909,19.47915458,18.18130007,16.02423696,13.32611082,16.58157275,14.13177481,16.18515678,18.03837278,21.07949687,2.490863989,69.57358456,70.56310587,92.81027464,24.6398787,1000000000
910,19.47915458,18.18130007,16.02423696,13.32611082,16.58157275,14.13177481,16.18515678,18.03837278,21.07949687,2.490863989,69.57358456,70.56310587,92.81027464,24.6398787,1000000000
911,19.47915458,18.18130007,16.02423696,13.32611082,16.58157275,14.13177481,16.18515678,18.03837278,21.07949687,2.490863989,69.57358456,70.56310587,92.81027464,24.6398787,1000000000
912,19.47915458,18.18130007,16.02423696,13.32611082,16.58157275,14.13177481,16.18515678,18.03837278,21.07949687,2.490863989,69.57358456,70.56310587,92.81027464,24.6398787,1000000000
913,19.47915458,18.18130007,16.02423696,13.32611082,16.58157275,14.13177481,16.18515678,18.03837278,21.07949687,2.490863989,69.57358456,70.56310587,92.81027464,24.6398787,1000000000
914,19.47915458,18.18130007,16.02423696,13.32611082,16.58157275,14.13177481,16.18515678,18.03837278,21.07949687,2.490863989,69.57358456,70.56310587,92.81027464,24.6398787,1000000000
915,19.47915458,18.18130007,16.02423696,13.32611082,16.58157275,14.13177481,16.18515678,18.03837278,21.07949687,2.490863989,69.57358456,70.56310587,92.81027464,24.6398787,1000000000
916,19.47915458,18.18130007,16.02423696,13.32611082,16.58157275,14.13177481,16.18515678,18.03837278,21.07949687,2.490863989,69.57358456,70.56310587,92.81027464,24.6398787,1000000000
917,19.47915458,18.18130007,16.02423696,13.32611082,16.58157275,14.13177481,16.18515678,18.03837278,21.07949687,2.490863989,69.57358456,70.56310587,92.81027464,24.6398787,1000000000
918,19.47915458,18.18130007,16.02423696,13.32611082,16.58157275,14.13177481,16.18515678,18.03837278,21.07949687,2.490863989,69.57358456,70.56310587,92.81027464,24.6398787,1000000000
919,19.47915458,18.18130007,16.02423696,13.32611082,16.58157275,14.13177481,16.18515678,18.03837278,21.07949687,2.490863989,69.57358456,70.56310587,92.81027464,24.6398787,1000000000
920,19.47915458,18.18130007,16.02423696,13.32611082,16.58157275,14.13177481,16.18515678,18.03837278,21.07949687,2.490863989,69.57358456,70.56310587,92.81027464,24.6398787,1000000000
921,19.47915458,18.18130007,16.02423696,13.32611082,16.58157275,14.13177481,16.18515678,18.03837278,21.07949687,2.490863989,69.57358456,70.56310587,92.81027464,24.6398787,1000000000
922,19.47915458,18.18130007,16.02423696,13.32611082,16.58157275,14.13177481,16.18515678,18.03837278,21.07949687,2.490863989,69.57358456,70.56310587,92.81027464,24.6398787,1000000000
923,19.47915458,18.18130007,16.02423696,13.32611082,16.58157275,14.13177481,16.18515678,18.03837278,21.07949687,2.490863989,69.57358456,70.56310587,92.81027464,24.6398787,1000000000
924,19.47915458,18.18130007,16.02423696,13.32611082,16.58157275,14.13177481,16.18515678,18.03837278,21.07949687,2.490863989,69.57358456,70.56310587,92.81027464,24.6398787,1000000000
925,19.47915458,18.18130007,16.02423696,13.32611082,16.58157275,14.13177481,16.18515678,18.03837278,21.07949687,2.490863989,69.57358456,70.56310587,92.81027464,24.6398787,1000000000
926,19.47915458,18.18130007,16.02423696,13.32611082,16.58157275,14.13177481,16.18515678,18.03837278,21.07949687,2.490863989,69.57358456,70.56310587,92.81027464,24.6398787,1000000000
927,19.47915458,18.18130007,16.02423696,13.32611082,16.58157275,14.13177481,16.18515678,18.03837278,21.07949687,2.490863989,69.57358456,70.56310587,92.81027464,24.6398787,1000000000
928,19.47915458,18.18130007,16.02423696,13.32611082,16.58157275,14.13177481,16.18515678,18.03837278,21.07949687,2.490863989,69.57358456,70.56310587,92.81027464,24.6398787,1000000000
929,19.47915458,18.18130007,16.02423696,13.32611082,16.58157275,14.13177481,16.18515678,18.03837278,21.07949687,2.490863989,69.57358456,70.56310587,92.81027464,24.6398787,1000000000
930,19.47915458,18.18130007,16.02423696,13.32611082,16.58157275,14.13177481,16.18515678,18.03837278,21.07949687,2.490863989,69.57358456,70.56310587,92.81027464,24.6398787,1000000000
931,19.47915458,18.18130007,16.02423696,13.32611082,16.58157275,14.13177481,16.18515678,18.03837278,21.07949687,2.490863989,69.57358456,70.56310587,92.81027464,24.6398787,1000000000
932,19.47915458,18.18130007,16.02423696,13.32611082,16.58157275,14.13177481,16.18515678,18.03837278,21.07949687,2.490863989,69.57358456,70.56310587,92.81027464,24.6398787,1000000000
933,19.47915458,18.18130007,16.02423696,13.32611082,16.58157275,14.13177481,16.18515678,18.03837278,21.07949687,2.490863989,69.57358456,70.56310587,92.81027464,24.6398787,1000000000
934,19.47915458,18.18130007,16.02423696,13.32611082,16.58157275,14.13177481,16.18515678,18.03837278,21.07949687,2.490863989,69.57358456,70.56310587,92.81027464,24.6398787,1000000000
935,19.47915458,18.18130007,16.02423696,13.32611082,16.58157275,14.13177481,16.18515678,18.03837278,21.07949687,2.490863989,69.57358456,70.56310587,92.81027464,24.6398787,1000000000
936,19.47915458,18.18130007,16.02423696,13.32611082,16.58157275,14.13177481,16.18515678,18.03837278,21.07949687,2.490863989,69.57358456,70.56310587,92.81027464,24.6398787,1000000000
937,19.47915458,18.18130007,16.02423696,13.32611082,16.58157275,14.13177481,16.18515678,18.03837278,21.07949687,2.490863989,69.57358456,70.56310587,92.81027464,24.6398787,1000000000
938,19.47915458,18.18130007,16.02423696,13.32611082,16.58157275,14.13177481,16.18515678,18.03837278,21.07949687,2.490863989,69.57358456,70.56310587,92.81027464,24.6398787,1000000000
939,19.47915458,18.18130007,16.02423696,13.32611082,16.58157275,14.13177481,16.18515678,18.03837278,21.07949687,2.490863989,69.57358456,70.56310587,92.81027464,24.6398787,1000000000
940,19.47915458,18.18130007,16.02423696,13.32611082,16.58157275,14.13177481,16.18515678,18.03837278,21.07949687,2.490863989,69.57358456,70.56310587,92.81027464,24.6398787,1000000000
941,19.47915458,18.18130007,16.02423696,13.32611082,16.58157275,14.13177481,16.18515678,18.03837278,21.07949687,2.490863989,69.57358456,70.56310587,92.81027464,24.6398787,1000000000
942,19.47915458,18.18130007,16.02423696,13.32611082,16.58157275,14.13177481,16.18515678,18.03837278,21.07949687,2.490863989,69.57358456,70.56310587,92.81027464,24.6398787,1000000000
943,19.47915458,18.18130007,16.02423696,13.32611082,16.58157275,14.13177481,16.18515678,18.03837278,21.07949687,2.490863989,69.57358456,70.56310587,92.81027464,24.6398787,1000000000
944,19.47915458,18.18130007,16.02423696,13.32611082,16.58157275,14.13177481,16.18515678,18.03837278,21.07949687,2.490863989,69.57358456,70.56310587,92.81027464,24.6398787,1000000000
945,19.47915458,18.18130007,16.02423696,13.32611082,16.58157275,14.13177481,16.18515678,18.03837278,21.07949687,2.490863989,69.57358456,70.56310587,92.81027464,24.6398787,1000000000
946,19.47915458,18.18130007,16.02423696,13.32611082,16.58157275,14.13177481,16.18515678,18.03837278,21.07949687,2.490863989,69.57358456,70.56310587,92.81027464,24.6398787,1000000000
947,19.47915458,18.18130007,16.02423696,13.32611082,16.58157275,14.13177481,16.18515678,18.03837278,21.07949687,2.490863989,69.57358456,70.56310587,92.81027464,24.6398787,1000000000
948,19.47915458,18.18130007,16.02423696,13.32611082,16.58157275,14.13177481,16.18515678,18.03837278,21.07949687,2.490863989,69.57358456,70.56310587,92.81027464,24.6398787,1000000000
949,19.47915458,18.18130007,16.02423696,13.32611082,16.58157275,14.13177481,16.18515678,18.03837278,21.07949687,2.490863989,69.57358456,70.56310587,92.81027464,24.6398787,1000000000
950,19.47915458,18.18130007,16.02423696,13.32611082,16.58157275,14.13177481,16.18515678,18.03837278,21.07949687,2.490863989,69.57358456,70.56310587,92.81027464,24.6398787,1000000000
951,19.47915458,18.18130007,16.02423696,13.32611082,16.58157275,14.13177481,16.18515678,18.03837278,21.07949687,2.490863989,69.57358456,70.56310587,92.81027464,24.6398787,1000000000
952,19.47915458,18.18130007,16.02423696,13.32611082,16.58157275,14.13177481,16.18515678,18.03837278,21.07949687,2.490863989,69.57358456,70.56310587,92.81027464,24.6398787,1000000000
953,19.47915458,18.18130007,16.02423696,13.32611082,16.58157275,14.13177481,16.18515678,18.03837278,21.07949687,2.490863989,69.57358456,70.56310587,92.81027464,24.6398787,1000000000
954,19.47915458,18.18130007,16.02423696,13.32611082,16.58157275,14.13177481,16.18515678,18.03837278,21.07949687,2.490863989,69.57358456,70.56310587,92.81027464,24.6398787,1000000000
955,19.47915458,18.18130007,16.02423696,13.32611082,16.58157275,14.13177481,16.18515678,18.03837278,21.07949687,2.490863989,69.57358456,70.56310587,92.81027464,24.6398787,1000000000
956,19.47915458,18.18130007,16.02423696,13.32611082,16.58157275,14.13177481,16.18515678,18.03837278,21.07949687,2.490863989,69.57358456,70.56310587,92.81027464,24.6398787,1000000000
957,19.47915458,18.18130007,16.02423696,13.32611082,16.58157275,14.13177481,16.18515678,18.03837278,21.07949687,2.490863989,69.57358456,70.56310587,92.81027464,24.6398787,1000000000
958,19.47915458,18.18130007,16.02423696,13.32611082,16.58157275,14.13177481,16.18515678,18.03837278,21.07949687,2.490863989,69.57358456,70.56310587,92.81027464,24.6398787,1000000000
959,19.47915458,18.18130007,16.02423696,13.32611082,16.58157275,14.13177481,16.18515678,18.03837278,21.07949687,2.490863989,69.57358456,70.56310587,92.81027464,24.6398787,1000000000
960,19.47915458,18.18130007,16.02423696,13.32611082,16.58157275,14.13177481,16.18515678,18.03837278,21.07949687,2.490863989,69.57358456,70.56310587,92.81027464,24.6398787,1000000000
961,19.47915458,18.18130007,16.02423696,13.32611082,16.58157275,14.13177481,16.18515678,18.03837278,21.07949687,2.490863989,69.57358456,70.56310587,92.81027464,24.6398787,1000000000
962,19.47915458,18.18130007,16.02423696,13.32611082,16.58157275,14.13177481,16.18515678,18.03837278,21.07949687,2.490863989,69.57358456,70.56310587,92.81027464,24.6398787,1000000000
963,19.47915458,18.18130007,16.02423696,13.32611082,16.58157275,14.13177481,16.18515678,18.03837278,21.07949687,2.490863989,69.57358456,70.56310587,92.81027464,24.6398787,1000000000
964,19.47915458,18.18130007,16.02423696,13.32611082,16.58157275,14.13177481,16.18515678,18.03837278,21.07949687,2.490863989,69.57358456,70.56310587,92.81027464,24.6398787,1000000000
965,19.47915458,18.18130007,16.02423696,13.32611082,16.58157275,14.13177481,16.18515678,18.03837278,21.07949687,2.490863989,69.57358456,70.56310587,92.81027464,24.6398787,1000000000
966,19.47915458,18.18130007,16.02423696,13.32611082,16.58157275,14.13177481,16.18515678,18.03837278,21.07949687,2.490863989,69.57358456,70.56310587,92.81027464,24.6398787,1000000000
967,19.47915458,18.18130007,16.02423696,13.32611082,16.58157275,14.13177481,16.18515678,18.03837278,21.07949687,2.490863989,69.57358456,70.56310587,92.81027464,24.6398787,1000000000
968,19.47915458,18.18130007,16.02423696,13.32611082,16.58157275,14.13177481,16.18515678,18.03837278,21.07949687,2.490863989,69.57358456,70.56310587,92.81027464,24.6398787,1000000000
969,19.47915458,18.18130007,16.02423696,13.32611082,16.58157275,14.13177481,16.18515678,18.03837278,21.07949687,2.490863989,69.57358456,70.56310587,92.81027464,24.6398787,1000000000
970,19.47915458,18.18130007,16.02423696,13.32611082,16.58157275,14.13177481,16.18515678,18.03837278,21.07949687,2.490863989,69.57358456,70.56310587,92.81027464,24.6398787,1000000000
971,19.47915458,18.18130007,16.02423696,13.32611082,16.58157275,14.13177481,16.18515678,18.03837278,21.07949687,2.490863989,69.57358456,70.56310587,92.81027464,24.6398787,1000000000
972,19.47915458,18.18130007,16.02423696,13.32611082,16.58157275,14.13177481,16.18515678,18.03837278,21.07949687,2.490863989,69.57358456,70.56310587,92.81027464,24.6398787,1000000000
973,19.47915458,18.18130007,16.02423696,13.32611082,16.58157275,14.13177481,16.18515678,18.03837278,21.07949687,2.490863989,69.57358456,70.56310587,92.81027464,24.6398787,1000000000
974,19.47915458,18.18130007,16.02423696,13.32611082,16.58157275,14.13177481,16.18515678,18.03837278,21.07949687,2.490863989,69.57358456,70.56310587,92.81027464,24.6398787,1000000000
975,19.47915458,18.18130007,16.02423696,13.32611082,16.58157275,14.13177481,16.18515678,18.03837278,21.07949687,2.490863989,69.57358456,70.56310587,92.81027464,24.6398787,1000000000
976,19.47915458,18.18130007,16.02423696,13.32611082,16.58157275,14.13177481,16.18515678,18.03837278,21.07949687,2.490863989,69.57358456,70.56310587,92.81027464,24.6398787,1000000000
977,19.47915458,18.18130007,16.02423696,13.32611082,16.58157275,14.13177481,16.18515678,18.03837278,21.07949687,2.490863989,69.57358456,70.56310587,92.81027464,24.6398787,1000000000
978,19.47915458,18.18130007,16.02423696,13.32611082,16.58157275,14.13177481,16.18515678,18.03837278,21.07949687,2.490863989,69.57358456,70.56310587,92.81027464,24.6398787,1000000000
979,19.47915458,18.18130007,16.02423696,13.32611082,16.58157275,14.13177481,16.18515678,18.03837278,21.07949687,2.490863989,69.57358456,70.56310587,92.81027464,24.6398787,1000000000
980,19.47915458,18.18130007,16.02423696,13.32611082,16.58157275,14.13177481,16.18515678,18.03837278,21.07949687,2.490863989,69.57358456,70.56310587,92.81027464,24.6398787,1000000000
981,19.47915458,18.18130007,16.02423696,13.32611082,16.58157275,14.13177481,16.18515678,18.03837278,21.07949687,2.490863989,69.57358456,70.56310587,92.81027464,24.6398787,1000000000
982,19.47915458,18.18130007,16.02423696,13.32611082,16.58157275,14.13177481,16.18515678,18.03837278,21.07949687,2.490863989,69.57358456,70.56310587,92.81027464,24.6398787,1000000000
983,19.47915458,18.18130007,16.02423696,13.32611082,16.58157275,14.13177481,16.18515678,18.03837278,21.07949687,2.490863989,69.57358456,70.56310587,92.81027464,24.6398787,1000000000
984,19.47915458,18.18130007,16.02423696,13.32611082,16.58157275,14.13177481,16.18515678,18.03837278,21.07949687,2.490863989,69.57358456,70.56310587,92.81027464,24.6398787,1000000000
985,19.47915458,18.18130007,16.02423696,13.32611082,16.58157275,14.13177481,16.18515678,18.03837278,21.07949687,2.490863989,69.57358456,70.56310587,92.81027464,24.6398787,1000000000
986,19.47915458,18.18130007,16.02423696,13.32611082,16.58157275,14.13177481,16.18515678,18.03837278,21.07949687,2.490863989,69.57358456,70.56310587,92.81027464,24.6398787,1000000000
987,19.47915458,18.18130007,16.02423696,13.32611082,16.58157275,14.13177481,16.18515678,18.03837278,21.07949687,2.490863989,69.57358456,70.56310587,92.81027464,24.6398787,1000000000
988,19.47915458,18.18130007,16.02423696,13.32611082,16.58157275,14.13177481,16.18515678,18.03837278,21.07949687,2.490863989,69.57358456,70.56310587,92.81027464,24.6398787,1000000000
989,19.47915458,18.18130007,16.02423696,13.32611082,16.58157275,14.13177481,16.18515678,18.03837278,21.07949687,2.490863989,69.57358456,70.56310587,92.81027464,24.6398787,1000000000
990,19.47915458,18.18130007,16.02423696,13.32611082,16.58157275,14.13177481,16.18515678,18.03837278,21.07949687,2.490863989,69.57358456,70.56310587,92.81027464,24.6398787,1000000000
991,19.47915458,18.18130007,16.02423696,13.32611082,16.58157275,14.13177481,16.18515678,18.03837278,21.07949687,2.490863989,69.57358456,70.56310587,92.81027464,24.6398787,1000000000
992,19.47915458,18.18130007,16.02423696,13.32611082,16.58157275,14.13177481,16.18515678,18.03837278,21.07949687,2.490863989,69.57358456,70.56310587,92.81027464,24.6398787,1000000000
993,19.47915458,18.18130007,16.02423696,13.32611082,16.58157275,14.13177481,16.18515678,18.03837278,21.07949687,2.490863989,69.57358456,70.56310587,92.81027464,24.6398787,1000000000
994,19.47915458,18.18130007,16.02423696,13.32611082,16.58157275,14.13177481,16.18515678,18.03837278,21.07949687,2.490863989,69.57358456,70.56310587,92.81027464,24.6398787,1000000000
995,19.47915458,18.18130007,16.02423696,13.32611082,16.58157275,14.13177481,16.18515678,18.03837278,21.07949687,2.490863989,69.57358456,70.56310587,92.81027464,24.6398787,1000000000
996,19.47915458,18.18130007,16.02423696,13.32611082,16.58157275,14.13177481,16.18515678,18.03837278,21.07949687,2.490863989,69.57358456,70.56310587,92.81027464,24.6398787,1000000000
997,19.47915458,18.18130007,16.02423696,13.32611082,16.58157275,14.13177481,16.18515678,18.03837278,21.07949687,2.490863989,69.57358456,70.56310587,92.81027464,24.6398787,1000000000
998,19.47915458,18.18130007,16.02423696,13.32611082,16.58157275,14.13177481,16.18515678,18.03837278,21.07949687,2.490863989,69.57358456,70.56310587,92.81027464,24.6398787,1000000000
999,19.47915458,18.18130007,16.02423696,13.32611082,16.58157275,14.13177481,16.18515678,18.03837278,21.07949687,2.490863989,69.57358456,70.56310587,92.81027464,24.6398787,1000000000
1000,19.47915458,18.18130007,16.02423696,13.32611082,16.58157275,14.13177481,16.18515678,18.03837278,21.07949687,2.490863989,69.57358456,70.56310587,92.81027464,24.6398787,1000000000
1001,19.47915458,18.18130007,16.02423696,13.32611082,16.58157275,14.13177481,16.18515678,18.03837278,21.07949687,2.490863989,69.57358456,70.56310587,92.81027464,24.6398787,1000000000
1002,19.47915458,18.18130007,16.02423696,13.32611082,16.58157275,14.13177481,16.18515678,18.03837278,21.07949687,2.490863989,69.57358456,70.56310587,92.81027464,24.6398787,1000000000
1003,19.47915458,18.18130007,16.02423696,13.32611082,16.58157275,14.13177481,16.18515678,18.03837278,21.07949687,2.490863989,69.57358456,70.56310587,92.81027464,24.6398787,1000000000
1004,19.47915458,18.18130007,16.02423696,13.32611082,16.58157275,14.13177481,16.18515678,18.03837278,21.07949687,2.490863989,69.57358456,70.56310587,92.81027464,24.6398787,1000000000
1005,19.47915458,18.18130007,16.02423696,13.32611082,16.58157275,14.13177481,16.18515678,18.03837278,21.07949687,2.490863989,69.57358456,70.56310587,92.81027464,24.6398787,1000000000
1006,19.47915458,18.18130007,16.02423696,13.32611082,16.58157275,14.13177481,16.18515678,18.03837278,21.07949687,2.490863989,69.57358456,70.56310587,92.81027464,24.6398787,1000000000
1007,19.47915458,18.18130007,16.02423696,13.32611082,16.58157275,14.13177481,16.18515678,18.03837278,21.07949687,2.490863989,69.57358456,70.56310587,92.81027464,24.6398787,1000000000
1008,19.47915458,18.18130007,16.02423696,13.32611082,16.58157275,14.13177481,16.18515678,18.03837278,21.07949687,2.490863989,69.57358456,70.56310587,92.81027464,24.6398787,1000000000
1009,19.47915458,18.18130007,16.02423696,13.32611082,16.58157275,14.13177481,16.18515678,18.03837278,21.07949687,2.490863989,69.57358456,70.56310587,92.81027464,24.6398787,1000000000
1010,19.47915458,18.18130007,16.02423696,13.32611082,16.58157275,14.13177481,16.18515678,18.03837278,21.07949687,2.490863989,69.57358456,70.56310587,92.81027464,24.6398787,1000000000
1011,19.47915458,18.18130007,16.02423696,13.32611082,16.58157275,14.13177481,16.18515678,18.03837278,21.07949687,2.490863989,69.57358456,70.56310587,92.81027464,24.6398787,1000000000
1012,19.47915458,18.18130007,16.02423696,13.32611082,16.58157275,14.13177481,16.18515678,18.03837278,21.07949687,2.490863989,69.57358456,70.56310587,92.81027464,24.6398787,1000000000
1013,19.47915458,18.18130007,16.02423696,13.32611082,16.58157275,14.13177481,16.18515678,18.03837278,21.07949687,2.490863989,69.57358456,70.56310587,92.81027464,24.6398787,1000000000
1014,19.47915458,18.18130007,16.02423696,13.32611082,16.58157275,14.13177481,16.18515678,18.03837278,21.07949687,2.490863989,69.57358456,70.56310587,92.81027464,24.6398787,1000000000
1015,19.47915458,18.18130007,16.02423696,13.32611082,16.58157275,14.13177481,16.18515678,18.03837278,21.07949687,2.490863989,69.57358456,70.56310587,92.81027464,24.6398787,1000000000
1016,19.47915458,18.18130007,16.02423696,13.32611082,16.58157275,14.13177481,16.18515678,18.03837278,21.07949687,2.490863989,69.57358456,70.56310587,92.81027464,24.6398787,1000000000
1017,19.47915458,18.18130007,16.02423696,13.32611082,16.58157275,14.13177481,16.18515678,18.03837278,21.07949687,2.490863989,69.57358456,70.56310587,92.81027464,24.6398787,1000000000
1018,19.47915458,18.18130007,16.02423696,13.32611082,16.58157275,14.13177481,16.18515678,18.03837278,21.07949687,2.490863989,69.57358456,70.56310587,92.81027464,24.6398787,1000000000
1019,19.47915458,18.18130007,16.02423696,13.32611082,16.58157275,14.13177481,16.18515678,18.03837278,21.07949687,2.490863989,69.57358456,70.56310587,92.81027464,24.6398787,1000000000
1020,19.47915458,18.18130007,16.02423696,13.32611082,16.58157275,14.13177481,16.18515678,18.03837278,21.07949687,2.490863989,69.57358456,70.56310587,92.81027464,24.6398787,1000000000
1021,19.47915458,18.18130007,16.02423696,13.32611082,16.58157275,14.13177481,16.18515678,18.03837278,21.07949687,2.490863989,69.57358456,70.56310587,92.81027464,24.6398787,1000000000
1022,19.47915458,18.18130007,16.02423696,13.32611082,16.58157275,14.13177481,16.18515678,18.03837278,21.07949687,2.490863989,69.57358456,70.56310587,92.81027464,24.6398787,1000000000
1023,19.47915458,18.18130007,16.02423696,13.32611082,16.58157275,14.13177481,16.18515678,18.03837278,21.07949687,2.490863989,69.57358456,70.56310587,92.81027464,24.6398787,1000000000
1024,19.47915458,18.18130007,16.02423696,13.32611082,16.58157275,14.13177481,16.18515678,18.03837278,21.07949687,2.490863989,69.57358456,70.56310587,92.81027464,24.6398787,1000000000
1025,19.47915458,18.18130007,16.02423696,13.32611082,16.58157275,14.13177481,16.18515678,18.03837278,21.07949687,2.490863989,69.57358456,70.56310587,92.81027464,24.6398787,1000000000
1026,19.47915458,18.18130007,16.02423696,13.32611082,16.58157275,14.13177481,16.18515678,18.03837278,21.07949687,2.490863989,69.57358456,70.56310587,92.81027464,24.6398787,1000000000
1027,19.47915458,18.18130007,16.02423696,13.32611082,16.58157275,14.13177481,16.18515678,18.03837278,21.07949687,2.490863989,69.57358456,70.56310587,92.81027464,24.6398787,1000000000
1028,19.47915458,18.18130007,16.02423696,13.32611082,16.58157275,14.13177481,16.18515678,18.03837278,21.07949687,2.490863989,69.57358456,70.56310587,92.81027464,24.6398787,1000000000
1029,19.47915458,18.18130007,16.02423696,13.32611082,16.58157275,14.13177481,16.18515678,18.03837278,21.07949687,2.490863989,69.57358456,70.56310587,92.81027464,24.6398787,1000000000
1030,19.47915458,18.18130007,16.02423696,13.32611082,16.58157275,14.13177481,16.18515678,18.03837278,21.07949687,2.490863989,69.57358456,70.56310587,92.81027464,24.6398787,1000000000
1031,19.47915458,18.18130007,16.02423696,13.32611082,16.58157275,14.13177481,16.18515678,18.03837278,21.07949687,2.490863989,69.57358456,70.56310587,92.81027464,24.6398787,1000000000
1032,19.47915458,18.18130007,16.02423696,13.32611082,16.58157275,14.13177481,16.18515678,18.03837278,21.07949687,2.490863989,69.57358456,70.56310587,92.81027464,24.6398787,1000000000
1033,19.47915458,18.18130007,16.02423696,13.32611082,16.58157275,14.13177481,16.18515678,18.03837278,21.07949687,2.490863989,69.57358456,70.56310587,92.81027464,24.6398787,1000000000
1034,19.47915458,18.18130007,16.02423696,13.32611082,16.58157275,14.13177481,16.18515678,18.03837278,21.07949687,2.490863989,69.57358456,70.56310587,92.81027464,24.6398787,1000000000
1035,19.47915458,18.18130007,16.02423696,13.32611082,16.58157275,14.13177481,16.18515678,18.03837278,21.07949687,2.490863989,69.57358456,70.56310587,92.81027464,24.6398787,1000000000
1036,19.47915458,18.18130007,16.02423696,13.32611082,16.58157275,14.13177481,16.18515678,18.03837278,21.07949687,2.490863989,69.57358456,70.56310587,92.81027464,24.6398787,1000000000
1037,19.47915458,18.18130007,16.02423696,13.32611082,16.58157275,14.13177481,16.18515678,18.03837278,21.07949687,2.490863989,69.57358456,70.56310587,92.81027464,24.6398787,1000000000
1038,19.47915458,18.18130007,16.02423696,13.32611082,16.58157275,14.13177481,16.18515678,18.03837278,21.07949687,2.490863989,69.57358456,70.56310587,92.81027464,24.6398787,1000000000
1039,19.47915458,18.18130007,16.02423696,13.32611082,16.58157275,14.13177481,16.18515678,18.03837278,21.07949687,2.490863989,69.57358456,70.56310587,92.81027464,24.6398787,1000000000
1040,19.47915458,18.18130007,16.02423696,13.32611082,16.58157275,14.13177481,16.18515678,18.03837278,21.07949687,2.490863989,69.57358456,70.56310587,92.81027464,24.6398787,1000000000
1041,19.47915458,18.18130007,16.02423696,13.32611082,16.58157275,14.13177481,16.18515678,18.03837278,21.07949687,2.490863989,69.57358456,70.56310587,92.81027464,24.6398787,1000000000
1042,19.47915458,18.18130007,16.02423696,13.32611082,16.58157275,14.13177481,16.18515678,18.03837278,21.07949687,2.490863989,69.57358456,70.56310587,92.81027464,24.6398787,1000000000
1043,19.47915458,18.18130007,16.02423696,13.32611082,16.58157275,14.13177481,16.18515678,18.03837278,21.07949687,2.490863989,69.57358456,70.56310587,92.81027464,24.6398787,1000000000
1044,19.47915458,18.18130007,16.02423696,13.32611082,16.58157275,14.13177481,16.18515678,18.03837278,21.07949687,2.490863989,69.57358456,70.56310587,92.81027464,24.6398787,1000000000
1045,19.47915458,18.18130007,16.02423696,13.32611082,16.58157275,14.13177481,16.18515678,18.03837278,21.07949687,2.490863989,69.57358456,70.56310587,92.81027464,24.6398787,1000000000
1046,19.47915458,18.18130007,16.02423696,13.32611082,16.58157275,14.13177481,16.18515678,18.03837278,21.07949687,2.490863989,69.57358456,70.56310587,92.81027464,24.6398787,1000000000
1047,19.47915458,18.18130007,16.02423696,13.32611082,16.58157275,14.13177481,16.18515678,18.03837278,21.07949687,2.490863989,69.57358456,70.56310587,92.81027464,24.6398787,1000000000
1048,19.47915458,18.18130007,16.02423696,13.32611082,16.58157275,14.13177481,16.18515678,18.03837278,21.07949687,2.490863989,69.57358456,70.56310587,92.81027464,24.6398787,1000000000
1049,19.47915458,18.18130007,16.02423696,13.32611082,16.58157275,14.13177481,16.18515678,18.03837278,21.07949687,2.490863989,69.57358456,70.56310587,92.81027464,24.6398787,1000000000
1050,19.47915458,18.18130007,16.02423696,13.32611082,16.58157275,14.13177481,16.18515678,18.03837278,21.07949687,2.490863989,69.57358456,70.56310587,92.81027464,24.6398787,1000000000
1051,19.47915458,18.18130007,16.02423696,13.32611082,16.58157275,14.13177481,16.18515678,18.03837278,21.07949687,2.490863989,69.57358456,70.56310587,92.81027464,24.6398787,1000000000
1052,19.47915458,18.18130007,16.02423696,13.32611082,16.58157275,14.13177481,16.18515678,18.03837278,21.07949687,2.490863989,69.57358456,70.56310587,92.81027464,24.6398787,1000000000
1053,19.47915458,18.18130007,16.02423696,13.32611082,16.58157275,14.13177481,16.18515678,18.03837278,21.07949687,2.490863989,69.57358456,70.56310587,92.81027464,24.6398787,1000000000
1054,19.47915458,18.18130007,16.02423696,13.32611082,16.58157275,14.13177481,16.18515678,18.03837278,21.07949687,2.490863989,69.57358456,70.56310587,92.81027464,24.6398787,1000000000
1055,19.47915458,18.18130007,16.02423696,13.32611082,16.58157275,14.13177481,16.18515678,18.03837278,21.07949687,2.490863989,69.57358456,70.56310587,92.81027464,24.6398787,1000000000
1056,19.47915458,18.18130007,16.02423696,13.32611082,16.58157275,14.13177481,16.18515678,18.03837278,21.07949687,2.490863989,69.57358456,70.56310587,92.81027464,24.6398787,1000000000
1057,19.47915458,18.18130007,16.02423696,13.32611082,16.58157275,14.13177481,16.18515678,18.03837278,21.07949687,2.490863989,69.57358456,70.56310587,92.81027464,24.6398787,1000000000
1058,19.47915458,18.18130007,16.02423696,13.32611082,16.58157275,14.13177481,16.18515678,18.03837278,21.07949687,2.490863989,69.57358456,70.56310587,92.81027464,24.6398787,1000000000
1059,19.47915458,18.18130007,16.02423696,13.32611082,16.58157275,14.13177481,16.18515678,18.03837278,21.07949687,2.490863989,69.57358456,70.56310587,92.81027464,24.6398787,1000000000
1060,19.47915458,18.18130007,16.02423696,13.32611082,16.58157275,14.13177481,16.18515678,18.03837278,21.07949687,2.490863989,69.57358456,70.56310587,92.81027464,24.6398787,1000000000
1061,19.47915458,18.18130007,16.02423696,13.32611082,16.58157275,14.13177481,16.18515678,18.03837278,21.07949687,2.490863989,69.57358456,70.56310587,92.81027464,24.6398787,1000000000
1062,19.47915458,18.18130007,16.02423696,13.32611082,16.58157275,14.13177481,16.18515678,18.03837278,21.07949687,2.490863989,69.57358456,70.56310587,92.81027464,24.6398787,1000000000
1063,19.47915458,18.18130007,16.02423696,13.32611082,16.58157275,14.13177481,16.18515678,18.03837278,21.07949687,2.490863989,69.57358456,70.56310587,92.81027464,24.6398787,1000000000
1064,19.47915458,18.18130007,16.02423696,13.32611082,16.58157275,14.13177481,16.18515678,18.03837278,21.07949687,2.490863989,69.57358456,70.56310587,92.81027464,24.6398787,1000000000
1065,19.47915458,18.18130007,16.02423696,13.32611082,16.58157275,14.13177481,16.18515678,18.03837278,21.07949687,2.490863989,69.57358456,70.56310587,92.81027464,24.6398787,1000000000
1066,19.47915458,18.18130007,16.02423696,13.32611082,16.58157275,14.13177481,16.18515678,18.03837278,21.07949687,2.490863989,69.57358456,70.56310587,92.81027464,24.6398787,1000000000
1067,19.47915458,18.18130007,16.02423696,13.32611082,16.58157275,14.13177481,16.18515678,18.03837278,21.07949687,2.490863989,69.57358456,70.56310587,92.81027464,24.6398787,1000000000
1068,19.47915458,18.18130007,16.02423696,13.32611082,16.58157275,14.13177481,16.18515678,18.03837278,21.07949687,2.490863989,69.57358456,70.56310587,92.81027464,24.6398787,1000000000
1069,19.47915458,18.18130007,16.02423696,13.32611082,16.58157275,14.13177481,16.18515678,18.03837278,21.07949687,2.490863989,69.57358456,70.56310587,92.81027464,24.6398787,1000000000
1070,19.47915458,18.18130007,16.02423696,13.32611082,16.58157275,14.13177481,16.18515678,18.03837278,21.07949687,2.490863989,69.57358456,70.56310587,92.81027464,24.6398787,1000000000
1071,19.47915458,18.18130007,16.02423696,13.32611082,16.58157275,14.13177481,16.18515678,18.03837278,21.07949687,2.490863989,69.57358456,70.56310587,92.81027464,24.6398787,1000000000
1072,19.47915458,18.18130007,16.02423696,13.32611082,16.58157275,14.13177481,16.18515678,18.03837278,21.07949687,2.490863989,69.57358456,70.56310587,92.81027464,24.6398787,1000000000
1073,19.47915458,18.18130007,16.02423696,13.32611082,16.58157275,14.13177481,16.18515678,18.03837278,21.07949687,2.490863989,69.57358456,70.56310587,92.81027464,24.6398787,1000000000
1074,19.47915458,18.18130007,16.02423696,13.32611082,16.58157275,14.13177481,16.18515678,18.03837278,21.07949687,2.490863989,69.57358456,70.56310587,92.81027464,24.6398787,1000000000
1075,19.47915458,18.18130007,16.02423696,13.32611082,16.58157275,14.13177481,16.18515678,18.03837278,21.07949687,2.490863989,69.57358456,70.56310587,92.81027464,24.6398787,1000000000
1076,19.47915458,18.18130007,16.02423696,13.32611082,16.58157275,14.13177481,16.18515678,18.03837278,21.07949687,2.490863989,69.57358456,70.56310587,92.81027464,24.6398787,1000000000
1077,19.47915458,18.18130007,16.02423696,13.32611082,16.58157275,14.13177481,16.18515678,18.03837278,21.07949687,2.490863989,69.57358456,70.56310587,92.81027464,24.6398787,1000000000
1078,19.47915458,18.18130007,16.02423696,13.32611082,16.58157275,14.13177481,16.18515678,18.03837278,21.07949687,2.490863989,69.57358456,70.56310587,92.81027464,24.6398787,1000000000
1079,19.47915458,18.18130007,16.02423696,13.32611082,16.58157275,14.13177481,16.18515678,18.03837278,21.07949687,2.490863989,69.57358456,70.56310587,92.81027464,24.6398787,1000000000
1080,19.47915458,18.18130007,16.02423696,13.32611082,16.58157275,14.13177481,16.18515678,18.03837278,21.07949687,2.490863989,69.57358456,70.56310587,92.81027464,24.6398787,1000000000
1081,19.47915458,18.18130007,16.02423696,13.32611082,16.58157275,14.13177481,16.18515678,18.03837278,21.07949687,2.490863989,69.57358456,70.56310587,92.81027464,24.6398787,1000000000
1082,19.47915458,18.18130007,16.02423696,13.32611082,16.58157275,14.13177481,16.18515678,18.03837278,21.07949687,2.490863989,69.57358456,70.56310587,92.81027464,24.6398787,1000000000
1083,19.47915458,18.18130007,16.02423696,13.32611082,16.58157275,14.13177481,16.18515678,18.03837278,21.07949687,2.490863989,69.57358456,70.56310587,92.81027464,24.6398787,1000000000
1084,19.47915458,18.18130007,16.02423696,13.32611082,16.58157275,14.13177481,16.18515678,18.03837278,21.07949687,2.490863989,69.57358456,70.56310587,92.81027464,24.6398787,1000000000
1085,19.47915458,18.18130007,16.02423696,13.32611082,16.58157275,14.13177481,16.18515678,18.03837278,21.07949687,2.490863989,69.57358456,70.56310587,92.81027464,24.6398787,1000000000
1086,19.47915458,18.18130007,16.02423696,13.32611082,16.58157275,14.13177481,16.18515678,18.03837278,21.07949687,2.490863989,69.57358456,70.56310587,92.81027464,24.6398787,1000000000
1087,19.47915458,18.18130007,16.02423696,13.32611082,16.58157275,14.13177481,16.18515678,18.03837278,21.07949687,2.490863989,69.57358456,70.56310587,92.81027464,24.6398787,1000000000
1088,19.47915458,18.18130007,16.02423696,13.32611082,16.58157275,14.13177481,16.18515678,18.03837278,21.07949687,2.490863989,69.57358456,70.56310587,92.81027464,24.6398787,1000000000
1089,19.47915458,18.18130007,16.02423696,13.32611082,16.58157275,14.13177481,16.18515678,18.03837278,21.07949687,2.490863989,69.57358456,70.56310587,92.81027464,24.6398787,1000000000
1090,19.47915458,18.18130007,16.02423696,13.32611082,16.58157275,14.13177481,16.18515678,18.03837278,21.07949687,2.490863989,69.57358456,70.56310587,92.81027464,24.6398787,1000000000
1091,19.47915458,18.18130007,16.02423696,13.32611082,16.58157275,14.13177481,16.18515678,18.03837278,21.07949687,2.490863989,69.57358456,70.56310587,92.81027464,24.6398787,1000000000
1092,19.47915458,18.18130007,16.02423696,13.32611082,16.58157275,14.13177481,16.18515678,18.03837278,21.07949687,2.490863989,69.57358456,70.56310587,92.81027464,24.6398787,1000000000
1093,19.47915458,18.18130007,16.02423696,13.32611082,16.58157275,14.13177481,16.18515678,18.03837278,21.07949687,2.490863989,69.57358456,70.56310587,92.81027464,24.6398787,1000000000
1094,19.47915458,18.18130007,16.02423696,13.32611082,16.58157275,14.13177481,16.18515678,18.03837278,21.07949687,2.490863989,69.57358456,70.56310587,92.81027464,24.6398787,1000000000
1095,19.47915458,18.18130007,16.02423696,13.32611082,16.58157275,14.13177481,16.18515678,18.03837278,21.07949687,2.490863989,69.57358456,70.56310587,92.81027464,24.6398787,1000000000
1096,19.47915458,18.18130007,16.02423696,13.32611082,16.58157275,14.13177481,16.18515678,18.03837278,21.07949687,2.490863989,69.57358456,70.56310587,92.81027464,24.6398787,1000000000
1097,19.47915458,18.18130007,16.02423696,13.32611082,16.58157275,14.13177481,16.18515678,18.03837278,21.07949687,2.490863989,69.57358456,70.56310587,92.81027464,24.6398787,1000000000
1098,19.47915458,18.18130007,16.02423696,13.32611082,16.58157275,14.13177481,16.18515678,18.03837278,21.07949687,2.490863989,69.57358456,70.56310587,92.81027464,24.6398787,1000000000
1099,19.47915458,18.18130007,16.02423696,13.32611082,16.58157275,14.13177481,16.18515678,18.03837278,21.07949687,2.490863989,69.57358456,70.56310587,92.81027464,24.6398787,1000000000
1100,19.47915458,18.18130007,16.02423696,13.32611082,16.58157275,14.13177481,16.18515678,18.03837278,21.07949687,2.490863989,69.57358456,70.56310587,92.81027464,24.6398787,1000000000
1101,19.47915458,18.18130007,16.02423696,13.32611082,16.58157275,14.13177481,16.18515678,18.03837278,21.07949687,2.490863989,69.57358456,70.56310587,92.81027464,24.6398787,1000000000
1102,19.47915458,18.18130007,16.02423696,13.32611082,16.58157275,14.13177481,16.18515678,18.03837278,21.07949687,2.490863989,69.57358456,70.56310587,92.81027464,24.6398787,1000000000
1103,19.47915458,18.18130007,16.02423696,13.32611082,16.58157275,14.13177481,16.18515678,18.03837278,21.07949687,2.490863989,69.57358456,70.56310587,92.81027464,24.6398787,1000000000
1104,19.47915458,18.18130007,16.02423696,13.32611082,16.58157275,14.13177481,16.18515678,18.03837278,21.07949687,2.490863989,69.57358456,70.56310587,92.81027464,24.6398787,1000000000
1105,19.47915458,18.18130007,16.02423696,13.32611082,16.58157275,14.13177481,16.18515678,18.03837278,21.07949687,2.490863989,69.57358456,70.56310587,92.81027464,24.6398787,1000000000
1106,19.47915458,18.18130007,16.02423696,13.32611082,16.58157275,14.13177481,16.18515678,18.03837278,21.07949687,2.490863989,69.57358456,70.56310587,92.81027464,24.6398787,1000000000
1107,19.47915458,18.18130007,16.02423696,13.32611082,16.58157275,14.13177481,16.18515678,18.03837278,21.07949687,2.490863989,69.57358456,70.56310587,92.81027464,24.6398787,1000000000
1108,19.47915458,18.18130007,16.02423696,13.32611082,16.58157275,14.13177481,16.18515678,18.03837278,21.07949687,2.490863989,69.57358456,70.56310587,92.81027464,24.6398787,1000000000
1109,19.47915458,18.18130007,16.02423696,13.32611082,16.58157275,14.13177481,16.18515678,18.03837278,21.07949687,2.490863989,69.57358456,70.56310587,92.81027464,24.6398787,1000000000
1110,19.47915458,18.18130007,16.02423696,13.32611082,16.58157275,14.13177481,16.18515678,18.03837278,21.07949687,2.490863989,69.57358456,70.56310587,92.81027464,24.6398787,1000000000
1111,19.47915458,18.18130007,16.02423696,13.32611082,16.58157275,14.13177481,16.18515678,18.03837278,21.07949687,2.490863989,69.57358456,70.56310587,92.81027464,24.6398787,1000000000
1112,19.47915458,18.18130007,16.02423696,13.32611082,16.58157275,14.13177481,16.18515678,18.03837278,21.07949687,2.490863989,69.57358456,70.56310587,92.81027464,24.6398787,1000000000
1113,19.47915458,18.18130007,16.02423696,13.32611082,16.58157275,14.13177481,16.18515678,18.03837278,21.07949687,2.490863989,69.57358456,70.56310587,92.81027464,24.6398787,1000000000
1114,19.47915458,18.18130007,16.02423696,13.32611082,16.58157275,14.13177481,16.18515678,18.03837278,21.07949687,2.490863989,69.57358456,70.56310587,92.81027464,24.6398787,1000000000
1115,19.47915458,18.18130007,16.02423696,13.32611082,16.58157275,14.13177481,16.18515678,18.03837278,21.07949687,2.490863989,69.57358456,70.56310587,92.81027464,24.6398787,1000000000
1116,19.47915458,18.18130007,16.02423696,13.32611082,16.58157275,14.13177481,16.18515678,18.03837278,21.07949687,2.490863989,69.57358456,70.56310587,92.81027464,24.6398787,1000000000
1117,19.47915458,18.18130007,16.02423696,13.32611082,16.58157275,14.13177481,16.18515678,18.03837278,21.07949687,2.490863989,69.57358456,70.56310587,92.81027464,24.6398787,1000000000
1118,19.47915458,18.18130007,16.02423696,13.32611082,16.58157275,14.13177481,16.18515678,18.03837278,21.07949687,2.490863989,69.57358456,70.56310587,92.81027464,24.6398787,1000000000
1119,19.47915458,18.18130007,16.02423696,13.32611082,16.58157275,14.13177481,16.18515678,18.03837278,21.07949687,2.490863989,69.57358456,70.56310587,92.81027464,24.6398787,1000000000
1120,19.47915458,18.18130007,16.02423696,13.32611082,16.58157275,14.13177481,16.18515678,18.03837278,21.07949687,2.490863989,69.57358456,70.56310587,92.81027464,24.6398787,1000000000
1121,19.47915458,18.18130007,16.02423696,13.32611082,16.58157275,14.13177481,16.18515678,18.03837278,21.07949687,2.490863989,69.57358456,70.56310587,92.81027464,24.6398787,1000000000
1122,19.47915458,18.18130007,16.02423696,13.32611082,16.58157275,14.13177481,16.18515678,18.03837278,21.07949687,2.490863989,69.57358456,70.56310587,92.81027464,24.6398787,1000000000
1123,19.47915458,18.18130007,16.02423696,13.32611082,16.58157275,14.13177481,16.18515678,18.03837278,21.07949687,2.490863989,69.57358456,70.56310587,92.81027464,24.6398787,1000000000
1124,19.47915458,18.18130007,16.02423696,13.32611082,16.58157275,14.13177481,16.18515678,18.03837278,21.07949687,2.490863989,69.57358456,70.56310587,92.81027464,24.6398787,1000000000
1125,19.47915458,18.18130007,16.02423696,13.32611082,16.58157275,14.13177481,16.18515678,18.03837278,21.07949687,2.490863989,69.57358456,70.56310587,92.81027464,24.6398787,1000000000
1126,19.47915458,18.18130007,16.02423696,13.32611082,16.58157275,14.13177481,16.18515678,18.03837278,21.07949687,2.490863989,69.57358456,70.56310587,92.81027464,24.6398787,1000000000
1127,19.47915458,18.18130007,16.02423696,13.32611082,16.58157275,14.13177481,16.18515678,18.03837278,21.07949687,2.490863989,69.57358456,70.56310587,92.81027464,24.6398787,1000000000
1128,19.47915458,18.18130007,16.02423696,13.32611082,16.58157275,14.13177481,16.18515678,18.03837278,21.07949687,2.490863989,69.57358456,70.56310587,92.81027464,24.6398787,1000000000
1129,19.47915458,18.18130007,16.02423696,13.32611082,16.58157275,14.13177481,16.18515678,18.03837278,21.07949687,2.490863989,69.57358456,70.56310587,92.81027464,24.6398787,1000000000
1130,19.47915458,18.18130007,16.02423696,13.32611082,16.58157275,14.13177481,16.18515678,18.03837278,21.07949687,2.490863989,69.57358456,70.56310587,92.81027464,24.6398787,1000000000
1131,19.47915458,18.18130007,16.02423696,13.32611082,16.58157275,14.13177481,16.18515678,18.03837278,21.07949687,2.490863989,69.57358456,70.56310587,92.81027464,24.6398787,1000000000
1132,19.47915458,18.18130007,16.02423696,13.32611082,16.58157275,14.13177481,16.18515678,18.03837278,21.07949687,2.490863989,69.57358456,70.56310587,92.81027464,24.6398787,1000000000
1133,19.47915458,18.18130007,16.02423696,13.32611082,16.58157275,14.13177481,16.18515678,18.03837278,21.07949687,2.490863989,69.57358456,70.56310587,92.81027464,24.6398787,1000000000
1134,19.47915458,18.18130007,16.02423696,13.32611082,16.58157275,14.13177481,16.18515678,18.03837278,21.07949687,2.490863989,69.57358456,70.56310587,92.81027464,24.6398787,1000000000
1135,19.47915458,18.18130007,16.02423696,13.32611082,16.58157275,14.13177481,16.18515678,18.03837278,21.07949687,2.490863989,69.57358456,70.56310587,92.81027464,24.6398787,1000000000
1136,19.47915458,18.18130007,16.02423696,13.32611082,16.58157275,14.13177481,16.18515678,18.03837278,21.07949687,2.490863989,69.57358456,70.56310587,92.81027464,24.6398787,1000000000
1137,19.47915458,18.18130007,16.02423696,13.32611082,16.58157275,14.13177481,16.18515678,18.03837278,21.07949687,2.490863989,69.57358456,70.56310587,92.81027464,24.6398787,1000000000
1138,19.47915458,18.18130007,16.02423696,13.32611082,16.58157275,14.13177481,16.18515678,18.03837278,21.07949687,2.490863989,69.57358456,70.56310587,92.81027464,24.6398787,1000000000
1139,19.47915458,18.18130007,16.02423696,13.32611082,16.58157275,14.13177481,16.18515678,18.03837278,21.07949687,2.490863989,69.57358456,70.56310587,92.81027464,24.6398787,1000000000
1140,19.47915458,18.18130007,16.02423696,13.32611082,16.58157275,14.13177481,16.18515678,18.03837278,21.07949687,2.490863989,69.57358456,70.56310587,92.81027464,24.6398787,1000000000
1141,19.47915458,18.18130007,16.02423696,13.32611082,16.58157275,14.13177481,16.18515678,18.03837278,21.07949687,2.490863989,69.57358456,70.56310587,92.81027464,24.6398787,1000000000
1142,19.47915458,18.18130007,16.02423696,13.32611082,16.58157275,14.13177481,16.18515678,18.03837278,21.07949687,2.490863989,69.57358456,70.56310587,92.81027464,24.6398787,1000000000
1143,19.47915458,18.18130007,16.02423696,13.32611082,16.58157275,14.13177481,16.18515678,18.03837278,21.07949687,2.490863989,69.57358456,70.56310587,92.81027464,24.6398787,1000000000
1144,19.47915458,18.18130007,16.02423696,13.32611082,16.58157275,14.13177481,16.18515678,18.03837278,21.07949687,2.490863989,69.57358456,70.56310587,92.81027464,24.6398787,1000000000
1145,19.47915458,18.18130007,16.02423696,13.32611082,16.58157275,14.13177481,16.18515678,18.03837278,21.07949687,2.490863989,69.57358456,70.56310587,92.81027464,24.6398787,1000000000
1146,19.47915458,18.18130007,16.02423696,13.32611082,16.58157275,14.13177481,16.18515678,18.03837278,21.07949687,2.490863989,69.57358456,70.56310587,92.81027464,24.6398787,1000000000
1147,19.47915458,18.18130007,16.02423696,13.32611082,16.58157275,14.13177481,16.18515678,18.03837278,21.07949687,2.490863989,69.57358456,70.56310587,92.81027464,24.6398787,1000000000
1148,19.47915458,18.18130007,16.02423696,13.32611082,16.58157275,14.13177481,16.18515678,18.03837278,21.07949687,2.490863989,69.57358456,70.56310587,92.81027464,24.6398787,1000000000
1149,19.47915458,18.18130007,16.02423696,13.32611082,16.58157275,14.13177481,16.18515678,18.03837278,21.07949687,2.490863989,69.57358456,70.56310587,92.81027464,24.6398787,1000000000
1150,19.47915458,18.18130007,16.02423696,13.32611082,16.58157275,14.13177481,16.18515678,18.03837278,21.07949687,2.490863989,69.57358456,70.56310587,92.81027464,24.6398787,1000000000
1151,19.47915458,18.18130007,16.02423696,13.32611082,16.58157275,14.13177481,16.18515678,18.03837278,21.07949687,2.490863989,69.57358456,70.56310587,92.81027464,24.6398787,1000000000
1152,19.47915458,18.18130007,16.02423696,13.32611082,16.58157275,14.13177481,16.18515678,18.03837278,21.07949687,2.490863989,69.57358456,70.56310587,92.81027464,24.6398787,1000000000
1153,19.47915458,18.18130007,16.02423696,13.32611082,16.58157275,14.13177481,16.18515678,18.03837278,21.07949687,2.490863989,69.57358456,70.56310587,92.81027464,24.6398787,1000000000
1154,19.47915458,18.18130007,16.02423696,13.32611082,16.58157275,14.13177481,16.18515678,18.03837278,21.07949687,2.490863989,69.57358456,70.56310587,92.81027464,24.6398787,1000000000
1155,19.47915458,18.18130007,16.02423696,13.32611082,16.58157275,14.13177481,16.18515678,18.03837278,21.07949687,2.490863989,69.57358456,70.56310587,92.81027464,24.6398787,1000000000
1156,19.47915458,18.18130007,16.02423696,13.32611082,16.58157275,14.13177481,16.18515678,18.03837278,21.07949687,2.490863989,69.57358456,70.56310587,92.81027464,24.6398787,1000000000
1157,19.47915458,18.18130007,16.02423696,13.32611082,16.58157275,14.13177481,16.18515678,18.03837278,21.07949687,2.490863989,69.57358456,70.56310587,92.81027464,24.6398787,1000000000
1158,19.47915458,18.18130007,16.02423696,13.32611082,16.58157275,14.13177481,16.18515678,18.03837278,21.07949687,2.490863989,69.57358456,70.56310587,92.81027464,24.6398787,1000000000
1159,19.47915458,18.18130007,16.02423696,13.32611082,16.58157275,14.13177481,16.18515678,18.03837278,21.07949687,2.490863989,69.57358456,70.56310587,92.81027464,24.6398787,1000000000
1160,19.47915458,18.18130007,16.02423696,13.32611082,16.58157275,14.13177481,16.18515678,18.03837278,21.07949687,2.490863989,69.57358456,70.56310587,92.81027464,24.6398787,1000000000
1161,19.47915458,18.18130007,16.02423696,13.32611082,16.58157275,14.13177481,16.18515678,18.03837278,21.07949687,2.490863989,69.57358456,70.56310587,92.81027464,24.6398787,1000000000
1162,19.47915458,18.18130007,16.02423696,13.32611082,16.58157275,14.13177481,16.18515678,18.03837278,21.07949687,2.490863989,69.57358456,70.56310587,92.81027464,24.6398787,1000000000
1163,19.47915458,18.18130007,16.02423696,13.32611082,16.58157275,14.13177481,16.18515678,18.03837278,21.07949687,2.490863989,69.57358456,70.56310587,92.81027464,24.6398787,1000000000
1164,19.47915458,18.18130007,16.02423696,13.32611082,16.58157275,14.13177481,16.18515678,18.03837278,21.07949687,2.490863989,69.57358456,70.56310587,92.81027464,24.6398787,1000000000
1165,19.47915458,18.18130007,16.02423696,13.32611082,16.58157275,14.13177481,16.18515678,18.03837278,21.07949687,2.490863989,69.57358456,70.56310587,92.81027464,24.6398787,1000000000
1166,19.47915458,18.18130007,16.02423696,13.32611082,16.58157275,14.13177481,16.18515678,18.03837278,21.07949687,2.490863989,69.57358456,70.56310587,92.81027464,24.6398787,1000000000
1167,19.47915458,18.18130007,16.02423696,13.32611082,16.58157275,14.13177481,16.18515678,18.03837278,21.07949687,2.490863989,69.57358456,70.56310587,92.81027464,24.6398787,1000000000
1168,19.47915458,18.18130007,16.02423696,13.32611082,16.58157275,14.13177481,16.18515678,18.03837278,21.07949687,2.490863989,69.57358456,70.56310587,92.81027464,24.6398787,1000000000
1169,19.47915458,18.18130007,16.02423696,13.32611082,16.58157275,14.13177481,16.18515678,18.03837278,21.07949687,2.490863989,69.57358456,70.56310587,92.81027464,24.6398787,1000000000
1170,19.47915458,18.18130007,16.02423696,13.32611082,16.58157275,14.13177481,16.18515678,18.03837278,21.07949687,2.490863989,69.57358456,70.56310587,92.81027464,24.6398787,1000000000
1171,19.47915458,18.18130007,16.02423696,13.32611082,16.58157275,14.13177481,16.18515678,18.03837278,21.07949687,2.490863989,69.57358456,70.56310587,92.81027464,24.6398787,1000000000
1172,19.47915458,18.18130007,16.02423696,13.32611082,16.58157275,14.13177481,16.18515678,18.03837278,21.07949687,2.490863989,69.57358456,70.56310587,92.81027464,24.6398787,1000000000
1173,19.47915458,18.18130007,16.02423696,13.32611082,16.58157275,14.13177481,16.18515678,18.03837278,21.07949687,2.490863989,69.57358456,70.56310587,92.81027464,24.6398787,1000000000
1174,19.47915458,18.18130007,16.02423696,13.32611082,16.58157275,14.13177481,16.18515678,18.03837278,21.07949687,2.490863989,69.57358456,70.56310587,92.81027464,24.6398787,1000000000
1175,19.47915458,18.18130007,16.02423696,13.32611082,16.58157275,14.13177481,16.18515678,18.03837278,21.07949687,2.490863989,69.57358456,70.56310587,92.81027464,24.6398787,1000000000
1176,19.47915458,18.18130007,16.02423696,13.32611082,16.58157275,14.13177481,16.18515678,18.03837278,21.07949687,2.490863989,69.57358456,70.56310587,92.81027464,24.6398787,1000000000
1177,19.47915458,18.18130007,16.02423696,13.32611082,16.58157275,14.13177481,16.18515678,18.03837278,21.07949687,2.490863989,69.57358456,70.56310587,92.81027464,24.6398787,1000000000
1178,19.47915458,18.18130007,16.02423696,13.32611082,16.58157275,14.13177481,16.18515678,18.03837278,21.07949687,2.490863989,69.57358456,70.56310587,92.81027464,24.6398787,1000000000
1179,19.47915458,18.18130007,16.02423696,13.32611082,16.58157275,14.13177481,16.18515678,18.03837278,21.07949687,2.490863989,69.57358456,70.56310587,92.81027464,24.6398787,1000000000
1180,19.47915458,18.18130007,16.02423696,13.32611082,16.58157275,14.13177481,16.18515678,18.03837278,21.07949687,2.490863989,69.57358456,70.56310587,92.81027464,24.6398787,1000000000
1181,19.47915458,18.18130007,16.02423696,13.32611082,16.58157275,14.13177481,16.18515678,18.03837278,21.07949687,2.490863989,69.57358456,70.56310587,92.81027464,24.6398787,1000000000
1182,19.47915458,18.18130007,16.02423696,13.32611082,16.58157275,14.13177481,16.18515678,18.03837278,21.07949687,2.490863989,69.57358456,70.56310587,92.81027464,24.6398787,1000000000
1183,19.47915458,18.18130007,16.02423696,13.32611082,16.58157275,14.13177481,16.18515678,18.03837278,21.07949687,2.490863989,69.57358456,70.56310587,92.81027464,24.6398787,1000000000
1184,19.47915458,18.18130007,16.02423696,13.32611082,16.58157275,14.13177481,16.18515678,18.03837278,21.07949687,2.490863989,69.57358456,70.56310587,92.81027464,24.6398787,1000000000
1185,19.47915458,18.18130007,16.02423696,13.32611082,16.58157275,14.13177481,16.18515678,18.03837278,21.07949687,2.490863989,69.57358456,70.56310587,92.81027464,24.6398787,1000000000
1186,19.47915458,18.18130007,16.02423696,13.32611082,16.58157275,14.13177481,16.18515678,18.03837278,21.07949687,2.490863989,69.57358456,70.56310587,92.81027464,24.6398787,1000000000
1187,19.47915458,18.18130007,16.02423696,13.32611082,16.58157275,14.13177481,16.18515678,18.03837278,21.07949687,2.490863989,69.57358456,70.56310587,92.81027464,24.6398787,1000000000
1188,19.47915458,18.18130007,16.02423696,13.32611082,16.58157275,14.13177481,16.18515678,18.03837278,21.07949687,2.490863989,69.57358456,70.56310587,92.81027464,24.6398787,1000000000
1189,19.47915458,18.18130007,16.02423696,13.32611082,16.58157275,14.13177481,16.18515678,18.03837278,21.07949687,2.490863989,69.57358456,70.56310587,92.81027464,24.6398787,1000000000
1190,19.47915458,18.18130007,16.02423696,13.32611082,16.58157275,14.13177481,16.18515678,18.03837278,21.07949687,2.490863989,69.57358456,70.56310587,92.81027464,24.6398787,1000000000
1191,19.47915458,18.18130007,16.02423696,13.32611082,16.58157275,14.13177481,16.18515678,18.03837278,21.07949687,2.490863989,69.57358456,70.56310587,92.81027464,24.6398787,1000000000
1192,19.47915458,18.18130007,16.02423696,13.32611082,16.58157275,14.13177481,16.18515678,18.03837278,21.07949687,2.490863989,69.57358456,70.56310587,92.81027464,24.6398787,1000000000
1193,19.47915458,18.18130007,16.02423696,13.32611082,16.58157275,14.13177481,16.18515678,18.03837278,21.07949687,2.490863989,69.57358456,70.56310587,92.81027464,24.6398787,1000000000
1194,19.47915458,18.18130007,16.02423696,13.32611082,16.58157275,14.13177481,16.18515678,18.03837278,21.07949687,2.490863989,69.57358456,70.56310587,92.81027464,24.6398787,1000000000
1195,19.47915458,18.18130007,16.02423696,13.32611082,16.58157275,14.13177481,16.18515678,18.03837278,21.07949687,2.490863989,69.57358456,70.56310587,92.81027464,24.6398787,1000000000
1196,19.47915458,18.18130007,16.02423696,13.32611082,16.58157275,14.13177481,16.18515678,18.03837278,21.07949687,2.490863989,69.57358456,70.56310587,92.81027464,24.6398787,1000000000
1197,19.47915458,18.18130007,16.02423696,13.32611082,16.58157275,14.13177481,16.18515678,18.03837278,21.07949687,2.490863989,69.57358456,70.56310587,92.81027464,24.6398787,1000000000
1198,19.47915458,18.18130007,16.02423696,13.32611082,16.58157275,14.13177481,16.18515678,18.03837278,21.07949687,2.490863989,69.57358456,70.56310587,92.81027464,24.6398787,1000000000
1199,19.47915458,18.18130007,16.02423696,13.32611082,16.58157275,14.13177481,16.18515678,18.03837278,21.07949687,2.490863989,69.57358456,70.56310587,92.81027464,24.6398787,1000000000
1200,19.47915458,18.18130007,16.02423696,13.32611082,16.58157275,14.13177481,16.18515678,18.03837278,21.07949687,2.490863989,69.57358456,70.56310587,92.81027464,24.6398787,1000000000
1201,19.47915458,18.18130007,16.02423696,13.32611082,16.58157275,14.13177481,16.18515678,18.03837278,21.07949687,2.490863989,69.57358456,70.56310587,92.81027464,24.6398787,1000000000
1202,19.47915458,18.18130007,16.02423696,13.32611082,16.58157275,14.13177481,16.18515678,18.03837278,21.07949687,2.490863989,69.57358456,70.56310587,92.81027464,24.6398787,1000000000
1203,19.47915458,18.18130007,16.02423696,13.32611082,16.58157275,14.13177481,16.18515678,18.03837278,21.07949687,2.490863989,69.57358456,70.56310587,92.81027464,24.6398787,1000000000
1204,19.47915458,18.18130007,16.02423696,13.32611082,16.58157275,14.13177481,16.18515678,18.03837278,21.07949687,2.490863989,69.57358456,70.56310587,92.81027464,24.6398787,1000000000
1205,19.47915458,18.18130007,16.02423696,13.32611082,16.58157275,14.13177481,16.18515678,18.03837278,21.07949687,2.490863989,69.57358456,70.56310587,92.81027464,24.6398787,1000000000
1206,19.47915458,18.18130007,16.02423696,13.32611082,16.58157275,14.13177481,16.18515678,18.03837278,21.07949687,2.490863989,69.57358456,70.56310587,92.81027464,24.6398787,1000000000
1207,19.47915458,18.18130007,16.02423696,13.32611082,16.58157275,14.13177481,16.18515678,18.03837278,21.07949687,2.490863989,69.57358456,70.56310587,92.81027464,24.6398787,1000000000
1208,19.47915458,18.18130007,16.02423696,13.32611082,16.58157275,14.13177481,16.18515678,18.03837278,21.07949687,2.490863989,69.57358456,70.56310587,92.81027464,24.6398787,1000000000
1209,19.47915458,18.18130007,16.02423696,13.32611082,16.58157275,14.13177481,16.18515678,18.03837278,21.07949687,2.490863989,69.57358456,70.56310587,92.81027464,24.6398787,1000000000
1210,19.47915458,18.18130007,16.02423696,13.32611082,16.58157275,14.13177481,16.18515678,18.03837278,21.07949687,2.490863989,69.57358456,70.56310587,92.81027464,24.6398787,1000000000
1211,19.47915458,18.18130007,16.02423696,13.32611082,16.58157275,14.13177481,16.18515678,18.03837278,21.07949687,2.490863989,69.57358456,70.56310587,92.81027464,24.6398787,1000000000
1212,19.47915458,18.18130007,16.02423696,13.32611082,16.58157275,14.13177481,16.18515678,18.03837278,21.07949687,2.490863989,69.57358456,70.56310587,92.81027464,24.6398787,1000000000
1213,19.47915458,18.18130007,16.02423696,13.32611082,16.58157275,14.13177481,16.18515678,18.03837278,21.07949687,2.490863989,69.57358456,70.56310587,92.81027464,24.6398787,1000000000
1214,19.47915458,18.18130007,16.02423696,13.32611082,16.58157275,14.13177481,16.18515678,18.03837278,21.07949687,2.490863989,69.57358456,70.56310587,92.81027464,24.6398787,1000000000
1215,19.47915458,18.18130007,16.02423696,13.32611082,16.58157275,14.13177481,16.18515678,18.03837278,21.07949687,2.490863989,69.57358456,70.56310587,92.81027464,24.6398787,1000000000
1216,19.47915458,18.18130007,16.02423696,13.32611082,16.58157275,14.13177481,16.18515678,18.03837278,21.07949687,2.490863989,69.57358456,70.56310587,92.81027464,24.6398787,1000000000
1217,19.47915458,18.18130007,16.02423696,13.32611082,16.58157275,14.13177481,16.18515678,18.03837278,21.07949687,2.490863989,69.57358456,70.56310587,92.81027464,24.6398787,1000000000
1218,19.47915458,18.18130007,16.02423696,13.32611082,16.58157275,14.13177481,16.18515678,18.03837278,21.07949687,2.490863989,69.57358456,70.56310587,92.81027464,24.6398787,1000000000
1219,19.47915458,18.18130007,16.02423696,13.32611082,16.58157275,14.13177481,16.18515678,18.03837278,21.07949687,2.490863989,69.57358456,70.56310587,92.81027464,24.6398787,1000000000
1220,19.47915458,18.18130007,16.02423696,13.32611082,16.58157275,14.13177481,16.18515678,18.03837278,21.07949687,2.490863989,69.57358456,70.56310587,92.81027464,24.6398787,1000000000
1221,19.47915458,18.18130007,16.02423696,13.32611082,16.58157275,14.13177481,16.18515678,18.03837278,21.07949687,2.490863989,69.57358456,70.56310587,92.81027464,24.6398787,1000000000
1222,19.47915458,18.18130007,16.02423696,13.32611082,16.58157275,14.13177481,16.18515678,18.03837278,21.07949687,2.490863989,69.57358456,70.56310587,92.81027464,24.6398787,1000000000
1223,19.47915458,18.18130007,16.02423696,13.32611082,16.58157275,14.13177481,16.18515678,18.03837278,21.07949687,2.490863989,69.57358456,70.56310587,92.81027464,24.6398787,1000000000
1224,19.47915458,18.18130007,16.02423696,13.32611082,16.58157275,14.13177481,16.18515678,18.03837278,21.07949687,2.490863989,69.57358456,70.56310587,92.81027464,24.6398787,1000000000
1225,19.47915458,18.18130007,16.02423696,13.32611082,16.58157275,14.13177481,16.18515678,18.03837278,21.07949687,2.490863989,69.57358456,70.56310587,92.81027464,24.6398787,1000000000
1226,19.47915458,18.18130007,16.02423696,13.32611082,16.58157275,14.13177481,16.18515678,18.03837278,21.07949687,2.490863989,69.57358456,70.56310587,92.81027464,24.6398787,1000000000
1227,19.47915458,18.18130007,16.02423696,13.32611082,16.58157275,14.13177481,16.18515678,18.03837278,21.07949687,2.490863989,69.57358456,70.56310587,92.81027464,24.6398787,1000000000
1228,19.47915458,18.18130007,16.02423696,13.32611082,16.58157275,14.13177481,16.18515678,18.03837278,21.07949687,2.490863989,69.57358456,70.56310587,92.81027464,24.6398787,1000000000
1229,19.47915458,18.18130007,16.02423696,13.32611082,16.58157275,14.13177481,16.18515678,18.03837278,21.07949687,2.490863989,69.57358456,70.56310587,92.81027464,24.6398787,1000000000
1230,19.47915458,18.18130007,16.02423696,13.32611082,16.58157275,14.13177481,16.18515678,18.03837278,21.07949687,2.490863989,69.57358456,70.56310587,92.81027464,24.6398787,1000000000
1231,19.47915458,18.18130007,16.02423696,13.32611082,16.58157275,14.13177481,16.18515678,18.03837278,21.07949687,2.490863989,69.57358456,70.56310587,92.81027464,24.6398787,1000000000
1232,19.47915458,18.18130007,16.02423696,13.32611082,16.58157275,14.13177481,16.18515678,18.03837278,21.07949687,2.490863989,69.57358456,70.56310587,92.81027464,24.6398787,1000000000
1233,19.47915458,18.18130007,16.02423696,13.32611082,16.58157275,14.13177481,16.18515678,18.03837278,21.07949687,2.490863989,69.57358456,70.56310587,92.81027464,24.6398787,1000000000
1234,19.47915458,18.18130007,16.02423696,13.32611082,16.58157275,14.13177481,16.18515678,18.03837278,21.07949687,2.490863989,69.57358456,70.56310587,92.81027464,24.6398787,1000000000
1235,19.47915458,18.18130007,16.02423696,13.32611082,16.58157275,14.13177481,16.18515678,18.03837278,21.07949687,2.490863989,69.57358456,70.56310587,92.81027464,24.6398787,1000000000
1236,19.47915458,18.18130007,16.02423696,13.32611082,16.58157275,14.13177481,16.18515678,18.03837278,21.07949687,2.490863989,69.57358456,70.56310587,92.81027464,24.6398787,1000000000
1237,19.47915458,18.18130007,16.02423696,13.32611082,16.58157275,14.13177481,16.18515678,18.03837278,21.07949687,2.490863989,69.57358456,70.56310587,92.81027464,24.6398787,1000000000
1238,19.47915458,18.18130007,16.02423696,13.32611082,16.58157275,14.13177481,16.18515678,18.03837278,21.07949687,2.490863989,69.57358456,70.56310587,92.81027464,24.6398787,1000000000
1239,19.47915458,18.18130007,16.02423696,13.32611082,16.58157275,14.13177481,16.18515678,18.03837278,21.07949687,2.490863989,69.57358456,70.56310587,92.81027464,24.6398787,1000000000
1240,19.47915458,18.18130007,16.02423696,13.32611082,16.58157275,14.13177481,16.18515678,18.03837278,21.07949687,2.490863989,69.57358456,70.56310587,92.81027464,24.6398787,1000000000
1241,19.47915458,18.18130007,16.02423696,13.32611082,16.58157275,14.13177481,16.18515678,18.03837278,21.07949687,2.490863989,69.57358456,70.56310587,92.81027464,24.6398787,1000000000
1242,19.47915458,18.18130007,16.02423696,13.32611082,16.58157275,14.13177481,16.18515678,18.03837278,21.07949687,2.490863989,69.57358456,70.56310587,92.81027464,24.6398787,1000000000
1243,19.47915458,18.18130007,16.02423696,13.32611082,16.58157275,14.13177481,16.18515678,18.03837278,21.07949687,2.490863989,69.57358456,70.56310587,92.81027464,24.6398787,1000000000
1244,19.47915458,18.18130007,16.02423696,13.32611082,16.58157275,14.13177481,16.18515678,18.03837278,21.07949687,2.490863989,69.57358456,70.56310587,92.81027464,24.6398787,1000000000
1245,19.47915458,18.18130007,16.02423696,13.32611082,16.58157275,14.13177481,16.18515678,18.03837278,21.07949687,2.490863989,69.57358456,70.56310587,92.81027464,24.6398787,1000000000
1246,19.47915458,18.18130007,16.02423696,13.32611082,16.58157275,14.13177481,16.18515678,18.03837278,21.07949687,2.490863989,69.57358456,70.56310587,92.81027464,24.6398787,1000000000
1247,19.47915458,18.18130007,16.02423696,13.32611082,16.58157275,14.13177481,16.18515678,18.03837278,21.07949687,2.490863989,69.57358456,70.56310587,92.81027464,24.6398787,1000000000
1248,19.47915458,18.18130007,16.02423696,13.32611082,16.58157275,14.13177481,16.18515678,18.03837278,21.07949687,2.490863989,69.57358456,70.56310587,92.81027464,24.6398787,1000000000
1249,19.47915458,18.18130007,16.02423696,13.32611082,16.58157275,14.13177481,16.18515678,18.03837278,21.07949687,2.490863989,69.57358456,70.56310587,92.81027464,24.6398787,1000000000
1250,19.47915458,18.18130007,16.02423696,13.32611082,16.58157275,14.13177481,16.18515678,18.03837278,21.07949687,2.490863989,69.57358456,70.56310587,92.81027464,24.6398787,1000000000
1251,19.47915458,18.18130007,16.02423696,13.32611082,16.58157275,14.13177481,16.18515678,18.03837278,21.07949687,2.490863989,69.57358456,70.56310587,92.81027464,24.6398787,1000000000
1252,19.47915458,18.18130007,16.02423696,13.32611082,16.58157275,14.13177481,16.18515678,18.03837278,21.07949687,2.490863989,69.57358456,70.56310587,92.81027464,24.6398787,1000000000
1253,19.47915458,18.18130007,16.02423696,13.32611082,16.58157275,14.13177481,16.18515678,18.03837278,21.07949687,2.490863989,69.57358456,70.56310587,92.81027464,24.6398787,1000000000
1254,19.47915458,18.18130007,16.02423696,13.32611082,16.58157275,14.13177481,16.18515678,18.03837278,21.07949687,2.490863989,69.57358456,70.56310587,92.81027464,24.6398787,1000000000
1255,19.47915458,18.18130007,16.02423696,13.32611082,16.58157275,14.13177481,16.18515678,18.03837278,21.07949687,2.490863989,69.57358456,70.56310587,92.81027464,24.6398787,1000000000
1256,19.47915458,18.18130007,16.02423696,13.32611082,16.58157275,14.13177481,16.18515678,18.03837278,21.07949687,2.490863989,69.57358456,70.56310587,92.81027464,24.6398787,1000000000
1257,19.47915458,18.18130007,16.02423696,13.32611082,16.58157275,14.13177481,16.18515678,18.03837278,21.07949687,2.490863989,69.57358456,70.56310587,92.81027464,24.6398787,1000000000
1258,19.47915458,18.18130007,16.02423696,13.32611082,16.58157275,14.13177481,16.18515678,18.03837278,21.07949687,2.490863989,69.57358456,70.56310587,92.81027464,24.6398787,1000000000
1259,19.47915458,18.18130007,16.02423696,13.32611082,16.58157275,14.13177481,16.18515678,18.03837278,21.07949687,2.490863989,69.57358456,70.56310587,92.81027464,24.6398787,1000000000
1260,19.47915458,18.18130007,16.02423696,13.32611082,16.58157275,14.13177481,16.18515678,18.03837278,21.07949687,2.490863989,69.57358456,70.56310587,92.81027464,24.6398787,1000000000
1261,19.47915458,18.18130007,16.02423696,13.32611082,16.58157275,14.13177481,16.18515678,18.03837278,21.07949687,2.490863989,69.57358456,70.56310587,92.81027464,24.6398787,1000000000
1262,19.47915458,18.18130007,16.02423696,13.32611082,16.58157275,14.13177481,16.18515678,18.03837278,21.07949687,2.490863989,69.57358456,70.56310587,92.81027464,24.6398787,1000000000
1263,19.47915458,18.18130007,16.02423696,13.32611082,16.58157275,14.13177481,16.18515678,18.03837278,21.07949687,2.490863989,69.57358456,70.56310587,92.81027464,24.6398787,1000000000
1264,19.47915458,18.18130007,16.02423696,13.32611082,16.58157275,14.13177481,16.18515678,18.03837278,21.07949687,2.490863989,69.57358456,70.56310587,92.81027464,24.6398787,1000000000
1265,19.47915458,18.18130007,16.02423696,13.32611082,16.58157275,14.13177481,16.18515678,18.03837278,21.07949687,2.490863989,69.57358456,70.56310587,92.81027464,24.6398787,1000000000
1266,19.47915458,18.18130007,16.02423696,13.32611082,16.58157275,14.13177481,16.18515678,18.03837278,21.07949687,2.490863989,69.57358456,70.56310587,92.81027464,24.6398787,1000000000
1267,19.47915458,18.18130007,16.02423696,13.32611082,16.58157275,14.13177481,16.18515678,18.03837278,21.07949687,2.490863989,69.57358456,70.56310587,92.81027464,24.6398787,1000000000
1268,19.47915458,18.18130007,16.02423696,13.32611082,16.58157275,14.13177481,16.18515678,18.03837278,21.07949687,2.490863989,69.57358456,70.56310587,92.81027464,24.6398787,1000000000
1269,19.47915458,18.18130007,16.02423696,13.32611082,16.58157275,14.13177481,16.18515678,18.03837278,21.07949687,2.490863989,69.57358456,70.56310587,92.81027464,24.6398787,1000000000
1270,19.47915458,18.18130007,16.02423696,13.32611082,16.58157275,14.13177481,16.18515678,18.03837278,21.07949687,2.490863989,69.57358456,70.56310587,92.81027464,24.6398787,1000000000
1271,19.47915458,18.18130007,16.02423696,13.32611082,16.58157275,14.13177481,16.18515678,18.03837278,21.07949687,2.490863989,69.57358456,70.56310587,92.81027464,24.6398787,1000000000
1272,19.47915458,18.18130007,16.02423696,13.32611082,16.58157275,14.13177481,16.18515678,18.03837278,21.07949687,2.490863989,69.57358456,70.56310587,92.81027464,24.6398787,1000000000
1273,19.47915458,18.18130007,16.02423696,13.32611082,16.58157275,14.13177481,16.18515678,18.03837278,21.07949687,2.490863989,69.57358456,70.56310587,92.81027464,24.6398787,1000000000
1274,19.47915458,18.18130007,16.02423696,13.32611082,16.58157275,14.13177481,16.18515678,18.03837278,21.07949687,2.490863989,69.57358456,70.56310587,92.81027464,24.6398787,1000000000
1275,19.47915458,18.18130007,16.02423696,13.32611082,16.58157275,14.13177481,16.18515678,18.03837278,21.07949687,2.490863989,69.57358456,70.56310587,92.81027464,24.6398787,1000000000
1276,19.47915458,18.18130007,16.02423696,13.32611082,16.58157275,14.13177481,16.18515678,18.03837278,21.07949687,2.490863989,69.57358456,70.56310587,92.81027464,24.6398787,1000000000
1277,19.47915458,18.18130007,16.02423696,13.32611082,16.58157275,14.13177481,16.18515678,18.03837278,21.07949687,2.490863989,69.57358456,70.56310587,92.81027464,24.6398787,1000000000
1278,19.47915458,18.18130007,16.02423696,13.32611082,16.58157275,14.13177481,16.18515678,18.03837278,21.07949687,2.490863989,69.57358456,70.56310587,92.81027464,24.6398787,1000000000
1279,19.47915458,18.18130007,16.02423696,13.32611082,16.58157275,14.13177481,16.18515678,18.03837278,21.07949687,2.490863989,69.57358456,70.56310587,92.81027464,24.6398787,1000000000
1280,19.47915458,18.18130007,16.02423696,13.32611082,16.58157275,14.13177481,16.18515678,18.03837278,21.07949687,2.490863989,69.57358456,70.56310587,92.81027464,24.6398787,1000000000
1281,19.47915458,18.18130007,16.02423696,13.32611082,16.58157275,14.13177481,16.18515678,18.03837278,21.07949687,2.490863989,69.57358456,70.56310587,92.81027464,24.6398787,1000000000
1282,19.47915458,18.18130007,16.02423696,13.32611082,16.58157275,14.13177481,16.18515678,18.03837278,21.07949687,2.490863989,69.57358456,70.56310587,92.81027464,24.6398787,1000000000
1283,19.47915458,18.18130007,16.02423696,13.32611082,16.58157275,14.13177481,16.18515678,18.03837278,21.07949687,2.490863989,69.57358456,70.56310587,92.81027464,24.6398787,1000000000
1284,19.47915458,18.18130007,16.02423696,13.32611082,16.58157275,14.13177481,16.18515678,18.03837278,21.07949687,2.490863989,69.57358456,70.56310587,92.81027464,24.6398787,1000000000
1285,19.47915458,18.18130007,16.02423696,13.32611082,16.58157275,14.13177481,16.18515678,18.03837278,21.07949687,2.490863989,69.57358456,70.56310587,92.81027464,24.6398787,1000000000
1286,19.47915458,18.18130007,16.02423696,13.32611082,16.58157275,14.13177481,16.18515678,18.03837278,21.07949687,2.490863989,69.57358456,70.56310587,92.81027464,24.6398787,1000000000
1287,19.47915458,18.18130007,16.02423696,13.32611082,16.58157275,14.13177481,16.18515678,18.03837278,21.07949687,2.490863989,69.57358456,70.56310587,92.81027464,24.6398787,1000000000
1288,19.47915458,18.18130007,16.02423696,13.32611082,16.58157275,14.13177481,16.18515678,18.03837278,21.07949687,2.490863989,69.57358456,70.56310587,92.81027464,24.6398787,1000000000
1289,19.47915458,18.18130007,16.02423696,13.32611082,16.58157275,14.13177481,16.18515678,18.03837278,21.07949687,2.490863989,69.57358456,70.56310587,92.81027464,24.6398787,1000000000
1290,19.47915458,18.18130007,16.02423696,13.32611082,16.58157275,14.13177481,16.18515678,18.03837278,21.07949687,2.490863989,69.57358456,70.56310587,92.81027464,24.6398787,1000000000
1291,19.47915458,18.18130007,16.02423696,13.32611082,16.58157275,14.13177481,16.18515678,18.03837278,21.07949687,2.490863989,69.57358456,70.56310587,92.81027464,24.6398787,1000000000
1292,19.47915458,18.18130007,16.02423696,13.32611082,16.58157275,14.13177481,16.18515678,18.03837278,21.07949687,2.490863989,69.57358456,70.56310587,92.81027464,24.6398787,1000000000
1293,19.47915458,18.18130007,16.02423696,13.32611082,16.58157275,14.13177481,16.18515678,18.03837278,21.07949687,2.490863989,69.57358456,70.56310587,92.81027464,24.6398787,1000000000
1294,19.47915458,18.18130007,16.02423696,13.32611082,16.58157275,14.13177481,16.18515678,18.03837278,21.07949687,2.490863989,69.57358456,70.56310587,92.81027464,24.6398787,1000000000
1295,19.47915458,18.18130007,16.02423696,13.32611082,16.58157275,14.13177481,16.18515678,18.03837278,21.07949687,2.490863989,69.57358456,70.56310587,92.81027464,24.6398787,1000000000
1296,19.47915458,18.18130007,16.02423696,13.32611082,16.58157275,14.13177481,16.18515678,18.03837278,21.07949687,2.490863989,69.57358456,70.56310587,92.81027464,24.6398787,1000000000
1297,19.47915458,18.18130007,16.02423696,13.32611082,16.58157275,14.13177481,16.18515678,18.03837278,21.07949687,2.490863989,69.57358456,70.56310587,92.81027464,24.6398787,1000000000
1298,19.47915458,18.18130007,16.02423696,13.32611082,16.58157275,14.13177481,16.18515678,18.03837278,21.07949687,2.490863989,69.57358456,70.56310587,92.81027464,24.6398787,1000000000
1299,19.47915458,18.18130007,16.02423696,13.32611082,16.58157275,14.13177481,16.18515678,18.03837278,21.07949687,2.490863989,69.57358456,70.56310587,92.81027464,24.6398787,1000000000
1300,19.47915458,18.18130007,16.02423696,13.32611082,16.58157275,14.13177481,16.18515678,18.03837278,21.07949687,2.490863989,69.57358456,70.56310587,92.81027464,24.6398787,1000000000
1301,19.47915458,18.18130007,16.02423696,13.32611082,16.58157275,14.13177481,16.18515678,18.03837278,21.07949687,2.490863989,69.57358456,70.56310587,92.81027464,24.6398787,1000000000
1302,19.47915458,18.18130007,16.02423696,13.32611082,16.58157275,14.13177481,16.18515678,18.03837278,21.07949687,2.490863989,69.57358456,70.56310587,92.81027464,24.6398787,1000000000
1303,19.47915458,18.18130007,16.02423696,13.32611082,16.58157275,14.13177481,16.18515678,18.03837278,21.07949687,2.490863989,69.57358456,70.56310587,92.81027464,24.6398787,1000000000
1304,19.47915458,18.18130007,16.02423696,13.32611082,16.58157275,14.13177481,16.18515678,18.03837278,21.07949687,2.490863989,69.57358456,70.56310587,92.81027464,24.6398787,1000000000
1305,19.47915458,18.18130007,16.02423696,13.32611082,16.58157275,14.13177481,16.18515678,18.03837278,21.07949687,2.490863989,69.57358456,70.56310587,92.81027464,24.6398787,1000000000
1306,19.47915458,18.18130007,16.02423696,13.32611082,16.58157275,14.13177481,16.18515678,18.03837278,21.07949687,2.490863989,69.57358456,70.56310587,92.81027464,24.6398787,1000000000
1307,19.47915458,18.18130007,16.02423696,13.32611082,16.58157275,14.13177481,16.18515678,18.03837278,21.07949687,2.490863989,69.57358456,70.56310587,92.81027464,24.6398787,1000000000
1308,19.47915458,18.18130007,16.02423696,13.32611082,16.58157275,14.13177481,16.18515678,18.03837278,21.07949687,2.490863989,69.57358456,70.56310587,92.81027464,24.6398787,1000000000
1309,19.47915458,18.18130007,16.02423696,13.32611082,16.58157275,14.13177481,16.18515678,18.03837278,21.07949687,2.490863989,69.57358456,70.56310587,92.81027464,24.6398787,1000000000
1310,19.47915458,18.18130007,16.02423696,13.32611082,16.58157275,14.13177481,16.18515678,18.03837278,21.07949687,2.490863989,69.57358456,70.56310587,92.81027464,24.6398787,1000000000
1311,19.47915458,18.18130007,16.02423696,13.32611082,16.58157275,14.13177481,16.18515678,18.03837278,21.07949687,2.490863989,69.57358456,70.56310587,92.81027464,24.6398787,1000000000
1312,19.47915458,18.18130007,16.02423696,13.32611082,16.58157275,14.13177481,16.18515678,18.03837278,21.07949687,2.490863989,69.57358456,70.56310587,92.81027464,24.6398787,1000000000
1313,19.47915458,18.18130007,16.02423696,13.32611082,16.58157275,14.13177481,16.18515678,18.03837278,21.07949687,2.490863989,69.57358456,70.56310587,92.81027464,24.6398787,1000000000
1314,19.47915458,18.18130007,16.02423696,13.32611082,16.58157275,14.13177481,16.18515678,18.03837278,21.07949687,2.490863989,69.57358456,70.56310587,92.81027464,24.6398787,1000000000
1315,19.47915458,18.18130007,16.02423696,13.32611082,16.58157275,14.13177481,16.18515678,18.03837278,21.07949687,2.490863989,69.57358456,70.56310587,92.81027464,24.6398787,1000000000
1316,19.47915458,18.18130007,16.02423696,13.32611082,16.58157275,14.13177481,16.18515678,18.03837278,21.07949687,2.490863989,69.57358456,70.56310587,92.81027464,24.6398787,1000000000
1317,19.47915458,18.18130007,16.02423696,13.32611082,16.58157275,14.13177481,16.18515678,18.03837278,21.07949687,2.490863989,69.57358456,70.56310587,92.81027464,24.6398787,1000000000
1318,19.47915458,18.18130007,16.02423696,13.32611082,16.58157275,14.13177481,16.18515678,18.03837278,21.07949687,2.490863989,69.57358456,70.56310587,92.81027464,24.6398787,1000000000
1319,19.47915458,18.18130007,16.02423696,13.32611082,16.58157275,14.13177481,16.18515678,18.03837278,21.07949687,2.490863989,69.57358456,70.56310587,92.81027464,24.6398787,1000000000
1320,19.47915458,18.18130007,16.02423696,13.32611082,16.58157275,14.13177481,16.18515678,18.03837278,21.07949687,2.490863989,69.57358456,70.56310587,92.81027464,24.6398787,1000000000
1321,19.47915458,18.18130007,16.02423696,13.32611082,16.58157275,14.13177481,16.18515678,18.03837278,21.07949687,2.490863989,69.57358456,70.56310587,92.81027464,24.6398787,1000000000
1322,19.47915458,18.18130007,16.02423696,13.32611082,16.58157275,14.13177481,16.18515678,18.03837278,21.07949687,2.490863989,69.57358456,70.56310587,92.81027464,24.6398787,1000000000
1323,19.47915458,18.18130007,16.02423696,13.32611082,16.58157275,14.13177481,16.18515678,18.03837278,21.07949687,2.490863989,69.57358456,70.56310587,92.81027464,24.6398787,1000000000
1324,19.47915458,18.18130007,16.02423696,13.32611082,16.58157275,14.13177481,16.18515678,18.03837278,21.07949687,2.490863989,69.57358456,70.56310587,92.81027464,24.6398787,1000000000
1325,19.47915458,18.18130007,16.02423696,13.32611082,16.58157275,14.13177481,16.18515678,18.03837278,21.07949687,2.490863989,69.57358456,70.56310587,92.81027464,24.6398787,1000000000
1326,19.47915458,18.18130007,16.02423696,13.32611082,16.58157275,14.13177481,16.18515678,18.03837278,21.07949687,2.490863989,69.57358456,70.56310587,92.81027464,24.6398787,1000000000
1327,19.47915458,18.18130007,16.02423696,13.32611082,16.58157275,14.13177481,16.18515678,18.03837278,21.07949687,2.490863989,69.57358456,70.56310587,92.81027464,24.6398787,1000000000
1328,19.47915458,18.18130007,16.02423696,13.32611082,16.58157275,14.13177481,16.18515678,18.03837278,21.07949687,2.490863989,69.57358456,70.56310587,92.81027464,24.6398787,1000000000
1329,19.47915458,18.18130007,16.02423696,13.32611082,16.58157275,14.13177481,16.18515678,18.03837278,21.07949687,2.490863989,69.57358456,70.56310587,92.81027464,24.6398787,1000000000
1330,19.47915458,18.18130007,16.02423696,13.32611082,16.58157275,14.13177481,16.18515678,18.03837278,21.07949687,2.490863989,69.57358456,70.56310587,92.81027464,24.6398787,1000000000
1331,19.47915458,18.18130007,16.02423696,13.32611082,16.58157275,14.13177481,16.18515678,18.03837278,21.07949687,2.490863989,69.57358456,70.56310587,92.81027464,24.6398787,1000000000
1332,19.47915458,18.18130007,16.02423696,13.32611082,16.58157275,14.13177481,16.18515678,18.03837278,21.07949687,2.490863989,69.57358456,70.56310587,92.81027464,24.6398787,1000000000
1333,19.47915458,18.18130007,16.02423696,13.32611082,16.58157275,14.13177481,16.18515678,18.03837278,21.07949687,2.490863989,69.57358456,70.56310587,92.81027464,24.6398787,1000000000
1334,19.47915458,18.18130007,16.02423696,13.32611082,16.58157275,14.13177481,16.18515678,18.03837278,21.07949687,2.490863989,69.57358456,70.56310587,92.81027464,24.6398787,1000000000
1335,19.47915458,18.18130007,16.02423696,13.32611082,16.58157275,14.13177481,16.18515678,18.03837278,21.07949687,2.490863989,69.57358456,70.56310587,92.81027464,24.6398787,1000000000
1336,19.47915458,18.18130007,16.02423696,13.32611082,16.58157275,14.13177481,16.18515678,18.03837278,21.07949687,2.490863989,69.57358456,70.56310587,92.81027464,24.6398787,1000000000
1337,19.47915458,18.18130007,16.02423696,13.32611082,16.58157275,14.13177481,16.18515678,18.03837278,21.07949687,2.490863989,69.57358456,70.56310587,92.81027464,24.6398787,1000000000
1338,19.47915458,18.18130007,16.02423696,13.32611082,16.58157275,14.13177481,16.18515678,18.03837278,21.07949687,2.490863989,69.57358456,70.56310587,92.81027464,24.6398787,1000000000
1339,19.47915458,18.18130007,16.02423696,13.32611082,16.58157275,14.13177481,16.18515678,18.03837278,21.07949687,2.490863989,69.57358456,70.56310587,92.81027464,24.6398787,1000000000
1340,19.47915458,18.18130007,16.02423696,13.32611082,16.58157275,14.13177481,16.18515678,18.03837278,21.07949687,2.490863989,69.57358456,70.56310587,92.81027464,24.6398787,1000000000
1341,19.47915458,18.18130007,16.02423696,13.32611082,16.58157275,14.13177481,16.18515678,18.03837278,21.07949687,2.490863989,69.57358456,70.56310587,92.81027464,24.6398787,1000000000
1342,19.47915458,18.18130007,16.02423696,13.32611082,16.58157275,14.13177481,16.18515678,18.03837278,21.07949687,2.490863989,69.57358456,70.56310587,92.81027464,24.6398787,1000000000
1343,19.47915458,18.18130007,16.02423696,13.32611082,16.58157275,14.13177481,16.18515678,18.03837278,21.07949687,2.490863989,69.57358456,70.56310587,92.81027464,24.6398787,1000000000
1344,19.47915458,18.18130007,16.02423696,13.32611082,16.58157275,14.13177481,16.18515678,18.03837278,21.07949687,2.490863989,69.57358456,70.56310587,92.81027464,24.6398787,1000000000
1345,19.47915458,18.18130007,16.02423696,13.32611082,16.58157275,14.13177481,16.18515678,18.03837278,21.07949687,2.490863989,69.57358456,70.56310587,92.81027464,24.6398787,1000000000
1346,19.47915458,18.18130007,16.02423696,13.32611082,16.58157275,14.13177481,16.18515678,18.03837278,21.07949687,2.490863989,69.57358456,70.56310587,92.81027464,24.6398787,1000000000
1347,19.47915458,18.18130007,16.02423696,13.32611082,16.58157275,14.13177481,16.18515678,18.03837278,21.07949687,2.490863989,69.57358456,70.56310587,92.81027464,24.6398787,1000000000
1348,19.47915458,18.18130007,16.02423696,13.32611082,16.58157275,14.13177481,16.18515678,18.03837278,21.07949687,2.490863989,69.57358456,70.56310587,92.81027464,24.6398787,1000000000
1349,19.47915458,18.18130007,16.02423696,13.32611082,16.58157275,14.13177481,16.18515678,18.03837278,21.07949687,2.490863989,69.57358456,70.56310587,92.81027464,24.6398787,1000000000
1350,19.47915458,18.18130007,16.02423696,13.32611082,16.58157275,14.13177481,16.18515678,18.03837278,21.07949687,2.490863989,69.57358456,70.56310587,92.81027464,24.6398787,1000000000
1351,19.47915458,18.18130007,16.02423696,13.32611082,16.58157275,14.13177481,16.18515678,18.03837278,21.07949687,2.490863989,69.57358456,70.56310587,92.81027464,24.6398787,1000000000
1352,19.47915458,18.18130007,16.02423696,13.32611082,16.58157275,14.13177481,16.18515678,18.03837278,21.07949687,2.490863989,69.57358456,70.56310587,92.81027464,24.6398787,1000000000
1353,19.47915458,18.18130007,16.02423696,13.32611082,16.58157275,14.13177481,16.18515678,18.03837278,21.07949687,2.490863989,69.57358456,70.56310587,92.81027464,24.6398787,1000000000
1354,19.47915458,18.18130007,16.02423696,13.32611082,16.58157275,14.13177481,16.18515678,18.03837278,21.07949687,2.490863989,69.57358456,70.56310587,92.81027464,24.6398787,1000000000
1355,19.47915458,18.18130007,16.02423696,13.32611082,16.58157275,14.13177481,16.18515678,18.03837278,21.07949687,2.490863989,69.57358456,70.56310587,92.81027464,24.6398787,1000000000
1356,19.47915458,18.18130007,16.02423696,13.32611082,16.58157275,14.13177481,16.18515678,18.03837278,21.07949687,2.490863989,69.57358456,70.56310587,92.81027464,24.6398787,1000000000
1357,19.47915458,18.18130007,16.02423696,13.32611082,16.58157275,14.13177481,16.18515678,18.03837278,21.07949687,2.490863989,69.57358456,70.56310587,92.81027464,24.6398787,1000000000
1358,19.47915458,18.18130007,16.02423696,13.32611082,16.58157275,14.13177481,16.18515678,18.03837278,21.07949687,2.490863989,69.57358456,70.56310587,92.81027464,24.6398787,1000000000
1359,19.47915458,18.18130007,16.02423696,13.32611082,16.58157275,14.13177481,16.18515678,18.03837278,21.07949687,2.490863989,69.57358456,70.56310587,92.81027464,24.6398787,1000000000
1360,19.47915458,18.18130007,16.02423696,13.32611082,16.58157275,14.13177481,16.18515678,18.03837278,21.07949687,2.490863989,69.57358456,70.56310587,92.81027464,24.6398787,1000000000
1361,19.47915458,18.18130007,16.02423696,13.32611082,16.58157275,14.13177481,16.18515678,18.03837278,21.07949687,2.490863989,69.57358456,70.56310587,92.81027464,24.6398787,1000000000
1362,19.47915458,18.18130007,16.02423696,13.32611082,16.58157275,14.13177481,16.18515678,18.03837278,21.07949687,2.490863989,69.57358456,70.56310587,92.81027464,24.6398787,1000000000
1363,19.47915458,18.18130007,16.02423696,13.32611082,16.58157275,14.13177481,16.18515678,18.03837278,21.07949687,2.490863989,69.57358456,70.56310587,92.81027464,24.6398787,1000000000
1364,19.47915458,18.18130007,16.02423696,13.32611082,16.58157275,14.13177481,16.18515678,18.03837278,21.07949687,2.490863989,69.57358456,70.56310587,92.81027464,24.6398787,1000000000
1365,19.47915458,18.18130007,16.02423696,13.32611082,16.58157275,14.13177481,16.18515678,18.03837278,21.07949687,2.490863989,69.57358456,70.56310587,92.81027464,24.6398787,1000000000
1366,19.47915458,18.18130007,16.02423696,13.32611082,16.58157275,14.13177481,16.18515678,18.03837278,21.07949687,2.490863989,69.57358456,70.56310587,92.81027464,24.6398787,1000000000
1367,19.47915458,18.18130007,16.02423696,13.32611082,16.58157275,14.13177481,16.18515678,18.03837278,21.07949687,2.490863989,69.57358456,70.56310587,92.81027464,24.6398787,1000000000
1368,19.47915458,18.18130007,16.02423696,13.32611082,16.58157275,14.13177481,16.18515678,18.03837278,21.07949687,2.490863989,69.57358456,70.56310587,92.81027464,24.6398787,1000000000
1369,19.47915458,18.18130007,16.02423696,13.32611082,16.58157275,14.13177481,16.18515678,18.03837278,21.07949687,2.490863989,69.57358456,70.56310587,92.81027464,24.6398787,1000000000
1370,19.47915458,18.18130007,16.02423696,13.32611082,16.58157275,14.13177481,16.18515678,18.03837278,21.07949687,2.490863989,69.57358456,70.56310587,92.81027464,24.6398787,1000000000
1371,19.47915458,18.18130007,16.02423696,13.32611082,16.58157275,14.13177481,16.18515678,18.03837278,21.07949687,2.490863989,69.57358456,70.56310587,92.81027464,24.6398787,1000000000
1372,19.47915458,18.18130007,16.02423696,13.32611082,16.58157275,14.13177481,16.18515678,18.03837278,21.07949687,2.490863989,69.57358456,70.56310587,92.81027464,24.6398787,1000000000
1373,19.47915458,18.18130007,16.02423696,13.32611082,16.58157275,14.13177481,16.18515678,18.03837278,21.07949687,2.490863989,69.57358456,70.56310587,92.81027464,24.6398787,1000000000
1374,19.47915458,18.18130007,16.02423696,13.32611082,16.58157275,14.13177481,16.18515678,18.03837278,21.07949687,2.490863989,69.57358456,70.56310587,92.81027464,24.6398787,1000000000
1375,19.47915458,18.18130007,16.02423696,13.32611082,16.58157275,14.13177481,16.18515678,18.03837278,21.07949687,2.490863989,69.57358456,70.56310587,92.81027464,24.6398787,1000000000
1376,19.47915458,18.18130007,16.02423696,13.32611082,16.58157275,14.13177481,16.18515678,18.03837278,21.07949687,2.490863989,69.57358456,70.56310587,92.81027464,24.6398787,1000000000
1377,19.47915458,18.18130007,16.02423696,13.32611082,16.58157275,14.13177481,16.18515678,18.03837278,21.07949687,2.490863989,69.57358456,70.56310587,92.81027464,24.6398787,1000000000
1378,19.47915458,18.18130007,16.02423696,13.32611082,16.58157275,14.13177481,16.18515678,18.03837278,21.07949687,2.490863989,69.57358456,70.56310587,92.81027464,24.6398787,1000000000
1379,19.47915458,18.18130007,16.02423696,13.32611082,16.58157275,14.13177481,16.18515678,18.03837278,21.07949687,2.490863989,69.57358456,70.56310587,92.81027464,24.6398787,1000000000
1380,19.47915458,18.18130007,16.02423696,13.32611082,16.58157275,14.13177481,16.18515678,18.03837278,21.07949687,2.490863989,69.57358456,70.56310587,92.81027464,24.6398787,1000000000
1381,19.47915458,18.18130007,16.02423696,13.32611082,16.58157275,14.13177481,16.18515678,18.03837278,21.07949687,2.490863989,69.57358456,70.56310587,92.81027464,24.6398787,1000000000
1382,19.47915458,18.18130007,16.02423696,13.32611082,16.58157275,14.13177481,16.18515678,18.03837278,21.07949687,2.490863989,69.57358456,70.56310587,92.81027464,24.6398787,1000000000
1383,19.47915458,18.18130007,16.02423696,13.32611082,16.58157275,14.13177481,16.18515678,18.03837278,21.07949687,2.490863989,69.57358456,70.56310587,92.81027464,24.6398787,1000000000
1384,19.47915458,18.18130007,16.02423696,13.32611082,16.58157275,14.13177481,16.18515678,18.03837278,21.07949687,2.490863989,69.57358456,70.56310587,92.81027464,24.6398787,1000000000
1385,19.47915458,18.18130007,16.02423696,13.32611082,16.58157275,14.13177481,16.18515678,18.03837278,21.07949687,2.490863989,69.57358456,70.56310587,92.81027464,24.6398787,1000000000
1386,19.47915458,18.18130007,16.02423696,13.32611082,16.58157275,14.13177481,16.18515678,18.03837278,21.07949687,2.490863989,69.57358456,70.56310587,92.81027464,24.6398787,1000000000
1387,19.47915458,18.18130007,16.02423696,13.32611082,16.58157275,14.13177481,16.18515678,18.03837278,21.07949687,2.490863989,69.57358456,70.56310587,92.81027464,24.6398787,1000000000
1388,19.47915458,18.18130007,16.02423696,13.32611082,16.58157275,14.13177481,16.18515678,18.03837278,21.07949687,2.490863989,69.57358456,70.56310587,92.81027464,24.6398787,1000000000
1389,19.47915458,18.18130007,16.02423696,13.32611082,16.58157275,14.13177481,16.18515678,18.03837278,21.07949687,2.490863989,69.57358456,70.56310587,92.81027464,24.6398787,1000000000
1390,19.47915458,18.18130007,16.02423696,13.32611082,16.58157275,14.13177481,16.18515678,18.03837278,21.07949687,2.490863989,69.57358456,70.56310587,92.81027464,24.6398787,1000000000
1391,19.47915458,18.18130007,16.02423696,13.32611082,16.58157275,14.13177481,16.18515678,18.03837278,21.07949687,2.490863989,69.57358456,70.56310587,92.81027464,24.6398787,1000000000
1392,19.47915458,18.18130007,16.02423696,13.32611082,16.58157275,14.13177481,16.18515678,18.03837278,21.07949687,2.490863989,69.57358456,70.56310587,92.81027464,24.6398787,1000000000
1393,19.47915458,18.18130007,16.02423696,13.32611082,16.58157275,14.13177481,16.18515678,18.03837278,21.07949687,2.490863989,69.57358456,70.56310587,92.81027464,24.6398787,1000000000
1394,19.47915458,18.18130007,16.02423696,13.32611082,16.58157275,14.13177481,16.18515678,18.03837278,21.07949687,2.490863989,69.57358456,70.56310587,92.81027464,24.6398787,1000000000
1395,19.47915458,18.18130007,16.02423696,13.32611082,16.58157275,14.13177481,16.18515678,18.03837278,21.07949687,2.490863989,69.57358456,70.56310587,92.81027464,24.6398787,1000000000
1396,19.47915458,18.18130007,16.02423696,13.32611082,16.58157275,14.13177481,16.18515678,18.03837278,21.07949687,2.490863989,69.57358456,70.56310587,92.81027464,24.6398787,1000000000
1397,19.47915458,18.18130007,16.02423696,13.32611082,16.58157275,14.13177481,16.18515678,18.03837278,21.07949687,2.490863989,69.57358456,70.56310587,92.81027464,24.6398787,1000000000
1398,19.47915458,18.18130007,16.02423696,13.32611082,16.58157275,14.13177481,16.18515678,18.03837278,21.07949687,2.490863989,69.57358456,70.56310587,92.81027464,24.6398787,1000000000
1399,19.47915458,18.18130007,16.02423696,13.32611082,16.58157275,14.13177481,16.18515678,18.03837278,21.07949687,2.490863989,69.57358456,70.56310587,92.81027464,24.6398787,1000000000
1400,19.47915458,18.18130007,16.02423696,13.32611082,16.58157275,14.13177481,16.18515678,18.03837278,21.07949687,2.490863989,69.57358456,70.56310587,92.81027464,24.6398787,1000000000
1401,19.47915458,18.18130007,16.02423696,13.32611082,16.58157275,14.13177481,16.18515678,18.03837278,21.07949687,2.490863989,69.57358456,70.56310587,92.81027464,24.6398787,1000000000
1402,19.47915458,18.18130007,16.02423696,13.32611082,16.58157275,14.13177481,16.18515678,18.03837278,21.07949687,2.490863989,69.57358456,70.56310587,92.81027464,24.6398787,1000000000
1403,19.47915458,18.18130007,16.02423696,13.32611082,16.58157275,14.13177481,16.18515678,18.03837278,21.07949687,2.490863989,69.57358456,70.56310587,92.81027464,24.6398787,1000000000
1404,19.47915458,18.18130007,16.02423696,13.32611082,16.58157275,14.13177481,16.18515678,18.03837278,21.07949687,2.490863989,69.57358456,70.56310587,92.81027464,24.6398787,1000000000
1405,19.47915458,18.18130007,16.02423696,13.32611082,16.58157275,14.13177481,16.18515678,18.03837278,21.07949687,2.490863989,69.57358456,70.56310587,92.81027464,24.6398787,1000000000
1406,19.47915458,18.18130007,16.02423696,13.32611082,16.58157275,14.13177481,16.18515678,18.03837278,21.07949687,2.490863989,69.57358456,70.56310587,92.81027464,24.6398787,1000000000
1407,19.47915458,18.18130007,16.02423696,13.32611082,16.58157275,14.13177481,16.18515678,18.03837278,21.07949687,2.490863989,69.57358456,70.56310587,92.81027464,24.6398787,1000000000
1408,19.47915458,18.18130007,16.02423696,13.32611082,16.58157275,14.13177481,16.18515678,18.03837278,21.07949687,2.490863989,69.57358456,70.56310587,92.81027464,24.6398787,1000000000
1409,19.47915458,18.18130007,16.02423696,13.32611082,16.58157275,14.13177481,16.18515678,18.03837278,21.07949687,2.490863989,69.57358456,70.56310587,92.81027464,24.6398787,1000000000
1410,19.47915458,18.18130007,16.02423696,13.32611082,16.58157275,14.13177481,16.18515678,18.03837278,21.07949687,2.490863989,69.57358456,70.56310587,92.81027464,24.6398787,1000000000
1411,19.47915458,18.18130007,16.02423696,13.32611082,16.58157275,14.13177481,16.18515678,18.03837278,21.07949687,2.490863989,69.57358456,70.56310587,92.81027464,24.6398787,1000000000
1412,19.47915458,18.18130007,16.02423696,13.32611082,16.58157275,14.13177481,16.18515678,18.03837278,21.07949687,2.490863989,69.57358456,70.56310587,92.81027464,24.6398787,1000000000
1413,19.47915458,18.18130007,16.02423696,13.32611082,16.58157275,14.13177481,16.18515678,18.03837278,21.07949687,2.490863989,69.57358456,70.56310587,92.81027464,24.6398787,1000000000
1414,19.47915458,18.18130007,16.02423696,13.32611082,16.58157275,14.13177481,16.18515678,18.03837278,21.07949687,2.490863989,69.57358456,70.56310587,92.81027464,24.6398787,1000000000
1415,19.47915458,18.18130007,16.02423696,13.32611082,16.58157275,14.13177481,16.18515678,18.03837278,21.07949687,2.490863989,69.57358456,70.56310587,92.81027464,24.6398787,1000000000
1416,19.47915458,18.18130007,16.02423696,13.32611082,16.58157275,14.13177481,16.18515678,18.03837278,21.07949687,2.490863989,69.57358456,70.56310587,92.81027464,24.6398787,1000000000
1417,19.47915458,18.18130007,16.02423696,13.32611082,16.58157275,14.13177481,16.18515678,18.03837278,21.07949687,2.490863989,69.57358456,70.56310587,92.81027464,24.6398787,1000000000
1418,19.47915458,18.18130007,16.02423696,13.32611082,16.58157275,14.13177481,16.18515678,18.03837278,21.07949687,2.490863989,69.57358456,70.56310587,92.81027464,24.6398787,1000000000
1419,19.47915458,18.18130007,16.02423696,13.32611082,16.58157275,14.13177481,16.18515678,18.03837278,21.07949687,2.490863989,69.57358456,70.56310587,92.81027464,24.6398787,1000000000
1420,19.47915458,18.18130007,16.02423696,13.32611082,16.58157275,14.13177481,16.18515678,18.03837278,21.07949687,2.490863989,69.57358456,70.56310587,92.81027464,24.6398787,1000000000
1421,19.47915458,18.18130007,16.02423696,13.32611082,16.58157275,14.13177481,16.18515678,18.03837278,21.07949687,2.490863989,69.57358456,70.56310587,92.81027464,24.6398787,1000000000
1422,19.47915458,18.18130007,16.02423696,13.32611082,16.58157275,14.13177481,16.18515678,18.03837278,21.07949687,2.490863989,69.57358456,70.56310587,92.81027464,24.6398787,1000000000
1423,19.47915458,18.18130007,16.02423696,13.32611082,16.58157275,14.13177481,16.18515678,18.03837278,21.07949687,2.490863989,69.57358456,70.56310587,92.81027464,24.6398787,1000000000
1424,19.47915458,18.18130007,16.02423696,13.32611082,16.58157275,14.13177481,16.18515678,18.03837278,21.07949687,2.490863989,69.57358456,70.56310587,92.81027464,24.6398787,1000000000
1425,19.47915458,18.18130007,16.02423696,13.32611082,16.58157275,14.13177481,16.18515678,18.03837278,21.07949687,2.490863989,69.57358456,70.56310587,92.81027464,24.6398787,1000000000
1426,19.47915458,18.18130007,16.02423696,13.32611082,16.58157275,14.13177481,16.18515678,18.03837278,21.07949687,2.490863989,69.57358456,70.56310587,92.81027464,24.6398787,1000000000
1427,19.47915458,18.18130007,16.02423696,13.32611082,16.58157275,14.13177481,16.18515678,18.03837278,21.07949687,2.490863989,69.57358456,70.56310587,92.81027464,24.6398787,1000000000
1428,19.47915458,18.18130007,16.02423696,13.32611082,16.58157275,14.13177481,16.18515678,18.03837278,21.07949687,2.490863989,69.57358456,70.56310587,92.81027464,24.6398787,1000000000
1429,19.47915458,18.18130007,16.02423696,13.32611082,16.58157275,14.13177481,16.18515678,18.03837278,21.07949687,2.490863989,69.57358456,70.56310587,92.81027464,24.6398787,1000000000
1430,19.47915458,18.18130007,16.02423696,13.32611082,16.58157275,14.13177481,16.18515678,18.03837278,21.07949687,2.490863989,69.57358456,70.56310587,92.81027464,24.6398787,1000000000
1431,19.47915458,18.18130007,16.02423696,13.32611082,16.58157275,14.13177481,16.18515678,18.03837278,21.07949687,2.490863989,69.57358456,70.56310587,92.81027464,24.6398787,1000000000
1432,19.47915458,18.18130007,16.02423696,13.32611082,16.58157275,14.13177481,16.18515678,18.03837278,21.07949687,2.490863989,69.57358456,70.56310587,92.81027464,24.6398787,1000000000
1433,19.47915458,18.18130007,16.02423696,13.32611082,16.58157275,14.13177481,16.18515678,18.03837278,21.07949687,2.490863989,69.57358456,70.56310587,92.81027464,24.6398787,1000000000
1434,19.47915458,18.18130007,16.02423696,13.32611082,16.58157275,14.13177481,16.18515678,18.03837278,21.07949687,2.490863989,69.57358456,70.56310587,92.81027464,24.6398787,1000000000
1435,19.47915458,18.18130007,16.02423696,13.32611082,16.58157275,14.13177481,16.18515678,18.03837278,21.07949687,2.490863989,69.57358456,70.56310587,92.81027464,24.6398787,1000000000
1436,19.47915458,18.18130007,16.02423696,13.32611082,16.58157275,14.13177481,16.18515678,18.03837278,21.07949687,2.490863989,69.57358456,70.56310587,92.81027464,24.6398787,1000000000
1437,19.47915458,18.18130007,16.02423696,13.32611082,16.58157275,14.13177481,16.18515678,18.03837278,21.07949687,2.490863989,69.57358456,70.56310587,92.81027464,24.6398787,1000000000
1438,19.47915458,18.18130007,16.02423696,13.32611082,16.58157275,14.13177481,16.18515678,18.03837278,21.07949687,2.490863989,69.57358456,70.56310587,92.81027464,24.6398787,1000000000
1439,19.47915458,18.18130007,16.02423696,13.32611082,16.58157275,14.13177481,16.18515678,18.03837278,21.07949687,2.490863989,69.57358456,70.56310587,92.81027464,24.6398787,1000000000
1440,19.47915458,18.18130007,16.02423696,13.32611082,16.58157275,14.13177481,16.18515678,18.03837278,21.07949687,2.490863989,69.57358456,70.56310587,92.81027464,24.6398787,1000000000
1441,19.47915458,18.18130007,16.02423696,13.32611082,16.58157275,14.13177481,16.18515678,18.03837278,21.07949687,2.490863989,69.57358456,70.56310587,92.81027464,24.6398787,1000000000
1442,19.47915458,18.18130007,16.02423696,13.32611082,16.58157275,14.13177481,16.18515678,18.03837278,21.07949687,2.490863989,69.57358456,70.56310587,92.81027464,24.6398787,1000000000
1443,19.47915458,18.18130007,16.02423696,13.32611082,16.58157275,14.13177481,16.18515678,18.03837278,21.07949687,2.490863989,69.57358456,70.56310587,92.81027464,24.6398787,1000000000
1444,19.47915458,18.18130007,16.02423696,13.32611082,16.58157275,14.13177481,16.18515678,18.03837278,21.07949687,2.490863989,69.57358456,70.56310587,92.81027464,24.6398787,1000000000
1445,19.47915458,18.18130007,16.02423696,13.32611082,16.58157275,14.13177481,16.18515678,18.03837278,21.07949687,2.490863989,69.57358456,70.56310587,92.81027464,24.6398787,1000000000
1446,19.47915458,18.18130007,16.02423696,13.32611082,16.58157275,14.13177481,16.18515678,18.03837278,21.07949687,2.490863989,69.57358456,70.56310587,92.81027464,24.6398787,1000000000
1447,19.47915458,18.18130007,16.02423696,13.32611082,16.58157275,14.13177481,16.18515678,18.03837278,21.07949687,2.490863989,69.57358456,70.56310587,92.81027464,24.6398787,1000000000
1448,19.47915458,18.18130007,16.02423696,13.32611082,16.58157275,14.13177481,16.18515678,18.03837278,21.07949687,2.490863989,69.57358456,70.56310587,92.81027464,24.6398787,1000000000
1449,19.47915458,18.18130007,16.02423696,13.32611082,16.58157275,14.13177481,16.18515678,18.03837278,21.07949687,2.490863989,69.57358456,70.56310587,92.81027464,24.6398787,1000000000
1450,19.47915458,18.18130007,16.02423696,13.32611082,16.58157275,14.13177481,16.18515678,18.03837278,21.07949687,2.490863989,69.57358456,70.56310587,92.81027464,24.6398787,1000000000
1451,19.47915458,18.18130007,16.02423696,13.32611082,16.58157275,14.13177481,16.18515678,18.03837278,21.07949687,2.490863989,69.57358456,70.56310587,92.81027464,24.6398787,1000000000
1452,19.47915458,18.18130007,16.02423696,13.32611082,16.58157275,14.13177481,16.18515678,18.03837278,21.07949687,2.490863989,69.57358456,70.56310587,92.81027464,24.6398787,1000000000
1453,19.47915458,18.18130007,16.02423696,13.32611082,16.58157275,14.13177481,16.18515678,18.03837278,21.07949687,2.490863989,69.57358456,70.56310587,92.81027464,24.6398787,1000000000
1454,19.47915458,18.18130007,16.02423696,13.32611082,16.58157275,14.13177481,16.18515678,18.03837278,21.07949687,2.490863989,69.57358456,70.56310587,92.81027464,24.6398787,1000000000
1455,19.47915458,18.18130007,16.02423696,13.32611082,16.58157275,14.13177481,16.18515678,18.03837278,21.07949687,2.490863989,69.57358456,70.56310587,92.81027464,24.6398787,1000000000
1456,19.47915458,18.18130007,16.02423696,13.32611082,16.58157275,14.13177481,16.18515678,18.03837278,21.07949687,2.490863989,69.57358456,70.56310587,92.81027464,24.6398787,1000000000
1457,19.47915458,18.18130007,16.02423696,13.32611082,16.58157275,14.13177481,16.18515678,18.03837278,21.07949687,2.490863989,69.57358456,70.56310587,92.81027464,24.6398787,1000000000
1458,19.47915458,18.18130007,16.02423696,13.32611082,16.58157275,14.13177481,16.18515678,18.03837278,21.07949687,2.490863989,69.57358456,70.56310587,92.81027464,24.6398787,1000000000
1459,19.47915458,18.18130007,16.02423696,13.32611082,16.58157275,14.13177481,16.18515678,18.03837278,21.07949687,2.490863989,69.57358456,70.56310587,92.81027464,24.6398787,1000000000
1460,19.47915458,18.18130007,16.02423696,13.32611082,16.58157275,14.13177481,16.18515678,18.03837278,21.07949687,2.490863989,69.57358456,70.56310587,92.81027464,24.6398787,1000000000
1461,19.47915458,18.18130007,16.02423696,13.32611082,16.58157275,14.13177481,16.18515678,18.03837278,21.07949687,2.490863989,69.57358456,70.56310587,92.81027464,24.6398787,1000000000
1462,19.47915458,18.18130007,16.02423696,13.32611082,16.58157275,14.13177481,16.18515678,18.03837278,21.07949687,2.490863989,69.57358456,70.56310587,92.81027464,24.6398787,1000000000
1463,19.47915458,18.18130007,16.02423696,13.32611082,16.58157275,14.13177481,16.18515678,18.03837278,21.07949687,2.490863989,69.57358456,70.56310587,92.81027464,24.6398787,1000000000
1464,19.47915458,18.18130007,16.02423696,13.32611082,16.58157275,14.13177481,16.18515678,18.03837278,21.07949687,2.490863989,69.57358456,70.56310587,92.81027464,24.6398787,1000000000
1465,19.47915458,18.18130007,16.02423696,13.32611082,16.58157275,14.13177481,16.18515678,18.03837278,21.07949687,2.490863989,69.57358456,70.56310587,92.81027464,24.6398787,1000000000
1466,19.47915458,18.18130007,16.02423696,13.32611082,16.58157275,14.13177481,16.18515678,18.03837278,21.07949687,2.490863989,69.57358456,70.56310587,92.81027464,24.6398787,1000000000
1467,19.47915458,18.18130007,16.02423696,13.32611082,16.58157275,14.13177481,16.18515678,18.03837278,21.07949687,2.490863989,69.57358456,70.56310587,92.81027464,24.6398787,1000000000
1468,19.47915458,18.18130007,16.02423696,13.32611082,16.58157275,14.13177481,16.18515678,18.03837278,21.07949687,2.490863989,69.57358456,70.56310587,92.81027464,24.6398787,1000000000
1469,19.47915458,18.18130007,16.02423696,13.32611082,16.58157275,14.13177481,16.18515678,18.03837278,21.07949687,2.490863989,69.57358456,70.56310587,92.81027464,24.6398787,1000000000
1470,19.47915458,18.18130007,16.02423696,13.32611082,16.58157275,14.13177481,16.18515678,18.03837278,21.07949687,2.490863989,69.57358456,70.56310587,92.81027464,24.6398787,1000000000
1471,19.47915458,18.18130007,16.02423696,13.32611082,16.58157275,14.13177481,16.18515678,18.03837278,21.07949687,2.490863989,69.57358456,70.56310587,92.81027464,24.6398787,1000000000
1472,19.47915458,18.18130007,16.02423696,13.32611082,16.58157275,14.13177481,16.18515678,18.03837278,21.07949687,2.490863989,69.57358456,70.56310587,92.81027464,24.6398787,1000000000
1473,19.47915458,18.18130007,16.02423696,13.32611082,16.58157275,14.13177481,16.18515678,18.03837278,21.07949687,2.490863989,69.57358456,70.56310587,92.81027464,24.6398787,1000000000
1474,19.47915458,18.18130007,16.02423696,13.32611082,16.58157275,14.13177481,16.18515678,18.03837278,21.07949687,2.490863989,69.57358456,70.56310587,92.81027464,24.6398787,1000000000
1475,19.47915458,18.18130007,16.02423696,13.32611082,16.58157275,14.13177481,16.18515678,18.03837278,21.07949687,2.490863989,69.57358456,70.56310587,92.81027464,24.6398787,1000000000
1476,19.47915458,18.18130007,16.02423696,13.32611082,16.58157275,14.13177481,16.18515678,18.03837278,21.07949687,2.490863989,69.57358456,70.56310587,92.81027464,24.6398787,1000000000
1477,19.47915458,18.18130007,16.02423696,13.32611082,16.58157275,14.13177481,16.18515678,18.03837278,21.07949687,2.490863989,69.57358456,70.56310587,92.81027464,24.6398787,1000000000
1478,19.47915458,18.18130007,16.02423696,13.32611082,16.58157275,14.13177481,16.18515678,18.03837278,21.07949687,2.490863989,69.57358456,70.56310587,92.81027464,24.6398787,1000000000
1479,19.47915458,18.18130007,16.02423696,13.32611082,16.58157275,14.13177481,16.18515678,18.03837278,21.07949687,2.490863989,69.57358456,70.56310587,92.81027464,24.6398787,1000000000
1480,19.47915458,18.18130007,16.02423696,13.32611082,16.58157275,14.13177481,16.18515678,18.03837278,21.07949687,2.490863989,69.57358456,70.56310587,92.81027464,24.6398787,1000000000
1481,19.47915458,18.18130007,16.02423696,13.32611082,16.58157275,14.13177481,16.18515678,18.03837278,21.07949687,2.490863989,69.57358456,70.56310587,92.81027464,24.6398787,1000000000
1482,19.47915458,18.18130007,16.02423696,13.32611082,16.58157275,14.13177481,16.18515678,18.03837278,21.07949687,2.490863989,69.57358456,70.56310587,92.81027464,24.6398787,1000000000
1483,19.47915458,18.18130007,16.02423696,13.32611082,16.58157275,14.13177481,16.18515678,18.03837278,21.07949687,2.490863989,69.57358456,70.56310587,92.81027464,24.6398787,1000000000
1484,19.47915458,18.18130007,16.02423696,13.32611082,16.58157275,14.13177481,16.18515678,18.03837278,21.07949687,2.490863989,69.57358456,70.56310587,92.81027464,24.6398787,1000000000
1485,19.47915458,18.18130007,16.02423696,13.32611082,16.58157275,14.13177481,16.18515678,18.03837278,21.07949687,2.490863989,69.57358456,70.56310587,92.81027464,24.6398787,1000000000
1486,19.47915458,18.18130007,16.02423696,13.32611082,16.58157275,14.13177481,16.18515678,18.03837278,21.07949687,2.490863989,69.57358456,70.56310587,92.81027464,24.6398787,1000000000
1487,19.47915458,18.18130007,16.02423696,13.32611082,16.58157275,14.13177481,16.18515678,18.03837278,21.07949687,2.490863989,69.57358456,70.56310587,92.81027464,24.6398787,1000000000
1488,19.47915458,18.18130007,16.02423696,13.32611082,16.58157275,14.13177481,16.18515678,18.03837278,21.07949687,2.490863989,69.57358456,70.56310587,92.81027464,24.6398787,1000000000
1489,19.47915458,18.18130007,16.02423696,13.32611082,16.58157275,14.13177481,16.18515678,18.03837278,21.07949687,2.490863989,69.57358456,70.56310587,92.81027464,24.6398787,1000000000
1490,19.47915458,18.18130007,16.02423696,13.32611082,16.58157275,14.13177481,16.18515678,18.03837278,21.07949687,2.490863989,69.57358456,70.56310587,92.81027464,24.6398787,1000000000
1491,19.47915458,18.18130007,16.02423696,13.32611082,16.58157275,14.13177481,16.18515678,18.03837278,21.07949687,2.490863989,69.57358456,70.56310587,92.81027464,24.6398787,1000000000
1492,19.47915458,18.18130007,16.02423696,13.32611082,16.58157275,14.13177481,16.18515678,18.03837278,21.07949687,2.490863989,69.57358456,70.56310587,92.81027464,24.6398787,1000000000
1493,19.47915458,18.18130007,16.02423696,13.32611082,16.58157275,14.13177481,16.18515678,18.03837278,21.07949687,2.490863989,69.57358456,70.56310587,92.81027464,24.6398787,1000000000
1494,19.47915458,18.18130007,16.02423696,13.32611082,16.58157275,14.13177481,16.18515678,18.03837278,21.07949687,2.490863989,69.57358456,70.56310587,92.81027464,24.6398787,1000000000
1495,19.47915458,18.18130007,16.02423696,13.32611082,16.58157275,14.13177481,16.18515678,18.03837278,21.07949687,2.490863989,69.57358456,70.56310587,92.81027464,24.6398787,1000000000
1496,19.47915458,18.18130007,16.02423696,13.32611082,16.58157275,14.13177481,16.18515678,18.03837278,21.07949687,2.490863989,69.57358456,70.56310587,92.81027464,24.6398787,1000000000
1497,19.47915458,18.18130007,16.02423696,13.32611082,16.58157275,14.13177481,16.18515678,18.03837278,21.07949687,2.490863989,69.57358456,70.56310587,92.81027464,24.6398787,1000000000
1498,19.47915458,18.18130007,16.02423696,13.32611082,16.58157275,14.13177481,16.18515678,18.03837278,21.07949687,2.490863989,69.57358456,70.56310587,92.81027464,24.6398787,1000000000
1499,19.47915458,18.18130007,16.02423696,13.32611082,16.58157275,14.13177481,16.18515678,18.03837278,21.07949687,2.490863989,69.57358456,70.56310587,92.81027464,24.6398787,1000000000
1500,19.47915458,18.18130007,16.02423696,13.32611082,16.58157275,14.13177481,16.18515678,18.03837278,21.07949687,2.490863989,69.57358456,70.56310587,92.81027464,24.6398787,1000000000
1501,19.47915458,18.18130007,16.02423696,13.32611082,16.58157275,14.13177481,16.18515678,18.03837278,21.07949687,2.490863989,69.57358456,70.56310587,92.81027464,24.6398787,1000000000
1502,19.47915458,18.18130007,16.02423696,13.32611082,16.58157275,14.13177481,16.18515678,18.03837278,21.07949687,2.490863989,69.57358456,70.56310587,92.81027464,24.6398787,1000000000
1503,19.47915458,18.18130007,16.02423696,13.32611082,16.58157275,14.13177481,16.18515678,18.03837278,21.07949687,2.490863989,69.57358456,70.56310587,92.81027464,24.6398787,1000000000
1504,19.47915458,18.18130007,16.02423696,13.32611082,16.58157275,14.13177481,16.18515678,18.03837278,21.07949687,2.490863989,69.57358456,70.56310587,92.81027464,24.6398787,1000000000
1505,19.47915458,18.18130007,16.02423696,13.32611082,16.58157275,14.13177481,16.18515678,18.03837278,21.07949687,2.490863989,69.57358456,70.56310587,92.81027464,24.6398787,1000000000
1506,19.47915458,18.18130007,16.02423696,13.32611082,16.58157275,14.13177481,16.18515678,18.03837278,21.07949687,2.490863989,69.57358456,70.56310587,92.81027464,24.6398787,1000000000
1507,19.47915458,18.18130007,16.02423696,13.32611082,16.58157275,14.13177481,16.18515678,18.03837278,21.07949687,2.490863989,69.57358456,70.56310587,92.81027464,24.6398787,1000000000
1508,19.47915458,18.18130007,16.02423696,13.32611082,16.58157275,14.13177481,16.18515678,18.03837278,21.07949687,2.490863989,69.57358456,70.56310587,92.81027464,24.6398787,1000000000
1509,19.47915458,18.18130007,16.02423696,13.32611082,16.58157275,14.13177481,16.18515678,18.03837278,21.07949687,2.490863989,69.57358456,70.56310587,92.81027464,24.6398787,1000000000
1510,19.47915458,18.18130007,16.02423696,13.32611082,16.58157275,14.13177481,16.18515678,18.03837278,21.07949687,2.490863989,69.57358456,70.56310587,92.81027464,24.6398787,1000000000
1511,19.47915458,18.18130007,16.02423696,13.32611082,16.58157275,14.13177481,16.18515678,18.03837278,21.07949687,2.490863989,69.57358456,70.56310587,92.81027464,24.6398787,1000000000
1512,19.47915458,18.18130007,16.02423696,13.32611082,16.58157275,14.13177481,16.18515678,18.03837278,21.07949687,2.490863989,69.57358456,70.56310587,92.81027464,24.6398787,1000000000
1513,19.47915458,18.18130007,16.02423696,13.32611082,16.58157275,14.13177481,16.18515678,18.03837278,21.07949687,2.490863989,69.57358456,70.56310587,92.81027464,24.6398787,1000000000
1514,19.47915458,18.18130007,16.02423696,13.32611082,16.58157275,14.13177481,16.18515678,18.03837278,21.07949687,2.490863989,69.57358456,70.56310587,92.81027464,24.6398787,1000000000
1515,19.47915458,18.18130007,16.02423696,13.32611082,16.58157275,14.13177481,16.18515678,18.03837278,21.07949687,2.490863989,69.57358456,70.56310587,92.81027464,24.6398787,1000000000
1516,19.47915458,18.18130007,16.02423696,13.32611082,16.58157275,14.13177481,16.18515678,18.03837278,21.07949687,2.490863989,69.57358456,70.56310587,92.81027464,24.6398787,1000000000
1517,19.47915458,18.18130007,16.02423696,13.32611082,16.58157275,14.13177481,16.18515678,18.03837278,21.07949687,2.490863989,69.57358456,70.56310587,92.81027464,24.6398787,1000000000
1518,19.47915458,18.18130007,16.02423696,13.32611082,16.58157275,14.13177481,16.18515678,18.03837278,21.07949687,2.490863989,69.57358456,70.56310587,92.81027464,24.6398787,1000000000
1519,19.47915458,18.18130007,16.02423696,13.32611082,16.58157275,14.13177481,16.18515678,18.03837278,21.07949687,2.490863989,69.57358456,70.56310587,92.81027464,24.6398787,1000000000
1520,19.47915458,18.18130007,16.02423696,13.32611082,16.58157275,14.13177481,16.18515678,18.03837278,21.07949687,2.490863989,69.57358456,70.56310587,92.81027464,24.6398787,1000000000
1521,19.47915458,18.18130007,16.02423696,13.32611082,16.58157275,14.13177481,16.18515678,18.03837278,21.07949687,2.490863989,69.57358456,70.56310587,92.81027464,24.6398787,1000000000
1522,19.47915458,18.18130007,16.02423696,13.32611082,16.58157275,14.13177481,16.18515678,18.03837278,21.07949687,2.490863989,69.57358456,70.56310587,92.81027464,24.6398787,1000000000
1523,19.47915458,18.18130007,16.02423696,13.32611082,16.58157275,14.13177481,16.18515678,18.03837278,21.07949687,2.490863989,69.57358456,70.56310587,92.81027464,24.6398787,1000000000
1524,19.47915458,18.18130007,16.02423696,13.32611082,16.58157275,14.13177481,16.18515678,18.03837278,21.07949687,2.490863989,69.57358456,70.56310587,92.81027464,24.6398787,1000000000
1525,19.47915458,18.18130007,16.02423696,13.32611082,16.58157275,14.13177481,16.18515678,18.03837278,21.07949687,2.490863989,69.57358456,70.56310587,92.81027464,24.6398787,1000000000
1526,19.47915458,18.18130007,16.02423696,13.32611082,16.58157275,14.13177481,16.18515678,18.03837278,21.07949687,2.490863989,69.57358456,70.56310587,92.81027464,24.6398787,1000000000
1527,19.47915458,18.18130007,16.02423696,13.32611082,16.58157275,14.13177481,16.18515678,18.03837278,21.07949687,2.490863989,69.57358456,70.56310587,92.81027464,24.6398787,1000000000
1528,19.47915458,18.18130007,16.02423696,13.32611082,16.58157275,14.13177481,16.18515678,18.03837278,21.07949687,2.490863989,69.57358456,70.56310587,92.81027464,24.6398787,1000000000
1529,19.47915458,18.18130007,16.02423696,13.32611082,16.58157275,14.13177481,16.18515678,18.03837278,21.07949687,2.490863989,69.57358456,70.56310587,92.81027464,24.6398787,1000000000
1530,19.47915458,18.18130007,16.02423696,13.32611082,16.58157275,14.13177481,16.18515678,18.03837278,21.07949687,2.490863989,69.57358456,70.56310587,92.81027464,24.6398787,1000000000
1531,19.47915458,18.18130007,16.02423696,13.32611082,16.58157275,14.13177481,16.18515678,18.03837278,21.07949687,2.490863989,69.57358456,70.56310587,92.81027464,24.6398787,1000000000
1532,19.47915458,18.18130007,16.02423696,13.32611082,16.58157275,14.13177481,16.18515678,18.03837278,21.07949687,2.490863989,69.57358456,70.56310587,92.81027464,24.6398787,1000000000
1533,19.47915458,18.18130007,16.02423696,13.32611082,16.58157275,14.13177481,16.18515678,18.03837278,21.07949687,2.490863989,69.57358456,70.56310587,92.81027464,24.6398787,1000000000
1534,19.47915458,18.18130007,16.02423696,13.32611082,16.58157275,14.13177481,16.18515678,18.03837278,21.07949687,2.490863989,69.57358456,70.56310587,92.81027464,24.6398787,1000000000
1535,19.47915458,18.18130007,16.02423696,13.32611082,16.58157275,14.13177481,16.18515678,18.03837278,21.07949687,2.490863989,69.57358456,70.56310587,92.81027464,24.6398787,1000000000
1536,19.47915458,18.18130007,16.02423696,13.32611082,16.58157275,14.13177481,16.18515678,18.03837278,21.07949687,2.490863989,69.57358456,70.56310587,92.81027464,24.6398787,1000000000
1537,19.47915458,18.18130007,16.02423696,13.32611082,16.58157275,14.13177481,16.18515678,18.03837278,21.07949687,2.490863989,69.57358456,70.56310587,92.81027464,24.6398787,1000000000
1538,19.47915458,18.18130007,16.02423696,13.32611082,16.58157275,14.13177481,16.18515678,18.03837278,21.07949687,2.490863989,69.57358456,70.56310587,92.81027464,24.6398787,1000000000
1539,19.47915458,18.18130007,16.02423696,13.32611082,16.58157275,14.13177481,16.18515678,18.03837278,21.07949687,2.490863989,69.57358456,70.56310587,92.81027464,24.6398787,1000000000
1540,19.47915458,18.18130007,16.02423696,13.32611082,16.58157275,14.13177481,16.18515678,18.03837278,21.07949687,2.490863989,69.57358456,70.56310587,92.81027464,24.6398787,1000000000
1541,19.47915458,18.18130007,16.02423696,13.32611082,16.58157275,14.13177481,16.18515678,18.03837278,21.07949687,2.490863989,69.57358456,70.56310587,92.81027464,24.6398787,1000000000
1542,19.47915458,18.18130007,16.02423696,13.32611082,16.58157275,14.13177481,16.18515678,18.03837278,21.07949687,2.490863989,69.57358456,70.56310587,92.81027464,24.6398787,1000000000
1543,19.47915458,18.18130007,16.02423696,13.32611082,16.58157275,14.13177481,16.18515678,18.03837278,21.07949687,2.490863989,69.57358456,70.56310587,92.81027464,24.6398787,1000000000
1544,19.47915458,18.18130007,16.02423696,13.32611082,16.58157275,14.13177481,16.18515678,18.03837278,21.07949687,2.490863989,69.57358456,70.56310587,92.81027464,24.6398787,1000000000
1545,19.47915458,18.18130007,16.02423696,13.32611082,16.58157275,14.13177481,16.18515678,18.03837278,21.07949687,2.490863989,69.57358456,70.56310587,92.81027464,24.6398787,1000000000
1546,19.47915458,18.18130007,16.02423696,13.32611082,16.58157275,14.13177481,16.18515678,18.03837278,21.07949687,2.490863989,69.57358456,70.56310587,92.81027464,24.6398787,1000000000
1547,19.47915458,18.18130007,16.02423696,13.32611082,16.58157275,14.13177481,16.18515678,18.03837278,21.07949687,2.490863989,69.57358456,70.56310587,92.81027464,24.6398787,1000000000
1548,19.47915458,18.18130007,16.02423696,13.32611082,16.58157275,14.13177481,16.18515678,18.03837278,21.07949687,2.490863989,69.57358456,70.56310587,92.81027464,24.6398787,1000000000
1549,19.47915458,18.18130007,16.02423696,13.32611082,16.58157275,14.13177481,16.18515678,18.03837278,21.07949687,2.490863989,69.57358456,70.56310587,92.81027464,24.6398787,1000000000
1550,19.47915458,18.18130007,16.02423696,13.32611082,16.58157275,14.13177481,16.18515678,18.03837278,21.07949687,2.490863989,69.57358456,70.56310587,92.81027464,24.6398787,1000000000
1551,19.47915458,18.18130007,16.02423696,13.32611082,16.58157275,14.13177481,16.18515678,18.03837278,21.07949687,2.490863989,69.57358456,70.56310587,92.81027464,24.6398787,1000000000
1552,19.47915458,18.18130007,16.02423696,13.32611082,16.58157275,14.13177481,16.18515678,18.03837278,21.07949687,2.490863989,69.57358456,70.56310587,92.81027464,24.6398787,1000000000
1553,19.47915458,18.18130007,16.02423696,13.32611082,16.58157275,14.13177481,16.18515678,18.03837278,21.07949687,2.490863989,69.57358456,70.56310587,92.81027464,24.6398787,1000000000
1554,19.47915458,18.18130007,16.02423696,13.32611082,16.58157275,14.13177481,16.18515678,18.03837278,21.07949687,2.490863989,69.57358456,70.56310587,92.81027464,24.6398787,1000000000
1555,19.47915458,18.18130007,16.02423696,13.32611082,16.58157275,14.13177481,16.18515678,18.03837278,21.07949687,2.490863989,69.57358456,70.56310587,92.81027464,24.6398787,1000000000
1556,19.47915458,18.18130007,16.02423696,13.32611082,16.58157275,14.13177481,16.18515678,18.03837278,21.07949687,2.490863989,69.57358456,70.56310587,92.81027464,24.6398787,1000000000
1557,19.47915458,18.18130007,16.02423696,13.32611082,16.58157275,14.13177481,16.18515678,18.03837278,21.07949687,2.490863989,69.57358456,70.56310587,92.81027464,24.6398787,1000000000
1558,19.47915458,18.18130007,16.02423696,13.32611082,16.58157275,14.13177481,16.18515678,18.03837278,21.07949687,2.490863989,69.57358456,70.56310587,92.81027464,24.6398787,1000000000
1559,19.47915458,18.18130007,16.02423696,13.32611082,16.58157275,14.13177481,16.18515678,18.03837278,21.07949687,2.490863989,69.57358456,70.56310587,92.81027464,24.6398787,1000000000
1560,19.47915458,18.18130007,16.02423696,13.32611082,16.58157275,14.13177481,16.18515678,18.03837278,21.07949687,2.490863989,69.57358456,70.56310587,92.81027464,24.6398787,1000000000
1561,19.47915458,18.18130007,16.02423696,13.32611082,16.58157275,14.13177481,16.18515678,18.03837278,21.07949687,2.490863989,69.57358456,70.56310587,92.81027464,24.6398787,1000000000
1562,19.47915458,18.18130007,16.02423696,13.32611082,16.58157275,14.13177481,16.18515678,18.03837278,21.07949687,2.490863989,69.57358456,70.56310587,92.81027464,24.6398787,1000000000
1563,19.47915458,18.18130007,16.02423696,13.32611082,16.58157275,14.13177481,16.18515678,18.03837278,21.07949687,2.490863989,69.57358456,70.56310587,92.81027464,24.6398787,1000000000
1564,19.47915458,18.18130007,16.02423696,13.32611082,16.58157275,14.13177481,16.18515678,18.03837278,21.07949687,2.490863989,69.57358456,70.56310587,92.81027464,24.6398787,1000000000
1565,19.47915458,18.18130007,16.02423696,13.32611082,16.58157275,14.13177481,16.18515678,18.03837278,21.07949687,2.490863989,69.57358456,70.56310587,92.81027464,24.6398787,1000000000
1566,19.47915458,18.18130007,16.02423696,13.32611082,16.58157275,14.13177481,16.18515678,18.03837278,21.07949687,2.490863989,69.57358456,70.56310587,92.81027464,24.6398787,1000000000
1567,19.47915458,18.18130007,16.02423696,13.32611082,16.58157275,14.13177481,16.18515678,18.03837278,21.07949687,2.490863989,69.57358456,70.56310587,92.81027464,24.6398787,1000000000
1568,19.47915458,18.18130007,16.02423696,13.32611082,16.58157275,14.13177481,16.18515678,18.03837278,21.07949687,2.490863989,69.57358456,70.56310587,92.81027464,24.6398787,1000000000
1569,19.47915458,18.18130007,16.02423696,13.32611082,16.58157275,14.13177481,16.18515678,18.03837278,21.07949687,2.490863989,69.57358456,70.56310587,92.81027464,24.6398787,1000000000
1570,19.47915458,18.18130007,16.02423696,13.32611082,16.58157275,14.13177481,16.18515678,18.03837278,21.07949687,2.490863989,69.57358456,70.56310587,92.81027464,24.6398787,1000000000
1571,19.47915458,18.18130007,16.02423696,13.32611082,16.58157275,14.13177481,16.18515678,18.03837278,21.07949687,2.490863989,69.57358456,70.56310587,92.81027464,24.6398787,1000000000
1572,19.47915458,18.18130007,16.02423696,13.32611082,16.58157275,14.13177481,16.18515678,18.03837278,21.07949687,2.490863989,69.57358456,70.56310587,92.81027464,24.6398787,1000000000
1573,19.47915458,18.18130007,16.02423696,13.32611082,16.58157275,14.13177481,16.18515678,18.03837278,21.07949687,2.490863989,69.57358456,70.56310587,92.81027464,24.6398787,1000000000
1574,19.47915458,18.18130007,16.02423696,13.32611082,16.58157275,14.13177481,16.18515678,18.03837278,21.07949687,2.490863989,69.57358456,70.56310587,92.81027464,24.6398787,1000000000
1575,19.47915458,18.18130007,16.02423696,13.32611082,16.58157275,14.13177481,16.18515678,18.03837278,21.07949687,2.490863989,69.57358456,70.56310587,92.81027464,24.6398787,1000000000
1576,19.47915458,18.18130007,16.02423696,13.32611082,16.58157275,14.13177481,16.18515678,18.03837278,21.07949687,2.490863989,69.57358456,70.56310587,92.81027464,24.6398787,1000000000
1577,19.47915458,18.18130007,16.02423696,13.32611082,16.58157275,14.13177481,16.18515678,18.03837278,21.07949687,2.490863989,69.57358456,70.56310587,92.81027464,24.6398787,1000000000
1578,19.47915458,18.18130007,16.02423696,13.32611082,16.58157275,14.13177481,16.18515678,18.03837278,21.07949687,2.490863989,69.57358456,70.56310587,92.81027464,24.6398787,1000000000
1579,19.47915458,18.18130007,16.02423696,13.32611082,16.58157275,14.13177481,16.18515678,18.03837278,21.07949687,2.490863989,69.57358456,70.56310587,92.81027464,24.6398787,1000000000
1580,19.47915458,18.18130007,16.02423696,13.32611082,16.58157275,14.13177481,16.18515678,18.03837278,21.07949687,2.490863989,69.57358456,70.56310587,92.81027464,24.6398787,1000000000
1581,19.47915458,18.18130007,16.02423696,13.32611082,16.58157275,14.13177481,16.18515678,18.03837278,21.07949687,2.490863989,69.57358456,70.56310587,92.81027464,24.6398787,1000000000
1582,19.47915458,18.18130007,16.02423696,13.32611082,16.58157275,14.13177481,16.18515678,18.03837278,21.07949687,2.490863989,69.57358456,70.56310587,92.81027464,24.6398787,1000000000
1583,19.47915458,18.18130007,16.02423696,13.32611082,16.58157275,14.13177481,16.18515678,18.03837278,21.07949687,2.490863989,69.57358456,70.56310587,92.81027464,24.6398787,1000000000
1584,19.47915458,18.18130007,16.02423696,13.32611082,16.58157275,14.13177481,16.18515678,18.03837278,21.07949687,2.490863989,69.57358456,70.56310587,92.81027464,24.6398787,1000000000
1585,19.47915458,18.18130007,16.02423696,13.32611082,16.58157275,14.13177481,16.18515678,18.03837278,21.07949687,2.490863989,69.57358456,70.56310587,92.81027464,24.6398787,1000000000
1586,19.47915458,18.18130007,16.02423696,13.32611082,16.58157275,14.13177481,16.18515678,18.03837278,21.07949687,2.490863989,69.57358456,70.56310587,92.81027464,24.6398787,1000000000
1587,19.47915458,18.18130007,16.02423696,13.32611082,16.58157275,14.13177481,16.18515678,18.03837278,21.07949687,2.490863989,69.57358456,70.56310587,92.81027464,24.6398787,1000000000
1588,19.47915458,18.18130007,16.02423696,13.32611082,16.58157275,14.13177481,16.18515678,18.03837278,21.07949687,2.490863989,69.57358456,70.56310587,92.81027464,24.6398787,1000000000
1589,19.47915458,18.18130007,16.02423696,13.32611082,16.58157275,14.13177481,16.18515678,18.03837278,21.07949687,2.490863989,69.57358456,70.56310587,92.81027464,24.6398787,1000000000
1590,19.47915458,18.18130007,16.02423696,13.32611082,16.58157275,14.13177481,16.18515678,18.03837278,21.07949687,2.490863989,69.57358456,70.56310587,92.81027464,24.6398787,1000000000
1591,19.47915458,18.18130007,16.02423696,13.32611082,16.58157275,14.13177481,16.18515678,18.03837278,21.07949687,2.490863989,69.57358456,70.56310587,92.81027464,24.6398787,1000000000
1592,19.47915458,18.18130007,16.02423696,13.32611082,16.58157275,14.13177481,16.18515678,18.03837278,21.07949687,2.490863989,69.57358456,70.56310587,92.81027464,24.6398787,1000000000
1593,19.47915458,18.18130007,16.02423696,13.32611082,16.58157275,14.13177481,16.18515678,18.03837278,21.07949687,2.490863989,69.57358456,70.56310587,92.81027464,24.6398787,1000000000
1594,19.47915458,18.18130007,16.02423696,13.32611082,16.58157275,14.13177481,16.18515678,18.03837278,21.07949687,2.490863989,69.57358456,70.56310587,92.81027464,24.6398787,1000000000
1595,19.47915458,18.18130007,16.02423696,13.32611082,16.58157275,14.13177481,16.18515678,18.03837278,21.07949687,2.490863989,69.57358456,70.56310587,92.81027464,24.6398787,1000000000
1596,19.47915458,18.18130007,16.02423696,13.32611082,16.58157275,14.13177481,16.18515678,18.03837278,21.07949687,2.490863989,69.57358456,70.56310587,92.81027464,24.6398787,1000000000
1597,19.47915458,18.18130007,16.02423696,13.32611082,16.58157275,14.13177481,16.18515678,18.03837278,21.07949687,2.490863989,69.57358456,70.56310587,92.81027464,24.6398787,1000000000
1598,19.47915458,18.18130007,16.02423696,13.32611082,16.58157275,14.13177481,16.18515678,18.03837278,21.07949687,2.490863989,69.57358456,70.56310587,92.81027464,24.6398787,1000000000
1599,19.47915458,18.18130007,16.02423696,13.32611082,16.58157275,14.13177481,16.18515678,18.03837278,21.07949687,2.490863989,69.57358456,70.56310587,92.81027464,24.6398787,1000000000
1600,19.47915458,18.18130007,16.02423696,13.32611082,16.58157275,14.13177481,16.18515678,18.03837278,21.07949687,2.490863989,69.57358456,70.56310587,92.81027464,24.6398787,1000000000
1601,19.47915458,18.18130007,16.02423696,13.32611082,16.58157275,14.13177481,16.18515678,18.03837278,21.07949687,2.490863989,69.57358456,70.56310587,92.81027464,24.6398787,1000000000
1602,19.47915458,18.18130007,16.02423696,13.32611082,16.58157275,14.13177481,16.18515678,18.03837278,21.07949687,2.490863989,69.57358456,70.56310587,92.81027464,24.6398787,1000000000
1603,19.47915458,18.18130007,16.02423696,13.32611082,16.58157275,14.13177481,16.18515678,18.03837278,21.07949687,2.490863989,69.57358456,70.56310587,92.81027464,24.6398787,1000000000
1604,19.47915458,18.18130007,16.02423696,13.32611082,16.58157275,14.13177481,16.18515678,18.03837278,21.07949687,2.490863989,69.57358456,70.56310587,92.81027464,24.6398787,1000000000
1605,19.47915458,18.18130007,16.02423696,13.32611082,16.58157275,14.13177481,16.18515678,18.03837278,21.07949687,2.490863989,69.57358456,70.56310587,92.81027464,24.6398787,1000000000
1606,19.47915458,18.18130007,16.02423696,13.32611082,16.58157275,14.13177481,16.18515678,18.03837278,21.07949687,2.490863989,69.57358456,70.56310587,92.81027464,24.6398787,1000000000
1607,19.47915458,18.18130007,16.02423696,13.32611082,16.58157275,14.13177481,16.18515678,18.03837278,21.07949687,2.490863989,69.57358456,70.56310587,92.81027464,24.6398787,1000000000
1608,19.47915458,18.18130007,16.02423696,13.32611082,16.58157275,14.13177481,16.18515678,18.03837278,21.07949687,2.490863989,69.57358456,70.56310587,92.81027464,24.6398787,1000000000
1609,19.47915458,18.18130007,16.02423696,13.32611082,16.58157275,14.13177481,16.18515678,18.03837278,21.07949687,2.490863989,69.57358456,70.56310587,92.81027464,24.6398787,1000000000
1610,19.47915458,18.18130007,16.02423696,13.32611082,16.58157275,14.13177481,16.18515678,18.03837278,21.07949687,2.490863989,69.57358456,70.56310587,92.81027464,24.6398787,1000000000
1611,19.47915458,18.18130007,16.02423696,13.32611082,16.58157275,14.13177481,16.18515678,18.03837278,21.07949687,2.490863989,69.57358456,70.56310587,92.81027464,24.6398787,1000000000
1612,19.47915458,18.18130007,16.02423696,13.32611082,16.58157275,14.13177481,16.18515678,18.03837278,21.07949687,2.490863989,69.57358456,70.56310587,92.81027464,24.6398787,1000000000
1613,19.47915458,18.18130007,16.02423696,13.32611082,16.58157275,14.13177481,16.18515678,18.03837278,21.07949687,2.490863989,69.57358456,70.56310587,92.81027464,24.6398787,1000000000
1614,19.47915458,18.18130007,16.02423696,13.32611082,16.58157275,14.13177481,16.18515678,18.03837278,21.07949687,2.490863989,69.57358456,70.56310587,92.81027464,24.6398787,1000000000
1615,19.47915458,18.18130007,16.02423696,13.32611082,16.58157275,14.13177481,16.18515678,18.03837278,21.07949687,2.490863989,69.57358456,70.56310587,92.81027464,24.6398787,1000000000
1616,19.47915458,18.18130007,16.02423696,13.32611082,16.58157275,14.13177481,16.18515678,18.03837278,21.07949687,2.490863989,69.57358456,70.56310587,92.81027464,24.6398787,1000000000
1617,19.47915458,18.18130007,16.02423696,13.32611082,16.58157275,14.13177481,16.18515678,18.03837278,21.07949687,2.490863989,69.57358456,70.56310587,92.81027464,24.6398787,1000000000
1618,19.47915458,18.18130007,16.02423696,13.32611082,16.58157275,14.13177481,16.18515678,18.03837278,21.07949687,2.490863989,69.57358456,70.56310587,92.81027464,24.6398787,1000000000
1619,19.47915458,18.18130007,16.02423696,13.32611082,16.58157275,14.13177481,16.18515678,18.03837278,21.07949687,2.490863989,69.57358456,70.56310587,92.81027464,24.6398787,1000000000
1620,19.47915458,18.18130007,16.02423696,13.32611082,16.58157275,14.13177481,16.18515678,18.03837278,21.07949687,2.490863989,69.57358456,70.56310587,92.81027464,24.6398787,1000000000
1621,19.47915458,18.18130007,16.02423696,13.32611082,16.58157275,14.13177481,16.18515678,18.03837278,21.07949687,2.490863989,69.57358456,70.56310587,92.81027464,24.6398787,1000000000
1622,19.47915458,18.18130007,16.02423696,13.32611082,16.58157275,14.13177481,16.18515678,18.03837278,21.07949687,2.490863989,69.57358456,70.56310587,92.81027464,24.6398787,1000000000
1623,19.47915458,18.18130007,16.02423696,13.32611082,16.58157275,14.13177481,16.18515678,18.03837278,21.07949687,2.490863989,69.57358456,70.56310587,92.81027464,24.6398787,1000000000
1624,19.47915458,18.18130007,16.02423696,13.32611082,16.58157275,14.13177481,16.18515678,18.03837278,21.07949687,2.490863989,69.57358456,70.56310587,92.81027464,24.6398787,1000000000
1625,19.47915458,18.18130007,16.02423696,13.32611082,16.58157275,14.13177481,16.18515678,18.03837278,21.07949687,2.490863989,69.57358456,70.56310587,92.81027464,24.6398787,1000000000
1626,19.47915458,18.18130007,16.02423696,13.32611082,16.58157275,14.13177481,16.18515678,18.03837278,21.07949687,2.490863989,69.57358456,70.56310587,92.81027464,24.6398787,1000000000
1627,19.47915458,18.18130007,16.02423696,13.32611082,16.58157275,14.13177481,16.18515678,18.03837278,21.07949687,2.490863989,69.57358456,70.56310587,92.81027464,24.6398787,1000000000
1628,19.47915458,18.18130007,16.02423696,13.32611082,16.58157275,14.13177481,16.18515678,18.03837278,21.07949687,2.490863989,69.57358456,70.56310587,92.81027464,24.6398787,1000000000
1629,19.47915458,18.18130007,16.02423696,13.32611082,16.58157275,14.13177481,16.18515678,18.03837278,21.07949687,2.490863989,69.57358456,70.56310587,92.81027464,24.6398787,1000000000
1630,19.47915458,18.18130007,16.02423696,13.32611082,16.58157275,14.13177481,16.18515678,18.03837278,21.07949687,2.490863989,69.57358456,70.56310587,92.81027464,24.6398787,1000000000
1631,19.47915458,18.18130007,16.02423696,13.32611082,16.58157275,14.13177481,16.18515678,18.03837278,21.07949687,2.490863989,69.57358456,70.56310587,92.81027464,24.6398787,1000000000
1632,19.47915458,18.18130007,16.02423696,13.32611082,16.58157275,14.13177481,16.18515678,18.03837278,21.07949687,2.490863989,69.57358456,70.56310587,92.81027464,24.6398787,1000000000
1633,19.47915458,18.18130007,16.02423696,13.32611082,16.58157275,14.13177481,16.18515678,18.03837278,21.07949687,2.490863989,69.57358456,70.56310587,92.81027464,24.6398787,1000000000
1634,19.47915458,18.18130007,16.02423696,13.32611082,16.58157275,14.13177481,16.18515678,18.03837278,21.07949687,2.490863989,69.57358456,70.56310587,92.81027464,24.6398787,1000000000
1635,19.47915458,18.18130007,16.02423696,13.32611082,16.58157275,14.13177481,16.18515678,18.03837278,21.07949687,2.490863989,69.57358456,70.56310587,92.81027464,24.6398787,1000000000
1636,19.47915458,18.18130007,16.02423696,13.32611082,16.58157275,14.13177481,16.18515678,18.03837278,21.07949687,2.490863989,69.57358456,70.56310587,92.81027464,24.6398787,1000000000
1637,19.47915458,18.18130007,16.02423696,13.32611082,16.58157275,14.13177481,16.18515678,18.03837278,21.07949687,2.490863989,69.57358456,70.56310587,92.81027464,24.6398787,1000000000
1638,19.47915458,18.18130007,16.02423696,13.32611082,16.58157275,14.13177481,16.18515678,18.03837278,21.07949687,2.490863989,69.57358456,70.56310587,92.81027464,24.6398787,1000000000
1639,19.47915458,18.18130007,16.02423696,13.32611082,16.58157275,14.13177481,16.18515678,18.03837278,21.07949687,2.490863989,69.57358456,70.56310587,92.81027464,24.6398787,1000000000
1640,19.47915458,18.18130007,16.02423696,13.32611082,16.58157275,14.13177481,16.18515678,18.03837278,21.07949687,2.490863989,69.57358456,70.56310587,92.81027464,24.6398787,1000000000
1641,19.47915458,18.18130007,16.02423696,13.32611082,16.58157275,14.13177481,16.18515678,18.03837278,21.07949687,2.490863989,69.57358456,70.56310587,92.81027464,24.6398787,1000000000
1642,19.47915458,18.18130007,16.02423696,13.32611082,16.58157275,14.13177481,16.18515678,18.03837278,21.07949687,2.490863989,69.57358456,70.56310587,92.81027464,24.6398787,1000000000
1643,19.47915458,18.18130007,16.02423696,13.32611082,16.58157275,14.13177481,16.18515678,18.03837278,21.07949687,2.490863989,69.57358456,70.56310587,92.81027464,24.6398787,1000000000
1644,19.47915458,18.18130007,16.02423696,13.32611082,16.58157275,14.13177481,16.18515678,18.03837278,21.07949687,2.490863989,69.57358456,70.56310587,92.81027464,24.6398787,1000000000
1645,19.47915458,18.18130007,16.02423696,13.32611082,16.58157275,14.13177481,16.18515678,18.03837278,21.07949687,2.490863989,69.57358456,70.56310587,92.81027464,24.6398787,1000000000
1646,19.47915458,18.18130007,16.02423696,13.32611082,16.58157275,14.13177481,16.18515678,18.03837278,21.07949687,2.490863989,69.57358456,70.56310587,92.81027464,24.6398787,1000000000
1647,19.47915458,18.18130007,16.02423696,13.32611082,16.58157275,14.13177481,16.18515678,18.03837278,21.07949687,2.490863989,69.57358456,70.56310587,92.81027464,24.6398787,1000000000
1648,19.47915458,18.18130007,16.02423696,13.32611082,16.58157275,14.13177481,16.18515678,18.03837278,21.07949687,2.490863989,69.57358456,70.56310587,92.81027464,24.6398787,1000000000
1649,19.47915458,18.18130007,16.02423696,13.32611082,16.58157275,14.13177481,16.18515678,18.03837278,21.07949687,2.490863989,69.57358456,70.56310587,92.81027464,24.6398787,1000000000
1650,19.47915458,18.18130007,16.02423696,13.32611082,16.58157275,14.13177481,16.18515678,18.03837278,21.07949687,2.490863989,69.57358456,70.56310587,92.81027464,24.6398787,1000000000
1651,19.47915458,18.18130007,16.02423696,13.32611082,16.58157275,14.13177481,16.18515678,18.03837278,21.07949687,2.490863989,69.57358456,70.56310587,92.81027464,24.6398787,1000000000
1652,19.47915458,18.18130007,16.02423696,13.32611082,16.58157275,14.13177481,16.18515678,18.03837278,21.07949687,2.490863989,69.57358456,70.56310587,92.81027464,24.6398787,1000000000
1653,19.47915458,18.18130007,16.02423696,13.32611082,16.58157275,14.13177481,16.18515678,18.03837278,21.07949687,2.490863989,69.57358456,70.56310587,92.81027464,24.6398787,1000000000
1654,19.47915458,18.18130007,16.02423696,13.32611082,16.58157275,14.13177481,16.18515678,18.03837278,21.07949687,2.490863989,69.57358456,70.56310587,92.81027464,24.6398787,1000000000
1655,19.47915458,18.18130007,16.02423696,13.32611082,16.58157275,14.13177481,16.18515678,18.03837278,21.07949687,2.490863989,69.57358456,70.56310587,92.81027464,24.6398787,1000000000
1656,19.47915458,18.18130007,16.02423696,13.32611082,16.58157275,14.13177481,16.18515678,18.03837278,21.07949687,2.490863989,69.57358456,70.56310587,92.81027464,24.6398787,1000000000
1657,19.47915458,18.18130007,16.02423696,13.32611082,16.58157275,14.13177481,16.18515678,18.03837278,21.07949687,2.490863989,69.57358456,70.56310587,92.81027464,24.6398787,1000000000
1658,19.47915458,18.18130007,16.02423696,13.32611082,16.58157275,14.13177481,16.18515678,18.03837278,21.07949687,2.490863989,69.57358456,70.56310587,92.81027464,24.6398787,1000000000
1659,19.47915458,18.18130007,16.02423696,13.32611082,16.58157275,14.13177481,16.18515678,18.03837278,21.07949687,2.490863989,69.57358456,70.56310587,92.81027464,24.6398787,1000000000
1660,19.47915458,18.18130007,16.02423696,13.32611082,16.58157275,14.13177481,16.18515678,18.03837278,21.07949687,2.490863989,69.57358456,70.56310587,92.81027464,24.6398787,1000000000
1661,19.47915458,18.18130007,16.02423696,13.32611082,16.58157275,14.13177481,16.18515678,18.03837278,21.07949687,2.490863989,69.57358456,70.56310587,92.81027464,24.6398787,1000000000
1662,19.47915458,18.18130007,16.02423696,13.32611082,16.58157275,14.13177481,16.18515678,18.03837278,21.07949687,2.490863989,69.57358456,70.56310587,92.81027464,24.6398787,1000000000
1663,19.47915458,18.18130007,16.02423696,13.32611082,16.58157275,14.13177481,16.18515678,18.03837278,21.07949687,2.490863989,69.57358456,70.56310587,92.81027464,24.6398787,1000000000
1664,19.47915458,18.18130007,16.02423696,13.32611082,16.58157275,14.13177481,16.18515678,18.03837278,21.07949687,2.490863989,69.57358456,70.56310587,92.81027464,24.6398787,1000000000
1665,19.47915458,18.18130007,16.02423696,13.32611082,16.58157275,14.13177481,16.18515678,18.03837278,21.07949687,2.490863989,69.57358456,70.56310587,92.81027464,24.6398787,1000000000
1666,19.47915458,18.18130007,16.02423696,13.32611082,16.58157275,14.13177481,16.18515678,18.03837278,21.07949687,2.490863989,69.57358456,70.56310587,92.81027464,24.6398787,1000000000
1667,19.47915458,18.18130007,16.02423696,13.32611082,16.58157275,14.13177481,16.18515678,18.03837278,21.07949687,2.490863989,69.57358456,70.56310587,92.81027464,24.6398787,1000000000
1668,19.47915458,18.18130007,16.02423696,13.32611082,16.58157275,14.13177481,16.18515678,18.03837278,21.07949687,2.490863989,69.57358456,70.56310587,92.81027464,24.6398787,1000000000
1669,19.47915458,18.18130007,16.02423696,13.32611082,16.58157275,14.13177481,16.18515678,18.03837278,21.07949687,2.490863989,69.57358456,70.56310587,92.81027464,24.6398787,1000000000
1670,19.47915458,18.18130007,16.02423696,13.32611082,16.58157275,14.13177481,16.18515678,18.03837278,21.07949687,2.490863989,69.57358456,70.56310587,92.81027464,24.6398787,1000000000
1671,19.47915458,18.18130007,16.02423696,13.32611082,16.58157275,14.13177481,16.18515678,18.03837278,21.07949687,2.490863989,69.57358456,70.56310587,92.81027464,24.6398787,1000000000
1672,19.47915458,18.18130007,16.02423696,13.32611082,16.58157275,14.13177481,16.18515678,18.03837278,21.07949687,2.490863989,69.57358456,70.56310587,92.81027464,24.6398787,1000000000
1673,19.47915458,18.18130007,16.02423696,13.32611082,16.58157275,14.13177481,16.18515678,18.03837278,21.07949687,2.490863989,69.57358456,70.56310587,92.81027464,24.6398787,1000000000
1674,19.47915458,18.18130007,16.02423696,13.32611082,16.58157275,14.13177481,16.18515678,18.03837278,21.07949687,2.490863989,69.57358456,70.56310587,92.81027464,24.6398787,1000000000
1675,19.47915458,18.18130007,16.02423696,13.32611082,16.58157275,14.13177481,16.18515678,18.03837278,21.07949687,2.490863989,69.57358456,70.56310587,92.81027464,24.6398787,1000000000
1676,19.47915458,18.18130007,16.02423696,13.32611082,16.58157275,14.13177481,16.18515678,18.03837278,21.07949687,2.490863989,69.57358456,70.56310587,92.81027464,24.6398787,1000000000
1677,19.47915458,18.18130007,16.02423696,13.32611082,16.58157275,14.13177481,16.18515678,18.03837278,21.07949687,2.490863989,69.57358456,70.56310587,92.81027464,24.6398787,1000000000
1678,19.47915458,18.18130007,16.02423696,13.32611082,16.58157275,14.13177481,16.18515678,18.03837278,21.07949687,2.490863989,69.57358456,70.56310587,92.81027464,24.6398787,1000000000
1679,19.47915458,18.18130007,16.02423696,13.32611082,16.58157275,14.13177481,16.18515678,18.03837278,21.07949687,2.490863989,69.57358456,70.56310587,92.81027464,24.6398787,1000000000
1680,19.47915458,18.18130007,16.02423696,13.32611082,16.58157275,14.13177481,16.18515678,18.03837278,21.07949687,2.490863989,69.57358456,70.56310587,92.81027464,24.6398787,1000000000
1681,19.47915458,18.18130007,16.02423696,13.32611082,16.58157275,14.13177481,16.18515678,18.03837278,21.07949687,2.490863989,69.57358456,70.56310587,92.81027464,24.6398787,1000000000
1682,19.47915458,18.18130007,16.02423696,13.32611082,16.58157275,14.13177481,16.18515678,18.03837278,21.07949687,2.490863989,69.57358456,70.56310587,92.81027464,24.6398787,1000000000
1683,19.47915458,18.18130007,16.02423696,13.32611082,16.58157275,14.13177481,16.18515678,18.03837278,21.07949687,2.490863989,69.57358456,70.56310587,92.81027464,24.6398787,1000000000
1684,19.47915458,18.18130007,16.02423696,13.32611082,16.58157275,14.13177481,16.18515678,18.03837278,21.07949687,2.490863989,69.57358456,70.56310587,92.81027464,24.6398787,1000000000
1685,19.47915458,18.18130007,16.02423696,13.32611082,16.58157275,14.13177481,16.18515678,18.03837278,21.07949687,2.490863989,69.57358456,70.56310587,92.81027464,24.6398787,1000000000
1686,19.47915458,18.18130007,16.02423696,13.32611082,16.58157275,14.13177481,16.18515678,18.03837278,21.07949687,2.490863989,69.57358456,70.56310587,92.81027464,24.6398787,1000000000
1687,19.47915458,18.18130007,16.02423696,13.32611082,16.58157275,14.13177481,16.18515678,18.03837278,21.07949687,2.490863989,69.57358456,70.56310587,92.81027464,24.6398787,1000000000
1688,19.47915458,18.18130007,16.02423696,13.32611082,16.58157275,14.13177481,16.18515678,18.03837278,21.07949687,2.490863989,69.57358456,70.56310587,92.81027464,24.6398787,1000000000
1689,19.47915458,18.18130007,16.02423696,13.32611082,16.58157275,14.13177481,16.18515678,18.03837278,21.07949687,2.490863989,69.57358456,70.56310587,92.81027464,24.6398787,1000000000
1690,19.47915458,18.18130007,16.02423696,13.32611082,16.58157275,14.13177481,16.18515678,18.03837278,21.07949687,2.490863989,69.57358456,70.56310587,92.81027464,24.6398787,1000000000
1691,19.47915458,18.18130007,16.02423696,13.32611082,16.58157275,14.13177481,16.18515678,18.03837278,21.07949687,2.490863989,69.57358456,70.56310587,92.81027464,24.6398787,1000000000
1692,19.47915458,18.18130007,16.02423696,13.32611082,16.58157275,14.13177481,16.18515678,18.03837278,21.07949687,2.490863989,69.57358456,70.56310587,92.81027464,24.6398787,1000000000
1693,19.47915458,18.18130007,16.02423696,13.32611082,16.58157275,14.13177481,16.18515678,18.03837278,21.07949687,2.490863989,69.57358456,70.56310587,92.81027464,24.6398787,1000000000
1694,19.47915458,18.18130007,16.02423696,13.32611082,16.58157275,14.13177481,16.18515678,18.03837278,21.07949687,2.490863989,69.57358456,70.56310587,92.81027464,24.6398787,1000000000
1695,19.47915458,18.18130007,16.02423696,13.32611082,16.58157275,14.13177481,16.18515678,18.03837278,21.07949687,2.490863989,69.57358456,70.56310587,92.81027464,24.6398787,1000000000
1696,19.47915458,18.18130007,16.02423696,13.32611082,16.58157275,14.13177481,16.18515678,18.03837278,21.07949687,2.490863989,69.57358456,70.56310587,92.81027464,24.6398787,1000000000
1697,19.47915458,18.18130007,16.02423696,13.32611082,16.58157275,14.13177481,16.18515678,18.03837278,21.07949687,2.490863989,69.57358456,70.56310587,92.81027464,24.6398787,1000000000
1698,19.47915458,18.18130007,16.02423696,13.32611082,16.58157275,14.13177481,16.18515678,18.03837278,21.07949687,2.490863989,69.57358456,70.56310587,92.81027464,24.6398787,1000000000
1699,19.47915458,18.18130007,16.02423696,13.32611082,16.58157275,14.13177481,16.18515678,18.03837278,21.07949687,2.490863989,69.57358456,70.56310587,92.81027464,24.6398787,1000000000
1700,19.47915458,18.18130007,16.02423696,13.32611082,16.58157275,14.13177481,16.18515678,18.03837278,21.07949687,2.490863989,69.57358456,70.56310587,92.81027464,24.6398787,1000000000
1701,19.47915458,18.18130007,16.02423696,13.32611082,16.58157275,14.13177481,16.18515678,18.03837278,21.07949687,2.490863989,69.57358456,70.56310587,92.81027464,24.6398787,1000000000
1702,19.47915458,18.18130007,16.02423696,13.32611082,16.58157275,14.13177481,16.18515678,18.03837278,21.07949687,2.490863989,69.57358456,70.56310587,92.81027464,24.6398787,1000000000
1703,19.47915458,18.18130007,16.02423696,13.32611082,16.58157275,14.13177481,16.18515678,18.03837278,21.07949687,2.490863989,69.57358456,70.56310587,92.81027464,24.6398787,1000000000
1704,19.47915458,18.18130007,16.02423696,13.32611082,16.58157275,14.13177481,16.18515678,18.03837278,21.07949687,2.490863989,69.57358456,70.56310587,92.81027464,24.6398787,1000000000
1705,19.47915458,18.18130007,16.02423696,13.32611082,16.58157275,14.13177481,16.18515678,18.03837278,21.07949687,2.490863989,69.57358456,70.56310587,92.81027464,24.6398787,1000000000
1706,19.47915458,18.18130007,16.02423696,13.32611082,16.58157275,14.13177481,16.18515678,18.03837278,21.07949687,2.490863989,69.57358456,70.56310587,92.81027464,24.6398787,1000000000
1707,19.47915458,18.18130007,16.02423696,13.32611082,16.58157275,14.13177481,16.18515678,18.03837278,21.07949687,2.490863989,69.57358456,70.56310587,92.81027464,24.6398787,1000000000
1708,19.47915458,18.18130007,16.02423696,13.32611082,16.58157275,14.13177481,16.18515678,18.03837278,21.07949687,2.490863989,69.57358456,70.56310587,92.81027464,24.6398787,1000000000
1709,19.47915458,18.18130007,16.02423696,13.32611082,16.58157275,14.13177481,16.18515678,18.03837278,21.07949687,2.490863989,69.57358456,70.56310587,92.81027464,24.6398787,1000000000
1710,19.47915458,18.18130007,16.02423696,13.32611082,16.58157275,14.13177481,16.18515678,18.03837278,21.07949687,2.490863989,69.57358456,70.56310587,92.81027464,24.6398787,1000000000
1711,19.47915458,18.18130007,16.02423696,13.32611082,16.58157275,14.13177481,16.18515678,18.03837278,21.07949687,2.490863989,69.57358456,70.56310587,92.81027464,24.6398787,1000000000
1712,19.47915458,18.18130007,16.02423696,13.32611082,16.58157275,14.13177481,16.18515678,18.03837278,21.07949687,2.490863989,69.57358456,70.56310587,92.81027464,24.6398787,1000000000
1713,19.47915458,18.18130007,16.02423696,13.32611082,16.58157275,14.13177481,16.18515678,18.03837278,21.07949687,2.490863989,69.57358456,70.56310587,92.81027464,24.6398787,1000000000
1714,19.47915458,18.18130007,16.02423696,13.32611082,16.58157275,14.13177481,16.18515678,18.03837278,21.07949687,2.490863989,69.57358456,70.56310587,92.81027464,24.6398787,1000000000
1715,19.47915458,18.18130007,16.02423696,13.32611082,16.58157275,14.13177481,16.18515678,18.03837278,21.07949687,2.490863989,69.57358456,70.56310587,92.81027464,24.6398787,1000000000
1716,19.47915458,18.18130007,16.02423696,13.32611082,16.58157275,14.13177481,16.18515678,18.03837278,21.07949687,2.490863989,69.57358456,70.56310587,92.81027464,24.6398787,1000000000
1717,19.47915458,18.18130007,16.02423696,13.32611082,16.58157275,14.13177481,16.18515678,18.03837278,21.07949687,2.490863989,69.57358456,70.56310587,92.81027464,24.6398787,1000000000
1718,19.47915458,18.18130007,16.02423696,13.32611082,16.58157275,14.13177481,16.18515678,18.03837278,21.07949687,2.490863989,69.57358456,70.56310587,92.81027464,24.6398787,1000000000
1719,19.47915458,18.18130007,16.02423696,13.32611082,16.58157275,14.13177481,16.18515678,18.03837278,21.07949687,2.490863989,69.57358456,70.56310587,92.81027464,24.6398787,1000000000
1720,19.47915458,18.18130007,16.02423696,13.32611082,16.58157275,14.13177481,16.18515678,18.03837278,21.07949687,2.490863989,69.57358456,70.56310587,92.81027464,24.6398787,1000000000
1721,19.47915458,18.18130007,16.02423696,13.32611082,16.58157275,14.13177481,16.18515678,18.03837278,21.07949687,2.490863989,69.57358456,70.56310587,92.81027464,24.6398787,1000000000
1722,19.47915458,18.18130007,16.02423696,13.32611082,16.58157275,14.13177481,16.18515678,18.03837278,21.07949687,2.490863989,69.57358456,70.56310587,92.81027464,24.6398787,1000000000
1723,19.47915458,18.18130007,16.02423696,13.32611082,16.58157275,14.13177481,16.18515678,18.03837278,21.07949687,2.490863989,69.57358456,70.56310587,92.81027464,24.6398787,1000000000
1724,19.47915458,18.18130007,16.02423696,13.32611082,16.58157275,14.13177481,16.18515678,18.03837278,21.07949687,2.490863989,69.57358456,70.56310587,92.81027464,24.6398787,1000000000
1725,19.47915458,18.18130007,16.02423696,13.32611082,16.58157275,14.13177481,16.18515678,18.03837278,21.07949687,2.490863989,69.57358456,70.56310587,92.81027464,24.6398787,1000000000
1726,19.47915458,18.18130007,16.02423696,13.32611082,16.58157275,14.13177481,16.18515678,18.03837278,21.07949687,2.490863989,69.57358456,70.56310587,92.81027464,24.6398787,1000000000
1727,19.47915458,18.18130007,16.02423696,13.32611082,16.58157275,14.13177481,16.18515678,18.03837278,21.07949687,2.490863989,69.57358456,70.56310587,92.81027464,24.6398787,1000000000
1728,19.47915458,18.18130007,16.02423696,13.32611082,16.58157275,14.13177481,16.18515678,18.03837278,21.07949687,2.490863989,69.57358456,70.56310587,92.81027464,24.6398787,1000000000
1729,19.47915458,18.18130007,16.02423696,13.32611082,16.58157275,14.13177481,16.18515678,18.03837278,21.07949687,2.490863989,69.57358456,70.56310587,92.81027464,24.6398787,1000000000
1730,19.47915458,18.18130007,16.02423696,13.32611082,16.58157275,14.13177481,16.18515678,18.03837278,21.07949687,2.490863989,69.57358456,70.56310587,92.81027464,24.6398787,1000000000
1731,19.47915458,18.18130007,16.02423696,13.32611082,16.58157275,14.13177481,16.18515678,18.03837278,21.07949687,2.490863989,69.57358456,70.56310587,92.81027464,24.6398787,1000000000
1732,19.47915458,18.18130007,16.02423696,13.32611082,16.58157275,14.13177481,16.18515678,18.03837278,21.07949687,2.490863989,69.57358456,70.56310587,92.81027464,24.6398787,1000000000
1733,19.47915458,18.18130007,16.02423696,13.32611082,16.58157275,14.13177481,16.18515678,18.03837278,21.07949687,2.490863989,69.57358456,70.56310587,92.81027464,24.6398787,1000000000
1734,19.47915458,18.18130007,16.02423696,13.32611082,16.58157275,14.13177481,16.18515678,18.03837278,21.07949687,2.490863989,69.57358456,70.56310587,92.81027464,24.6398787,1000000000
1735,19.47915458,18.18130007,16.02423696,13.32611082,16.58157275,14.13177481,16.18515678,18.03837278,21.07949687,2.490863989,69.57358456,70.56310587,92.81027464,24.6398787,1000000000
1736,19.47915458,18.18130007,16.02423696,13.32611082,16.58157275,14.13177481,16.18515678,18.03837278,21.07949687,2.490863989,69.57358456,70.56310587,92.81027464,24.6398787,1000000000
1737,19.47915458,18.18130007,16.02423696,13.32611082,16.58157275,14.13177481,16.18515678,18.03837278,21.07949687,2.490863989,69.57358456,70.56310587,92.81027464,24.6398787,1000000000
1738,19.47915458,18.18130007,16.02423696,13.32611082,16.58157275,14.13177481,16.18515678,18.03837278,21.07949687,2.490863989,69.57358456,70.56310587,92.81027464,24.6398787,1000000000
1739,19.47915458,18.18130007,16.02423696,13.32611082,16.58157275,14.13177481,16.18515678,18.03837278,21.07949687,2.490863989,69.57358456,70.56310587,92.81027464,24.6398787,1000000000
1740,19.47915458,18.18130007,16.02423696,13.32611082,16.58157275,14.13177481,16.18515678,18.03837278,21.07949687,2.490863989,69.57358456,70.56310587,92.81027464,24.6398787,1000000000
1741,19.47915458,18.18130007,16.02423696,13.32611082,16.58157275,14.13177481,16.18515678,18.03837278,21.07949687,2.490863989,69.57358456,70.56310587,92.81027464,24.6398787,1000000000
1742,19.47915458,18.18130007,16.02423696,13.32611082,16.58157275,14.13177481,16.18515678,18.03837278,21.07949687,2.490863989,69.57358456,70.56310587,92.81027464,24.6398787,1000000000
1743,19.47915458,18.18130007,16.02423696,13.32611082,16.58157275,14.13177481,16.18515678,18.03837278,21.07949687,2.490863989,69.57358456,70.56310587,92.81027464,24.6398787,1000000000
1744,19.47915458,18.18130007,16.02423696,13.32611082,16.58157275,14.13177481,16.18515678,18.03837278,21.07949687,2.490863989,69.57358456,70.56310587,92.81027464,24.6398787,1000000000
1745,19.47915458,18.18130007,16.02423696,13.32611082,16.58157275,14.13177481,16.18515678,18.03837278,21.07949687,2.490863989,69.57358456,70.56310587,92.81027464,24.6398787,1000000000
1746,19.47915458,18.18130007,16.02423696,13.32611082,16.58157275,14.13177481,16.18515678,18.03837278,21.07949687,2.490863989,69.57358456,70.56310587,92.81027464,24.6398787,1000000000
1747,19.47915458,18.18130007,16.02423696,13.32611082,16.58157275,14.13177481,16.18515678,18.03837278,21.07949687,2.490863989,69.57358456,70.56310587,92.81027464,24.6398787,1000000000
1748,19.47915458,18.18130007,16.02423696,13.32611082,16.58157275,14.13177481,16.18515678,18.03837278,21.07949687,2.490863989,69.57358456,70.56310587,92.81027464,24.6398787,1000000000
1749,19.47915458,18.18130007,16.02423696,13.32611082,16.58157275,14.13177481,16.18515678,18.03837278,21.07949687,2.490863989,69.57358456,70.56310587,92.81027464,24.6398787,1000000000
1750,19.47915458,18.18130007,16.02423696,13.32611082,16.58157275,14.13177481,16.18515678,18.03837278,21.07949687,2.490863989,69.57358456,70.56310587,92.81027464,24.6398787,1000000000
1751,19.47915458,18.18130007,16.02423696,13.32611082,16.58157275,14.13177481,16.18515678,18.03837278,21.07949687,2.490863989,69.57358456,70.56310587,92.81027464,24.6398787,1000000000
1752,19.47915458,18.18130007,16.02423696,13.32611082,16.58157275,14.13177481,16.18515678,18.03837278,21.07949687,2.490863989,69.57358456,70.56310587,92.81027464,24.6398787,1000000000
1753,19.47915458,18.18130007,16.02423696,13.32611082,16.58157275,14.13177481,16.18515678,18.03837278,21.07949687,2.490863989,69.57358456,70.56310587,92.81027464,24.6398787,1000000000
1754,19.47915458,18.18130007,16.02423696,13.32611082,16.58157275,14.13177481,16.18515678,18.03837278,21.07949687,2.490863989,69.57358456,70.56310587,92.81027464,24.6398787,1000000000
1755,19.47915458,18.18130007,16.02423696,13.32611082,16.58157275,14.13177481,16.18515678,18.03837278,21.07949687,2.490863989,69.57358456,70.56310587,92.81027464,24.6398787,1000000000
1756,19.47915458,18.18130007,16.02423696,13.32611082,16.58157275,14.13177481,16.18515678,18.03837278,21.07949687,2.490863989,69.57358456,70.56310587,92.81027464,24.6398787,1000000000
1757,19.47915458,18.18130007,16.02423696,13.32611082,16.58157275,14.13177481,16.18515678,18.03837278,21.07949687,2.490863989,69.57358456,70.56310587,92.81027464,24.6398787,1000000000
1758,19.47915458,18.18130007,16.02423696,13.32611082,16.58157275,14.13177481,16.18515678,18.03837278,21.07949687,2.490863989,69.57358456,70.56310587,92.81027464,24.6398787,1000000000
1759,19.47915458,18.18130007,16.02423696,13.32611082,16.58157275,14.13177481,16.18515678,18.03837278,21.07949687,2.490863989,69.57358456,70.56310587,92.81027464,24.6398787,1000000000
1760,19.47915458,18.18130007,16.02423696,13.32611082,16.58157275,14.13177481,16.18515678,18.03837278,21.07949687,2.490863989,69.57358456,70.56310587,92.81027464,24.6398787,1000000000
1761,19.47915458,18.18130007,16.02423696,13.32611082,16.58157275,14.13177481,16.18515678,18.03837278,21.07949687,2.490863989,69.57358456,70.56310587,92.81027464,24.6398787,1000000000
1762,19.47915458,18.18130007,16.02423696,13.32611082,16.58157275,14.13177481,16.18515678,18.03837278,21.07949687,2.490863989,69.57358456,70.56310587,92.81027464,24.6398787,1000000000
1763,19.47915458,18.18130007,16.02423696,13.32611082,16.58157275,14.13177481,16.18515678,18.03837278,21.07949687,2.490863989,69.57358456,70.56310587,92.81027464,24.6398787,1000000000
1764,19.47915458,18.18130007,16.02423696,13.32611082,16.58157275,14.13177481,16.18515678,18.03837278,21.07949687,2.490863989,69.57358456,70.56310587,92.81027464,24.6398787,1000000000
1765,19.47915458,18.18130007,16.02423696,13.32611082,16.58157275,14.13177481,16.18515678,18.03837278,21.07949687,2.490863989,69.57358456,70.56310587,92.81027464,24.6398787,1000000000
1766,19.47915458,18.18130007,16.02423696,13.32611082,16.58157275,14.13177481,16.18515678,18.03837278,21.07949687,2.490863989,69.57358456,70.56310587,92.81027464,24.6398787,1000000000
1767,19.47915458,18.18130007,16.02423696,13.32611082,16.58157275,14.13177481,16.18515678,18.03837278,21.07949687,2.490863989,69.57358456,70.56310587,92.81027464,24.6398787,1000000000
1768,19.47915458,18.18130007,16.02423696,13.32611082,16.58157275,14.13177481,16.18515678,18.03837278,21.07949687,2.490863989,69.57358456,70.56310587,92.81027464,24.6398787,1000000000
1769,19.47915458,18.18130007,16.02423696,13.32611082,16.58157275,14.13177481,16.18515678,18.03837278,21.07949687,2.490863989,69.57358456,70.56310587,92.81027464,24.6398787,1000000000
1770,19.47915458,18.18130007,16.02423696,13.32611082,16.58157275,14.13177481,16.18515678,18.03837278,21.07949687,2.490863989,69.57358456,70.56310587,92.81027464,24.6398787,1000000000
1771,19.47915458,18.18130007,16.02423696,13.32611082,16.58157275,14.13177481,16.18515678,18.03837278,21.07949687,2.490863989,69.57358456,70.56310587,92.81027464,24.6398787,1000000000
1772,19.47915458,18.18130007,16.02423696,13.32611082,16.58157275,14.13177481,16.18515678,18.03837278,21.07949687,2.490863989,69.57358456,70.56310587,92.81027464,24.6398787,1000000000
1773,19.47915458,18.18130007,16.02423696,13.32611082,16.58157275,14.13177481,16.18515678,18.03837278,21.07949687,2.490863989,69.57358456,70.56310587,92.81027464,24.6398787,1000000000
1774,19.47915458,18.18130007,16.02423696,13.32611082,16.58157275,14.13177481,16.18515678,18.03837278,21.07949687,2.490863989,69.57358456,70.56310587,92.81027464,24.6398787,1000000000
1775,19.47915458,18.18130007,16.02423696,13.32611082,16.58157275,14.13177481,16.18515678,18.03837278,21.07949687,2.490863989,69.57358456,70.56310587,92.81027464,24.6398787,1000000000
1776,19.47915458,18.18130007,16.02423696,13.32611082,16.58157275,14.13177481,16.18515678,18.03837278,21.07949687,2.490863989,69.57358456,70.56310587,92.81027464,24.6398787,1000000000
1777,19.47915458,18.18130007,16.02423696,13.32611082,16.58157275,14.13177481,16.18515678,18.03837278,21.07949687,2.490863989,69.57358456,70.56310587,92.81027464,24.6398787,1000000000
1778,19.47915458,18.18130007,16.02423696,13.32611082,16.58157275,14.13177481,16.18515678,18.03837278,21.07949687,2.490863989,69.57358456,70.56310587,92.81027464,24.6398787,1000000000
1779,19.47915458,18.18130007,16.02423696,13.32611082,16.58157275,14.13177481,16.18515678,18.03837278,21.07949687,2.490863989,69.57358456,70.56310587,92.81027464,24.6398787,1000000000
1780,19.47915458,18.18130007,16.02423696,13.32611082,16.58157275,14.13177481,16.18515678,18.03837278,21.07949687,2.490863989,69.57358456,70.56310587,92.81027464,24.6398787,1000000000
1781,19.47915458,18.18130007,16.02423696,13.32611082,16.58157275,14.13177481,16.18515678,18.03837278,21.07949687,2.490863989,69.57358456,70.56310587,92.81027464,24.6398787,1000000000
1782,19.47915458,18.18130007,16.02423696,13.32611082,16.58157275,14.13177481,16.18515678,18.03837278,21.07949687,2.490863989,69.57358456,70.56310587,92.81027464,24.6398787,1000000000
1783,19.47915458,18.18130007,16.02423696,13.32611082,16.58157275,14.13177481,16.18515678,18.03837278,21.07949687,2.490863989,69.57358456,70.56310587,92.81027464,24.6398787,1000000000
1784,19.47915458,18.18130007,16.02423696,13.32611082,16.58157275,14.13177481,16.18515678,18.03837278,21.07949687,2.490863989,69.57358456,70.56310587,92.81027464,24.6398787,1000000000
1785,19.47915458,18.18130007,16.02423696,13.32611082,16.58157275,14.13177481,16.18515678,18.03837278,21.07949687,2.490863989,69.57358456,70.56310587,92.81027464,24.6398787,1000000000
1786,19.47915458,18.18130007,16.02423696,13.32611082,16.58157275,14.13177481,16.18515678,18.03837278,21.07949687,2.490863989,69.57358456,70.56310587,92.81027464,24.6398787,1000000000
1787,19.47915458,18.18130007,16.02423696,13.32611082,16.58157275,14.13177481,16.18515678,18.03837278,21.07949687,2.490863989,69.57358456,70.56310587,92.81027464,24.6398787,1000000000
1788,19.47915458,18.18130007,16.02423696,13.32611082,16.58157275,14.13177481,16.18515678,18.03837278,21.07949687,2.490863989,69.57358456,70.56310587,92.81027464,24.6398787,1000000000
1789,19.47915458,18.18130007,16.02423696,13.32611082,16.58157275,14.13177481,16.18515678,18.03837278,21.07949687,2.490863989,69.57358456,70.56310587,92.81027464,24.6398787,1000000000
1790,19.47915458,18.18130007,16.02423696,13.32611082,16.58157275,14.13177481,16.18515678,18.03837278,21.07949687,2.490863989,69.57358456,70.56310587,92.81027464,24.6398787,1000000000
1791,19.47915458,18.18130007,16.02423696,13.32611082,16.58157275,14.13177481,16.18515678,18.03837278,21.07949687,2.490863989,69.57358456,70.56310587,92.81027464,24.6398787,1000000000
1792,19.47915458,18.18130007,16.02423696,13.32611082,16.58157275,14.13177481,16.18515678,18.03837278,21.07949687,2.490863989,69.57358456,70.56310587,92.81027464,24.6398787,1000000000
1793,19.47915458,18.18130007,16.02423696,13.32611082,16.58157275,14.13177481,16.18515678,18.03837278,21.07949687,2.490863989,69.57358456,70.56310587,92.81027464,24.6398787,1000000000
1794,19.47915458,18.18130007,16.02423696,13.32611082,16.58157275,14.13177481,16.18515678,18.03837278,21.07949687,2.490863989,69.57358456,70.56310587,92.81027464,24.6398787,1000000000
1795,19.47915458,18.18130007,16.02423696,13.32611082,16.58157275,14.13177481,16.18515678,18.03837278,21.07949687,2.490863989,69.57358456,70.56310587,92.81027464,24.6398787,1000000000
1796,19.47915458,18.18130007,16.02423696,13.32611082,16.58157275,14.13177481,16.18515678,18.03837278,21.07949687,2.490863989,69.57358456,70.56310587,92.81027464,24.6398787,1000000000
1797,19.47915458,18.18130007,16.02423696,13.32611082,16.58157275,14.13177481,16.18515678,18.03837278,21.07949687,2.490863989,69.57358456,70.56310587,92.81027464,24.6398787,1000000000
1798,19.47915458,18.18130007,16.02423696,13.32611082,16.58157275,14.13177481,16.18515678,18.03837278,21.07949687,2.490863989,69.57358456,70.56310587,92.81027464,24.6398787,1000000000
1799,19.47915458,18.18130007,16.02423696,13.32611082,16.58157275,14.13177481,16.18515678,18.03837278,21.07949687,2.490863989,69.57358456,70.56310587,92.81027464,24.6398787,1000000000
1800,19.47915458,18.18130007,16.02423696,13.32611082,16.58157275,14.13177481,16.18515678,18.03837278,21.07949687,2.490863989,69.57358456,70.56310587,92.81027464,24.6398787,1000000000
1801,19.47915458,18.18130007,16.02423696,13.32611082,16.58157275,14.13177481,16.18515678,18.03837278,21.07949687,2.490863989,69.57358456,70.56310587,92.81027464,24.6398787,1000000000
1802,19.47915458,18.18130007,16.02423696,13.32611082,16.58157275,14.13177481,16.18515678,18.03837278,21.07949687,2.490863989,69.57358456,70.56310587,92.81027464,24.6398787,1000000000
1803,19.47915458,18.18130007,16.02423696,13.32611082,16.58157275,14.13177481,16.18515678,18.03837278,21.07949687,2.490863989,69.57358456,70.56310587,92.81027464,24.6398787,1000000000
1804,19.47915458,18.18130007,16.02423696,13.32611082,16.58157275,14.13177481,16.18515678,18.03837278,21.07949687,2.490863989,69.57358456,70.56310587,92.81027464,24.6398787,1000000000
1805,19.47915458,18.18130007,16.02423696,13.32611082,16.58157275,14.13177481,16.18515678,18.03837278,21.07949687,2.490863989,69.57358456,70.56310587,92.81027464,24.6398787,1000000000
1806,19.47915458,18.18130007,16.02423696,13.32611082,16.58157275,14.13177481,16.18515678,18.03837278,21.07949687,2.490863989,69.57358456,70.56310587,92.81027464,24.6398787,1000000000
1807,19.47915458,18.18130007,16.02423696,13.32611082,16.58157275,14.13177481,16.18515678,18.03837278,21.07949687,2.490863989,69.57358456,70.56310587,92.81027464,24.6398787,1000000000
1808,19.47915458,18.18130007,16.02423696,13.32611082,16.58157275,14.13177481,16.18515678,18.03837278,21.07949687,2.490863989,69.57358456,70.56310587,92.81027464,24.6398787,1000000000
1809,19.47915458,18.18130007,16.02423696,13.32611082,16.58157275,14.13177481,16.18515678,18.03837278,21.07949687,2.490863989,69.57358456,70.56310587,92.81027464,24.6398787,1000000000
1810,19.47915458,18.18130007,16.02423696,13.32611082,16.58157275,14.13177481,16.18515678,18.03837278,21.07949687,2.490863989,69.57358456,70.56310587,92.81027464,24.6398787,1000000000
1811,19.47915458,18.18130007,16.02423696,13.32611082,16.58157275,14.13177481,16.18515678,18.03837278,21.07949687,2.490863989,69.57358456,70.56310587,92.81027464,24.6398787,1000000000
1812,19.47915458,18.18130007,16.02423696,13.32611082,16.58157275,14.13177481,16.18515678,18.03837278,21.07949687,2.490863989,69.57358456,70.56310587,92.81027464,24.6398787,1000000000
1813,19.47915458,18.18130007,16.02423696,13.32611082,16.58157275,14.13177481,16.18515678,18.03837278,21.07949687,2.490863989,69.57358456,70.56310587,92.81027464,24.6398787,1000000000
1814,19.47915458,18.18130007,16.02423696,13.32611082,16.58157275,14.13177481,16.18515678,18.03837278,21.07949687,2.490863989,69.57358456,70.56310587,92.81027464,24.6398787,1000000000
1815,19.47915458,18.18130007,16.02423696,13.32611082,16.58157275,14.13177481,16.18515678,18.03837278,21.07949687,2.490863989,69.57358456,70.56310587,92.81027464,24.6398787,1000000000
1816,19.47915458,18.18130007,16.02423696,13.32611082,16.58157275,14.13177481,16.18515678,18.03837278,21.07949687,2.490863989,69.57358456,70.56310587,92.81027464,24.6398787,1000000000
1817,19.47915458,18.18130007,16.02423696,13.32611082,16.58157275,14.13177481,16.18515678,18.03837278,21.07949687,2.490863989,69.57358456,70.56310587,92.81027464,24.6398787,1000000000
1818,19.47915458,18.18130007,16.02423696,13.32611082,16.58157275,14.13177481,16.18515678,18.03837278,21.07949687,2.490863989,69.57358456,70.56310587,92.81027464,24.6398787,1000000000
1819,19.47915458,18.18130007,16.02423696,13.32611082,16.58157275,14.13177481,16.18515678,18.03837278,21.07949687,2.490863989,69.57358456,70.56310587,92.81027464,24.6398787,1000000000
1820,19.47915458,18.18130007,16.02423696,13.32611082,16.58157275,14.13177481,16.18515678,18.03837278,21.07949687,2.490863989,69.57358456,70.56310587,92.81027464,24.6398787,1000000000
1821,19.47915458,18.18130007,16.02423696,13.32611082,16.58157275,14.13177481,16.18515678,18.03837278,21.07949687,2.490863989,69.57358456,70.56310587,92.81027464,24.6398787,1000000000
1822,19.47915458,18.18130007,16.02423696,13.32611082,16.58157275,14.13177481,16.18515678,18.03837278,21.07949687,2.490863989,69.57358456,70.56310587,92.81027464,24.6398787,1000000000
1823,19.47915458,18.18130007,16.02423696,13.32611082,16.58157275,14.13177481,16.18515678,18.03837278,21.07949687,2.490863989,69.57358456,70.56310587,92.81027464,24.6398787,1000000000
1824,19.47915458,18.18130007,16.02423696,13.32611082,16.58157275,14.13177481,16.18515678,18.03837278,21.07949687,2.490863989,69.57358456,70.56310587,92.81027464,24.6398787,1000000000
1825,19.47915458,18.18130007,16.02423696,13.32611082,16.58157275,14.13177481,16.18515678,18.03837278,21.07949687,2.490863989,69.57358456,70.56310587,92.81027464,24.6398787,1000000000
1826,19.47915458,18.18130007,16.02423696,13.32611082,16.58157275,14.13177481,16.18515678,18.03837278,21.07949687,2.490863989,69.57358456,70.56310587,92.81027464,24.6398787,1000000000
1827,19.47915458,18.18130007,16.02423696,13.32611082,16.58157275,14.13177481,16.18515678,18.03837278,21.07949687,2.490863989,69.57358456,70.56310587,92.81027464,24.6398787,1000000000
1828,19.47915458,18.18130007,16.02423696,13.32611082,16.58157275,14.13177481,16.18515678,18.03837278,21.07949687,2.490863989,69.57358456,70.56310587,92.81027464,24.6398787,1000000000
1829,19.47915458,18.18130007,16.02423696,13.32611082,16.58157275,14.13177481,16.18515678,18.03837278,21.07949687,2.490863989,69.57358456,70.56310587,92.81027464,24.6398787,1000000000
1830,19.47915458,18.18130007,16.02423696,13.32611082,16.58157275,14.13177481,16.18515678,18.03837278,21.07949687,2.490863989,69.57358456,70.56310587,92.81027464,24.6398787,1000000000
1831,19.47915458,18.18130007,16.02423696,13.32611082,16.58157275,14.13177481,16.18515678,18.03837278,21.07949687,2.490863989,69.57358456,70.56310587,92.81027464,24.6398787,1000000000
1832,19.47915458,18.18130007,16.02423696,13.32611082,16.58157275,14.13177481,16.18515678,18.03837278,21.07949687,2.490863989,69.57358456,70.56310587,92.81027464,24.6398787,1000000000
1833,19.47915458,18.18130007,16.02423696,13.32611082,16.58157275,14.13177481,16.18515678,18.03837278,21.07949687,2.490863989,69.57358456,70.56310587,92.81027464,24.6398787,1000000000
1834,19.47915458,18.18130007,16.02423696,13.32611082,16.58157275,14.13177481,16.18515678,18.03837278,21.07949687,2.490863989,69.57358456,70.56310587,92.81027464,24.6398787,1000000000
1835,19.47915458,18.18130007,16.02423696,13.32611082,16.58157275,14.13177481,16.18515678,18.03837278,21.07949687,2.490863989,69.57358456,70.56310587,92.81027464,24.6398787,1000000000
1836,19.47915458,18.18130007,16.02423696,13.32611082,16.58157275,14.13177481,16.18515678,18.03837278,21.07949687,2.490863989,69.57358456,70.56310587,92.81027464,24.6398787,1000000000
1837,19.47915458,18.18130007,16.02423696,13.32611082,16.58157275,14.13177481,16.18515678,18.03837278,21.07949687,2.490863989,69.57358456,70.56310587,92.81027464,24.6398787,1000000000
1838,19.47915458,18.18130007,16.02423696,13.32611082,16.58157275,14.13177481,16.18515678,18.03837278,21.07949687,2.490863989,69.57358456,70.56310587,92.81027464,24.6398787,1000000000
1839,19.47915458,18.18130007,16.02423696,13.32611082,16.58157275,14.13177481,16.18515678,18.03837278,21.07949687,2.490863989,69.57358456,70.56310587,92.81027464,24.6398787,1000000000
1840,19.47915458,18.18130007,16.02423696,13.32611082,16.58157275,14.13177481,16.18515678,18.03837278,21.07949687,2.490863989,69.57358456,70.56310587,92.81027464,24.6398787,1000000000
1841,19.47915458,18.18130007,16.02423696,13.32611082,16.58157275,14.13177481,16.18515678,18.03837278,21.07949687,2.490863989,69.57358456,70.56310587,92.81027464,24.6398787,1000000000
1842,19.47915458,18.18130007,16.02423696,13.32611082,16.58157275,14.13177481,16.18515678,18.03837278,21.07949687,2.490863989,69.57358456,70.56310587,92.81027464,24.6398787,1000000000
1843,19.47915458,18.18130007,16.02423696,13.32611082,16.58157275,14.13177481,16.18515678,18.03837278,21.07949687,2.490863989,69.57358456,70.56310587,92.81027464,24.6398787,1000000000
1844,19.47915458,18.18130007,16.02423696,13.32611082,16.58157275,14.13177481,16.18515678,18.03837278,21.07949687,2.490863989,69.57358456,70.56310587,92.81027464,24.6398787,1000000000
1845,19.47915458,18.18130007,16.02423696,13.32611082,16.58157275,14.13177481,16.18515678,18.03837278,21.07949687,2.490863989,69.57358456,70.56310587,92.81027464,24.6398787,1000000000
1846,19.47915458,18.18130007,16.02423696,13.32611082,16.58157275,14.13177481,16.18515678,18.03837278,21.07949687,2.490863989,69.57358456,70.56310587,92.81027464,24.6398787,1000000000
1847,19.47915458,18.18130007,16.02423696,13.32611082,16.58157275,14.13177481,16.18515678,18.03837278,21.07949687,2.490863989,69.57358456,70.56310587,92.81027464,24.6398787,1000000000
1848,19.47915458,18.18130007,16.02423696,13.32611082,16.58157275,14.13177481,16.18515678,18.03837278,21.07949687,2.490863989,69.57358456,70.56310587,92.81027464,24.6398787,1000000000