Time_Index,Price_mmbtu_global,Price_mmbtu_z1,Price_mmbtu_z2,Price_mmbtu_z3,Price_mmbtu_z4,Price_mmbtu_z5,Price_mmbtu_z6,Price_mmbtu_z7,Price_mmbtu_z8,Price_mmbtu_z9
1,20.39,20.39,20.39,20.39,20.39,20.39,20.39,20.39,20.39,20.39
2,20.39,20.39,20.39,20.39,20.39,20.39,20.39,20.39,20.39,20.39
3,20.39,20.39,20.39,20.39,20.39,20.39,20.39,20.39,20.39,20.39
4,20.39,20.39,20.39,20.39,20.39,20.39,20.39,20.39,20.39,20.39
5,20.39,20.39,20.39,20.39,20.39,20.39,20.39,20.39,20.39,20.39
6,20.39,20.39,20.39,20.39,20.39,20.39,20.39,20.39,20.39,20.39
7,20.39,20.39,20.39,20.39,20.39,20.39,20.39,20.39,20.39,20.39
8,20.39,20.39,20.39,20.39,20.39,20.39,20.39,20.39,20.39,20.39
9,20.39,20.39,20.39,20.39,20.39,20.39,20.39,20.39,20.39,20.39
10,20.39,20.39,20.39,20.39,20.39,20.39,20.39,20.39,20.39,20.39
11,20.39,20.39,20.39,20.39,20.39,20.39,20.39,20.39,20.39,20.39
12,20.39,20.39,20.39,20.39,20.39,20.39,20.39,20.39,20.39,20.39
13,20.39,20.39,20.39,20.39,20.39,20.39,20.39,20.39,20.39,20.39
14,20.39,20.39,20.39,20.39,20.39,20.39,20.39,20.39,20.39,20.39
15,20.39,20.39,20.39,20.39,20.39,20.39,20.39,20.39,20.39,20.39
16,20.39,20.39,20.39,20.39,20.39,20.39,20.39,20.39,20.39,20.39
17,20.39,20.39,20.39,20.39,20.39,20.39,20.39,20.39,20.39,20.39
18,20.39,20.39,20.39,20.39,20.39,20.39,20.39,20.39,20.39,20.39
19,20.39,20.39,20.39,20.39,20.39,20.39,20.39,20.39,20.39,20.39
20,20.39,20.39,20.39,20.39,20.39,20.39,20.39,20.39,20.39,20.39
21,20.39,20.39,20.39,20.39,20.39,20.39,20.39,20.39,20.39,20.39
22,20.39,20.39,20.39,20.39,20.39,20.39,20.39,20.39,20.39,20.39
23,20.39,20.39,20.39,20.39,20.39,20.39,20.39,20.39,20.39,20.39
24,20.39,20.39,20.39,20.39,20.39,20.39,20.39,20.39,20.39,20.39
25,20.39,20.39,20.39,20.39,20.39,20.39,20.39,20.39,20.39,20.39
26,20.39,20.39,20.39,20.39,20.39,20.39,20.39,20.39,20.39,20.39
27,20.39,20.39,20.39,20.39,20.39,20.39,20.39,20.39,20.39,20.39
28,20.39,20.39,20.39,20.39,20.39,20.39,20.39,20.39,20.39,20.39
29,20.39,20.39,20.39,20.39,20.39,20.39,20.39,20.39,20.39,20.39
30,20.39,20.39,20.39,20.39,20.39,20.39,20.39,20.39,20.39,20.39
31,20.39,20.39,20.39,20.39,20.39,20.39,20.39,20.39,20.39,20.39
32,20.39,20.39,20.39,20.39,20.39,20.39,20.39,20.39,20.39,20.39
33,20.39,20.39,20.39,20.39,20.39,20.39,20.39,20.39,20.39,20.39
34,20.39,20.39,20.39,20.39,20.39,20.39,20.39,20.39,20.39,20.39
35,20.39,20.39,20.39,20.39,20.39,20.39,20.39,20.39,20.39,20.39
36,20.39,20.39,20.39,20.39,20.39,20.39,20.39,20.39,20.39,20.39
37,20.39,20.39,20.39,20.39,20.39,20.39,20.39,20.39,20.39,20.39
38,20.39,20.39,20.39,20.39,20.39,20.39,20.39,20.39,20.39,20.39
39,20.39,20.39,20.39,20.39,20.39,20.39,20.39,20.39,20.39,20.39
40,20.39,20.39,20.39,20.39,20.39,20.39,20.39,20.39,20.39,20.39
41,20.39,20.39,20.39,20.39,20.39,20.39,20.39,20.39,20.39,20.39
42,20.39,20.39,20.39,20.39,20.39,20.39,20.39,20.39,20.39,20.39
43,20.39,20.39,20.39,20.39,20.39,20.39,20.39,20.39,20.39,20.39
44,20.39,20.39,20.39,20.39,20.39,20.39,20.39,20.39,20.39,20.39
45,20.39,20.39,20.39,20.39,20.39,20.39,20.39,20.39,20.39,20.39
46,20.39,20.39,20.39,20.39,20.39,20.39,20.39,20.39,20.39,20.39
47,20.39,20.39,20.39,20.39,20.39,20.39,20.39,20.39,20.39,20.39
48,20.39,20.39,20.39,20.39,20.39,20.39,20.39,20.39,20.39,20.39
49,20.39,20.39,20.39,20.39,20.39,20.39,20.39,20.39,20.39,20.39
50,20.39,20.39,20.39,20.39,20.39,20.39,20.39,20.39,20.39,20.39
51,20.39,20.39,20.39,20.39,20.39,20.39,20.39,20.39,20.39,20.39
52,20.39,20.39,20.39,20.39,20.39,20.39,20.39,20.39,20.39,20.39
53,20.39,20.39,20.39,20.39,20.39,20.39,20.39,20.39,20.39,20.39
54,20.39,20.39,20.39,20.39,20.39,20.39,20.39,20.39,20.39,20.39
55,20.39,20.39,20.39,20.39,20.39,20.39,20.39,20.39,20.39,20.39
56,20.39,20.39,20.39,20.39,20.39,20.39,20.39,20.39,20.39,20.39
57,20.39,20.39,20.39,20.39,20.39,20.39,20.39,20.39,20.39,20.39
58,20.39,20.39,20.39,20.39,20.39,20.39,20.39,20.39,20.39,20.39
59,20.39,20.39,20.39,20.39,20.39,20.39,20.39,20.39,20.39,20.39
60,20.39,20.39,20.39,20.39,20.39,20.39,20.39,20.39,20.39,20.39
61,20.39,20.39,20.39,20.39,20.39,20.39,20.39,20.39,20.39,20.39
62,20.39,20.39,20.39,20.39,20.39,20.39,20.39,20.39,20.39,20.39
63,20.39,20.39,20.39,20.39,20.39,20.39,20.39,20.39,20.39,20.39
64,20.39,20.39,20.39,20.39,20.39,20.39,20.39,20.39,20.39,20.39
65,20.39,20.39,20.39,20.39,20.39,20.39,20.39,20.39,20.39,20.39
66,20.39,20.39,20.39,20.39,20.39,20.39,20.39,20.39,20.39,20.39
67,20.39,20.39,20.39,20.39,20.39,20.39,20.39,20.39,20.39,20.39
68,20.39,20.39,20.39,20.39,20.39,20.39,20.39,20.39,20.39,20.39
69,20.39,20.39,20.39,20.39,20.39,20.39,20.39,20.39,20.39,20.39
70,20.39,20.39,20.39,20.39,20.39,20.39,20.39,20.39,20.39,20.39
71,20.39,20.39,20.39,20.39,20.39,20.39,20.39,20.39,20.39,20.39
72,20.39,20.39,20.39,20.39,20.39,20.39,20.39,20.39,20.39,20.39
73,20.39,20.39,20.39,20.39,20.39,20.39,20.39,20.39,20.39,20.39
74,20.39,20.39,20.39,20.39,20.39,20.39,20.39,20.39,20.39,20.39
75,20.39,20.39,20.39,20.39,20.39,20.39,20.39,20.39,20.39,20.39
76,20.39,20.39,20.39,20.39,20.39,20.39,20.39,20.39,20.39,20.39
77,20.39,20.39,20.39,20.39,20.39,20.39,20.39,20.39,20.39,20.39
78,20.39,20.39,20.39,20.39,20.39,20.39,20.39,20.39,20.39,20.39
79,20.39,20.39,20.39,20.39,20.39,20.39,20.39,20.39,20.39,20.39
80,20.39,20.39,20.39,20.39,20.39,20.39,20.39,20.39,20.39,20.39
81,20.39,20.39,20.39,20.39,20.39,20.39,20.39,20.39,20.39,20.39
82,20.39,20.39,20.39,20.39,20.39,20.39,20.39,20.39,20.39,20.39
83,20.39,20.39,20.39,20.39,20.39,20.39,20.39,20.39,20.39,20.39
84,20.39,20.39,20.39,20.39,20.39,20.39,20.39,20.39,20.39,20.39
85,20.39,20.39,20.39,20.39,20.39,20.39,20.39,20.39,20.39,20.39
86,20.39,20.39,20.39,20.39,20.39,20.39,20.39,20.39,20.39,20.39
87,20.39,20.39,20.39,20.39,20.39,20.39,20.39,20.39,20.39,20.39
88,20.39,20.39,20.39,20.39,20.39,20.39,20.39,20.39,20.39,20.39
89,20.39,20.39,20.39,20.39,20.39,20.39,20.39,20.39,20.39,20.39
90,20.39,20.39,20.39,20.39,20.39,20.39,20.39,20.39,20.39,20.39
91,20.39,20.39,20.39,20.39,20.39,20.39,20.39,20.39,20.39,20.39
92,20.39,20.39,20.39,20.39,20.39,20.39,20.39,20.39,20.39,20.39
93,20.39,20.39,20.39,20.39,20.39,20.39,20.39,20.39,20.39,20.39
94,20.39,20.39,20.39,20.39,20.39,20.39,20.39,20.39,20.39,20.39
95,20.39,20.39,20.39,20.39,20.39,20.39,20.39,20.39,20.39,20.39
96,20.39,20.39,20.39,20.39,20.39,20.39,20.39,20.39,20.39,20.39
97,20.39,20.39,20.39,20.39,20.39,20.39,20.39,20.39,20.39,20.39
98,20.39,20.39,20.39,20.39,20.39,20.39,20.39,20.39,20.39,20.39
99,20.39,20.39,20.39,20.39,20.39,20.39,20.39,20.39,20.39,20.39
100,20.39,20.39,20.39,20.39,20.39,20.39,20.39,20.39,20.39,20.39
101,20.39,20.39,20.39,20.39,20.39,20.39,20.39,20.39,20.39,20.39
102,20.39,20.39,20.39,20.39,20.39,20.39,20.39,20.39,20.39,20.39
103,20.39,20.39,20.39,20.39,20.39,20.39,20.39,20.39,20.39,20.39
104,20.39,20.39,20.39,20.39,20.39,20.39,20.39,20.39,20.39,20.39
105,20.39,20.39,20.39,20.39,20.39,20.39,20.39,20.39,20.39,20.39
106,20.39,20.39,20.39,20.39,20.39,20.39,20.39,20.39,20.39,20.39
107,20.39,20.39,20.39,20.39,20.39,20.39,20.39,20.39,20.39,20.39
108,20.39,20.39,20.39,20.39,20.39,20.39,20.39,20.39,20.39,20.39
109,20.39,20.39,20.39,20.39,20.39,20.39,20.39,20.39,20.39,20.39
110,20.39,20.39,20.39,20.39,20.39,20.39,20.39,20.39,20.39,20.39
111,20.39,20.39,20.39,20.39,20.39,20.39,20.39,20.39,20.39,20.39
112,20.39,20.39,20.39,20.39,20.39,20.39,20.39,20.39,20.39,20.39
113,20.39,20.39,20.39,20.39,20.39,20.39,20.39,20.39,20.39,20.39
114,20.39,20.39,20.39,20.39,20.39,20.39,20.39,20.39,20.39,20.39
115,20.39,20.39,20.39,20.39,20.39,20.39,20.39,20.39,20.39,20.39
116,20.39,20.39,20.39,20.39,20.39,20.39,20.39,20.39,20.39,20.39
117,20.39,20.39,20.39,20.39,20.39,20.39,20.39,20.39,20.39,20.39
118,20.39,20.39,20.39,20.39,20.39,20.39,20.39,20.39,20.39,20.39
119,20.39,20.39,20.39,20.39,20.39,20.39,20.39,20.39,20.39,20.39
120,20.39,20.39,20.39,20.39,20.39,20.39,20.39,20.39,20.39,20.39
121,20.39,20.39,20.39,20.39,20.39,20.39,20.39,20.39,20.39,20.39
122,20.39,20.39,20.39,20.39,20.39,20.39,20.39,20.39,20.39,20.39
123,20.39,20.39,20.39,20.39,20.39,20.39,20.39,20.39,20.39,20.39
124,20.39,20.39,20.39,20.39,20.39,20.39,20.39,20.39,20.39,20.39
125,20.39,20.39,20.39,20.39,20.39,20.39,20.39,20.39,20.39,20.39
126,20.39,20.39,20.39,20.39,20.39,20.39,20.39,20.39,20.39,20.39
127,20.39,20.39,20.39,20.39,20.39,20.39,20.39,20.39,20.39,20.39
128,20.39,20.39,20.39,20.39,20.39,20.39,20.39,20.39,20.39,20.39
129,20.39,20.39,20.39,20.39,20.39,20.39,20.39,20.39,20.39,20.39
130,20.39,20.39,20.39,20.39,20.39,20.39,20.39,20.39,20.39,20.39
131,20.39,20.39,20.39,20.39,20.39,20.39,20.39,20.39,20.39,20.39
132,20.39,20.39,20.39,20.39,20.39,20.39,20.39,20.39,20.39,20.39
133,20.39,20.39,20.39,20.39,20.39,20.39,20.39,20.39,20.39,20.39
134,20.39,20.39,20.39,20.39,20.39,20.39,20.39,20.39,20.39,20.39
135,20.39,20.39,20.39,20.39,20.39,20.39,20.39,20.39,20.39,20.39
136,20.39,20.39,20.39,20.39,20.39,20.39,20.39,20.39,20.39,20.39
137,20.39,20.39,20.39,20.39,20.39,20.39,20.39,20.39,20.39,20.39
138,20.39,20.39,20.39,20.39,20.39,20.39,20.39,20.39,20.39,20.39
139,20.39,20.39,20.39,20.39,20.39,20.39,20.39,20.39,20.39,20.39
140,20.39,20.39,20.39,20.39,20.39,20.39,20.39,20.39,20.39,20.39
141,20.39,20.39,20.39,20.39,20.39,20.39,20.39,20.39,20.39,20.39
142,20.39,20.39,20.39,20.39,20.39,20.39,20.39,20.39,20.39,20.39
143,20.39,20.39,20.39,20.39,20.39,20.39,20.39,20.39,20.39,20.39
144,20.39,20.39,20.39,20.39,20.39,20.39,20.39,20.39,20.39,20.39
145,20.39,20.39,20.39,20.39,20.39,20.39,20.39,20.39,20.39,20.39
146,20.39,20.39,20.39,20.39,20.39,20.39,20.39,20.39,20.39,20.39
147,20.39,20.39,20.39,20.39,20.39,20.39,20.39,20.39,20.39,20.39
148,20.39,20.39,20.39,20.39,20.39,20.39,20.39,20.39,20.39,20.39
149,20.39,20.39,20.39,20.39,20.39,20.39,20.39,20.39,20.39,20.39
150,20.39,20.39,20.39,20.39,20.39,20.39,20.39,20.39,20.39,20.39
151,20.39,20.39,20.39,20.39,20.39,20.39,20.39,20.39,20.39,20.39
152,20.39,20.39,20.39,20.39,20.39,20.39,20.39,20.39,20.39,20.39
153,20.39,20.39,20.39,20.39,20.39,20.39,20.39,20.39,20.39,20.39
154,20.39,20.39,20.39,20.39,20.39,20.39,20.39,20.39,20.39,20.39
155,20.39,20.39,20.39,20.39,20.39,20.39,20.39,20.39,20.39,20.39
156,20.39,20.39,20.39,20.39,20.39,20.39,20.39,20.39,20.39,20.39
157,20.39,20.39,20.39,20.39,20.39,20.39,20.39,20.39,20.39,20.39
158,20.39,20.39,20.39,20.39,20.39,20.39,20.39,20.39,20.39,20.39
159,20.39,20.39,20.39,20.39,20.39,20.39,20.39,20.39,20.39,20.39
160,20.39,20.39,20.39,20.39,20.39,20.39,20.39,20.39,20.39,20.39
161,20.39,20.39,20.39,20.39,20.39,20.39,20.39,20.39,20.39,20.39
162,20.39,20.39,20.39,20.39,20.39,20.39,20.39,20.39,20.39,20.39
163,20.39,20.39,20.39,20.39,20.39,20.39,20.39,20.39,20.39,20.39
164,20.39,20.39,20.39,20.39,20.39,20.39,20.39,20.39,20.39,20.39
165,20.39,20.39,20.39,20.39,20.39,20.39,20.39,20.39,20.39,20.39
166,20.39,20.39,20.39,20.39,20.39,20.39,20.39,20.39,20.39,20.39
167,20.39,20.39,20.39,20.39,20.39,20.39,20.39,20.39,20.39,20.39
168,20.39,20.39,20.39,20.39,20.39,20.39,20.39,20.39,20.39,20.39
169,20.39,20.39,20.39,20.39,20.39,20.39,20.39,20.39,20.39,20.39
170,20.39,20.39,20.39,20.39,20.39,20.39,20.39,20.39,20.39,20.39
171,20.39,20.39,20.39,20.39,20.39,20.39,20.39,20.39,20.39,20.39
172,20.39,20.39,20.39,20.39,20.39,20.39,20.39,20.39,20.39,20.39
173,20.39,20.39,20.39,20.39,20.39,20.39,20.39,20.39,20.39,20.39
174,20.39,20.39,20.39,20.39,20.39,20.39,20.39,20.39,20.39,20.39
175,20.39,20.39,20.39,20.39,20.39,20.39,20.39,20.39,20.39,20.39
176,20.39,20.39,20.39,20.39,20.39,20.39,20.39,20.39,20.39,20.39
177,20.39,20.39,20.39,20.39,20.39,20.39,20.39,20.39,20.39,20.39
178,20.39,20.39,20.39,20.39,20.39,20.39,20.39,20.39,20.39,20.39
179,20.39,20.39,20.39,20.39,20.39,20.39,20.39,20.39,20.39,20.39
180,20.39,20.39,20.39,20.39,20.39,20.39,20.39,20.39,20.39,20.39
181,20.39,20.39,20.39,20.39,20.39,20.39,20.39,20.39,20.39,20.39
182,20.39,20.39,20.39,20.39,20.39,20.39,20.39,20.39,20.39,20.39
183,20.39,20.39,20.39,20.39,20.39,20.39,20.39,20.39,20.39,20.39
184,20.39,20.39,20.39,20.39,20.39,20.39,20.39,20.39,20.39,20.39
185,20.39,20.39,20.39,20.39,20.39,20.39,20.39,20.39,20.39,20.39
186,20.39,20.39,20.39,20.39,20.39,20.39,20.39,20.39,20.39,20.39
187,20.39,20.39,20.39,20.39,20.39,20.39,20.39,20.39,20.39,20.39
188,20.39,20.39,20.39,20.39,20.39,20.39,20.39,20.39,20.39,20.39
189,20.39,20.39,20.39,20.39,20.39,20.39,20.39,20.39,20.39,20.39
190,20.39,20.39,20.39,20.39,20.39,20.39,20.39,20.39,20.39,20.39
191,20.39,20.39,20.39,20.39,20.39,20.39,20.39,20.39,20.39,20.39
192,20.39,20.39,20.39,20.39,20.39,20.39,20.39,20.39,20.39,20.39
193,20.39,20.39,20.39,20.39,20.39,20.39,20.39,20.39,20.39,20.39
194,20.39,20.39,20.39,20.39,20.39,20.39,20.39,20.39,20.39,20.39
195,20.39,20.39,20.39,20.39,20.39,20.39,20.39,20.39,20.39,20.39
196,20.39,20.39,20.39,20.39,20.39,20.39,20.39,20.39,20.39,20.39
197,20.39,20.39,20.39,20.39,20.39,20.39,20.39,20.39,20.39,20.39
198,20.39,20.39,20.39,20.39,20.39,20.39,20.39,20.39,20.39,20.39
199,20.39,20.39,20.39,20.39,20.39,20.39,20.39,20.39,20.39,20.39
200,20.39,20.39,20.39,20.39,20.39,20.39,20.39,20.39,20.39,20.39
201,20.39,20.39,20.39,20.39,20.39,20.39,20.39,20.39,20.39,20.39
202,20.39,20.39,20.39,20.39,20.39,20.39,20.39,20.39,20.39,20.39
203,20.39,20.39,20.39,20.39,20.39,20.39,20.39,20.39,20.39,20.39
204,20.39,20.39,20.39,20.39,20.39,20.39,20.39,20.39,20.39,20.39
205,20.39,20.39,20.39,20.39,20.39,20.39,20.39,20.39,20.39,20.39
206,20.39,20.39,20.39,20.39,20.39,20.39,20.39,20.39,20.39,20.39
207,20.39,20.39,20.39,20.39,20.39,20.39,20.39,20.39,20.39,20.39
208,20.39,20.39,20.39,20.39,20.39,20.39,20.39,20.39,20.39,20.39
209,20.39,20.39,20.39,20.39,20.39,20.39,20.39,20.39,20.39,20.39
210,20.39,20.39,20.39,20.39,20.39,20.39,20.39,20.39,20.39,20.39
211,20.39,20.39,20.39,20.39,20.39,20.39,20.39,20.39,20.39,20.39
212,20.39,20.39,20.39,20.39,20.39,20.39,20.39,20.39,20.39,20.39
213,20.39,20.39,20.39,20.39,20.39,20.39,20.39,20.39,20.39,20.39
214,20.39,20.39,20.39,20.39,20.39,20.39,20.39,20.39,20.39,20.39
215,20.39,20.39,20.39,20.39,20.39,20.39,20.39,20.39,20.39,20.39
216,20.39,20.39,20.39,20.39,20.39,20.39,20.39,20.39,20.39,20.39
217,20.39,20.39,20.39,20.39,20.39,20.39,20.39,20.39,20.39,20.39
218,20.39,20.39,20.39,20.39,20.39,20.39,20.39,20.39,20.39,20.39
219,20.39,20.39,20.39,20.39,20.39,20.39,20.39,20.39,20.39,20.39
220,20.39,20.39,20.39,20.39,20.39,20.39,20.39,20.39,20.39,20.39
221,20.39,20.39,20.39,20.39,20.39,20.39,20.39,20.39,20.39,20.39
222,20.39,20.39,20.39,20.39,20.39,20.39,20.39,20.39,20.39,20.39
223,20.39,20.39,20.39,20.39,20.39,20.39,20.39,20.39,20.39,20.39
224,20.39,20.39,20.39,20.39,20.39,20.39,20.39,20.39,20.39,20.39
225,20.39,20.39,20.39,20.39,20.39,20.39,20.39,20.39,20.39,20.39
226,20.39,20.39,20.39,20.39,20.39,20.39,20.39,20.39,20.39,20.39
227,20.39,20.39,20.39,20.39,20.39,20.39,20.39,20.39,20.39,20.39
228,20.39,20.39,20.39,20.39,20.39,20.39,20.39,20.39,20.39,20.39
229,20.39,20.39,20.39,20.39,20.39,20.39,20.39,20.39,20.39,20.39
230,20.39,20.39,20.39,20.39,20.39,20.39,20.39,20.39,20.39,20.39
231,20.39,20.39,20.39,20.39,20.39,20.39,20.39,20.39,20.39,20.39
232,20.39,20.39,20.39,20.39,20.39,20.39,20.39,20.39,20.39,20.39
233,20.39,20.39,20.39,20.39,20.39,20.39,20.39,20.39,20.39,20.39
234,20.39,20.39,20.39,20.39,20.39,20.39,20.39,20.39,20.39,20.39
235,20.39,20.39,20.39,20.39,20.39,20.39,20.39,20.39,20.39,20.39
236,20.39,20.39,20.39,20.39,20.39,20.39,20.39,20.39,20.39,20.39
237,20.39,20.39,20.39,20.39,20.39,20.39,20.39,20.39,20.39,20.39
238,20.39,20.39,20.39,20.39,20.39,20.39,20.39,20.39,20.39,20.39
239,20.39,20.39,20.39,20.39,20.39,20.39,20.39,20.39,20.39,20.39
240,20.39,20.39,20.39,20.39,20.39,20.39,20.39,20.39,20.39,20.39
241,20.39,20.39,20.39,20.39,20.39,20.39,20.39,20.39,20.39,20.39
242,20.39,20.39,20.39,20.39,20.39,20.39,20.39,20.39,20.39,20.39
243,20.39,20.39,20.39,20.39,20.39,20.39,20.39,20.39,20.39,20.39
244,20.39,20.39,20.39,20.39,20.39,20.39,20.39,20.39,20.39,20.39
245,20.39,20.39,20.39,20.39,20.39,20.39,20.39,20.39,20.39,20.39
246,20.39,20.39,20.39,20.39,20.39,20.39,20.39,20.39,20.39,20.39
247,20.39,20.39,20.39,20.39,20.39,20.39,20.39,20.39,20.39,20.39
248,20.39,20.39,20.39,20.39,20.39,20.39,20.39,20.39,20.39,20.39
249,20.39,20.39,20.39,20.39,20.39,20.39,20.39,20.39,20.39,20.39
250,20.39,20.39,20.39,20.39,20.39,20.39,20.39,20.39,20.39,20.39
251,20.39,20.39,20.39,20.39,20.39,20.39,20.39,20.39,20.39,20.39
252,20.39,20.39,20.39,20.39,20.39,20.39,20.39,20.39,20.39,20.39
253,20.39,20.39,20.39,20.39,20.39,20.39,20.39,20.39,20.39,20.39
254,20.39,20.39,20.39,20.39,20.39,20.39,20.39,20.39,20.39,20.39
255,20.39,20.39,20.39,20.39,20.39,20.39,20.39,20.39,20.39,20.39
256,20.39,20.39,20.39,20.39,20.39,20.39,20.39,20.39,20.39,20.39
257,20.39,20.39,20.39,20.39,20.39,20.39,20.39,20.39,20.39,20.39
258,20.39,20.39,20.39,20.39,20.39,20.39,20.39,20.39,20.39,20.39
259,20.39,20.39,20.39,20.39,20.39,20.39,20.39,20.39,20.39,20.39
260,20.39,20.39,20.39,20.39,20.39,20.39,20.39,20.39,20.39,20.39
261,20.39,20.39,20.39,20.39,20.39,20.39,20.39,20.39,20.39,20.39
262,20.39,20.39,20.39,20.39,20.39,20.39,20.39,20.39,20.39,20.39
263,20.39,20.39,20.39,20.39,20.39,20.39,20.39,20.39,20.39,20.39
264,20.39,20.39,20.39,20.39,20.39,20.39,20.39,20.39,20.39,20.39
265,20.39,20.39,20.39,20.39,20.39,20.39,20.39,20.39,20.39,20.39
266,20.39,20.39,20.39,20.39,20.39,20.39,20.39,20.39,20.39,20.39
267,20.39,20.39,20.39,20.39,20.39,20.39,20.39,20.39,20.39,20.39
268,20.39,20.39,20.39,20.39,20.39,20.39,20.39,20.39,20.39,20.39
269,20.39,20.39,20.39,20.39,20.39,20.39,20.39,20.39,20.39,20.39
270,20.39,20.39,20.39,20.39,20.39,20.39,20.39,20.39,20.39,20.39
271,20.39,20.39,20.39,20.39,20.39,20.39,20.39,20.39,20.39,20.39
272,20.39,20.39,20.39,20.39,20.39,20.39,20.39,20.39,20.39,20.39
273,20.39,20.39,20.39,20.39,20.39,20.39,20.39,20.39,20.39,20.39
274,20.39,20.39,20.39,20.39,20.39,20.39,20.39,20.39,20.39,20.39
275,20.39,20.39,20.39,20.39,20.39,20.39,20.39,20.39,20.39,20.39
276,20.39,20.39,20.39,20.39,20.39,20.39,20.39,20.39,20.39,20.39
277,20.39,20.39,20.39,20.39,20.39,20.39,20.39,20.39,20.39,20.39
278,20.39,20.39,20.39,20.39,20.39,20.39,20.39,20.39,20.39,20.39
279,20.39,20.39,20.39,20.39,20.39,20.39,20.39,20.39,20.39,20.39
280,20.39,20.39,20.39,20.39,20.39,20.39,20.39,20.39,20.39,20.39
281,20.39,20.39,20.39,20.39,20.39,20.39,20.39,20.39,20.39,20.39
282,20.39,20.39,20.39,20.39,20.39,20.39,20.39,20.39,20.39,20.39
283,20.39,20.39,20.39,20.39,20.39,20.39,20.39,20.39,20.39,20.39
284,20.39,20.39,20.39,20.39,20.39,20.39,20.39,20.39,20.39,20.39
285,20.39,20.39,20.39,20.39,20.39,20.39,20.39,20.39,20.39,20.39
286,20.39,20.39,20.39,20.39,20.39,20.39,20.39,20.39,20.39,20.39
287,20.39,20.39,20.39,20.39,20.39,20.39,20.39,20.39,20.39,20.39
288,20.39,20.39,20.39,20.39,20.39,20.39,20.39,20.39,20.39,20.39
289,20.39,20.39,20.39,20.39,20.39,20.39,20.39,20.39,20.39,20.39
290,20.39,20.39,20.39,20.39,20.39,20.39,20.39,20.39,20.39,20.39
291,20.39,20.39,20.39,20.39,20.39,20.39,20.39,20.39,20.39,20.39
292,20.39,20.39,20.39,20.39,20.39,20.39,20.39,20.39,20.39,20.39
293,20.39,20.39,20.39,20.39,20.39,20.39,20.39,20.39,20.39,20.39
294,20.39,20.39,20.39,20.39,20.39,20.39,20.39,20.39,20.39,20.39
295,20.39,20.39,20.39,20.39,20.39,20.39,20.39,20.39,20.39,20.39
296,20.39,20.39,20.39,20.39,20.39,20.39,20.39,20.39,20.39,20.39
297,20.39,20.39,20.39,20.39,20.39,20.39,20.39,20.39,20.39,20.39
298,20.39,20.39,20.39,20.39,20.39,20.39,20.39,20.39,20.39,20.39
299,20.39,20.39,20.39,20.39,20.39,20.39,20.39,20.39,20.39,20.39
300,20.39,20.39,20.39,20.39,20.39,20.39,20.39,20.39,20.39,20.39
301,20.39,20.39,20.39,20.39,20.39,20.39,20.39,20.39,20.39,20.39
302,20.39,20.39,20.39,20.39,20.39,20.39,20.39,20.39,20.39,20.39
303,20.39,20.39,20.39,20.39,20.39,20.39,20.39,20.39,20.39,20.39
304,20.39,20.39,20.39,20.39,20.39,20.39,20.39,20.39,20.39,20.39
305,20.39,20.39,20.39,20.39,20.39,20.39,20.39,20.39,20.39,20.39
306,20.39,20.39,20.39,20.39,20.39,20.39,20.39,20.39,20.39,20.39
307,20.39,20.39,20.39,20.39,20.39,20.39,20.39,20.39,20.39,20.39
308,20.39,20.39,20.39,20.39,20.39,20.39,20.39,20.39,20.39,20.39
309,20.39,20.39,20.39,20.39,20.39,20.39,20.39,20.39,20.39,20.39
310,20.39,20.39,20.39,20.39,20.39,20.39,20.39,20.39,20.39,20.39
311,20.39,20.39,20.39,20.39,20.39,20.39,20.39,20.39,20.39,20.39
312,20.39,20.39,20.39,20.39,20.39,20.39,20.39,20.39,20.39,20.39
313,20.39,20.39,20.39,20.39,20.39,20.39,20.39,20.39,20.39,20.39
314,20.39,20.39,20.39,20.39,20.39,20.39,20.39,20.39,20.39,20.39
315,20.39,20.39,20.39,20.39,20.39,20.39,20.39,20.39,20.39,20.39
316,20.39,20.39,20.39,20.39,20.39,20.39,20.39,20.39,20.39,20.39
317,20.39,20.39,20.39,20.39,20.39,20.39,20.39,20.39,20.39,20.39
318,20.39,20.39,20.39,20.39,20.39,20.39,20.39,20.39,20.39,20.39
319,20.39,20.39,20.39,20.39,20.39,20.39,20.39,20.39,20.39,20.39
320,20.39,20.39,20.39,20.39,20.39,20.39,20.39,20.39,20.39,20.39
321,20.39,20.39,20.39,20.39,20.39,20.39,20.39,20.39,20.39,20.39
322,20.39,20.39,20.39,20.39,20.39,20.39,20.39,20.39,20.39,20.39
323,20.39,20.39,20.39,20.39,20.39,20.39,20.39,20.39,20.39,20.39
324,20.39,20.39,20.39,20.39,20.39,20.39,20.39,20.39,20.39,20.39
325,20.39,20.39,20.39,20.39,20.39,20.39,20.39,20.39,20.39,20.39
326,20.39,20.39,20.39,20.39,20.39,20.39,20.39,20.39,20.39,20.39
327,20.39,20.39,20.39,20.39,20.39,20.39,20.39,20.39,20.39,20.39
328,20.39,20.39,20.39,20.39,20.39,20.39,20.39,20.39,20.39,20.39
329,20.39,20.39,20.39,20.39,20.39,20.39,20.39,20.39,20.39,20.39
330,20.39,20.39,20.39,20.39,20.39,20.39,20.39,20.39,20.39,20.39
331,20.39,20.39,20.39,20.39,20.39,20.39,20.39,20.39,20.39,20.39
332,20.39,20.39,20.39,20.39,20.39,20.39,20.39,20.39,20.39,20.39
333,20.39,20.39,20.39,20.39,20.39,20.39,20.39,20.39,20.39,20.39
334,20.39,20.39,20.39,20.39,20.39,20.39,20.39,20.39,20.39,20.39
335,20.39,20.39,20.39,20.39,20.39,20.39,20.39,20.39,20.39,20.39
336,20.39,20.39,20.39,20.39,20.39,20.39,20.39,20.39,20.39,20.39
337,20.39,20.39,20.39,20.39,20.39,20.39,20.39,20.39,20.39,20.39
338,20.39,20.39,20.39,20.39,20.39,20.39,20.39,20.39,20.39,20.39
339,20.39,20.39,20.39,20.39,20.39,20.39,20.39,20.39,20.39,20.39
340,20.39,20.39,20.39,20.39,20.39,20.39,20.39,20.39,20.39,20.39
341,20.39,20.39,20.39,20.39,20.39,20.39,20.39,20.39,20.39,20.39
342,20.39,20.39,20.39,20.39,20.39,20.39,20.39,20.39,20.39,20.39
343,20.39,20.39,20.39,20.39,20.39,20.39,20.39,20.39,20.39,20.39
344,20.39,20.39,20.39,20.39,20.39,20.39,20.39,20.39,20.39,20.39
345,20.39,20.39,20.39,20.39,20.39,20.39,20.39,20.39,20.39,20.39
346,20.39,20.39,20.39,20.39,20.39,20.39,20.39,20.39,20.39,20.39
347,20.39,20.39,20.39,20.39,20.39,20.39,20.39,20.39,20.39,20.39
348,20.39,20.39,20.39,20.39,20.39,20.39,20.39,20.39,20.39,20.39
349,20.39,20.39,20.39,20.39,20.39,20.39,20.39,20.39,20.39,20.39
350,20.39,20.39,20.39,20.39,20.39,20.39,20.39,20.39,20.39,20.39
351,20.39,20.39,20.39,20.39,20.39,20.39,20.39,20.39,20.39,20.39
352,20.39,20.39,20.39,20.39,20.39,20.39,20.39,20.39,20.39,20.39
353,20.39,20.39,20.39,20.39,20.39,20.39,20.39,20.39,20.39,20.39
354,20.39,20.39,20.39,20.39,20.39,20.39,20.39,20.39,20.39,20.39
355,20.39,20.39,20.39,20.39,20.39,20.39,20.39,20.39,20.39,20.39
356,20.39,20.39,20.39,20.39,20.39,20.39,20.39,20.39,20.39,20.39
357,20.39,20.39,20.39,20.39,20.39,20.39,20.39,20.39,20.39,20.39
358,20.39,20.39,20.39,20.39,20.39,20.39,20.39,20.39,20.39,20.39
359,20.39,20.39,20.39,20.39,20.39,20.39,20.39,20.39,20.39,20.39
360,20.39,20.39,20.39,20.39,20.39,20.39,20.39,20.39,20.39,20.39
361,20.39,20.39,20.39,20.39,20.39,20.39,20.39,20.39,20.39,20.39
362,20.39,20.39,20.39,20.39,20.39,20.39,20.39,20.39,20.39,20.39
363,20.39,20.39,20.39,20.39,20.39,20.39,20.39,20.39,20.39,20.39
364,20.39,20.39,20.39,20.39,20.39,20.39,20.39,20.39,20.39,20.39
365,20.39,20.39,20.39,20.39,20.39,20.39,20.39,20.39,20.39,20.39
366,20.39,20.39,20.39,20.39,20.39,20.39,20.39,20.39,20.39,20.39
367,20.39,20.39,20.39,20.39,20.39,20.39,20.39,20.39,20.39,20.39
368,20.39,20.39,20.39,20.39,20.39,20.39,20.39,20.39,20.39,20.39
369,20.39,20.39,20.39,20.39,20.39,20.39,20.39,20.39,20.39,20.39
370,20.39,20.39,20.39,20.39,20.39,20.39,20.39,20.39,20.39,20.39
371,20.39,20.39,20.39,20.39,20.39,20.39,20.39,20.39,20.39,20.39
372,20.39,20.39,20.39,20.39,20.39,20.39,20.39,20.39,20.39,20.39
373,20.39,20.39,20.39,20.39,20.39,20.39,20.39,20.39,20.39,20.39
374,20.39,20.39,20.39,20.39,20.39,20.39,20.39,20.39,20.39,20.39
375,20.39,20.39,20.39,20.39,20.39,20.39,20.39,20.39,20.39,20.39
376,20.39,20.39,20.39,20.39,20.39,20.39,20.39,20.39,20.39,20.39
377,20.39,20.39,20.39,20.39,20.39,20.39,20.39,20.39,20.39,20.39
378,20.39,20.39,20.39,20.39,20.39,20.39,20.39,20.39,20.39,20.39
379,20.39,20.39,20.39,20.39,20.39,20.39,20.39,20.39,20.39,20.39
380,20.39,20.39,20.39,20.39,20.39,20.39,20.39,20.39,20.39,20.39
381,20.39,20.39,20.39,20.39,20.39,20.39,20.39,20.39,20.39,20.39
382,20.39,20.39,20.39,20.39,20.39,20.39,20.39,20.39,20.39,20.39
383,20.39,20.39,20.39,20.39,20.39,20.39,20.39,20.39,20.39,20.39
384,20.39,20.39,20.39,20.39,20.39,20.39,20.39,20.39,20.39,20.39
385,20.39,20.39,20.39,20.39,20.39,20.39,20.39,20.39,20.39,20.39
386,20.39,20.39,20.39,20.39,20.39,20.39,20.39,20.39,20.39,20.39
387,20.39,20.39,20.39,20.39,20.39,20.39,20.39,20.39,20.39,20.39
388,20.39,20.39,20.39,20.39,20.39,20.39,20.39,20.39,20.39,20.39
389,20.39,20.39,20.39,20.39,20.39,20.39,20.39,20.39,20.39,20.39
390,20.39,20.39,20.39,20.39,20.39,20.39,20.39,20.39,20.39,20.39
391,20.39,20.39,20.39,20.39,20.39,20.39,20.39,20.39,20.39,20.39
392,20.39,20.39,20.39,20.39,20.39,20.39,20.39,20.39,20.39,20.39
393,20.39,20.39,20.39,20.39,20.39,20.39,20.39,20.39,20.39,20.39
394,20.39,20.39,20.39,20.39,20.39,20.39,20.39,20.39,20.39,20.39
395,20.39,20.39,20.39,20.39,20.39,20.39,20.39,20.39,20.39,20.39
396,20.39,20.39,20.39,20.39,20.39,20.39,20.39,20.39,20.39,20.39
397,20.39,20.39,20.39,20.39,20.39,20.39,20.39,20.39,20.39,20.39
398,20.39,20.39,20.39,20.39,20.39,20.39,20.39,20.39,20.39,20.39
399,20.39,20.39,20.39,20.39,20.39,20.39,20.39,20.39,20.39,20.39
400,20.39,20.39,20.39,20.39,20.39,20.39,20.39,20.39,20.39,20.39
401,20.39,20.39,20.39,20.39,20.39,20.39,20.39,20.39,20.39,20.39
402,20.39,20.39,20.39,20.39,20.39,20.39,20.39,20.39,20.39,20.39
403,20.39,20.39,20.39,20.39,20.39,20.39,20.39,20.39,20.39,20.39
404,20.39,20.39,20.39,20.39,20.39,20.39,20.39,20.39,20.39,20.39
405,20.39,20.39,20.39,20.39,20.39,20.39,20.39,20.39,20.39,20.39
406,20.39,20.39,20.39,20.39,20.39,20.39,20.39,20.39,20.39,20.39
407,20.39,20.39,20.39,20.39,20.39,20.39,20.39,20.39,20.39,20.39
408,20.39,20.39,20.39,20.39,20.39,20.39,20.39,20.39,20.39,20.39
409,20.39,20.39,20.39,20.39,20.39,20.39,20.39,20.39,20.39,20.39
410,20.39,20.39,20.39,20.39,20.39,20.39,20.39,20.39,20.39,20.39
411,20.39,20.39,20.39,20.39,20.39,20.39,20.39,20.39,20.39,20.39
412,20.39,20.39,20.39,20.39,20.39,20.39,20.39,20.39,20.39,20.39
413,20.39,20.39,20.39,20.39,20.39,20.39,20.39,20.39,20.39,20.39
414,20.39,20.39,20.39,20.39,20.39,20.39,20.39,20.39,20.39,20.39
415,20.39,20.39,20.39,20.39,20.39,20.39,20.39,20.39,20.39,20.39
416,20.39,20.39,20.39,20.39,20.39,20.39,20.39,20.39,20.39,20.39
417,20.39,20.39,20.39,20.39,20.39,20.39,20.39,20.39,20.39,20.39
418,20.39,20.39,20.39,20.39,20.39,20.39,20.39,20.39,20.39,20.39
419,20.39,20.39,20.39,20.39,20.39,20.39,20.39,20.39,20.39,20.39
420,20.39,20.39,20.39,20.39,20.39,20.39,20.39,20.39,20.39,20.39
421,20.39,20.39,20.39,20.39,20.39,20.39,20.39,20.39,20.39,20.39
422,20.39,20.39,20.39,20.39,20.39,20.39,20.39,20.39,20.39,20.39
423,20.39,20.39,20.39,20.39,20.39,20.39,20.39,20.39,20.39,20.39
424,20.39,20.39,20.39,20.39,20.39,20.39,20.39,20.39,20.39,20.39
425,20.39,20.39,20.39,20.39,20.39,20.39,20.39,20.39,20.39,20.39
426,20.39,20.39,20.39,20.39,20.39,20.39,20.39,20.39,20.39,20.39
427,20.39,20.39,20.39,20.39,20.39,20.39,20.39,20.39,20.39,20.39
428,20.39,20.39,20.39,20.39,20.39,20.39,20.39,20.39,20.39,20.39
429,20.39,20.39,20.39,20.39,20.39,20.39,20.39,20.39,20.39,20.39
430,20.39,20.39,20.39,20.39,20.39,20.39,20.39,20.39,20.39,20.39
431,20.39,20.39,20.39,20.39,20.39,20.39,20.39,20.39,20.39,20.39
432,20.39,20.39,20.39,20.39,20.39,20.39,20.39,20.39,20.39,20.39
433,20.39,20.39,20.39,20.39,20.39,20.39,20.39,20.39,20.39,20.39
434,20.39,20.39,20.39,20.39,20.39,20.39,20.39,20.39,20.39,20.39
435,20.39,20.39,20.39,20.39,20.39,20.39,20.39,20.39,20.39,20.39
436,20.39,20.39,20.39,20.39,20.39,20.39,20.39,20.39,20.39,20.39
437,20.39,20.39,20.39,20.39,20.39,20.39,20.39,20.39,20.39,20.39
438,20.39,20.39,20.39,20.39,20.39,20.39,20.39,20.39,20.39,20.39
439,20.39,20.39,20.39,20.39,20.39,20.39,20.39,20.39,20.39,20.39
440,20.39,20.39,20.39,20.39,20.39,20.39,20.39,20.39,20.39,20.39
441,20.39,20.39,20.39,20.39,20.39,20.39,20.39,20.39,20.39,20.39
442,20.39,20.39,20.39,20.39,20.39,20.39,20.39,20.39,20.39,20.39
443,20.39,20.39,20.39,20.39,20.39,20.39,20.39,20.39,20.39,20.39
444,20.39,20.39,20.39,20.39,20.39,20.39,20.39,20.39,20.39,20.39
445,20.39,20.39,20.39,20.39,20.39,20.39,20.39,20.39,20.39,20.39
446,20.39,20.39,20.39,20.39,20.39,20.39,20.39,20.39,20.39,20.39
447,20.39,20.39,20.39,20.39,20.39,20.39,20.39,20.39,20.39,20.39
448,20.39,20.39,20.39,20.39,20.39,20.39,20.39,20.39,20.39,20.39
449,20.39,20.39,20.39,20.39,20.39,20.39,20.39,20.39,20.39,20.39
450,20.39,20.39,20.39,20.39,20.39,20.39,20.39,20.39,20.39,20.39
451,20.39,20.39,20.39,20.39,20.39,20.39,20.39,20.39,20.39,20.39
452,20.39,20.39,20.39,20.39,20.39,20.39,20.39,20.39,20.39,20.39
453,20.39,20.39,20.39,20.39,20.39,20.39,20.39,20.39,20.39,20.39
454,20.39,20.39,20.39,20.39,20.39,20.39,20.39,20.39,20.39,20.39
455,20.39,20.39,20.39,20.39,20.39,20.39,20.39,20.39,20.39,20.39
456,20.39,20.39,20.39,20.39,20.39,20.39,20.39,20.39,20.39,20.39
457,20.39,20.39,20.39,20.39,20.39,20.39,20.39,20.39,20.39,20.39
458,20.39,20.39,20.39,20.39,20.39,20.39,20.39,20.39,20.39,20.39
459,20.39,20.39,20.39,20.39,20.39,20.39,20.39,20.39,20.39,20.39
460,20.39,20.39,20.39,20.39,20.39,20.39,20.39,20.39,20.39,20.39
461,20.39,20.39,20.39,20.39,20.39,20.39,20.39,20.39,20.39,20.39
462,20.39,20.39,20.39,20.39,20.39,20.39,20.39,20.39,20.39,20.39
463,20.39,20.39,20.39,20.39,20.39,20.39,20.39,20.39,20.39,20.39
464,20.39,20.39,20.39,20.39,20.39,20.39,20.39,20.39,20.39,20.39
465,20.39,20.39,20.39,20.39,20.39,20.39,20.39,20.39,20.39,20.39
466,20.39,20.39,20.39,20.39,20.39,20.39,20.39,20.39,20.39,20.39
467,20.39,20.39,20.39,20.39,20.39,20.39,20.39,20.39,20.39,20.39
468,20.39,20.39,20.39,20.39,20.39,20.39,20.39,20.39,20.39,20.39
469,20.39,20.39,20.39,20.39,20.39,20.39,20.39,20.39,20.39,20.39
470,20.39,20.39,20.39,20.39,20.39,20.39,20.39,20.39,20.39,20.39
471,20.39,20.39,20.39,20.39,20.39,20.39,20.39,20.39,20.39,20.39
472,20.39,20.39,20.39,20.39,20.39,20.39,20.39,20.39,20.39,20.39
473,20.39,20.39,20.39,20.39,20.39,20.39,20.39,20.39,20.39,20.39
474,20.39,20.39,20.39,20.39,20.39,20.39,20.39,20.39,20.39,20.39
475,20.39,20.39,20.39,20.39,20.39,20.39,20.39,20.39,20.39,20.39
476,20.39,20.39,20.39,20.39,20.39,20.39,20.39,20.39,20.39,20.39
477,20.39,20.39,20.39,20.39,20.39,20.39,20.39,20.39,20.39,20.39
478,20.39,20.39,20.39,20.39,20.39,20.39,20.39,20.39,20.39,20.39
479,20.39,20.39,20.39,20.39,20.39,20.39,20.39,20.39,20.39,20.39
480,20.39,20.39,20.39,20.39,20.39,20.39,20.39,20.39,20.39,20.39
481,20.39,20.39,20.39,20.39,20.39,20.39,20.39,20.39,20.39,20.39
482,20.39,20.39,20.39,20.39,20.39,20.39,20.39,20.39,20.39,20.39
483,20.39,20.39,20.39,20.39,20.39,20.39,20.39,20.39,20.39,20.39
484,20.39,20.39,20.39,20.39,20.39,20.39,20.39,20.39,20.39,20.39
485,20.39,20.39,20.39,20.39,20.39,20.39,20.39,20.39,20.39,20.39
486,20.39,20.39,20.39,20.39,20.39,20.39,20.39,20.39,20.39,20.39
487,20.39,20.39,20.39,20.39,20.39,20.39,20.39,20.39,20.39,20.39
488,20.39,20.39,20.39,20.39,20.39,20.39,20.39,20.39,20.39,20.39
489,20.39,20.39,20.39,20.39,20.39,20.39,20.39,20.39,20.39,20.39
490,20.39,20.39,20.39,20.39,20.39,20.39,20.39,20.39,20.39,20.39
491,20.39,20.39,20.39,20.39,20.39,20.39,20.39,20.39,20.39,20.39
492,20.39,20.39,20.39,20.39,20.39,20.39,20.39,20.39,20.39,20.39
493,20.39,20.39,20.39,20.39,20.39,20.39,20.39,20.39,20.39,20.39
494,20.39,20.39,20.39,20.39,20.39,20.39,20.39,20.39,20.39,20.39
495,20.39,20.39,20.39,20.39,20.39,20.39,20.39,20.39,20.39,20.39
496,20.39,20.39,20.39,20.39,20.39,20.39,20.39,20.39,20.39,20.39
497,20.39,20.39,20.39,20.39,20.39,20.39,20.39,20.39,20.39,20.39
498,20.39,20.39,20.39,20.39,20.39,20.39,20.39,20.39,20.39,20.39
499,20.39,20.39,20.39,20.39,20.39,20.39,20.39,20.39,20.39,20.39
500,20.39,20.39,20.39,20.39,20.39,20.39,20.39,20.39,20.39,20.39
501,20.39,20.39,20.39,20.39,20.39,20.39,20.39,20.39,20.39,20.39
502,20.39,20.39,20.39,20.39,20.39,20.39,20.39,20.39,20.39,20.39
503,20.39,20.39,20.39,20.39,20.39,20.39,20.39,20.39,20.39,20.39
504,20.39,20.39,20.39,20.39,20.39,20.39,20.39,20.39,20.39,20.39
505,20.39,20.39,20.39,20.39,20.39,20.39,20.39,20.39,20.39,20.39
506,20.39,20.39,20.39,20.39,20.39,20.39,20.39,20.39,20.39,20.39
507,20.39,20.39,20.39,20.39,20.39,20.39,20.39,20.39,20.39,20.39
508,20.39,20.39,20.39,20.39,20.39,20.39,20.39,20.39,20.39,20.39
509,20.39,20.39,20.39,20.39,20.39,20.39,20.39,20.39,20.39,20.39
510,20.39,20.39,20.39,20.39,20.39,20.39,20.39,20.39,20.39,20.39
511,20.39,20.39,20.39,20.39,20.39,20.39,20.39,20.39,20.39,20.39
512,20.39,20.39,20.39,20.39,20.39,20.39,20.39,20.39,20.39,20.39
513,20.39,20.39,20.39,20.39,20.39,20.39,20.39,20.39,20.39,20.39
514,20.39,20.39,20.39,20.39,20.39,20.39,20.39,20.39,20.39,20.39
515,20.39,20.39,20.39,20.39,20.39,20.39,20.39,20.39,20.39,20.39
516,20.39,20.39,20.39,20.39,20.39,20.39,20.39,20.39,20.39,20.39
517,20.39,20.39,20.39,20.39,20.39,20.39,20.39,20.39,20.39,20.39
518,20.39,20.39,20.39,20.39,20.39,20.39,20.39,20.39,20.39,20.39
519,20.39,20.39,20.39,20.39,20.39,20.39,20.39,20.39,20.39,20.39
520,20.39,20.39,20.39,20.39,20.39,20.39,20.39,20.39,20.39,20.39
521,20.39,20.39,20.39,20.39,20.39,20.39,20.39,20.39,20.39,20.39
522,20.39,20.39,20.39,20.39,20.39,20.39,20.39,20.39,20.39,20.39
523,20.39,20.39,20.39,20.39,20.39,20.39,20.39,20.39,20.39,20.39
524,20.39,20.39,20.39,20.39,20.39,20.39,20.39,20.39,20.39,20.39
525,20.39,20.39,20.39,20.39,20.39,20.39,20.39,20.39,20.39,20.39
526,20.39,20.39,20.39,20.39,20.39,20.39,20.39,20.39,20.39,20.39
527,20.39,20.39,20.39,20.39,20.39,20.39,20.39,20.39,20.39,20.39
528,20.39,20.39,20.39,20.39,20.39,20.39,20.39,20.39,20.39,20.39
529,20.39,20.39,20.39,20.39,20.39,20.39,20.39,20.39,20.39,20.39
530,20.39,20.39,20.39,20.39,20.39,20.39,20.39,20.39,20.39,20.39
531,20.39,20.39,20.39,20.39,20.39,20.39,20.39,20.39,20.39,20.39
532,20.39,20.39,20.39,20.39,20.39,20.39,20.39,20.39,20.39,20.39
533,20.39,20.39,20.39,20.39,20.39,20.39,20.39,20.39,20.39,20.39
534,20.39,20.39,20.39,20.39,20.39,20.39,20.39,20.39,20.39,20.39
535,20.39,20.39,20.39,20.39,20.39,20.39,20.39,20.39,20.39,20.39
536,20.39,20.39,20.39,20.39,20.39,20.39,20.39,20.39,20.39,20.39
537,20.39,20.39,20.39,20.39,20.39,20.39,20.39,20.39,20.39,20.39
538,20.39,20.39,20.39,20.39,20.39,20.39,20.39,20.39,20.39,20.39
539,20.39,20.39,20.39,20.39,20.39,20.39,20.39,20.39,20.39,20.39
540,20.39,20.39,20.39,20.39,20.39,20.39,20.39,20.39,20.39,20.39
541,20.39,20.39,20.39,20.39,20.39,20.39,20.39,20.39,20.39,20.39
542,20.39,20.39,20.39,20.39,20.39,20.39,20.39,20.39,20.39,20.39
543,20.39,20.39,20.39,20.39,20.39,20.39,20.39,20.39,20.39,20.39
544,20.39,20.39,20.39,20.39,20.39,20.39,20.39,20.39,20.39,20.39
545,20.39,20.39,20.39,20.39,20.39,20.39,20.39,20.39,20.39,20.39
546,20.39,20.39,20.39,20.39,20.39,20.39,20.39,20.39,20.39,20.39
547,20.39,20.39,20.39,20.39,20.39,20.39,20.39,20.39,20.39,20.39
548,20.39,20.39,20.39,20.39,20.39,20.39,20.39,20.39,20.39,20.39
549,20.39,20.39,20.39,20.39,20.39,20.39,20.39,20.39,20.39,20.39
550,20.39,20.39,20.39,20.39,20.39,20.39,20.39,20.39,20.39,20.39
551,20.39,20.39,20.39,20.39,20.39,20.39,20.39,20.39,20.39,20.39
552,20.39,20.39,20.39,20.39,20.39,20.39,20.39,20.39,20.39,20.39
553,20.39,20.39,20.39,20.39,20.39,20.39,20.39,20.39,20.39,20.39
554,20.39,20.39,20.39,20.39,20.39,20.39,20.39,20.39,20.39,20.39
555,20.39,20.39,20.39,20.39,20.39,20.39,20.39,20.39,20.39,20.39
556,20.39,20.39,20.39,20.39,20.39,20.39,20.39,20.39,20.39,20.39
557,20.39,20.39,20.39,20.39,20.39,20.39,20.39,20.39,20.39,20.39
558,20.39,20.39,20.39,20.39,20.39,20.39,20.39,20.39,20.39,20.39
559,20.39,20.39,20.39,20.39,20.39,20.39,20.39,20.39,20.39,20.39
560,20.39,20.39,20.39,20.39,20.39,20.39,20.39,20.39,20.39,20.39
561,20.39,20.39,20.39,20.39,20.39,20.39,20.39,20.39,20.39,20.39
562,20.39,20.39,20.39,20.39,20.39,20.39,20.39,20.39,20.39,20.39
563,20.39,20.39,20.39,20.39,20.39,20.39,20.39,20.39,20.39,20.39
564,20.39,20.39,20.39,20.39,20.39,20.39,20.39,20.39,20.39,20.39
565,20.39,20.39,20.39,20.39,20.39,20.39,20.39,20.39,20.39,20.39
566,20.39,20.39,20.39,20.39,20.39,20.39,20.39,20.39,20.39,20.39
567,20.39,20.39,20.39,20.39,20.39,20.39,20.39,20.39,20.39,20.39
568,20.39,20.39,20.39,20.39,20.39,20.39,20.39,20.39,20.39,20.39
569,20.39,20.39,20.39,20.39,20.39,20.39,20.39,20.39,20.39,20.39
570,20.39,20.39,20.39,20.39,20.39,20.39,20.39,20.39,20.39,20.39
571,20.39,20.39,20.39,20.39,20.39,20.39,20.39,20.39,20.39,20.39
572,20.39,20.39,20.39,20.39,20.39,20.39,20.39,20.39,20.39,20.39
573,20.39,20.39,20.39,20.39,20.39,20.39,20.39,20.39,20.39,20.39
574,20.39,20.39,20.39,20.39,20.39,20.39,20.39,20.39,20.39,20.39
575,20.39,20.39,20.39,20.39,20.39,20.39,20.39,20.39,20.39,20.39
576,20.39,20.39,20.39,20.39,20.39,20.39,20.39,20.39,20.39,20.39
577,20.39,20.39,20.39,20.39,20.39,20.39,20.39,20.39,20.39,20.39
578,20.39,20.39,20.39,20.39,20.39,20.39,20.39,20.39,20.39,20.39
579,20.39,20.39,20.39,20.39,20.39,20.39,20.39,20.39,20.39,20.39
580,20.39,20.39,20.39,20.39,20.39,20.39,20.39,20.39,20.39,20.39
581,20.39,20.39,20.39,20.39,20.39,20.39,20.39,20.39,20.39,20.39
582,20.39,20.39,20.39,20.39,20.39,20.39,20.39,20.39,20.39,20.39
583,20.39,20.39,20.39,20.39,20.39,20.39,20.39,20.39,20.39,20.39
584,20.39,20.39,20.39,20.39,20.39,20.39,20.39,20.39,20.39,20.39
585,20.39,20.39,20.39,20.39,20.39,20.39,20.39,20.39,20.39,20.39
586,20.39,20.39,20.39,20.39,20.39,20.39,20.39,20.39,20.39,20.39
587,20.39,20.39,20.39,20.39,20.39,20.39,20.39,20.39,20.39,20.39
588,20.39,20.39,20.39,20.39,20.39,20.39,20.39,20.39,20.39,20.39
589,20.39,20.39,20.39,20.39,20.39,20.39,20.39,20.39,20.39,20.39
590,20.39,20.39,20.39,20.39,20.39,20.39,20.39,20.39,20.39,20.39
591,20.39,20.39,20.39,20.39,20.39,20.39,20.39,20.39,20.39,20.39
592,20.39,20.39,20.39,20.39,20.39,20.39,20.39,20.39,20.39,20.39
593,20.39,20.39,20.39,20.39,20.39,20.39,20.39,20.39,20.39,20.39
594,20.39,20.39,20.39,20.39,20.39,20.39,20.39,20.39,20.39,20.39
595,20.39,20.39,20.39,20.39,20.39,20.39,20.39,20.39,20.39,20.39
596,20.39,20.39,20.39,20.39,20.39,20.39,20.39,20.39,20.39,20.39
597,20.39,20.39,20.39,20.39,20.39,20.39,20.39,20.39,20.39,20.39
598,20.39,20.39,20.39,20.39,20.39,20.39,20.39,20.39,20.39,20.39
599,20.39,20.39,20.39,20.39,20.39,20.39,20.39,20.39,20.39,20.39
600,20.39,20.39,20.39,20.39,20.39,20.39,20.39,20.39,20.39,20.39
601,20.39,20.39,20.39,20.39,20.39,20.39,20.39,20.39,20.39,20.39
602,20.39,20.39,20.39,20.39,20.39,20.39,20.39,20.39,20.39,20.39
603,20.39,20.39,20.39,20.39,20.39,20.39,20.39,20.39,20.39,20.39
604,20.39,20.39,20.39,20.39,20.39,20.39,20.39,20.39,20.39,20.39
605,20.39,20.39,20.39,20.39,20.39,20.39,20.39,20.39,20.39,20.39
606,20.39,20.39,20.39,20.39,20.39,20.39,20.39,20.39,20.39,20.39
607,20.39,20.39,20.39,20.39,20.39,20.39,20.39,20.39,20.39,20.39
608,20.39,20.39,20.39,20.39,20.39,20.39,20.39,20.39,20.39,20.39
609,20.39,20.39,20.39,20.39,20.39,20.39,20.39,20.39,20.39,20.39
610,20.39,20.39,20.39,20.39,20.39,20.39,20.39,20.39,20.39,20.39
611,20.39,20.39,20.39,20.39,20.39,20.39,20.39,20.39,20.39,20.39
612,20.39,20.39,20.39,20.39,20.39,20.39,20.39,20.39,20.39,20.39
613,20.39,20.39,20.39,20.39,20.39,20.39,20.39,20.39,20.39,20.39
614,20.39,20.39,20.39,20.39,20.39,20.39,20.39,20.39,20.39,20.39
615,20.39,20.39,20.39,20.39,20.39,20.39,20.39,20.39,20.39,20.39
616,20.39,20.39,20.39,20.39,20.39,20.39,20.39,20.39,20.39,20.39
617,20.39,20.39,20.39,20.39,20.39,20.39,20.39,20.39,20.39,20.39
618,20.39,20.39,20.39,20.39,20.39,20.39,20.39,20.39,20.39,20.39
619,20.39,20.39,20.39,20.39,20.39,20.39,20.39,20.39,20.39,20.39
620,20.39,20.39,20.39,20.39,20.39,20.39,20.39,20.39,20.39,20.39
621,20.39,20.39,20.39,20.39,20.39,20.39,20.39,20.39,20.39,20.39
622,20.39,20.39,20.39,20.39,20.39,20.39,20.39,20.39,20.39,20.39
623,20.39,20.39,20.39,20.39,20.39,20.39,20.39,20.39,20.39,20.39
624,20.39,20.39,20.39,20.39,20.39,20.39,20.39,20.39,20.39,20.39
625,20.39,20.39,20.39,20.39,20.39,20.39,20.39,20.39,20.39,20.39
626,20.39,20.39,20.39,20.39,20.39,20.39,20.39,20.39,20.39,20.39
627,20.39,20.39,20.39,20.39,20.39,20.39,20.39,20.39,20.39,20.39
628,20.39,20.39,20.39,20.39,20.39,20.39,20.39,20.39,20.39,20.39
629,20.39,20.39,20.39,20.39,20.39,20.39,20.39,20.39,20.39,20.39
630,20.39,20.39,20.39,20.39,20.39,20.39,20.39,20.39,20.39,20.39
631,20.39,20.39,20.39,20.39,20.39,20.39,20.39,20.39,20.39,20.39
632,20.39,20.39,20.39,20.39,20.39,20.39,20.39,20.39,20.39,20.39
633,20.39,20.39,20.39,20.39,20.39,20.39,20.39,20.39,20.39,20.39
634,20.39,20.39,20.39,20.39,20.39,20.39,20.39,20.39,20.39,20.39
635,20.39,20.39,20.39,20.39,20.39,20.39,20.39,20.39,20.39,20.39
636,20.39,20.39,20.39,20.39,20.39,20.39,20.39,20.39,20.39,20.39
637,20.39,20.39,20.39,20.39,20.39,20.39,20.39,20.39,20.39,20.39
638,20.39,20.39,20.39,20.39,20.39,20.39,20.39,20.39,20.39,20.39
639,20.39,20.39,20.39,20.39,20.39,20.39,20.39,20.39,20.39,20.39
640,20.39,20.39,20.39,20.39,20.39,20.39,20.39,20.39,20.39,20.39
641,20.39,20.39,20.39,20.39,20.39,20.39,20.39,20.39,20.39,20.39
642,20.39,20.39,20.39,20.39,20.39,20.39,20.39,20.39,20.39,20.39
643,20.39,20.39,20.39,20.39,20.39,20.39,20.39,20.39,20.39,20.39
644,20.39,20.39,20.39,20.39,20.39,20.39,20.39,20.39,20.39,20.39
645,20.39,20.39,20.39,20.39,20.39,20.39,20.39,20.39,20.39,20.39
646,20.39,20.39,20.39,20.39,20.39,20.39,20.39,20.39,20.39,20.39
647,20.39,20.39,20.39,20.39,20.39,20.39,20.39,20.39,20.39,20.39
648,20.39,20.39,20.39,20.39,20.39,20.39,20.39,20.39,20.39,20.39
649,20.39,20.39,20.39,20.39,20.39,20.39,20.39,20.39,20.39,20.39
650,20.39,20.39,20.39,20.39,20.39,20.39,20.39,20.39,20.39,20.39
651,20.39,20.39,20.39,20.39,20.39,20.39,20.39,20.39,20.39,20.39
652,20.39,20.39,20.39,20.39,20.39,20.39,20.39,20.39,20.39,20.39
653,20.39,20.39,20.39,20.39,20.39,20.39,20.39,20.39,20.39,20.39
654,20.39,20.39,20.39,20.39,20.39,20.39,20.39,20.39,20.39,20.39
655,20.39,20.39,20.39,20.39,20.39,20.39,20.39,20.39,20.39,20.39
656,20.39,20.39,20.39,20.39,20.39,20.39,20.39,20.39,20.39,20.39
657,20.39,20.39,20.39,20.39,20.39,20.39,20.39,20.39,20.39,20.39
658,20.39,20.39,20.39,20.39,20.39,20.39,20.39,20.39,20.39,20.39
659,20.39,20.39,20.39,20.39,20.39,20.39,20.39,20.39,20.39,20.39
660,20.39,20.39,20.39,20.39,20.39,20.39,20.39,20.39,20.39,20.39
661,20.39,20.39,20.39,20.39,20.39,20.39,20.39,20.39,20.39,20.39
662,20.39,20.39,20.39,20.39,20.39,20.39,20.39,20.39,20.39,20.39
663,20.39,20.39,20.39,20.39,20.39,20.39,20.39,20.39,20.39,20.39
664,20.39,20.39,20.39,20.39,20.39,20.39,20.39,20.39,20.39,20.39
665,20.39,20.39,20.39,20.39,20.39,20.39,20.39,20.39,20.39,20.39
666,20.39,20.39,20.39,20.39,20.39,20.39,20.39,20.39,20.39,20.39
667,20.39,20.39,20.39,20.39,20.39,20.39,20.39,20.39,20.39,20.39
668,20.39,20.39,20.39,20.39,20.39,20.39,20.39,20.39,20.39,20.39
669,20.39,20.39,20.39,20.39,20.39,20.39,20.39,20.39,20.39,20.39
670,20.39,20.39,20.39,20.39,20.39,20.39,20.39,20.39,20.39,20.39
671,20.39,20.39,20.39,20.39,20.39,20.39,20.39,20.39,20.39,20.39
672,20.39,20.39,20.39,20.39,20.39,20.39,20.39,20.39,20.39,20.39
673,20.39,20.39,20.39,20.39,20.39,20.39,20.39,20.39,20.39,20.39
674,20.39,20.39,20.39,20.39,20.39,20.39,20.39,20.39,20.39,20.39
675,20.39,20.39,20.39,20.39,20.39,20.39,20.39,20.39,20.39,20.39
676,20.39,20.39,20.39,20.39,20.39,20.39,20.39,20.39,20.39,20.39
677,20.39,20.39,20.39,20.39,20.39,20.39,20.39,20.39,20.39,20.39
678,20.39,20.39,20.39,20.39,20.39,20.39,20.39,20.39,20.39,20.39
679,20.39,20.39,20.39,20.39,20.39,20.39,20.39,20.39,20.39,20.39
680,20.39,20.39,20.39,20.39,20.39,20.39,20.39,20.39,20.39,20.39
681,20.39,20.39,20.39,20.39,20.39,20.39,20.39,20.39,20.39,20.39
682,20.39,20.39,20.39,20.39,20.39,20.39,20.39,20.39,20.39,20.39
683,20.39,20.39,20.39,20.39,20.39,20.39,20.39,20.39,20.39,20.39
684,20.39,20.39,20.39,20.39,20.39,20.39,20.39,20.39,20.39,20.39
685,20.39,20.39,20.39,20.39,20.39,20.39,20.39,20.39,20.39,20.39
686,20.39,20.39,20.39,20.39,20.39,20.39,20.39,20.39,20.39,20.39
687,20.39,20.39,20.39,20.39,20.39,20.39,20.39,20.39,20.39,20.39
688,20.39,20.39,20.39,20.39,20.39,20.39,20.39,20.39,20.39,20.39
689,20.39,20.39,20.39,20.39,20.39,20.39,20.39,20.39,20.39,20.39
690,20.39,20.39,20.39,20.39,20.39,20.39,20.39,20.39,20.39,20.39
691,20.39,20.39,20.39,20.39,20.39,20.39,20.39,20.39,20.39,20.39
692,20.39,20.39,20.39,20.39,20.39,20.39,20.39,20.39,20.39,20.39
693,20.39,20.39,20.39,20.39,20.39,20.39,20.39,20.39,20.39,20.39
694,20.39,20.39,20.39,20.39,20.39,20.39,20.39,20.39,20.39,20.39
695,20.39,20.39,20.39,20.39,20.39,20.39,20.39,20.39,20.39,20.39
696,20.39,20.39,20.39,20.39,20.39,20.39,20.39,20.39,20.39,20.39
697,20.39,20.39,20.39,20.39,20.39,20.39,20.39,20.39,20.39,20.39
698,20.39,20.39,20.39,20.39,20.39,20.39,20.39,20.39,20.39,20.39
699,20.39,20.39,20.39,20.39,20.39,20.39,20.39,20.39,20.39,20.39
700,20.39,20.39,20.39,20.39,20.39,20.39,20.39,20.39,20.39,20.39
701,20.39,20.39,20.39,20.39,20.39,20.39,20.39,20.39,20.39,20.39
702,20.39,20.39,20.39,20.39,20.39,20.39,20.39,20.39,20.39,20.39
703,20.39,20.39,20.39,20.39,20.39,20.39,20.39,20.39,20.39,20.39
704,20.39,20.39,20.39,20.39,20.39,20.39,20.39,20.39,20.39,20.39
705,20.39,20.39,20.39,20.39,20.39,20.39,20.39,20.39,20.39,20.39
706,20.39,20.39,20.39,20.39,20.39,20.39,20.39,20.39,20.39,20.39
707,20.39,20.39,20.39,20.39,20.39,20.39,20.39,20.39,20.39,20.39
708,20.39,20.39,20.39,20.39,20.39,20.39,20.39,20.39,20.39,20.39
709,20.39,20.39,20.39,20.39,20.39,20.39,20.39,20.39,20.39,20.39
710,20.39,20.39,20.39,20.39,20.39,20.39,20.39,20.39,20.39,20.39
711,20.39,20.39,20.39,20.39,20.39,20.39,20.39,20.39,20.39,20.39
712,20.39,20.39,20.39,20.39,20.39,20.39,20.39,20.39,20.39,20.39
713,20.39,20.39,20.39,20.39,20.39,20.39,20.39,20.39,20.39,20.39
714,20.39,20.39,20.39,20.39,20.39,20.39,20.39,20.39,20.39,20.39
715,20.39,20.39,20.39,20.39,20.39,20.39,20.39,20.39,20.39,20.39
716,20.39,20.39,20.39,20.39,20.39,20.39,20.39,20.39,20.39,20.39
717,20.39,20.39,20.39,20.39,20.39,20.39,20.39,20.39,20.39,20.39
718,20.39,20.39,20.39,20.39,20.39,20.39,20.39,20.39,20.39,20.39
719,20.39,20.39,20.39,20.39,20.39,20.39,20.39,20.39,20.39,20.39
720,20.39,20.39,20.39,20.39,20.39,20.39,20.39,20.39,20.39,20.39
721,20.39,20.39,20.39,20.39,20.39,20.39,20.39,20.39,20.39,20.39
722,20.39,20.39,20.39,20.39,20.39,20.39,20.39,20.39,20.39,20.39
723,20.39,20.39,20.39,20.39,20.39,20.39,20.39,20.39,20.39,20.39
724,20.39,20.39,20.39,20.39,20.39,20.39,20.39,20.39,20.39,20.39
725,20.39,20.39,20.39,20.39,20.39,20.39,20.39,20.39,20.39,20.39
726,20.39,20.39,20.39,20.39,20.39,20.39,20.39,20.39,20.39,20.39
727,20.39,20.39,20.39,20.39,20.39,20.39,20.39,20.39,20.39,20.39
728,20.39,20.39,20.39,20.39,20.39,20.39,20.39,20.39,20.39,20.39
729,20.39,20.39,20.39,20.39,20.39,20.39,20.39,20.39,20.39,20.39
730,20.39,20.39,20.39,20.39,20.39,20.39,20.39,20.39,20.39,20.39
731,20.39,20.39,20.39,20.39,20.39,20.39,20.39,20.39,20.39,20.39
732,20.39,20.39,20.39,20.39,20.39,20.39,20.39,20.39,20.39,20.39
733,20.39,20.39,20.39,20.39,20.39,20.39,20.39,20.39,20.39,20.39
734,20.39,20.39,20.39,20.39,20.39,20.39,20.39,20.39,20.39,20.39
735,20.39,20.39,20.39,20.39,20.39,20.39,20.39,20.39,20.39,20.39
736,20.39,20.39,20.39,20.39,20.39,20.39,20.39,20.39,20.39,20.39
737,20.39,20.39,20.39,20.39,20.39,20.39,20.39,20.39,20.39,20.39
738,20.39,20.39,20.39,20.39,20.39,20.39,20.39,20.39,20.39,20.39
739,20.39,20.39,20.39,20.39,20.39,20.39,20.39,20.39,20.39,20.39
740,20.39,20.39,20.39,20.39,20.39,20.39,20.39,20.39,20.39,20.39
741,20.39,20.39,20.39,20.39,20.39,20.39,20.39,20.39,20.39,20.39
742,20.39,20.39,20.39,20.39,20.39,20.39,20.39,20.39,20.39,20.39
743,20.39,20.39,20.39,20.39,20.39,20.39,20.39,20.39,20.39,20.39
744,20.39,20.39,20.39,20.39,20.39,20.39,20.39,20.39,20.39,20.39
745,20.39,20.39,20.39,20.39,20.39,20.39,20.39,20.39,20.39,20.39
746,20.39,20.39,20.39,20.39,20.39,20.39,20.39,20.39,20.39,20.39
747,20.39,20.39,20.39,20.39,20.39,20.39,20.39,20.39,20.39,20.39
748,20.39,20.39,20.39,20.39,20.39,20.39,20.39,20.39,20.39,20.39
749,20.39,20.39,20.39,20.39,20.39,20.39,20.39,20.39,20.39,20.39
750,20.39,20.39,20.39,20.39,20.39,20.39,20.39,20.39,20.39,20.39
751,20.39,20.39,20.39,20.39,20.39,20.39,20.39,20.39,20.39,20.39
752,20.39,20.39,20.39,20.39,20.39,20.39,20.39,20.39,20.39,20.39
753,20.39,20.39,20.39,20.39,20.39,20.39,20.39,20.39,20.39,20.39
754,20.39,20.39,20.39,20.39,20.39,20.39,20.39,20.39,20.39,20.39
755,20.39,20.39,20.39,20.39,20.39,20.39,20.39,20.39,20.39,20.39
756,20.39,20.39,20.39,20.39,20.39,20.39,20.39,20.39,20.39,20.39
757,20.39,20.39,20.39,20.39,20.39,20.39,20.39,20.39,20.39,20.39
758,20.39,20.39,20.39,20.39,20.39,20.39,20.39,20.39,20.39,20.39
759,20.39,20.39,20.39,20.39,20.39,20.39,20.39,20.39,20.39,20.39
760,20.39,20.39,20.39,20.39,20.39,20.39,20.39,20.39,20.39,20.39
761,20.39,20.39,20.39,20.39,20.39,20.39,20.39,20.39,20.39,20.39
762,20.39,20.39,20.39,20.39,20.39,20.39,20.39,20.39,20.39,20.39
763,20.39,20.39,20.39,20.39,20.39,20.39,20.39,20.39,20.39,20.39
764,20.39,20.39,20.39,20.39,20.39,20.39,20.39,20.39,20.39,20.39
765,20.39,20.39,20.39,20.39,20.39,20.39,20.39,20.39,20.39,20.39
766,20.39,20.39,20.39,20.39,20.39,20.39,20.39,20.39,20.39,20.39
767,20.39,20.39,20.39,20.39,20.39,20.39,20.39,20.39,20.39,20.39
768,20.39,20.39,20.39,20.39,20.39,20.39,20.39,20.39,20.39,20.39
769,20.39,20.39,20.39,20.39,20.39,20.39,20.39,20.39,20.39,20.39
770,20.39,20.39,20.39,20.39,20.39,20.39,20.39,20.39,20.39,20.39
771,20.39,20.39,20.39,20.39,20.39,20.39,20.39,20.39,20.39,20.39
772,20.39,20.39,20.39,20.39,20.39,20.39,20.39,20.39,20.39,20.39
773,20.39,20.39,20.39,20.39,20.39,20.39,20.39,20.39,20.39,20.39
774,20.39,20.39,20.39,20.39,20.39,20.39,20.39,20.39,20.39,20.39
775,20.39,20.39,20.39,20.39,20.39,20.39,20.39,20.39,20.39,20.39
776,20.39,20.39,20.39,20.39,20.39,20.39,20.39,20.39,20.39,20.39
777,20.39,20.39,20.39,20.39,20.39,20.39,20.39,20.39,20.39,20.39
778,20.39,20.39,20.39,20.39,20.39,20.39,20.39,20.39,20.39,20.39
779,20.39,20.39,20.39,20.39,20.39,20.39,20.39,20.39,20.39,20.39
780,20.39,20.39,20.39,20.39,20.39,20.39,20.39,20.39,20.39,20.39
781,20.39,20.39,20.39,20.39,20.39,20.39,20.39,20.39,20.39,20.39
782,20.39,20.39,20.39,20.39,20.39,20.39,20.39,20.39,20.39,20.39
783,20.39,20.39,20.39,20.39,20.39,20.39,20.39,20.39,20.39,20.39
784,20.39,20.39,20.39,20.39,20.39,20.39,20.39,20.39,20.39,20.39
785,20.39,20.39,20.39,20.39,20.39,20.39,20.39,20.39,20.39,20.39
786,20.39,20.39,20.39,20.39,20.39,20.39,20.39,20.39,20.39,20.39
787,20.39,20.39,20.39,20.39,20.39,20.39,20.39,20.39,20.39,20.39
788,20.39,20.39,20.39,20.39,20.39,20.39,20.39,20.39,20.39,20.39
789,20.39,20.39,20.39,20.39,20.39,20.39,20.39,20.39,20.39,20.39
790,20.39,20.39,20.39,20.39,20.39,20.39,20.39,20.39,20.39,20.39
791,20.39,20.39,20.39,20.39,20.39,20.39,20.39,20.39,20.39,20.39
792,20.39,20.39,20.39,20.39,20.39,20.39,20.39,20.39,20.39,20.39
793,20.39,20.39,20.39,20.39,20.39,20.39,20.39,20.39,20.39,20.39
794,20.39,20.39,20.39,20.39,20.39,20.39,20.39,20.39,20.39,20.39
795,20.39,20.39,20.39,20.39,20.39,20.39,20.39,20.39,20.39,20.39
796,20.39,20.39,20.39,20.39,20.39,20.39,20.39,20.39,20.39,20.39
797,20.39,20.39,20.39,20.39,20.39,20.39,20.39,20.39,20.39,20.39
798,20.39,20.39,20.39,20.39,20.39,20.39,20.39,20.39,20.39,20.39
799,20.39,20.39,20.39,20.39,20.39,20.39,20.39,20.39,20.39,20.39
800,20.39,20.39,20.39,20.39,20.39,20.39,20.39,20.39,20.39,20.39
801,20.39,20.39,20.39,20.39,20.39,20.39,20.39,20.39,20.39,20.39
802,20.39,20.39,20.39,20.39,20.39,20.39,20.39,20.39,20.39,20.39
803,20.39,20.39,20.39,20.39,20.39,20.39,20.39,20.39,20.39,20.39
804,20.39,20.39,20.39,20.39,20.39,20.39,20.39,20.39,20.39,20.39
805,20.39,20.39,20.39,20.39,20.39,20.39,20.39,20.39,20.39,20.39
806,20.39,20.39,20.39,20.39,20.39,20.39,20.39,20.39,20.39,20.39
807,20.39,20.39,20.39,20.39,20.39,20.39,20.39,20.39,20.39,20.39
808,20.39,20.39,20.39,20.39,20.39,20.39,20.39,20.39,20.39,20.39
809,20.39,20.39,20.39,20.39,20.39,20.39,20.39,20.39,20.39,20.39
810,20.39,20.39,20.39,20.39,20.39,20.39,20.39,20.39,20.39,20.39
811,20.39,20.39,20.39,20.39,20.39,20.39,20.39,20.39,20.39,20.39
812,20.39,20.39,20.39,20.39,20.39,20.39,20.39,20.39,20.39,20.39
813,20.39,20.39,20.39,20.39,20.39,20.39,20.39,20.39,20.39,20.39
814,20.39,20.39,20.39,20.39,20.39,20.39,20.39,20.39,20.39,20.39
815,20.39,20.39,20.39,20.39,20.39,20.39,20.39,20.39,20.39,20.39
816,20.39,20.39,20.39,20.39,20.39,20.39,20.39,20.39,20.39,20.39
817,20.39,20.39,20.39,20.39,20.39,20.39,20.39,20.39,20.39,20.39
818,20.39,20.39,20.39,20.39,20.39,20.39,20.39,20.39,20.39,20.39
819,20.39,20.39,20.39,20.39,20.39,20.39,20.39,20.39,20.39,20.39
820,20.39,20.39,20.39,20.39,20.39,20.39,20.39,20.39,20.39,20.39
821,20.39,20.39,20.39,20.39,20.39,20.39,20.39,20.39,20.39,20.39
822,20.39,20.39,20.39,20.39,20.39,20.39,20.39,20.39,20.39,20.39
823,20.39,20.39,20.39,20.39,20.39,20.39,20.39,20.39,20.39,20.39
824,20.39,20.39,20.39,20.39,20.39,20.39,20.39,20.39,20.39,20.39
825,20.39,20.39,20.39,20.39,20.39,20.39,20.39,20.39,20.39,20.39
826,20.39,20.39,20.39,20.39,20.39,20.39,20.39,20.39,20.39,20.39
827,20.39,20.39,20.39,20.39,20.39,20.39,20.39,20.39,20.39,20.39
828,20.39,20.39,20.39,20.39,20.39,20.39,20.39,20.39,20.39,20.39
829,20.39,20.39,20.39,20.39,20.39,20.39,20.39,20.39,20.39,20.39
830,20.39,20.39,20.39,20.39,20.39,20.39,20.39,20.39,20.39,20.39
831,20.39,20.39,20.39,20.39,20.39,20.39,20.39,20.39,20.39,20.39
832,20.39,20.39,20.39,20.39,20.39,20.39,20.39,20.39,20.39,20.39
833,20.39,20.39,20.39,20.39,20.39,20.39,20.39,20.39,20.39,20.39
834,20.39,20.39,20.39,20.39,20.39,20.39,20.39,20.39,20.39,20.39
835,20.39,20.39,20.39,20.39,20.39,20.39,20.39,20.39,20.39,20.39
836,20.39,20.39,20.39,20.39,20.39,20.39,20.39,20.39,20.39,20.39
837,20.39,20.39,20.39,20.39,20.39,20.39,20.39,20.39,20.39,20.39
838,20.39,20.39,20.39,20.39,20.39,20.39,20.39,20.39,20.39,20.39
839,20.39,20.39,20.39,20.39,20.39,20.39,20.39,20.39,20.39,20.39
840,20.39,20.39,20.39,20.39,20.39,20.39,20.39,20.39,20.39,20.39
841,20.39,20.39,20.39,20.39,20.39,20.39,20.39,20.39,20.39,20.39
842,20.39,20.39,20.39,20.39,20.39,20.39,20.39,20.39,20.39,20.39
843,20.39,20.39,20.39,20.39,20.39,20.39,20.39,20.39,20.39,20.39
844,20.39,20.39,20.39,20.39,20.39,20.39,20.39,20.39,20.39,20.39
845,20.39,20.39,20.39,20.39,20.39,20.39,20.39,20.39,20.39,20.39
846,20.39,20.39,20.39,20.39,20.39,20.39,20.39,20.39,20.39,20.39
847,20.39,20.39,20.39,20.39,20.39,20.39,20.39,20.39,20.39,20.39
848,20.39,20.39,20.39,20.39,20.39,20.39,20.39,20.39,20.39,20.39
849,20.39,20.39,20.39,20.39,20.39,20.39,20.39,20.39,20.39,20.39
850,20.39,20.39,20.39,20.39,20.39,20.39,20.39,20.39,20.39,20.39
851,20.39,20.39,20.39,20.39,20.39,20.39,20.39,20.39,20.39,20.39
852,20.39,20.39,20.39,20.39,20.39,20.39,20.39,20.39,20.39,20.39
853,20.39,20.39,20.39,20.39,20.39,20.39,20.39,20.39,20.39,20.39
854,20.39,20.39,20.39,20.39,20.39,20.39,20.39,20.39,20.39,20.39
855,20.39,20.39,20.39,20.39,20.39,20.39,20.39,20.39,20.39,20.39
856,20.39,20.39,20.39,20.39,20.39,20.39,20.39,20.39,20.39,20.39
857,20.39,20.39,20.39,20.39,20.39,20.39,20.39,20.39,20.39,20.39
858,20.39,20.39,20.39,20.39,20.39,20.39,20.39,20.39,20.39,20.39
859,20.39,20.39,20.39,20.39,20.39,20.39,20.39,20.39,20.39,20.39
860,20.39,20.39,20.39,20.39,20.39,20.39,20.39,20.39,20.39,20.39
861,20.39,20.39,20.39,20.39,20.39,20.39,20.39,20.39,20.39,20.39
862,20.39,20.39,20.39,20.39,20.39,20.39,20.39,20.39,20.39,20.39
863,20.39,20.39,20.39,20.39,20.39,20.39,20.39,20.39,20.39,20.39
864,20.39,20.39,20.39,20.39,20.39,20.39,20.39,20.39,20.39,20.39
865,20.39,20.39,20.39,20.39,20.39,20.39,20.39,20.39,20.39,20.39
866,20.39,20.39,20.39,20.39,20.39,20.39,20.39,20.39,20.39,20.39
867,20.39,20.39,20.39,20.39,20.39,20.39,20.39,20.39,20.39,20.39
868,20.39,20.39,20.39,20.39,20.39,20.39,20.39,20.39,20.39,20.39
869,20.39,20.39,20.39,20.39,20.39,20.39,20.39,20.39,20.39,20.39
870,20.39,20.39,20.39,20.39,20.39,20.39,20.39,20.39,20.39,20.39
871,20.39,20.39,20.39,20.39,20.39,20.39,20.39,20.39,20.39,20.39
872,20.39,20.39,20.39,20.39,20.39,20.39,20.39,20.39,20.39,20.39
873,20.39,20.39,20.39,20.39,20.39,20.39,20.39,20.39,20.39,20.39
874,20.39,20.39,20.39,20.39,20.39,20.39,20.39,20.39,20.39,20.39
875,20.39,20.39,20.39,20.39,20.39,20.39,20.39,20.39,20.39,20.39
876,20.39,20.39,20.39,20.39,20.39,20.39,20.39,20.39,20.39,20.39
877,20.39,20.39,20.39,20.39,20.39,20.39,20.39,20.39,20.39,20.39
878,20.39,20.39,20.39,20.39,20.39,20.39,20.39,20.39,20.39,20.39
879,20.39,20.39,20.39,20.39,20.39,20.39,20.39,20.39,20.39,20.39
880,20.39,20.39,20.39,20.39,20.39,20.39,20.39,20.39,20.39,20.39
881,20.39,20.39,20.39,20.39,20.39,20.39,20.39,20.39,20.39,20.39
882,20.39,20.39,20.39,20.39,20.39,20.39,20.39,20.39,20.39,20.39
883,20.39,20.39,20.39,20.39,20.39,20.39,20.39,20.39,20.39,20.39
884,20.39,20.39,20.39,20.39,20.39,20.39,20.39,20.39,20.39,20.39
885,20.39,20.39,20.39,20.39,20.39,20.39,20.39,20.39,20.39,20.39
886,20.39,20.39,20.39,20.39,20.39,20.39,20.39,20.39,20.39,20.39
887,20.39,20.39,20.39,20.39,20.39,20.39,20.39,20.39,20.39,20.39
888,20.39,20.39,20.39,20.39,20.39,20.39,20.39,20.39,20.39,20.39
889,20.39,20.39,20.39,20.39,20.39,20.39,20.39,20.39,20.39,20.39
890,20.39,20.39,20.39,20.39,20.39,20.39,20.39,20.39,20.39,20.39
891,20.39,20.39,20.39,20.39,20.39,20.39,20.39,20.39,20.39,20.39
892,20.39,20.39,20.39,20.39,20.39,20.39,20.39,20.39,20.39,20.39
893,20.39,20.39,20.39,20.39,20.39,20.39,20.39,20.39,20.39,20.39
894,20.39,20.39,20.39,20.39,20.39,20.39,20.39,20.39,20.39,20.39
895,20.39,20.39,20.39,20.39,20.39,20.39,20.39,20.39,20.39,20.39
896,20.39,20.39,20.39,20.39,20.39,20.39,20.39,20.39,20.39,20.39
897,20.39,20.39,20.39,20.39,20.39,20.39,20.39,20.39,20.39,20.39
898,20.39,20.39,20.39,20.39,20.39,20.39,20.39,20.39,20.39,20.39
899,20.39,20.39,20.39,20.39,20.39,20.39,20.39,20.39,20.39,20.39
900,20.39,20.39,20.39,20.39,20.39,20.39,20.39,20.39,20.39,20.39
901,20.39,20.39,20.39,20.39,20.39,20.39,20.39,20.39,20.39,20.39
902,20.39,20.39,20.39,20.39,20.39,20.39,20.39,20.39,20.39,20.39
903,20.39,20.39,20.39,20.39,20.39,20.39,20.39,20.39,20.39,20.39
904,20.39,20.39,20.39,20.39,20.39,20.39,20.39,20.39,20.39,20.39
905,20.39,20.39,20.39,20.39,20.39,20.39,20.39,20.39,20.39,20.39
906,20.39,20.39,20.39,20.39,20.39,20.39,20.39,20.39,20.39,20.39
907,20.39,20.39,20.39,20.39,20.39,20.39,20.39,20.39,20.39,20.39
908,20.39,20.39,20.39,20.39,20.39,20.39,20.39,20.39,20.39,20.39
909,20.39,20.39,20.39,20.39,20.39,20.39,20.39,20.39,20.39,20.39
910,20.39,20.39,20.39,20.39,20.39,20.39,20.39,20.39,20.39,20.39
911,20.39,20.39,20.39,20.39,20.39,20.39,20.39,20.39,20.39,20.39
912,20.39,20.39,20.39,20.39,20.39,20.39,20.39,20.39,20.39,20.39
913,20.39,20.39,20.39,20.39,20.39,20.39,20.39,20.39,20.39,20.39
914,20.39,20.39,20.39,20.39,20.39,20.39,20.39,20.39,20.39,20.39
915,20.39,20.39,20.39,20.39,20.39,20.39,20.39,20.39,20.39,20.39
916,20.39,20.39,20.39,20.39,20.39,20.39,20.39,20.39,20.39,20.39
917,20.39,20.39,20.39,20.39,20.39,20.39,20.39,20.39,20.39,20.39
918,20.39,20.39,20.39,20.39,20.39,20.39,20.39,20.39,20.39,20.39
919,20.39,20.39,20.39,20.39,20.39,20.39,20.39,20.39,20.39,20.39
920,20.39,20.39,20.39,20.39,20.39,20.39,20.39,20.39,20.39,20.39
921,20.39,20.39,20.39,20.39,20.39,20.39,20.39,20.39,20.39,20.39
922,20.39,20.39,20.39,20.39,20.39,20.39,20.39,20.39,20.39,20.39
923,20.39,20.39,20.39,20.39,20.39,20.39,20.39,20.39,20.39,20.39
924,20.39,20.39,20.39,20.39,20.39,20.39,20.39,20.39,20.39,20.39
925,20.39,20.39,20.39,20.39,20.39,20.39,20.39,20.39,20.39,20.39
926,20.39,20.39,20.39,20.39,20.39,20.39,20.39,20.39,20.39,20.39
927,20.39,20.39,20.39,20.39,20.39,20.39,20.39,20.39,20.39,20.39
928,20.39,20.39,20.39,20.39,20.39,20.39,20.39,20.39,20.39,20.39
929,20.39,20.39,20.39,20.39,20.39,20.39,20.39,20.39,20.39,20.39
930,20.39,20.39,20.39,20.39,20.39,20.39,20.39,20.39,20.39,20.39
931,20.39,20.39,20.39,20.39,20.39,20.39,20.39,20.39,20.39,20.39
932,20.39,20.39,20.39,20.39,20.39,20.39,20.39,20.39,20.39,20.39
933,20.39,20.39,20.39,20.39,20.39,20.39,20.39,20.39,20.39,20.39
934,20.39,20.39,20.39,20.39,20.39,20.39,20.39,20.39,20.39,20.39
935,20.39,20.39,20.39,20.39,20.39,20.39,20.39,20.39,20.39,20.39
936,20.39,20.39,20.39,20.39,20.39,20.39,20.39,20.39,20.39,20.39
937,20.39,20.39,20.39,20.39,20.39,20.39,20.39,20.39,20.39,20.39
938,20.39,20.39,20.39,20.39,20.39,20.39,20.39,20.39,20.39,20.39
939,20.39,20.39,20.39,20.39,20.39,20.39,20.39,20.39,20.39,20.39
940,20.39,20.39,20.39,20.39,20.39,20.39,20.39,20.39,20.39,20.39
941,20.39,20.39,20.39,20.39,20.39,20.39,20.39,20.39,20.39,20.39
942,20.39,20.39,20.39,20.39,20.39,20.39,20.39,20.39,20.39,20.39
943,20.39,20.39,20.39,20.39,20.39,20.39,20.39,20.39,20.39,20.39
944,20.39,20.39,20.39,20.39,20.39,20.39,20.39,20.39,20.39,20.39
945,20.39,20.39,20.39,20.39,20.39,20.39,20.39,20.39,20.39,20.39
946,20.39,20.39,20.39,20.39,20.39,20.39,20.39,20.39,20.39,20.39
947,20.39,20.39,20.39,20.39,20.39,20.39,20.39,20.39,20.39,20.39
948,20.39,20.39,20.39,20.39,20.39,20.39,20.39,20.39,20.39,20.39
949,20.39,20.39,20.39,20.39,20.39,20.39,20.39,20.39,20.39,20.39
950,20.39,20.39,20.39,20.39,20.39,20.39,20.39,20.39,20.39,20.39
951,20.39,20.39,20.39,20.39,20.39,20.39,20.39,20.39,20.39,20.39
952,20.39,20.39,20.39,20.39,20.39,20.39,20.39,20.39,20.39,20.39
953,20.39,20.39,20.39,20.39,20.39,20.39,20.39,20.39,20.39,20.39
954,20.39,20.39,20.39,20.39,20.39,20.39,20.39,20.39,20.39,20.39
955,20.39,20.39,20.39,20.39,20.39,20.39,20.39,20.39,20.39,20.39
956,20.39,20.39,20.39,20.39,20.39,20.39,20.39,20.39,20.39,20.39
957,20.39,20.39,20.39,20.39,20.39,20.39,20.39,20.39,20.39,20.39
958,20.39,20.39,20.39,20.39,20.39,20.39,20.39,20.39,20.39,20.39
959,20.39,20.39,20.39,20.39,20.39,20.39,20.39,20.39,20.39,20.39
960,20.39,20.39,20.39,20.39,20.39,20.39,20.39,20.39,20.39,20.39
961,20.39,20.39,20.39,20.39,20.39,20.39,20.39,20.39,20.39,20.39
962,20.39,20.39,20.39,20.39,20.39,20.39,20.39,20.39,20.39,20.39
963,20.39,20.39,20.39,20.39,20.39,20.39,20.39,20.39,20.39,20.39
964,20.39,20.39,20.39,20.39,20.39,20.39,20.39,20.39,20.39,20.39
965,20.39,20.39,20.39,20.39,20.39,20.39,20.39,20.39,20.39,20.39
966,20.39,20.39,20.39,20.39,20.39,20.39,20.39,20.39,20.39,20.39
967,20.39,20.39,20.39,20.39,20.39,20.39,20.39,20.39,20.39,20.39
968,20.39,20.39,20.39,20.39,20.39,20.39,20.39,20.39,20.39,20.39
969,20.39,20.39,20.39,20.39,20.39,20.39,20.39,20.39,20.39,20.39
970,20.39,20.39,20.39,20.39,20.39,20.39,20.39,20.39,20.39,20.39
971,20.39,20.39,20.39,20.39,20.39,20.39,20.39,20.39,20.39,20.39
972,20.39,20.39,20.39,20.39,20.39,20.39,20.39,20.39,20.39,20.39
973,20.39,20.39,20.39,20.39,20.39,20.39,20.39,20.39,20.39,20.39
974,20.39,20.39,20.39,20.39,20.39,20.39,20.39,20.39,20.39,20.39
975,20.39,20.39,20.39,20.39,20.39,20.39,20.39,20.39,20.39,20.39
976,20.39,20.39,20.39,20.39,20.39,20.39,20.39,20.39,20.39,20.39
977,20.39,20.39,20.39,20.39,20.39,20.39,20.39,20.39,20.39,20.39
978,20.39,20.39,20.39,20.39,20.39,20.39,20.39,20.39,20.39,20.39
979,20.39,20.39,20.39,20.39,20.39,20.39,20.39,20.39,20.39,20.39
980,20.39,20.39,20.39,20.39,20.39,20.39,20.39,20.39,20.39,20.39
981,20.39,20.39,20.39,20.39,20.39,20.39,20.39,20.39,20.39,20.39
982,20.39,20.39,20.39,20.39,20.39,20.39,20.39,20.39,20.39,20.39
983,20.39,20.39,20.39,20.39,20.39,20.39,20.39,20.39,20.39,20.39
984,20.39,20.39,20.39,20.39,20.39,20.39,20.39,20.39,20.39,20.39
985,20.39,20.39,20.39,20.39,20.39,20.39,20.39,20.39,20.39,20.39
986,20.39,20.39,20.39,20.39,20.39,20.39,20.39,20.39,20.39,20.39
987,20.39,20.39,20.39,20.39,20.39,20.39,20.39,20.39,20.39,20.39
988,20.39,20.39,20.39,20.39,20.39,20.39,20.39,20.39,20.39,20.39
989,20.39,20.39,20.39,20.39,20.39,20.39,20.39,20.39,20.39,20.39
990,20.39,20.39,20.39,20.39,20.39,20.39,20.39,20.39,20.39,20.39
991,20.39,20.39,20.39,20.39,20.39,20.39,20.39,20.39,20.39,20.39
992,20.39,20.39,20.39,20.39,20.39,20.39,20.39,20.39,20.39,20.39
993,20.39,20.39,20.39,20.39,20.39,20.39,20.39,20.39,20.39,20.39
994,20.39,20.39,20.39,20.39,20.39,20.39,20.39,20.39,20.39,20.39
995,20.39,20.39,20.39,20.39,20.39,20.39,20.39,20.39,20.39,20.39
996,20.39,20.39,20.39,20.39,20.39,20.39,20.39,20.39,20.39,20.39
997,20.39,20.39,20.39,20.39,20.39,20.39,20.39,20.39,20.39,20.39
998,20.39,20.39,20.39,20.39,20.39,20.39,20.39,20.39,20.39,20.39
999,20.39,20.39,20.39,20.39,20.39,20.39,20.39,20.39,20.39,20.39
1000,20.39,20.39,20.39,20.39,20.39,20.39,20.39,20.39,20.39,20.39
1001,20.39,20.39,20.39,20.39,20.39,20.39,20.39,20.39,20.39,20.39
1002,20.39,20.39,20.39,20.39,20.39,20.39,20.39,20.39,20.39,20.39
1003,20.39,20.39,20.39,20.39,20.39,20.39,20.39,20.39,20.39,20.39
1004,20.39,20.39,20.39,20.39,20.39,20.39,20.39,20.39,20.39,20.39
1005,20.39,20.39,20.39,20.39,20.39,20.39,20.39,20.39,20.39,20.39
1006,20.39,20.39,20.39,20.39,20.39,20.39,20.39,20.39,20.39,20.39
1007,20.39,20.39,20.39,20.39,20.39,20.39,20.39,20.39,20.39,20.39
1008,20.39,20.39,20.39,20.39,20.39,20.39,20.39,20.39,20.39,20.39
1009,20.39,20.39,20.39,20.39,20.39,20.39,20.39,20.39,20.39,20.39
1010,20.39,20.39,20.39,20.39,20.39,20.39,20.39,20.39,20.39,20.39
1011,20.39,20.39,20.39,20.39,20.39,20.39,20.39,20.39,20.39,20.39
1012,20.39,20.39,20.39,20.39,20.39,20.39,20.39,20.39,20.39,20.39
1013,20.39,20.39,20.39,20.39,20.39,20.39,20.39,20.39,20.39,20.39
1014,20.39,20.39,20.39,20.39,20.39,20.39,20.39,20.39,20.39,20.39
1015,20.39,20.39,20.39,20.39,20.39,20.39,20.39,20.39,20.39,20.39
1016,20.39,20.39,20.39,20.39,20.39,20.39,20.39,20.39,20.39,20.39
1017,20.39,20.39,20.39,20.39,20.39,20.39,20.39,20.39,20.39,20.39
1018,20.39,20.39,20.39,20.39,20.39,20.39,20.39,20.39,20.39,20.39
1019,20.39,20.39,20.39,20.39,20.39,20.39,20.39,20.39,20.39,20.39
1020,20.39,20.39,20.39,20.39,20.39,20.39,20.39,20.39,20.39,20.39
1021,20.39,20.39,20.39,20.39,20.39,20.39,20.39,20.39,20.39,20.39
1022,20.39,20.39,20.39,20.39,20.39,20.39,20.39,20.39,20.39,20.39
1023,20.39,20.39,20.39,20.39,20.39,20.39,20.39,20.39,20.39,20.39
1024,20.39,20.39,20.39,20.39,20.39,20.39,20.39,20.39,20.39,20.39
1025,20.39,20.39,20.39,20.39,20.39,20.39,20.39,20.39,20.39,20.39
1026,20.39,20.39,20.39,20.39,20.39,20.39,20.39,20.39,20.39,20.39
1027,20.39,20.39,20.39,20.39,20.39,20.39,20.39,20.39,20.39,20.39
1028,20.39,20.39,20.39,20.39,20.39,20.39,20.39,20.39,20.39,20.39
1029,20.39,20.39,20.39,20.39,20.39,20.39,20.39,20.39,20.39,20.39
1030,20.39,20.39,20.39,20.39,20.39,20.39,20.39,20.39,20.39,20.39
1031,20.39,20.39,20.39,20.39,20.39,20.39,20.39,20.39,20.39,20.39
1032,20.39,20.39,20.39,20.39,20.39,20.39,20.39,20.39,20.39,20.39
1033,20.39,20.39,20.39,20.39,20.39,20.39,20.39,20.39,20.39,20.39
1034,20.39,20.39,20.39,20.39,20.39,20.39,20.39,20.39,20.39,20.39
1035,20.39,20.39,20.39,20.39,20.39,20.39,20.39,20.39,20.39,20.39
1036,20.39,20.39,20.39,20.39,20.39,20.39,20.39,20.39,20.39,20.39
1037,20.39,20.39,20.39,20.39,20.39,20.39,20.39,20.39,20.39,20.39
1038,20.39,20.39,20.39,20.39,20.39,20.39,20.39,20.39,20.39,20.39
1039,20.39,20.39,20.39,20.39,20.39,20.39,20.39,20.39,20.39,20.39
1040,20.39,20.39,20.39,20.39,20.39,20.39,20.39,20.39,20.39,20.39
1041,20.39,20.39,20.39,20.39,20.39,20.39,20.39,20.39,20.39,20.39
1042,20.39,20.39,20.39,20.39,20.39,20.39,20.39,20.39,20.39,20.39
1043,20.39,20.39,20.39,20.39,20.39,20.39,20.39,20.39,20.39,20.39
1044,20.39,20.39,20.39,20.39,20.39,20.39,20.39,20.39,20.39,20.39
1045,20.39,20.39,20.39,20.39,20.39,20.39,20.39,20.39,20.39,20.39
1046,20.39,20.39,20.39,20.39,20.39,20.39,20.39,20.39,20.39,20.39
1047,20.39,20.39,20.39,20.39,20.39,20.39,20.39,20.39,20.39,20.39
1048,20.39,20.39,20.39,20.39,20.39,20.39,20.39,20.39,20.39,20.39
1049,20.39,20.39,20.39,20.39,20.39,20.39,20.39,20.39,20.39,20.39
1050,20.39,20.39,20.39,20.39,20.39,20.39,20.39,20.39,20.39,20.39
1051,20.39,20.39,20.39,20.39,20.39,20.39,20.39,20.39,20.39,20.39
1052,20.39,20.39,20.39,20.39,20.39,20.39,20.39,20.39,20.39,20.39
1053,20.39,20.39,20.39,20.39,20.39,20.39,20.39,20.39,20.39,20.39
1054,20.39,20.39,20.39,20.39,20.39,20.39,20.39,20.39,20.39,20.39
1055,20.39,20.39,20.39,20.39,20.39,20.39,20.39,20.39,20.39,20.39
1056,20.39,20.39,20.39,20.39,20.39,20.39,20.39,20.39,20.39,20.39
1057,20.39,20.39,20.39,20.39,20.39,20.39,20.39,20.39,20.39,20.39
1058,20.39,20.39,20.39,20.39,20.39,20.39,20.39,20.39,20.39,20.39
1059,20.39,20.39,20.39,20.39,20.39,20.39,20.39,20.39,20.39,20.39
1060,20.39,20.39,20.39,20.39,20.39,20.39,20.39,20.39,20.39,20.39
1061,20.39,20.39,20.39,20.39,20.39,20.39,20.39,20.39,20.39,20.39
1062,20.39,20.39,20.39,20.39,20.39,20.39,20.39,20.39,20.39,20.39
1063,20.39,20.39,20.39,20.39,20.39,20.39,20.39,20.39,20.39,20.39
1064,20.39,20.39,20.39,20.39,20.39,20.39,20.39,20.39,20.39,20.39
1065,20.39,20.39,20.39,20.39,20.39,20.39,20.39,20.39,20.39,20.39
1066,20.39,20.39,20.39,20.39,20.39,20.39,20.39,20.39,20.39,20.39
1067,20.39,20.39,20.39,20.39,20.39,20.39,20.39,20.39,20.39,20.39
1068,20.39,20.39,20.39,20.39,20.39,20.39,20.39,20.39,20.39,20.39
1069,20.39,20.39,20.39,20.39,20.39,20.39,20.39,20.39,20.39,20.39
1070,20.39,20.39,20.39,20.39,20.39,20.39,20.39,20.39,20.39,20.39
1071,20.39,20.39,20.39,20.39,20.39,20.39,20.39,20.39,20.39,20.39
1072,20.39,20.39,20.39,20.39,20.39,20.39,20.39,20.39,20.39,20.39
1073,20.39,20.39,20.39,20.39,20.39,20.39,20.39,20.39,20.39,20.39
1074,20.39,20.39,20.39,20.39,20.39,20.39,20.39,20.39,20.39,20.39
1075,20.39,20.39,20.39,20.39,20.39,20.39,20.39,20.39,20.39,20.39
1076,20.39,20.39,20.39,20.39,20.39,20.39,20.39,20.39,20.39,20.39
1077,20.39,20.39,20.39,20.39,20.39,20.39,20.39,20.39,20.39,20.39
1078,20.39,20.39,20.39,20.39,20.39,20.39,20.39,20.39,20.39,20.39
1079,20.39,20.39,20.39,20.39,20.39,20.39,20.39,20.39,20.39,20.39
1080,20.39,20.39,20.39,20.39,20.39,20.39,20.39,20.39,20.39,20.39
1081,20.39,20.39,20.39,20.39,20.39,20.39,20.39,20.39,20.39,20.39
1082,20.39,20.39,20.39,20.39,20.39,20.39,20.39,20.39,20.39,20.39
1083,20.39,20.39,20.39,20.39,20.39,20.39,20.39,20.39,20.39,20.39
1084,20.39,20.39,20.39,20.39,20.39,20.39,20.39,20.39,20.39,20.39
1085,20.39,20.39,20.39,20.39,20.39,20.39,20.39,20.39,20.39,20.39
1086,20.39,20.39,20.39,20.39,20.39,20.39,20.39,20.39,20.39,20.39
1087,20.39,20.39,20.39,20.39,20.39,20.39,20.39,20.39,20.39,20.39
1088,20.39,20.39,20.39,20.39,20.39,20.39,20.39,20.39,20.39,20.39
1089,20.39,20.39,20.39,20.39,20.39,20.39,20.39,20.39,20.39,20.39
1090,20.39,20.39,20.39,20.39,20.39,20.39,20.39,20.39,20.39,20.39
1091,20.39,20.39,20.39,20.39,20.39,20.39,20.39,20.39,20.39,20.39
1092,20.39,20.39,20.39,20.39,20.39,20.39,20.39,20.39,20.39,20.39
1093,20.39,20.39,20.39,20.39,20.39,20.39,20.39,20.39,20.39,20.39
1094,20.39,20.39,20.39,20.39,20.39,20.39,20.39,20.39,20.39,20.39
1095,20.39,20.39,20.39,20.39,20.39,20.39,20.39,20.39,20.39,20.39
1096,20.39,20.39,20.39,20.39,20.39,20.39,20.39,20.39,20.39,20.39
1097,20.39,20.39,20.39,20.39,20.39,20.39,20.39,20.39,20.39,20.39
1098,20.39,20.39,20.39,20.39,20.39,20.39,20.39,20.39,20.39,20.39
1099,20.39,20.39,20.39,20.39,20.39,20.39,20.39,20.39,20.39,20.39
1100,20.39,20.39,20.39,20.39,20.39,20.39,20.39,20.39,20.39,20.39
1101,20.39,20.39,20.39,20.39,20.39,20.39,20.39,20.39,20.39,20.39
1102,20.39,20.39,20.39,20.39,20.39,20.39,20.39,20.39,20.39,20.39
1103,20.39,20.39,20.39,20.39,20.39,20.39,20.39,20.39,20.39,20.39
1104,20.39,20.39,20.39,20.39,20.39,20.39,20.39,20.39,20.39,20.39
1105,20.39,20.39,20.39,20.39,20.39,20.39,20.39,20.39,20.39,20.39
1106,20.39,20.39,20.39,20.39,20.39,20.39,20.39,20.39,20.39,20.39
1107,20.39,20.39,20.39,20.39,20.39,20.39,20.39,20.39,20.39,20.39
1108,20.39,20.39,20.39,20.39,20.39,20.39,20.39,20.39,20.39,20.39
1109,20.39,20.39,20.39,20.39,20.39,20.39,20.39,20.39,20.39,20.39
1110,20.39,20.39,20.39,20.39,20.39,20.39,20.39,20.39,20.39,20.39
1111,20.39,20.39,20.39,20.39,20.39,20.39,20.39,20.39,20.39,20.39
1112,20.39,20.39,20.39,20.39,20.39,20.39,20.39,20.39,20.39,20.39
1113,20.39,20.39,20.39,20.39,20.39,20.39,20.39,20.39,20.39,20.39
1114,20.39,20.39,20.39,20.39,20.39,20.39,20.39,20.39,20.39,20.39
1115,20.39,20.39,20.39,20.39,20.39,20.39,20.39,20.39,20.39,20.39
1116,20.39,20.39,20.39,20.39,20.39,20.39,20.39,20.39,20.39,20.39
1117,20.39,20.39,20.39,20.39,20.39,20.39,20.39,20.39,20.39,20.39
1118,20.39,20.39,20.39,20.39,20.39,20.39,20.39,20.39,20.39,20.39
1119,20.39,20.39,20.39,20.39,20.39,20.39,20.39,20.39,20.39,20.39
1120,20.39,20.39,20.39,20.39,20.39,20.39,20.39,20.39,20.39,20.39
1121,20.39,20.39,20.39,20.39,20.39,20.39,20.39,20.39,20.39,20.39
1122,20.39,20.39,20.39,20.39,20.39,20.39,20.39,20.39,20.39,20.39
1123,20.39,20.39,20.39,20.39,20.39,20.39,20.39,20.39,20.39,20.39
1124,20.39,20.39,20.39,20.39,20.39,20.39,20.39,20.39,20.39,20.39
1125,20.39,20.39,20.39,20.39,20.39,20.39,20.39,20.39,20.39,20.39
1126,20.39,20.39,20.39,20.39,20.39,20.39,20.39,20.39,20.39,20.39
1127,20.39,20.39,20.39,20.39,20.39,20.39,20.39,20.39,20.39,20.39
1128,20.39,20.39,20.39,20.39,20.39,20.39,20.39,20.39,20.39,20.39
1129,20.39,20.39,20.39,20.39,20.39,20.39,20.39,20.39,20.39,20.39
1130,20.39,20.39,20.39,20.39,20.39,20.39,20.39,20.39,20.39,20.39
1131,20.39,20.39,20.39,20.39,20.39,20.39,20.39,20.39,20.39,20.39
1132,20.39,20.39,20.39,20.39,20.39,20.39,20.39,20.39,20.39,20.39
1133,20.39,20.39,20.39,20.39,20.39,20.39,20.39,20.39,20.39,20.39
1134,20.39,20.39,20.39,20.39,20.39,20.39,20.39,20.39,20.39,20.39
1135,20.39,20.39,20.39,20.39,20.39,20.39,20.39,20.39,20.39,20.39
1136,20.39,20.39,20.39,20.39,20.39,20.39,20.39,20.39,20.39,20.39
1137,20.39,20.39,20.39,20.39,20.39,20.39,20.39,20.39,20.39,20.39
1138,20.39,20.39,20.39,20.39,20.39,20.39,20.39,20.39,20.39,20.39
1139,20.39,20.39,20.39,20.39,20.39,20.39,20.39,20.39,20.39,20.39
1140,20.39,20.39,20.39,20.39,20.39,20.39,20.39,20.39,20.39,20.39
1141,20.39,20.39,20.39,20.39,20.39,20.39,20.39,20.39,20.39,20.39
1142,20.39,20.39,20.39,20.39,20.39,20.39,20.39,20.39,20.39,20.39
1143,20.39,20.39,20.39,20.39,20.39,20.39,20.39,20.39,20.39,20.39
1144,20.39,20.39,20.39,20.39,20.39,20.39,20.39,20.39,20.39,20.39
1145,20.39,20.39,20.39,20.39,20.39,20.39,20.39,20.39,20.39,20.39
1146,20.39,20.39,20.39,20.39,20.39,20.39,20.39,20.39,20.39,20.39
1147,20.39,20.39,20.39,20.39,20.39,20.39,20.39,20.39,20.39,20.39
1148,20.39,20.39,20.39,20.39,20.39,20.39,20.39,20.39,20.39,20.39
1149,20.39,20.39,20.39,20.39,20.39,20.39,20.39,20.39,20.39,20.39
1150,20.39,20.39,20.39,20.39,20.39,20.39,20.39,20.39,20.39,20.39
1151,20.39,20.39,20.39,20.39,20.39,20.39,20.39,20.39,20.39,20.39
1152,20.39,20.39,20.39,20.39,20.39,20.39,20.39,20.39,20.39,20.39
1153,20.39,20.39,20.39,20.39,20.39,20.39,20.39,20.39,20.39,20.39
1154,20.39,20.39,20.39,20.39,20.39,20.39,20.39,20.39,20.39,20.39
1155,20.39,20.39,20.39,20.39,20.39,20.39,20.39,20.39,20.39,20.39
1156,20.39,20.39,20.39,20.39,20.39,20.39,20.39,20.39,20.39,20.39
1157,20.39,20.39,20.39,20.39,20.39,20.39,20.39,20.39,20.39,20.39
1158,20.39,20.39,20.39,20.39,20.39,20.39,20.39,20.39,20.39,20.39
1159,20.39,20.39,20.39,20.39,20.39,20.39,20.39,20.39,20.39,20.39
1160,20.39,20.39,20.39,20.39,20.39,20.39,20.39,20.39,20.39,20.39
1161,20.39,20.39,20.39,20.39,20.39,20.39,20.39,20.39,20.39,20.39
1162,20.39,20.39,20.39,20.39,20.39,20.39,20.39,20.39,20.39,20.39
1163,20.39,20.39,20.39,20.39,20.39,20.39,20.39,20.39,20.39,20.39
1164,20.39,20.39,20.39,20.39,20.39,20.39,20.39,20.39,20.39,20.39
1165,20.39,20.39,20.39,20.39,20.39,20.39,20.39,20.39,20.39,20.39
1166,20.39,20.39,20.39,20.39,20.39,20.39,20.39,20.39,20.39,20.39
1167,20.39,20.39,20.39,20.39,20.39,20.39,20.39,20.39,20.39,20.39
1168,20.39,20.39,20.39,20.39,20.39,20.39,20.39,20.39,20.39,20.39
1169,20.39,20.39,20.39,20.39,20.39,20.39,20.39,20.39,20.39,20.39
1170,20.39,20.39,20.39,20.39,20.39,20.39,20.39,20.39,20.39,20.39
1171,20.39,20.39,20.39,20.39,20.39,20.39,20.39,20.39,20.39,20.39
1172,20.39,20.39,20.39,20.39,20.39,20.39,20.39,20.39,20.39,20.39
1173,20.39,20.39,20.39,20.39,20.39,20.39,20.39,20.39,20.39,20.39
1174,20.39,20.39,20.39,20.39,20.39,20.39,20.39,20.39,20.39,20.39
1175,20.39,20.39,20.39,20.39,20.39,20.39,20.39,20.39,20.39,20.39
1176,20.39,20.39,20.39,20.39,20.39,20.39,20.39,20.39,20.39,20.39
1177,20.39,20.39,20.39,20.39,20.39,20.39,20.39,20.39,20.39,20.39
1178,20.39,20.39,20.39,20.39,20.39,20.39,20.39,20.39,20.39,20.39
1179,20.39,20.39,20.39,20.39,20.39,20.39,20.39,20.39,20.39,20.39
1180,20.39,20.39,20.39,20.39,20.39,20.39,20.39,20.39,20.39,20.39
1181,20.39,20.39,20.39,20.39,20.39,20.39,20.39,20.39,20.39,20.39
1182,20.39,20.39,20.39,20.39,20.39,20.39,20.39,20.39,20.39,20.39
1183,20.39,20.39,20.39,20.39,20.39,20.39,20.39,20.39,20.39,20.39
1184,20.39,20.39,20.39,20.39,20.39,20.39,20.39,20.39,20.39,20.39
1185,20.39,20.39,20.39,20.39,20.39,20.39,20.39,20.39,20.39,20.39
1186,20.39,20.39,20.39,20.39,20.39,20.39,20.39,20.39,20.39,20.39
1187,20.39,20.39,20.39,20.39,20.39,20.39,20.39,20.39,20.39,20.39
1188,20.39,20.39,20.39,20.39,20.39,20.39,20.39,20.39,20.39,20.39
1189,20.39,20.39,20.39,20.39,20.39,20.39,20.39,20.39,20.39,20.39
1190,20.39,20.39,20.39,20.39,20.39,20.39,20.39,20.39,20.39,20.39
1191,20.39,20.39,20.39,20.39,20.39,20.39,20.39,20.39,20.39,20.39
1192,20.39,20.39,20.39,20.39,20.39,20.39,20.39,20.39,20.39,20.39
1193,20.39,20.39,20.39,20.39,20.39,20.39,20.39,20.39,20.39,20.39
1194,20.39,20.39,20.39,20.39,20.39,20.39,20.39,20.39,20.39,20.39
1195,20.39,20.39,20.39,20.39,20.39,20.39,20.39,20.39,20.39,20.39
1196,20.39,20.39,20.39,20.39,20.39,20.39,20.39,20.39,20.39,20.39
1197,20.39,20.39,20.39,20.39,20.39,20.39,20.39,20.39,20.39,20.39
1198,20.39,20.39,20.39,20.39,20.39,20.39,20.39,20.39,20.39,20.39
1199,20.39,20.39,20.39,20.39,20.39,20.39,20.39,20.39,20.39,20.39
1200,20.39,20.39,20.39,20.39,20.39,20.39,20.39,20.39,20.39,20.39
1201,20.39,20.39,20.39,20.39,20.39,20.39,20.39,20.39,20.39,20.39
1202,20.39,20.39,20.39,20.39,20.39,20.39,20.39,20.39,20.39,20.39
1203,20.39,20.39,20.39,20.39,20.39,20.39,20.39,20.39,20.39,20.39
1204,20.39,20.39,20.39,20.39,20.39,20.39,20.39,20.39,20.39,20.39
1205,20.39,20.39,20.39,20.39,20.39,20.39,20.39,20.39,20.39,20.39
1206,20.39,20.39,20.39,20.39,20.39,20.39,20.39,20.39,20.39,20.39
1207,20.39,20.39,20.39,20.39,20.39,20.39,20.39,20.39,20.39,20.39
1208,20.39,20.39,20.39,20.39,20.39,20.39,20.39,20.39,20.39,20.39
1209,20.39,20.39,20.39,20.39,20.39,20.39,20.39,20.39,20.39,20.39
1210,20.39,20.39,20.39,20.39,20.39,20.39,20.39,20.39,20.39,20.39
1211,20.39,20.39,20.39,20.39,20.39,20.39,20.39,20.39,20.39,20.39
1212,20.39,20.39,20.39,20.39,20.39,20.39,20.39,20.39,20.39,20.39
1213,20.39,20.39,20.39,20.39,20.39,20.39,20.39,20.39,20.39,20.39
1214,20.39,20.39,20.39,20.39,20.39,20.39,20.39,20.39,20.39,20.39
1215,20.39,20.39,20.39,20.39,20.39,20.39,20.39,20.39,20.39,20.39
1216,20.39,20.39,20.39,20.39,20.39,20.39,20.39,20.39,20.39,20.39
1217,20.39,20.39,20.39,20.39,20.39,20.39,20.39,20.39,20.39,20.39
1218,20.39,20.39,20.39,20.39,20.39,20.39,20.39,20.39,20.39,20.39
1219,20.39,20.39,20.39,20.39,20.39,20.39,20.39,20.39,20.39,20.39
1220,20.39,20.39,20.39,20.39,20.39,20.39,20.39,20.39,20.39,20.39
1221,20.39,20.39,20.39,20.39,20.39,20.39,20.39,20.39,20.39,20.39
1222,20.39,20.39,20.39,20.39,20.39,20.39,20.39,20.39,20.39,20.39
1223,20.39,20.39,20.39,20.39,20.39,20.39,20.39,20.39,20.39,20.39
1224,20.39,20.39,20.39,20.39,20.39,20.39,20.39,20.39,20.39,20.39
1225,20.39,20.39,20.39,20.39,20.39,20.39,20.39,20.39,20.39,20.39
1226,20.39,20.39,20.39,20.39,20.39,20.39,20.39,20.39,20.39,20.39
1227,20.39,20.39,20.39,20.39,20.39,20.39,20.39,20.39,20.39,20.39
1228,20.39,20.39,20.39,20.39,20.39,20.39,20.39,20.39,20.39,20.39
1229,20.39,20.39,20.39,20.39,20.39,20.39,20.39,20.39,20.39,20.39
1230,20.39,20.39,20.39,20.39,20.39,20.39,20.39,20.39,20.39,20.39
1231,20.39,20.39,20.39,20.39,20.39,20.39,20.39,20.39,20.39,20.39
1232,20.39,20.39,20.39,20.39,20.39,20.39,20.39,20.39,20.39,20.39
1233,20.39,20.39,20.39,20.39,20.39,20.39,20.39,20.39,20.39,20.39
1234,20.39,20.39,20.39,20.39,20.39,20.39,20.39,20.39,20.39,20.39
1235,20.39,20.39,20.39,20.39,20.39,20.39,20.39,20.39,20.39,20.39
1236,20.39,20.39,20.39,20.39,20.39,20.39,20.39,20.39,20.39,20.39
1237,20.39,20.39,20.39,20.39,20.39,20.39,20.39,20.39,20.39,20.39
1238,20.39,20.39,20.39,20.39,20.39,20.39,20.39,20.39,20.39,20.39
1239,20.39,20.39,20.39,20.39,20.39,20.39,20.39,20.39,20.39,20.39
1240,20.39,20.39,20.39,20.39,20.39,20.39,20.39,20.39,20.39,20.39
1241,20.39,20.39,20.39,20.39,20.39,20.39,20.39,20.39,20.39,20.39
1242,20.39,20.39,20.39,20.39,20.39,20.39,20.39,20.39,20.39,20.39
1243,20.39,20.39,20.39,20.39,20.39,20.39,20.39,20.39,20.39,20.39
1244,20.39,20.39,20.39,20.39,20.39,20.39,20.39,20.39,20.39,20.39
1245,20.39,20.39,20.39,20.39,20.39,20.39,20.39,20.39,20.39,20.39
1246,20.39,20.39,20.39,20.39,20.39,20.39,20.39,20.39,20.39,20.39
1247,20.39,20.39,20.39,20.39,20.39,20.39,20.39,20.39,20.39,20.39
1248,20.39,20.39,20.39,20.39,20.39,20.39,20.39,20.39,20.39,20.39
1249,20.39,20.39,20.39,20.39,20.39,20.39,20.39,20.39,20.39,20.39
1250,20.39,20.39,20.39,20.39,20.39,20.39,20.39,20.39,20.39,20.39
1251,20.39,20.39,20.39,20.39,20.39,20.39,20.39,20.39,20.39,20.39
1252,20.39,20.39,20.39,20.39,20.39,20.39,20.39,20.39,20.39,20.39
1253,20.39,20.39,20.39,20.39,20.39,20.39,20.39,20.39,20.39,20.39
1254,20.39,20.39,20.39,20.39,20.39,20.39,20.39,20.39,20.39,20.39
1255,20.39,20.39,20.39,20.39,20.39,20.39,20.39,20.39,20.39,20.39
1256,20.39,20.39,20.39,20.39,20.39,20.39,20.39,20.39,20.39,20.39
1257,20.39,20.39,20.39,20.39,20.39,20.39,20.39,20.39,20.39,20.39
1258,20.39,20.39,20.39,20.39,20.39,20.39,20.39,20.39,20.39,20.39
1259,20.39,20.39,20.39,20.39,20.39,20.39,20.39,20.39,20.39,20.39
1260,20.39,20.39,20.39,20.39,20.39,20.39,20.39,20.39,20.39,20.39
1261,20.39,20.39,20.39,20.39,20.39,20.39,20.39,20.39,20.39,20.39
1262,20.39,20.39,20.39,20.39,20.39,20.39,20.39,20.39,20.39,20.39
1263,20.39,20.39,20.39,20.39,20.39,20.39,20.39,20.39,20.39,20.39
1264,20.39,20.39,20.39,20.39,20.39,20.39,20.39,20.39,20.39,20.39
1265,20.39,20.39,20.39,20.39,20.39,20.39,20.39,20.39,20.39,20.39
1266,20.39,20.39,20.39,20.39,20.39,20.39,20.39,20.39,20.39,20.39
1267,20.39,20.39,20.39,20.39,20.39,20.39,20.39,20.39,20.39,20.39
1268,20.39,20.39,20.39,20.39,20.39,20.39,20.39,20.39,20.39,20.39
1269,20.39,20.39,20.39,20.39,20.39,20.39,20.39,20.39,20.39,20.39
1270,20.39,20.39,20.39,20.39,20.39,20.39,20.39,20.39,20.39,20.39
1271,20.39,20.39,20.39,20.39,20.39,20.39,20.39,20.39,20.39,20.39
1272,20.39,20.39,20.39,20.39,20.39,20.39,20.39,20.39,20.39,20.39
1273,20.39,20.39,20.39,20.39,20.39,20.39,20.39,20.39,20.39,20.39
1274,20.39,20.39,20.39,20.39,20.39,20.39,20.39,20.39,20.39,20.39
1275,20.39,20.39,20.39,20.39,20.39,20.39,20.39,20.39,20.39,20.39
1276,20.39,20.39,20.39,20.39,20.39,20.39,20.39,20.39,20.39,20.39
1277,20.39,20.39,20.39,20.39,20.39,20.39,20.39,20.39,20.39,20.39
1278,20.39,20.39,20.39,20.39,20.39,20.39,20.39,20.39,20.39,20.39
1279,20.39,20.39,20.39,20.39,20.39,20.39,20.39,20.39,20.39,20.39
1280,20.39,20.39,20.39,20.39,20.39,20.39,20.39,20.39,20.39,20.39
1281,20.39,20.39,20.39,20.39,20.39,20.39,20.39,20.39,20.39,20.39
1282,20.39,20.39,20.39,20.39,20.39,20.39,20.39,20.39,20.39,20.39
1283,20.39,20.39,20.39,20.39,20.39,20.39,20.39,20.39,20.39,20.39
1284,20.39,20.39,20.39,20.39,20.39,20.39,20.39,20.39,20.39,20.39
1285,20.39,20.39,20.39,20.39,20.39,20.39,20.39,20.39,20.39,20.39
1286,20.39,20.39,20.39,20.39,20.39,20.39,20.39,20.39,20.39,20.39
1287,20.39,20.39,20.39,20.39,20.39,20.39,20.39,20.39,20.39,20.39
1288,20.39,20.39,20.39,20.39,20.39,20.39,20.39,20.39,20.39,20.39
1289,20.39,20.39,20.39,20.39,20.39,20.39,20.39,20.39,20.39,20.39
1290,20.39,20.39,20.39,20.39,20.39,20.39,20.39,20.39,20.39,20.39
1291,20.39,20.39,20.39,20.39,20.39,20.39,20.39,20.39,20.39,20.39
1292,20.39,20.39,20.39,20.39,20.39,20.39,20.39,20.39,20.39,20.39
1293,20.39,20.39,20.39,20.39,20.39,20.39,20.39,20.39,20.39,20.39
1294,20.39,20.39,20.39,20.39,20.39,20.39,20.39,20.39,20.39,20.39
1295,20.39,20.39,20.39,20.39,20.39,20.39,20.39,20.39,20.39,20.39
1296,20.39,20.39,20.39,20.39,20.39,20.39,20.39,20.39,20.39,20.39
1297,20.39,20.39,20.39,20.39,20.39,20.39,20.39,20.39,20.39,20.39
1298,20.39,20.39,20.39,20.39,20.39,20.39,20.39,20.39,20.39,20.39
1299,20.39,20.39,20.39,20.39,20.39,20.39,20.39,20.39,20.39,20.39
1300,20.39,20.39,20.39,20.39,20.39,20.39,20.39,20.39,20.39,20.39
1301,20.39,20.39,20.39,20.39,20.39,20.39,20.39,20.39,20.39,20.39
1302,20.39,20.39,20.39,20.39,20.39,20.39,20.39,20.39,20.39,20.39
1303,20.39,20.39,20.39,20.39,20.39,20.39,20.39,20.39,20.39,20.39
1304,20.39,20.39,20.39,20.39,20.39,20.39,20.39,20.39,20.39,20.39
1305,20.39,20.39,20.39,20.39,20.39,20.39,20.39,20.39,20.39,20.39
1306,20.39,20.39,20.39,20.39,20.39,20.39,20.39,20.39,20.39,20.39
1307,20.39,20.39,20.39,20.39,20.39,20.39,20.39,20.39,20.39,20.39
1308,20.39,20.39,20.39,20.39,20.39,20.39,20.39,20.39,20.39,20.39
1309,20.39,20.39,20.39,20.39,20.39,20.39,20.39,20.39,20.39,20.39
1310,20.39,20.39,20.39,20.39,20.39,20.39,20.39,20.39,20.39,20.39
1311,20.39,20.39,20.39,20.39,20.39,20.39,20.39,20.39,20.39,20.39
1312,20.39,20.39,20.39,20.39,20.39,20.39,20.39,20.39,20.39,20.39
1313,20.39,20.39,20.39,20.39,20.39,20.39,20.39,20.39,20.39,20.39
1314,20.39,20.39,20.39,20.39,20.39,20.39,20.39,20.39,20.39,20.39
1315,20.39,20.39,20.39,20.39,20.39,20.39,20.39,20.39,20.39,20.39
1316,20.39,20.39,20.39,20.39,20.39,20.39,20.39,20.39,20.39,20.39
1317,20.39,20.39,20.39,20.39,20.39,20.39,20.39,20.39,20.39,20.39
1318,20.39,20.39,20.39,20.39,20.39,20.39,20.39,20.39,20.39,20.39
1319,20.39,20.39,20.39,20.39,20.39,20.39,20.39,20.39,20.39,20.39
1320,20.39,20.39,20.39,20.39,20.39,20.39,20.39,20.39,20.39,20.39
1321,20.39,20.39,20.39,20.39,20.39,20.39,20.39,20.39,20.39,20.39
1322,20.39,20.39,20.39,20.39,20.39,20.39,20.39,20.39,20.39,20.39
1323,20.39,20.39,20.39,20.39,20.39,20.39,20.39,20.39,20.39,20.39
1324,20.39,20.39,20.39,20.39,20.39,20.39,20.39,20.39,20.39,20.39
1325,20.39,20.39,20.39,20.39,20.39,20.39,20.39,20.39,20.39,20.39
1326,20.39,20.39,20.39,20.39,20.39,20.39,20.39,20.39,20.39,20.39
1327,20.39,20.39,20.39,20.39,20.39,20.39,20.39,20.39,20.39,20.39
1328,20.39,20.39,20.39,20.39,20.39,20.39,20.39,20.39,20.39,20.39
1329,20.39,20.39,20.39,20.39,20.39,20.39,20.39,20.39,20.39,20.39
1330,20.39,20.39,20.39,20.39,20.39,20.39,20.39,20.39,20.39,20.39
1331,20.39,20.39,20.39,20.39,20.39,20.39,20.39,20.39,20.39,20.39
1332,20.39,20.39,20.39,20.39,20.39,20.39,20.39,20.39,20.39,20.39
1333,20.39,20.39,20.39,20.39,20.39,20.39,20.39,20.39,20.39,20.39
1334,20.39,20.39,20.39,20.39,20.39,20.39,20.39,20.39,20.39,20.39
1335,20.39,20.39,20.39,20.39,20.39,20.39,20.39,20.39,20.39,20.39
1336,20.39,20.39,20.39,20.39,20.39,20.39,20.39,20.39,20.39,20.39
1337,20.39,20.39,20.39,20.39,20.39,20.39,20.39,20.39,20.39,20.39
1338,20.39,20.39,20.39,20.39,20.39,20.39,20.39,20.39,20.39,20.39
1339,20.39,20.39,20.39,20.39,20.39,20.39,20.39,20.39,20.39,20.39
1340,20.39,20.39,20.39,20.39,20.39,20.39,20.39,20.39,20.39,20.39
1341,20.39,20.39,20.39,20.39,20.39,20.39,20.39,20.39,20.39,20.39
1342,20.39,20.39,20.39,20.39,20.39,20.39,20.39,20.39,20.39,20.39
1343,20.39,20.39,20.39,20.39,20.39,20.39,20.39,20.39,20.39,20.39
1344,20.39,20.39,20.39,20.39,20.39,20.39,20.39,20.39,20.39,20.39
1345,20.39,20.39,20.39,20.39,20.39,20.39,20.39,20.39,20.39,20.39
1346,20.39,20.39,20.39,20.39,20.39,20.39,20.39,20.39,20.39,20.39
1347,20.39,20.39,20.39,20.39,20.39,20.39,20.39,20.39,20.39,20.39
1348,20.39,20.39,20.39,20.39,20.39,20.39,20.39,20.39,20.39,20.39
1349,20.39,20.39,20.39,20.39,20.39,20.39,20.39,20.39,20.39,20.39
1350,20.39,20.39,20.39,20.39,20.39,20.39,20.39,20.39,20.39,20.39
1351,20.39,20.39,20.39,20.39,20.39,20.39,20.39,20.39,20.39,20.39
1352,20.39,20.39,20.39,20.39,20.39,20.39,20.39,20.39,20.39,20.39
1353,20.39,20.39,20.39,20.39,20.39,20.39,20.39,20.39,20.39,20.39
1354,20.39,20.39,20.39,20.39,20.39,20.39,20.39,20.39,20.39,20.39
1355,20.39,20.39,20.39,20.39,20.39,20.39,20.39,20.39,20.39,20.39
1356,20.39,20.39,20.39,20.39,20.39,20.39,20.39,20.39,20.39,20.39
1357,20.39,20.39,20.39,20.39,20.39,20.39,20.39,20.39,20.39,20.39
1358,20.39,20.39,20.39,20.39,20.39,20.39,20.39,20.39,20.39,20.39
1359,20.39,20.39,20.39,20.39,20.39,20.39,20.39,20.39,20.39,20.39
1360,20.39,20.39,20.39,20.39,20.39,20.39,20.39,20.39,20.39,20.39
1361,20.39,20.39,20.39,20.39,20.39,20.39,20.39,20.39,20.39,20.39
1362,20.39,20.39,20.39,20.39,20.39,20.39,20.39,20.39,20.39,20.39
1363,20.39,20.39,20.39,20.39,20.39,20.39,20.39,20.39,20.39,20.39
1364,20.39,20.39,20.39,20.39,20.39,20.39,20.39,20.39,20.39,20.39
1365,20.39,20.39,20.39,20.39,20.39,20.39,20.39,20.39,20.39,20.39
1366,20.39,20.39,20.39,20.39,20.39,20.39,20.39,20.39,20.39,20.39
1367,20.39,20.39,20.39,20.39,20.39,20.39,20.39,20.39,20.39,20.39
1368,20.39,20.39,20.39,20.39,20.39,20.39,20.39,20.39,20.39,20.39
1369,20.39,20.39,20.39,20.39,20.39,20.39,20.39,20.39,20.39,20.39
1370,20.39,20.39,20.39,20.39,20.39,20.39,20.39,20.39,20.39,20.39
1371,20.39,20.39,20.39,20.39,20.39,20.39,20.39,20.39,20.39,20.39
1372,20.39,20.39,20.39,20.39,20.39,20.39,20.39,20.39,20.39,20.39
1373,20.39,20.39,20.39,20.39,20.39,20.39,20.39,20.39,20.39,20.39
1374,20.39,20.39,20.39,20.39,20.39,20.39,20.39,20.39,20.39,20.39
1375,20.39,20.39,20.39,20.39,20.39,20.39,20.39,20.39,20.39,20.39
1376,20.39,20.39,20.39,20.39,20.39,20.39,20.39,20.39,20.39,20.39
1377,20.39,20.39,20.39,20.39,20.39,20.39,20.39,20.39,20.39,20.39
1378,20.39,20.39,20.39,20.39,20.39,20.39,20.39,20.39,20.39,20.39
1379,20.39,20.39,20.39,20.39,20.39,20.39,20.39,20.39,20.39,20.39
1380,20.39,20.39,20.39,20.39,20.39,20.39,20.39,20.39,20.39,20.39
1381,20.39,20.39,20.39,20.39,20.39,20.39,20.39,20.39,20.39,20.39
1382,20.39,20.39,20.39,20.39,20.39,20.39,20.39,20.39,20.39,20.39
1383,20.39,20.39,20.39,20.39,20.39,20.39,20.39,20.39,20.39,20.39
1384,20.39,20.39,20.39,20.39,20.39,20.39,20.39,20.39,20.39,20.39
1385,20.39,20.39,20.39,20.39,20.39,20.39,20.39,20.39,20.39,20.39
1386,20.39,20.39,20.39,20.39,20.39,20.39,20.39,20.39,20.39,20.39
1387,20.39,20.39,20.39,20.39,20.39,20.39,20.39,20.39,20.39,20.39
1388,20.39,20.39,20.39,20.39,20.39,20.39,20.39,20.39,20.39,20.39
1389,20.39,20.39,20.39,20.39,20.39,20.39,20.39,20.39,20.39,20.39
1390,20.39,20.39,20.39,20.39,20.39,20.39,20.39,20.39,20.39,20.39
1391,20.39,20.39,20.39,20.39,20.39,20.39,20.39,20.39,20.39,20.39
1392,20.39,20.39,20.39,20.39,20.39,20.39,20.39,20.39,20.39,20.39
1393,20.39,20.39,20.39,20.39,20.39,20.39,20.39,20.39,20.39,20.39
1394,20.39,20.39,20.39,20.39,20.39,20.39,20.39,20.39,20.39,20.39
1395,20.39,20.39,20.39,20.39,20.39,20.39,20.39,20.39,20.39,20.39
1396,20.39,20.39,20.39,20.39,20.39,20.39,20.39,20.39,20.39,20.39
1397,20.39,20.39,20.39,20.39,20.39,20.39,20.39,20.39,20.39,20.39
1398,20.39,20.39,20.39,20.39,20.39,20.39,20.39,20.39,20.39,20.39
1399,20.39,20.39,20.39,20.39,20.39,20.39,20.39,20.39,20.39,20.39
1400,20.39,20.39,20.39,20.39,20.39,20.39,20.39,20.39,20.39,20.39
1401,20.39,20.39,20.39,20.39,20.39,20.39,20.39,20.39,20.39,20.39
1402,20.39,20.39,20.39,20.39,20.39,20.39,20.39,20.39,20.39,20.39
1403,20.39,20.39,20.39,20.39,20.39,20.39,20.39,20.39,20.39,20.39
1404,20.39,20.39,20.39,20.39,20.39,20.39,20.39,20.39,20.39,20.39
1405,20.39,20.39,20.39,20.39,20.39,20.39,20.39,20.39,20.39,20.39
1406,20.39,20.39,20.39,20.39,20.39,20.39,20.39,20.39,20.39,20.39
1407,20.39,20.39,20.39,20.39,20.39,20.39,20.39,20.39,20.39,20.39
1408,20.39,20.39,20.39,20.39,20.39,20.39,20.39,20.39,20.39,20.39
1409,20.39,20.39,20.39,20.39,20.39,20.39,20.39,20.39,20.39,20.39
1410,20.39,20.39,20.39,20.39,20.39,20.39,20.39,20.39,20.39,20.39
1411,20.39,20.39,20.39,20.39,20.39,20.39,20.39,20.39,20.39,20.39
1412,20.39,20.39,20.39,20.39,20.39,20.39,20.39,20.39,20.39,20.39
1413,20.39,20.39,20.39,20.39,20.39,20.39,20.39,20.39,20.39,20.39
1414,20.39,20.39,20.39,20.39,20.39,20.39,20.39,20.39,20.39,20.39
1415,20.39,20.39,20.39,20.39,20.39,20.39,20.39,20.39,20.39,20.39
1416,20.39,20.39,20.39,20.39,20.39,20.39,20.39,20.39,20.39,20.39
1417,20.39,20.39,20.39,20.39,20.39,20.39,20.39,20.39,20.39,20.39
1418,20.39,20.39,20.39,20.39,20.39,20.39,20.39,20.39,20.39,20.39
1419,20.39,20.39,20.39,20.39,20.39,20.39,20.39,20.39,20.39,20.39
1420,20.39,20.39,20.39,20.39,20.39,20.39,20.39,20.39,20.39,20.39
1421,20.39,20.39,20.39,20.39,20.39,20.39,20.39,20.39,20.39,20.39
1422,20.39,20.39,20.39,20.39,20.39,20.39,20.39,20.39,20.39,20.39
1423,20.39,20.39,20.39,20.39,20.39,20.39,20.39,20.39,20.39,20.39
1424,20.39,20.39,20.39,20.39,20.39,20.39,20.39,20.39,20.39,20.39
1425,20.39,20.39,20.39,20.39,20.39,20.39,20.39,20.39,20.39,20.39
1426,20.39,20.39,20.39,20.39,20.39,20.39,20.39,20.39,20.39,20.39
1427,20.39,20.39,20.39,20.39,20.39,20.39,20.39,20.39,20.39,20.39
1428,20.39,20.39,20.39,20.39,20.39,20.39,20.39,20.39,20.39,20.39
1429,20.39,20.39,20.39,20.39,20.39,20.39,20.39,20.39,20.39,20.39
1430,20.39,20.39,20.39,20.39,20.39,20.39,20.39,20.39,20.39,20.39
1431,20.39,20.39,20.39,20.39,20.39,20.39,20.39,20.39,20.39,20.39
1432,20.39,20.39,20.39,20.39,20.39,20.39,20.39,20.39,20.39,20.39
1433,20.39,20.39,20.39,20.39,20.39,20.39,20.39,20.39,20.39,20.39
1434,20.39,20.39,20.39,20.39,20.39,20.39,20.39,20.39,20.39,20.39
1435,20.39,20.39,20.39,20.39,20.39,20.39,20.39,20.39,20.39,20.39
1436,20.39,20.39,20.39,20.39,20.39,20.39,20.39,20.39,20.39,20.39
1437,20.39,20.39,20.39,20.39,20.39,20.39,20.39,20.39,20.39,20.39
1438,20.39,20.39,20.39,20.39,20.39,20.39,20.39,20.39,20.39,20.39
1439,20.39,20.39,20.39,20.39,20.39,20.39,20.39,20.39,20.39,20.39
1440,20.39,20.39,20.39,20.39,20.39,20.39,20.39,20.39,20.39,20.39
1441,20.39,20.39,20.39,20.39,20.39,20.39,20.39,20.39,20.39,20.39
1442,20.39,20.39,20.39,20.39,20.39,20.39,20.39,20.39,20.39,20.39
1443,20.39,20.39,20.39,20.39,20.39,20.39,20.39,20.39,20.39,20.39
1444,20.39,20.39,20.39,20.39,20.39,20.39,20.39,20.39,20.39,20.39
1445,20.39,20.39,20.39,20.39,20.39,20.39,20.39,20.39,20.39,20.39
1446,20.39,20.39,20.39,20.39,20.39,20.39,20.39,20.39,20.39,20.39
1447,20.39,20.39,20.39,20.39,20.39,20.39,20.39,20.39,20.39,20.39
1448,20.39,20.39,20.39,20.39,20.39,20.39,20.39,20.39,20.39,20.39
1449,20.39,20.39,20.39,20.39,20.39,20.39,20.39,20.39,20.39,20.39
1450,20.39,20.39,20.39,20.39,20.39,20.39,20.39,20.39,20.39,20.39
1451,20.39,20.39,20.39,20.39,20.39,20.39,20.39,20.39,20.39,20.39
1452,20.39,20.39,20.39,20.39,20.39,20.39,20.39,20.39,20.39,20.39
1453,20.39,20.39,20.39,20.39,20.39,20.39,20.39,20.39,20.39,20.39
1454,20.39,20.39,20.39,20.39,20.39,20.39,20.39,20.39,20.39,20.39
1455,20.39,20.39,20.39,20.39,20.39,20.39,20.39,20.39,20.39,20.39
1456,20.39,20.39,20.39,20.39,20.39,20.39,20.39,20.39,20.39,20.39
1457,20.39,20.39,20.39,20.39,20.39,20.39,20.39,20.39,20.39,20.39
1458,20.39,20.39,20.39,20.39,20.39,20.39,20.39,20.39,20.39,20.39
1459,20.39,20.39,20.39,20.39,20.39,20.39,20.39,20.39,20.39,20.39
1460,20.39,20.39,20.39,20.39,20.39,20.39,20.39,20.39,20.39,20.39
1461,20.39,20.39,20.39,20.39,20.39,20.39,20.39,20.39,20.39,20.39
1462,20.39,20.39,20.39,20.39,20.39,20.39,20.39,20.39,20.39,20.39
1463,20.39,20.39,20.39,20.39,20.39,20.39,20.39,20.39,20.39,20.39
1464,20.39,20.39,20.39,20.39,20.39,20.39,20.39,20.39,20.39,20.39
1465,20.39,20.39,20.39,20.39,20.39,20.39,20.39,20.39,20.39,20.39
1466,20.39,20.39,20.39,20.39,20.39,20.39,20.39,20.39,20.39,20.39
1467,20.39,20.39,20.39,20.39,20.39,20.39,20.39,20.39,20.39,20.39
1468,20.39,20.39,20.39,20.39,20.39,20.39,20.39,20.39,20.39,20.39
1469,20.39,20.39,20.39,20.39,20.39,20.39,20.39,20.39,20.39,20.39
1470,20.39,20.39,20.39,20.39,20.39,20.39,20.39,20.39,20.39,20.39
1471,20.39,20.39,20.39,20.39,20.39,20.39,20.39,20.39,20.39,20.39
1472,20.39,20.39,20.39,20.39,20.39,20.39,20.39,20.39,20.39,20.39
1473,20.39,20.39,20.39,20.39,20.39,20.39,20.39,20.39,20.39,20.39
1474,20.39,20.39,20.39,20.39,20.39,20.39,20.39,20.39,20.39,20.39
1475,20.39,20.39,20.39,20.39,20.39,20.39,20.39,20.39,20.39,20.39
1476,20.39,20.39,20.39,20.39,20.39,20.39,20.39,20.39,20.39,20.39
1477,20.39,20.39,20.39,20.39,20.39,20.39,20.39,20.39,20.39,20.39
1478,20.39,20.39,20.39,20.39,20.39,20.39,20.39,20.39,20.39,20.39
1479,20.39,20.39,20.39,20.39,20.39,20.39,20.39,20.39,20.39,20.39
1480,20.39,20.39,20.39,20.39,20.39,20.39,20.39,20.39,20.39,20.39
1481,20.39,20.39,20.39,20.39,20.39,20.39,20.39,20.39,20.39,20.39
1482,20.39,20.39,20.39,20.39,20.39,20.39,20.39,20.39,20.39,20.39
1483,20.39,20.39,20.39,20.39,20.39,20.39,20.39,20.39,20.39,20.39
1484,20.39,20.39,20.39,20.39,20.39,20.39,20.39,20.39,20.39,20.39
1485,20.39,20.39,20.39,20.39,20.39,20.39,20.39,20.39,20.39,20.39
1486,20.39,20.39,20.39,20.39,20.39,20.39,20.39,20.39,20.39,20.39
1487,20.39,20.39,20.39,20.39,20.39,20.39,20.39,20.39,20.39,20.39
1488,20.39,20.39,20.39,20.39,20.39,20.39,20.39,20.39,20.39,20.39
1489,20.39,20.39,20.39,20.39,20.39,20.39,20.39,20.39,20.39,20.39
1490,20.39,20.39,20.39,20.39,20.39,20.39,20.39,20.39,20.39,20.39
1491,20.39,20.39,20.39,20.39,20.39,20.39,20.39,20.39,20.39,20.39
1492,20.39,20.39,20.39,20.39,20.39,20.39,20.39,20.39,20.39,20.39
1493,20.39,20.39,20.39,20.39,20.39,20.39,20.39,20.39,20.39,20.39
1494,20.39,20.39,20.39,20.39,20.39,20.39,20.39,20.39,20.39,20.39
1495,20.39,20.39,20.39,20.39,20.39,20.39,20.39,20.39,20.39,20.39
1496,20.39,20.39,20.39,20.39,20.39,20.39,20.39,20.39,20.39,20.39
1497,20.39,20.39,20.39,20.39,20.39,20.39,20.39,20.39,20.39,20.39
1498,20.39,20.39,20.39,20.39,20.39,20.39,20.39,20.39,20.39,20.39
1499,20.39,20.39,20.39,20.39,20.39,20.39,20.39,20.39,20.39,20.39
1500,20.39,20.39,20.39,20.39,20.39,20.39,20.39,20.39,20.39,20.39
1501,20.39,20.39,20.39,20.39,20.39,20.39,20.39,20.39,20.39,20.39
1502,20.39,20.39,20.39,20.39,20.39,20.39,20.39,20.39,20.39,20.39
1503,20.39,20.39,20.39,20.39,20.39,20.39,20.39,20.39,20.39,20.39
1504,20.39,20.39,20.39,20.39,20.39,20.39,20.39,20.39,20.39,20.39
1505,20.39,20.39,20.39,20.39,20.39,20.39,20.39,20.39,20.39,20.39
1506,20.39,20.39,20.39,20.39,20.39,20.39,20.39,20.39,20.39,20.39
1507,20.39,20.39,20.39,20.39,20.39,20.39,20.39,20.39,20.39,20.39
1508,20.39,20.39,20.39,20.39,20.39,20.39,20.39,20.39,20.39,20.39
1509,20.39,20.39,20.39,20.39,20.39,20.39,20.39,20.39,20.39,20.39
1510,20.39,20.39,20.39,20.39,20.39,20.39,20.39,20.39,20.39,20.39
1511,20.39,20.39,20.39,20.39,20.39,20.39,20.39,20.39,20.39,20.39
1512,20.39,20.39,20.39,20.39,20.39,20.39,20.39,20.39,20.39,20.39
1513,20.39,20.39,20.39,20.39,20.39,20.39,20.39,20.39,20.39,20.39
1514,20.39,20.39,20.39,20.39,20.39,20.39,20.39,20.39,20.39,20.39
1515,20.39,20.39,20.39,20.39,20.39,20.39,20.39,20.39,20.39,20.39
1516,20.39,20.39,20.39,20.39,20.39,20.39,20.39,20.39,20.39,20.39
1517,20.39,20.39,20.39,20.39,20.39,20.39,20.39,20.39,20.39,20.39
1518,20.39,20.39,20.39,20.39,20.39,20.39,20.39,20.39,20.39,20.39
1519,20.39,20.39,20.39,20.39,20.39,20.39,20.39,20.39,20.39,20.39
1520,20.39,20.39,20.39,20.39,20.39,20.39,20.39,20.39,20.39,20.39
1521,20.39,20.39,20.39,20.39,20.39,20.39,20.39,20.39,20.39,20.39
1522,20.39,20.39,20.39,20.39,20.39,20.39,20.39,20.39,20.39,20.39
1523,20.39,20.39,20.39,20.39,20.39,20.39,20.39,20.39,20.39,20.39
1524,20.39,20.39,20.39,20.39,20.39,20.39,20.39,20.39,20.39,20.39
1525,20.39,20.39,20.39,20.39,20.39,20.39,20.39,20.39,20.39,20.39
1526,20.39,20.39,20.39,20.39,20.39,20.39,20.39,20.39,20.39,20.39
1527,20.39,20.39,20.39,20.39,20.39,20.39,20.39,20.39,20.39,20.39
1528,20.39,20.39,20.39,20.39,20.39,20.39,20.39,20.39,20.39,20.39
1529,20.39,20.39,20.39,20.39,20.39,20.39,20.39,20.39,20.39,20.39
1530,20.39,20.39,20.39,20.39,20.39,20.39,20.39,20.39,20.39,20.39
1531,20.39,20.39,20.39,20.39,20.39,20.39,20.39,20.39,20.39,20.39
1532,20.39,20.39,20.39,20.39,20.39,20.39,20.39,20.39,20.39,20.39
1533,20.39,20.39,20.39,20.39,20.39,20.39,20.39,20.39,20.39,20.39
1534,20.39,20.39,20.39,20.39,20.39,20.39,20.39,20.39,20.39,20.39
1535,20.39,20.39,20.39,20.39,20.39,20.39,20.39,20.39,20.39,20.39
1536,20.39,20.39,20.39,20.39,20.39,20.39,20.39,20.39,20.39,20.39
1537,20.39,20.39,20.39,20.39,20.39,20.39,20.39,20.39,20.39,20.39
1538,20.39,20.39,20.39,20.39,20.39,20.39,20.39,20.39,20.39,20.39
1539,20.39,20.39,20.39,20.39,20.39,20.39,20.39,20.39,20.39,20.39
1540,20.39,20.39,20.39,20.39,20.39,20.39,20.39,20.39,20.39,20.39
1541,20.39,20.39,20.39,20.39,20.39,20.39,20.39,20.39,20.39,20.39
1542,20.39,20.39,20.39,20.39,20.39,20.39,20.39,20.39,20.39,20.39
1543,20.39,20.39,20.39,20.39,20.39,20.39,20.39,20.39,20.39,20.39
1544,20.39,20.39,20.39,20.39,20.39,20.39,20.39,20.39,20.39,20.39
1545,20.39,20.39,20.39,20.39,20.39,20.39,20.39,20.39,20.39,20.39
1546,20.39,20.39,20.39,20.39,20.39,20.39,20.39,20.39,20.39,20.39
1547,20.39,20.39,20.39,20.39,20.39,20.39,20.39,20.39,20.39,20.39
1548,20.39,20.39,20.39,20.39,20.39,20.39,20.39,20.39,20.39,20.39
1549,20.39,20.39,20.39,20.39,20.39,20.39,20.39,20.39,20.39,20.39
1550,20.39,20.39,20.39,20.39,20.39,20.39,20.39,20.39,20.39,20.39
1551,20.39,20.39,20.39,20.39,20.39,20.39,20.39,20.39,20.39,20.39
1552,20.39,20.39,20.39,20.39,20.39,20.39,20.39,20.39,20.39,20.39
1553,20.39,20.39,20.39,20.39,20.39,20.39,20.39,20.39,20.39,20.39
1554,20.39,20.39,20.39,20.39,20.39,20.39,20.39,20.39,20.39,20.39
1555,20.39,20.39,20.39,20.39,20.39,20.39,20.39,20.39,20.39,20.39
1556,20.39,20.39,20.39,20.39,20.39,20.39,20.39,20.39,20.39,20.39
1557,20.39,20.39,20.39,20.39,20.39,20.39,20.39,20.39,20.39,20.39
1558,20.39,20.39,20.39,20.39,20.39,20.39,20.39,20.39,20.39,20.39
1559,20.39,20.39,20.39,20.39,20.39,20.39,20.39,20.39,20.39,20.39
1560,20.39,20.39,20.39,20.39,20.39,20.39,20.39,20.39,20.39,20.39
1561,20.39,20.39,20.39,20.39,20.39,20.39,20.39,20.39,20.39,20.39
1562,20.39,20.39,20.39,20.39,20.39,20.39,20.39,20.39,20.39,20.39
1563,20.39,20.39,20.39,20.39,20.39,20.39,20.39,20.39,20.39,20.39
1564,20.39,20.39,20.39,20.39,20.39,20.39,20.39,20.39,20.39,20.39
1565,20.39,20.39,20.39,20.39,20.39,20.39,20.39,20.39,20.39,20.39
1566,20.39,20.39,20.39,20.39,20.39,20.39,20.39,20.39,20.39,20.39
1567,20.39,20.39,20.39,20.39,20.39,20.39,20.39,20.39,20.39,20.39
1568,20.39,20.39,20.39,20.39,20.39,20.39,20.39,20.39,20.39,20.39
1569,20.39,20.39,20.39,20.39,20.39,20.39,20.39,20.39,20.39,20.39
1570,20.39,20.39,20.39,20.39,20.39,20.39,20.39,20.39,20.39,20.39
1571,20.39,20.39,20.39,20.39,20.39,20.39,20.39,20.39,20.39,20.39
1572,20.39,20.39,20.39,20.39,20.39,20.39,20.39,20.39,20.39,20.39
1573,20.39,20.39,20.39,20.39,20.39,20.39,20.39,20.39,20.39,20.39
1574,20.39,20.39,20.39,20.39,20.39,20.39,20.39,20.39,20.39,20.39
1575,20.39,20.39,20.39,20.39,20.39,20.39,20.39,20.39,20.39,20.39
1576,20.39,20.39,20.39,20.39,20.39,20.39,20.39,20.39,20.39,20.39
1577,20.39,20.39,20.39,20.39,20.39,20.39,20.39,20.39,20.39,20.39
1578,20.39,20.39,20.39,20.39,20.39,20.39,20.39,20.39,20.39,20.39
1579,20.39,20.39,20.39,20.39,20.39,20.39,20.39,20.39,20.39,20.39
1580,20.39,20.39,20.39,20.39,20.39,20.39,20.39,20.39,20.39,20.39
1581,20.39,20.39,20.39,20.39,20.39,20.39,20.39,20.39,20.39,20.39
1582,20.39,20.39,20.39,20.39,20.39,20.39,20.39,20.39,20.39,20.39
1583,20.39,20.39,20.39,20.39,20.39,20.39,20.39,20.39,20.39,20.39
1584,20.39,20.39,20.39,20.39,20.39,20.39,20.39,20.39,20.39,20.39
1585,20.39,20.39,20.39,20.39,20.39,20.39,20.39,20.39,20.39,20.39
1586,20.39,20.39,20.39,20.39,20.39,20.39,20.39,20.39,20.39,20.39
1587,20.39,20.39,20.39,20.39,20.39,20.39,20.39,20.39,20.39,20.39
1588,20.39,20.39,20.39,20.39,20.39,20.39,20.39,20.39,20.39,20.39
1589,20.39,20.39,20.39,20.39,20.39,20.39,20.39,20.39,20.39,20.39
1590,20.39,20.39,20.39,20.39,20.39,20.39,20.39,20.39,20.39,20.39
1591,20.39,20.39,20.39,20.39,20.39,20.39,20.39,20.39,20.39,20.39
1592,20.39,20.39,20.39,20.39,20.39,20.39,20.39,20.39,20.39,20.39
1593,20.39,20.39,20.39,20.39,20.39,20.39,20.39,20.39,20.39,20.39
1594,20.39,20.39,20.39,20.39,20.39,20.39,20.39,20.39,20.39,20.39
1595,20.39,20.39,20.39,20.39,20.39,20.39,20.39,20.39,20.39,20.39
1596,20.39,20.39,20.39,20.39,20.39,20.39,20.39,20.39,20.39,20.39
1597,20.39,20.39,20.39,20.39,20.39,20.39,20.39,20.39,20.39,20.39
1598,20.39,20.39,20.39,20.39,20.39,20.39,20.39,20.39,20.39,20.39
1599,20.39,20.39,20.39,20.39,20.39,20.39,20.39,20.39,20.39,20.39
1600,20.39,20.39,20.39,20.39,20.39,20.39,20.39,20.39,20.39,20.39
1601,20.39,20.39,20.39,20.39,20.39,20.39,20.39,20.39,20.39,20.39
1602,20.39,20.39,20.39,20.39,20.39,20.39,20.39,20.39,20.39,20.39
1603,20.39,20.39,20.39,20.39,20.39,20.39,20.39,20.39,20.39,20.39
1604,20.39,20.39,20.39,20.39,20.39,20.39,20.39,20.39,20.39,20.39
1605,20.39,20.39,20.39,20.39,20.39,20.39,20.39,20.39,20.39,20.39
1606,20.39,20.39,20.39,20.39,20.39,20.39,20.39,20.39,20.39,20.39
1607,20.39,20.39,20.39,20.39,20.39,20.39,20.39,20.39,20.39,20.39
1608,20.39,20.39,20.39,20.39,20.39,20.39,20.39,20.39,20.39,20.39
1609,20.39,20.39,20.39,20.39,20.39,20.39,20.39,20.39,20.39,20.39
1610,20.39,20.39,20.39,20.39,20.39,20.39,20.39,20.39,20.39,20.39
1611,20.39,20.39,20.39,20.39,20.39,20.39,20.39,20.39,20.39,20.39
1612,20.39,20.39,20.39,20.39,20.39,20.39,20.39,20.39,20.39,20.39
1613,20.39,20.39,20.39,20.39,20.39,20.39,20.39,20.39,20.39,20.39
1614,20.39,20.39,20.39,20.39,20.39,20.39,20.39,20.39,20.39,20.39
1615,20.39,20.39,20.39,20.39,20.39,20.39,20.39,20.39,20.39,20.39
1616,20.39,20.39,20.39,20.39,20.39,20.39,20.39,20.39,20.39,20.39
1617,20.39,20.39,20.39,20.39,20.39,20.39,20.39,20.39,20.39,20.39
1618,20.39,20.39,20.39,20.39,20.39,20.39,20.39,20.39,20.39,20.39
1619,20.39,20.39,20.39,20.39,20.39,20.39,20.39,20.39,20.39,20.39
1620,20.39,20.39,20.39,20.39,20.39,20.39,20.39,20.39,20.39,20.39
1621,20.39,20.39,20.39,20.39,20.39,20.39,20.39,20.39,20.39,20.39
1622,20.39,20.39,20.39,20.39,20.39,20.39,20.39,20.39,20.39,20.39
1623,20.39,20.39,20.39,20.39,20.39,20.39,20.39,20.39,20.39,20.39
1624,20.39,20.39,20.39,20.39,20.39,20.39,20.39,20.39,20.39,20.39
1625,20.39,20.39,20.39,20.39,20.39,20.39,20.39,20.39,20.39,20.39
1626,20.39,20.39,20.39,20.39,20.39,20.39,20.39,20.39,20.39,20.39
1627,20.39,20.39,20.39,20.39,20.39,20.39,20.39,20.39,20.39,20.39
1628,20.39,20.39,20.39,20.39,20.39,20.39,20.39,20.39,20.39,20.39
1629,20.39,20.39,20.39,20.39,20.39,20.39,20.39,20.39,20.39,20.39
1630,20.39,20.39,20.39,20.39,20.39,20.39,20.39,20.39,20.39,20.39
1631,20.39,20.39,20.39,20.39,20.39,20.39,20.39,20.39,20.39,20.39
1632,20.39,20.39,20.39,20.39,20.39,20.39,20.39,20.39,20.39,20.39
1633,20.39,20.39,20.39,20.39,20.39,20.39,20.39,20.39,20.39,20.39
1634,20.39,20.39,20.39,20.39,20.39,20.39,20.39,20.39,20.39,20.39
1635,20.39,20.39,20.39,20.39,20.39,20.39,20.39,20.39,20.39,20.39
1636,20.39,20.39,20.39,20.39,20.39,20.39,20.39,20.39,20.39,20.39
1637,20.39,20.39,20.39,20.39,20.39,20.39,20.39,20.39,20.39,20.39
1638,20.39,20.39,20.39,20.39,20.39,20.39,20.39,20.39,20.39,20.39
1639,20.39,20.39,20.39,20.39,20.39,20.39,20.39,20.39,20.39,20.39
1640,20.39,20.39,20.39,20.39,20.39,20.39,20.39,20.39,20.39,20.39
1641,20.39,20.39,20.39,20.39,20.39,20.39,20.39,20.39,20.39,20.39
1642,20.39,20.39,20.39,20.39,20.39,20.39,20.39,20.39,20.39,20.39
1643,20.39,20.39,20.39,20.39,20.39,20.39,20.39,20.39,20.39,20.39
1644,20.39,20.39,20.39,20.39,20.39,20.39,20.39,20.39,20.39,20.39
1645,20.39,20.39,20.39,20.39,20.39,20.39,20.39,20.39,20.39,20.39
1646,20.39,20.39,20.39,20.39,20.39,20.39,20.39,20.39,20.39,20.39
1647,20.39,20.39,20.39,20.39,20.39,20.39,20.39,20.39,20.39,20.39
1648,20.39,20.39,20.39,20.39,20.39,20.39,20.39,20.39,20.39,20.39
1649,20.39,20.39,20.39,20.39,20.39,20.39,20.39,20.39,20.39,20.39
1650,20.39,20.39,20.39,20.39,20.39,20.39,20.39,20.39,20.39,20.39
1651,20.39,20.39,20.39,20.39,20.39,20.39,20.39,20.39,20.39,20.39
1652,20.39,20.39,20.39,20.39,20.39,20.39,20.39,20.39,20.39,20.39
1653,20.39,20.39,20.39,20.39,20.39,20.39,20.39,20.39,20.39,20.39
1654,20.39,20.39,20.39,20.39,20.39,20.39,20.39,20.39,20.39,20.39
1655,20.39,20.39,20.39,20.39,20.39,20.39,20.39,20.39,20.39,20.39
1656,20.39,20.39,20.39,20.39,20.39,20.39,20.39,20.39,20.39,20.39
1657,20.39,20.39,20.39,20.39,20.39,20.39,20.39,20.39,20.39,20.39
1658,20.39,20.39,20.39,20.39,20.39,20.39,20.39,20.39,20.39,20.39
1659,20.39,20.39,20.39,20.39,20.39,20.39,20.39,20.39,20.39,20.39
1660,20.39,20.39,20.39,20.39,20.39,20.39,20.39,20.39,20.39,20.39
1661,20.39,20.39,20.39,20.39,20.39,20.39,20.39,20.39,20.39,20.39
1662,20.39,20.39,20.39,20.39,20.39,20.39,20.39,20.39,20.39,20.39
1663,20.39,20.39,20.39,20.39,20.39,20.39,20.39,20.39,20.39,20.39
1664,20.39,20.39,20.39,20.39,20.39,20.39,20.39,20.39,20.39,20.39
1665,20.39,20.39,20.39,20.39,20.39,20.39,20.39,20.39,20.39,20.39
1666,20.39,20.39,20.39,20.39,20.39,20.39,20.39,20.39,20.39,20.39
1667,20.39,20.39,20.39,20.39,20.39,20.39,20.39,20.39,20.39,20.39
1668,20.39,20.39,20.39,20.39,20.39,20.39,20.39,20.39,20.39,20.39
1669,20.39,20.39,20.39,20.39,20.39,20.39,20.39,20.39,20.39,20.39
1670,20.39,20.39,20.39,20.39,20.39,20.39,20.39,20.39,20.39,20.39
1671,20.39,20.39,20.39,20.39,20.39,20.39,20.39,20.39,20.39,20.39
1672,20.39,20.39,20.39,20.39,20.39,20.39,20.39,20.39,20.39,20.39
1673,20.39,20.39,20.39,20.39,20.39,20.39,20.39,20.39,20.39,20.39
1674,20.39,20.39,20.39,20.39,20.39,20.39,20.39,20.39,20.39,20.39
1675,20.39,20.39,20.39,20.39,20.39,20.39,20.39,20.39,20.39,20.39
1676,20.39,20.39,20.39,20.39,20.39,20.39,20.39,20.39,20.39,20.39
1677,20.39,20.39,20.39,20.39,20.39,20.39,20.39,20.39,20.39,20.39
1678,20.39,20.39,20.39,20.39,20.39,20.39,20.39,20.39,20.39,20.39
1679,20.39,20.39,20.39,20.39,20.39,20.39,20.39,20.39,20.39,20.39
1680,20.39,20.39,20.39,20.39,20.39,20.39,20.39,20.39,20.39,20.39
1681,20.39,20.39,20.39,20.39,20.39,20.39,20.39,20.39,20.39,20.39
1682,20.39,20.39,20.39,20.39,20.39,20.39,20.39,20.39,20.39,20.39
1683,20.39,20.39,20.39,20.39,20.39,20.39,20.39,20.39,20.39,20.39
1684,20.39,20.39,20.39,20.39,20.39,20.39,20.39,20.39,20.39,20.39
1685,20.39,20.39,20.39,20.39,20.39,20.39,20.39,20.39,20.39,20.39
1686,20.39,20.39,20.39,20.39,20.39,20.39,20.39,20.39,20.39,20.39
1687,20.39,20.39,20.39,20.39,20.39,20.39,20.39,20.39,20.39,20.39
1688,20.39,20.39,20.39,20.39,20.39,20.39,20.39,20.39,20.39,20.39
1689,20.39,20.39,20.39,20.39,20.39,20.39,20.39,20.39,20.39,20.39
1690,20.39,20.39,20.39,20.39,20.39,20.39,20.39,20.39,20.39,20.39
1691,20.39,20.39,20.39,20.39,20.39,20.39,20.39,20.39,20.39,20.39
1692,20.39,20.39,20.39,20.39,20.39,20.39,20.39,20.39,20.39,20.39
1693,20.39,20.39,20.39,20.39,20.39,20.39,20.39,20.39,20.39,20.39
1694,20.39,20.39,20.39,20.39,20.39,20.39,20.39,20.39,20.39,20.39
1695,20.39,20.39,20.39,20.39,20.39,20.39,20.39,20.39,20.39,20.39
1696,20.39,20.39,20.39,20.39,20.39,20.39,20.39,20.39,20.39,20.39
1697,20.39,20.39,20.39,20.39,20.39,20.39,20.39,20.39,20.39,20.39
1698,20.39,20.39,20.39,20.39,20.39,20.39,20.39,20.39,20.39,20.39
1699,20.39,20.39,20.39,20.39,20.39,20.39,20.39,20.39,20.39,20.39
1700,20.39,20.39,20.39,20.39,20.39,20.39,20.39,20.39,20.39,20.39
1701,20.39,20.39,20.39,20.39,20.39,20.39,20.39,20.39,20.39,20.39
1702,20.39,20.39,20.39,20.39,20.39,20.39,20.39,20.39,20.39,20.39
1703,20.39,20.39,20.39,20.39,20.39,20.39,20.39,20.39,20.39,20.39
1704,20.39,20.39,20.39,20.39,20.39,20.39,20.39,20.39,20.39,20.39
1705,20.39,20.39,20.39,20.39,20.39,20.39,20.39,20.39,20.39,20.39
1706,20.39,20.39,20.39,20.39,20.39,20.39,20.39,20.39,20.39,20.39
1707,20.39,20.39,20.39,20.39,20.39,20.39,20.39,20.39,20.39,20.39
1708,20.39,20.39,20.39,20.39,20.39,20.39,20.39,20.39,20.39,20.39
1709,20.39,20.39,20.39,20.39,20.39,20.39,20.39,20.39,20.39,20.39
1710,20.39,20.39,20.39,20.39,20.39,20.39,20.39,20.39,20.39,20.39
1711,20.39,20.39,20.39,20.39,20.39,20.39,20.39,20.39,20.39,20.39
1712,20.39,20.39,20.39,20.39,20.39,20.39,20.39,20.39,20.39,20.39
1713,20.39,20.39,20.39,20.39,20.39,20.39,20.39,20.39,20.39,20.39
1714,20.39,20.39,20.39,20.39,20.39,20.39,20.39,20.39,20.39,20.39
1715,20.39,20.39,20.39,20.39,20.39,20.39,20.39,20.39,20.39,20.39
1716,20.39,20.39,20.39,20.39,20.39,20.39,20.39,20.39,20.39,20.39
1717,20.39,20.39,20.39,20.39,20.39,20.39,20.39,20.39,20.39,20.39
1718,20.39,20.39,20.39,20.39,20.39,20.39,20.39,20.39,20.39,20.39
1719,20.39,20.39,20.39,20.39,20.39,20.39,20.39,20.39,20.39,20.39
1720,20.39,20.39,20.39,20.39,20.39,20.39,20.39,20.39,20.39,20.39
1721,20.39,20.39,20.39,20.39,20.39,20.39,20.39,20.39,20.39,20.39
1722,20.39,20.39,20.39,20.39,20.39,20.39,20.39,20.39,20.39,20.39
1723,20.39,20.39,20.39,20.39,20.39,20.39,20.39,20.39,20.39,20.39
1724,20.39,20.39,20.39,20.39,20.39,20.39,20.39,20.39,20.39,20.39
1725,20.39,20.39,20.39,20.39,20.39,20.39,20.39,20.39,20.39,20.39
1726,20.39,20.39,20.39,20.39,20.39,20.39,20.39,20.39,20.39,20.39
1727,20.39,20.39,20.39,20.39,20.39,20.39,20.39,20.39,20.39,20.39
1728,20.39,20.39,20.39,20.39,20.39,20.39,20.39,20.39,20.39,20.39
1729,20.39,20.39,20.39,20.39,20.39,20.39,20.39,20.39,20.39,20.39
1730,20.39,20.39,20.39,20.39,20.39,20.39,20.39,20.39,20.39,20.39
1731,20.39,20.39,20.39,20.39,20.39,20.39,20.39,20.39,20.39,20.39
1732,20.39,20.39,20.39,20.39,20.39,20.39,20.39,20.39,20.39,20.39
1733,20.39,20.39,20.39,20.39,20.39,20.39,20.39,20.39,20.39,20.39
1734,20.39,20.39,20.39,20.39,20.39,20.39,20.39,20.39,20.39,20.39
1735,20.39,20.39,20.39,20.39,20.39,20.39,20.39,20.39,20.39,20.39
1736,20.39,20.39,20.39,20.39,20.39,20.39,20.39,20.39,20.39,20.39
1737,20.39,20.39,20.39,20.39,20.39,20.39,20.39,20.39,20.39,20.39
1738,20.39,20.39,20.39,20.39,20.39,20.39,20.39,20.39,20.39,20.39
1739,20.39,20.39,20.39,20.39,20.39,20.39,20.39,20.39,20.39,20.39
1740,20.39,20.39,20.39,20.39,20.39,20.39,20.39,20.39,20.39,20.39
1741,20.39,20.39,20.39,20.39,20.39,20.39,20.39,20.39,20.39,20.39
1742,20.39,20.39,20.39,20.39,20.39,20.39,20.39,20.39,20.39,20.39
1743,20.39,20.39,20.39,20.39,20.39,20.39,20.39,20.39,20.39,20.39
1744,20.39,20.39,20.39,20.39,20.39,20.39,20.39,20.39,20.39,20.39
1745,20.39,20.39,20.39,20.39,20.39,20.39,20.39,20.39,20.39,20.39
1746,20.39,20.39,20.39,20.39,20.39,20.39,20.39,20.39,20.39,20.39
1747,20.39,20.39,20.39,20.39,20.39,20.39,20.39,20.39,20.39,20.39
1748,20.39,20.39,20.39,20.39,20.39,20.39,20.39,20.39,20.39,20.39
1749,20.39,20.39,20.39,20.39,20.39,20.39,20.39,20.39,20.39,20.39
1750,20.39,20.39,20.39,20.39,20.39,20.39,20.39,20.39,20.39,20.39
1751,20.39,20.39,20.39,20.39,20.39,20.39,20.39,20.39,20.39,20.39
1752,20.39,20.39,20.39,20.39,20.39,20.39,20.39,20.39,20.39,20.39
1753,20.39,20.39,20.39,20.39,20.39,20.39,20.39,20.39,20.39,20.39
1754,20.39,20.39,20.39,20.39,20.39,20.39,20.39,20.39,20.39,20.39
1755,20.39,20.39,20.39,20.39,20.39,20.39,20.39,20.39,20.39,20.39
1756,20.39,20.39,20.39,20.39,20.39,20.39,20.39,20.39,20.39,20.39
1757,20.39,20.39,20.39,20.39,20.39,20.39,20.39,20.39,20.39,20.39
1758,20.39,20.39,20.39,20.39,20.39,20.39,20.39,20.39,20.39,20.39
1759,20.39,20.39,20.39,20.39,20.39,20.39,20.39,20.39,20.39,20.39
1760,20.39,20.39,20.39,20.39,20.39,20.39,20.39,20.39,20.39,20.39
1761,20.39,20.39,20.39,20.39,20.39,20.39,20.39,20.39,20.39,20.39
1762,20.39,20.39,20.39,20.39,20.39,20.39,20.39,20.39,20.39,20.39
1763,20.39,20.39,20.39,20.39,20.39,20.39,20.39,20.39,20.39,20.39
1764,20.39,20.39,20.39,20.39,20.39,20.39,20.39,20.39,20.39,20.39
1765,20.39,20.39,20.39,20.39,20.39,20.39,20.39,20.39,20.39,20.39
1766,20.39,20.39,20.39,20.39,20.39,20.39,20.39,20.39,20.39,20.39
1767,20.39,20.39,20.39,20.39,20.39,20.39,20.39,20.39,20.39,20.39
1768,20.39,20.39,20.39,20.39,20.39,20.39,20.39,20.39,20.39,20.39
1769,20.39,20.39,20.39,20.39,20.39,20.39,20.39,20.39,20.39,20.39
1770,20.39,20.39,20.39,20.39,20.39,20.39,20.39,20.39,20.39,20.39
1771,20.39,20.39,20.39,20.39,20.39,20.39,20.39,20.39,20.39,20.39
1772,20.39,20.39,20.39,20.39,20.39,20.39,20.39,20.39,20.39,20.39
1773,20.39,20.39,20.39,20.39,20.39,20.39,20.39,20.39,20.39,20.39
1774,20.39,20.39,20.39,20.39,20.39,20.39,20.39,20.39,20.39,20.39
1775,20.39,20.39,20.39,20.39,20.39,20.39,20.39,20.39,20.39,20.39
1776,20.39,20.39,20.39,20.39,20.39,20.39,20.39,20.39,20.39,20.39
1777,20.39,20.39,20.39,20.39,20.39,20.39,20.39,20.39,20.39,20.39
1778,20.39,20.39,20.39,20.39,20.39,20.39,20.39,20.39,20.39,20.39
1779,20.39,20.39,20.39,20.39,20.39,20.39,20.39,20.39,20.39,20.39
1780,20.39,20.39,20.39,20.39,20.39,20.39,20.39,20.39,20.39,20.39
1781,20.39,20.39,20.39,20.39,20.39,20.39,20.39,20.39,20.39,20.39
1782,20.39,20.39,20.39,20.39,20.39,20.39,20.39,20.39,20.39,20.39
1783,20.39,20.39,20.39,20.39,20.39,20.39,20.39,20.39,20.39,20.39
1784,20.39,20.39,20.39,20.39,20.39,20.39,20.39,20.39,20.39,20.39
1785,20.39,20.39,20.39,20.39,20.39,20.39,20.39,20.39,20.39,20.39
1786,20.39,20.39,20.39,20.39,20.39,20.39,20.39,20.39,20.39,20.39
1787,20.39,20.39,20.39,20.39,20.39,20.39,20.39,20.39,20.39,20.39
1788,20.39,20.39,20.39,20.39,20.39,20.39,20.39,20.39,20.39,20.39
1789,20.39,20.39,20.39,20.39,20.39,20.39,20.39,20.39,20.39,20.39
1790,20.39,20.39,20.39,20.39,20.39,20.39,20.39,20.39,20.39,20.39
1791,20.39,20.39,20.39,20.39,20.39,20.39,20.39,20.39,20.39,20.39
1792,20.39,20.39,20.39,20.39,20.39,20.39,20.39,20.39,20.39,20.39
1793,20.39,20.39,20.39,20.39,20.39,20.39,20.39,20.39,20.39,20.39
1794,20.39,20.39,20.39,20.39,20.39,20.39,20.39,20.39,20.39,20.39
1795,20.39,20.39,20.39,20.39,20.39,20.39,20.39,20.39,20.39,20.39
1796,20.39,20.39,20.39,20.39,20.39,20.39,20.39,20.39,20.39,20.39
1797,20.39,20.39,20.39,20.39,20.39,20.39,20.39,20.39,20.39,20.39
1798,20.39,20.39,20.39,20.39,20.39,20.39,20.39,20.39,20.39,20.39
1799,20.39,20.39,20.39,20.39,20.39,20.39,20.39,20.39,20.39,20.39
1800,20.39,20.39,20.39,20.39,20.39,20.39,20.39,20.39,20.39,20.39
1801,20.39,20.39,20.39,20.39,20.39,20.39,20.39,20.39,20.39,20.39
1802,20.39,20.39,20.39,20.39,20.39,20.39,20.39,20.39,20.39,20.39
1803,20.39,20.39,20.39,20.39,20.39,20.39,20.39,20.39,20.39,20.39
1804,20.39,20.39,20.39,20.39,20.39,20.39,20.39,20.39,20.39,20.39
1805,20.39,20.39,20.39,20.39,20.39,20.39,20.39,20.39,20.39,20.39
1806,20.39,20.39,20.39,20.39,20.39,20.39,20.39,20.39,20.39,20.39
1807,20.39,20.39,20.39,20.39,20.39,20.39,20.39,20.39,20.39,20.39
1808,20.39,20.39,20.39,20.39,20.39,20.39,20.39,20.39,20.39,20.39
1809,20.39,20.39,20.39,20.39,20.39,20.39,20.39,20.39,20.39,20.39
1810,20.39,20.39,20.39,20.39,20.39,20.39,20.39,20.39,20.39,20.39
1811,20.39,20.39,20.39,20.39,20.39,20.39,20.39,20.39,20.39,20.39
1812,20.39,20.39,20.39,20.39,20.39,20.39,20.39,20.39,20.39,20.39
1813,20.39,20.39,20.39,20.39,20.39,20.39,20.39,20.39,20.39,20.39
1814,20.39,20.39,20.39,20.39,20.39,20.39,20.39,20.39,20.39,20.39
1815,20.39,20.39,20.39,20.39,20.39,20.39,20.39,20.39,20.39,20.39
1816,20.39,20.39,20.39,20.39,20.39,20.39,20.39,20.39,20.39,20.39
1817,20.39,20.39,20.39,20.39,20.39,20.39,20.39,20.39,20.39,20.39
1818,20.39,20.39,20.39,20.39,20.39,20.39,20.39,20.39,20.39,20.39
1819,20.39,20.39,20.39,20.39,20.39,20.39,20.39,20.39,20.39,20.39
1820,20.39,20.39,20.39,20.39,20.39,20.39,20.39,20.39,20.39,20.39
1821,20.39,20.39,20.39,20.39,20.39,20.39,20.39,20.39,20.39,20.39
1822,20.39,20.39,20.39,20.39,20.39,20.39,20.39,20.39,20.39,20.39
1823,20.39,20.39,20.39,20.39,20.39,20.39,20.39,20.39,20.39,20.39
1824,20.39,20.39,20.39,20.39,20.39,20.39,20.39,20.39,20.39,20.39
1825,20.39,20.39,20.39,20.39,20.39,20.39,20.39,20.39,20.39,20.39
1826,20.39,20.39,20.39,20.39,20.39,20.39,20.39,20.39,20.39,20.39
1827,20.39,20.39,20.39,20.39,20.39,20.39,20.39,20.39,20.39,20.39
1828,20.39,20.39,20.39,20.39,20.39,20.39,20.39,20.39,20.39,20.39
1829,20.39,20.39,20.39,20.39,20.39,20.39,20.39,20.39,20.39,20.39
1830,20.39,20.39,20.39,20.39,20.39,20.39,20.39,20.39,20.39,20.39
1831,20.39,20.39,20.39,20.39,20.39,20.39,20.39,20.39,20.39,20.39
1832,20.39,20.39,20.39,20.39,20.39,20.39,20.39,20.39,20.39,20.39
1833,20.39,20.39,20.39,20.39,20.39,20.39,20.39,20.39,20.39,20.39
1834,20.39,20.39,20.39,20.39,20.39,20.39,20.39,20.39,20.39,20.39
1835,20.39,20.39,20.39,20.39,20.39,20.39,20.39,20.39,20.39,20.39
1836,20.39,20.39,20.39,20.39,20.39,20.39,20.39,20.39,20.39,20.39
1837,20.39,20.39,20.39,20.39,20.39,20.39,20.39,20.39,20.39,20.39
1838,20.39,20.39,20.39,20.39,20.39,20.39,20.39,20.39,20.39,20.39
1839,20.39,20.39,20.39,20.39,20.39,20.39,20.39,20.39,20.39,20.39
1840,20.39,20.39,20.39,20.39,20.39,20.39,20.39,20.39,20.39,20.39
1841,20.39,20.39,20.39,20.39,20.39,20.39,20.39,20.39,20.39,20.39
1842,20.39,20.39,20.39,20.39,20.39,20.39,20.39,20.39,20.39,20.39
1843,20.39,20.39,20.39,20.39,20.39,20.39,20.39,20.39,20.39,20.39
1844,20.39,20.39,20.39,20.39,20.39,20.39,20.39,20.39,20.39,20.39
1845,20.39,20.39,20.39,20.39,20.39,20.39,20.39,20.39,20.39,20.39
1846,20.39,20.39,20.39,20.39,20.39,20.39,20.39,20.39,20.39,20.39
1847,20.39,20.39,20.39,20.39,20.39,20.39,20.39,20.39,20.39,20.39
1848,20.39,20.39,20.39,20.39,20.39,20.39,20.39,20.39,20.39,20.39
1849,20.39,20.39,20.39,20.39,20.39,20.39,20.39,20.39,20.39,20.39
1850,20.39,20.39,20.39,20.39,20.39,20.39,20.39,20.39,20.39,20.39
1851,20.39,20.39,20.39,20.39,20.39,20.39,20.39,20.39,20.39,20.39
1852,20.39,20.39,20.39,20.39,20.39,20.39,20.39,20.39,20.39,20.39
1853,20.39,20.39,20.39,20.39,20.39,20.39,20.39,20.39,20.39,20.39
1854,20.39,20.39,20.39,20.39,20.39,20.39,20.39,20.39,20.39,20.39
1855,20.39,20.39,20.39,20.39,20.39,20.39,20.39,20.39,20.39,20.39
1856,20.39,20.39,20.39,20.39,20.39,20.39,20.39,20.39,20.39,20.39
1857,20.39,20.39,20.39,20.39,20.39,20.39,20.39,20.39,20.39,20.39
1858,20.39,20.39,20.39,20.39,20.39,20.39,20.39,20.39,20.39,20.39
1859,20.39,20.39,20.39,20.39,20.39,20.39,20.39,20.39,20.39,20.39
1860,20.39,20.39,20.39,20.39,20.39,20.39,20.39,20.39,20.39,20.39
1861,20.39,20.39,20.39,20.39,20.39,20.39,20.39,20.39,20.39,20.39
1862,20.39,20.39,20.39,20.39,20.39,20.39,20.39,20.39,20.39,20.39
1863,20.39,20.39,20.39,20.39,20.39,20.39,20.39,20.39,20.39,20.39
1864,20.39,20.39,20.39,20.39,20.39,20.39,20.39,20.39,20.39,20.39
1865,20.39,20.39,20.39,20.39,20.39,20.39,20.39,20.39,20.39,20.39
1866,20.39,20.39,20.39,20.39,20.39,20.39,20.39,20.39,20.39,20.39
1867,20.39,20.39,20.39,20.39,20.39,20.39,20.39,20.39,20.39,20.39
1868,20.39,20.39,20.39,20.39,20.39,20.39,20.39,20.39,20.39,20.39
1869,20.39,20.39,20.39,20.39,20.39,20.39,20.39,20.39,20.39,20.39
1870,20.39,20.39,20.39,20.39,20.39,20.39,20.39,20.39,20.39,20.39
1871,20.39,20.39,20.39,20.39,20.39,20.39,20.39,20.39,20.39,20.39
1872,20.39,20.39,20.39,20.39,20.39,20.39,20.39,20.39,20.39,20.39
1873,20.39,20.39,20.39,20.39,20.39,20.39,20.39,20.39,20.39,20.39
1874,20.39,20.39,20.39,20.39,20.39,20.39,20.39,20.39,20.39,20.39
1875,20.39,20.39,20.39,20.39,20.39,20.39,20.39,20.39,20.39,20.39
1876,20.39,20.39,20.39,20.39,20.39,20.39,20.39,20.39,20.39,20.39
1877,20.39,20.39,20.39,20.39,20.39,20.39,20.39,20.39,20.39,20.39
1878,20.39,20.39,20.39,20.39,20.39,20.39,20.39,20.39,20.39,20.39
1879,20.39,20.39,20.39,20.39,20.39,20.39,20.39,20.39,20.39,20.39
1880,20.39,20.39,20.39,20.39,20.39,20.39,20.39,20.39,20.39,20.39
1881,20.39,20.39,20.39,20.39,20.39,20.39,20.39,20.39,20.39,20.39
1882,20.39,20.39,20.39,20.39,20.39,20.39,20.39,20.39,20.39,20.39
1883,20.39,20.39,20.39,20.39,20.39,20.39,20.39,20.39,20.39,20.39
1884,20.39,20.39,20.39,20.39,20.39,20.39,20.39,20.39,20.39,20.39
1885,20.39,20.39,20.39,20.39,20.39,20.39,20.39,20.39,20.39,20.39
1886,20.39,20.39,20.39,20.39,20.39,20.39,20.39,20.39,20.39,20.39
1887,20.39,20.39,20.39,20.39,20.39,20.39,20.39,20.39,20.39,20.39
1888,20.39,20.39,20.39,20.39,20.39,20.39,20.39,20.39,20.39,20.39
1889,20.39,20.39,20.39,20.39,20.39,20.39,20.39,20.39,20.39,20.39
1890,20.39,20.39,20.39,20.39,20.39,20.39,20.39,20.39,20.39,20.39
1891,20.39,20.39,20.39,20.39,20.39,20.39,20.39,20.39,20.39,20.39
1892,20.39,20.39,20.39,20.39,20.39,20.39,20.39,20.39,20.39,20.39
1893,20.39,20.39,20.39,20.39,20.39,20.39,20.39,20.39,20.39,20.39
1894,20.39,20.39,20.39,20.39,20.39,20.39,20.39,20.39,20.39,20.39
1895,20.39,20.39,20.39,20.39,20.39,20.39,20.39,20.39,20.39,20.39
1896,20.39,20.39,20.39,20.39,20.39,20.39,20.39,20.39,20.39,20.39
1897,20.39,20.39,20.39,20.39,20.39,20.39,20.39,20.39,20.39,20.39
1898,20.39,20.39,20.39,20.39,20.39,20.39,20.39,20.39,20.39,20.39
1899,20.39,20.39,20.39,20.39,20.39,20.39,20.39,20.39,20.39,20.39
1900,20.39,20.39,20.39,20.39,20.39,20.39,20.39,20.39,20.39,20.39
1901,20.39,20.39,20.39,20.39,20.39,20.39,20.39,20.39,20.39,20.39
1902,20.39,20.39,20.39,20.39,20.39,20.39,20.39,20.39,20.39,20.39
1903,20.39,20.39,20.39,20.39,20.39,20.39,20.39,20.39,20.39,20.39
1904,20.39,20.39,20.39,20.39,20.39,20.39,20.39,20.39,20.39,20.39
1905,20.39,20.39,20.39,20.39,20.39,20.39,20.39,20.39,20.39,20.39
1906,20.39,20.39,20.39,20.39,20.39,20.39,20.39,20.39,20.39,20.39
1907,20.39,20.39,20.39,20.39,20.39,20.39,20.39,20.39,20.39,20.39
1908,20.39,20.39,20.39,20.39,20.39,20.39,20.39,20.39,20.39,20.39
1909,20.39,20.39,20.39,20.39,20.39,20.39,20.39,20.39,20.39,20.39
1910,20.39,20.39,20.39,20.39,20.39,20.39,20.39,20.39,20.39,20.39
1911,20.39,20.39,20.39,20.39,20.39,20.39,20.39,20.39,20.39,20.39
1912,20.39,20.39,20.39,20.39,20.39,20.39,20.39,20.39,20.39,20.39
1913,20.39,20.39,20.39,20.39,20.39,20.39,20.39,20.39,20.39,20.39
1914,20.39,20.39,20.39,20.39,20.39,20.39,20.39,20.39,20.39,20.39
1915,20.39,20.39,20.39,20.39,20.39,20.39,20.39,20.39,20.39,20.39
1916,20.39,20.39,20.39,20.39,20.39,20.39,20.39,20.39,20.39,20.39
1917,20.39,20.39,20.39,20.39,20.39,20.39,20.39,20.39,20.39,20.39
1918,20.39,20.39,20.39,20.39,20.39,20.39,20.39,20.39,20.39,20.39
1919,20.39,20.39,20.39,20.39,20.39,20.39,20.39,20.39,20.39,20.39
1920,20.39,20.39,20.39,20.39,20.39,20.39,20.39,20.39,20.39,20.39
1921,20.39,20.39,20.39,20.39,20.39,20.39,20.39,20.39,20.39,20.39
1922,20.39,20.39,20.39,20.39,20.39,20.39,20.39,20.39,20.39,20.39
1923,20.39,20.39,20.39,20.39,20.39,20.39,20.39,20.39,20.39,20.39
1924,20.39,20.39,20.39,20.39,20.39,20.39,20.39,20.39,20.39,20.39
1925,20.39,20.39,20.39,20.39,20.39,20.39,20.39,20.39,20.39,20.39
1926,20.39,20.39,20.39,20.39,20.39,20.39,20.39,20.39,20.39,20.39
1927,20.39,20.39,20.39,20.39,20.39,20.39,20.39,20.39,20.39,20.39
1928,20.39,20.39,20.39,20.39,20.39,20.39,20.39,20.39,20.39,20.39
1929,20.39,20.39,20.39,20.39,20.39,20.39,20.39,20.39,20.39,20.39
1930,20.39,20.39,20.39,20.39,20.39,20.39,20.39,20.39,20.39,20.39
1931,20.39,20.39,20.39,20.39,20.39,20.39,20.39,20.39,20.39,20.39
1932,20.39,20.39,20.39,20.39,20.39,20.39,20.39,20.39,20.39,20.39
1933,20.39,20.39,20.39,20.39,20.39,20.39,20.39,20.39,20.39,20.39
1934,20.39,20.39,20.39,20.39,20.39,20.39,20.39,20.39,20.39,20.39
1935,20.39,20.39,20.39,20.39,20.39,20.39,20.39,20.39,20.39,20.39
1936,20.39,20.39,20.39,20.39,20.39,20.39,20.39,20.39,20.39,20.39
1937,20.39,20.39,20.39,20.39,20.39,20.39,20.39,20.39,20.39,20.39
1938,20.39,20.39,20.39,20.39,20.39,20.39,20.39,20.39,20.39,20.39
1939,20.39,20.39,20.39,20.39,20.39,20.39,20.39,20.39,20.39,20.39
1940,20.39,20.39,20.39,20.39,20.39,20.39,20.39,20.39,20.39,20.39
1941,20.39,20.39,20.39,20.39,20.39,20.39,20.39,20.39,20.39,20.39
1942,20.39,20.39,20.39,20.39,20.39,20.39,20.39,20.39,20.39,20.39
1943,20.39,20.39,20.39,20.39,20.39,20.39,20.39,20.39,20.39,20.39
1944,20.39,20.39,20.39,20.39,20.39,20.39,20.39,20.39,20.39,20.39
1945,20.39,20.39,20.39,20.39,20.39,20.39,20.39,20.39,20.39,20.39
1946,20.39,20.39,20.39,20.39,20.39,20.39,20.39,20.39,20.39,20.39
1947,20.39,20.39,20.39,20.39,20.39,20.39,20.39,20.39,20.39,20.39
1948,20.39,20.39,20.39,20.39,20.39,20.39,20.39,20.39,20.39,20.39
1949,20.39,20.39,20.39,20.39,20.39,20.39,20.39,20.39,20.39,20.39
1950,20.39,20.39,20.39,20.39,20.39,20.39,20.39,20.39,20.39,20.39
1951,20.39,20.39,20.39,20.39,20.39,20.39,20.39,20.39,20.39,20.39
1952,20.39,20.39,20.39,20.39,20.39,20.39,20.39,20.39,20.39,20.39
1953,20.39,20.39,20.39,20.39,20.39,20.39,20.39,20.39,20.39,20.39
1954,20.39,20.39,20.39,20.39,20.39,20.39,20.39,20.39,20.39,20.39
1955,20.39,20.39,20.39,20.39,20.39,20.39,20.39,20.39,20.39,20.39
1956,20.39,20.39,20.39,20.39,20.39,20.39,20.39,20.39,20.39,20.39
1957,20.39,20.39,20.39,20.39,20.39,20.39,20.39,20.39,20.39,20.39
1958,20.39,20.39,20.39,20.39,20.39,20.39,20.39,20.39,20.39,20.39
1959,20.39,20.39,20.39,20.39,20.39,20.39,20.39,20.39,20.39,20.39
1960,20.39,20.39,20.39,20.39,20.39,20.39,20.39,20.39,20.39,20.39
1961,20.39,20.39,20.39,20.39,20.39,20.39,20.39,20.39,20.39,20.39
1962,20.39,20.39,20.39,20.39,20.39,20.39,20.39,20.39,20.39,20.39
1963,20.39,20.39,20.39,20.39,20.39,20.39,20.39,20.39,20.39,20.39
1964,20.39,20.39,20.39,20.39,20.39,20.39,20.39,20.39,20.39,20.39
1965,20.39,20.39,20.39,20.39,20.39,20.39,20.39,20.39,20.39,20.39
1966,20.39,20.39,20.39,20.39,20.39,20.39,20.39,20.39,20.39,20.39
1967,20.39,20.39,20.39,20.39,20.39,20.39,20.39,20.39,20.39,20.39
1968,20.39,20.39,20.39,20.39,20.39,20.39,20.39,20.39,20.39,20.39
1969,20.39,20.39,20.39,20.39,20.39,20.39,20.39,20.39,20.39,20.39
1970,20.39,20.39,20.39,20.39,20.39,20.39,20.39,20.39,20.39,20.39
1971,20.39,20.39,20.39,20.39,20.39,20.39,20.39,20.39,20.39,20.39
1972,20.39,20.39,20.39,20.39,20.39,20.39,20.39,20.39,20.39,20.39
1973,20.39,20.39,20.39,20.39,20.39,20.39,20.39,20.39,20.39,20.39
1974,20.39,20.39,20.39,20.39,20.39,20.39,20.39,20.39,20.39,20.39
1975,20.39,20.39,20.39,20.39,20.39,20.39,20.39,20.39,20.39,20.39
1976,20.39,20.39,20.39,20.39,20.39,20.39,20.39,20.39,20.39,20.39
1977,20.39,20.39,20.39,20.39,20.39,20.39,20.39,20.39,20.39,20.39
1978,20.39,20.39,20.39,20.39,20.39,20.39,20.39,20.39,20.39,20.39
1979,20.39,20.39,20.39,20.39,20.39,20.39,20.39,20.39,20.39,20.39
1980,20.39,20.39,20.39,20.39,20.39,20.39,20.39,20.39,20.39,20.39
1981,20.39,20.39,20.39,20.39,20.39,20.39,20.39,20.39,20.39,20.39
1982,20.39,20.39,20.39,20.39,20.39,20.39,20.39,20.39,20.39,20.39
1983,20.39,20.39,20.39,20.39,20.39,20.39,20.39,20.39,20.39,20.39
1984,20.39,20.39,20.39,20.39,20.39,20.39,20.39,20.39,20.39,20.39
1985,20.39,20.39,20.39,20.39,20.39,20.39,20.39,20.39,20.39,20.39
1986,20.39,20.39,20.39,20.39,20.39,20.39,20.39,20.39,20.39,20.39
1987,20.39,20.39,20.39,20.39,20.39,20.39,20.39,20.39,20.39,20.39
1988,20.39,20.39,20.39,20.39,20.39,20.39,20.39,20.39,20.39,20.39
1989,20.39,20.39,20.39,20.39,20.39,20.39,20.39,20.39,20.39,20.39
1990,20.39,20.39,20.39,20.39,20.39,20.39,20.39,20.39,20.39,20.39
1991,20.39,20.39,20.39,20.39,20.39,20.39,20.39,20.39,20.39,20.39
1992,20.39,20.39,20.39,20.39,20.39,20.39,20.39,20.39,20.39,20.39
1993,20.39,20.39,20.39,20.39,20.39,20.39,20.39,20.39,20.39,20.39
1994,20.39,20.39,20.39,20.39,20.39,20.39,20.39,20.39,20.39,20.39
1995,20.39,20.39,20.39,20.39,20.39,20.39,20.39,20.39,20.39,20.39
1996,20.39,20.39,20.39,20.39,20.39,20.39,20.39,20.39,20.39,20.39
1997,20.39,20.39,20.39,20.39,20.39,20.39,20.39,20.39,20.39,20.39
1998,20.39,20.39,20.39,20.39,20.39,20.39,20.39,20.39,20.39,20.39
1999,20.39,20.39,20.39,20.39,20.39,20.39,20.39,20.39,20.39,20.39
2000,20.39,20.39,20.39,20.39,20.39,20.39,20.39,20.39,20.39,20.39
2001,20.39,20.39,20.39,20.39,20.39,20.39,20.39,20.39,20.39,20.39
2002,20.39,20.39,20.39,20.39,20.39,20.39,20.39,20.39,20.39,20.39
2003,20.39,20.39,20.39,20.39,20.39,20.39,20.39,20.39,20.39,20.39
2004,20.39,20.39,20.39,20.39,20.39,20.39,20.39,20.39,20.39,20.39
2005,20.39,20.39,20.39,20.39,20.39,20.39,20.39,20.39,20.39,20.39
2006,20.39,20.39,20.39,20.39,20.39,20.39,20.39,20.39,20.39,20.39
2007,20.39,20.39,20.39,20.39,20.39,20.39,20.39,20.39,20.39,20.39
2008,20.39,20.39,20.39,20.39,20.39,20.39,20.39,20.39,20.39,20.39
2009,20.39,20.39,20.39,20.39,20.39,20.39,20.39,20.39,20.39,20.39
2010,20.39,20.39,20.39,20.39,20.39,20.39,20.39,20.39,20.39,20.39
2011,20.39,20.39,20.39,20.39,20.39,20.39,20.39,20.39,20.39,20.39
2012,20.39,20.39,20.39,20.39,20.39,20.39,20.39,20.39,20.39,20.39
2013,20.39,20.39,20.39,20.39,20.39,20.39,20.39,20.39,20.39,20.39
2014,20.39,20.39,20.39,20.39,20.39,20.39,20.39,20.39,20.39,20.39
2015,20.39,20.39,20.39,20.39,20.39,20.39,20.39,20.39,20.39,20.39
2016,20.39,20.39,20.39,20.39,20.39,20.39,20.39,20.39,20.39,20.39
2017,20.39,20.39,20.39,20.39,20.39,20.39,20.39,20.39,20.39,20.39
2018,20.39,20.39,20.39,20.39,20.39,20.39,20.39,20.39,20.39,20.39
2019,20.39,20.39,20.39,20.39,20.39,20.39,20.39,20.39,20.39,20.39
2020,20.39,20.39,20.39,20.39,20.39,20.39,20.39,20.39,20.39,20.39
2021,20.39,20.39,20.39,20.39,20.39,20.39,20.39,20.39,20.39,20.39
2022,20.39,20.39,20.39,20.39,20.39,20.39,20.39,20.39,20.39,20.39
2023,20.39,20.39,20.39,20.39,20.39,20.39,20.39,20.39,20.39,20.39
2024,20.39,20.39,20.39,20.39,20.39,20.39,20.39,20.39,20.39,20.39
2025,20.39,20.39,20.39,20.39,20.39,20.39,20.39,20.39,20.39,20.39
2026,20.39,20.39,20.39,20.39,20.39,20.39,20.39,20.39,20.39,20.39
2027,20.39,20.39,20.39,20.39,20.39,20.39,20.39,20.39,20.39,20.39
2028,20.39,20.39,20.39,20.39,20.39,20.39,20.39,20.39,20.39,20.39
2029,20.39,20.39,20.39,20.39,20.39,20.39,20.39,20.39,20.39,20.39
2030,20.39,20.39,20.39,20.39,20.39,20.39,20.39,20.39,20.39,20.39
2031,20.39,20.39,20.39,20.39,20.39,20.39,20.39,20.39,20.39,20.39
2032,20.39,20.39,20.39,20.39,20.39,20.39,20.39,20.39,20.39,20.39
2033,20.39,20.39,20.39,20.39,20.39,20.39,20.39,20.39,20.39,20.39
2034,20.39,20.39,20.39,20.39,20.39,20.39,20.39,20.39,20.39,20.39
2035,20.39,20.39,20.39,20.39,20.39,20.39,20.39,20.39,20.39,20.39
2036,20.39,20.39,20.39,20.39,20.39,20.39,20.39,20.39,20.39,20.39
2037,20.39,20.39,20.39,20.39,20.39,20.39,20.39,20.39,20.39,20.39
2038,20.39,20.39,20.39,20.39,20.39,20.39,20.39,20.39,20.39,20.39
2039,20.39,20.39,20.39,20.39,20.39,20.39,20.39,20.39,20.39,20.39
2040,20.39,20.39,20.39,20.39,20.39,20.39,20.39,20.39,20.39,20.39
2041,20.39,20.39,20.39,20.39,20.39,20.39,20.39,20.39,20.39,20.39
2042,20.39,20.39,20.39,20.39,20.39,20.39,20.39,20.39,20.39,20.39
2043,20.39,20.39,20.39,20.39,20.39,20.39,20.39,20.39,20.39,20.39
2044,20.39,20.39,20.39,20.39,20.39,20.39,20.39,20.39,20.39,20.39
2045,20.39,20.39,20.39,20.39,20.39,20.39,20.39,20.39,20.39,20.39
2046,20.39,20.39,20.39,20.39,20.39,20.39,20.39,20.39,20.39,20.39
2047,20.39,20.39,20.39,20.39,20.39,20.39,20.39,20.39,20.39,20.39
2048,20.39,20.39,20.39,20.39,20.39,20.39,20.39,20.39,20.39,20.39
2049,20.39,20.39,20.39,20.39,20.39,20.39,20.39,20.39,20.39,20.39
2050,20.39,20.39,20.39,20.39,20.39,20.39,20.39,20.39,20.39,20.39
2051,20.39,20.39,20.39,20.39,20.39,20.39,20.39,20.39,20.39,20.39
2052,20.39,20.39,20.39,20.39,20.39,20.39,20.39,20.39,20.39,20.39
2053,20.39,20.39,20.39,20.39,20.39,20.39,20.39,20.39,20.39,20.39
2054,20.39,20.39,20.39,20.39,20.39,20.39,20.39,20.39,20.39,20.39
2055,20.39,20.39,20.39,20.39,20.39,20.39,20.39,20.39,20.39,20.39
2056,20.39,20.39,20.39,20.39,20.39,20.39,20.39,20.39,20.39,20.39
2057,20.39,20.39,20.39,20.39,20.39,20.39,20.39,20.39,20.39,20.39
2058,20.39,20.39,20.39,20.39,20.39,20.39,20.39,20.39,20.39,20.39
2059,20.39,20.39,20.39,20.39,20.39,20.39,20.39,20.39,20.39,20.39
2060,20.39,20.39,20.39,20.39,20.39,20.39,20.39,20.39,20.39,20.39
2061,20.39,20.39,20.39,20.39,20.39,20.39,20.39,20.39,20.39,20.39
2062,20.39,20.39,20.39,20.39,20.39,20.39,20.39,20.39,20.39,20.39
2063,20.39,20.39,20.39,20.39,20.39,20.39,20.39,20.39,20.39,20.39
2064,20.39,20.39,20.39,20.39,20.39,20.39,20.39,20.39,20.39,20.39
2065,20.39,20.39,20.39,20.39,20.39,20.39,20.39,20.39,20.39,20.39
2066,20.39,20.39,20.39,20.39,20.39,20.39,20.39,20.39,20.39,20.39
2067,20.39,20.39,20.39,20.39,20.39,20.39,20.39,20.39,20.39,20.39
2068,20.39,20.39,20.39,20.39,20.39,20.39,20.39,20.39,20.39,20.39
2069,20.39,20.39,20.39,20.39,20.39,20.39,20.39,20.39,20.39,20.39
2070,20.39,20.39,20.39,20.39,20.39,20.39,20.39,20.39,20.39,20.39
2071,20.39,20.39,20.39,20.39,20.39,20.39,20.39,20.39,20.39,20.39
2072,20.39,20.39,20.39,20.39,20.39,20.39,20.39,20.39,20.39,20.39
2073,20.39,20.39,20.39,20.39,20.39,20.39,20.39,20.39,20.39,20.39
2074,20.39,20.39,20.39,20.39,20.39,20.39,20.39,20.39,20.39,20.39
2075,20.39,20.39,20.39,20.39,20.39,20.39,20.39,20.39,20.39,20.39
2076,20.39,20.39,20.39,20.39,20.39,20.39,20.39,20.39,20.39,20.39
2077,20.39,20.39,20.39,20.39,20.39,20.39,20.39,20.39,20.39,20.39
2078,20.39,20.39,20.39,20.39,20.39,20.39,20.39,20.39,20.39,20.39
2079,20.39,20.39,20.39,20.39,20.39,20.39,20.39,20.39,20.39,20.39
2080,20.39,20.39,20.39,20.39,20.39,20.39,20.39,20.39,20.39,20.39
2081,20.39,20.39,20.39,20.39,20.39,20.39,20.39,20.39,20.39,20.39
2082,20.39,20.39,20.39,20.39,20.39,20.39,20.39,20.39,20.39,20.39
2083,20.39,20.39,20.39,20.39,20.39,20.39,20.39,20.39,20.39,20.39
2084,20.39,20.39,20.39,20.39,20.39,20.39,20.39,20.39,20.39,20.39
2085,20.39,20.39,20.39,20.39,20.39,20.39,20.39,20.39,20.39,20.39
2086,20.39,20.39,20.39,20.39,20.39,20.39,20.39,20.39,20.39,20.39
2087,20.39,20.39,20.39,20.39,20.39,20.39,20.39,20.39,20.39,20.39
2088,20.39,20.39,20.39,20.39,20.39,20.39,20.39,20.39,20.39,20.39
2089,20.39,20.39,20.39,20.39,20.39,20.39,20.39,20.39,20.39,20.39
2090,20.39,20.39,20.39,20.39,20.39,20.39,20.39,20.39,20.39,20.39
2091,20.39,20.39,20.39,20.39,20.39,20.39,20.39,20.39,20.39,20.39
2092,20.39,20.39,20.39,20.39,20.39,20.39,20.39,20.39,20.39,20.39
2093,20.39,20.39,20.39,20.39,20.39,20.39,20.39,20.39,20.39,20.39
2094,20.39,20.39,20.39,20.39,20.39,20.39,20.39,20.39,20.39,20.39
2095,20.39,20.39,20.39,20.39,20.39,20.39,20.39,20.39,20.39,20.39
2096,20.39,20.39,20.39,20.39,20.39,20.39,20.39,20.39,20.39,20.39
2097,20.39,20.39,20.39,20.39,20.39,20.39,20.39,20.39,20.39,20.39
2098,20.39,20.39,20.39,20.39,20.39,20.39,20.39,20.39,20.39,20.39
2099,20.39,20.39,20.39,20.39,20.39,20.39,20.39,20.39,20.39,20.39
2100,20.39,20.39,20.39,20.39,20.39,20.39,20.39,20.39,20.39,20.39
2101,20.39,20.39,20.39,20.39,20.39,20.39,20.39,20.39,20.39,20.39
2102,20.39,20.39,20.39,20.39,20.39,20.39,20.39,20.39,20.39,20.39
2103,20.39,20.39,20.39,20.39,20.39,20.39,20.39,20.39,20.39,20.39
2104,20.39,20.39,20.39,20.39,20.39,20.39,20.39,20.39,20.39,20.39
2105,20.39,20.39,20.39,20.39,20.39,20.39,20.39,20.39,20.39,20.39
2106,20.39,20.39,20.39,20.39,20.39,20.39,20.39,20.39,20.39,20.39
2107,20.39,20.39,20.39,20.39,20.39,20.39,20.39,20.39,20.39,20.39
2108,20.39,20.39,20.39,20.39,20.39,20.39,20.39,20.39,20.39,20.39
2109,20.39,20.39,20.39,20.39,20.39,20.39,20.39,20.39,20.39,20.39
2110,20.39,20.39,20.39,20.39,20.39,20.39,20.39,20.39,20.39,20.39
2111,20.39,20.39,20.39,20.39,20.39,20.39,20.39,20.39,20.39,20.39
2112,20.39,20.39,20.39,20.39,20.39,20.39,20.39,20.39,20.39,20.39
2113,20.39,20.39,20.39,20.39,20.39,20.39,20.39,20.39,20.39,20.39
2114,20.39,20.39,20.39,20.39,20.39,20.39,20.39,20.39,20.39,20.39
2115,20.39,20.39,20.39,20.39,20.39,20.39,20.39,20.39,20.39,20.39
2116,20.39,20.39,20.39,20.39,20.39,20.39,20.39,20.39,20.39,20.39
2117,20.39,20.39,20.39,20.39,20.39,20.39,20.39,20.39,20.39,20.39
2118,20.39,20.39,20.39,20.39,20.39,20.39,20.39,20.39,20.39,20.39
2119,20.39,20.39,20.39,20.39,20.39,20.39,20.39,20.39,20.39,20.39
2120,20.39,20.39,20.39,20.39,20.39,20.39,20.39,20.39,20.39,20.39
2121,20.39,20.39,20.39,20.39,20.39,20.39,20.39,20.39,20.39,20.39
2122,20.39,20.39,20.39,20.39,20.39,20.39,20.39,20.39,20.39,20.39
2123,20.39,20.39,20.39,20.39,20.39,20.39,20.39,20.39,20.39,20.39
2124,20.39,20.39,20.39,20.39,20.39,20.39,20.39,20.39,20.39,20.39
2125,20.39,20.39,20.39,20.39,20.39,20.39,20.39,20.39,20.39,20.39
2126,20.39,20.39,20.39,20.39,20.39,20.39,20.39,20.39,20.39,20.39
2127,20.39,20.39,20.39,20.39,20.39,20.39,20.39,20.39,20.39,20.39
2128,20.39,20.39,20.39,20.39,20.39,20.39,20.39,20.39,20.39,20.39
2129,20.39,20.39,20.39,20.39,20.39,20.39,20.39,20.39,20.39,20.39
2130,20.39,20.39,20.39,20.39,20.39,20.39,20.39,20.39,20.39,20.39
2131,20.39,20.39,20.39,20.39,20.39,20.39,20.39,20.39,20.39,20.39
2132,20.39,20.39,20.39,20.39,20.39,20.39,20.39,20.39,20.39,20.39
2133,20.39,20.39,20.39,20.39,20.39,20.39,20.39,20.39,20.39,20.39
2134,20.39,20.39,20.39,20.39,20.39,20.39,20.39,20.39,20.39,20.39
2135,20.39,20.39,20.39,20.39,20.39,20.39,20.39,20.39,20.39,20.39
2136,20.39,20.39,20.39,20.39,20.39,20.39,20.39,20.39,20.39,20.39
2137,20.39,20.39,20.39,20.39,20.39,20.39,20.39,20.39,20.39,20.39
2138,20.39,20.39,20.39,20.39,20.39,20.39,20.39,20.39,20.39,20.39
2139,20.39,20.39,20.39,20.39,20.39,20.39,20.39,20.39,20.39,20.39
2140,20.39,20.39,20.39,20.39,20.39,20.39,20.39,20.39,20.39,20.39
2141,20.39,20.39,20.39,20.39,20.39,20.39,20.39,20.39,20.39,20.39
2142,20.39,20.39,20.39,20.39,20.39,20.39,20.39,20.39,20.39,20.39
2143,20.39,20.39,20.39,20.39,20.39,20.39,20.39,20.39,20.39,20.39
2144,20.39,20.39,20.39,20.39,20.39,20.39,20.39,20.39,20.39,20.39
2145,20.39,20.39,20.39,20.39,20.39,20.39,20.39,20.39,20.39,20.39
2146,20.39,20.39,20.39,20.39,20.39,20.39,20.39,20.39,20.39,20.39
2147,20.39,20.39,20.39,20.39,20.39,20.39,20.39,20.39,20.39,20.39
2148,20.39,20.39,20.39,20.39,20.39,20.39,20.39,20.39,20.39,20.39
2149,20.39,20.39,20.39,20.39,20.39,20.39,20.39,20.39,20.39,20.39
2150,20.39,20.39,20.39,20.39,20.39,20.39,20.39,20.39,20.39,20.39
2151,20.39,20.39,20.39,20.39,20.39,20.39,20.39,20.39,20.39,20.39
2152,20.39,20.39,20.39,20.39,20.39,20.39,20.39,20.39,20.39,20.39
2153,20.39,20.39,20.39,20.39,20.39,20.39,20.39,20.39,20.39,20.39
2154,20.39,20.39,20.39,20.39,20.39,20.39,20.39,20.39,20.39,20.39
2155,20.39,20.39,20.39,20.39,20.39,20.39,20.39,20.39,20.39,20.39
2156,20.39,20.39,20.39,20.39,20.39,20.39,20.39,20.39,20.39,20.39
2157,20.39,20.39,20.39,20.39,20.39,20.39,20.39,20.39,20.39,20.39
2158,20.39,20.39,20.39,20.39,20.39,20.39,20.39,20.39,20.39,20.39
2159,20.39,20.39,20.39,20.39,20.39,20.39,20.39,20.39,20.39,20.39
2160,20.39,20.39,20.39,20.39,20.39,20.39,20.39,20.39,20.39,20.39
2161,20.39,20.39,20.39,20.39,20.39,20.39,20.39,20.39,20.39,20.39
2162,20.39,20.39,20.39,20.39,20.39,20.39,20.39,20.39,20.39,20.39
2163,20.39,20.39,20.39,20.39,20.39,20.39,20.39,20.39,20.39,20.39
2164,20.39,20.39,20.39,20.39,20.39,20.39,20.39,20.39,20.39,20.39
2165,20.39,20.39,20.39,20.39,20.39,20.39,20.39,20.39,20.39,20.39
2166,20.39,20.39,20.39,20.39,20.39,20.39,20.39,20.39,20.39,20.39
2167,20.39,20.39,20.39,20.39,20.39,20.39,20.39,20.39,20.39,20.39
2168,20.39,20.39,20.39,20.39,20.39,20.39,20.39,20.39,20.39,20.39
2169,20.39,20.39,20.39,20.39,20.39,20.39,20.39,20.39,20.39,20.39
2170,20.39,20.39,20.39,20.39,20.39,20.39,20.39,20.39,20.39,20.39
2171,20.39,20.39,20.39,20.39,20.39,20.39,20.39,20.39,20.39,20.39
2172,20.39,20.39,20.39,20.39,20.39,20.39,20.39,20.39,20.39,20.39
2173,20.39,20.39,20.39,20.39,20.39,20.39,20.39,20.39,20.39,20.39
2174,20.39,20.39,20.39,20.39,20.39,20.39,20.39,20.39,20.39,20.39
2175,20.39,20.39,20.39,20.39,20.39,20.39,20.39,20.39,20.39,20.39
2176,20.39,20.39,20.39,20.39,20.39,20.39,20.39,20.39,20.39,20.39
2177,20.39,20.39,20.39,20.39,20.39,20.39,20.39,20.39,20.39,20.39
2178,20.39,20.39,20.39,20.39,20.39,20.39,20.39,20.39,20.39,20.39
2179,20.39,20.39,20.39,20.39,20.39,20.39,20.39,20.39,20.39,20.39
2180,20.39,20.39,20.39,20.39,20.39,20.39,20.39,20.39,20.39,20.39
2181,20.39,20.39,20.39,20.39,20.39,20.39,20.39,20.39,20.39,20.39
2182,20.39,20.39,20.39,20.39,20.39,20.39,20.39,20.39,20.39,20.39
2183,20.39,20.39,20.39,20.39,20.39,20.39,20.39,20.39,20.39,20.39
2184,20.39,20.39,20.39,20.39,20.39,20.39,20.39,20.39,20.39,20.39
2185,20.39,20.39,20.39,20.39,20.39,20.39,20.39,20.39,20.39,20.39
2186,20.39,20.39,20.39,20.39,20.39,20.39,20.39,20.39,20.39,20.39
2187,20.39,20.39,20.39,20.39,20.39,20.39,20.39,20.39,20.39,20.39
2188,20.39,20.39,20.39,20.39,20.39,20.39,20.39,20.39,20.39,20.39
2189,20.39,20.39,20.39,20.39,20.39,20.39,20.39,20.39,20.39,20.39
2190,20.39,20.39,20.39,20.39,20.39,20.39,20.39,20.39,20.39,20.39
2191,20.39,20.39,20.39,20.39,20.39,20.39,20.39,20.39,20.39,20.39
2192,20.39,20.39,20.39,20.39,20.39,20.39,20.39,20.39,20.39,20.39
2193,20.39,20.39,20.39,20.39,20.39,20.39,20.39,20.39,20.39,20.39
2194,20.39,20.39,20.39,20.39,20.39,20.39,20.39,20.39,20.39,20.39
2195,20.39,20.39,20.39,20.39,20.39,20.39,20.39,20.39,20.39,20.39
2196,20.39,20.39,20.39,20.39,20.39,20.39,20.39,20.39,20.39,20.39
2197,20.39,20.39,20.39,20.39,20.39,20.39,20.39,20.39,20.39,20.39
2198,20.39,20.39,20.39,20.39,20.39,20.39,20.39,20.39,20.39,20.39
2199,20.39,20.39,20.39,20.39,20.39,20.39,20.39,20.39,20.39,20.39
2200,20.39,20.39,20.39,20.39,20.39,20.39,20.39,20.39,20.39,20.39
2201,20.39,20.39,20.39,20.39,20.39,20.39,20.39,20.39,20.39,20.39
2202,20.39,20.39,20.39,20.39,20.39,20.39,20.39,20.39,20.39,20.39
2203,20.39,20.39,20.39,20.39,20.39,20.39,20.39,20.39,20.39,20.39
2204,20.39,20.39,20.39,20.39,20.39,20.39,20.39,20.39,20.39,20.39
2205,20.39,20.39,20.39,20.39,20.39,20.39,20.39,20.39,20.39,20.39
2206,20.39,20.39,20.39,20.39,20.39,20.39,20.39,20.39,20.39,20.39
2207,20.39,20.39,20.39,20.39,20.39,20.39,20.39,20.39,20.39,20.39
2208,20.39,20.39,20.39,20.39,20.39,20.39,20.39,20.39,20.39,20.39
2209,20.39,20.39,20.39,20.39,20.39,20.39,20.39,20.39,20.39,20.39
2210,20.39,20.39,20.39,20.39,20.39,20.39,20.39,20.39,20.39,20.39
2211,20.39,20.39,20.39,20.39,20.39,20.39,20.39,20.39,20.39,20.39
2212,20.39,20.39,20.39,20.39,20.39,20.39,20.39,20.39,20.39,20.39
2213,20.39,20.39,20.39,20.39,20.39,20.39,20.39,20.39,20.39,20.39
2214,20.39,20.39,20.39,20.39,20.39,20.39,20.39,20.39,20.39,20.39
2215,20.39,20.39,20.39,20.39,20.39,20.39,20.39,20.39,20.39,20.39
2216,20.39,20.39,20.39,20.39,20.39,20.39,20.39,20.39,20.39,20.39
2217,20.39,20.39,20.39,20.39,20.39,20.39,20.39,20.39,20.39,20.39
2218,20.39,20.39,20.39,20.39,20.39,20.39,20.39,20.39,20.39,20.39
2219,20.39,20.39,20.39,20.39,20.39,20.39,20.39,20.39,20.39,20.39
2220,20.39,20.39,20.39,20.39,20.39,20.39,20.39,20.39,20.39,20.39
2221,20.39,20.39,20.39,20.39,20.39,20.39,20.39,20.39,20.39,20.39
2222,20.39,20.39,20.39,20.39,20.39,20.39,20.39,20.39,20.39,20.39
2223,20.39,20.39,20.39,20.39,20.39,20.39,20.39,20.39,20.39,20.39
2224,20.39,20.39,20.39,20.39,20.39,20.39,20.39,20.39,20.39,20.39
2225,20.39,20.39,20.39,20.39,20.39,20.39,20.39,20.39,20.39,20.39
2226,20.39,20.39,20.39,20.39,20.39,20.39,20.39,20.39,20.39,20.39
2227,20.39,20.39,20.39,20.39,20.39,20.39,20.39,20.39,20.39,20.39
2228,20.39,20.39,20.39,20.39,20.39,20.39,20.39,20.39,20.39,20.39
2229,20.39,20.39,20.39,20.39,20.39,20.39,20.39,20.39,20.39,20.39
2230,20.39,20.39,20.39,20.39,20.39,20.39,20.39,20.39,20.39,20.39
2231,20.39,20.39,20.39,20.39,20.39,20.39,20.39,20.39,20.39,20.39
2232,20.39,20.39,20.39,20.39,20.39,20.39,20.39,20.39,20.39,20.39
2233,20.39,20.39,20.39,20.39,20.39,20.39,20.39,20.39,20.39,20.39
2234,20.39,20.39,20.39,20.39,20.39,20.39,20.39,20.39,20.39,20.39
2235,20.39,20.39,20.39,20.39,20.39,20.39,20.39,20.39,20.39,20.39
2236,20.39,20.39,20.39,20.39,20.39,20.39,20.39,20.39,20.39,20.39
2237,20.39,20.39,20.39,20.39,20.39,20.39,20.39,20.39,20.39,20.39
2238,20.39,20.39,20.39,20.39,20.39,20.39,20.39,20.39,20.39,20.39
2239,20.39,20.39,20.39,20.39,20.39,20.39,20.39,20.39,20.39,20.39
2240,20.39,20.39,20.39,20.39,20.39,20.39,20.39,20.39,20.39,20.39
2241,20.39,20.39,20.39,20.39,20.39,20.39,20.39,20.39,20.39,20.39
2242,20.39,20.39,20.39,20.39,20.39,20.39,20.39,20.39,20.39,20.39
2243,20.39,20.39,20.39,20.39,20.39,20.39,20.39,20.39,20.39,20.39
2244,20.39,20.39,20.39,20.39,20.39,20.39,20.39,20.39,20.39,20.39
2245,20.39,20.39,20.39,20.39,20.39,20.39,20.39,20.39,20.39,20.39
2246,20.39,20.39,20.39,20.39,20.39,20.39,20.39,20.39,20.39,20.39
2247,20.39,20.39,20.39,20.39,20.39,20.39,20.39,20.39,20.39,20.39
2248,20.39,20.39,20.39,20.39,20.39,20.39,20.39,20.39,20.39,20.39
2249,20.39,20.39,20.39,20.39,20.39,20.39,20.39,20.39,20.39,20.39
2250,20.39,20.39,20.39,20.39,20.39,20.39,20.39,20.39,20.39,20.39
2251,20.39,20.39,20.39,20.39,20.39,20.39,20.39,20.39,20.39,20.39
2252,20.39,20.39,20.39,20.39,20.39,20.39,20.39,20.39,20.39,20.39
2253,20.39,20.39,20.39,20.39,20.39,20.39,20.39,20.39,20.39,20.39
2254,20.39,20.39,20.39,20.39,20.39,20.39,20.39,20.39,20.39,20.39
2255,20.39,20.39,20.39,20.39,20.39,20.39,20.39,20.39,20.39,20.39
2256,20.39,20.39,20.39,20.39,20.39,20.39,20.39,20.39,20.39,20.39
2257,20.39,20.39,20.39,20.39,20.39,20.39,20.39,20.39,20.39,20.39
2258,20.39,20.39,20.39,20.39,20.39,20.39,20.39,20.39,20.39,20.39
2259,20.39,20.39,20.39,20.39,20.39,20.39,20.39,20.39,20.39,20.39
2260,20.39,20.39,20.39,20.39,20.39,20.39,20.39,20.39,20.39,20.39
2261,20.39,20.39,20.39,20.39,20.39,20.39,20.39,20.39,20.39,20.39
2262,20.39,20.39,20.39,20.39,20.39,20.39,20.39,20.39,20.39,20.39
2263,20.39,20.39,20.39,20.39,20.39,20.39,20.39,20.39,20.39,20.39
2264,20.39,20.39,20.39,20.39,20.39,20.39,20.39,20.39,20.39,20.39
2265,20.39,20.39,20.39,20.39,20.39,20.39,20.39,20.39,20.39,20.39
2266,20.39,20.39,20.39,20.39,20.39,20.39,20.39,20.39,20.39,20.39
2267,20.39,20.39,20.39,20.39,20.39,20.39,20.39,20.39,20.39,20.39
2268,20.39,20.39,20.39,20.39,20.39,20.39,20.39,20.39,20.39,20.39
2269,20.39,20.39,20.39,20.39,20.39,20.39,20.39,20.39,20.39,20.39
2270,20.39,20.39,20.39,20.39,20.39,20.39,20.39,20.39,20.39,20.39
2271,20.39,20.39,20.39,20.39,20.39,20.39,20.39,20.39,20.39,20.39
2272,20.39,20.39,20.39,20.39,20.39,20.39,20.39,20.39,20.39,20.39
2273,20.39,20.39,20.39,20.39,20.39,20.39,20.39,20.39,20.39,20.39
2274,20.39,20.39,20.39,20.39,20.39,20.39,20.39,20.39,20.39,20.39
2275,20.39,20.39,20.39,20.39,20.39,20.39,20.39,20.39,20.39,20.39
2276,20.39,20.39,20.39,20.39,20.39,20.39,20.39,20.39,20.39,20.39
2277,20.39,20.39,20.39,20.39,20.39,20.39,20.39,20.39,20.39,20.39
2278,20.39,20.39,20.39,20.39,20.39,20.39,20.39,20.39,20.39,20.39
2279,20.39,20.39,20.39,20.39,20.39,20.39,20.39,20.39,20.39,20.39
2280,20.39,20.39,20.39,20.39,20.39,20.39,20.39,20.39,20.39,20.39
2281,20.39,20.39,20.39,20.39,20.39,20.39,20.39,20.39,20.39,20.39
2282,20.39,20.39,20.39,20.39,20.39,20.39,20.39,20.39,20.39,20.39
2283,20.39,20.39,20.39,20.39,20.39,20.39,20.39,20.39,20.39,20.39
2284,20.39,20.39,20.39,20.39,20.39,20.39,20.39,20.39,20.39,20.39
2285,20.39,20.39,20.39,20.39,20.39,20.39,20.39,20.39,20.39,20.39
2286,20.39,20.39,20.39,20.39,20.39,20.39,20.39,20.39,20.39,20.39
2287,20.39,20.39,20.39,20.39,20.39,20.39,20.39,20.39,20.39,20.39
2288,20.39,20.39,20.39,20.39,20.39,20.39,20.39,20.39,20.39,20.39
2289,20.39,20.39,20.39,20.39,20.39,20.39,20.39,20.39,20.39,20.39
2290,20.39,20.39,20.39,20.39,20.39,20.39,20.39,20.39,20.39,20.39
2291,20.39,20.39,20.39,20.39,20.39,20.39,20.39,20.39,20.39,20.39
2292,20.39,20.39,20.39,20.39,20.39,20.39,20.39,20.39,20.39,20.39
2293,20.39,20.39,20.39,20.39,20.39,20.39,20.39,20.39,20.39,20.39
2294,20.39,20.39,20.39,20.39,20.39,20.39,20.39,20.39,20.39,20.39
2295,20.39,20.39,20.39,20.39,20.39,20.39,20.39,20.39,20.39,20.39
2296,20.39,20.39,20.39,20.39,20.39,20.39,20.39,20.39,20.39,20.39
2297,20.39,20.39,20.39,20.39,20.39,20.39,20.39,20.39,20.39,20.39
2298,20.39,20.39,20.39,20.39,20.39,20.39,20.39,20.39,20.39,20.39
2299,20.39,20.39,20.39,20.39,20.39,20.39,20.39,20.39,20.39,20.39
2300,20.39,20.39,20.39,20.39,20.39,20.39,20.39,20.39,20.39,20.39
2301,20.39,20.39,20.39,20.39,20.39,20.39,20.39,20.39,20.39,20.39
2302,20.39,20.39,20.39,20.39,20.39,20.39,20.39,20.39,20.39,20.39
2303,20.39,20.39,20.39,20.39,20.39,20.39,20.39,20.39,20.39,20.39
2304,20.39,20.39,20.39,20.39,20.39,20.39,20.39,20.39,20.39,20.39
2305,20.39,20.39,20.39,20.39,20.39,20.39,20.39,20.39,20.39,20.39
2306,20.39,20.39,20.39,20.39,20.39,20.39,20.39,20.39,20.39,20.39
2307,20.39,20.39,20.39,20.39,20.39,20.39,20.39,20.39,20.39,20.39
2308,20.39,20.39,20.39,20.39,20.39,20.39,20.39,20.39,20.39,20.39
2309,20.39,20.39,20.39,20.39,20.39,20.39,20.39,20.39,20.39,20.39
2310,20.39,20.39,20.39,20.39,20.39,20.39,20.39,20.39,20.39,20.39
2311,20.39,20.39,20.39,20.39,20.39,20.39,20.39,20.39,20.39,20.39
2312,20.39,20.39,20.39,20.39,20.39,20.39,20.39,20.39,20.39,20.39
2313,20.39,20.39,20.39,20.39,20.39,20.39,20.39,20.39,20.39,20.39
2314,20.39,20.39,20.39,20.39,20.39,20.39,20.39,20.39,20.39,20.39
2315,20.39,20.39,20.39,20.39,20.39,20.39,20.39,20.39,20.39,20.39
2316,20.39,20.39,20.39,20.39,20.39,20.39,20.39,20.39,20.39,20.39
2317,20.39,20.39,20.39,20.39,20.39,20.39,20.39,20.39,20.39,20.39
2318,20.39,20.39,20.39,20.39,20.39,20.39,20.39,20.39,20.39,20.39
2319,20.39,20.39,20.39,20.39,20.39,20.39,20.39,20.39,20.39,20.39
2320,20.39,20.39,20.39,20.39,20.39,20.39,20.39,20.39,20.39,20.39
2321,20.39,20.39,20.39,20.39,20.39,20.39,20.39,20.39,20.39,20.39
2322,20.39,20.39,20.39,20.39,20.39,20.39,20.39,20.39,20.39,20.39
2323,20.39,20.39,20.39,20.39,20.39,20.39,20.39,20.39,20.39,20.39
2324,20.39,20.39,20.39,20.39,20.39,20.39,20.39,20.39,20.39,20.39
2325,20.39,20.39,20.39,20.39,20.39,20.39,20.39,20.39,20.39,20.39
2326,20.39,20.39,20.39,20.39,20.39,20.39,20.39,20.39,20.39,20.39
2327,20.39,20.39,20.39,20.39,20.39,20.39,20.39,20.39,20.39,20.39
2328,20.39,20.39,20.39,20.39,20.39,20.39,20.39,20.39,20.39,20.39
2329,20.39,20.39,20.39,20.39,20.39,20.39,20.39,20.39,20.39,20.39
2330,20.39,20.39,20.39,20.39,20.39,20.39,20.39,20.39,20.39,20.39
2331,20.39,20.39,20.39,20.39,20.39,20.39,20.39,20.39,20.39,20.39
2332,20.39,20.39,20.39,20.39,20.39,20.39,20.39,20.39,20.39,20.39
2333,20.39,20.39,20.39,20.39,20.39,20.39,20.39,20.39,20.39,20.39
2334,20.39,20.39,20.39,20.39,20.39,20.39,20.39,20.39,20.39,20.39
2335,20.39,20.39,20.39,20.39,20.39,20.39,20.39,20.39,20.39,20.39
2336,20.39,20.39,20.39,20.39,20.39,20.39,20.39,20.39,20.39,20.39
2337,20.39,20.39,20.39,20.39,20.39,20.39,20.39,20.39,20.39,20.39
2338,20.39,20.39,20.39,20.39,20.39,20.39,20.39,20.39,20.39,20.39
2339,20.39,20.39,20.39,20.39,20.39,20.39,20.39,20.39,20.39,20.39
2340,20.39,20.39,20.39,20.39,20.39,20.39,20.39,20.39,20.39,20.39
2341,20.39,20.39,20.39,20.39,20.39,20.39,20.39,20.39,20.39,20.39
2342,20.39,20.39,20.39,20.39,20.39,20.39,20.39,20.39,20.39,20.39
2343,20.39,20.39,20.39,20.39,20.39,20.39,20.39,20.39,20.39,20.39
2344,20.39,20.39,20.39,20.39,20.39,20.39,20.39,20.39,20.39,20.39
2345,20.39,20.39,20.39,20.39,20.39,20.39,20.39,20.39,20.39,20.39
2346,20.39,20.39,20.39,20.39,20.39,20.39,20.39,20.39,20.39,20.39
2347,20.39,20.39,20.39,20.39,20.39,20.39,20.39,20.39,20.39,20.39
2348,20.39,20.39,20.39,20.39,20.39,20.39,20.39,20.39,20.39,20.39
2349,20.39,20.39,20.39,20.39,20.39,20.39,20.39,20.39,20.39,20.39
2350,20.39,20.39,20.39,20.39,20.39,20.39,20.39,20.39,20.39,20.39
2351,20.39,20.39,20.39,20.39,20.39,20.39,20.39,20.39,20.39,20.39
2352,20.39,20.39,20.39,20.39,20.39,20.39,20.39,20.39,20.39,20.39
2353,20.39,20.39,20.39,20.39,20.39,20.39,20.39,20.39,20.39,20.39
2354,20.39,20.39,20.39,20.39,20.39,20.39,20.39,20.39,20.39,20.39
2355,20.39,20.39,20.39,20.39,20.39,20.39,20.39,20.39,20.39,20.39
2356,20.39,20.39,20.39,20.39,20.39,20.39,20.39,20.39,20.39,20.39
2357,20.39,20.39,20.39,20.39,20.39,20.39,20.39,20.39,20.39,20.39
2358,20.39,20.39,20.39,20.39,20.39,20.39,20.39,20.39,20.39,20.39
2359,20.39,20.39,20.39,20.39,20.39,20.39,20.39,20.39,20.39,20.39
2360,20.39,20.39,20.39,20.39,20.39,20.39,20.39,20.39,20.39,20.39
2361,20.39,20.39,20.39,20.39,20.39,20.39,20.39,20.39,20.39,20.39
2362,20.39,20.39,20.39,20.39,20.39,20.39,20.39,20.39,20.39,20.39
2363,20.39,20.39,20.39,20.39,20.39,20.39,20.39,20.39,20.39,20.39
2364,20.39,20.39,20.39,20.39,20.39,20.39,20.39,20.39,20.39,20.39
2365,20.39,20.39,20.39,20.39,20.39,20.39,20.39,20.39,20.39,20.39
2366,20.39,20.39,20.39,20.39,20.39,20.39,20.39,20.39,20.39,20.39
2367,20.39,20.39,20.39,20.39,20.39,20.39,20.39,20.39,20.39,20.39
2368,20.39,20.39,20.39,20.39,20.39,20.39,20.39,20.39,20.39,20.39
2369,20.39,20.39,20.39,20.39,20.39,20.39,20.39,20.39,20.39,20.39
2370,20.39,20.39,20.39,20.39,20.39,20.39,20.39,20.39,20.39,20.39
2371,20.39,20.39,20.39,20.39,20.39,20.39,20.39,20.39,20.39,20.39
2372,20.39,20.39,20.39,20.39,20.39,20.39,20.39,20.39,20.39,20.39
2373,20.39,20.39,20.39,20.39,20.39,20.39,20.39,20.39,20.39,20.39
2374,20.39,20.39,20.39,20.39,20.39,20.39,20.39,20.39,20.39,20.39
2375,20.39,20.39,20.39,20.39,20.39,20.39,20.39,20.39,20.39,20.39
2376,20.39,20.39,20.39,20.39,20.39,20.39,20.39,20.39,20.39,20.39
2377,20.39,20.39,20.39,20.39,20.39,20.39,20.39,20.39,20.39,20.39
2378,20.39,20.39,20.39,20.39,20.39,20.39,20.39,20.39,20.39,20.39
2379,20.39,20.39,20.39,20.39,20.39,20.39,20.39,20.39,20.39,20.39
2380,20.39,20.39,20.39,20.39,20.39,20.39,20.39,20.39,20.39,20.39
2381,20.39,20.39,20.39,20.39,20.39,20.39,20.39,20.39,20.39,20.39
2382,20.39,20.39,20.39,20.39,20.39,20.39,20.39,20.39,20.39,20.39
2383,20.39,20.39,20.39,20.39,20.39,20.39,20.39,20.39,20.39,20.39
2384,20.39,20.39,20.39,20.39,20.39,20.39,20.39,20.39,20.39,20.39
2385,20.39,20.39,20.39,20.39,20.39,20.39,20.39,20.39,20.39,20.39
2386,20.39,20.39,20.39,20.39,20.39,20.39,20.39,20.39,20.39,20.39
2387,20.39,20.39,20.39,20.39,20.39,20.39,20.39,20.39,20.39,20.39
2388,20.39,20.39,20.39,20.39,20.39,20.39,20.39,20.39,20.39,20.39
2389,20.39,20.39,20.39,20.39,20.39,20.39,20.39,20.39,20.39,20.39
2390,20.39,20.39,20.39,20.39,20.39,20.39,20.39,20.39,20.39,20.39
2391,20.39,20.39,20.39,20.39,20.39,20.39,20.39,20.39,20.39,20.39
2392,20.39,20.39,20.39,20.39,20.39,20.39,20.39,20.39,20.39,20.39
2393,20.39,20.39,20.39,20.39,20.39,20.39,20.39,20.39,20.39,20.39
2394,20.39,20.39,20.39,20.39,20.39,20.39,20.39,20.39,20.39,20.39
2395,20.39,20.39,20.39,20.39,20.39,20.39,20.39,20.39,20.39,20.39
2396,20.39,20.39,20.39,20.39,20.39,20.39,20.39,20.39,20.39,20.39
2397,20.39,20.39,20.39,20.39,20.39,20.39,20.39,20.39,20.39,20.39
2398,20.39,20.39,20.39,20.39,20.39,20.39,20.39,20.39,20.39,20.39
2399,20.39,20.39,20.39,20.39,20.39,20.39,20.39,20.39,20.39,20.39
2400,20.39,20.39,20.39,20.39,20.39,20.39,20.39,20.39,20.39,20.39
2401,20.39,20.39,20.39,20.39,20.39,20.39,20.39,20.39,20.39,20.39
2402,20.39,20.39,20.39,20.39,20.39,20.39,20.39,20.39,20.39,20.39
2403,20.39,20.39,20.39,20.39,20.39,20.39,20.39,20.39,20.39,20.39
2404,20.39,20.39,20.39,20.39,20.39,20.39,20.39,20.39,20.39,20.39
2405,20.39,20.39,20.39,20.39,20.39,20.39,20.39,20.39,20.39,20.39
2406,20.39,20.39,20.39,20.39,20.39,20.39,20.39,20.39,20.39,20.39
2407,20.39,20.39,20.39,20.39,20.39,20.39,20.39,20.39,20.39,20.39
2408,20.39,20.39,20.39,20.39,20.39,20.39,20.39,20.39,20.39,20.39
2409,20.39,20.39,20.39,20.39,20.39,20.39,20.39,20.39,20.39,20.39
2410,20.39,20.39,20.39,20.39,20.39,20.39,20.39,20.39,20.39,20.39
2411,20.39,20.39,20.39,20.39,20.39,20.39,20.39,20.39,20.39,20.39
2412,20.39,20.39,20.39,20.39,20.39,20.39,20.39,20.39,20.39,20.39
2413,20.39,20.39,20.39,20.39,20.39,20.39,20.39,20.39,20.39,20.39
2414,20.39,20.39,20.39,20.39,20.39,20.39,20.39,20.39,20.39,20.39
2415,20.39,20.39,20.39,20.39,20.39,20.39,20.39,20.39,20.39,20.39
2416,20.39,20.39,20.39,20.39,20.39,20.39,20.39,20.39,20.39,20.39
2417,20.39,20.39,20.39,20.39,20.39,20.39,20.39,20.39,20.39,20.39
2418,20.39,20.39,20.39,20.39,20.39,20.39,20.39,20.39,20.39,20.39
2419,20.39,20.39,20.39,20.39,20.39,20.39,20.39,20.39,20.39,20.39
2420,20.39,20.39,20.39,20.39,20.39,20.39,20.39,20.39,20.39,20.39
2421,20.39,20.39,20.39,20.39,20.39,20.39,20.39,20.39,20.39,20.39
2422,20.39,20.39,20.39,20.39,20.39,20.39,20.39,20.39,20.39,20.39
2423,20.39,20.39,20.39,20.39,20.39,20.39,20.39,20.39,20.39,20.39
2424,20.39,20.39,20.39,20.39,20.39,20.39,20.39,20.39,20.39,20.39
2425,20.39,20.39,20.39,20.39,20.39,20.39,20.39,20.39,20.39,20.39
2426,20.39,20.39,20.39,20.39,20.39,20.39,20.39,20.39,20.39,20.39
2427,20.39,20.39,20.39,20.39,20.39,20.39,20.39,20.39,20.39,20.39
2428,20.39,20.39,20.39,20.39,20.39,20.39,20.39,20.39,20.39,20.39
2429,20.39,20.39,20.39,20.39,20.39,20.39,20.39,20.39,20.39,20.39
2430,20.39,20.39,20.39,20.39,20.39,20.39,20.39,20.39,20.39,20.39
2431,20.39,20.39,20.39,20.39,20.39,20.39,20.39,20.39,20.39,20.39
2432,20.39,20.39,20.39,20.39,20.39,20.39,20.39,20.39,20.39,20.39
2433,20.39,20.39,20.39,20.39,20.39,20.39,20.39,20.39,20.39,20.39
2434,20.39,20.39,20.39,20.39,20.39,20.39,20.39,20.39,20.39,20.39
2435,20.39,20.39,20.39,20.39,20.39,20.39,20.39,20.39,20.39,20.39
2436,20.39,20.39,20.39,20.39,20.39,20.39,20.39,20.39,20.39,20.39
2437,20.39,20.39,20.39,20.39,20.39,20.39,20.39,20.39,20.39,20.39
2438,20.39,20.39,20.39,20.39,20.39,20.39,20.39,20.39,20.39,20.39
2439,20.39,20.39,20.39,20.39,20.39,20.39,20.39,20.39,20.39,20.39
2440,20.39,20.39,20.39,20.39,20.39,20.39,20.39,20.39,20.39,20.39
2441,20.39,20.39,20.39,20.39,20.39,20.39,20.39,20.39,20.39,20.39
2442,20.39,20.39,20.39,20.39,20.39,20.39,20.39,20.39,20.39,20.39
2443,20.39,20.39,20.39,20.39,20.39,20.39,20.39,20.39,20.39,20.39
2444,20.39,20.39,20.39,20.39,20.39,20.39,20.39,20.39,20.39,20.39
2445,20.39,20.39,20.39,20.39,20.39,20.39,20.39,20.39,20.39,20.39
2446,20.39,20.39,20.39,20.39,20.39,20.39,20.39,20.39,20.39,20.39
2447,20.39,20.39,20.39,20.39,20.39,20.39,20.39,20.39,20.39,20.39
2448,20.39,20.39,20.39,20.39,20.39,20.39,20.39,20.39,20.39,20.39
2449,20.39,20.39,20.39,20.39,20.39,20.39,20.39,20.39,20.39,20.39
2450,20.39,20.39,20.39,20.39,20.39,20.39,20.39,20.39,20.39,20.39
2451,20.39,20.39,20.39,20.39,20.39,20.39,20.39,20.39,20.39,20.39
2452,20.39,20.39,20.39,20.39,20.39,20.39,20.39,20.39,20.39,20.39
2453,20.39,20.39,20.39,20.39,20.39,20.39,20.39,20.39,20.39,20.39
2454,20.39,20.39,20.39,20.39,20.39,20.39,20.39,20.39,20.39,20.39
2455,20.39,20.39,20.39,20.39,20.39,20.39,20.39,20.39,20.39,20.39
2456,20.39,20.39,20.39,20.39,20.39,20.39,20.39,20.39,20.39,20.39
2457,20.39,20.39,20.39,20.39,20.39,20.39,20.39,20.39,20.39,20.39
2458,20.39,20.39,20.39,20.39,20.39,20.39,20.39,20.39,20.39,20.39
2459,20.39,20.39,20.39,20.39,20.39,20.39,20.39,20.39,20.39,20.39
2460,20.39,20.39,20.39,20.39,20.39,20.39,20.39,20.39,20.39,20.39
2461,20.39,20.39,20.39,20.39,20.39,20.39,20.39,20.39,20.39,20.39
2462,20.39,20.39,20.39,20.39,20.39,20.39,20.39,20.39,20.39,20.39
2463,20.39,20.39,20.39,20.39,20.39,20.39,20.39,20.39,20.39,20.39
2464,20.39,20.39,20.39,20.39,20.39,20.39,20.39,20.39,20.39,20.39
2465,20.39,20.39,20.39,20.39,20.39,20.39,20.39,20.39,20.39,20.39
2466,20.39,20.39,20.39,20.39,20.39,20.39,20.39,20.39,20.39,20.39
2467,20.39,20.39,20.39,20.39,20.39,20.39,20.39,20.39,20.39,20.39
2468,20.39,20.39,20.39,20.39,20.39,20.39,20.39,20.39,20.39,20.39
2469,20.39,20.39,20.39,20.39,20.39,20.39,20.39,20.39,20.39,20.39
2470,20.39,20.39,20.39,20.39,20.39,20.39,20.39,20.39,20.39,20.39
2471,20.39,20.39,20.39,20.39,20.39,20.39,20.39,20.39,20.39,20.39
2472,20.39,20.39,20.39,20.39,20.39,20.39,20.39,20.39,20.39,20.39
2473,20.39,20.39,20.39,20.39,20.39,20.39,20.39,20.39,20.39,20.39
2474,20.39,20.39,20.39,20.39,20.39,20.39,20.39,20.39,20.39,20.39
2475,20.39,20.39,20.39,20.39,20.39,20.39,20.39,20.39,20.39,20.39
2476,20.39,20.39,20.39,20.39,20.39,20.39,20.39,20.39,20.39,20.39
2477,20.39,20.39,20.39,20.39,20.39,20.39,20.39,20.39,20.39,20.39
2478,20.39,20.39,20.39,20.39,20.39,20.39,20.39,20.39,20.39,20.39
2479,20.39,20.39,20.39,20.39,20.39,20.39,20.39,20.39,20.39,20.39
2480,20.39,20.39,20.39,20.39,20.39,20.39,20.39,20.39,20.39,20.39
2481,20.39,20.39,20.39,20.39,20.39,20.39,20.39,20.39,20.39,20.39
2482,20.39,20.39,20.39,20.39,20.39,20.39,20.39,20.39,20.39,20.39
2483,20.39,20.39,20.39,20.39,20.39,20.39,20.39,20.39,20.39,20.39
2484,20.39,20.39,20.39,20.39,20.39,20.39,20.39,20.39,20.39,20.39
2485,20.39,20.39,20.39,20.39,20.39,20.39,20.39,20.39,20.39,20.39
2486,20.39,20.39,20.39,20.39,20.39,20.39,20.39,20.39,20.39,20.39
2487,20.39,20.39,20.39,20.39,20.39,20.39,20.39,20.39,20.39,20.39
2488,20.39,20.39,20.39,20.39,20.39,20.39,20.39,20.39,20.39,20.39
2489,20.39,20.39,20.39,20.39,20.39,20.39,20.39,20.39,20.39,20.39
2490,20.39,20.39,20.39,20.39,20.39,20.39,20.39,20.39,20.39,20.39
2491,20.39,20.39,20.39,20.39,20.39,20.39,20.39,20.39,20.39,20.39
2492,20.39,20.39,20.39,20.39,20.39,20.39,20.39,20.39,20.39,20.39
2493,20.39,20.39,20.39,20.39,20.39,20.39,20.39,20.39,20.39,20.39
2494,20.39,20.39,20.39,20.39,20.39,20.39,20.39,20.39,20.39,20.39
2495,20.39,20.39,20.39,20.39,20.39,20.39,20.39,20.39,20.39,20.39
2496,20.39,20.39,20.39,20.39,20.39,20.39,20.39,20.39,20.39,20.39
2497,20.39,20.39,20.39,20.39,20.39,20.39,20.39,20.39,20.39,20.39
2498,20.39,20.39,20.39,20.39,20.39,20.39,20.39,20.39,20.39,20.39
2499,20.39,20.39,20.39,20.39,20.39,20.39,20.39,20.39,20.39,20.39
2500,20.39,20.39,20.39,20.39,20.39,20.39,20.39,20.39,20.39,20.39
2501,20.39,20.39,20.39,20.39,20.39,20.39,20.39,20.39,20.39,20.39
2502,20.39,20.39,20.39,20.39,20.39,20.39,20.39,20.39,20.39,20.39
2503,20.39,20.39,20.39,20.39,20.39,20.39,20.39,20.39,20.39,20.39
2504,20.39,20.39,20.39,20.39,20.39,20.39,20.39,20.39,20.39,20.39
2505,20.39,20.39,20.39,20.39,20.39,20.39,20.39,20.39,20.39,20.39
2506,20.39,20.39,20.39,20.39,20.39,20.39,20.39,20.39,20.39,20.39
2507,20.39,20.39,20.39,20.39,20.39,20.39,20.39,20.39,20.39,20.39
2508,20.39,20.39,20.39,20.39,20.39,20.39,20.39,20.39,20.39,20.39
2509,20.39,20.39,20.39,20.39,20.39,20.39,20.39,20.39,20.39,20.39
2510,20.39,20.39,20.39,20.39,20.39,20.39,20.39,20.39,20.39,20.39
2511,20.39,20.39,20.39,20.39,20.39,20.39,20.39,20.39,20.39,20.39
2512,20.39,20.39,20.39,20.39,20.39,20.39,20.39,20.39,20.39,20.39
2513,20.39,20.39,20.39,20.39,20.39,20.39,20.39,20.39,20.39,20.39
2514,20.39,20.39,20.39,20.39,20.39,20.39,20.39,20.39,20.39,20.39
2515,20.39,20.39,20.39,20.39,20.39,20.39,20.39,20.39,20.39,20.39
2516,20.39,20.39,20.39,20.39,20.39,20.39,20.39,20.39,20.39,20.39
2517,20.39,20.39,20.39,20.39,20.39,20.39,20.39,20.39,20.39,20.39
2518,20.39,20.39,20.39,20.39,20.39,20.39,20.39,20.39,20.39,20.39
2519,20.39,20.39,20.39,20.39,20.39,20.39,20.39,20.39,20.39,20.39
2520,20.39,20.39,20.39,20.39,20.39,20.39,20.39,20.39,20.39,20.39
2521,20.39,20.39,20.39,20.39,20.39,20.39,20.39,20.39,20.39,20.39
2522,20.39,20.39,20.39,20.39,20.39,20.39,20.39,20.39,20.39,20.39
2523,20.39,20.39,20.39,20.39,20.39,20.39,20.39,20.39,20.39,20.39
2524,20.39,20.39,20.39,20.39,20.39,20.39,20.39,20.39,20.39,20.39
2525,20.39,20.39,20.39,20.39,20.39,20.39,20.39,20.39,20.39,20.39
2526,20.39,20.39,20.39,20.39,20.39,20.39,20.39,20.39,20.39,20.39
2527,20.39,20.39,20.39,20.39,20.39,20.39,20.39,20.39,20.39,20.39
2528,20.39,20.39,20.39,20.39,20.39,20.39,20.39,20.39,20.39,20.39
2529,20.39,20.39,20.39,20.39,20.39,20.39,20.39,20.39,20.39,20.39
2530,20.39,20.39,20.39,20.39,20.39,20.39,20.39,20.39,20.39,20.39
2531,20.39,20.39,20.39,20.39,20.39,20.39,20.39,20.39,20.39,20.39
2532,20.39,20.39,20.39,20.39,20.39,20.39,20.39,20.39,20.39,20.39
2533,20.39,20.39,20.39,20.39,20.39,20.39,20.39,20.39,20.39,20.39
2534,20.39,20.39,20.39,20.39,20.39,20.39,20.39,20.39,20.39,20.39
2535,20.39,20.39,20.39,20.39,20.39,20.39,20.39,20.39,20.39,20.39
2536,20.39,20.39,20.39,20.39,20.39,20.39,20.39,20.39,20.39,20.39
2537,20.39,20.39,20.39,20.39,20.39,20.39,20.39,20.39,20.39,20.39
2538,20.39,20.39,20.39,20.39,20.39,20.39,20.39,20.39,20.39,20.39
2539,20.39,20.39,20.39,20.39,20.39,20.39,20.39,20.39,20.39,20.39
2540,20.39,20.39,20.39,20.39,20.39,20.39,20.39,20.39,20.39,20.39
2541,20.39,20.39,20.39,20.39,20.39,20.39,20.39,20.39,20.39,20.39
2542,20.39,20.39,20.39,20.39,20.39,20.39,20.39,20.39,20.39,20.39
2543,20.39,20.39,20.39,20.39,20.39,20.39,20.39,20.39,20.39,20.39
2544,20.39,20.39,20.39,20.39,20.39,20.39,20.39,20.39,20.39,20.39
2545,20.39,20.39,20.39,20.39,20.39,20.39,20.39,20.39,20.39,20.39
2546,20.39,20.39,20.39,20.39,20.39,20.39,20.39,20.39,20.39,20.39
2547,20.39,20.39,20.39,20.39,20.39,20.39,20.39,20.39,20.39,20.39
2548,20.39,20.39,20.39,20.39,20.39,20.39,20.39,20.39,20.39,20.39
2549,20.39,20.39,20.39,20.39,20.39,20.39,20.39,20.39,20.39,20.39
2550,20.39,20.39,20.39,20.39,20.39,20.39,20.39,20.39,20.39,20.39
2551,20.39,20.39,20.39,20.39,20.39,20.39,20.39,20.39,20.39,20.39
2552,20.39,20.39,20.39,20.39,20.39,20.39,20.39,20.39,20.39,20.39
2553,20.39,20.39,20.39,20.39,20.39,20.39,20.39,20.39,20.39,20.39
2554,20.39,20.39,20.39,20.39,20.39,20.39,20.39,20.39,20.39,20.39
2555,20.39,20.39,20.39,20.39,20.39,20.39,20.39,20.39,20.39,20.39
2556,20.39,20.39,20.39,20.39,20.39,20.39,20.39,20.39,20.39,20.39
2557,20.39,20.39,20.39,20.39,20.39,20.39,20.39,20.39,20.39,20.39
2558,20.39,20.39,20.39,20.39,20.39,20.39,20.39,20.39,20.39,20.39
2559,20.39,20.39,20.39,20.39,20.39,20.39,20.39,20.39,20.39,20.39
2560,20.39,20.39,20.39,20.39,20.39,20.39,20.39,20.39,20.39,20.39
2561,20.39,20.39,20.39,20.39,20.39,20.39,20.39,20.39,20.39,20.39
2562,20.39,20.39,20.39,20.39,20.39,20.39,20.39,20.39,20.39,20.39
2563,20.39,20.39,20.39,20.39,20.39,20.39,20.39,20.39,20.39,20.39
2564,20.39,20.39,20.39,20.39,20.39,20.39,20.39,20.39,20.39,20.39
2565,20.39,20.39,20.39,20.39,20.39,20.39,20.39,20.39,20.39,20.39
2566,20.39,20.39,20.39,20.39,20.39,20.39,20.39,20.39,20.39,20.39
2567,20.39,20.39,20.39,20.39,20.39,20.39,20.39,20.39,20.39,20.39
2568,20.39,20.39,20.39,20.39,20.39,20.39,20.39,20.39,20.39,20.39
2569,20.39,20.39,20.39,20.39,20.39,20.39,20.39,20.39,20.39,20.39
2570,20.39,20.39,20.39,20.39,20.39,20.39,20.39,20.39,20.39,20.39
2571,20.39,20.39,20.39,20.39,20.39,20.39,20.39,20.39,20.39,20.39
2572,20.39,20.39,20.39,20.39,20.39,20.39,20.39,20.39,20.39,20.39
2573,20.39,20.39,20.39,20.39,20.39,20.39,20.39,20.39,20.39,20.39
2574,20.39,20.39,20.39,20.39,20.39,20.39,20.39,20.39,20.39,20.39
2575,20.39,20.39,20.39,20.39,20.39,20.39,20.39,20.39,20.39,20.39
2576,20.39,20.39,20.39,20.39,20.39,20.39,20.39,20.39,20.39,20.39
2577,20.39,20.39,20.39,20.39,20.39,20.39,20.39,20.39,20.39,20.39
2578,20.39,20.39,20.39,20.39,20.39,20.39,20.39,20.39,20.39,20.39
2579,20.39,20.39,20.39,20.39,20.39,20.39,20.39,20.39,20.39,20.39
2580,20.39,20.39,20.39,20.39,20.39,20.39,20.39,20.39,20.39,20.39
2581,20.39,20.39,20.39,20.39,20.39,20.39,20.39,20.39,20.39,20.39
2582,20.39,20.39,20.39,20.39,20.39,20.39,20.39,20.39,20.39,20.39
2583,20.39,20.39,20.39,20.39,20.39,20.39,20.39,20.39,20.39,20.39
2584,20.39,20.39,20.39,20.39,20.39,20.39,20.39,20.39,20.39,20.39
2585,20.39,20.39,20.39,20.39,20.39,20.39,20.39,20.39,20.39,20.39
2586,20.39,20.39,20.39,20.39,20.39,20.39,20.39,20.39,20.39,20.39
2587,20.39,20.39,20.39,20.39,20.39,20.39,20.39,20.39,20.39,20.39
2588,20.39,20.39,20.39,20.39,20.39,20.39,20.39,20.39,20.39,20.39
2589,20.39,20.39,20.39,20.39,20.39,20.39,20.39,20.39,20.39,20.39
2590,20.39,20.39,20.39,20.39,20.39,20.39,20.39,20.39,20.39,20.39
2591,20.39,20.39,20.39,20.39,20.39,20.39,20.39,20.39,20.39,20.39
2592,20.39,20.39,20.39,20.39,20.39,20.39,20.39,20.39,20.39,20.39
2593,20.39,20.39,20.39,20.39,20.39,20.39,20.39,20.39,20.39,20.39
2594,20.39,20.39,20.39,20.39,20.39,20.39,20.39,20.39,20.39,20.39
2595,20.39,20.39,20.39,20.39,20.39,20.39,20.39,20.39,20.39,20.39
2596,20.39,20.39,20.39,20.39,20.39,20.39,20.39,20.39,20.39,20.39
2597,20.39,20.39,20.39,20.39,20.39,20.39,20.39,20.39,20.39,20.39
2598,20.39,20.39,20.39,20.39,20.39,20.39,20.39,20.39,20.39,20.39
2599,20.39,20.39,20.39,20.39,20.39,20.39,20.39,20.39,20.39,20.39
2600,20.39,20.39,20.39,20.39,20.39,20.39,20.39,20.39,20.39,20.39
2601,20.39,20.39,20.39,20.39,20.39,20.39,20.39,20.39,20.39,20.39
2602,20.39,20.39,20.39,20.39,20.39,20.39,20.39,20.39,20.39,20.39
2603,20.39,20.39,20.39,20.39,20.39,20.39,20.39,20.39,20.39,20.39
2604,20.39,20.39,20.39,20.39,20.39,20.39,20.39,20.39,20.39,20.39
2605,20.39,20.39,20.39,20.39,20.39,20.39,20.39,20.39,20.39,20.39
2606,20.39,20.39,20.39,20.39,20.39,20.39,20.39,20.39,20.39,20.39
2607,20.39,20.39,20.39,20.39,20.39,20.39,20.39,20.39,20.39,20.39
2608,20.39,20.39,20.39,20.39,20.39,20.39,20.39,20.39,20.39,20.39
2609,20.39,20.39,20.39,20.39,20.39,20.39,20.39,20.39,20.39,20.39
2610,20.39,20.39,20.39,20.39,20.39,20.39,20.39,20.39,20.39,20.39
2611,20.39,20.39,20.39,20.39,20.39,20.39,20.39,20.39,20.39,20.39
2612,20.39,20.39,20.39,20.39,20.39,20.39,20.39,20.39,20.39,20.39
2613,20.39,20.39,20.39,20.39,20.39,20.39,20.39,20.39,20.39,20.39
2614,20.39,20.39,20.39,20.39,20.39,20.39,20.39,20.39,20.39,20.39
2615,20.39,20.39,20.39,20.39,20.39,20.39,20.39,20.39,20.39,20.39
2616,20.39,20.39,20.39,20.39,20.39,20.39,20.39,20.39,20.39,20.39
2617,20.39,20.39,20.39,20.39,20.39,20.39,20.39,20.39,20.39,20.39
2618,20.39,20.39,20.39,20.39,20.39,20.39,20.39,20.39,20.39,20.39
2619,20.39,20.39,20.39,20.39,20.39,20.39,20.39,20.39,20.39,20.39
2620,20.39,20.39,20.39,20.39,20.39,20.39,20.39,20.39,20.39,20.39
2621,20.39,20.39,20.39,20.39,20.39,20.39,20.39,20.39,20.39,20.39
2622,20.39,20.39,20.39,20.39,20.39,20.39,20.39,20.39,20.39,20.39
2623,20.39,20.39,20.39,20.39,20.39,20.39,20.39,20.39,20.39,20.39
2624,20.39,20.39,20.39,20.39,20.39,20.39,20.39,20.39,20.39,20.39
2625,20.39,20.39,20.39,20.39,20.39,20.39,20.39,20.39,20.39,20.39
2626,20.39,20.39,20.39,20.39,20.39,20.39,20.39,20.39,20.39,20.39
2627,20.39,20.39,20.39,20.39,20.39,20.39,20.39,20.39,20.39,20.39
2628,20.39,20.39,20.39,20.39,20.39,20.39,20.39,20.39,20.39,20.39
2629,20.39,20.39,20.39,20.39,20.39,20.39,20.39,20.39,20.39,20.39
2630,20.39,20.39,20.39,20.39,20.39,20.39,20.39,20.39,20.39,20.39
2631,20.39,20.39,20.39,20.39,20.39,20.39,20.39,20.39,20.39,20.39
2632,20.39,20.39,20.39,20.39,20.39,20.39,20.39,20.39,20.39,20.39
2633,20.39,20.39,20.39,20.39,20.39,20.39,20.39,20.39,20.39,20.39
2634,20.39,20.39,20.39,20.39,20.39,20.39,20.39,20.39,20.39,20.39
2635,20.39,20.39,20.39,20.39,20.39,20.39,20.39,20.39,20.39,20.39
2636,20.39,20.39,20.39,20.39,20.39,20.39,20.39,20.39,20.39,20.39
2637,20.39,20.39,20.39,20.39,20.39,20.39,20.39,20.39,20.39,20.39
2638,20.39,20.39,20.39,20.39,20.39,20.39,20.39,20.39,20.39,20.39
2639,20.39,20.39,20.39,20.39,20.39,20.39,20.39,20.39,20.39,20.39
2640,20.39,20.39,20.39,20.39,20.39,20.39,20.39,20.39,20.39,20.39
2641,20.39,20.39,20.39,20.39,20.39,20.39,20.39,20.39,20.39,20.39
2642,20.39,20.39,20.39,20.39,20.39,20.39,20.39,20.39,20.39,20.39
2643,20.39,20.39,20.39,20.39,20.39,20.39,20.39,20.39,20.39,20.39
2644,20.39,20.39,20.39,20.39,20.39,20.39,20.39,20.39,20.39,20.39
2645,20.39,20.39,20.39,20.39,20.39,20.39,20.39,20.39,20.39,20.39
2646,20.39,20.39,20.39,20.39,20.39,20.39,20.39,20.39,20.39,20.39
2647,20.39,20.39,20.39,20.39,20.39,20.39,20.39,20.39,20.39,20.39
2648,20.39,20.39,20.39,20.39,20.39,20.39,20.39,20.39,20.39,20.39
2649,20.39,20.39,20.39,20.39,20.39,20.39,20.39,20.39,20.39,20.39
2650,20.39,20.39,20.39,20.39,20.39,20.39,20.39,20.39,20.39,20.39
2651,20.39,20.39,20.39,20.39,20.39,20.39,20.39,20.39,20.39,20.39
2652,20.39,20.39,20.39,20.39,20.39,20.39,20.39,20.39,20.39,20.39
2653,20.39,20.39,20.39,20.39,20.39,20.39,20.39,20.39,20.39,20.39
2654,20.39,20.39,20.39,20.39,20.39,20.39,20.39,20.39,20.39,20.39
2655,20.39,20.39,20.39,20.39,20.39,20.39,20.39,20.39,20.39,20.39
2656,20.39,20.39,20.39,20.39,20.39,20.39,20.39,20.39,20.39,20.39
2657,20.39,20.39,20.39,20.39,20.39,20.39,20.39,20.39,20.39,20.39
2658,20.39,20.39,20.39,20.39,20.39,20.39,20.39,20.39,20.39,20.39
2659,20.39,20.39,20.39,20.39,20.39,20.39,20.39,20.39,20.39,20.39
2660,20.39,20.39,20.39,20.39,20.39,20.39,20.39,20.39,20.39,20.39
2661,20.39,20.39,20.39,20.39,20.39,20.39,20.39,20.39,20.39,20.39
2662,20.39,20.39,20.39,20.39,20.39,20.39,20.39,20.39,20.39,20.39
2663,20.39,20.39,20.39,20.39,20.39,20.39,20.39,20.39,20.39,20.39
2664,20.39,20.39,20.39,20.39,20.39,20.39,20.39,20.39,20.39,20.39
2665,20.39,20.39,20.39,20.39,20.39,20.39,20.39,20.39,20.39,20.39
2666,20.39,20.39,20.39,20.39,20.39,20.39,20.39,20.39,20.39,20.39
2667,20.39,20.39,20.39,20.39,20.39,20.39,20.39,20.39,20.39,20.39
2668,20.39,20.39,20.39,20.39,20.39,20.39,20.39,20.39,20.39,20.39
2669,20.39,20.39,20.39,20.39,20.39,20.39,20.39,20.39,20.39,20.39
2670,20.39,20.39,20.39,20.39,20.39,20.39,20.39,20.39,20.39,20.39
2671,20.39,20.39,20.39,20.39,20.39,20.39,20.39,20.39,20.39,20.39
2672,20.39,20.39,20.39,20.39,20.39,20.39,20.39,20.39,20.39,20.39
2673,20.39,20.39,20.39,20.39,20.39,20.39,20.39,20.39,20.39,20.39
2674,20.39,20.39,20.39,20.39,20.39,20.39,20.39,20.39,20.39,20.39
2675,20.39,20.39,20.39,20.39,20.39,20.39,20.39,20.39,20.39,20.39
2676,20.39,20.39,20.39,20.39,20.39,20.39,20.39,20.39,20.39,20.39
2677,20.39,20.39,20.39,20.39,20.39,20.39,20.39,20.39,20.39,20.39
2678,20.39,20.39,20.39,20.39,20.39,20.39,20.39,20.39,20.39,20.39
2679,20.39,20.39,20.39,20.39,20.39,20.39,20.39,20.39,20.39,20.39
2680,20.39,20.39,20.39,20.39,20.39,20.39,20.39,20.39,20.39,20.39
2681,20.39,20.39,20.39,20.39,20.39,20.39,20.39,20.39,20.39,20.39
2682,20.39,20.39,20.39,20.39,20.39,20.39,20.39,20.39,20.39,20.39
2683,20.39,20.39,20.39,20.39,20.39,20.39,20.39,20.39,20.39,20.39
2684,20.39,20.39,20.39,20.39,20.39,20.39,20.39,20.39,20.39,20.39
2685,20.39,20.39,20.39,20.39,20.39,20.39,20.39,20.39,20.39,20.39
2686,20.39,20.39,20.39,20.39,20.39,20.39,20.39,20.39,20.39,20.39
2687,20.39,20.39,20.39,20.39,20.39,20.39,20.39,20.39,20.39,20.39
2688,20.39,20.39,20.39,20.39,20.39,20.39,20.39,20.39,20.39,20.39
2689,20.39,20.39,20.39,20.39,20.39,20.39,20.39,20.39,20.39,20.39
2690,20.39,20.39,20.39,20.39,20.39,20.39,20.39,20.39,20.39,20.39
2691,20.39,20.39,20.39,20.39,20.39,20.39,20.39,20.39,20.39,20.39
2692,20.39,20.39,20.39,20.39,20.39,20.39,20.39,20.39,20.39,20.39
2693,20.39,20.39,20.39,20.39,20.39,20.39,20.39,20.39,20.39,20.39
2694,20.39,20.39,20.39,20.39,20.39,20.39,20.39,20.39,20.39,20.39
2695,20.39,20.39,20.39,20.39,20.39,20.39,20.39,20.39,20.39,20.39
2696,20.39,20.39,20.39,20.39,20.39,20.39,20.39,20.39,20.39,20.39
2697,20.39,20.39,20.39,20.39,20.39,20.39,20.39,20.39,20.39,20.39
2698,20.39,20.39,20.39,20.39,20.39,20.39,20.39,20.39,20.39,20.39
2699,20.39,20.39,20.39,20.39,20.39,20.39,20.39,20.39,20.39,20.39
2700,20.39,20.39,20.39,20.39,20.39,20.39,20.39,20.39,20.39,20.39
2701,20.39,20.39,20.39,20.39,20.39,20.39,20.39,20.39,20.39,20.39
2702,20.39,20.39,20.39,20.39,20.39,20.39,20.39,20.39,20.39,20.39
2703,20.39,20.39,20.39,20.39,20.39,20.39,20.39,20.39,20.39,20.39
2704,20.39,20.39,20.39,20.39,20.39,20.39,20.39,20.39,20.39,20.39
2705,20.39,20.39,20.39,20.39,20.39,20.39,20.39,20.39,20.39,20.39
2706,20.39,20.39,20.39,20.39,20.39,20.39,20.39,20.39,20.39,20.39
2707,20.39,20.39,20.39,20.39,20.39,20.39,20.39,20.39,20.39,20.39
2708,20.39,20.39,20.39,20.39,20.39,20.39,20.39,20.39,20.39,20.39
2709,20.39,20.39,20.39,20.39,20.39,20.39,20.39,20.39,20.39,20.39
2710,20.39,20.39,20.39,20.39,20.39,20.39,20.39,20.39,20.39,20.39
2711,20.39,20.39,20.39,20.39,20.39,20.39,20.39,20.39,20.39,20.39
2712,20.39,20.39,20.39,20.39,20.39,20.39,20.39,20.39,20.39,20.39
2713,20.39,20.39,20.39,20.39,20.39,20.39,20.39,20.39,20.39,20.39
2714,20.39,20.39,20.39,20.39,20.39,20.39,20.39,20.39,20.39,20.39
2715,20.39,20.39,20.39,20.39,20.39,20.39,20.39,20.39,20.39,20.39
2716,20.39,20.39,20.39,20.39,20.39,20.39,20.39,20.39,20.39,20.39
2717,20.39,20.39,20.39,20.39,20.39,20.39,20.39,20.39,20.39,20.39
2718,20.39,20.39,20.39,20.39,20.39,20.39,20.39,20.39,20.39,20.39
2719,20.39,20.39,20.39,20.39,20.39,20.39,20.39,20.39,20.39,20.39
2720,20.39,20.39,20.39,20.39,20.39,20.39,20.39,20.39,20.39,20.39
2721,20.39,20.39,20.39,20.39,20.39,20.39,20.39,20.39,20.39,20.39
2722,20.39,20.39,20.39,20.39,20.39,20.39,20.39,20.39,20.39,20.39
2723,20.39,20.39,20.39,20.39,20.39,20.39,20.39,20.39,20.39,20.39
2724,20.39,20.39,20.39,20.39,20.39,20.39,20.39,20.39,20.39,20.39
2725,20.39,20.39,20.39,20.39,20.39,20.39,20.39,20.39,20.39,20.39
2726,20.39,20.39,20.39,20.39,20.39,20.39,20.39,20.39,20.39,20.39
2727,20.39,20.39,20.39,20.39,20.39,20.39,20.39,20.39,20.39,20.39
2728,20.39,20.39,20.39,20.39,20.39,20.39,20.39,20.39,20.39,20.39
2729,20.39,20.39,20.39,20.39,20.39,20.39,20.39,20.39,20.39,20.39
2730,20.39,20.39,20.39,20.39,20.39,20.39,20.39,20.39,20.39,20.39
2731,20.39,20.39,20.39,20.39,20.39,20.39,20.39,20.39,20.39,20.39
2732,20.39,20.39,20.39,20.39,20.39,20.39,20.39,20.39,20.39,20.39
2733,20.39,20.39,20.39,20.39,20.39,20.39,20.39,20.39,20.39,20.39
2734,20.39,20.39,20.39,20.39,20.39,20.39,20.39,20.39,20.39,20.39
2735,20.39,20.39,20.39,20.39,20.39,20.39,20.39,20.39,20.39,20.39
2736,20.39,20.39,20.39,20.39,20.39,20.39,20.39,20.39,20.39,20.39
2737,20.39,20.39,20.39,20.39,20.39,20.39,20.39,20.39,20.39,20.39
2738,20.39,20.39,20.39,20.39,20.39,20.39,20.39,20.39,20.39,20.39
2739,20.39,20.39,20.39,20.39,20.39,20.39,20.39,20.39,20.39,20.39
2740,20.39,20.39,20.39,20.39,20.39,20.39,20.39,20.39,20.39,20.39
2741,20.39,20.39,20.39,20.39,20.39,20.39,20.39,20.39,20.39,20.39
2742,20.39,20.39,20.39,20.39,20.39,20.39,20.39,20.39,20.39,20.39
2743,20.39,20.39,20.39,20.39,20.39,20.39,20.39,20.39,20.39,20.39
2744,20.39,20.39,20.39,20.39,20.39,20.39,20.39,20.39,20.39,20.39
2745,20.39,20.39,20.39,20.39,20.39,20.39,20.39,20.39,20.39,20.39
2746,20.39,20.39,20.39,20.39,20.39,20.39,20.39,20.39,20.39,20.39
2747,20.39,20.39,20.39,20.39,20.39,20.39,20.39,20.39,20.39,20.39
2748,20.39,20.39,20.39,20.39,20.39,20.39,20.39,20.39,20.39,20.39
2749,20.39,20.39,20.39,20.39,20.39,20.39,20.39,20.39,20.39,20.39
2750,20.39,20.39,20.39,20.39,20.39,20.39,20.39,20.39,20.39,20.39
2751,20.39,20.39,20.39,20.39,20.39,20.39,20.39,20.39,20.39,20.39
2752,20.39,20.39,20.39,20.39,20.39,20.39,20.39,20.39,20.39,20.39
2753,20.39,20.39,20.39,20.39,20.39,20.39,20.39,20.39,20.39,20.39
2754,20.39,20.39,20.39,20.39,20.39,20.39,20.39,20.39,20.39,20.39
2755,20.39,20.39,20.39,20.39,20.39,20.39,20.39,20.39,20.39,20.39
2756,20.39,20.39,20.39,20.39,20.39,20.39,20.39,20.39,20.39,20.39
2757,20.39,20.39,20.39,20.39,20.39,20.39,20.39,20.39,20.39,20.39
2758,20.39,20.39,20.39,20.39,20.39,20.39,20.39,20.39,20.39,20.39
2759,20.39,20.39,20.39,20.39,20.39,20.39,20.39,20.39,20.39,20.39
2760,20.39,20.39,20.39,20.39,20.39,20.39,20.39,20.39,20.39,20.39
2761,20.39,20.39,20.39,20.39,20.39,20.39,20.39,20.39,20.39,20.39
2762,20.39,20.39,20.39,20.39,20.39,20.39,20.39,20.39,20.39,20.39
2763,20.39,20.39,20.39,20.39,20.39,20.39,20.39,20.39,20.39,20.39
2764,20.39,20.39,20.39,20.39,20.39,20.39,20.39,20.39,20.39,20.39
2765,20.39,20.39,20.39,20.39,20.39,20.39,20.39,20.39,20.39,20.39
2766,20.39,20.39,20.39,20.39,20.39,20.39,20.39,20.39,20.39,20.39
2767,20.39,20.39,20.39,20.39,20.39,20.39,20.39,20.39,20.39,20.39
2768,20.39,20.39,20.39,20.39,20.39,20.39,20.39,20.39,20.39,20.39
2769,20.39,20.39,20.39,20.39,20.39,20.39,20.39,20.39,20.39,20.39
2770,20.39,20.39,20.39,20.39,20.39,20.39,20.39,20.39,20.39,20.39
2771,20.39,20.39,20.39,20.39,20.39,20.39,20.39,20.39,20.39,20.39
2772,20.39,20.39,20.39,20.39,20.39,20.39,20.39,20.39,20.39,20.39
2773,20.39,20.39,20.39,20.39,20.39,20.39,20.39,20.39,20.39,20.39
2774,20.39,20.39,20.39,20.39,20.39,20.39,20.39,20.39,20.39,20.39
2775,20.39,20.39,20.39,20.39,20.39,20.39,20.39,20.39,20.39,20.39
2776,20.39,20.39,20.39,20.39,20.39,20.39,20.39,20.39,20.39,20.39
2777,20.39,20.39,20.39,20.39,20.39,20.39,20.39,20.39,20.39,20.39
2778,20.39,20.39,20.39,20.39,20.39,20.39,20.39,20.39,20.39,20.39
2779,20.39,20.39,20.39,20.39,20.39,20.39,20.39,20.39,20.39,20.39
2780,20.39,20.39,20.39,20.39,20.39,20.39,20.39,20.39,20.39,20.39
2781,20.39,20.39,20.39,20.39,20.39,20.39,20.39,20.39,20.39,20.39
2782,20.39,20.39,20.39,20.39,20.39,20.39,20.39,20.39,20.39,20.39
2783,20.39,20.39,20.39,20.39,20.39,20.39,20.39,20.39,20.39,20.39
2784,20.39,20.39,20.39,20.39,20.39,20.39,20.39,20.39,20.39,20.39
2785,20.39,20.39,20.39,20.39,20.39,20.39,20.39,20.39,20.39,20.39
2786,20.39,20.39,20.39,20.39,20.39,20.39,20.39,20.39,20.39,20.39
2787,20.39,20.39,20.39,20.39,20.39,20.39,20.39,20.39,20.39,20.39
2788,20.39,20.39,20.39,20.39,20.39,20.39,20.39,20.39,20.39,20.39
2789,20.39,20.39,20.39,20.39,20.39,20.39,20.39,20.39,20.39,20.39
2790,20.39,20.39,20.39,20.39,20.39,20.39,20.39,20.39,20.39,20.39
2791,20.39,20.39,20.39,20.39,20.39,20.39,20.39,20.39,20.39,20.39
2792,20.39,20.39,20.39,20.39,20.39,20.39,20.39,20.39,20.39,20.39
2793,20.39,20.39,20.39,20.39,20.39,20.39,20.39,20.39,20.39,20.39
2794,20.39,20.39,20.39,20.39,20.39,20.39,20.39,20.39,20.39,20.39
2795,20.39,20.39,20.39,20.39,20.39,20.39,20.39,20.39,20.39,20.39
2796,20.39,20.39,20.39,20.39,20.39,20.39,20.39,20.39,20.39,20.39
2797,20.39,20.39,20.39,20.39,20.39,20.39,20.39,20.39,20.39,20.39
2798,20.39,20.39,20.39,20.39,20.39,20.39,20.39,20.39,20.39,20.39
2799,20.39,20.39,20.39,20.39,20.39,20.39,20.39,20.39,20.39,20.39
2800,20.39,20.39,20.39,20.39,20.39,20.39,20.39,20.39,20.39,20.39
2801,20.39,20.39,20.39,20.39,20.39,20.39,20.39,20.39,20.39,20.39
2802,20.39,20.39,20.39,20.39,20.39,20.39,20.39,20.39,20.39,20.39
2803,20.39,20.39,20.39,20.39,20.39,20.39,20.39,20.39,20.39,20.39
2804,20.39,20.39,20.39,20.39,20.39,20.39,20.39,20.39,20.39,20.39
2805,20.39,20.39,20.39,20.39,20.39,20.39,20.39,20.39,20.39,20.39
2806,20.39,20.39,20.39,20.39,20.39,20.39,20.39,20.39,20.39,20.39
2807,20.39,20.39,20.39,20.39,20.39,20.39,20.39,20.39,20.39,20.39
2808,20.39,20.39,20.39,20.39,20.39,20.39,20.39,20.39,20.39,20.39
2809,20.39,20.39,20.39,20.39,20.39,20.39,20.39,20.39,20.39,20.39
2810,20.39,20.39,20.39,20.39,20.39,20.39,20.39,20.39,20.39,20.39
2811,20.39,20.39,20.39,20.39,20.39,20.39,20.39,20.39,20.39,20.39
2812,20.39,20.39,20.39,20.39,20.39,20.39,20.39,20.39,20.39,20.39
2813,20.39,20.39,20.39,20.39,20.39,20.39,20.39,20.39,20.39,20.39
2814,20.39,20.39,20.39,20.39,20.39,20.39,20.39,20.39,20.39,20.39
2815,20.39,20.39,20.39,20.39,20.39,20.39,20.39,20.39,20.39,20.39
2816,20.39,20.39,20.39,20.39,20.39,20.39,20.39,20.39,20.39,20.39
2817,20.39,20.39,20.39,20.39,20.39,20.39,20.39,20.39,20.39,20.39
2818,20.39,20.39,20.39,20.39,20.39,20.39,20.39,20.39,20.39,20.39
2819,20.39,20.39,20.39,20.39,20.39,20.39,20.39,20.39,20.39,20.39
2820,20.39,20.39,20.39,20.39,20.39,20.39,20.39,20.39,20.39,20.39
2821,20.39,20.39,20.39,20.39,20.39,20.39,20.39,20.39,20.39,20.39
2822,20.39,20.39,20.39,20.39,20.39,20.39,20.39,20.39,20.39,20.39
2823,20.39,20.39,20.39,20.39,20.39,20.39,20.39,20.39,20.39,20.39
2824,20.39,20.39,20.39,20.39,20.39,20.39,20.39,20.39,20.39,20.39
2825,20.39,20.39,20.39,20.39,20.39,20.39,20.39,20.39,20.39,20.39
2826,20.39,20.39,20.39,20.39,20.39,20.39,20.39,20.39,20.39,20.39
2827,20.39,20.39,20.39,20.39,20.39,20.39,20.39,20.39,20.39,20.39
2828,20.39,20.39,20.39,20.39,20.39,20.39,20.39,20.39,20.39,20.39
2829,20.39,20.39,20.39,20.39,20.39,20.39,20.39,20.39,20.39,20.39
2830,20.39,20.39,20.39,20.39,20.39,20.39,20.39,20.39,20.39,20.39
2831,20.39,20.39,20.39,20.39,20.39,20.39,20.39,20.39,20.39,20.39
2832,20.39,20.39,20.39,20.39,20.39,20.39,20.39,20.39,20.39,20.39
2833,20.39,20.39,20.39,20.39,20.39,20.39,20.39,20.39,20.39,20.39
2834,20.39,20.39,20.39,20.39,20.39,20.39,20.39,20.39,20.39,20.39
2835,20.39,20.39,20.39,20.39,20.39,20.39,20.39,20.39,20.39,20.39
2836,20.39,20.39,20.39,20.39,20.39,20.39,20.39,20.39,20.39,20.39
2837,20.39,20.39,20.39,20.39,20.39,20.39,20.39,20.39,20.39,20.39
2838,20.39,20.39,20.39,20.39,20.39,20.39,20.39,20.39,20.39,20.39
2839,20.39,20.39,20.39,20.39,20.39,20.39,20.39,20.39,20.39,20.39
2840,20.39,20.39,20.39,20.39,20.39,20.39,20.39,20.39,20.39,20.39
2841,20.39,20.39,20.39,20.39,20.39,20.39,20.39,20.39,20.39,20.39
2842,20.39,20.39,20.39,20.39,20.39,20.39,20.39,20.39,20.39,20.39
2843,20.39,20.39,20.39,20.39,20.39,20.39,20.39,20.39,20.39,20.39
2844,20.39,20.39,20.39,20.39,20.39,20.39,20.39,20.39,20.39,20.39
2845,20.39,20.39,20.39,20.39,20.39,20.39,20.39,20.39,20.39,20.39
2846,20.39,20.39,20.39,20.39,20.39,20.39,20.39,20.39,20.39,20.39
2847,20.39,20.39,20.39,20.39,20.39,20.39,20.39,20.39,20.39,20.39
2848,20.39,20.39,20.39,20.39,20.39,20.39,20.39,20.39,20.39,20.39
2849,20.39,20.39,20.39,20.39,20.39,20.39,20.39,20.39,20.39,20.39
2850,20.39,20.39,20.39,20.39,20.39,20.39,20.39,20.39,20.39,20.39
2851,20.39,20.39,20.39,20.39,20.39,20.39,20.39,20.39,20.39,20.39
2852,20.39,20.39,20.39,20.39,20.39,20.39,20.39,20.39,20.39,20.39
2853,20.39,20.39,20.39,20.39,20.39,20.39,20.39,20.39,20.39,20.39
2854,20.39,20.39,20.39,20.39,20.39,20.39,20.39,20.39,20.39,20.39
2855,20.39,20.39,20.39,20.39,20.39,20.39,20.39,20.39,20.39,20.39
2856,20.39,20.39,20.39,20.39,20.39,20.39,20.39,20.39,20.39,20.39
2857,20.39,20.39,20.39,20.39,20.39,20.39,20.39,20.39,20.39,20.39
2858,20.39,20.39,20.39,20.39,20.39,20.39,20.39,20.39,20.39,20.39
2859,20.39,20.39,20.39,20.39,20.39,20.39,20.39,20.39,20.39,20.39
2860,20.39,20.39,20.39,20.39,20.39,20.39,20.39,20.39,20.39,20.39
2861,20.39,20.39,20.39,20.39,20.39,20.39,20.39,20.39,20.39,20.39
2862,20.39,20.39,20.39,20.39,20.39,20.39,20.39,20.39,20.39,20.39
2863,20.39,20.39,20.39,20.39,20.39,20.39,20.39,20.39,20.39,20.39
2864,20.39,20.39,20.39,20.39,20.39,20.39,20.39,20.39,20.39,20.39
2865,20.39,20.39,20.39,20.39,20.39,20.39,20.39,20.39,20.39,20.39
2866,20.39,20.39,20.39,20.39,20.39,20.39,20.39,20.39,20.39,20.39
2867,20.39,20.39,20.39,20.39,20.39,20.39,20.39,20.39,20.39,20.39
2868,20.39,20.39,20.39,20.39,20.39,20.39,20.39,20.39,20.39,20.39
2869,20.39,20.39,20.39,20.39,20.39,20.39,20.39,20.39,20.39,20.39
2870,20.39,20.39,20.39,20.39,20.39,20.39,20.39,20.39,20.39,20.39
2871,20.39,20.39,20.39,20.39,20.39,20.39,20.39,20.39,20.39,20.39
2872,20.39,20.39,20.39,20.39,20.39,20.39,20.39,20.39,20.39,20.39
2873,20.39,20.39,20.39,20.39,20.39,20.39,20.39,20.39,20.39,20.39
2874,20.39,20.39,20.39,20.39,20.39,20.39,20.39,20.39,20.39,20.39
2875,20.39,20.39,20.39,20.39,20.39,20.39,20.39,20.39,20.39,20.39
2876,20.39,20.39,20.39,20.39,20.39,20.39,20.39,20.39,20.39,20.39
2877,20.39,20.39,20.39,20.39,20.39,20.39,20.39,20.39,20.39,20.39
2878,20.39,20.39,20.39,20.39,20.39,20.39,20.39,20.39,20.39,20.39
2879,20.39,20.39,20.39,20.39,20.39,20.39,20.39,20.39,20.39,20.39
2880,20.39,20.39,20.39,20.39,20.39,20.39,20.39,20.39,20.39,20.39
2881,20.39,20.39,20.39,20.39,20.39,20.39,20.39,20.39,20.39,20.39
2882,20.39,20.39,20.39,20.39,20.39,20.39,20.39,20.39,20.39,20.39
2883,20.39,20.39,20.39,20.39,20.39,20.39,20.39,20.39,20.39,20.39
2884,20.39,20.39,20.39,20.39,20.39,20.39,20.39,20.39,20.39,20.39
2885,20.39,20.39,20.39,20.39,20.39,20.39,20.39,20.39,20.39,20.39
2886,20.39,20.39,20.39,20.39,20.39,20.39,20.39,20.39,20.39,20.39
2887,20.39,20.39,20.39,20.39,20.39,20.39,20.39,20.39,20.39,20.39
2888,20.39,20.39,20.39,20.39,20.39,20.39,20.39,20.39,20.39,20.39
2889,20.39,20.39,20.39,20.39,20.39,20.39,20.39,20.39,20.39,20.39
2890,20.39,20.39,20.39,20.39,20.39,20.39,20.39,20.39,20.39,20.39
2891,20.39,20.39,20.39,20.39,20.39,20.39,20.39,20.39,20.39,20.39
2892,20.39,20.39,20.39,20.39,20.39,20.39,20.39,20.39,20.39,20.39
2893,20.39,20.39,20.39,20.39,20.39,20.39,20.39,20.39,20.39,20.39
2894,20.39,20.39,20.39,20.39,20.39,20.39,20.39,20.39,20.39,20.39
2895,20.39,20.39,20.39,20.39,20.39,20.39,20.39,20.39,20.39,20.39
2896,20.39,20.39,20.39,20.39,20.39,20.39,20.39,20.39,20.39,20.39
2897,20.39,20.39,20.39,20.39,20.39,20.39,20.39,20.39,20.39,20.39
2898,20.39,20.39,20.39,20.39,20.39,20.39,20.39,20.39,20.39,20.39
2899,20.39,20.39,20.39,20.39,20.39,20.39,20.39,20.39,20.39,20.39
2900,20.39,20.39,20.39,20.39,20.39,20.39,20.39,20.39,20.39,20.39
2901,20.39,20.39,20.39,20.39,20.39,20.39,20.39,20.39,20.39,20.39
2902,20.39,20.39,20.39,20.39,20.39,20.39,20.39,20.39,20.39,20.39
2903,20.39,20.39,20.39,20.39,20.39,20.39,20.39,20.39,20.39,20.39
2904,20.39,20.39,20.39,20.39,20.39,20.39,20.39,20.39,20.39,20.39
2905,20.39,20.39,20.39,20.39,20.39,20.39,20.39,20.39,20.39,20.39
2906,20.39,20.39,20.39,20.39,20.39,20.39,20.39,20.39,20.39,20.39
2907,20.39,20.39,20.39,20.39,20.39,20.39,20.39,20.39,20.39,20.39
2908,20.39,20.39,20.39,20.39,20.39,20.39,20.39,20.39,20.39,20.39
2909,20.39,20.39,20.39,20.39,20.39,20.39,20.39,20.39,20.39,20.39
2910,20.39,20.39,20.39,20.39,20.39,20.39,20.39,20.39,20.39,20.39
2911,20.39,20.39,20.39,20.39,20.39,20.39,20.39,20.39,20.39,20.39
2912,20.39,20.39,20.39,20.39,20.39,20.39,20.39,20.39,20.39,20.39
2913,20.39,20.39,20.39,20.39,20.39,20.39,20.39,20.39,20.39,20.39
2914,20.39,20.39,20.39,20.39,20.39,20.39,20.39,20.39,20.39,20.39
2915,20.39,20.39,20.39,20.39,20.39,20.39,20.39,20.39,20.39,20.39
2916,20.39,20.39,20.39,20.39,20.39,20.39,20.39,20.39,20.39,20.39
2917,20.39,20.39,20.39,20.39,20.39,20.39,20.39,20.39,20.39,20.39
2918,20.39,20.39,20.39,20.39,20.39,20.39,20.39,20.39,20.39,20.39
2919,20.39,20.39,20.39,20.39,20.39,20.39,20.39,20.39,20.39,20.39
2920,20.39,20.39,20.39,20.39,20.39,20.39,20.39,20.39,20.39,20.39
2921,20.39,20.39,20.39,20.39,20.39,20.39,20.39,20.39,20.39,20.39
2922,20.39,20.39,20.39,20.39,20.39,20.39,20.39,20.39,20.39,20.39
2923,20.39,20.39,20.39,20.39,20.39,20.39,20.39,20.39,20.39,20.39
2924,20.39,20.39,20.39,20.39,20.39,20.39,20.39,20.39,20.39,20.39
2925,20.39,20.39,20.39,20.39,20.39,20.39,20.39,20.39,20.39,20.39
2926,20.39,20.39,20.39,20.39,20.39,20.39,20.39,20.39,20.39,20.39
2927,20.39,20.39,20.39,20.39,20.39,20.39,20.39,20.39,20.39,20.39
2928,20.39,20.39,20.39,20.39,20.39,20.39,20.39,20.39,20.39,20.39
2929,20.39,20.39,20.39,20.39,20.39,20.39,20.39,20.39,20.39,20.39
2930,20.39,20.39,20.39,20.39,20.39,20.39,20.39,20.39,20.39,20.39
2931,20.39,20.39,20.39,20.39,20.39,20.39,20.39,20.39,20.39,20.39
2932,20.39,20.39,20.39,20.39,20.39,20.39,20.39,20.39,20.39,20.39
2933,20.39,20.39,20.39,20.39,20.39,20.39,20.39,20.39,20.39,20.39
2934,20.39,20.39,20.39,20.39,20.39,20.39,20.39,20.39,20.39,20.39
2935,20.39,20.39,20.39,20.39,20.39,20.39,20.39,20.39,20.39,20.39
2936,20.39,20.39,20.39,20.39,20.39,20.39,20.39,20.39,20.39,20.39
2937,20.39,20.39,20.39,20.39,20.39,20.39,20.39,20.39,20.39,20.39
2938,20.39,20.39,20.39,20.39,20.39,20.39,20.39,20.39,20.39,20.39
2939,20.39,20.39,20.39,20.39,20.39,20.39,20.39,20.39,20.39,20.39
2940,20.39,20.39,20.39,20.39,20.39,20.39,20.39,20.39,20.39,20.39
2941,20.39,20.39,20.39,20.39,20.39,20.39,20.39,20.39,20.39,20.39
2942,20.39,20.39,20.39,20.39,20.39,20.39,20.39,20.39,20.39,20.39
2943,20.39,20.39,20.39,20.39,20.39,20.39,20.39,20.39,20.39,20.39
2944,20.39,20.39,20.39,20.39,20.39,20.39,20.39,20.39,20.39,20.39
2945,20.39,20.39,20.39,20.39,20.39,20.39,20.39,20.39,20.39,20.39
2946,20.39,20.39,20.39,20.39,20.39,20.39,20.39,20.39,20.39,20.39
2947,20.39,20.39,20.39,20.39,20.39,20.39,20.39,20.39,20.39,20.39
2948,20.39,20.39,20.39,20.39,20.39,20.39,20.39,20.39,20.39,20.39
2949,20.39,20.39,20.39,20.39,20.39,20.39,20.39,20.39,20.39,20.39
2950,20.39,20.39,20.39,20.39,20.39,20.39,20.39,20.39,20.39,20.39
2951,20.39,20.39,20.39,20.39,20.39,20.39,20.39,20.39,20.39,20.39
2952,20.39,20.39,20.39,20.39,20.39,20.39,20.39,20.39,20.39,20.39
2953,20.39,20.39,20.39,20.39,20.39,20.39,20.39,20.39,20.39,20.39
2954,20.39,20.39,20.39,20.39,20.39,20.39,20.39,20.39,20.39,20.39
2955,20.39,20.39,20.39,20.39,20.39,20.39,20.39,20.39,20.39,20.39
2956,20.39,20.39,20.39,20.39,20.39,20.39,20.39,20.39,20.39,20.39
2957,20.39,20.39,20.39,20.39,20.39,20.39,20.39,20.39,20.39,20.39
2958,20.39,20.39,20.39,20.39,20.39,20.39,20.39,20.39,20.39,20.39
2959,20.39,20.39,20.39,20.39,20.39,20.39,20.39,20.39,20.39,20.39
2960,20.39,20.39,20.39,20.39,20.39,20.39,20.39,20.39,20.39,20.39
2961,20.39,20.39,20.39,20.39,20.39,20.39,20.39,20.39,20.39,20.39
2962,20.39,20.39,20.39,20.39,20.39,20.39,20.39,20.39,20.39,20.39
2963,20.39,20.39,20.39,20.39,20.39,20.39,20.39,20.39,20.39,20.39
2964,20.39,20.39,20.39,20.39,20.39,20.39,20.39,20.39,20.39,20.39
2965,20.39,20.39,20.39,20.39,20.39,20.39,20.39,20.39,20.39,20.39
2966,20.39,20.39,20.39,20.39,20.39,20.39,20.39,20.39,20.39,20.39
2967,20.39,20.39,20.39,20.39,20.39,20.39,20.39,20.39,20.39,20.39
2968,20.39,20.39,20.39,20.39,20.39,20.39,20.39,20.39,20.39,20.39
2969,20.39,20.39,20.39,20.39,20.39,20.39,20.39,20.39,20.39,20.39
2970,20.39,20.39,20.39,20.39,20.39,20.39,20.39,20.39,20.39,20.39
2971,20.39,20.39,20.39,20.39,20.39,20.39,20.39,20.39,20.39,20.39
2972,20.39,20.39,20.39,20.39,20.39,20.39,20.39,20.39,20.39,20.39
2973,20.39,20.39,20.39,20.39,20.39,20.39,20.39,20.39,20.39,20.39
2974,20.39,20.39,20.39,20.39,20.39,20.39,20.39,20.39,20.39,20.39
2975,20.39,20.39,20.39,20.39,20.39,20.39,20.39,20.39,20.39,20.39
2976,20.39,20.39,20.39,20.39,20.39,20.39,20.39,20.39,20.39,20.39
2977,20.39,20.39,20.39,20.39,20.39,20.39,20.39,20.39,20.39,20.39
2978,20.39,20.39,20.39,20.39,20.39,20.39,20.39,20.39,20.39,20.39
2979,20.39,20.39,20.39,20.39,20.39,20.39,20.39,20.39,20.39,20.39
2980,20.39,20.39,20.39,20.39,20.39,20.39,20.39,20.39,20.39,20.39
2981,20.39,20.39,20.39,20.39,20.39,20.39,20.39,20.39,20.39,20.39
2982,20.39,20.39,20.39,20.39,20.39,20.39,20.39,20.39,20.39,20.39
2983,20.39,20.39,20.39,20.39,20.39,20.39,20.39,20.39,20.39,20.39
2984,20.39,20.39,20.39,20.39,20.39,20.39,20.39,20.39,20.39,20.39
2985,20.39,20.39,20.39,20.39,20.39,20.39,20.39,20.39,20.39,20.39
2986,20.39,20.39,20.39,20.39,20.39,20.39,20.39,20.39,20.39,20.39
2987,20.39,20.39,20.39,20.39,20.39,20.39,20.39,20.39,20.39,20.39
2988,20.39,20.39,20.39,20.39,20.39,20.39,20.39,20.39,20.39,20.39
2989,20.39,20.39,20.39,20.39,20.39,20.39,20.39,20.39,20.39,20.39
2990,20.39,20.39,20.39,20.39,20.39,20.39,20.39,20.39,20.39,20.39
2991,20.39,20.39,20.39,20.39,20.39,20.39,20.39,20.39,20.39,20.39
2992,20.39,20.39,20.39,20.39,20.39,20.39,20.39,20.39,20.39,20.39
2993,20.39,20.39,20.39,20.39,20.39,20.39,20.39,20.39,20.39,20.39
2994,20.39,20.39,20.39,20.39,20.39,20.39,20.39,20.39,20.39,20.39
2995,20.39,20.39,20.39,20.39,20.39,20.39,20.39,20.39,20.39,20.39
2996,20.39,20.39,20.39,20.39,20.39,20.39,20.39,20.39,20.39,20.39
2997,20.39,20.39,20.39,20.39,20.39,20.39,20.39,20.39,20.39,20.39
2998,20.39,20.39,20.39,20.39,20.39,20.39,20.39,20.39,20.39,20.39
2999,20.39,20.39,20.39,20.39,20.39,20.39,20.39,20.39,20.39,20.39
3000,20.39,20.39,20.39,20.39,20.39,20.39,20.39,20.39,20.39,20.39
3001,20.39,20.39,20.39,20.39,20.39,20.39,20.39,20.39,20.39,20.39
3002,20.39,20.39,20.39,20.39,20.39,20.39,20.39,20.39,20.39,20.39
3003,20.39,20.39,20.39,20.39,20.39,20.39,20.39,20.39,20.39,20.39
3004,20.39,20.39,20.39,20.39,20.39,20.39,20.39,20.39,20.39,20.39
3005,20.39,20.39,20.39,20.39,20.39,20.39,20.39,20.39,20.39,20.39
3006,20.39,20.39,20.39,20.39,20.39,20.39,20.39,20.39,20.39,20.39
3007,20.39,20.39,20.39,20.39,20.39,20.39,20.39,20.39,20.39,20.39
3008,20.39,20.39,20.39,20.39,20.39,20.39,20.39,20.39,20.39,20.39
3009,20.39,20.39,20.39,20.39,20.39,20.39,20.39,20.39,20.39,20.39
3010,20.39,20.39,20.39,20.39,20.39,20.39,20.39,20.39,20.39,20.39
3011,20.39,20.39,20.39,20.39,20.39,20.39,20.39,20.39,20.39,20.39
3012,20.39,20.39,20.39,20.39,20.39,20.39,20.39,20.39,20.39,20.39
3013,20.39,20.39,20.39,20.39,20.39,20.39,20.39,20.39,20.39,20.39
3014,20.39,20.39,20.39,20.39,20.39,20.39,20.39,20.39,20.39,20.39
3015,20.39,20.39,20.39,20.39,20.39,20.39,20.39,20.39,20.39,20.39
3016,20.39,20.39,20.39,20.39,20.39,20.39,20.39,20.39,20.39,20.39
3017,20.39,20.39,20.39,20.39,20.39,20.39,20.39,20.39,20.39,20.39
3018,20.39,20.39,20.39,20.39,20.39,20.39,20.39,20.39,20.39,20.39
3019,20.39,20.39,20.39,20.39,20.39,20.39,20.39,20.39,20.39,20.39
3020,20.39,20.39,20.39,20.39,20.39,20.39,20.39,20.39,20.39,20.39
3021,20.39,20.39,20.39,20.39,20.39,20.39,20.39,20.39,20.39,20.39
3022,20.39,20.39,20.39,20.39,20.39,20.39,20.39,20.39,20.39,20.39
3023,20.39,20.39,20.39,20.39,20.39,20.39,20.39,20.39,20.39,20.39
3024,20.39,20.39,20.39,20.39,20.39,20.39,20.39,20.39,20.39,20.39
3025,20.39,20.39,20.39,20.39,20.39,20.39,20.39,20.39,20.39,20.39
3026,20.39,20.39,20.39,20.39,20.39,20.39,20.39,20.39,20.39,20.39
3027,20.39,20.39,20.39,20.39,20.39,20.39,20.39,20.39,20.39,20.39
3028,20.39,20.39,20.39,20.39,20.39,20.39,20.39,20.39,20.39,20.39
3029,20.39,20.39,20.39,20.39,20.39,20.39,20.39,20.39,20.39,20.39
3030,20.39,20.39,20.39,20.39,20.39,20.39,20.39,20.39,20.39,20.39
3031,20.39,20.39,20.39,20.39,20.39,20.39,20.39,20.39,20.39,20.39
3032,20.39,20.39,20.39,20.39,20.39,20.39,20.39,20.39,20.39,20.39
3033,20.39,20.39,20.39,20.39,20.39,20.39,20.39,20.39,20.39,20.39
3034,20.39,20.39,20.39,20.39,20.39,20.39,20.39,20.39,20.39,20.39
3035,20.39,20.39,20.39,20.39,20.39,20.39,20.39,20.39,20.39,20.39
3036,20.39,20.39,20.39,20.39,20.39,20.39,20.39,20.39,20.39,20.39
3037,20.39,20.39,20.39,20.39,20.39,20.39,20.39,20.39,20.39,20.39
3038,20.39,20.39,20.39,20.39,20.39,20.39,20.39,20.39,20.39,20.39
3039,20.39,20.39,20.39,20.39,20.39,20.39,20.39,20.39,20.39,20.39
3040,20.39,20.39,20.39,20.39,20.39,20.39,20.39,20.39,20.39,20.39
3041,20.39,20.39,20.39,20.39,20.39,20.39,20.39,20.39,20.39,20.39
3042,20.39,20.39,20.39,20.39,20.39,20.39,20.39,20.39,20.39,20.39
3043,20.39,20.39,20.39,20.39,20.39,20.39,20.39,20.39,20.39,20.39
3044,20.39,20.39,20.39,20.39,20.39,20.39,20.39,20.39,20.39,20.39
3045,20.39,20.39,20.39,20.39,20.39,20.39,20.39,20.39,20.39,20.39
3046,20.39,20.39,20.39,20.39,20.39,20.39,20.39,20.39,20.39,20.39
3047,20.39,20.39,20.39,20.39,20.39,20.39,20.39,20.39,20.39,20.39
3048,20.39,20.39,20.39,20.39,20.39,20.39,20.39,20.39,20.39,20.39
3049,20.39,20.39,20.39,20.39,20.39,20.39,20.39,20.39,20.39,20.39
3050,20.39,20.39,20.39,20.39,20.39,20.39,20.39,20.39,20.39,20.39
3051,20.39,20.39,20.39,20.39,20.39,20.39,20.39,20.39,20.39,20.39
3052,20.39,20.39,20.39,20.39,20.39,20.39,20.39,20.39,20.39,20.39
3053,20.39,20.39,20.39,20.39,20.39,20.39,20.39,20.39,20.39,20.39
3054,20.39,20.39,20.39,20.39,20.39,20.39,20.39,20.39,20.39,20.39
3055,20.39,20.39,20.39,20.39,20.39,20.39,20.39,20.39,20.39,20.39
3056,20.39,20.39,20.39,20.39,20.39,20.39,20.39,20.39,20.39,20.39
3057,20.39,20.39,20.39,20.39,20.39,20.39,20.39,20.39,20.39,20.39
3058,20.39,20.39,20.39,20.39,20.39,20.39,20.39,20.39,20.39,20.39
3059,20.39,20.39,20.39,20.39,20.39,20.39,20.39,20.39,20.39,20.39
3060,20.39,20.39,20.39,20.39,20.39,20.39,20.39,20.39,20.39,20.39
3061,20.39,20.39,20.39,20.39,20.39,20.39,20.39,20.39,20.39,20.39
3062,20.39,20.39,20.39,20.39,20.39,20.39,20.39,20.39,20.39,20.39
3063,20.39,20.39,20.39,20.39,20.39,20.39,20.39,20.39,20.39,20.39
3064,20.39,20.39,20.39,20.39,20.39,20.39,20.39,20.39,20.39,20.39
3065,20.39,20.39,20.39,20.39,20.39,20.39,20.39,20.39,20.39,20.39
3066,20.39,20.39,20.39,20.39,20.39,20.39,20.39,20.39,20.39,20.39
3067,20.39,20.39,20.39,20.39,20.39,20.39,20.39,20.39,20.39,20.39
3068,20.39,20.39,20.39,20.39,20.39,20.39,20.39,20.39,20.39,20.39
3069,20.39,20.39,20.39,20.39,20.39,20.39,20.39,20.39,20.39,20.39
3070,20.39,20.39,20.39,20.39,20.39,20.39,20.39,20.39,20.39,20.39
3071,20.39,20.39,20.39,20.39,20.39,20.39,20.39,20.39,20.39,20.39
3072,20.39,20.39,20.39,20.39,20.39,20.39,20.39,20.39,20.39,20.39
3073,20.39,20.39,20.39,20.39,20.39,20.39,20.39,20.39,20.39,20.39
3074,20.39,20.39,20.39,20.39,20.39,20.39,20.39,20.39,20.39,20.39
3075,20.39,20.39,20.39,20.39,20.39,20.39,20.39,20.39,20.39,20.39
3076,20.39,20.39,20.39,20.39,20.39,20.39,20.39,20.39,20.39,20.39
3077,20.39,20.39,20.39,20.39,20.39,20.39,20.39,20.39,20.39,20.39
3078,20.39,20.39,20.39,20.39,20.39,20.39,20.39,20.39,20.39,20.39
3079,20.39,20.39,20.39,20.39,20.39,20.39,20.39,20.39,20.39,20.39
3080,20.39,20.39,20.39,20.39,20.39,20.39,20.39,20.39,20.39,20.39
3081,20.39,20.39,20.39,20.39,20.39,20.39,20.39,20.39,20.39,20.39
3082,20.39,20.39,20.39,20.39,20.39,20.39,20.39,20.39,20.39,20.39
3083,20.39,20.39,20.39,20.39,20.39,20.39,20.39,20.39,20.39,20.39
3084,20.39,20.39,20.39,20.39,20.39,20.39,20.39,20.39,20.39,20.39
3085,20.39,20.39,20.39,20.39,20.39,20.39,20.39,20.39,20.39,20.39
3086,20.39,20.39,20.39,20.39,20.39,20.39,20.39,20.39,20.39,20.39
3087,20.39,20.39,20.39,20.39,20.39,20.39,20.39,20.39,20.39,20.39
3088,20.39,20.39,20.39,20.39,20.39,20.39,20.39,20.39,20.39,20.39
3089,20.39,20.39,20.39,20.39,20.39,20.39,20.39,20.39,20.39,20.39
3090,20.39,20.39,20.39,20.39,20.39,20.39,20.39,20.39,20.39,20.39
3091,20.39,20.39,20.39,20.39,20.39,20.39,20.39,20.39,20.39,20.39
3092,20.39,20.39,20.39,20.39,20.39,20.39,20.39,20.39,20.39,20.39
3093,20.39,20.39,20.39,20.39,20.39,20.39,20.39,20.39,20.39,20.39
3094,20.39,20.39,20.39,20.39,20.39,20.39,20.39,20.39,20.39,20.39
3095,20.39,20.39,20.39,20.39,20.39,20.39,20.39,20.39,20.39,20.39
3096,20.39,20.39,20.39,20.39,20.39,20.39,20.39,20.39,20.39,20.39
3097,20.39,20.39,20.39,20.39,20.39,20.39,20.39,20.39,20.39,20.39
3098,20.39,20.39,20.39,20.39,20.39,20.39,20.39,20.39,20.39,20.39
3099,20.39,20.39,20.39,20.39,20.39,20.39,20.39,20.39,20.39,20.39
3100,20.39,20.39,20.39,20.39,20.39,20.39,20.39,20.39,20.39,20.39
3101,20.39,20.39,20.39,20.39,20.39,20.39,20.39,20.39,20.39,20.39
3102,20.39,20.39,20.39,20.39,20.39,20.39,20.39,20.39,20.39,20.39
3103,20.39,20.39,20.39,20.39,20.39,20.39,20.39,20.39,20.39,20.39
3104,20.39,20.39,20.39,20.39,20.39,20.39,20.39,20.39,20.39,20.39
3105,20.39,20.39,20.39,20.39,20.39,20.39,20.39,20.39,20.39,20.39
3106,20.39,20.39,20.39,20.39,20.39,20.39,20.39,20.39,20.39,20.39
3107,20.39,20.39,20.39,20.39,20.39,20.39,20.39,20.39,20.39,20.39
3108,20.39,20.39,20.39,20.39,20.39,20.39,20.39,20.39,20.39,20.39
3109,20.39,20.39,20.39,20.39,20.39,20.39,20.39,20.39,20.39,20.39
3110,20.39,20.39,20.39,20.39,20.39,20.39,20.39,20.39,20.39,20.39
3111,20.39,20.39,20.39,20.39,20.39,20.39,20.39,20.39,20.39,20.39
3112,20.39,20.39,20.39,20.39,20.39,20.39,20.39,20.39,20.39,20.39
3113,20.39,20.39,20.39,20.39,20.39,20.39,20.39,20.39,20.39,20.39
3114,20.39,20.39,20.39,20.39,20.39,20.39,20.39,20.39,20.39,20.39
3115,20.39,20.39,20.39,20.39,20.39,20.39,20.39,20.39,20.39,20.39
3116,20.39,20.39,20.39,20.39,20.39,20.39,20.39,20.39,20.39,20.39
3117,20.39,20.39,20.39,20.39,20.39,20.39,20.39,20.39,20.39,20.39
3118,20.39,20.39,20.39,20.39,20.39,20.39,20.39,20.39,20.39,20.39
3119,20.39,20.39,20.39,20.39,20.39,20.39,20.39,20.39,20.39,20.39
3120,20.39,20.39,20.39,20.39,20.39,20.39,20.39,20.39,20.39,20.39
3121,20.39,20.39,20.39,20.39,20.39,20.39,20.39,20.39,20.39,20.39
3122,20.39,20.39,20.39,20.39,20.39,20.39,20.39,20.39,20.39,20.39
3123,20.39,20.39,20.39,20.39,20.39,20.39,20.39,20.39,20.39,20.39
3124,20.39,20.39,20.39,20.39,20.39,20.39,20.39,20.39,20.39,20.39
3125,20.39,20.39,20.39,20.39,20.39,20.39,20.39,20.39,20.39,20.39
3126,20.39,20.39,20.39,20.39,20.39,20.39,20.39,20.39,20.39,20.39
3127,20.39,20.39,20.39,20.39,20.39,20.39,20.39,20.39,20.39,20.39
3128,20.39,20.39,20.39,20.39,20.39,20.39,20.39,20.39,20.39,20.39
3129,20.39,20.39,20.39,20.39,20.39,20.39,20.39,20.39,20.39,20.39
3130,20.39,20.39,20.39,20.39,20.39,20.39,20.39,20.39,20.39,20.39
3131,20.39,20.39,20.39,20.39,20.39,20.39,20.39,20.39,20.39,20.39
3132,20.39,20.39,20.39,20.39,20.39,20.39,20.39,20.39,20.39,20.39
3133,20.39,20.39,20.39,20.39,20.39,20.39,20.39,20.39,20.39,20.39
3134,20.39,20.39,20.39,20.39,20.39,20.39,20.39,20.39,20.39,20.39
3135,20.39,20.39,20.39,20.39,20.39,20.39,20.39,20.39,20.39,20.39
3136,20.39,20.39,20.39,20.39,20.39,20.39,20.39,20.39,20.39,20.39
3137,20.39,20.39,20.39,20.39,20.39,20.39,20.39,20.39,20.39,20.39
3138,20.39,20.39,20.39,20.39,20.39,20.39,20.39,20.39,20.39,20.39
3139,20.39,20.39,20.39,20.39,20.39,20.39,20.39,20.39,20.39,20.39
3140,20.39,20.39,20.39,20.39,20.39,20.39,20.39,20.39,20.39,20.39
3141,20.39,20.39,20.39,20.39,20.39,20.39,20.39,20.39,20.39,20.39
3142,20.39,20.39,20.39,20.39,20.39,20.39,20.39,20.39,20.39,20.39
3143,20.39,20.39,20.39,20.39,20.39,20.39,20.39,20.39,20.39,20.39
3144,20.39,20.39,20.39,20.39,20.39,20.39,20.39,20.39,20.39,20.39
3145,20.39,20.39,20.39,20.39,20.39,20.39,20.39,20.39,20.39,20.39
3146,20.39,20.39,20.39,20.39,20.39,20.39,20.39,20.39,20.39,20.39
3147,20.39,20.39,20.39,20.39,20.39,20.39,20.39,20.39,20.39,20.39
3148,20.39,20.39,20.39,20.39,20.39,20.39,20.39,20.39,20.39,20.39
3149,20.39,20.39,20.39,20.39,20.39,20.39,20.39,20.39,20.39,20.39
3150,20.39,20.39,20.39,20.39,20.39,20.39,20.39,20.39,20.39,20.39
3151,20.39,20.39,20.39,20.39,20.39,20.39,20.39,20.39,20.39,20.39
3152,20.39,20.39,20.39,20.39,20.39,20.39,20.39,20.39,20.39,20.39
3153,20.39,20.39,20.39,20.39,20.39,20.39,20.39,20.39,20.39,20.39
3154,20.39,20.39,20.39,20.39,20.39,20.39,20.39,20.39,20.39,20.39
3155,20.39,20.39,20.39,20.39,20.39,20.39,20.39,20.39,20.39,20.39
3156,20.39,20.39,20.39,20.39,20.39,20.39,20.39,20.39,20.39,20.39
3157,20.39,20.39,20.39,20.39,20.39,20.39,20.39,20.39,20.39,20.39
3158,20.39,20.39,20.39,20.39,20.39,20.39,20.39,20.39,20.39,20.39
3159,20.39,20.39,20.39,20.39,20.39,20.39,20.39,20.39,20.39,20.39
3160,20.39,20.39,20.39,20.39,20.39,20.39,20.39,20.39,20.39,20.39
3161,20.39,20.39,20.39,20.39,20.39,20.39,20.39,20.39,20.39,20.39
3162,20.39,20.39,20.39,20.39,20.39,20.39,20.39,20.39,20.39,20.39
3163,20.39,20.39,20.39,20.39,20.39,20.39,20.39,20.39,20.39,20.39
3164,20.39,20.39,20.39,20.39,20.39,20.39,20.39,20.39,20.39,20.39
3165,20.39,20.39,20.39,20.39,20.39,20.39,20.39,20.39,20.39,20.39
3166,20.39,20.39,20.39,20.39,20.39,20.39,20.39,20.39,20.39,20.39
3167,20.39,20.39,20.39,20.39,20.39,20.39,20.39,20.39,20.39,20.39
3168,20.39,20.39,20.39,20.39,20.39,20.39,20.39,20.39,20.39,20.39
3169,20.39,20.39,20.39,20.39,20.39,20.39,20.39,20.39,20.39,20.39
3170,20.39,20.39,20.39,20.39,20.39,20.39,20.39,20.39,20.39,20.39
3171,20.39,20.39,20.39,20.39,20.39,20.39,20.39,20.39,20.39,20.39
3172,20.39,20.39,20.39,20.39,20.39,20.39,20.39,20.39,20.39,20.39
3173,20.39,20.39,20.39,20.39,20.39,20.39,20.39,20.39,20.39,20.39
3174,20.39,20.39,20.39,20.39,20.39,20.39,20.39,20.39,20.39,20.39
3175,20.39,20.39,20.39,20.39,20.39,20.39,20.39,20.39,20.39,20.39
3176,20.39,20.39,20.39,20.39,20.39,20.39,20.39,20.39,20.39,20.39
3177,20.39,20.39,20.39,20.39,20.39,20.39,20.39,20.39,20.39,20.39
3178,20.39,20.39,20.39,20.39,20.39,20.39,20.39,20.39,20.39,20.39
3179,20.39,20.39,20.39,20.39,20.39,20.39,20.39,20.39,20.39,20.39
3180,20.39,20.39,20.39,20.39,20.39,20.39,20.39,20.39,20.39,20.39
3181,20.39,20.39,20.39,20.39,20.39,20.39,20.39,20.39,20.39,20.39
3182,20.39,20.39,20.39,20.39,20.39,20.39,20.39,20.39,20.39,20.39
3183,20.39,20.39,20.39,20.39,20.39,20.39,20.39,20.39,20.39,20.39
3184,20.39,20.39,20.39,20.39,20.39,20.39,20.39,20.39,20.39,20.39
3185,20.39,20.39,20.39,20.39,20.39,20.39,20.39,20.39,20.39,20.39
3186,20.39,20.39,20.39,20.39,20.39,20.39,20.39,20.39,20.39,20.39
3187,20.39,20.39,20.39,20.39,20.39,20.39,20.39,20.39,20.39,20.39
3188,20.39,20.39,20.39,20.39,20.39,20.39,20.39,20.39,20.39,20.39
3189,20.39,20.39,20.39,20.39,20.39,20.39,20.39,20.39,20.39,20.39
3190,20.39,20.39,20.39,20.39,20.39,20.39,20.39,20.39,20.39,20.39
3191,20.39,20.39,20.39,20.39,20.39,20.39,20.39,20.39,20.39,20.39
3192,20.39,20.39,20.39,20.39,20.39,20.39,20.39,20.39,20.39,20.39
3193,20.39,20.39,20.39,20.39,20.39,20.39,20.39,20.39,20.39,20.39
3194,20.39,20.39,20.39,20.39,20.39,20.39,20.39,20.39,20.39,20.39
3195,20.39,20.39,20.39,20.39,20.39,20.39,20.39,20.39,20.39,20.39
3196,20.39,20.39,20.39,20.39,20.39,20.39,20.39,20.39,20.39,20.39
3197,20.39,20.39,20.39,20.39,20.39,20.39,20.39,20.39,20.39,20.39
3198,20.39,20.39,20.39,20.39,20.39,20.39,20.39,20.39,20.39,20.39
3199,20.39,20.39,20.39,20.39,20.39,20.39,20.39,20.39,20.39,20.39
3200,20.39,20.39,20.39,20.39,20.39,20.39,20.39,20.39,20.39,20.39
3201,20.39,20.39,20.39,20.39,20.39,20.39,20.39,20.39,20.39,20.39
3202,20.39,20.39,20.39,20.39,20.39,20.39,20.39,20.39,20.39,20.39
3203,20.39,20.39,20.39,20.39,20.39,20.39,20.39,20.39,20.39,20.39
3204,20.39,20.39,20.39,20.39,20.39,20.39,20.39,20.39,20.39,20.39
3205,20.39,20.39,20.39,20.39,20.39,20.39,20.39,20.39,20.39,20.39
3206,20.39,20.39,20.39,20.39,20.39,20.39,20.39,20.39,20.39,20.39
3207,20.39,20.39,20.39,20.39,20.39,20.39,20.39,20.39,20.39,20.39
3208,20.39,20.39,20.39,20.39,20.39,20.39,20.39,20.39,20.39,20.39
3209,20.39,20.39,20.39,20.39,20.39,20.39,20.39,20.39,20.39,20.39
3210,20.39,20.39,20.39,20.39,20.39,20.39,20.39,20.39,20.39,20.39
3211,20.39,20.39,20.39,20.39,20.39,20.39,20.39,20.39,20.39,20.39
3212,20.39,20.39,20.39,20.39,20.39,20.39,20.39,20.39,20.39,20.39
3213,20.39,20.39,20.39,20.39,20.39,20.39,20.39,20.39,20.39,20.39
3214,20.39,20.39,20.39,20.39,20.39,20.39,20.39,20.39,20.39,20.39
3215,20.39,20.39,20.39,20.39,20.39,20.39,20.39,20.39,20.39,20.39
3216,20.39,20.39,20.39,20.39,20.39,20.39,20.39,20.39,20.39,20.39
3217,20.39,20.39,20.39,20.39,20.39,20.39,20.39,20.39,20.39,20.39
3218,20.39,20.39,20.39,20.39,20.39,20.39,20.39,20.39,20.39,20.39
3219,20.39,20.39,20.39,20.39,20.39,20.39,20.39,20.39,20.39,20.39
3220,20.39,20.39,20.39,20.39,20.39,20.39,20.39,20.39,20.39,20.39
3221,20.39,20.39,20.39,20.39,20.39,20.39,20.39,20.39,20.39,20.39
3222,20.39,20.39,20.39,20.39,20.39,20.39,20.39,20.39,20.39,20.39
3223,20.39,20.39,20.39,20.39,20.39,20.39,20.39,20.39,20.39,20.39
3224,20.39,20.39,20.39,20.39,20.39,20.39,20.39,20.39,20.39,20.39
3225,20.39,20.39,20.39,20.39,20.39,20.39,20.39,20.39,20.39,20.39
3226,20.39,20.39,20.39,20.39,20.39,20.39,20.39,20.39,20.39,20.39
3227,20.39,20.39,20.39,20.39,20.39,20.39,20.39,20.39,20.39,20.39
3228,20.39,20.39,20.39,20.39,20.39,20.39,20.39,20.39,20.39,20.39
3229,20.39,20.39,20.39,20.39,20.39,20.39,20.39,20.39,20.39,20.39
3230,20.39,20.39,20.39,20.39,20.39,20.39,20.39,20.39,20.39,20.39
3231,20.39,20.39,20.39,20.39,20.39,20.39,20.39,20.39,20.39,20.39
3232,20.39,20.39,20.39,20.39,20.39,20.39,20.39,20.39,20.39,20.39
3233,20.39,20.39,20.39,20.39,20.39,20.39,20.39,20.39,20.39,20.39
3234,20.39,20.39,20.39,20.39,20.39,20.39,20.39,20.39,20.39,20.39
3235,20.39,20.39,20.39,20.39,20.39,20.39,20.39,20.39,20.39,20.39
3236,20.39,20.39,20.39,20.39,20.39,20.39,20.39,20.39,20.39,20.39
3237,20.39,20.39,20.39,20.39,20.39,20.39,20.39,20.39,20.39,20.39
3238,20.39,20.39,20.39,20.39,20.39,20.39,20.39,20.39,20.39,20.39
3239,20.39,20.39,20.39,20.39,20.39,20.39,20.39,20.39,20.39,20.39
3240,20.39,20.39,20.39,20.39,20.39,20.39,20.39,20.39,20.39,20.39
3241,20.39,20.39,20.39,20.39,20.39,20.39,20.39,20.39,20.39,20.39
3242,20.39,20.39,20.39,20.39,20.39,20.39,20.39,20.39,20.39,20.39
3243,20.39,20.39,20.39,20.39,20.39,20.39,20.39,20.39,20.39,20.39
3244,20.39,20.39,20.39,20.39,20.39,20.39,20.39,20.39,20.39,20.39
3245,20.39,20.39,20.39,20.39,20.39,20.39,20.39,20.39,20.39,20.39
3246,20.39,20.39,20.39,20.39,20.39,20.39,20.39,20.39,20.39,20.39
3247,20.39,20.39,20.39,20.39,20.39,20.39,20.39,20.39,20.39,20.39
3248,20.39,20.39,20.39,20.39,20.39,20.39,20.39,20.39,20.39,20.39
3249,20.39,20.39,20.39,20.39,20.39,20.39,20.39,20.39,20.39,20.39
3250,20.39,20.39,20.39,20.39,20.39,20.39,20.39,20.39,20.39,20.39
3251,20.39,20.39,20.39,20.39,20.39,20.39,20.39,20.39,20.39,20.39
3252,20.39,20.39,20.39,20.39,20.39,20.39,20.39,20.39,20.39,20.39
3253,20.39,20.39,20.39,20.39,20.39,20.39,20.39,20.39,20.39,20.39
3254,20.39,20.39,20.39,20.39,20.39,20.39,20.39,20.39,20.39,20.39
3255,20.39,20.39,20.39,20.39,20.39,20.39,20.39,20.39,20.39,20.39
3256,20.39,20.39,20.39,20.39,20.39,20.39,20.39,20.39,20.39,20.39
3257,20.39,20.39,20.39,20.39,20.39,20.39,20.39,20.39,20.39,20.39
3258,20.39,20.39,20.39,20.39,20.39,20.39,20.39,20.39,20.39,20.39
3259,20.39,20.39,20.39,20.39,20.39,20.39,20.39,20.39,20.39,20.39
3260,20.39,20.39,20.39,20.39,20.39,20.39,20.39,20.39,20.39,20.39
3261,20.39,20.39,20.39,20.39,20.39,20.39,20.39,20.39,20.39,20.39
3262,20.39,20.39,20.39,20.39,20.39,20.39,20.39,20.39,20.39,20.39
3263,20.39,20.39,20.39,20.39,20.39,20.39,20.39,20.39,20.39,20.39
3264,20.39,20.39,20.39,20.39,20.39,20.39,20.39,20.39,20.39,20.39
3265,20.39,20.39,20.39,20.39,20.39,20.39,20.39,20.39,20.39,20.39
3266,20.39,20.39,20.39,20.39,20.39,20.39,20.39,20.39,20.39,20.39
3267,20.39,20.39,20.39,20.39,20.39,20.39,20.39,20.39,20.39,20.39
3268,20.39,20.39,20.39,20.39,20.39,20.39,20.39,20.39,20.39,20.39
3269,20.39,20.39,20.39,20.39,20.39,20.39,20.39,20.39,20.39,20.39
3270,20.39,20.39,20.39,20.39,20.39,20.39,20.39,20.39,20.39,20.39
3271,20.39,20.39,20.39,20.39,20.39,20.39,20.39,20.39,20.39,20.39
3272,20.39,20.39,20.39,20.39,20.39,20.39,20.39,20.39,20.39,20.39
3273,20.39,20.39,20.39,20.39,20.39,20.39,20.39,20.39,20.39,20.39
3274,20.39,20.39,20.39,20.39,20.39,20.39,20.39,20.39,20.39,20.39
3275,20.39,20.39,20.39,20.39,20.39,20.39,20.39,20.39,20.39,20.39
3276,20.39,20.39,20.39,20.39,20.39,20.39,20.39,20.39,20.39,20.39
3277,20.39,20.39,20.39,20.39,20.39,20.39,20.39,20.39,20.39,20.39
3278,20.39,20.39,20.39,20.39,20.39,20.39,20.39,20.39,20.39,20.39
3279,20.39,20.39,20.39,20.39,20.39,20.39,20.39,20.39,20.39,20.39
3280,20.39,20.39,20.39,20.39,20.39,20.39,20.39,20.39,20.39,20.39
3281,20.39,20.39,20.39,20.39,20.39,20.39,20.39,20.39,20.39,20.39
3282,20.39,20.39,20.39,20.39,20.39,20.39,20.39,20.39,20.39,20.39
3283,20.39,20.39,20.39,20.39,20.39,20.39,20.39,20.39,20.39,20.39
3284,20.39,20.39,20.39,20.39,20.39,20.39,20.39,20.39,20.39,20.39
3285,20.39,20.39,20.39,20.39,20.39,20.39,20.39,20.39,20.39,20.39
3286,20.39,20.39,20.39,20.39,20.39,20.39,20.39,20.39,20.39,20.39
3287,20.39,20.39,20.39,20.39,20.39,20.39,20.39,20.39,20.39,20.39
3288,20.39,20.39,20.39,20.39,20.39,20.39,20.39,20.39,20.39,20.39
3289,20.39,20.39,20.39,20.39,20.39,20.39,20.39,20.39,20.39,20.39
3290,20.39,20.39,20.39,20.39,20.39,20.39,20.39,20.39,20.39,20.39
3291,20.39,20.39,20.39,20.39,20.39,20.39,20.39,20.39,20.39,20.39
3292,20.39,20.39,20.39,20.39,20.39,20.39,20.39,20.39,20.39,20.39
3293,20.39,20.39,20.39,20.39,20.39,20.39,20.39,20.39,20.39,20.39
3294,20.39,20.39,20.39,20.39,20.39,20.39,20.39,20.39,20.39,20.39
3295,20.39,20.39,20.39,20.39,20.39,20.39,20.39,20.39,20.39,20.39
3296,20.39,20.39,20.39,20.39,20.39,20.39,20.39,20.39,20.39,20.39
3297,20.39,20.39,20.39,20.39,20.39,20.39,20.39,20.39,20.39,20.39
3298,20.39,20.39,20.39,20.39,20.39,20.39,20.39,20.39,20.39,20.39
3299,20.39,20.39,20.39,20.39,20.39,20.39,20.39,20.39,20.39,20.39
3300,20.39,20.39,20.39,20.39,20.39,20.39,20.39,20.39,20.39,20.39
3301,20.39,20.39,20.39,20.39,20.39,20.39,20.39,20.39,20.39,20.39
3302,20.39,20.39,20.39,20.39,20.39,20.39,20.39,20.39,20.39,20.39
3303,20.39,20.39,20.39,20.39,20.39,20.39,20.39,20.39,20.39,20.39
3304,20.39,20.39,20.39,20.39,20.39,20.39,20.39,20.39,20.39,20.39
3305,20.39,20.39,20.39,20.39,20.39,20.39,20.39,20.39,20.39,20.39
3306,20.39,20.39,20.39,20.39,20.39,20.39,20.39,20.39,20.39,20.39
3307,20.39,20.39,20.39,20.39,20.39,20.39,20.39,20.39,20.39,20.39
3308,20.39,20.39,20.39,20.39,20.39,20.39,20.39,20.39,20.39,20.39
3309,20.39,20.39,20.39,20.39,20.39,20.39,20.39,20.39,20.39,20.39
3310,20.39,20.39,20.39,20.39,20.39,20.39,20.39,20.39,20.39,20.39
3311,20.39,20.39,20.39,20.39,20.39,20.39,20.39,20.39,20.39,20.39
3312,20.39,20.39,20.39,20.39,20.39,20.39,20.39,20.39,20.39,20.39
3313,20.39,20.39,20.39,20.39,20.39,20.39,20.39,20.39,20.39,20.39
3314,20.39,20.39,20.39,20.39,20.39,20.39,20.39,20.39,20.39,20.39
3315,20.39,20.39,20.39,20.39,20.39,20.39,20.39,20.39,20.39,20.39
3316,20.39,20.39,20.39,20.39,20.39,20.39,20.39,20.39,20.39,20.39
3317,20.39,20.39,20.39,20.39,20.39,20.39,20.39,20.39,20.39,20.39
3318,20.39,20.39,20.39,20.39,20.39,20.39,20.39,20.39,20.39,20.39
3319,20.39,20.39,20.39,20.39,20.39,20.39,20.39,20.39,20.39,20.39
3320,20.39,20.39,20.39,20.39,20.39,20.39,20.39,20.39,20.39,20.39
3321,20.39,20.39,20.39,20.39,20.39,20.39,20.39,20.39,20.39,20.39
3322,20.39,20.39,20.39,20.39,20.39,20.39,20.39,20.39,20.39,20.39
3323,20.39,20.39,20.39,20.39,20.39,20.39,20.39,20.39,20.39,20.39
3324,20.39,20.39,20.39,20.39,20.39,20.39,20.39,20.39,20.39,20.39
3325,20.39,20.39,20.39,20.39,20.39,20.39,20.39,20.39,20.39,20.39
3326,20.39,20.39,20.39,20.39,20.39,20.39,20.39,20.39,20.39,20.39
3327,20.39,20.39,20.39,20.39,20.39,20.39,20.39,20.39,20.39,20.39
3328,20.39,20.39,20.39,20.39,20.39,20.39,20.39,20.39,20.39,20.39
3329,20.39,20.39,20.39,20.39,20.39,20.39,20.39,20.39,20.39,20.39
3330,20.39,20.39,20.39,20.39,20.39,20.39,20.39,20.39,20.39,20.39
3331,20.39,20.39,20.39,20.39,20.39,20.39,20.39,20.39,20.39,20.39
3332,20.39,20.39,20.39,20.39,20.39,20.39,20.39,20.39,20.39,20.39
3333,20.39,20.39,20.39,20.39,20.39,20.39,20.39,20.39,20.39,20.39
3334,20.39,20.39,20.39,20.39,20.39,20.39,20.39,20.39,20.39,20.39
3335,20.39,20.39,20.39,20.39,20.39,20.39,20.39,20.39,20.39,20.39
3336,20.39,20.39,20.39,20.39,20.39,20.39,20.39,20.39,20.39,20.39
3337,20.39,20.39,20.39,20.39,20.39,20.39,20.39,20.39,20.39,20.39
3338,20.39,20.39,20.39,20.39,20.39,20.39,20.39,20.39,20.39,20.39
3339,20.39,20.39,20.39,20.39,20.39,20.39,20.39,20.39,20.39,20.39
3340,20.39,20.39,20.39,20.39,20.39,20.39,20.39,20.39,20.39,20.39
3341,20.39,20.39,20.39,20.39,20.39,20.39,20.39,20.39,20.39,20.39
3342,20.39,20.39,20.39,20.39,20.39,20.39,20.39,20.39,20.39,20.39
3343,20.39,20.39,20.39,20.39,20.39,20.39,20.39,20.39,20.39,20.39
3344,20.39,20.39,20.39,20.39,20.39,20.39,20.39,20.39,20.39,20.39
3345,20.39,20.39,20.39,20.39,20.39,20.39,20.39,20.39,20.39,20.39
3346,20.39,20.39,20.39,20.39,20.39,20.39,20.39,20.39,20.39,20.39
3347,20.39,20.39,20.39,20.39,20.39,20.39,20.39,20.39,20.39,20.39
3348,20.39,20.39,20.39,20.39,20.39,20.39,20.39,20.39,20.39,20.39
3349,20.39,20.39,20.39,20.39,20.39,20.39,20.39,20.39,20.39,20.39
3350,20.39,20.39,20.39,20.39,20.39,20.39,20.39,20.39,20.39,20.39
3351,20.39,20.39,20.39,20.39,20.39,20.39,20.39,20.39,20.39,20.39
3352,20.39,20.39,20.39,20.39,20.39,20.39,20.39,20.39,20.39,20.39
3353,20.39,20.39,20.39,20.39,20.39,20.39,20.39,20.39,20.39,20.39
3354,20.39,20.39,20.39,20.39,20.39,20.39,20.39,20.39,20.39,20.39
3355,20.39,20.39,20.39,20.39,20.39,20.39,20.39,20.39,20.39,20.39
3356,20.39,20.39,20.39,20.39,20.39,20.39,20.39,20.39,20.39,20.39
3357,20.39,20.39,20.39,20.39,20.39,20.39,20.39,20.39,20.39,20.39
3358,20.39,20.39,20.39,20.39,20.39,20.39,20.39,20.39,20.39,20.39
3359,20.39,20.39,20.39,20.39,20.39,20.39,20.39,20.39,20.39,20.39
3360,20.39,20.39,20.39,20.39,20.39,20.39,20.39,20.39,20.39,20.39
3361,20.39,20.39,20.39,20.39,20.39,20.39,20.39,20.39,20.39,20.39
3362,20.39,20.39,20.39,20.39,20.39,20.39,20.39,20.39,20.39,20.39
3363,20.39,20.39,20.39,20.39,20.39,20.39,20.39,20.39,20.39,20.39
3364,20.39,20.39,20.39,20.39,20.39,20.39,20.39,20.39,20.39,20.39
3365,20.39,20.39,20.39,20.39,20.39,20.39,20.39,20.39,20.39,20.39
3366,20.39,20.39,20.39,20.39,20.39,20.39,20.39,20.39,20.39,20.39
3367,20.39,20.39,20.39,20.39,20.39,20.39,20.39,20.39,20.39,20.39
3368,20.39,20.39,20.39,20.39,20.39,20.39,20.39,20.39,20.39,20.39
3369,20.39,20.39,20.39,20.39,20.39,20.39,20.39,20.39,20.39,20.39
3370,20.39,20.39,20.39,20.39,20.39,20.39,20.39,20.39,20.39,20.39
3371,20.39,20.39,20.39,20.39,20.39,20.39,20.39,20.39,20.39,20.39
3372,20.39,20.39,20.39,20.39,20.39,20.39,20.39,20.39,20.39,20.39
3373,20.39,20.39,20.39,20.39,20.39,20.39,20.39,20.39,20.39,20.39
3374,20.39,20.39,20.39,20.39,20.39,20.39,20.39,20.39,20.39,20.39
3375,20.39,20.39,20.39,20.39,20.39,20.39,20.39,20.39,20.39,20.39
3376,20.39,20.39,20.39,20.39,20.39,20.39,20.39,20.39,20.39,20.39
3377,20.39,20.39,20.39,20.39,20.39,20.39,20.39,20.39,20.39,20.39
3378,20.39,20.39,20.39,20.39,20.39,20.39,20.39,20.39,20.39,20.39
3379,20.39,20.39,20.39,20.39,20.39,20.39,20.39,20.39,20.39,20.39
3380,20.39,20.39,20.39,20.39,20.39,20.39,20.39,20.39,20.39,20.39
3381,20.39,20.39,20.39,20.39,20.39,20.39,20.39,20.39,20.39,20.39
3382,20.39,20.39,20.39,20.39,20.39,20.39,20.39,20.39,20.39,20.39
3383,20.39,20.39,20.39,20.39,20.39,20.39,20.39,20.39,20.39,20.39
3384,20.39,20.39,20.39,20.39,20.39,20.39,20.39,20.39,20.39,20.39
3385,20.39,20.39,20.39,20.39,20.39,20.39,20.39,20.39,20.39,20.39
3386,20.39,20.39,20.39,20.39,20.39,20.39,20.39,20.39,20.39,20.39
3387,20.39,20.39,20.39,20.39,20.39,20.39,20.39,20.39,20.39,20.39
3388,20.39,20.39,20.39,20.39,20.39,20.39,20.39,20.39,20.39,20.39
3389,20.39,20.39,20.39,20.39,20.39,20.39,20.39,20.39,20.39,20.39
3390,20.39,20.39,20.39,20.39,20.39,20.39,20.39,20.39,20.39,20.39
3391,20.39,20.39,20.39,20.39,20.39,20.39,20.39,20.39,20.39,20.39
3392,20.39,20.39,20.39,20.39,20.39,20.39,20.39,20.39,20.39,20.39
3393,20.39,20.39,20.39,20.39,20.39,20.39,20.39,20.39,20.39,20.39
3394,20.39,20.39,20.39,20.39,20.39,20.39,20.39,20.39,20.39,20.39
3395,20.39,20.39,20.39,20.39,20.39,20.39,20.39,20.39,20.39,20.39
3396,20.39,20.39,20.39,20.39,20.39,20.39,20.39,20.39,20.39,20.39
3397,20.39,20.39,20.39,20.39,20.39,20.39,20.39,20.39,20.39,20.39
3398,20.39,20.39,20.39,20.39,20.39,20.39,20.39,20.39,20.39,20.39
3399,20.39,20.39,20.39,20.39,20.39,20.39,20.39,20.39,20.39,20.39
3400,20.39,20.39,20.39,20.39,20.39,20.39,20.39,20.39,20.39,20.39
3401,20.39,20.39,20.39,20.39,20.39,20.39,20.39,20.39,20.39,20.39
3402,20.39,20.39,20.39,20.39,20.39,20.39,20.39,20.39,20.39,20.39
3403,20.39,20.39,20.39,20.39,20.39,20.39,20.39,20.39,20.39,20.39
3404,20.39,20.39,20.39,20.39,20.39,20.39,20.39,20.39,20.39,20.39
3405,20.39,20.39,20.39,20.39,20.39,20.39,20.39,20.39,20.39,20.39
3406,20.39,20.39,20.39,20.39,20.39,20.39,20.39,20.39,20.39,20.39
3407,20.39,20.39,20.39,20.39,20.39,20.39,20.39,20.39,20.39,20.39
3408,20.39,20.39,20.39,20.39,20.39,20.39,20.39,20.39,20.39,20.39
3409,20.39,20.39,20.39,20.39,20.39,20.39,20.39,20.39,20.39,20.39
3410,20.39,20.39,20.39,20.39,20.39,20.39,20.39,20.39,20.39,20.39
3411,20.39,20.39,20.39,20.39,20.39,20.39,20.39,20.39,20.39,20.39
3412,20.39,20.39,20.39,20.39,20.39,20.39,20.39,20.39,20.39,20.39
3413,20.39,20.39,20.39,20.39,20.39,20.39,20.39,20.39,20.39,20.39
3414,20.39,20.39,20.39,20.39,20.39,20.39,20.39,20.39,20.39,20.39
3415,20.39,20.39,20.39,20.39,20.39,20.39,20.39,20.39,20.39,20.39
3416,20.39,20.39,20.39,20.39,20.39,20.39,20.39,20.39,20.39,20.39
3417,20.39,20.39,20.39,20.39,20.39,20.39,20.39,20.39,20.39,20.39
3418,20.39,20.39,20.39,20.39,20.39,20.39,20.39,20.39,20.39,20.39
3419,20.39,20.39,20.39,20.39,20.39,20.39,20.39,20.39,20.39,20.39
3420,20.39,20.39,20.39,20.39,20.39,20.39,20.39,20.39,20.39,20.39
3421,20.39,20.39,20.39,20.39,20.39,20.39,20.39,20.39,20.39,20.39
3422,20.39,20.39,20.39,20.39,20.39,20.39,20.39,20.39,20.39,20.39
3423,20.39,20.39,20.39,20.39,20.39,20.39,20.39,20.39,20.39,20.39
3424,20.39,20.39,20.39,20.39,20.39,20.39,20.39,20.39,20.39,20.39
3425,20.39,20.39,20.39,20.39,20.39,20.39,20.39,20.39,20.39,20.39
3426,20.39,20.39,20.39,20.39,20.39,20.39,20.39,20.39,20.39,20.39
3427,20.39,20.39,20.39,20.39,20.39,20.39,20.39,20.39,20.39,20.39
3428,20.39,20.39,20.39,20.39,20.39,20.39,20.39,20.39,20.39,20.39
3429,20.39,20.39,20.39,20.39,20.39,20.39,20.39,20.39,20.39,20.39
3430,20.39,20.39,20.39,20.39,20.39,20.39,20.39,20.39,20.39,20.39
3431,20.39,20.39,20.39,20.39,20.39,20.39,20.39,20.39,20.39,20.39
3432,20.39,20.39,20.39,20.39,20.39,20.39,20.39,20.39,20.39,20.39
3433,20.39,20.39,20.39,20.39,20.39,20.39,20.39,20.39,20.39,20.39
3434,20.39,20.39,20.39,20.39,20.39,20.39,20.39,20.39,20.39,20.39
3435,20.39,20.39,20.39,20.39,20.39,20.39,20.39,20.39,20.39,20.39
3436,20.39,20.39,20.39,20.39,20.39,20.39,20.39,20.39,20.39,20.39
3437,20.39,20.39,20.39,20.39,20.39,20.39,20.39,20.39,20.39,20.39
3438,20.39,20.39,20.39,20.39,20.39,20.39,20.39,20.39,20.39,20.39
3439,20.39,20.39,20.39,20.39,20.39,20.39,20.39,20.39,20.39,20.39
3440,20.39,20.39,20.39,20.39,20.39,20.39,20.39,20.39,20.39,20.39
3441,20.39,20.39,20.39,20.39,20.39,20.39,20.39,20.39,20.39,20.39
3442,20.39,20.39,20.39,20.39,20.39,20.39,20.39,20.39,20.39,20.39
3443,20.39,20.39,20.39,20.39,20.39,20.39,20.39,20.39,20.39,20.39
3444,20.39,20.39,20.39,20.39,20.39,20.39,20.39,20.39,20.39,20.39
3445,20.39,20.39,20.39,20.39,20.39,20.39,20.39,20.39,20.39,20.39
3446,20.39,20.39,20.39,20.39,20.39,20.39,20.39,20.39,20.39,20.39
3447,20.39,20.39,20.39,20.39,20.39,20.39,20.39,20.39,20.39,20.39
3448,20.39,20.39,20.39,20.39,20.39,20.39,20.39,20.39,20.39,20.39
3449,20.39,20.39,20.39,20.39,20.39,20.39,20.39,20.39,20.39,20.39
3450,20.39,20.39,20.39,20.39,20.39,20.39,20.39,20.39,20.39,20.39
3451,20.39,20.39,20.39,20.39,20.39,20.39,20.39,20.39,20.39,20.39
3452,20.39,20.39,20.39,20.39,20.39,20.39,20.39,20.39,20.39,20.39
3453,20.39,20.39,20.39,20.39,20.39,20.39,20.39,20.39,20.39,20.39
3454,20.39,20.39,20.39,20.39,20.39,20.39,20.39,20.39,20.39,20.39
3455,20.39,20.39,20.39,20.39,20.39,20.39,20.39,20.39,20.39,20.39
3456,20.39,20.39,20.39,20.39,20.39,20.39,20.39,20.39,20.39,20.39
3457,20.39,20.39,20.39,20.39,20.39,20.39,20.39,20.39,20.39,20.39
3458,20.39,20.39,20.39,20.39,20.39,20.39,20.39,20.39,20.39,20.39
3459,20.39,20.39,20.39,20.39,20.39,20.39,20.39,20.39,20.39,20.39
3460,20.39,20.39,20.39,20.39,20.39,20.39,20.39,20.39,20.39,20.39
3461,20.39,20.39,20.39,20.39,20.39,20.39,20.39,20.39,20.39,20.39
3462,20.39,20.39,20.39,20.39,20.39,20.39,20.39,20.39,20.39,20.39
3463,20.39,20.39,20.39,20.39,20.39,20.39,20.39,20.39,20.39,20.39
3464,20.39,20.39,20.39,20.39,20.39,20.39,20.39,20.39,20.39,20.39
3465,20.39,20.39,20.39,20.39,20.39,20.39,20.39,20.39,20.39,20.39
3466,20.39,20.39,20.39,20.39,20.39,20.39,20.39,20.39,20.39,20.39
3467,20.39,20.39,20.39,20.39,20.39,20.39,20.39,20.39,20.39,20.39
3468,20.39,20.39,20.39,20.39,20.39,20.39,20.39,20.39,20.39,20.39
3469,20.39,20.39,20.39,20.39,20.39,20.39,20.39,20.39,20.39,20.39
3470,20.39,20.39,20.39,20.39,20.39,20.39,20.39,20.39,20.39,20.39
3471,20.39,20.39,20.39,20.39,20.39,20.39,20.39,20.39,20.39,20.39
3472,20.39,20.39,20.39,20.39,20.39,20.39,20.39,20.39,20.39,20.39
3473,20.39,20.39,20.39,20.39,20.39,20.39,20.39,20.39,20.39,20.39
3474,20.39,20.39,20.39,20.39,20.39,20.39,20.39,20.39,20.39,20.39
3475,20.39,20.39,20.39,20.39,20.39,20.39,20.39,20.39,20.39,20.39
3476,20.39,20.39,20.39,20.39,20.39,20.39,20.39,20.39,20.39,20.39
3477,20.39,20.39,20.39,20.39,20.39,20.39,20.39,20.39,20.39,20.39
3478,20.39,20.39,20.39,20.39,20.39,20.39,20.39,20.39,20.39,20.39
3479,20.39,20.39,20.39,20.39,20.39,20.39,20.39,20.39,20.39,20.39
3480,20.39,20.39,20.39,20.39,20.39,20.39,20.39,20.39,20.39,20.39
3481,20.39,20.39,20.39,20.39,20.39,20.39,20.39,20.39,20.39,20.39
3482,20.39,20.39,20.39,20.39,20.39,20.39,20.39,20.39,20.39,20.39
3483,20.39,20.39,20.39,20.39,20.39,20.39,20.39,20.39,20.39,20.39
3484,20.39,20.39,20.39,20.39,20.39,20.39,20.39,20.39,20.39,20.39
3485,20.39,20.39,20.39,20.39,20.39,20.39,20.39,20.39,20.39,20.39
3486,20.39,20.39,20.39,20.39,20.39,20.39,20.39,20.39,20.39,20.39
3487,20.39,20.39,20.39,20.39,20.39,20.39,20.39,20.39,20.39,20.39
3488,20.39,20.39,20.39,20.39,20.39,20.39,20.39,20.39,20.39,20.39
3489,20.39,20.39,20.39,20.39,20.39,20.39,20.39,20.39,20.39,20.39
3490,20.39,20.39,20.39,20.39,20.39,20.39,20.39,20.39,20.39,20.39
3491,20.39,20.39,20.39,20.39,20.39,20.39,20.39,20.39,20.39,20.39
3492,20.39,20.39,20.39,20.39,20.39,20.39,20.39,20.39,20.39,20.39
3493,20.39,20.39,20.39,20.39,20.39,20.39,20.39,20.39,20.39,20.39
3494,20.39,20.39,20.39,20.39,20.39,20.39,20.39,20.39,20.39,20.39
3495,20.39,20.39,20.39,20.39,20.39,20.39,20.39,20.39,20.39,20.39
3496,20.39,20.39,20.39,20.39,20.39,20.39,20.39,20.39,20.39,20.39
3497,20.39,20.39,20.39,20.39,20.39,20.39,20.39,20.39,20.39,20.39
3498,20.39,20.39,20.39,20.39,20.39,20.39,20.39,20.39,20.39,20.39
3499,20.39,20.39,20.39,20.39,20.39,20.39,20.39,20.39,20.39,20.39
3500,20.39,20.39,20.39,20.39,20.39,20.39,20.39,20.39,20.39,20.39
3501,20.39,20.39,20.39,20.39,20.39,20.39,20.39,20.39,20.39,20.39
3502,20.39,20.39,20.39,20.39,20.39,20.39,20.39,20.39,20.39,20.39
3503,20.39,20.39,20.39,20.39,20.39,20.39,20.39,20.39,20.39,20.39
3504,20.39,20.39,20.39,20.39,20.39,20.39,20.39,20.39,20.39,20.39
3505,20.39,20.39,20.39,20.39,20.39,20.39,20.39,20.39,20.39,20.39
3506,20.39,20.39,20.39,20.39,20.39,20.39,20.39,20.39,20.39,20.39
3507,20.39,20.39,20.39,20.39,20.39,20.39,20.39,20.39,20.39,20.39
3508,20.39,20.39,20.39,20.39,20.39,20.39,20.39,20.39,20.39,20.39
3509,20.39,20.39,20.39,20.39,20.39,20.39,20.39,20.39,20.39,20.39
3510,20.39,20.39,20.39,20.39,20.39,20.39,20.39,20.39,20.39,20.39
3511,20.39,20.39,20.39,20.39,20.39,20.39,20.39,20.39,20.39,20.39
3512,20.39,20.39,20.39,20.39,20.39,20.39,20.39,20.39,20.39,20.39
3513,20.39,20.39,20.39,20.39,20.39,20.39,20.39,20.39,20.39,20.39
3514,20.39,20.39,20.39,20.39,20.39,20.39,20.39,20.39,20.39,20.39
3515,20.39,20.39,20.39,20.39,20.39,20.39,20.39,20.39,20.39,20.39
3516,20.39,20.39,20.39,20.39,20.39,20.39,20.39,20.39,20.39,20.39
3517,20.39,20.39,20.39,20.39,20.39,20.39,20.39,20.39,20.39,20.39
3518,20.39,20.39,20.39,20.39,20.39,20.39,20.39,20.39,20.39,20.39
3519,20.39,20.39,20.39,20.39,20.39,20.39,20.39,20.39,20.39,20.39
3520,20.39,20.39,20.39,20.39,20.39,20.39,20.39,20.39,20.39,20.39
3521,20.39,20.39,20.39,20.39,20.39,20.39,20.39,20.39,20.39,20.39
3522,20.39,20.39,20.39,20.39,20.39,20.39,20.39,20.39,20.39,20.39
3523,20.39,20.39,20.39,20.39,20.39,20.39,20.39,20.39,20.39,20.39
3524,20.39,20.39,20.39,20.39,20.39,20.39,20.39,20.39,20.39,20.39
3525,20.39,20.39,20.39,20.39,20.39,20.39,20.39,20.39,20.39,20.39
3526,20.39,20.39,20.39,20.39,20.39,20.39,20.39,20.39,20.39,20.39
3527,20.39,20.39,20.39,20.39,20.39,20.39,20.39,20.39,20.39,20.39
3528,20.39,20.39,20.39,20.39,20.39,20.39,20.39,20.39,20.39,20.39
3529,20.39,20.39,20.39,20.39,20.39,20.39,20.39,20.39,20.39,20.39
3530,20.39,20.39,20.39,20.39,20.39,20.39,20.39,20.39,20.39,20.39
3531,20.39,20.39,20.39,20.39,20.39,20.39,20.39,20.39,20.39,20.39
3532,20.39,20.39,20.39,20.39,20.39,20.39,20.39,20.39,20.39,20.39
3533,20.39,20.39,20.39,20.39,20.39,20.39,20.39,20.39,20.39,20.39
3534,20.39,20.39,20.39,20.39,20.39,20.39,20.39,20.39,20.39,20.39
3535,20.39,20.39,20.39,20.39,20.39,20.39,20.39,20.39,20.39,20.39
3536,20.39,20.39,20.39,20.39,20.39,20.39,20.39,20.39,20.39,20.39
3537,20.39,20.39,20.39,20.39,20.39,20.39,20.39,20.39,20.39,20.39
3538,20.39,20.39,20.39,20.39,20.39,20.39,20.39,20.39,20.39,20.39
3539,20.39,20.39,20.39,20.39,20.39,20.39,20.39,20.39,20.39,20.39
3540,20.39,20.39,20.39,20.39,20.39,20.39,20.39,20.39,20.39,20.39
3541,20.39,20.39,20.39,20.39,20.39,20.39,20.39,20.39,20.39,20.39
3542,20.39,20.39,20.39,20.39,20.39,20.39,20.39,20.39,20.39,20.39
3543,20.39,20.39,20.39,20.39,20.39,20.39,20.39,20.39,20.39,20.39
3544,20.39,20.39,20.39,20.39,20.39,20.39,20.39,20.39,20.39,20.39
3545,20.39,20.39,20.39,20.39,20.39,20.39,20.39,20.39,20.39,20.39
3546,20.39,20.39,20.39,20.39,20.39,20.39,20.39,20.39,20.39,20.39
3547,20.39,20.39,20.39,20.39,20.39,20.39,20.39,20.39,20.39,20.39
3548,20.39,20.39,20.39,20.39,20.39,20.39,20.39,20.39,20.39,20.39
3549,20.39,20.39,20.39,20.39,20.39,20.39,20.39,20.39,20.39,20.39
3550,20.39,20.39,20.39,20.39,20.39,20.39,20.39,20.39,20.39,20.39
3551,20.39,20.39,20.39,20.39,20.39,20.39,20.39,20.39,20.39,20.39
3552,20.39,20.39,20.39,20.39,20.39,20.39,20.39,20.39,20.39,20.39
3553,20.39,20.39,20.39,20.39,20.39,20.39,20.39,20.39,20.39,20.39
3554,20.39,20.39,20.39,20.39,20.39,20.39,20.39,20.39,20.39,20.39
3555,20.39,20.39,20.39,20.39,20.39,20.39,20.39,20.39,20.39,20.39
3556,20.39,20.39,20.39,20.39,20.39,20.39,20.39,20.39,20.39,20.39
3557,20.39,20.39,20.39,20.39,20.39,20.39,20.39,20.39,20.39,20.39
3558,20.39,20.39,20.39,20.39,20.39,20.39,20.39,20.39,20.39,20.39
3559,20.39,20.39,20.39,20.39,20.39,20.39,20.39,20.39,20.39,20.39
3560,20.39,20.39,20.39,20.39,20.39,20.39,20.39,20.39,20.39,20.39
3561,20.39,20.39,20.39,20.39,20.39,20.39,20.39,20.39,20.39,20.39
3562,20.39,20.39,20.39,20.39,20.39,20.39,20.39,20.39,20.39,20.39
3563,20.39,20.39,20.39,20.39,20.39,20.39,20.39,20.39,20.39,20.39
3564,20.39,20.39,20.39,20.39,20.39,20.39,20.39,20.39,20.39,20.39
3565,20.39,20.39,20.39,20.39,20.39,20.39,20.39,20.39,20.39,20.39
3566,20.39,20.39,20.39,20.39,20.39,20.39,20.39,20.39,20.39,20.39
3567,20.39,20.39,20.39,20.39,20.39,20.39,20.39,20.39,20.39,20.39
3568,20.39,20.39,20.39,20.39,20.39,20.39,20.39,20.39,20.39,20.39
3569,20.39,20.39,20.39,20.39,20.39,20.39,20.39,20.39,20.39,20.39
3570,20.39,20.39,20.39,20.39,20.39,20.39,20.39,20.39,20.39,20.39
3571,20.39,20.39,20.39,20.39,20.39,20.39,20.39,20.39,20.39,20.39
3572,20.39,20.39,20.39,20.39,20.39,20.39,20.39,20.39,20.39,20.39
3573,20.39,20.39,20.39,20.39,20.39,20.39,20.39,20.39,20.39,20.39
3574,20.39,20.39,20.39,20.39,20.39,20.39,20.39,20.39,20.39,20.39
3575,20.39,20.39,20.39,20.39,20.39,20.39,20.39,20.39,20.39,20.39
3576,20.39,20.39,20.39,20.39,20.39,20.39,20.39,20.39,20.39,20.39
3577,20.39,20.39,20.39,20.39,20.39,20.39,20.39,20.39,20.39,20.39
3578,20.39,20.39,20.39,20.39,20.39,20.39,20.39,20.39,20.39,20.39
3579,20.39,20.39,20.39,20.39,20.39,20.39,20.39,20.39,20.39,20.39
3580,20.39,20.39,20.39,20.39,20.39,20.39,20.39,20.39,20.39,20.39
3581,20.39,20.39,20.39,20.39,20.39,20.39,20.39,20.39,20.39,20.39
3582,20.39,20.39,20.39,20.39,20.39,20.39,20.39,20.39,20.39,20.39
3583,20.39,20.39,20.39,20.39,20.39,20.39,20.39,20.39,20.39,20.39
3584,20.39,20.39,20.39,20.39,20.39,20.39,20.39,20.39,20.39,20.39
3585,20.39,20.39,20.39,20.39,20.39,20.39,20.39,20.39,20.39,20.39
3586,20.39,20.39,20.39,20.39,20.39,20.39,20.39,20.39,20.39,20.39
3587,20.39,20.39,20.39,20.39,20.39,20.39,20.39,20.39,20.39,20.39
3588,20.39,20.39,20.39,20.39,20.39,20.39,20.39,20.39,20.39,20.39
3589,20.39,20.39,20.39,20.39,20.39,20.39,20.39,20.39,20.39,20.39
3590,20.39,20.39,20.39,20.39,20.39,20.39,20.39,20.39,20.39,20.39
3591,20.39,20.39,20.39,20.39,20.39,20.39,20.39,20.39,20.39,20.39
3592,20.39,20.39,20.39,20.39,20.39,20.39,20.39,20.39,20.39,20.39
3593,20.39,20.39,20.39,20.39,20.39,20.39,20.39,20.39,20.39,20.39
3594,20.39,20.39,20.39,20.39,20.39,20.39,20.39,20.39,20.39,20.39
3595,20.39,20.39,20.39,20.39,20.39,20.39,20.39,20.39,20.39,20.39
3596,20.39,20.39,20.39,20.39,20.39,20.39,20.39,20.39,20.39,20.39
3597,20.39,20.39,20.39,20.39,20.39,20.39,20.39,20.39,20.39,20.39
3598,20.39,20.39,20.39,20.39,20.39,20.39,20.39,20.39,20.39,20.39
3599,20.39,20.39,20.39,20.39,20.39,20.39,20.39,20.39,20.39,20.39
3600,20.39,20.39,20.39,20.39,20.39,20.39,20.39,20.39,20.39,20.39
3601,20.39,20.39,20.39,20.39,20.39,20.39,20.39,20.39,20.39,20.39
3602,20.39,20.39,20.39,20.39,20.39,20.39,20.39,20.39,20.39,20.39
3603,20.39,20.39,20.39,20.39,20.39,20.39,20.39,20.39,20.39,20.39
3604,20.39,20.39,20.39,20.39,20.39,20.39,20.39,20.39,20.39,20.39
3605,20.39,20.39,20.39,20.39,20.39,20.39,20.39,20.39,20.39,20.39
3606,20.39,20.39,20.39,20.39,20.39,20.39,20.39,20.39,20.39,20.39
3607,20.39,20.39,20.39,20.39,20.39,20.39,20.39,20.39,20.39,20.39
3608,20.39,20.39,20.39,20.39,20.39,20.39,20.39,20.39,20.39,20.39
3609,20.39,20.39,20.39,20.39,20.39,20.39,20.39,20.39,20.39,20.39
3610,20.39,20.39,20.39,20.39,20.39,20.39,20.39,20.39,20.39,20.39
3611,20.39,20.39,20.39,20.39,20.39,20.39,20.39,20.39,20.39,20.39
3612,20.39,20.39,20.39,20.39,20.39,20.39,20.39,20.39,20.39,20.39
3613,20.39,20.39,20.39,20.39,20.39,20.39,20.39,20.39,20.39,20.39
3614,20.39,20.39,20.39,20.39,20.39,20.39,20.39,20.39,20.39,20.39
3615,20.39,20.39,20.39,20.39,20.39,20.39,20.39,20.39,20.39,20.39
3616,20.39,20.39,20.39,20.39,20.39,20.39,20.39,20.39,20.39,20.39
3617,20.39,20.39,20.39,20.39,20.39,20.39,20.39,20.39,20.39,20.39
3618,20.39,20.39,20.39,20.39,20.39,20.39,20.39,20.39,20.39,20.39
3619,20.39,20.39,20.39,20.39,20.39,20.39,20.39,20.39,20.39,20.39
3620,20.39,20.39,20.39,20.39,20.39,20.39,20.39,20.39,20.39,20.39
3621,20.39,20.39,20.39,20.39,20.39,20.39,20.39,20.39,20.39,20.39
3622,20.39,20.39,20.39,20.39,20.39,20.39,20.39,20.39,20.39,20.39
3623,20.39,20.39,20.39,20.39,20.39,20.39,20.39,20.39,20.39,20.39
3624,20.39,20.39,20.39,20.39,20.39,20.39,20.39,20.39,20.39,20.39
3625,20.39,20.39,20.39,20.39,20.39,20.39,20.39,20.39,20.39,20.39
3626,20.39,20.39,20.39,20.39,20.39,20.39,20.39,20.39,20.39,20.39
3627,20.39,20.39,20.39,20.39,20.39,20.39,20.39,20.39,20.39,20.39
3628,20.39,20.39,20.39,20.39,20.39,20.39,20.39,20.39,20.39,20.39
3629,20.39,20.39,20.39,20.39,20.39,20.39,20.39,20.39,20.39,20.39
3630,20.39,20.39,20.39,20.39,20.39,20.39,20.39,20.39,20.39,20.39
3631,20.39,20.39,20.39,20.39,20.39,20.39,20.39,20.39,20.39,20.39
3632,20.39,20.39,20.39,20.39,20.39,20.39,20.39,20.39,20.39,20.39
3633,20.39,20.39,20.39,20.39,20.39,20.39,20.39,20.39,20.39,20.39
3634,20.39,20.39,20.39,20.39,20.39,20.39,20.39,20.39,20.39,20.39
3635,20.39,20.39,20.39,20.39,20.39,20.39,20.39,20.39,20.39,20.39
3636,20.39,20.39,20.39,20.39,20.39,20.39,20.39,20.39,20.39,20.39
3637,20.39,20.39,20.39,20.39,20.39,20.39,20.39,20.39,20.39,20.39
3638,20.39,20.39,20.39,20.39,20.39,20.39,20.39,20.39,20.39,20.39
3639,20.39,20.39,20.39,20.39,20.39,20.39,20.39,20.39,20.39,20.39
3640,20.39,20.39,20.39,20.39,20.39,20.39,20.39,20.39,20.39,20.39
3641,20.39,20.39,20.39,20.39,20.39,20.39,20.39,20.39,20.39,20.39
3642,20.39,20.39,20.39,20.39,20.39,20.39,20.39,20.39,20.39,20.39
3643,20.39,20.39,20.39,20.39,20.39,20.39,20.39,20.39,20.39,20.39
3644,20.39,20.39,20.39,20.39,20.39,20.39,20.39,20.39,20.39,20.39
3645,20.39,20.39,20.39,20.39,20.39,20.39,20.39,20.39,20.39,20.39
3646,20.39,20.39,20.39,20.39,20.39,20.39,20.39,20.39,20.39,20.39
3647,20.39,20.39,20.39,20.39,20.39,20.39,20.39,20.39,20.39,20.39
3648,20.39,20.39,20.39,20.39,20.39,20.39,20.39,20.39,20.39,20.39
3649,20.39,20.39,20.39,20.39,20.39,20.39,20.39,20.39,20.39,20.39
3650,20.39,20.39,20.39,20.39,20.39,20.39,20.39,20.39,20.39,20.39
3651,20.39,20.39,20.39,20.39,20.39,20.39,20.39,20.39,20.39,20.39
3652,20.39,20.39,20.39,20.39,20.39,20.39,20.39,20.39,20.39,20.39
3653,20.39,20.39,20.39,20.39,20.39,20.39,20.39,20.39,20.39,20.39
3654,20.39,20.39,20.39,20.39,20.39,20.39,20.39,20.39,20.39,20.39
3655,20.39,20.39,20.39,20.39,20.39,20.39,20.39,20.39,20.39,20.39
3656,20.39,20.39,20.39,20.39,20.39,20.39,20.39,20.39,20.39,20.39
3657,20.39,20.39,20.39,20.39,20.39,20.39,20.39,20.39,20.39,20.39
3658,20.39,20.39,20.39,20.39,20.39,20.39,20.39,20.39,20.39,20.39
3659,20.39,20.39,20.39,20.39,20.39,20.39,20.39,20.39,20.39,20.39
3660,20.39,20.39,20.39,20.39,20.39,20.39,20.39,20.39,20.39,20.39
3661,20.39,20.39,20.39,20.39,20.39,20.39,20.39,20.39,20.39,20.39
3662,20.39,20.39,20.39,20.39,20.39,20.39,20.39,20.39,20.39,20.39
3663,20.39,20.39,20.39,20.39,20.39,20.39,20.39,20.39,20.39,20.39
3664,20.39,20.39,20.39,20.39,20.39,20.39,20.39,20.39,20.39,20.39
3665,20.39,20.39,20.39,20.39,20.39,20.39,20.39,20.39,20.39,20.39
3666,20.39,20.39,20.39,20.39,20.39,20.39,20.39,20.39,20.39,20.39
3667,20.39,20.39,20.39,20.39,20.39,20.39,20.39,20.39,20.39,20.39
3668,20.39,20.39,20.39,20.39,20.39,20.39,20.39,20.39,20.39,20.39
3669,20.39,20.39,20.39,20.39,20.39,20.39,20.39,20.39,20.39,20.39
3670,20.39,20.39,20.39,20.39,20.39,20.39,20.39,20.39,20.39,20.39
3671,20.39,20.39,20.39,20.39,20.39,20.39,20.39,20.39,20.39,20.39
3672,20.39,20.39,20.39,20.39,20.39,20.39,20.39,20.39,20.39,20.39
3673,20.39,20.39,20.39,20.39,20.39,20.39,20.39,20.39,20.39,20.39
3674,20.39,20.39,20.39,20.39,20.39,20.39,20.39,20.39,20.39,20.39
3675,20.39,20.39,20.39,20.39,20.39,20.39,20.39,20.39,20.39,20.39
3676,20.39,20.39,20.39,20.39,20.39,20.39,20.39,20.39,20.39,20.39
3677,20.39,20.39,20.39,20.39,20.39,20.39,20.39,20.39,20.39,20.39
3678,20.39,20.39,20.39,20.39,20.39,20.39,20.39,20.39,20.39,20.39
3679,20.39,20.39,20.39,20.39,20.39,20.39,20.39,20.39,20.39,20.39
3680,20.39,20.39,20.39,20.39,20.39,20.39,20.39,20.39,20.39,20.39
3681,20.39,20.39,20.39,20.39,20.39,20.39,20.39,20.39,20.39,20.39
3682,20.39,20.39,20.39,20.39,20.39,20.39,20.39,20.39,20.39,20.39
3683,20.39,20.39,20.39,20.39,20.39,20.39,20.39,20.39,20.39,20.39
3684,20.39,20.39,20.39,20.39,20.39,20.39,20.39,20.39,20.39,20.39
3685,20.39,20.39,20.39,20.39,20.39,20.39,20.39,20.39,20.39,20.39
3686,20.39,20.39,20.39,20.39,20.39,20.39,20.39,20.39,20.39,20.39
3687,20.39,20.39,20.39,20.39,20.39,20.39,20.39,20.39,20.39,20.39
3688,20.39,20.39,20.39,20.39,20.39,20.39,20.39,20.39,20.39,20.39
3689,20.39,20.39,20.39,20.39,20.39,20.39,20.39,20.39,20.39,20.39
3690,20.39,20.39,20.39,20.39,20.39,20.39,20.39,20.39,20.39,20.39
3691,20.39,20.39,20.39,20.39,20.39,20.39,20.39,20.39,20.39,20.39
3692,20.39,20.39,20.39,20.39,20.39,20.39,20.39,20.39,20.39,20.39
3693,20.39,20.39,20.39,20.39,20.39,20.39,20.39,20.39,20.39,20.39
3694,20.39,20.39,20.39,20.39,20.39,20.39,20.39,20.39,20.39,20.39
3695,20.39,20.39,20.39,20.39,20.39,20.39,20.39,20.39,20.39,20.39
3696,20.39,20.39,20.39,20.39,20.39,20.39,20.39,20.39,20.39,20.39
3697,20.39,20.39,20.39,20.39,20.39,20.39,20.39,20.39,20.39,20.39
3698,20.39,20.39,20.39,20.39,20.39,20.39,20.39,20.39,20.39,20.39
3699,20.39,20.39,20.39,20.39,20.39,20.39,20.39,20.39,20.39,20.39
3700,20.39,20.39,20.39,20.39,20.39,20.39,20.39,20.39,20.39,20.39
3701,20.39,20.39,20.39,20.39,20.39,20.39,20.39,20.39,20.39,20.39
3702,20.39,20.39,20.39,20.39,20.39,20.39,20.39,20.39,20.39,20.39
3703,20.39,20.39,20.39,20.39,20.39,20.39,20.39,20.39,20.39,20.39
3704,20.39,20.39,20.39,20.39,20.39,20.39,20.39,20.39,20.39,20.39
3705,20.39,20.39,20.39,20.39,20.39,20.39,20.39,20.39,20.39,20.39
3706,20.39,20.39,20.39,20.39,20.39,20.39,20.39,20.39,20.39,20.39
3707,20.39,20.39,20.39,20.39,20.39,20.39,20.39,20.39,20.39,20.39
3708,20.39,20.39,20.39,20.39,20.39,20.39,20.39,20.39,20.39,20.39
3709,20.39,20.39,20.39,20.39,20.39,20.39,20.39,20.39,20.39,20.39
3710,20.39,20.39,20.39,20.39,20.39,20.39,20.39,20.39,20.39,20.39
3711,20.39,20.39,20.39,20.39,20.39,20.39,20.39,20.39,20.39,20.39
3712,20.39,20.39,20.39,20.39,20.39,20.39,20.39,20.39,20.39,20.39
3713,20.39,20.39,20.39,20.39,20.39,20.39,20.39,20.39,20.39,20.39
3714,20.39,20.39,20.39,20.39,20.39,20.39,20.39,20.39,20.39,20.39
3715,20.39,20.39,20.39,20.39,20.39,20.39,20.39,20.39,20.39,20.39
3716,20.39,20.39,20.39,20.39,20.39,20.39,20.39,20.39,20.39,20.39
3717,20.39,20.39,20.39,20.39,20.39,20.39,20.39,20.39,20.39,20.39
3718,20.39,20.39,20.39,20.39,20.39,20.39,20.39,20.39,20.39,20.39
3719,20.39,20.39,20.39,20.39,20.39,20.39,20.39,20.39,20.39,20.39
3720,20.39,20.39,20.39,20.39,20.39,20.39,20.39,20.39,20.39,20.39
3721,20.39,20.39,20.39,20.39,20.39,20.39,20.39,20.39,20.39,20.39
3722,20.39,20.39,20.39,20.39,20.39,20.39,20.39,20.39,20.39,20.39
3723,20.39,20.39,20.39,20.39,20.39,20.39,20.39,20.39,20.39,20.39
3724,20.39,20.39,20.39,20.39,20.39,20.39,20.39,20.39,20.39,20.39
3725,20.39,20.39,20.39,20.39,20.39,20.39,20.39,20.39,20.39,20.39
3726,20.39,20.39,20.39,20.39,20.39,20.39,20.39,20.39,20.39,20.39
3727,20.39,20.39,20.39,20.39,20.39,20.39,20.39,20.39,20.39,20.39
3728,20.39,20.39,20.39,20.39,20.39,20.39,20.39,20.39,20.39,20.39
3729,20.39,20.39,20.39,20.39,20.39,20.39,20.39,20.39,20.39,20.39
3730,20.39,20.39,20.39,20.39,20.39,20.39,20.39,20.39,20.39,20.39
3731,20.39,20.39,20.39,20.39,20.39,20.39,20.39,20.39,20.39,20.39
3732,20.39,20.39,20.39,20.39,20.39,20.39,20.39,20.39,20.39,20.39
3733,20.39,20.39,20.39,20.39,20.39,20.39,20.39,20.39,20.39,20.39
3734,20.39,20.39,20.39,20.39,20.39,20.39,20.39,20.39,20.39,20.39
3735,20.39,20.39,20.39,20.39,20.39,20.39,20.39,20.39,20.39,20.39
3736,20.39,20.39,20.39,20.39,20.39,20.39,20.39,20.39,20.39,20.39
3737,20.39,20.39,20.39,20.39,20.39,20.39,20.39,20.39,20.39,20.39
3738,20.39,20.39,20.39,20.39,20.39,20.39,20.39,20.39,20.39,20.39
3739,20.39,20.39,20.39,20.39,20.39,20.39,20.39,20.39,20.39,20.39
3740,20.39,20.39,20.39,20.39,20.39,20.39,20.39,20.39,20.39,20.39
3741,20.39,20.39,20.39,20.39,20.39,20.39,20.39,20.39,20.39,20.39
3742,20.39,20.39,20.39,20.39,20.39,20.39,20.39,20.39,20.39,20.39
3743,20.39,20.39,20.39,20.39,20.39,20.39,20.39,20.39,20.39,20.39
3744,20.39,20.39,20.39,20.39,20.39,20.39,20.39,20.39,20.39,20.39
3745,20.39,20.39,20.39,20.39,20.39,20.39,20.39,20.39,20.39,20.39
3746,20.39,20.39,20.39,20.39,20.39,20.39,20.39,20.39,20.39,20.39
3747,20.39,20.39,20.39,20.39,20.39,20.39,20.39,20.39,20.39,20.39
3748,20.39,20.39,20.39,20.39,20.39,20.39,20.39,20.39,20.39,20.39
3749,20.39,20.39,20.39,20.39,20.39,20.39,20.39,20.39,20.39,20.39
3750,20.39,20.39,20.39,20.39,20.39,20.39,20.39,20.39,20.39,20.39
3751,20.39,20.39,20.39,20.39,20.39,20.39,20.39,20.39,20.39,20.39
3752,20.39,20.39,20.39,20.39,20.39,20.39,20.39,20.39,20.39,20.39
3753,20.39,20.39,20.39,20.39,20.39,20.39,20.39,20.39,20.39,20.39
3754,20.39,20.39,20.39,20.39,20.39,20.39,20.39,20.39,20.39,20.39
3755,20.39,20.39,20.39,20.39,20.39,20.39,20.39,20.39,20.39,20.39
3756,20.39,20.39,20.39,20.39,20.39,20.39,20.39,20.39,20.39,20.39
3757,20.39,20.39,20.39,20.39,20.39,20.39,20.39,20.39,20.39,20.39
3758,20.39,20.39,20.39,20.39,20.39,20.39,20.39,20.39,20.39,20.39
3759,20.39,20.39,20.39,20.39,20.39,20.39,20.39,20.39,20.39,20.39
3760,20.39,20.39,20.39,20.39,20.39,20.39,20.39,20.39,20.39,20.39
3761,20.39,20.39,20.39,20.39,20.39,20.39,20.39,20.39,20.39,20.39
3762,20.39,20.39,20.39,20.39,20.39,20.39,20.39,20.39,20.39,20.39
3763,20.39,20.39,20.39,20.39,20.39,20.39,20.39,20.39,20.39,20.39
3764,20.39,20.39,20.39,20.39,20.39,20.39,20.39,20.39,20.39,20.39
3765,20.39,20.39,20.39,20.39,20.39,20.39,20.39,20.39,20.39,20.39
3766,20.39,20.39,20.39,20.39,20.39,20.39,20.39,20.39,20.39,20.39
3767,20.39,20.39,20.39,20.39,20.39,20.39,20.39,20.39,20.39,20.39
3768,20.39,20.39,20.39,20.39,20.39,20.39,20.39,20.39,20.39,20.39
3769,20.39,20.39,20.39,20.39,20.39,20.39,20.39,20.39,20.39,20.39
3770,20.39,20.39,20.39,20.39,20.39,20.39,20.39,20.39,20.39,20.39
3771,20.39,20.39,20.39,20.39,20.39,20.39,20.39,20.39,20.39,20.39
3772,20.39,20.39,20.39,20.39,20.39,20.39,20.39,20.39,20.39,20.39
3773,20.39,20.39,20.39,20.39,20.39,20.39,20.39,20.39,20.39,20.39
3774,20.39,20.39,20.39,20.39,20.39,20.39,20.39,20.39,20.39,20.39
3775,20.39,20.39,20.39,20.39,20.39,20.39,20.39,20.39,20.39,20.39
3776,20.39,20.39,20.39,20.39,20.39,20.39,20.39,20.39,20.39,20.39
3777,20.39,20.39,20.39,20.39,20.39,20.39,20.39,20.39,20.39,20.39
3778,20.39,20.39,20.39,20.39,20.39,20.39,20.39,20.39,20.39,20.39
3779,20.39,20.39,20.39,20.39,20.39,20.39,20.39,20.39,20.39,20.39
3780,20.39,20.39,20.39,20.39,20.39,20.39,20.39,20.39,20.39,20.39
3781,20.39,20.39,20.39,20.39,20.39,20.39,20.39,20.39,20.39,20.39
3782,20.39,20.39,20.39,20.39,20.39,20.39,20.39,20.39,20.39,20.39
3783,20.39,20.39,20.39,20.39,20.39,20.39,20.39,20.39,20.39,20.39
3784,20.39,20.39,20.39,20.39,20.39,20.39,20.39,20.39,20.39,20.39
3785,20.39,20.39,20.39,20.39,20.39,20.39,20.39,20.39,20.39,20.39
3786,20.39,20.39,20.39,20.39,20.39,20.39,20.39,20.39,20.39,20.39
3787,20.39,20.39,20.39,20.39,20.39,20.39,20.39,20.39,20.39,20.39
3788,20.39,20.39,20.39,20.39,20.39,20.39,20.39,20.39,20.39,20.39
3789,20.39,20.39,20.39,20.39,20.39,20.39,20.39,20.39,20.39,20.39
3790,20.39,20.39,20.39,20.39,20.39,20.39,20.39,20.39,20.39,20.39
3791,20.39,20.39,20.39,20.39,20.39,20.39,20.39,20.39,20.39,20.39
3792,20.39,20.39,20.39,20.39,20.39,20.39,20.39,20.39,20.39,20.39
3793,20.39,20.39,20.39,20.39,20.39,20.39,20.39,20.39,20.39,20.39
3794,20.39,20.39,20.39,20.39,20.39,20.39,20.39,20.39,20.39,20.39
3795,20.39,20.39,20.39,20.39,20.39,20.39,20.39,20.39,20.39,20.39
3796,20.39,20.39,20.39,20.39,20.39,20.39,20.39,20.39,20.39,20.39
3797,20.39,20.39,20.39,20.39,20.39,20.39,20.39,20.39,20.39,20.39
3798,20.39,20.39,20.39,20.39,20.39,20.39,20.39,20.39,20.39,20.39
3799,20.39,20.39,20.39,20.39,20.39,20.39,20.39,20.39,20.39,20.39
3800,20.39,20.39,20.39,20.39,20.39,20.39,20.39,20.39,20.39,20.39
3801,20.39,20.39,20.39,20.39,20.39,20.39,20.39,20.39,20.39,20.39
3802,20.39,20.39,20.39,20.39,20.39,20.39,20.39,20.39,20.39,20.39
3803,20.39,20.39,20.39,20.39,20.39,20.39,20.39,20.39,20.39,20.39
3804,20.39,20.39,20.39,20.39,20.39,20.39,20.39,20.39,20.39,20.39
3805,20.39,20.39,20.39,20.39,20.39,20.39,20.39,20.39,20.39,20.39
3806,20.39,20.39,20.39,20.39,20.39,20.39,20.39,20.39,20.39,20.39
3807,20.39,20.39,20.39,20.39,20.39,20.39,20.39,20.39,20.39,20.39
3808,20.39,20.39,20.39,20.39,20.39,20.39,20.39,20.39,20.39,20.39
3809,20.39,20.39,20.39,20.39,20.39,20.39,20.39,20.39,20.39,20.39
3810,20.39,20.39,20.39,20.39,20.39,20.39,20.39,20.39,20.39,20.39
3811,20.39,20.39,20.39,20.39,20.39,20.39,20.39,20.39,20.39,20.39
3812,20.39,20.39,20.39,20.39,20.39,20.39,20.39,20.39,20.39,20.39
3813,20.39,20.39,20.39,20.39,20.39,20.39,20.39,20.39,20.39,20.39
3814,20.39,20.39,20.39,20.39,20.39,20.39,20.39,20.39,20.39,20.39
3815,20.39,20.39,20.39,20.39,20.39,20.39,20.39,20.39,20.39,20.39
3816,20.39,20.39,20.39,20.39,20.39,20.39,20.39,20.39,20.39,20.39
3817,20.39,20.39,20.39,20.39,20.39,20.39,20.39,20.39,20.39,20.39
3818,20.39,20.39,20.39,20.39,20.39,20.39,20.39,20.39,20.39,20.39
3819,20.39,20.39,20.39,20.39,20.39,20.39,20.39,20.39,20.39,20.39
3820,20.39,20.39,20.39,20.39,20.39,20.39,20.39,20.39,20.39,20.39
3821,20.39,20.39,20.39,20.39,20.39,20.39,20.39,20.39,20.39,20.39
3822,20.39,20.39,20.39,20.39,20.39,20.39,20.39,20.39,20.39,20.39
3823,20.39,20.39,20.39,20.39,20.39,20.39,20.39,20.39,20.39,20.39
3824,20.39,20.39,20.39,20.39,20.39,20.39,20.39,20.39,20.39,20.39
3825,20.39,20.39,20.39,20.39,20.39,20.39,20.39,20.39,20.39,20.39
3826,20.39,20.39,20.39,20.39,20.39,20.39,20.39,20.39,20.39,20.39
3827,20.39,20.39,20.39,20.39,20.39,20.39,20.39,20.39,20.39,20.39
3828,20.39,20.39,20.39,20.39,20.39,20.39,20.39,20.39,20.39,20.39
3829,20.39,20.39,20.39,20.39,20.39,20.39,20.39,20.39,20.39,20.39
3830,20.39,20.39,20.39,20.39,20.39,20.39,20.39,20.39,20.39,20.39
3831,20.39,20.39,20.39,20.39,20.39,20.39,20.39,20.39,20.39,20.39
3832,20.39,20.39,20.39,20.39,20.39,20.39,20.39,20.39,20.39,20.39
3833,20.39,20.39,20.39,20.39,20.39,20.39,20.39,20.39,20.39,20.39
3834,20.39,20.39,20.39,20.39,20.39,20.39,20.39,20.39,20.39,20.39
3835,20.39,20.39,20.39,20.39,20.39,20.39,20.39,20.39,20.39,20.39
3836,20.39,20.39,20.39,20.39,20.39,20.39,20.39,20.39,20.39,20.39
3837,20.39,20.39,20.39,20.39,20.39,20.39,20.39,20.39,20.39,20.39
3838,20.39,20.39,20.39,20.39,20.39,20.39,20.39,20.39,20.39,20.39
3839,20.39,20.39,20.39,20.39,20.39,20.39,20.39,20.39,20.39,20.39
3840,20.39,20.39,20.39,20.39,20.39,20.39,20.39,20.39,20.39,20.39
3841,20.39,20.39,20.39,20.39,20.39,20.39,20.39,20.39,20.39,20.39
3842,20.39,20.39,20.39,20.39,20.39,20.39,20.39,20.39,20.39,20.39
3843,20.39,20.39,20.39,20.39,20.39,20.39,20.39,20.39,20.39,20.39
3844,20.39,20.39,20.39,20.39,20.39,20.39,20.39,20.39,20.39,20.39
3845,20.39,20.39,20.39,20.39,20.39,20.39,20.39,20.39,20.39,20.39
3846,20.39,20.39,20.39,20.39,20.39,20.39,20.39,20.39,20.39,20.39
3847,20.39,20.39,20.39,20.39,20.39,20.39,20.39,20.39,20.39,20.39
3848,20.39,20.39,20.39,20.39,20.39,20.39,20.39,20.39,20.39,20.39
3849,20.39,20.39,20.39,20.39,20.39,20.39,20.39,20.39,20.39,20.39
3850,20.39,20.39,20.39,20.39,20.39,20.39,20.39,20.39,20.39,20.39
3851,20.39,20.39,20.39,20.39,20.39,20.39,20.39,20.39,20.39,20.39
3852,20.39,20.39,20.39,20.39,20.39,20.39,20.39,20.39,20.39,20.39
3853,20.39,20.39,20.39,20.39,20.39,20.39,20.39,20.39,20.39,20.39
3854,20.39,20.39,20.39,20.39,20.39,20.39,20.39,20.39,20.39,20.39
3855,20.39,20.39,20.39,20.39,20.39,20.39,20.39,20.39,20.39,20.39
3856,20.39,20.39,20.39,20.39,20.39,20.39,20.39,20.39,20.39,20.39
3857,20.39,20.39,20.39,20.39,20.39,20.39,20.39,20.39,20.39,20.39
3858,20.39,20.39,20.39,20.39,20.39,20.39,20.39,20.39,20.39,20.39
3859,20.39,20.39,20.39,20.39,20.39,20.39,20.39,20.39,20.39,20.39
3860,20.39,20.39,20.39,20.39,20.39,20.39,20.39,20.39,20.39,20.39
3861,20.39,20.39,20.39,20.39,20.39,20.39,20.39,20.39,20.39,20.39
3862,20.39,20.39,20.39,20.39,20.39,20.39,20.39,20.39,20.39,20.39
3863,20.39,20.39,20.39,20.39,20.39,20.39,20.39,20.39,20.39,20.39
3864,20.39,20.39,20.39,20.39,20.39,20.39,20.39,20.39,20.39,20.39
3865,20.39,20.39,20.39,20.39,20.39,20.39,20.39,20.39,20.39,20.39
3866,20.39,20.39,20.39,20.39,20.39,20.39,20.39,20.39,20.39,20.39
3867,20.39,20.39,20.39,20.39,20.39,20.39,20.39,20.39,20.39,20.39
3868,20.39,20.39,20.39,20.39,20.39,20.39,20.39,20.39,20.39,20.39
3869,20.39,20.39,20.39,20.39,20.39,20.39,20.39,20.39,20.39,20.39
3870,20.39,20.39,20.39,20.39,20.39,20.39,20.39,20.39,20.39,20.39
3871,20.39,20.39,20.39,20.39,20.39,20.39,20.39,20.39,20.39,20.39
3872,20.39,20.39,20.39,20.39,20.39,20.39,20.39,20.39,20.39,20.39
3873,20.39,20.39,20.39,20.39,20.39,20.39,20.39,20.39,20.39,20.39
3874,20.39,20.39,20.39,20.39,20.39,20.39,20.39,20.39,20.39,20.39
3875,20.39,20.39,20.39,20.39,20.39,20.39,20.39,20.39,20.39,20.39
3876,20.39,20.39,20.39,20.39,20.39,20.39,20.39,20.39,20.39,20.39
3877,20.39,20.39,20.39,20.39,20.39,20.39,20.39,20.39,20.39,20.39
3878,20.39,20.39,20.39,20.39,20.39,20.39,20.39,20.39,20.39,20.39
3879,20.39,20.39,20.39,20.39,20.39,20.39,20.39,20.39,20.39,20.39
3880,20.39,20.39,20.39,20.39,20.39,20.39,20.39,20.39,20.39,20.39
3881,20.39,20.39,20.39,20.39,20.39,20.39,20.39,20.39,20.39,20.39
3882,20.39,20.39,20.39,20.39,20.39,20.39,20.39,20.39,20.39,20.39
3883,20.39,20.39,20.39,20.39,20.39,20.39,20.39,20.39,20.39,20.39
3884,20.39,20.39,20.39,20.39,20.39,20.39,20.39,20.39,20.39,20.39
3885,20.39,20.39,20.39,20.39,20.39,20.39,20.39,20.39,20.39,20.39
3886,20.39,20.39,20.39,20.39,20.39,20.39,20.39,20.39,20.39,20.39
3887,20.39,20.39,20.39,20.39,20.39,20.39,20.39,20.39,20.39,20.39
3888,20.39,20.39,20.39,20.39,20.39,20.39,20.39,20.39,20.39,20.39
3889,20.39,20.39,20.39,20.39,20.39,20.39,20.39,20.39,20.39,20.39
3890,20.39,20.39,20.39,20.39,20.39,20.39,20.39,20.39,20.39,20.39
3891,20.39,20.39,20.39,20.39,20.39,20.39,20.39,20.39,20.39,20.39
3892,20.39,20.39,20.39,20.39,20.39,20.39,20.39,20.39,20.39,20.39
3893,20.39,20.39,20.39,20.39,20.39,20.39,20.39,20.39,20.39,20.39
3894,20.39,20.39,20.39,20.39,20.39,20.39,20.39,20.39,20.39,20.39
3895,20.39,20.39,20.39,20.39,20.39,20.39,20.39,20.39,20.39,20.39
3896,20.39,20.39,20.39,20.39,20.39,20.39,20.39,20.39,20.39,20.39
3897,20.39,20.39,20.39,20.39,20.39,20.39,20.39,20.39,20.39,20.39
3898,20.39,20.39,20.39,20.39,20.39,20.39,20.39,20.39,20.39,20.39
3899,20.39,20.39,20.39,20.39,20.39,20.39,20.39,20.39,20.39,20.39
3900,20.39,20.39,20.39,20.39,20.39,20.39,20.39,20.39,20.39,20.39
3901,20.39,20.39,20.39,20.39,20.39,20.39,20.39,20.39,20.39,20.39
3902,20.39,20.39,20.39,20.39,20.39,20.39,20.39,20.39,20.39,20.39
3903,20.39,20.39,20.39,20.39,20.39,20.39,20.39,20.39,20.39,20.39
3904,20.39,20.39,20.39,20.39,20.39,20.39,20.39,20.39,20.39,20.39
3905,20.39,20.39,20.39,20.39,20.39,20.39,20.39,20.39,20.39,20.39
3906,20.39,20.39,20.39,20.39,20.39,20.39,20.39,20.39,20.39,20.39
3907,20.39,20.39,20.39,20.39,20.39,20.39,20.39,20.39,20.39,20.39
3908,20.39,20.39,20.39,20.39,20.39,20.39,20.39,20.39,20.39,20.39
3909,20.39,20.39,20.39,20.39,20.39,20.39,20.39,20.39,20.39,20.39
3910,20.39,20.39,20.39,20.39,20.39,20.39,20.39,20.39,20.39,20.39
3911,20.39,20.39,20.39,20.39,20.39,20.39,20.39,20.39,20.39,20.39
3912,20.39,20.39,20.39,20.39,20.39,20.39,20.39,20.39,20.39,20.39
3913,20.39,20.39,20.39,20.39,20.39,20.39,20.39,20.39,20.39,20.39
3914,20.39,20.39,20.39,20.39,20.39,20.39,20.39,20.39,20.39,20.39
3915,20.39,20.39,20.39,20.39,20.39,20.39,20.39,20.39,20.39,20.39
3916,20.39,20.39,20.39,20.39,20.39,20.39,20.39,20.39,20.39,20.39
3917,20.39,20.39,20.39,20.39,20.39,20.39,20.39,20.39,20.39,20.39
3918,20.39,20.39,20.39,20.39,20.39,20.39,20.39,20.39,20.39,20.39
3919,20.39,20.39,20.39,20.39,20.39,20.39,20.39,20.39,20.39,20.39
3920,20.39,20.39,20.39,20.39,20.39,20.39,20.39,20.39,20.39,20.39
3921,20.39,20.39,20.39,20.39,20.39,20.39,20.39,20.39,20.39,20.39
3922,20.39,20.39,20.39,20.39,20.39,20.39,20.39,20.39,20.39,20.39
3923,20.39,20.39,20.39,20.39,20.39,20.39,20.39,20.39,20.39,20.39
3924,20.39,20.39,20.39,20.39,20.39,20.39,20.39,20.39,20.39,20.39
3925,20.39,20.39,20.39,20.39,20.39,20.39,20.39,20.39,20.39,20.39
3926,20.39,20.39,20.39,20.39,20.39,20.39,20.39,20.39,20.39,20.39
3927,20.39,20.39,20.39,20.39,20.39,20.39,20.39,20.39,20.39,20.39
3928,20.39,20.39,20.39,20.39,20.39,20.39,20.39,20.39,20.39,20.39
3929,20.39,20.39,20.39,20.39,20.39,20.39,20.39,20.39,20.39,20.39
3930,20.39,20.39,20.39,20.39,20.39,20.39,20.39,20.39,20.39,20.39
3931,20.39,20.39,20.39,20.39,20.39,20.39,20.39,20.39,20.39,20.39
3932,20.39,20.39,20.39,20.39,20.39,20.39,20.39,20.39,20.39,20.39
3933,20.39,20.39,20.39,20.39,20.39,20.39,20.39,20.39,20.39,20.39
3934,20.39,20.39,20.39,20.39,20.39,20.39,20.39,20.39,20.39,20.39
3935,20.39,20.39,20.39,20.39,20.39,20.39,20.39,20.39,20.39,20.39
3936,20.39,20.39,20.39,20.39,20.39,20.39,20.39,20.39,20.39,20.39
3937,20.39,20.39,20.39,20.39,20.39,20.39,20.39,20.39,20.39,20.39
3938,20.39,20.39,20.39,20.39,20.39,20.39,20.39,20.39,20.39,20.39
3939,20.39,20.39,20.39,20.39,20.39,20.39,20.39,20.39,20.39,20.39
3940,20.39,20.39,20.39,20.39,20.39,20.39,20.39,20.39,20.39,20.39
3941,20.39,20.39,20.39,20.39,20.39,20.39,20.39,20.39,20.39,20.39
3942,20.39,20.39,20.39,20.39,20.39,20.39,20.39,20.39,20.39,20.39
3943,20.39,20.39,20.39,20.39,20.39,20.39,20.39,20.39,20.39,20.39
3944,20.39,20.39,20.39,20.39,20.39,20.39,20.39,20.39,20.39,20.39
3945,20.39,20.39,20.39,20.39,20.39,20.39,20.39,20.39,20.39,20.39
3946,20.39,20.39,20.39,20.39,20.39,20.39,20.39,20.39,20.39,20.39
3947,20.39,20.39,20.39,20.39,20.39,20.39,20.39,20.39,20.39,20.39
3948,20.39,20.39,20.39,20.39,20.39,20.39,20.39,20.39,20.39,20.39
3949,20.39,20.39,20.39,20.39,20.39,20.39,20.39,20.39,20.39,20.39
3950,20.39,20.39,20.39,20.39,20.39,20.39,20.39,20.39,20.39,20.39
3951,20.39,20.39,20.39,20.39,20.39,20.39,20.39,20.39,20.39,20.39
3952,20.39,20.39,20.39,20.39,20.39,20.39,20.39,20.39,20.39,20.39
3953,20.39,20.39,20.39,20.39,20.39,20.39,20.39,20.39,20.39,20.39
3954,20.39,20.39,20.39,20.39,20.39,20.39,20.39,20.39,20.39,20.39
3955,20.39,20.39,20.39,20.39,20.39,20.39,20.39,20.39,20.39,20.39
3956,20.39,20.39,20.39,20.39,20.39,20.39,20.39,20.39,20.39,20.39
3957,20.39,20.39,20.39,20.39,20.39,20.39,20.39,20.39,20.39,20.39
3958,20.39,20.39,20.39,20.39,20.39,20.39,20.39,20.39,20.39,20.39
3959,20.39,20.39,20.39,20.39,20.39,20.39,20.39,20.39,20.39,20.39
3960,20.39,20.39,20.39,20.39,20.39,20.39,20.39,20.39,20.39,20.39
3961,20.39,20.39,20.39,20.39,20.39,20.39,20.39,20.39,20.39,20.39
3962,20.39,20.39,20.39,20.39,20.39,20.39,20.39,20.39,20.39,20.39
3963,20.39,20.39,20.39,20.39,20.39,20.39,20.39,20.39,20.39,20.39
3964,20.39,20.39,20.39,20.39,20.39,20.39,20.39,20.39,20.39,20.39
3965,20.39,20.39,20.39,20.39,20.39,20.39,20.39,20.39,20.39,20.39
3966,20.39,20.39,20.39,20.39,20.39,20.39,20.39,20.39,20.39,20.39
3967,20.39,20.39,20.39,20.39,20.39,20.39,20.39,20.39,20.39,20.39
3968,20.39,20.39,20.39,20.39,20.39,20.39,20.39,20.39,20.39,20.39
3969,20.39,20.39,20.39,20.39,20.39,20.39,20.39,20.39,20.39,20.39
3970,20.39,20.39,20.39,20.39,20.39,20.39,20.39,20.39,20.39,20.39
3971,20.39,20.39,20.39,20.39,20.39,20.39,20.39,20.39,20.39,20.39
3972,20.39,20.39,20.39,20.39,20.39,20.39,20.39,20.39,20.39,20.39
3973,20.39,20.39,20.39,20.39,20.39,20.39,20.39,20.39,20.39,20.39
3974,20.39,20.39,20.39,20.39,20.39,20.39,20.39,20.39,20.39,20.39
3975,20.39,20.39,20.39,20.39,20.39,20.39,20.39,20.39,20.39,20.39
3976,20.39,20.39,20.39,20.39,20.39,20.39,20.39,20.39,20.39,20.39
3977,20.39,20.39,20.39,20.39,20.39,20.39,20.39,20.39,20.39,20.39
3978,20.39,20.39,20.39,20.39,20.39,20.39,20.39,20.39,20.39,20.39
3979,20.39,20.39,20.39,20.39,20.39,20.39,20.39,20.39,20.39,20.39
3980,20.39,20.39,20.39,20.39,20.39,20.39,20.39,20.39,20.39,20.39
3981,20.39,20.39,20.39,20.39,20.39,20.39,20.39,20.39,20.39,20.39
3982,20.39,20.39,20.39,20.39,20.39,20.39,20.39,20.39,20.39,20.39
3983,20.39,20.39,20.39,20.39,20.39,20.39,20.39,20.39,20.39,20.39
3984,20.39,20.39,20.39,20.39,20.39,20.39,20.39,20.39,20.39,20.39
3985,20.39,20.39,20.39,20.39,20.39,20.39,20.39,20.39,20.39,20.39
3986,20.39,20.39,20.39,20.39,20.39,20.39,20.39,20.39,20.39,20.39
3987,20.39,20.39,20.39,20.39,20.39,20.39,20.39,20.39,20.39,20.39
3988,20.39,20.39,20.39,20.39,20.39,20.39,20.39,20.39,20.39,20.39
3989,20.39,20.39,20.39,20.39,20.39,20.39,20.39,20.39,20.39,20.39
3990,20.39,20.39,20.39,20.39,20.39,20.39,20.39,20.39,20.39,20.39
3991,20.39,20.39,20.39,20.39,20.39,20.39,20.39,20.39,20.39,20.39
3992,20.39,20.39,20.39,20.39,20.39,20.39,20.39,20.39,20.39,20.39
3993,20.39,20.39,20.39,20.39,20.39,20.39,20.39,20.39,20.39,20.39
3994,20.39,20.39,20.39,20.39,20.39,20.39,20.39,20.39,20.39,20.39
3995,20.39,20.39,20.39,20.39,20.39,20.39,20.39,20.39,20.39,20.39
3996,20.39,20.39,20.39,20.39,20.39,20.39,20.39,20.39,20.39,20.39
3997,20.39,20.39,20.39,20.39,20.39,20.39,20.39,20.39,20.39,20.39
3998,20.39,20.39,20.39,20.39,20.39,20.39,20.39,20.39,20.39,20.39
3999,20.39,20.39,20.39,20.39,20.39,20.39,20.39,20.39,20.39,20.39
4000,20.39,20.39,20.39,20.39,20.39,20.39,20.39,20.39,20.39,20.39
4001,20.39,20.39,20.39,20.39,20.39,20.39,20.39,20.39,20.39,20.39
4002,20.39,20.39,20.39,20.39,20.39,20.39,20.39,20.39,20.39,20.39
4003,20.39,20.39,20.39,20.39,20.39,20.39,20.39,20.39,20.39,20.39
4004,20.39,20.39,20.39,20.39,20.39,20.39,20.39,20.39,20.39,20.39
4005,20.39,20.39,20.39,20.39,20.39,20.39,20.39,20.39,20.39,20.39
4006,20.39,20.39,20.39,20.39,20.39,20.39,20.39,20.39,20.39,20.39
4007,20.39,20.39,20.39,20.39,20.39,20.39,20.39,20.39,20.39,20.39
4008,20.39,20.39,20.39,20.39,20.39,20.39,20.39,20.39,20.39,20.39
4009,20.39,20.39,20.39,20.39,20.39,20.39,20.39,20.39,20.39,20.39
4010,20.39,20.39,20.39,20.39,20.39,20.39,20.39,20.39,20.39,20.39
4011,20.39,20.39,20.39,20.39,20.39,20.39,20.39,20.39,20.39,20.39
4012,20.39,20.39,20.39,20.39,20.39,20.39,20.39,20.39,20.39,20.39
4013,20.39,20.39,20.39,20.39,20.39,20.39,20.39,20.39,20.39,20.39
4014,20.39,20.39,20.39,20.39,20.39,20.39,20.39,20.39,20.39,20.39
4015,20.39,20.39,20.39,20.39,20.39,20.39,20.39,20.39,20.39,20.39
4016,20.39,20.39,20.39,20.39,20.39,20.39,20.39,20.39,20.39,20.39
4017,20.39,20.39,20.39,20.39,20.39,20.39,20.39,20.39,20.39,20.39
4018,20.39,20.39,20.39,20.39,20.39,20.39,20.39,20.39,20.39,20.39
4019,20.39,20.39,20.39,20.39,20.39,20.39,20.39,20.39,20.39,20.39
4020,20.39,20.39,20.39,20.39,20.39,20.39,20.39,20.39,20.39,20.39
4021,20.39,20.39,20.39,20.39,20.39,20.39,20.39,20.39,20.39,20.39
4022,20.39,20.39,20.39,20.39,20.39,20.39,20.39,20.39,20.39,20.39
4023,20.39,20.39,20.39,20.39,20.39,20.39,20.39,20.39,20.39,20.39
4024,20.39,20.39,20.39,20.39,20.39,20.39,20.39,20.39,20.39,20.39
4025,20.39,20.39,20.39,20.39,20.39,20.39,20.39,20.39,20.39,20.39
4026,20.39,20.39,20.39,20.39,20.39,20.39,20.39,20.39,20.39,20.39
4027,20.39,20.39,20.39,20.39,20.39,20.39,20.39,20.39,20.39,20.39
4028,20.39,20.39,20.39,20.39,20.39,20.39,20.39,20.39,20.39,20.39
4029,20.39,20.39,20.39,20.39,20.39,20.39,20.39,20.39,20.39,20.39
4030,20.39,20.39,20.39,20.39,20.39,20.39,20.39,20.39,20.39,20.39
4031,20.39,20.39,20.39,20.39,20.39,20.39,20.39,20.39,20.39,20.39
4032,20.39,20.39,20.39,20.39,20.39,20.39,20.39,20.39,20.39,20.39
4033,20.39,20.39,20.39,20.39,20.39,20.39,20.39,20.39,20.39,20.39
4034,20.39,20.39,20.39,20.39,20.39,20.39,20.39,20.39,20.39,20.39
4035,20.39,20.39,20.39,20.39,20.39,20.39,20.39,20.39,20.39,20.39
4036,20.39,20.39,20.39,20.39,20.39,20.39,20.39,20.39,20.39,20.39
4037,20.39,20.39,20.39,20.39,20.39,20.39,20.39,20.39,20.39,20.39
4038,20.39,20.39,20.39,20.39,20.39,20.39,20.39,20.39,20.39,20.39
4039,20.39,20.39,20.39,20.39,20.39,20.39,20.39,20.39,20.39,20.39
4040,20.39,20.39,20.39,20.39,20.39,20.39,20.39,20.39,20.39,20.39
4041,20.39,20.39,20.39,20.39,20.39,20.39,20.39,20.39,20.39,20.39
4042,20.39,20.39,20.39,20.39,20.39,20.39,20.39,20.39,20.39,20.39
4043,20.39,20.39,20.39,20.39,20.39,20.39,20.39,20.39,20.39,20.39
4044,20.39,20.39,20.39,20.39,20.39,20.39,20.39,20.39,20.39,20.39
4045,20.39,20.39,20.39,20.39,20.39,20.39,20.39,20.39,20.39,20.39
4046,20.39,20.39,20.39,20.39,20.39,20.39,20.39,20.39,20.39,20.39
4047,20.39,20.39,20.39,20.39,20.39,20.39,20.39,20.39,20.39,20.39
4048,20.39,20.39,20.39,20.39,20.39,20.39,20.39,20.39,20.39,20.39
4049,20.39,20.39,20.39,20.39,20.39,20.39,20.39,20.39,20.39,20.39
4050,20.39,20.39,20.39,20.39,20.39,20.39,20.39,20.39,20.39,20.39
4051,20.39,20.39,20.39,20.39,20.39,20.39,20.39,20.39,20.39,20.39
4052,20.39,20.39,20.39,20.39,20.39,20.39,20.39,20.39,20.39,20.39
4053,20.39,20.39,20.39,20.39,20.39,20.39,20.39,20.39,20.39,20.39
4054,20.39,20.39,20.39,20.39,20.39,20.39,20.39,20.39,20.39,20.39
4055,20.39,20.39,20.39,20.39,20.39,20.39,20.39,20.39,20.39,20.39
4056,20.39,20.39,20.39,20.39,20.39,20.39,20.39,20.39,20.39,20.39
4057,20.39,20.39,20.39,20.39,20.39,20.39,20.39,20.39,20.39,20.39
4058,20.39,20.39,20.39,20.39,20.39,20.39,20.39,20.39,20.39,20.39
4059,20.39,20.39,20.39,20.39,20.39,20.39,20.39,20.39,20.39,20.39
4060,20.39,20.39,20.39,20.39,20.39,20.39,20.39,20.39,20.39,20.39
4061,20.39,20.39,20.39,20.39,20.39,20.39,20.39,20.39,20.39,20.39
4062,20.39,20.39,20.39,20.39,20.39,20.39,20.39,20.39,20.39,20.39
4063,20.39,20.39,20.39,20.39,20.39,20.39,20.39,20.39,20.39,20.39
4064,20.39,20.39,20.39,20.39,20.39,20.39,20.39,20.39,20.39,20.39
4065,20.39,20.39,20.39,20.39,20.39,20.39,20.39,20.39,20.39,20.39
4066,20.39,20.39,20.39,20.39,20.39,20.39,20.39,20.39,20.39,20.39
4067,20.39,20.39,20.39,20.39,20.39,20.39,20.39,20.39,20.39,20.39
4068,20.39,20.39,20.39,20.39,20.39,20.39,20.39,20.39,20.39,20.39
4069,20.39,20.39,20.39,20.39,20.39,20.39,20.39,20.39,20.39,20.39
4070,20.39,20.39,20.39,20.39,20.39,20.39,20.39,20.39,20.39,20.39
4071,20.39,20.39,20.39,20.39,20.39,20.39,20.39,20.39,20.39,20.39
4072,20.39,20.39,20.39,20.39,20.39,20.39,20.39,20.39,20.39,20.39
4073,20.39,20.39,20.39,20.39,20.39,20.39,20.39,20.39,20.39,20.39
4074,20.39,20.39,20.39,20.39,20.39,20.39,20.39,20.39,20.39,20.39
4075,20.39,20.39,20.39,20.39,20.39,20.39,20.39,20.39,20.39,20.39
4076,20.39,20.39,20.39,20.39,20.39,20.39,20.39,20.39,20.39,20.39
4077,20.39,20.39,20.39,20.39,20.39,20.39,20.39,20.39,20.39,20.39
4078,20.39,20.39,20.39,20.39,20.39,20.39,20.39,20.39,20.39,20.39
4079,20.39,20.39,20.39,20.39,20.39,20.39,20.39,20.39,20.39,20.39
4080,20.39,20.39,20.39,20.39,20.39,20.39,20.39,20.39,20.39,20.39
4081,20.39,20.39,20.39,20.39,20.39,20.39,20.39,20.39,20.39,20.39
4082,20.39,20.39,20.39,20.39,20.39,20.39,20.39,20.39,20.39,20.39
4083,20.39,20.39,20.39,20.39,20.39,20.39,20.39,20.39,20.39,20.39
4084,20.39,20.39,20.39,20.39,20.39,20.39,20.39,20.39,20.39,20.39
4085,20.39,20.39,20.39,20.39,20.39,20.39,20.39,20.39,20.39,20.39
4086,20.39,20.39,20.39,20.39,20.39,20.39,20.39,20.39,20.39,20.39
4087,20.39,20.39,20.39,20.39,20.39,20.39,20.39,20.39,20.39,20.39
4088,20.39,20.39,20.39,20.39,20.39,20.39,20.39,20.39,20.39,20.39
4089,20.39,20.39,20.39,20.39,20.39,20.39,20.39,20.39,20.39,20.39
4090,20.39,20.39,20.39,20.39,20.39,20.39,20.39,20.39,20.39,20.39
4091,20.39,20.39,20.39,20.39,20.39,20.39,20.39,20.39,20.39,20.39
4092,20.39,20.39,20.39,20.39,20.39,20.39,20.39,20.39,20.39,20.39
4093,20.39,20.39,20.39,20.39,20.39,20.39,20.39,20.39,20.39,20.39
4094,20.39,20.39,20.39,20.39,20.39,20.39,20.39,20.39,20.39,20.39
4095,20.39,20.39,20.39,20.39,20.39,20.39,20.39,20.39,20.39,20.39
4096,20.39,20.39,20.39,20.39,20.39,20.39,20.39,20.39,20.39,20.39
4097,20.39,20.39,20.39,20.39,20.39,20.39,20.39,20.39,20.39,20.39
4098,20.39,20.39,20.39,20.39,20.39,20.39,20.39,20.39,20.39,20.39
4099,20.39,20.39,20.39,20.39,20.39,20.39,20.39,20.39,20.39,20.39
4100,20.39,20.39,20.39,20.39,20.39,20.39,20.39,20.39,20.39,20.39
4101,20.39,20.39,20.39,20.39,20.39,20.39,20.39,20.39,20.39,20.39
4102,20.39,20.39,20.39,20.39,20.39,20.39,20.39,20.39,20.39,20.39
4103,20.39,20.39,20.39,20.39,20.39,20.39,20.39,20.39,20.39,20.39
4104,20.39,20.39,20.39,20.39,20.39,20.39,20.39,20.39,20.39,20.39
4105,20.39,20.39,20.39,20.39,20.39,20.39,20.39,20.39,20.39,20.39
4106,20.39,20.39,20.39,20.39,20.39,20.39,20.39,20.39,20.39,20.39
4107,20.39,20.39,20.39,20.39,20.39,20.39,20.39,20.39,20.39,20.39
4108,20.39,20.39,20.39,20.39,20.39,20.39,20.39,20.39,20.39,20.39
4109,20.39,20.39,20.39,20.39,20.39,20.39,20.39,20.39,20.39,20.39
4110,20.39,20.39,20.39,20.39,20.39,20.39,20.39,20.39,20.39,20.39
4111,20.39,20.39,20.39,20.39,20.39,20.39,20.39,20.39,20.39,20.39
4112,20.39,20.39,20.39,20.39,20.39,20.39,20.39,20.39,20.39,20.39
4113,20.39,20.39,20.39,20.39,20.39,20.39,20.39,20.39,20.39,20.39
4114,20.39,20.39,20.39,20.39,20.39,20.39,20.39,20.39,20.39,20.39
4115,20.39,20.39,20.39,20.39,20.39,20.39,20.39,20.39,20.39,20.39
4116,20.39,20.39,20.39,20.39,20.39,20.39,20.39,20.39,20.39,20.39
4117,20.39,20.39,20.39,20.39,20.39,20.39,20.39,20.39,20.39,20.39
4118,20.39,20.39,20.39,20.39,20.39,20.39,20.39,20.39,20.39,20.39
4119,20.39,20.39,20.39,20.39,20.39,20.39,20.39,20.39,20.39,20.39
4120,20.39,20.39,20.39,20.39,20.39,20.39,20.39,20.39,20.39,20.39
4121,20.39,20.39,20.39,20.39,20.39,20.39,20.39,20.39,20.39,20.39
4122,20.39,20.39,20.39,20.39,20.39,20.39,20.39,20.39,20.39,20.39
4123,20.39,20.39,20.39,20.39,20.39,20.39,20.39,20.39,20.39,20.39
4124,20.39,20.39,20.39,20.39,20.39,20.39,20.39,20.39,20.39,20.39
4125,20.39,20.39,20.39,20.39,20.39,20.39,20.39,20.39,20.39,20.39
4126,20.39,20.39,20.39,20.39,20.39,20.39,20.39,20.39,20.39,20.39
4127,20.39,20.39,20.39,20.39,20.39,20.39,20.39,20.39,20.39,20.39
4128,20.39,20.39,20.39,20.39,20.39,20.39,20.39,20.39,20.39,20.39
4129,20.39,20.39,20.39,20.39,20.39,20.39,20.39,20.39,20.39,20.39
4130,20.39,20.39,20.39,20.39,20.39,20.39,20.39,20.39,20.39,20.39
4131,20.39,20.39,20.39,20.39,20.39,20.39,20.39,20.39,20.39,20.39
4132,20.39,20.39,20.39,20.39,20.39,20.39,20.39,20.39,20.39,20.39
4133,20.39,20.39,20.39,20.39,20.39,20.39,20.39,20.39,20.39,20.39
4134,20.39,20.39,20.39,20.39,20.39,20.39,20.39,20.39,20.39,20.39
4135,20.39,20.39,20.39,20.39,20.39,20.39,20.39,20.39,20.39,20.39
4136,20.39,20.39,20.39,20.39,20.39,20.39,20.39,20.39,20.39,20.39
4137,20.39,20.39,20.39,20.39,20.39,20.39,20.39,20.39,20.39,20.39
4138,20.39,20.39,20.39,20.39,20.39,20.39,20.39,20.39,20.39,20.39
4139,20.39,20.39,20.39,20.39,20.39,20.39,20.39,20.39,20.39,20.39
4140,20.39,20.39,20.39,20.39,20.39,20.39,20.39,20.39,20.39,20.39
4141,20.39,20.39,20.39,20.39,20.39,20.39,20.39,20.39,20.39,20.39
4142,20.39,20.39,20.39,20.39,20.39,20.39,20.39,20.39,20.39,20.39
4143,20.39,20.39,20.39,20.39,20.39,20.39,20.39,20.39,20.39,20.39
4144,20.39,20.39,20.39,20.39,20.39,20.39,20.39,20.39,20.39,20.39
4145,20.39,20.39,20.39,20.39,20.39,20.39,20.39,20.39,20.39,20.39
4146,20.39,20.39,20.39,20.39,20.39,20.39,20.39,20.39,20.39,20.39
4147,20.39,20.39,20.39,20.39,20.39,20.39,20.39,20.39,20.39,20.39
4148,20.39,20.39,20.39,20.39,20.39,20.39,20.39,20.39,20.39,20.39
4149,20.39,20.39,20.39,20.39,20.39,20.39,20.39,20.39,20.39,20.39
4150,20.39,20.39,20.39,20.39,20.39,20.39,20.39,20.39,20.39,20.39
4151,20.39,20.39,20.39,20.39,20.39,20.39,20.39,20.39,20.39,20.39
4152,20.39,20.39,20.39,20.39,20.39,20.39,20.39,20.39,20.39,20.39
4153,20.39,20.39,20.39,20.39,20.39,20.39,20.39,20.39,20.39,20.39
4154,20.39,20.39,20.39,20.39,20.39,20.39,20.39,20.39,20.39,20.39
4155,20.39,20.39,20.39,20.39,20.39,20.39,20.39,20.39,20.39,20.39
4156,20.39,20.39,20.39,20.39,20.39,20.39,20.39,20.39,20.39,20.39
4157,20.39,20.39,20.39,20.39,20.39,20.39,20.39,20.39,20.39,20.39
4158,20.39,20.39,20.39,20.39,20.39,20.39,20.39,20.39,20.39,20.39
4159,20.39,20.39,20.39,20.39,20.39,20.39,20.39,20.39,20.39,20.39
4160,20.39,20.39,20.39,20.39,20.39,20.39,20.39,20.39,20.39,20.39
4161,20.39,20.39,20.39,20.39,20.39,20.39,20.39,20.39,20.39,20.39
4162,20.39,20.39,20.39,20.39,20.39,20.39,20.39,20.39,20.39,20.39
4163,20.39,20.39,20.39,20.39,20.39,20.39,20.39,20.39,20.39,20.39
4164,20.39,20.39,20.39,20.39,20.39,20.39,20.39,20.39,20.39,20.39
4165,20.39,20.39,20.39,20.39,20.39,20.39,20.39,20.39,20.39,20.39
4166,20.39,20.39,20.39,20.39,20.39,20.39,20.39,20.39,20.39,20.39
4167,20.39,20.39,20.39,20.39,20.39,20.39,20.39,20.39,20.39,20.39
4168,20.39,20.39,20.39,20.39,20.39,20.39,20.39,20.39,20.39,20.39
4169,20.39,20.39,20.39,20.39,20.39,20.39,20.39,20.39,20.39,20.39
4170,20.39,20.39,20.39,20.39,20.39,20.39,20.39,20.39,20.39,20.39
4171,20.39,20.39,20.39,20.39,20.39,20.39,20.39,20.39,20.39,20.39
4172,20.39,20.39,20.39,20.39,20.39,20.39,20.39,20.39,20.39,20.39
4173,20.39,20.39,20.39,20.39,20.39,20.39,20.39,20.39,20.39,20.39
4174,20.39,20.39,20.39,20.39,20.39,20.39,20.39,20.39,20.39,20.39
4175,20.39,20.39,20.39,20.39,20.39,20.39,20.39,20.39,20.39,20.39
4176,20.39,20.39,20.39,20.39,20.39,20.39,20.39,20.39,20.39,20.39
4177,20.39,20.39,20.39,20.39,20.39,20.39,20.39,20.39,20.39,20.39
4178,20.39,20.39,20.39,20.39,20.39,20.39,20.39,20.39,20.39,20.39
4179,20.39,20.39,20.39,20.39,20.39,20.39,20.39,20.39,20.39,20.39
4180,20.39,20.39,20.39,20.39,20.39,20.39,20.39,20.39,20.39,20.39
4181,20.39,20.39,20.39,20.39,20.39,20.39,20.39,20.39,20.39,20.39
4182,20.39,20.39,20.39,20.39,20.39,20.39,20.39,20.39,20.39,20.39
4183,20.39,20.39,20.39,20.39,20.39,20.39,20.39,20.39,20.39,20.39
4184,20.39,20.39,20.39,20.39,20.39,20.39,20.39,20.39,20.39,20.39
4185,20.39,20.39,20.39,20.39,20.39,20.39,20.39,20.39,20.39,20.39
4186,20.39,20.39,20.39,20.39,20.39,20.39,20.39,20.39,20.39,20.39
4187,20.39,20.39,20.39,20.39,20.39,20.39,20.39,20.39,20.39,20.39
4188,20.39,20.39,20.39,20.39,20.39,20.39,20.39,20.39,20.39,20.39
4189,20.39,20.39,20.39,20.39,20.39,20.39,20.39,20.39,20.39,20.39
4190,20.39,20.39,20.39,20.39,20.39,20.39,20.39,20.39,20.39,20.39
4191,20.39,20.39,20.39,20.39,20.39,20.39,20.39,20.39,20.39,20.39
4192,20.39,20.39,20.39,20.39,20.39,20.39,20.39,20.39,20.39,20.39
4193,20.39,20.39,20.39,20.39,20.39,20.39,20.39,20.39,20.39,20.39
4194,20.39,20.39,20.39,20.39,20.39,20.39,20.39,20.39,20.39,20.39
4195,20.39,20.39,20.39,20.39,20.39,20.39,20.39,20.39,20.39,20.39
4196,20.39,20.39,20.39,20.39,20.39,20.39,20.39,20.39,20.39,20.39
4197,20.39,20.39,20.39,20.39,20.39,20.39,20.39,20.39,20.39,20.39
4198,20.39,20.39,20.39,20.39,20.39,20.39,20.39,20.39,20.39,20.39
4199,20.39,20.39,20.39,20.39,20.39,20.39,20.39,20.39,20.39,20.39
4200,20.39,20.39,20.39,20.39,20.39,20.39,20.39,20.39,20.39,20.39
4201,20.39,20.39,20.39,20.39,20.39,20.39,20.39,20.39,20.39,20.39
4202,20.39,20.39,20.39,20.39,20.39,20.39,20.39,20.39,20.39,20.39
4203,20.39,20.39,20.39,20.39,20.39,20.39,20.39,20.39,20.39,20.39
4204,20.39,20.39,20.39,20.39,20.39,20.39,20.39,20.39,20.39,20.39
4205,20.39,20.39,20.39,20.39,20.39,20.39,20.39,20.39,20.39,20.39
4206,20.39,20.39,20.39,20.39,20.39,20.39,20.39,20.39,20.39,20.39
4207,20.39,20.39,20.39,20.39,20.39,20.39,20.39,20.39,20.39,20.39
4208,20.39,20.39,20.39,20.39,20.39,20.39,20.39,20.39,20.39,20.39
4209,20.39,20.39,20.39,20.39,20.39,20.39,20.39,20.39,20.39,20.39
4210,20.39,20.39,20.39,20.39,20.39,20.39,20.39,20.39,20.39,20.39
4211,20.39,20.39,20.39,20.39,20.39,20.39,20.39,20.39,20.39,20.39
4212,20.39,20.39,20.39,20.39,20.39,20.39,20.39,20.39,20.39,20.39
4213,20.39,20.39,20.39,20.39,20.39,20.39,20.39,20.39,20.39,20.39
4214,20.39,20.39,20.39,20.39,20.39,20.39,20.39,20.39,20.39,20.39
4215,20.39,20.39,20.39,20.39,20.39,20.39,20.39,20.39,20.39,20.39
4216,20.39,20.39,20.39,20.39,20.39,20.39,20.39,20.39,20.39,20.39
4217,20.39,20.39,20.39,20.39,20.39,20.39,20.39,20.39,20.39,20.39
4218,20.39,20.39,20.39,20.39,20.39,20.39,20.39,20.39,20.39,20.39
4219,20.39,20.39,20.39,20.39,20.39,20.39,20.39,20.39,20.39,20.39
4220,20.39,20.39,20.39,20.39,20.39,20.39,20.39,20.39,20.39,20.39
4221,20.39,20.39,20.39,20.39,20.39,20.39,20.39,20.39,20.39,20.39
4222,20.39,20.39,20.39,20.39,20.39,20.39,20.39,20.39,20.39,20.39
4223,20.39,20.39,20.39,20.39,20.39,20.39,20.39,20.39,20.39,20.39
4224,20.39,20.39,20.39,20.39,20.39,20.39,20.39,20.39,20.39,20.39
4225,20.39,20.39,20.39,20.39,20.39,20.39,20.39,20.39,20.39,20.39
4226,20.39,20.39,20.39,20.39,20.39,20.39,20.39,20.39,20.39,20.39
4227,20.39,20.39,20.39,20.39,20.39,20.39,20.39,20.39,20.39,20.39
4228,20.39,20.39,20.39,20.39,20.39,20.39,20.39,20.39,20.39,20.39
4229,20.39,20.39,20.39,20.39,20.39,20.39,20.39,20.39,20.39,20.39
4230,20.39,20.39,20.39,20.39,20.39,20.39,20.39,20.39,20.39,20.39
4231,20.39,20.39,20.39,20.39,20.39,20.39,20.39,20.39,20.39,20.39
4232,20.39,20.39,20.39,20.39,20.39,20.39,20.39,20.39,20.39,20.39
4233,20.39,20.39,20.39,20.39,20.39,20.39,20.39,20.39,20.39,20.39
4234,20.39,20.39,20.39,20.39,20.39,20.39,20.39,20.39,20.39,20.39
4235,20.39,20.39,20.39,20.39,20.39,20.39,20.39,20.39,20.39,20.39
4236,20.39,20.39,20.39,20.39,20.39,20.39,20.39,20.39,20.39,20.39
4237,20.39,20.39,20.39,20.39,20.39,20.39,20.39,20.39,20.39,20.39
4238,20.39,20.39,20.39,20.39,20.39,20.39,20.39,20.39,20.39,20.39
4239,20.39,20.39,20.39,20.39,20.39,20.39,20.39,20.39,20.39,20.39
4240,20.39,20.39,20.39,20.39,20.39,20.39,20.39,20.39,20.39,20.39
4241,20.39,20.39,20.39,20.39,20.39,20.39,20.39,20.39,20.39,20.39
4242,20.39,20.39,20.39,20.39,20.39,20.39,20.39,20.39,20.39,20.39
4243,20.39,20.39,20.39,20.39,20.39,20.39,20.39,20.39,20.39,20.39
4244,20.39,20.39,20.39,20.39,20.39,20.39,20.39,20.39,20.39,20.39
4245,20.39,20.39,20.39,20.39,20.39,20.39,20.39,20.39,20.39,20.39
4246,20.39,20.39,20.39,20.39,20.39,20.39,20.39,20.39,20.39,20.39
4247,20.39,20.39,20.39,20.39,20.39,20.39,20.39,20.39,20.39,20.39
4248,20.39,20.39,20.39,20.39,20.39,20.39,20.39,20.39,20.39,20.39
4249,20.39,20.39,20.39,20.39,20.39,20.39,20.39,20.39,20.39,20.39
4250,20.39,20.39,20.39,20.39,20.39,20.39,20.39,20.39,20.39,20.39
4251,20.39,20.39,20.39,20.39,20.39,20.39,20.39,20.39,20.39,20.39
4252,20.39,20.39,20.39,20.39,20.39,20.39,20.39,20.39,20.39,20.39
4253,20.39,20.39,20.39,20.39,20.39,20.39,20.39,20.39,20.39,20.39
4254,20.39,20.39,20.39,20.39,20.39,20.39,20.39,20.39,20.39,20.39
4255,20.39,20.39,20.39,20.39,20.39,20.39,20.39,20.39,20.39,20.39
4256,20.39,20.39,20.39,20.39,20.39,20.39,20.39,20.39,20.39,20.39
4257,20.39,20.39,20.39,20.39,20.39,20.39,20.39,20.39,20.39,20.39
4258,20.39,20.39,20.39,20.39,20.39,20.39,20.39,20.39,20.39,20.39
4259,20.39,20.39,20.39,20.39,20.39,20.39,20.39,20.39,20.39,20.39
4260,20.39,20.39,20.39,20.39,20.39,20.39,20.39,20.39,20.39,20.39
4261,20.39,20.39,20.39,20.39,20.39,20.39,20.39,20.39,20.39,20.39
4262,20.39,20.39,20.39,20.39,20.39,20.39,20.39,20.39,20.39,20.39
4263,20.39,20.39,20.39,20.39,20.39,20.39,20.39,20.39,20.39,20.39
4264,20.39,20.39,20.39,20.39,20.39,20.39,20.39,20.39,20.39,20.39
4265,20.39,20.39,20.39,20.39,20.39,20.39,20.39,20.39,20.39,20.39
4266,20.39,20.39,20.39,20.39,20.39,20.39,20.39,20.39,20.39,20.39
4267,20.39,20.39,20.39,20.39,20.39,20.39,20.39,20.39,20.39,20.39
4268,20.39,20.39,20.39,20.39,20.39,20.39,20.39,20.39,20.39,20.39
4269,20.39,20.39,20.39,20.39,20.39,20.39,20.39,20.39,20.39,20.39
4270,20.39,20.39,20.39,20.39,20.39,20.39,20.39,20.39,20.39,20.39
4271,20.39,20.39,20.39,20.39,20.39,20.39,20.39,20.39,20.39,20.39
4272,20.39,20.39,20.39,20.39,20.39,20.39,20.39,20.39,20.39,20.39
4273,20.39,20.39,20.39,20.39,20.39,20.39,20.39,20.39,20.39,20.39
4274,20.39,20.39,20.39,20.39,20.39,20.39,20.39,20.39,20.39,20.39
4275,20.39,20.39,20.39,20.39,20.39,20.39,20.39,20.39,20.39,20.39
4276,20.39,20.39,20.39,20.39,20.39,20.39,20.39,20.39,20.39,20.39
4277,20.39,20.39,20.39,20.39,20.39,20.39,20.39,20.39,20.39,20.39
4278,20.39,20.39,20.39,20.39,20.39,20.39,20.39,20.39,20.39,20.39
4279,20.39,20.39,20.39,20.39,20.39,20.39,20.39,20.39,20.39,20.39
4280,20.39,20.39,20.39,20.39,20.39,20.39,20.39,20.39,20.39,20.39
4281,20.39,20.39,20.39,20.39,20.39,20.39,20.39,20.39,20.39,20.39
4282,20.39,20.39,20.39,20.39,20.39,20.39,20.39,20.39,20.39,20.39
4283,20.39,20.39,20.39,20.39,20.39,20.39,20.39,20.39,20.39,20.39
4284,20.39,20.39,20.39,20.39,20.39,20.39,20.39,20.39,20.39,20.39
4285,20.39,20.39,20.39,20.39,20.39,20.39,20.39,20.39,20.39,20.39
4286,20.39,20.39,20.39,20.39,20.39,20.39,20.39,20.39,20.39,20.39
4287,20.39,20.39,20.39,20.39,20.39,20.39,20.39,20.39,20.39,20.39
4288,20.39,20.39,20.39,20.39,20.39,20.39,20.39,20.39,20.39,20.39
4289,20.39,20.39,20.39,20.39,20.39,20.39,20.39,20.39,20.39,20.39
4290,20.39,20.39,20.39,20.39,20.39,20.39,20.39,20.39,20.39,20.39
4291,20.39,20.39,20.39,20.39,20.39,20.39,20.39,20.39,20.39,20.39
4292,20.39,20.39,20.39,20.39,20.39,20.39,20.39,20.39,20.39,20.39
4293,20.39,20.39,20.39,20.39,20.39,20.39,20.39,20.39,20.39,20.39
4294,20.39,20.39,20.39,20.39,20.39,20.39,20.39,20.39,20.39,20.39
4295,20.39,20.39,20.39,20.39,20.39,20.39,20.39,20.39,20.39,20.39
4296,20.39,20.39,20.39,20.39,20.39,20.39,20.39,20.39,20.39,20.39
4297,20.39,20.39,20.39,20.39,20.39,20.39,20.39,20.39,20.39,20.39
4298,20.39,20.39,20.39,20.39,20.39,20.39,20.39,20.39,20.39,20.39
4299,20.39,20.39,20.39,20.39,20.39,20.39,20.39,20.39,20.39,20.39
4300,20.39,20.39,20.39,20.39,20.39,20.39,20.39,20.39,20.39,20.39
4301,20.39,20.39,20.39,20.39,20.39,20.39,20.39,20.39,20.39,20.39
4302,20.39,20.39,20.39,20.39,20.39,20.39,20.39,20.39,20.39,20.39
4303,20.39,20.39,20.39,20.39,20.39,20.39,20.39,20.39,20.39,20.39
4304,20.39,20.39,20.39,20.39,20.39,20.39,20.39,20.39,20.39,20.39
4305,20.39,20.39,20.39,20.39,20.39,20.39,20.39,20.39,20.39,20.39
4306,20.39,20.39,20.39,20.39,20.39,20.39,20.39,20.39,20.39,20.39
4307,20.39,20.39,20.39,20.39,20.39,20.39,20.39,20.39,20.39,20.39
4308,20.39,20.39,20.39,20.39,20.39,20.39,20.39,20.39,20.39,20.39
4309,20.39,20.39,20.39,20.39,20.39,20.39,20.39,20.39,20.39,20.39
4310,20.39,20.39,20.39,20.39,20.39,20.39,20.39,20.39,20.39,20.39
4311,20.39,20.39,20.39,20.39,20.39,20.39,20.39,20.39,20.39,20.39
4312,20.39,20.39,20.39,20.39,20.39,20.39,20.39,20.39,20.39,20.39
4313,20.39,20.39,20.39,20.39,20.39,20.39,20.39,20.39,20.39,20.39
4314,20.39,20.39,20.39,20.39,20.39,20.39,20.39,20.39,20.39,20.39
4315,20.39,20.39,20.39,20.39,20.39,20.39,20.39,20.39,20.39,20.39
4316,20.39,20.39,20.39,20.39,20.39,20.39,20.39,20.39,20.39,20.39
4317,20.39,20.39,20.39,20.39,20.39,20.39,20.39,20.39,20.39,20.39
4318,20.39,20.39,20.39,20.39,20.39,20.39,20.39,20.39,20.39,20.39
4319,20.39,20.39,20.39,20.39,20.39,20.39,20.39,20.39,20.39,20.39
4320,20.39,20.39,20.39,20.39,20.39,20.39,20.39,20.39,20.39,20.39
4321,20.39,20.39,20.39,20.39,20.39,20.39,20.39,20.39,20.39,20.39
4322,20.39,20.39,20.39,20.39,20.39,20.39,20.39,20.39,20.39,20.39
4323,20.39,20.39,20.39,20.39,20.39,20.39,20.39,20.39,20.39,20.39
4324,20.39,20.39,20.39,20.39,20.39,20.39,20.39,20.39,20.39,20.39
4325,20.39,20.39,20.39,20.39,20.39,20.39,20.39,20.39,20.39,20.39
4326,20.39,20.39,20.39,20.39,20.39,20.39,20.39,20.39,20.39,20.39
4327,20.39,20.39,20.39,20.39,20.39,20.39,20.39,20.39,20.39,20.39
4328,20.39,20.39,20.39,20.39,20.39,20.39,20.39,20.39,20.39,20.39
4329,20.39,20.39,20.39,20.39,20.39,20.39,20.39,20.39,20.39,20.39
4330,20.39,20.39,20.39,20.39,20.39,20.39,20.39,20.39,20.39,20.39
4331,20.39,20.39,20.39,20.39,20.39,20.39,20.39,20.39,20.39,20.39
4332,20.39,20.39,20.39,20.39,20.39,20.39,20.39,20.39,20.39,20.39
4333,20.39,20.39,20.39,20.39,20.39,20.39,20.39,20.39,20.39,20.39
4334,20.39,20.39,20.39,20.39,20.39,20.39,20.39,20.39,20.39,20.39
4335,20.39,20.39,20.39,20.39,20.39,20.39,20.39,20.39,20.39,20.39
4336,20.39,20.39,20.39,20.39,20.39,20.39,20.39,20.39,20.39,20.39
4337,20.39,20.39,20.39,20.39,20.39,20.39,20.39,20.39,20.39,20.39
4338,20.39,20.39,20.39,20.39,20.39,20.39,20.39,20.39,20.39,20.39
4339,20.39,20.39,20.39,20.39,20.39,20.39,20.39,20.39,20.39,20.39
4340,20.39,20.39,20.39,20.39,20.39,20.39,20.39,20.39,20.39,20.39
4341,20.39,20.39,20.39,20.39,20.39,20.39,20.39,20.39,20.39,20.39
4342,20.39,20.39,20.39,20.39,20.39,20.39,20.39,20.39,20.39,20.39
4343,20.39,20.39,20.39,20.39,20.39,20.39,20.39,20.39,20.39,20.39
4344,20.39,20.39,20.39,20.39,20.39,20.39,20.39,20.39,20.39,20.39
4345,20.39,20.39,20.39,20.39,20.39,20.39,20.39,20.39,20.39,20.39
4346,20.39,20.39,20.39,20.39,20.39,20.39,20.39,20.39,20.39,20.39
4347,20.39,20.39,20.39,20.39,20.39,20.39,20.39,20.39,20.39,20.39
4348,20.39,20.39,20.39,20.39,20.39,20.39,20.39,20.39,20.39,20.39
4349,20.39,20.39,20.39,20.39,20.39,20.39,20.39,20.39,20.39,20.39
4350,20.39,20.39,20.39,20.39,20.39,20.39,20.39,20.39,20.39,20.39
4351,20.39,20.39,20.39,20.39,20.39,20.39,20.39,20.39,20.39,20.39
4352,20.39,20.39,20.39,20.39,20.39,20.39,20.39,20.39,20.39,20.39
4353,20.39,20.39,20.39,20.39,20.39,20.39,20.39,20.39,20.39,20.39
4354,20.39,20.39,20.39,20.39,20.39,20.39,20.39,20.39,20.39,20.39
4355,20.39,20.39,20.39,20.39,20.39,20.39,20.39,20.39,20.39,20.39
4356,20.39,20.39,20.39,20.39,20.39,20.39,20.39,20.39,20.39,20.39
4357,20.39,20.39,20.39,20.39,20.39,20.39,20.39,20.39,20.39,20.39
4358,20.39,20.39,20.39,20.39,20.39,20.39,20.39,20.39,20.39,20.39
4359,20.39,20.39,20.39,20.39,20.39,20.39,20.39,20.39,20.39,20.39
4360,20.39,20.39,20.39,20.39,20.39,20.39,20.39,20.39,20.39,20.39
4361,20.39,20.39,20.39,20.39,20.39,20.39,20.39,20.39,20.39,20.39
4362,20.39,20.39,20.39,20.39,20.39,20.39,20.39,20.39,20.39,20.39
4363,20.39,20.39,20.39,20.39,20.39,20.39,20.39,20.39,20.39,20.39
4364,20.39,20.39,20.39,20.39,20.39,20.39,20.39,20.39,20.39,20.39
4365,20.39,20.39,20.39,20.39,20.39,20.39,20.39,20.39,20.39,20.39
4366,20.39,20.39,20.39,20.39,20.39,20.39,20.39,20.39,20.39,20.39
4367,20.39,20.39,20.39,20.39,20.39,20.39,20.39,20.39,20.39,20.39
4368,20.39,20.39,20.39,20.39,20.39,20.39,20.39,20.39,20.39,20.39
4369,20.39,20.39,20.39,20.39,20.39,20.39,20.39,20.39,20.39,20.39
4370,20.39,20.39,20.39,20.39,20.39,20.39,20.39,20.39,20.39,20.39
4371,20.39,20.39,20.39,20.39,20.39,20.39,20.39,20.39,20.39,20.39
4372,20.39,20.39,20.39,20.39,20.39,20.39,20.39,20.39,20.39,20.39
4373,20.39,20.39,20.39,20.39,20.39,20.39,20.39,20.39,20.39,20.39
4374,20.39,20.39,20.39,20.39,20.39,20.39,20.39,20.39,20.39,20.39
4375,20.39,20.39,20.39,20.39,20.39,20.39,20.39,20.39,20.39,20.39
4376,20.39,20.39,20.39,20.39,20.39,20.39,20.39,20.39,20.39,20.39
4377,20.39,20.39,20.39,20.39,20.39,20.39,20.39,20.39,20.39,20.39
4378,20.39,20.39,20.39,20.39,20.39,20.39,20.39,20.39,20.39,20.39
4379,20.39,20.39,20.39,20.39,20.39,20.39,20.39,20.39,20.39,20.39
4380,20.39,20.39,20.39,20.39,20.39,20.39,20.39,20.39,20.39,20.39
4381,20.39,20.39,20.39,20.39,20.39,20.39,20.39,20.39,20.39,20.39
4382,20.39,20.39,20.39,20.39,20.39,20.39,20.39,20.39,20.39,20.39
4383,20.39,20.39,20.39,20.39,20.39,20.39,20.39,20.39,20.39,20.39
4384,20.39,20.39,20.39,20.39,20.39,20.39,20.39,20.39,20.39,20.39
4385,20.39,20.39,20.39,20.39,20.39,20.39,20.39,20.39,20.39,20.39
4386,20.39,20.39,20.39,20.39,20.39,20.39,20.39,20.39,20.39,20.39
4387,20.39,20.39,20.39,20.39,20.39,20.39,20.39,20.39,20.39,20.39
4388,20.39,20.39,20.39,20.39,20.39,20.39,20.39,20.39,20.39,20.39
4389,20.39,20.39,20.39,20.39,20.39,20.39,20.39,20.39,20.39,20.39
4390,20.39,20.39,20.39,20.39,20.39,20.39,20.39,20.39,20.39,20.39
4391,20.39,20.39,20.39,20.39,20.39,20.39,20.39,20.39,20.39,20.39
4392,20.39,20.39,20.39,20.39,20.39,20.39,20.39,20.39,20.39,20.39
4393,20.39,20.39,20.39,20.39,20.39,20.39,20.39,20.39,20.39,20.39
4394,20.39,20.39,20.39,20.39,20.39,20.39,20.39,20.39,20.39,20.39
4395,20.39,20.39,20.39,20.39,20.39,20.39,20.39,20.39,20.39,20.39
4396,20.39,20.39,20.39,20.39,20.39,20.39,20.39,20.39,20.39,20.39
4397,20.39,20.39,20.39,20.39,20.39,20.39,20.39,20.39,20.39,20.39
4398,20.39,20.39,20.39,20.39,20.39,20.39,20.39,20.39,20.39,20.39
4399,20.39,20.39,20.39,20.39,20.39,20.39,20.39,20.39,20.39,20.39
4400,20.39,20.39,20.39,20.39,20.39,20.39,20.39,20.39,20.39,20.39
4401,20.39,20.39,20.39,20.39,20.39,20.39,20.39,20.39,20.39,20.39
4402,20.39,20.39,20.39,20.39,20.39,20.39,20.39,20.39,20.39,20.39
4403,20.39,20.39,20.39,20.39,20.39,20.39,20.39,20.39,20.39,20.39
4404,20.39,20.39,20.39,20.39,20.39,20.39,20.39,20.39,20.39,20.39
4405,20.39,20.39,20.39,20.39,20.39,20.39,20.39,20.39,20.39,20.39
4406,20.39,20.39,20.39,20.39,20.39,20.39,20.39,20.39,20.39,20.39
4407,20.39,20.39,20.39,20.39,20.39,20.39,20.39,20.39,20.39,20.39
4408,20.39,20.39,20.39,20.39,20.39,20.39,20.39,20.39,20.39,20.39
4409,20.39,20.39,20.39,20.39,20.39,20.39,20.39,20.39,20.39,20.39
4410,20.39,20.39,20.39,20.39,20.39,20.39,20.39,20.39,20.39,20.39
4411,20.39,20.39,20.39,20.39,20.39,20.39,20.39,20.39,20.39,20.39
4412,20.39,20.39,20.39,20.39,20.39,20.39,20.39,20.39,20.39,20.39
4413,20.39,20.39,20.39,20.39,20.39,20.39,20.39,20.39,20.39,20.39
4414,20.39,20.39,20.39,20.39,20.39,20.39,20.39,20.39,20.39,20.39
4415,20.39,20.39,20.39,20.39,20.39,20.39,20.39,20.39,20.39,20.39
4416,20.39,20.39,20.39,20.39,20.39,20.39,20.39,20.39,20.39,20.39
4417,20.39,20.39,20.39,20.39,20.39,20.39,20.39,20.39,20.39,20.39
4418,20.39,20.39,20.39,20.39,20.39,20.39,20.39,20.39,20.39,20.39
4419,20.39,20.39,20.39,20.39,20.39,20.39,20.39,20.39,20.39,20.39
4420,20.39,20.39,20.39,20.39,20.39,20.39,20.39,20.39,20.39,20.39
4421,20.39,20.39,20.39,20.39,20.39,20.39,20.39,20.39,20.39,20.39
4422,20.39,20.39,20.39,20.39,20.39,20.39,20.39,20.39,20.39,20.39
4423,20.39,20.39,20.39,20.39,20.39,20.39,20.39,20.39,20.39,20.39
4424,20.39,20.39,20.39,20.39,20.39,20.39,20.39,20.39,20.39,20.39
4425,20.39,20.39,20.39,20.39,20.39,20.39,20.39,20.39,20.39,20.39
4426,20.39,20.39,20.39,20.39,20.39,20.39,20.39,20.39,20.39,20.39
4427,20.39,20.39,20.39,20.39,20.39,20.39,20.39,20.39,20.39,20.39
4428,20.39,20.39,20.39,20.39,20.39,20.39,20.39,20.39,20.39,20.39
4429,20.39,20.39,20.39,20.39,20.39,20.39,20.39,20.39,20.39,20.39
4430,20.39,20.39,20.39,20.39,20.39,20.39,20.39,20.39,20.39,20.39
4431,20.39,20.39,20.39,20.39,20.39,20.39,20.39,20.39,20.39,20.39
4432,20.39,20.39,20.39,20.39,20.39,20.39,20.39,20.39,20.39,20.39
4433,20.39,20.39,20.39,20.39,20.39,20.39,20.39,20.39,20.39,20.39
4434,20.39,20.39,20.39,20.39,20.39,20.39,20.39,20.39,20.39,20.39
4435,20.39,20.39,20.39,20.39,20.39,20.39,20.39,20.39,20.39,20.39
4436,20.39,20.39,20.39,20.39,20.39,20.39,20.39,20.39,20.39,20.39
4437,20.39,20.39,20.39,20.39,20.39,20.39,20.39,20.39,20.39,20.39
4438,20.39,20.39,20.39,20.39,20.39,20.39,20.39,20.39,20.39,20.39
4439,20.39,20.39,20.39,20.39,20.39,20.39,20.39,20.39,20.39,20.39
4440,20.39,20.39,20.39,20.39,20.39,20.39,20.39,20.39,20.39,20.39
4441,20.39,20.39,20.39,20.39,20.39,20.39,20.39,20.39,20.39,20.39
4442,20.39,20.39,20.39,20.39,20.39,20.39,20.39,20.39,20.39,20.39
4443,20.39,20.39,20.39,20.39,20.39,20.39,20.39,20.39,20.39,20.39
4444,20.39,20.39,20.39,20.39,20.39,20.39,20.39,20.39,20.39,20.39
4445,20.39,20.39,20.39,20.39,20.39,20.39,20.39,20.39,20.39,20.39
4446,20.39,20.39,20.39,20.39,20.39,20.39,20.39,20.39,20.39,20.39
4447,20.39,20.39,20.39,20.39,20.39,20.39,20.39,20.39,20.39,20.39
4448,20.39,20.39,20.39,20.39,20.39,20.39,20.39,20.39,20.39,20.39
4449,20.39,20.39,20.39,20.39,20.39,20.39,20.39,20.39,20.39,20.39
4450,20.39,20.39,20.39,20.39,20.39,20.39,20.39,20.39,20.39,20.39
4451,20.39,20.39,20.39,20.39,20.39,20.39,20.39,20.39,20.39,20.39
4452,20.39,20.39,20.39,20.39,20.39,20.39,20.39,20.39,20.39,20.39
4453,20.39,20.39,20.39,20.39,20.39,20.39,20.39,20.39,20.39,20.39
4454,20.39,20.39,20.39,20.39,20.39,20.39,20.39,20.39,20.39,20.39
4455,20.39,20.39,20.39,20.39,20.39,20.39,20.39,20.39,20.39,20.39
4456,20.39,20.39,20.39,20.39,20.39,20.39,20.39,20.39,20.39,20.39
4457,20.39,20.39,20.39,20.39,20.39,20.39,20.39,20.39,20.39,20.39
4458,20.39,20.39,20.39,20.39,20.39,20.39,20.39,20.39,20.39,20.39
4459,20.39,20.39,20.39,20.39,20.39,20.39,20.39,20.39,20.39,20.39
4460,20.39,20.39,20.39,20.39,20.39,20.39,20.39,20.39,20.39,20.39
4461,20.39,20.39,20.39,20.39,20.39,20.39,20.39,20.39,20.39,20.39
4462,20.39,20.39,20.39,20.39,20.39,20.39,20.39,20.39,20.39,20.39
4463,20.39,20.39,20.39,20.39,20.39,20.39,20.39,20.39,20.39,20.39
4464,20.39,20.39,20.39,20.39,20.39,20.39,20.39,20.39,20.39,20.39
4465,20.39,20.39,20.39,20.39,20.39,20.39,20.39,20.39,20.39,20.39
4466,20.39,20.39,20.39,20.39,20.39,20.39,20.39,20.39,20.39,20.39
4467,20.39,20.39,20.39,20.39,20.39,20.39,20.39,20.39,20.39,20.39
4468,20.39,20.39,20.39,20.39,20.39,20.39,20.39,20.39,20.39,20.39
4469,20.39,20.39,20.39,20.39,20.39,20.39,20.39,20.39,20.39,20.39
4470,20.39,20.39,20.39,20.39,20.39,20.39,20.39,20.39,20.39,20.39
4471,20.39,20.39,20.39,20.39,20.39,20.39,20.39,20.39,20.39,20.39
4472,20.39,20.39,20.39,20.39,20.39,20.39,20.39,20.39,20.39,20.39
4473,20.39,20.39,20.39,20.39,20.39,20.39,20.39,20.39,20.39,20.39
4474,20.39,20.39,20.39,20.39,20.39,20.39,20.39,20.39,20.39,20.39
4475,20.39,20.39,20.39,20.39,20.39,20.39,20.39,20.39,20.39,20.39
4476,20.39,20.39,20.39,20.39,20.39,20.39,20.39,20.39,20.39,20.39
4477,20.39,20.39,20.39,20.39,20.39,20.39,20.39,20.39,20.39,20.39
4478,20.39,20.39,20.39,20.39,20.39,20.39,20.39,20.39,20.39,20.39
4479,20.39,20.39,20.39,20.39,20.39,20.39,20.39,20.39,20.39,20.39
4480,20.39,20.39,20.39,20.39,20.39,20.39,20.39,20.39,20.39,20.39
4481,20.39,20.39,20.39,20.39,20.39,20.39,20.39,20.39,20.39,20.39
4482,20.39,20.39,20.39,20.39,20.39,20.39,20.39,20.39,20.39,20.39
4483,20.39,20.39,20.39,20.39,20.39,20.39,20.39,20.39,20.39,20.39
4484,20.39,20.39,20.39,20.39,20.39,20.39,20.39,20.39,20.39,20.39
4485,20.39,20.39,20.39,20.39,20.39,20.39,20.39,20.39,20.39,20.39
4486,20.39,20.39,20.39,20.39,20.39,20.39,20.39,20.39,20.39,20.39
4487,20.39,20.39,20.39,20.39,20.39,20.39,20.39,20.39,20.39,20.39
4488,20.39,20.39,20.39,20.39,20.39,20.39,20.39,20.39,20.39,20.39
4489,20.39,20.39,20.39,20.39,20.39,20.39,20.39,20.39,20.39,20.39
4490,20.39,20.39,20.39,20.39,20.39,20.39,20.39,20.39,20.39,20.39
4491,20.39,20.39,20.39,20.39,20.39,20.39,20.39,20.39,20.39,20.39
4492,20.39,20.39,20.39,20.39,20.39,20.39,20.39,20.39,20.39,20.39
4493,20.39,20.39,20.39,20.39,20.39,20.39,20.39,20.39,20.39,20.39
4494,20.39,20.39,20.39,20.39,20.39,20.39,20.39,20.39,20.39,20.39
4495,20.39,20.39,20.39,20.39,20.39,20.39,20.39,20.39,20.39,20.39
4496,20.39,20.39,20.39,20.39,20.39,20.39,20.39,20.39,20.39,20.39
4497,20.39,20.39,20.39,20.39,20.39,20.39,20.39,20.39,20.39,20.39
4498,20.39,20.39,20.39,20.39,20.39,20.39,20.39,20.39,20.39,20.39
4499,20.39,20.39,20.39,20.39,20.39,20.39,20.39,20.39,20.39,20.39
4500,20.39,20.39,20.39,20.39,20.39,20.39,20.39,20.39,20.39,20.39
4501,20.39,20.39,20.39,20.39,20.39,20.39,20.39,20.39,20.39,20.39
4502,20.39,20.39,20.39,20.39,20.39,20.39,20.39,20.39,20.39,20.39
4503,20.39,20.39,20.39,20.39,20.39,20.39,20.39,20.39,20.39,20.39
4504,20.39,20.39,20.39,20.39,20.39,20.39,20.39,20.39,20.39,20.39
4505,20.39,20.39,20.39,20.39,20.39,20.39,20.39,20.39,20.39,20.39
4506,20.39,20.39,20.39,20.39,20.39,20.39,20.39,20.39,20.39,20.39
4507,20.39,20.39,20.39,20.39,20.39,20.39,20.39,20.39,20.39,20.39
4508,20.39,20.39,20.39,20.39,20.39,20.39,20.39,20.39,20.39,20.39
4509,20.39,20.39,20.39,20.39,20.39,20.39,20.39,20.39,20.39,20.39
4510,20.39,20.39,20.39,20.39,20.39,20.39,20.39,20.39,20.39,20.39
4511,20.39,20.39,20.39,20.39,20.39,20.39,20.39,20.39,20.39,20.39
4512,20.39,20.39,20.39,20.39,20.39,20.39,20.39,20.39,20.39,20.39
4513,20.39,20.39,20.39,20.39,20.39,20.39,20.39,20.39,20.39,20.39
4514,20.39,20.39,20.39,20.39,20.39,20.39,20.39,20.39,20.39,20.39
4515,20.39,20.39,20.39,20.39,20.39,20.39,20.39,20.39,20.39,20.39
4516,20.39,20.39,20.39,20.39,20.39,20.39,20.39,20.39,20.39,20.39
4517,20.39,20.39,20.39,20.39,20.39,20.39,20.39,20.39,20.39,20.39
4518,20.39,20.39,20.39,20.39,20.39,20.39,20.39,20.39,20.39,20.39
4519,20.39,20.39,20.39,20.39,20.39,20.39,20.39,20.39,20.39,20.39
4520,20.39,20.39,20.39,20.39,20.39,20.39,20.39,20.39,20.39,20.39
4521,20.39,20.39,20.39,20.39,20.39,20.39,20.39,20.39,20.39,20.39
4522,20.39,20.39,20.39,20.39,20.39,20.39,20.39,20.39,20.39,20.39
4523,20.39,20.39,20.39,20.39,20.39,20.39,20.39,20.39,20.39,20.39
4524,20.39,20.39,20.39,20.39,20.39,20.39,20.39,20.39,20.39,20.39
4525,20.39,20.39,20.39,20.39,20.39,20.39,20.39,20.39,20.39,20.39
4526,20.39,20.39,20.39,20.39,20.39,20.39,20.39,20.39,20.39,20.39
4527,20.39,20.39,20.39,20.39,20.39,20.39,20.39,20.39,20.39,20.39
4528,20.39,20.39,20.39,20.39,20.39,20.39,20.39,20.39,20.39,20.39
4529,20.39,20.39,20.39,20.39,20.39,20.39,20.39,20.39,20.39,20.39
4530,20.39,20.39,20.39,20.39,20.39,20.39,20.39,20.39,20.39,20.39
4531,20.39,20.39,20.39,20.39,20.39,20.39,20.39,20.39,20.39,20.39
4532,20.39,20.39,20.39,20.39,20.39,20.39,20.39,20.39,20.39,20.39
4533,20.39,20.39,20.39,20.39,20.39,20.39,20.39,20.39,20.39,20.39
4534,20.39,20.39,20.39,20.39,20.39,20.39,20.39,20.39,20.39,20.39
4535,20.39,20.39,20.39,20.39,20.39,20.39,20.39,20.39,20.39,20.39
4536,20.39,20.39,20.39,20.39,20.39,20.39,20.39,20.39,20.39,20.39
4537,20.39,20.39,20.39,20.39,20.39,20.39,20.39,20.39,20.39,20.39
4538,20.39,20.39,20.39,20.39,20.39,20.39,20.39,20.39,20.39,20.39
4539,20.39,20.39,20.39,20.39,20.39,20.39,20.39,20.39,20.39,20.39
4540,20.39,20.39,20.39,20.39,20.39,20.39,20.39,20.39,20.39,20.39
4541,20.39,20.39,20.39,20.39,20.39,20.39,20.39,20.39,20.39,20.39
4542,20.39,20.39,20.39,20.39,20.39,20.39,20.39,20.39,20.39,20.39
4543,20.39,20.39,20.39,20.39,20.39,20.39,20.39,20.39,20.39,20.39
4544,20.39,20.39,20.39,20.39,20.39,20.39,20.39,20.39,20.39,20.39
4545,20.39,20.39,20.39,20.39,20.39,20.39,20.39,20.39,20.39,20.39
4546,20.39,20.39,20.39,20.39,20.39,20.39,20.39,20.39,20.39,20.39
4547,20.39,20.39,20.39,20.39,20.39,20.39,20.39,20.39,20.39,20.39
4548,20.39,20.39,20.39,20.39,20.39,20.39,20.39,20.39,20.39,20.39
4549,20.39,20.39,20.39,20.39,20.39,20.39,20.39,20.39,20.39,20.39
4550,20.39,20.39,20.39,20.39,20.39,20.39,20.39,20.39,20.39,20.39
4551,20.39,20.39,20.39,20.39,20.39,20.39,20.39,20.39,20.39,20.39
4552,20.39,20.39,20.39,20.39,20.39,20.39,20.39,20.39,20.39,20.39
4553,20.39,20.39,20.39,20.39,20.39,20.39,20.39,20.39,20.39,20.39
4554,20.39,20.39,20.39,20.39,20.39,20.39,20.39,20.39,20.39,20.39
4555,20.39,20.39,20.39,20.39,20.39,20.39,20.39,20.39,20.39,20.39
4556,20.39,20.39,20.39,20.39,20.39,20.39,20.39,20.39,20.39,20.39
4557,20.39,20.39,20.39,20.39,20.39,20.39,20.39,20.39,20.39,20.39
4558,20.39,20.39,20.39,20.39,20.39,20.39,20.39,20.39,20.39,20.39
4559,20.39,20.39,20.39,20.39,20.39,20.39,20.39,20.39,20.39,20.39
4560,20.39,20.39,20.39,20.39,20.39,20.39,20.39,20.39,20.39,20.39
4561,20.39,20.39,20.39,20.39,20.39,20.39,20.39,20.39,20.39,20.39
4562,20.39,20.39,20.39,20.39,20.39,20.39,20.39,20.39,20.39,20.39
4563,20.39,20.39,20.39,20.39,20.39,20.39,20.39,20.39,20.39,20.39
4564,20.39,20.39,20.39,20.39,20.39,20.39,20.39,20.39,20.39,20.39
4565,20.39,20.39,20.39,20.39,20.39,20.39,20.39,20.39,20.39,20.39
4566,20.39,20.39,20.39,20.39,20.39,20.39,20.39,20.39,20.39,20.39
4567,20.39,20.39,20.39,20.39,20.39,20.39,20.39,20.39,20.39,20.39
4568,20.39,20.39,20.39,20.39,20.39,20.39,20.39,20.39,20.39,20.39
4569,20.39,20.39,20.39,20.39,20.39,20.39,20.39,20.39,20.39,20.39
4570,20.39,20.39,20.39,20.39,20.39,20.39,20.39,20.39,20.39,20.39
4571,20.39,20.39,20.39,20.39,20.39,20.39,20.39,20.39,20.39,20.39
4572,20.39,20.39,20.39,20.39,20.39,20.39,20.39,20.39,20.39,20.39
4573,20.39,20.39,20.39,20.39,20.39,20.39,20.39,20.39,20.39,20.39
4574,20.39,20.39,20.39,20.39,20.39,20.39,20.39,20.39,20.39,20.39
4575,20.39,20.39,20.39,20.39,20.39,20.39,20.39,20.39,20.39,20.39
4576,20.39,20.39,20.39,20.39,20.39,20.39,20.39,20.39,20.39,20.39
4577,20.39,20.39,20.39,20.39,20.39,20.39,20.39,20.39,20.39,20.39
4578,20.39,20.39,20.39,20.39,20.39,20.39,20.39,20.39,20.39,20.39
4579,20.39,20.39,20.39,20.39,20.39,20.39,20.39,20.39,20.39,20.39
4580,20.39,20.39,20.39,20.39,20.39,20.39,20.39,20.39,20.39,20.39
4581,20.39,20.39,20.39,20.39,20.39,20.39,20.39,20.39,20.39,20.39
4582,20.39,20.39,20.39,20.39,20.39,20.39,20.39,20.39,20.39,20.39
4583,20.39,20.39,20.39,20.39,20.39,20.39,20.39,20.39,20.39,20.39
4584,20.39,20.39,20.39,20.39,20.39,20.39,20.39,20.39,20.39,20.39
4585,20.39,20.39,20.39,20.39,20.39,20.39,20.39,20.39,20.39,20.39
4586,20.39,20.39,20.39,20.39,20.39,20.39,20.39,20.39,20.39,20.39
4587,20.39,20.39,20.39,20.39,20.39,20.39,20.39,20.39,20.39,20.39
4588,20.39,20.39,20.39,20.39,20.39,20.39,20.39,20.39,20.39,20.39
4589,20.39,20.39,20.39,20.39,20.39,20.39,20.39,20.39,20.39,20.39
4590,20.39,20.39,20.39,20.39,20.39,20.39,20.39,20.39,20.39,20.39
4591,20.39,20.39,20.39,20.39,20.39,20.39,20.39,20.39,20.39,20.39
4592,20.39,20.39,20.39,20.39,20.39,20.39,20.39,20.39,20.39,20.39
4593,20.39,20.39,20.39,20.39,20.39,20.39,20.39,20.39,20.39,20.39
4594,20.39,20.39,20.39,20.39,20.39,20.39,20.39,20.39,20.39,20.39
4595,20.39,20.39,20.39,20.39,20.39,20.39,20.39,20.39,20.39,20.39
4596,20.39,20.39,20.39,20.39,20.39,20.39,20.39,20.39,20.39,20.39
4597,20.39,20.39,20.39,20.39,20.39,20.39,20.39,20.39,20.39,20.39
4598,20.39,20.39,20.39,20.39,20.39,20.39,20.39,20.39,20.39,20.39
4599,20.39,20.39,20.39,20.39,20.39,20.39,20.39,20.39,20.39,20.39
4600,20.39,20.39,20.39,20.39,20.39,20.39,20.39,20.39,20.39,20.39
4601,20.39,20.39,20.39,20.39,20.39,20.39,20.39,20.39,20.39,20.39
4602,20.39,20.39,20.39,20.39,20.39,20.39,20.39,20.39,20.39,20.39
4603,20.39,20.39,20.39,20.39,20.39,20.39,20.39,20.39,20.39,20.39
4604,20.39,20.39,20.39,20.39,20.39,20.39,20.39,20.39,20.39,20.39
4605,20.39,20.39,20.39,20.39,20.39,20.39,20.39,20.39,20.39,20.39
4606,20.39,20.39,20.39,20.39,20.39,20.39,20.39,20.39,20.39,20.39
4607,20.39,20.39,20.39,20.39,20.39,20.39,20.39,20.39,20.39,20.39
4608,20.39,20.39,20.39,20.39,20.39,20.39,20.39,20.39,20.39,20.39
4609,20.39,20.39,20.39,20.39,20.39,20.39,20.39,20.39,20.39,20.39
4610,20.39,20.39,20.39,20.39,20.39,20.39,20.39,20.39,20.39,20.39
4611,20.39,20.39,20.39,20.39,20.39,20.39,20.39,20.39,20.39,20.39
4612,20.39,20.39,20.39,20.39,20.39,20.39,20.39,20.39,20.39,20.39
4613,20.39,20.39,20.39,20.39,20.39,20.39,20.39,20.39,20.39,20.39
4614,20.39,20.39,20.39,20.39,20.39,20.39,20.39,20.39,20.39,20.39
4615,20.39,20.39,20.39,20.39,20.39,20.39,20.39,20.39,20.39,20.39
4616,20.39,20.39,20.39,20.39,20.39,20.39,20.39,20.39,20.39,20.39
4617,20.39,20.39,20.39,20.39,20.39,20.39,20.39,20.39,20.39,20.39
4618,20.39,20.39,20.39,20.39,20.39,20.39,20.39,20.39,20.39,20.39
4619,20.39,20.39,20.39,20.39,20.39,20.39,20.39,20.39,20.39,20.39
4620,20.39,20.39,20.39,20.39,20.39,20.39,20.39,20.39,20.39,20.39
4621,20.39,20.39,20.39,20.39,20.39,20.39,20.39,20.39,20.39,20.39
4622,20.39,20.39,20.39,20.39,20.39,20.39,20.39,20.39,20.39,20.39
4623,20.39,20.39,20.39,20.39,20.39,20.39,20.39,20.39,20.39,20.39
4624,20.39,20.39,20.39,20.39,20.39,20.39,20.39,20.39,20.39,20.39
4625,20.39,20.39,20.39,20.39,20.39,20.39,20.39,20.39,20.39,20.39
4626,20.39,20.39,20.39,20.39,20.39,20.39,20.39,20.39,20.39,20.39
4627,20.39,20.39,20.39,20.39,20.39,20.39,20.39,20.39,20.39,20.39
4628,20.39,20.39,20.39,20.39,20.39,20.39,20.39,20.39,20.39,20.39
4629,20.39,20.39,20.39,20.39,20.39,20.39,20.39,20.39,20.39,20.39
4630,20.39,20.39,20.39,20.39,20.39,20.39,20.39,20.39,20.39,20.39
4631,20.39,20.39,20.39,20.39,20.39,20.39,20.39,20.39,20.39,20.39
4632,20.39,20.39,20.39,20.39,20.39,20.39,20.39,20.39,20.39,20.39
4633,20.39,20.39,20.39,20.39,20.39,20.39,20.39,20.39,20.39,20.39
4634,20.39,20.39,20.39,20.39,20.39,20.39,20.39,20.39,20.39,20.39
4635,20.39,20.39,20.39,20.39,20.39,20.39,20.39,20.39,20.39,20.39
4636,20.39,20.39,20.39,20.39,20.39,20.39,20.39,20.39,20.39,20.39
4637,20.39,20.39,20.39,20.39,20.39,20.39,20.39,20.39,20.39,20.39
4638,20.39,20.39,20.39,20.39,20.39,20.39,20.39,20.39,20.39,20.39
4639,20.39,20.39,20.39,20.39,20.39,20.39,20.39,20.39,20.39,20.39
4640,20.39,20.39,20.39,20.39,20.39,20.39,20.39,20.39,20.39,20.39
4641,20.39,20.39,20.39,20.39,20.39,20.39,20.39,20.39,20.39,20.39
4642,20.39,20.39,20.39,20.39,20.39,20.39,20.39,20.39,20.39,20.39
4643,20.39,20.39,20.39,20.39,20.39,20.39,20.39,20.39,20.39,20.39
4644,20.39,20.39,20.39,20.39,20.39,20.39,20.39,20.39,20.39,20.39
4645,20.39,20.39,20.39,20.39,20.39,20.39,20.39,20.39,20.39,20.39
4646,20.39,20.39,20.39,20.39,20.39,20.39,20.39,20.39,20.39,20.39
4647,20.39,20.39,20.39,20.39,20.39,20.39,20.39,20.39,20.39,20.39
4648,20.39,20.39,20.39,20.39,20.39,20.39,20.39,20.39,20.39,20.39
4649,20.39,20.39,20.39,20.39,20.39,20.39,20.39,20.39,20.39,20.39
4650,20.39,20.39,20.39,20.39,20.39,20.39,20.39,20.39,20.39,20.39
4651,20.39,20.39,20.39,20.39,20.39,20.39,20.39,20.39,20.39,20.39
4652,20.39,20.39,20.39,20.39,20.39,20.39,20.39,20.39,20.39,20.39
4653,20.39,20.39,20.39,20.39,20.39,20.39,20.39,20.39,20.39,20.39
4654,20.39,20.39,20.39,20.39,20.39,20.39,20.39,20.39,20.39,20.39
4655,20.39,20.39,20.39,20.39,20.39,20.39,20.39,20.39,20.39,20.39
4656,20.39,20.39,20.39,20.39,20.39,20.39,20.39,20.39,20.39,20.39
4657,20.39,20.39,20.39,20.39,20.39,20.39,20.39,20.39,20.39,20.39
4658,20.39,20.39,20.39,20.39,20.39,20.39,20.39,20.39,20.39,20.39
4659,20.39,20.39,20.39,20.39,20.39,20.39,20.39,20.39,20.39,20.39
4660,20.39,20.39,20.39,20.39,20.39,20.39,20.39,20.39,20.39,20.39
4661,20.39,20.39,20.39,20.39,20.39,20.39,20.39,20.39,20.39,20.39
4662,20.39,20.39,20.39,20.39,20.39,20.39,20.39,20.39,20.39,20.39
4663,20.39,20.39,20.39,20.39,20.39,20.39,20.39,20.39,20.39,20.39
4664,20.39,20.39,20.39,20.39,20.39,20.39,20.39,20.39,20.39,20.39
4665,20.39,20.39,20.39,20.39,20.39,20.39,20.39,20.39,20.39,20.39
4666,20.39,20.39,20.39,20.39,20.39,20.39,20.39,20.39,20.39,20.39
4667,20.39,20.39,20.39,20.39,20.39,20.39,20.39,20.39,20.39,20.39
4668,20.39,20.39,20.39,20.39,20.39,20.39,20.39,20.39,20.39,20.39
4669,20.39,20.39,20.39,20.39,20.39,20.39,20.39,20.39,20.39,20.39
4670,20.39,20.39,20.39,20.39,20.39,20.39,20.39,20.39,20.39,20.39
4671,20.39,20.39,20.39,20.39,20.39,20.39,20.39,20.39,20.39,20.39
4672,20.39,20.39,20.39,20.39,20.39,20.39,20.39,20.39,20.39,20.39
4673,20.39,20.39,20.39,20.39,20.39,20.39,20.39,20.39,20.39,20.39
4674,20.39,20.39,20.39,20.39,20.39,20.39,20.39,20.39,20.39,20.39
4675,20.39,20.39,20.39,20.39,20.39,20.39,20.39,20.39,20.39,20.39
4676,20.39,20.39,20.39,20.39,20.39,20.39,20.39,20.39,20.39,20.39
4677,20.39,20.39,20.39,20.39,20.39,20.39,20.39,20.39,20.39,20.39
4678,20.39,20.39,20.39,20.39,20.39,20.39,20.39,20.39,20.39,20.39
4679,20.39,20.39,20.39,20.39,20.39,20.39,20.39,20.39,20.39,20.39
4680,20.39,20.39,20.39,20.39,20.39,20.39,20.39,20.39,20.39,20.39
4681,20.39,20.39,20.39,20.39,20.39,20.39,20.39,20.39,20.39,20.39
4682,20.39,20.39,20.39,20.39,20.39,20.39,20.39,20.39,20.39,20.39
4683,20.39,20.39,20.39,20.39,20.39,20.39,20.39,20.39,20.39,20.39
4684,20.39,20.39,20.39,20.39,20.39,20.39,20.39,20.39,20.39,20.39
4685,20.39,20.39,20.39,20.39,20.39,20.39,20.39,20.39,20.39,20.39
4686,20.39,20.39,20.39,20.39,20.39,20.39,20.39,20.39,20.39,20.39
4687,20.39,20.39,20.39,20.39,20.39,20.39,20.39,20.39,20.39,20.39
4688,20.39,20.39,20.39,20.39,20.39,20.39,20.39,20.39,20.39,20.39
4689,20.39,20.39,20.39,20.39,20.39,20.39,20.39,20.39,20.39,20.39
4690,20.39,20.39,20.39,20.39,20.39,20.39,20.39,20.39,20.39,20.39
4691,20.39,20.39,20.39,20.39,20.39,20.39,20.39,20.39,20.39,20.39
4692,20.39,20.39,20.39,20.39,20.39,20.39,20.39,20.39,20.39,20.39
4693,20.39,20.39,20.39,20.39,20.39,20.39,20.39,20.39,20.39,20.39
4694,20.39,20.39,20.39,20.39,20.39,20.39,20.39,20.39,20.39,20.39
4695,20.39,20.39,20.39,20.39,20.39,20.39,20.39,20.39,20.39,20.39
4696,20.39,20.39,20.39,20.39,20.39,20.39,20.39,20.39,20.39,20.39
4697,20.39,20.39,20.39,20.39,20.39,20.39,20.39,20.39,20.39,20.39
4698,20.39,20.39,20.39,20.39,20.39,20.39,20.39,20.39,20.39,20.39
4699,20.39,20.39,20.39,20.39,20.39,20.39,20.39,20.39,20.39,20.39
4700,20.39,20.39,20.39,20.39,20.39,20.39,20.39,20.39,20.39,20.39
4701,20.39,20.39,20.39,20.39,20.39,20.39,20.39,20.39,20.39,20.39
4702,20.39,20.39,20.39,20.39,20.39,20.39,20.39,20.39,20.39,20.39
4703,20.39,20.39,20.39,20.39,20.39,20.39,20.39,20.39,20.39,20.39
4704,20.39,20.39,20.39,20.39,20.39,20.39,20.39,20.39,20.39,20.39
4705,20.39,20.39,20.39,20.39,20.39,20.39,20.39,20.39,20.39,20.39
4706,20.39,20.39,20.39,20.39,20.39,20.39,20.39,20.39,20.39,20.39
4707,20.39,20.39,20.39,20.39,20.39,20.39,20.39,20.39,20.39,20.39
4708,20.39,20.39,20.39,20.39,20.39,20.39,20.39,20.39,20.39,20.39
4709,20.39,20.39,20.39,20.39,20.39,20.39,20.39,20.39,20.39,20.39
4710,20.39,20.39,20.39,20.39,20.39,20.39,20.39,20.39,20.39,20.39
4711,20.39,20.39,20.39,20.39,20.39,20.39,20.39,20.39,20.39,20.39
4712,20.39,20.39,20.39,20.39,20.39,20.39,20.39,20.39,20.39,20.39
4713,20.39,20.39,20.39,20.39,20.39,20.39,20.39,20.39,20.39,20.39
4714,20.39,20.39,20.39,20.39,20.39,20.39,20.39,20.39,20.39,20.39
4715,20.39,20.39,20.39,20.39,20.39,20.39,20.39,20.39,20.39,20.39
4716,20.39,20.39,20.39,20.39,20.39,20.39,20.39,20.39,20.39,20.39
4717,20.39,20.39,20.39,20.39,20.39,20.39,20.39,20.39,20.39,20.39
4718,20.39,20.39,20.39,20.39,20.39,20.39,20.39,20.39,20.39,20.39
4719,20.39,20.39,20.39,20.39,20.39,20.39,20.39,20.39,20.39,20.39
4720,20.39,20.39,20.39,20.39,20.39,20.39,20.39,20.39,20.39,20.39
4721,20.39,20.39,20.39,20.39,20.39,20.39,20.39,20.39,20.39,20.39
4722,20.39,20.39,20.39,20.39,20.39,20.39,20.39,20.39,20.39,20.39
4723,20.39,20.39,20.39,20.39,20.39,20.39,20.39,20.39,20.39,20.39
4724,20.39,20.39,20.39,20.39,20.39,20.39,20.39,20.39,20.39,20.39
4725,20.39,20.39,20.39,20.39,20.39,20.39,20.39,20.39,20.39,20.39
4726,20.39,20.39,20.39,20.39,20.39,20.39,20.39,20.39,20.39,20.39
4727,20.39,20.39,20.39,20.39,20.39,20.39,20.39,20.39,20.39,20.39
4728,20.39,20.39,20.39,20.39,20.39,20.39,20.39,20.39,20.39,20.39
4729,20.39,20.39,20.39,20.39,20.39,20.39,20.39,20.39,20.39,20.39
4730,20.39,20.39,20.39,20.39,20.39,20.39,20.39,20.39,20.39,20.39
4731,20.39,20.39,20.39,20.39,20.39,20.39,20.39,20.39,20.39,20.39
4732,20.39,20.39,20.39,20.39,20.39,20.39,20.39,20.39,20.39,20.39
4733,20.39,20.39,20.39,20.39,20.39,20.39,20.39,20.39,20.39,20.39
4734,20.39,20.39,20.39,20.39,20.39,20.39,20.39,20.39,20.39,20.39
4735,20.39,20.39,20.39,20.39,20.39,20.39,20.39,20.39,20.39,20.39
4736,20.39,20.39,20.39,20.39,20.39,20.39,20.39,20.39,20.39,20.39
4737,20.39,20.39,20.39,20.39,20.39,20.39,20.39,20.39,20.39,20.39
4738,20.39,20.39,20.39,20.39,20.39,20.39,20.39,20.39,20.39,20.39
4739,20.39,20.39,20.39,20.39,20.39,20.39,20.39,20.39,20.39,20.39
4740,20.39,20.39,20.39,20.39,20.39,20.39,20.39,20.39,20.39,20.39
4741,20.39,20.39,20.39,20.39,20.39,20.39,20.39,20.39,20.39,20.39
4742,20.39,20.39,20.39,20.39,20.39,20.39,20.39,20.39,20.39,20.39
4743,20.39,20.39,20.39,20.39,20.39,20.39,20.39,20.39,20.39,20.39
4744,20.39,20.39,20.39,20.39,20.39,20.39,20.39,20.39,20.39,20.39
4745,20.39,20.39,20.39,20.39,20.39,20.39,20.39,20.39,20.39,20.39
4746,20.39,20.39,20.39,20.39,20.39,20.39,20.39,20.39,20.39,20.39
4747,20.39,20.39,20.39,20.39,20.39,20.39,20.39,20.39,20.39,20.39
4748,20.39,20.39,20.39,20.39,20.39,20.39,20.39,20.39,20.39,20.39
4749,20.39,20.39,20.39,20.39,20.39,20.39,20.39,20.39,20.39,20.39
4750,20.39,20.39,20.39,20.39,20.39,20.39,20.39,20.39,20.39,20.39
4751,20.39,20.39,20.39,20.39,20.39,20.39,20.39,20.39,20.39,20.39
4752,20.39,20.39,20.39,20.39,20.39,20.39,20.39,20.39,20.39,20.39
4753,20.39,20.39,20.39,20.39,20.39,20.39,20.39,20.39,20.39,20.39
4754,20.39,20.39,20.39,20.39,20.39,20.39,20.39,20.39,20.39,20.39
4755,20.39,20.39,20.39,20.39,20.39,20.39,20.39,20.39,20.39,20.39
4756,20.39,20.39,20.39,20.39,20.39,20.39,20.39,20.39,20.39,20.39
4757,20.39,20.39,20.39,20.39,20.39,20.39,20.39,20.39,20.39,20.39
4758,20.39,20.39,20.39,20.39,20.39,20.39,20.39,20.39,20.39,20.39
4759,20.39,20.39,20.39,20.39,20.39,20.39,20.39,20.39,20.39,20.39
4760,20.39,20.39,20.39,20.39,20.39,20.39,20.39,20.39,20.39,20.39
4761,20.39,20.39,20.39,20.39,20.39,20.39,20.39,20.39,20.39,20.39
4762,20.39,20.39,20.39,20.39,20.39,20.39,20.39,20.39,20.39,20.39
4763,20.39,20.39,20.39,20.39,20.39,20.39,20.39,20.39,20.39,20.39
4764,20.39,20.39,20.39,20.39,20.39,20.39,20.39,20.39,20.39,20.39
4765,20.39,20.39,20.39,20.39,20.39,20.39,20.39,20.39,20.39,20.39
4766,20.39,20.39,20.39,20.39,20.39,20.39,20.39,20.39,20.39,20.39
4767,20.39,20.39,20.39,20.39,20.39,20.39,20.39,20.39,20.39,20.39
4768,20.39,20.39,20.39,20.39,20.39,20.39,20.39,20.39,20.39,20.39
4769,20.39,20.39,20.39,20.39,20.39,20.39,20.39,20.39,20.39,20.39
4770,20.39,20.39,20.39,20.39,20.39,20.39,20.39,20.39,20.39,20.39
4771,20.39,20.39,20.39,20.39,20.39,20.39,20.39,20.39,20.39,20.39
4772,20.39,20.39,20.39,20.39,20.39,20.39,20.39,20.39,20.39,20.39
4773,20.39,20.39,20.39,20.39,20.39,20.39,20.39,20.39,20.39,20.39
4774,20.39,20.39,20.39,20.39,20.39,20.39,20.39,20.39,20.39,20.39
4775,20.39,20.39,20.39,20.39,20.39,20.39,20.39,20.39,20.39,20.39
4776,20.39,20.39,20.39,20.39,20.39,20.39,20.39,20.39,20.39,20.39
4777,20.39,20.39,20.39,20.39,20.39,20.39,20.39,20.39,20.39,20.39
4778,20.39,20.39,20.39,20.39,20.39,20.39,20.39,20.39,20.39,20.39
4779,20.39,20.39,20.39,20.39,20.39,20.39,20.39,20.39,20.39,20.39
4780,20.39,20.39,20.39,20.39,20.39,20.39,20.39,20.39,20.39,20.39
4781,20.39,20.39,20.39,20.39,20.39,20.39,20.39,20.39,20.39,20.39
4782,20.39,20.39,20.39,20.39,20.39,20.39,20.39,20.39,20.39,20.39
4783,20.39,20.39,20.39,20.39,20.39,20.39,20.39,20.39,20.39,20.39
4784,20.39,20.39,20.39,20.39,20.39,20.39,20.39,20.39,20.39,20.39
4785,20.39,20.39,20.39,20.39,20.39,20.39,20.39,20.39,20.39,20.39
4786,20.39,20.39,20.39,20.39,20.39,20.39,20.39,20.39,20.39,20.39
4787,20.39,20.39,20.39,20.39,20.39,20.39,20.39,20.39,20.39,20.39
4788,20.39,20.39,20.39,20.39,20.39,20.39,20.39,20.39,20.39,20.39
4789,20.39,20.39,20.39,20.39,20.39,20.39,20.39,20.39,20.39,20.39
4790,20.39,20.39,20.39,20.39,20.39,20.39,20.39,20.39,20.39,20.39
4791,20.39,20.39,20.39,20.39,20.39,20.39,20.39,20.39,20.39,20.39
4792,20.39,20.39,20.39,20.39,20.39,20.39,20.39,20.39,20.39,20.39
4793,20.39,20.39,20.39,20.39,20.39,20.39,20.39,20.39,20.39,20.39
4794,20.39,20.39,20.39,20.39,20.39,20.39,20.39,20.39,20.39,20.39
4795,20.39,20.39,20.39,20.39,20.39,20.39,20.39,20.39,20.39,20.39
4796,20.39,20.39,20.39,20.39,20.39,20.39,20.39,20.39,20.39,20.39
4797,20.39,20.39,20.39,20.39,20.39,20.39,20.39,20.39,20.39,20.39
4798,20.39,20.39,20.39,20.39,20.39,20.39,20.39,20.39,20.39,20.39
4799,20.39,20.39,20.39,20.39,20.39,20.39,20.39,20.39,20.39,20.39
4800,20.39,20.39,20.39,20.39,20.39,20.39,20.39,20.39,20.39,20.39
4801,20.39,20.39,20.39,20.39,20.39,20.39,20.39,20.39,20.39,20.39
4802,20.39,20.39,20.39,20.39,20.39,20.39,20.39,20.39,20.39,20.39
4803,20.39,20.39,20.39,20.39,20.39,20.39,20.39,20.39,20.39,20.39
4804,20.39,20.39,20.39,20.39,20.39,20.39,20.39,20.39,20.39,20.39
4805,20.39,20.39,20.39,20.39,20.39,20.39,20.39,20.39,20.39,20.39
4806,20.39,20.39,20.39,20.39,20.39,20.39,20.39,20.39,20.39,20.39
4807,20.39,20.39,20.39,20.39,20.39,20.39,20.39,20.39,20.39,20.39
4808,20.39,20.39,20.39,20.39,20.39,20.39,20.39,20.39,20.39,20.39
4809,20.39,20.39,20.39,20.39,20.39,20.39,20.39,20.39,20.39,20.39
4810,20.39,20.39,20.39,20.39,20.39,20.39,20.39,20.39,20.39,20.39
4811,20.39,20.39,20.39,20.39,20.39,20.39,20.39,20.39,20.39,20.39
4812,20.39,20.39,20.39,20.39,20.39,20.39,20.39,20.39,20.39,20.39
4813,20.39,20.39,20.39,20.39,20.39,20.39,20.39,20.39,20.39,20.39
4814,20.39,20.39,20.39,20.39,20.39,20.39,20.39,20.39,20.39,20.39
4815,20.39,20.39,20.39,20.39,20.39,20.39,20.39,20.39,20.39,20.39
4816,20.39,20.39,20.39,20.39,20.39,20.39,20.39,20.39,20.39,20.39
4817,20.39,20.39,20.39,20.39,20.39,20.39,20.39,20.39,20.39,20.39
4818,20.39,20.39,20.39,20.39,20.39,20.39,20.39,20.39,20.39,20.39
4819,20.39,20.39,20.39,20.39,20.39,20.39,20.39,20.39,20.39,20.39
4820,20.39,20.39,20.39,20.39,20.39,20.39,20.39,20.39,20.39,20.39
4821,20.39,20.39,20.39,20.39,20.39,20.39,20.39,20.39,20.39,20.39
4822,20.39,20.39,20.39,20.39,20.39,20.39,20.39,20.39,20.39,20.39
4823,20.39,20.39,20.39,20.39,20.39,20.39,20.39,20.39,20.39,20.39
4824,20.39,20.39,20.39,20.39,20.39,20.39,20.39,20.39,20.39,20.39
4825,20.39,20.39,20.39,20.39,20.39,20.39,20.39,20.39,20.39,20.39
4826,20.39,20.39,20.39,20.39,20.39,20.39,20.39,20.39,20.39,20.39
4827,20.39,20.39,20.39,20.39,20.39,20.39,20.39,20.39,20.39,20.39
4828,20.39,20.39,20.39,20.39,20.39,20.39,20.39,20.39,20.39,20.39
4829,20.39,20.39,20.39,20.39,20.39,20.39,20.39,20.39,20.39,20.39
4830,20.39,20.39,20.39,20.39,20.39,20.39,20.39,20.39,20.39,20.39
4831,20.39,20.39,20.39,20.39,20.39,20.39,20.39,20.39,20.39,20.39
4832,20.39,20.39,20.39,20.39,20.39,20.39,20.39,20.39,20.39,20.39
4833,20.39,20.39,20.39,20.39,20.39,20.39,20.39,20.39,20.39,20.39
4834,20.39,20.39,20.39,20.39,20.39,20.39,20.39,20.39,20.39,20.39
4835,20.39,20.39,20.39,20.39,20.39,20.39,20.39,20.39,20.39,20.39
4836,20.39,20.39,20.39,20.39,20.39,20.39,20.39,20.39,20.39,20.39
4837,20.39,20.39,20.39,20.39,20.39,20.39,20.39,20.39,20.39,20.39
4838,20.39,20.39,20.39,20.39,20.39,20.39,20.39,20.39,20.39,20.39
4839,20.39,20.39,20.39,20.39,20.39,20.39,20.39,20.39,20.39,20.39
4840,20.39,20.39,20.39,20.39,20.39,20.39,20.39,20.39,20.39,20.39
4841,20.39,20.39,20.39,20.39,20.39,20.39,20.39,20.39,20.39,20.39
4842,20.39,20.39,20.39,20.39,20.39,20.39,20.39,20.39,20.39,20.39
4843,20.39,20.39,20.39,20.39,20.39,20.39,20.39,20.39,20.39,20.39
4844,20.39,20.39,20.39,20.39,20.39,20.39,20.39,20.39,20.39,20.39
4845,20.39,20.39,20.39,20.39,20.39,20.39,20.39,20.39,20.39,20.39
4846,20.39,20.39,20.39,20.39,20.39,20.39,20.39,20.39,20.39,20.39
4847,20.39,20.39,20.39,20.39,20.39,20.39,20.39,20.39,20.39,20.39
4848,20.39,20.39,20.39,20.39,20.39,20.39,20.39,20.39,20.39,20.39
4849,20.39,20.39,20.39,20.39,20.39,20.39,20.39,20.39,20.39,20.39
4850,20.39,20.39,20.39,20.39,20.39,20.39,20.39,20.39,20.39,20.39
4851,20.39,20.39,20.39,20.39,20.39,20.39,20.39,20.39,20.39,20.39
4852,20.39,20.39,20.39,20.39,20.39,20.39,20.39,20.39,20.39,20.39
4853,20.39,20.39,20.39,20.39,20.39,20.39,20.39,20.39,20.39,20.39
4854,20.39,20.39,20.39,20.39,20.39,20.39,20.39,20.39,20.39,20.39
4855,20.39,20.39,20.39,20.39,20.39,20.39,20.39,20.39,20.39,20.39
4856,20.39,20.39,20.39,20.39,20.39,20.39,20.39,20.39,20.39,20.39
4857,20.39,20.39,20.39,20.39,20.39,20.39,20.39,20.39,20.39,20.39
4858,20.39,20.39,20.39,20.39,20.39,20.39,20.39,20.39,20.39,20.39
4859,20.39,20.39,20.39,20.39,20.39,20.39,20.39,20.39,20.39,20.39
4860,20.39,20.39,20.39,20.39,20.39,20.39,20.39,20.39,20.39,20.39
4861,20.39,20.39,20.39,20.39,20.39,20.39,20.39,20.39,20.39,20.39
4862,20.39,20.39,20.39,20.39,20.39,20.39,20.39,20.39,20.39,20.39
4863,20.39,20.39,20.39,20.39,20.39,20.39,20.39,20.39,20.39,20.39
4864,20.39,20.39,20.39,20.39,20.39,20.39,20.39,20.39,20.39,20.39
4865,20.39,20.39,20.39,20.39,20.39,20.39,20.39,20.39,20.39,20.39
4866,20.39,20.39,20.39,20.39,20.39,20.39,20.39,20.39,20.39,20.39
4867,20.39,20.39,20.39,20.39,20.39,20.39,20.39,20.39,20.39,20.39
4868,20.39,20.39,20.39,20.39,20.39,20.39,20.39,20.39,20.39,20.39
4869,20.39,20.39,20.39,20.39,20.39,20.39,20.39,20.39,20.39,20.39
4870,20.39,20.39,20.39,20.39,20.39,20.39,20.39,20.39,20.39,20.39
4871,20.39,20.39,20.39,20.39,20.39,20.39,20.39,20.39,20.39,20.39
4872,20.39,20.39,20.39,20.39,20.39,20.39,20.39,20.39,20.39,20.39
4873,20.39,20.39,20.39,20.39,20.39,20.39,20.39,20.39,20.39,20.39
4874,20.39,20.39,20.39,20.39,20.39,20.39,20.39,20.39,20.39,20.39
4875,20.39,20.39,20.39,20.39,20.39,20.39,20.39,20.39,20.39,20.39
4876,20.39,20.39,20.39,20.39,20.39,20.39,20.39,20.39,20.39,20.39
4877,20.39,20.39,20.39,20.39,20.39,20.39,20.39,20.39,20.39,20.39
4878,20.39,20.39,20.39,20.39,20.39,20.39,20.39,20.39,20.39,20.39
4879,20.39,20.39,20.39,20.39,20.39,20.39,20.39,20.39,20.39,20.39
4880,20.39,20.39,20.39,20.39,20.39,20.39,20.39,20.39,20.39,20.39
4881,20.39,20.39,20.39,20.39,20.39,20.39,20.39,20.39,20.39,20.39
4882,20.39,20.39,20.39,20.39,20.39,20.39,20.39,20.39,20.39,20.39
4883,20.39,20.39,20.39,20.39,20.39,20.39,20.39,20.39,20.39,20.39
4884,20.39,20.39,20.39,20.39,20.39,20.39,20.39,20.39,20.39,20.39
4885,20.39,20.39,20.39,20.39,20.39,20.39,20.39,20.39,20.39,20.39
4886,20.39,20.39,20.39,20.39,20.39,20.39,20.39,20.39,20.39,20.39
4887,20.39,20.39,20.39,20.39,20.39,20.39,20.39,20.39,20.39,20.39
4888,20.39,20.39,20.39,20.39,20.39,20.39,20.39,20.39,20.39,20.39
4889,20.39,20.39,20.39,20.39,20.39,20.39,20.39,20.39,20.39,20.39
4890,20.39,20.39,20.39,20.39,20.39,20.39,20.39,20.39,20.39,20.39
4891,20.39,20.39,20.39,20.39,20.39,20.39,20.39,20.39,20.39,20.39
4892,20.39,20.39,20.39,20.39,20.39,20.39,20.39,20.39,20.39,20.39
4893,20.39,20.39,20.39,20.39,20.39,20.39,20.39,20.39,20.39,20.39
4894,20.39,20.39,20.39,20.39,20.39,20.39,20.39,20.39,20.39,20.39
4895,20.39,20.39,20.39,20.39,20.39,20.39,20.39,20.39,20.39,20.39
4896,20.39,20.39,20.39,20.39,20.39,20.39,20.39,20.39,20.39,20.39
4897,20.39,20.39,20.39,20.39,20.39,20.39,20.39,20.39,20.39,20.39
4898,20.39,20.39,20.39,20.39,20.39,20.39,20.39,20.39,20.39,20.39
4899,20.39,20.39,20.39,20.39,20.39,20.39,20.39,20.39,20.39,20.39
4900,20.39,20.39,20.39,20.39,20.39,20.39,20.39,20.39,20.39,20.39
4901,20.39,20.39,20.39,20.39,20.39,20.39,20.39,20.39,20.39,20.39
4902,20.39,20.39,20.39,20.39,20.39,20.39,20.39,20.39,20.39,20.39
4903,20.39,20.39,20.39,20.39,20.39,20.39,20.39,20.39,20.39,20.39
4904,20.39,20.39,20.39,20.39,20.39,20.39,20.39,20.39,20.39,20.39
4905,20.39,20.39,20.39,20.39,20.39,20.39,20.39,20.39,20.39,20.39
4906,20.39,20.39,20.39,20.39,20.39,20.39,20.39,20.39,20.39,20.39
4907,20.39,20.39,20.39,20.39,20.39,20.39,20.39,20.39,20.39,20.39
4908,20.39,20.39,20.39,20.39,20.39,20.39,20.39,20.39,20.39,20.39
4909,20.39,20.39,20.39,20.39,20.39,20.39,20.39,20.39,20.39,20.39
4910,20.39,20.39,20.39,20.39,20.39,20.39,20.39,20.39,20.39,20.39
4911,20.39,20.39,20.39,20.39,20.39,20.39,20.39,20.39,20.39,20.39
4912,20.39,20.39,20.39,20.39,20.39,20.39,20.39,20.39,20.39,20.39
4913,20.39,20.39,20.39,20.39,20.39,20.39,20.39,20.39,20.39,20.39
4914,20.39,20.39,20.39,20.39,20.39,20.39,20.39,20.39,20.39,20.39
4915,20.39,20.39,20.39,20.39,20.39,20.39,20.39,20.39,20.39,20.39
4916,20.39,20.39,20.39,20.39,20.39,20.39,20.39,20.39,20.39,20.39
4917,20.39,20.39,20.39,20.39,20.39,20.39,20.39,20.39,20.39,20.39
4918,20.39,20.39,20.39,20.39,20.39,20.39,20.39,20.39,20.39,20.39
4919,20.39,20.39,20.39,20.39,20.39,20.39,20.39,20.39,20.39,20.39
4920,20.39,20.39,20.39,20.39,20.39,20.39,20.39,20.39,20.39,20.39
4921,20.39,20.39,20.39,20.39,20.39,20.39,20.39,20.39,20.39,20.39
4922,20.39,20.39,20.39,20.39,20.39,20.39,20.39,20.39,20.39,20.39
4923,20.39,20.39,20.39,20.39,20.39,20.39,20.39,20.39,20.39,20.39
4924,20.39,20.39,20.39,20.39,20.39,20.39,20.39,20.39,20.39,20.39
4925,20.39,20.39,20.39,20.39,20.39,20.39,20.39,20.39,20.39,20.39
4926,20.39,20.39,20.39,20.39,20.39,20.39,20.39,20.39,20.39,20.39
4927,20.39,20.39,20.39,20.39,20.39,20.39,20.39,20.39,20.39,20.39
4928,20.39,20.39,20.39,20.39,20.39,20.39,20.39,20.39,20.39,20.39
4929,20.39,20.39,20.39,20.39,20.39,20.39,20.39,20.39,20.39,20.39
4930,20.39,20.39,20.39,20.39,20.39,20.39,20.39,20.39,20.39,20.39
4931,20.39,20.39,20.39,20.39,20.39,20.39,20.39,20.39,20.39,20.39
4932,20.39,20.39,20.39,20.39,20.39,20.39,20.39,20.39,20.39,20.39
4933,20.39,20.39,20.39,20.39,20.39,20.39,20.39,20.39,20.39,20.39
4934,20.39,20.39,20.39,20.39,20.39,20.39,20.39,20.39,20.39,20.39
4935,20.39,20.39,20.39,20.39,20.39,20.39,20.39,20.39,20.39,20.39
4936,20.39,20.39,20.39,20.39,20.39,20.39,20.39,20.39,20.39,20.39
4937,20.39,20.39,20.39,20.39,20.39,20.39,20.39,20.39,20.39,20.39
4938,20.39,20.39,20.39,20.39,20.39,20.39,20.39,20.39,20.39,20.39
4939,20.39,20.39,20.39,20.39,20.39,20.39,20.39,20.39,20.39,20.39
4940,20.39,20.39,20.39,20.39,20.39,20.39,20.39,20.39,20.39,20.39
4941,20.39,20.39,20.39,20.39,20.39,20.39,20.39,20.39,20.39,20.39
4942,20.39,20.39,20.39,20.39,20.39,20.39,20.39,20.39,20.39,20.39
4943,20.39,20.39,20.39,20.39,20.39,20.39,20.39,20.39,20.39,20.39
4944,20.39,20.39,20.39,20.39,20.39,20.39,20.39,20.39,20.39,20.39
4945,20.39,20.39,20.39,20.39,20.39,20.39,20.39,20.39,20.39,20.39
4946,20.39,20.39,20.39,20.39,20.39,20.39,20.39,20.39,20.39,20.39
4947,20.39,20.39,20.39,20.39,20.39,20.39,20.39,20.39,20.39,20.39
4948,20.39,20.39,20.39,20.39,20.39,20.39,20.39,20.39,20.39,20.39
4949,20.39,20.39,20.39,20.39,20.39,20.39,20.39,20.39,20.39,20.39
4950,20.39,20.39,20.39,20.39,20.39,20.39,20.39,20.39,20.39,20.39
4951,20.39,20.39,20.39,20.39,20.39,20.39,20.39,20.39,20.39,20.39
4952,20.39,20.39,20.39,20.39,20.39,20.39,20.39,20.39,20.39,20.39
4953,20.39,20.39,20.39,20.39,20.39,20.39,20.39,20.39,20.39,20.39
4954,20.39,20.39,20.39,20.39,20.39,20.39,20.39,20.39,20.39,20.39
4955,20.39,20.39,20.39,20.39,20.39,20.39,20.39,20.39,20.39,20.39
4956,20.39,20.39,20.39,20.39,20.39,20.39,20.39,20.39,20.39,20.39
4957,20.39,20.39,20.39,20.39,20.39,20.39,20.39,20.39,20.39,20.39
4958,20.39,20.39,20.39,20.39,20.39,20.39,20.39,20.39,20.39,20.39
4959,20.39,20.39,20.39,20.39,20.39,20.39,20.39,20.39,20.39,20.39
4960,20.39,20.39,20.39,20.39,20.39,20.39,20.39,20.39,20.39,20.39
4961,20.39,20.39,20.39,20.39,20.39,20.39,20.39,20.39,20.39,20.39
4962,20.39,20.39,20.39,20.39,20.39,20.39,20.39,20.39,20.39,20.39
4963,20.39,20.39,20.39,20.39,20.39,20.39,20.39,20.39,20.39,20.39
4964,20.39,20.39,20.39,20.39,20.39,20.39,20.39,20.39,20.39,20.39
4965,20.39,20.39,20.39,20.39,20.39,20.39,20.39,20.39,20.39,20.39
4966,20.39,20.39,20.39,20.39,20.39,20.39,20.39,20.39,20.39,20.39
4967,20.39,20.39,20.39,20.39,20.39,20.39,20.39,20.39,20.39,20.39
4968,20.39,20.39,20.39,20.39,20.39,20.39,20.39,20.39,20.39,20.39
4969,20.39,20.39,20.39,20.39,20.39,20.39,20.39,20.39,20.39,20.39
4970,20.39,20.39,20.39,20.39,20.39,20.39,20.39,20.39,20.39,20.39
4971,20.39,20.39,20.39,20.39,20.39,20.39,20.39,20.39,20.39,20.39
4972,20.39,20.39,20.39,20.39,20.39,20.39,20.39,20.39,20.39,20.39
4973,20.39,20.39,20.39,20.39,20.39,20.39,20.39,20.39,20.39,20.39
4974,20.39,20.39,20.39,20.39,20.39,20.39,20.39,20.39,20.39,20.39
4975,20.39,20.39,20.39,20.39,20.39,20.39,20.39,20.39,20.39,20.39
4976,20.39,20.39,20.39,20.39,20.39,20.39,20.39,20.39,20.39,20.39
4977,20.39,20.39,20.39,20.39,20.39,20.39,20.39,20.39,20.39,20.39
4978,20.39,20.39,20.39,20.39,20.39,20.39,20.39,20.39,20.39,20.39
4979,20.39,20.39,20.39,20.39,20.39,20.39,20.39,20.39,20.39,20.39
4980,20.39,20.39,20.39,20.39,20.39,20.39,20.39,20.39,20.39,20.39
4981,20.39,20.39,20.39,20.39,20.39,20.39,20.39,20.39,20.39,20.39
4982,20.39,20.39,20.39,20.39,20.39,20.39,20.39,20.39,20.39,20.39
4983,20.39,20.39,20.39,20.39,20.39,20.39,20.39,20.39,20.39,20.39
4984,20.39,20.39,20.39,20.39,20.39,20.39,20.39,20.39,20.39,20.39
4985,20.39,20.39,20.39,20.39,20.39,20.39,20.39,20.39,20.39,20.39
4986,20.39,20.39,20.39,20.39,20.39,20.39,20.39,20.39,20.39,20.39
4987,20.39,20.39,20.39,20.39,20.39,20.39,20.39,20.39,20.39,20.39
4988,20.39,20.39,20.39,20.39,20.39,20.39,20.39,20.39,20.39,20.39
4989,20.39,20.39,20.39,20.39,20.39,20.39,20.39,20.39,20.39,20.39
4990,20.39,20.39,20.39,20.39,20.39,20.39,20.39,20.39,20.39,20.39
4991,20.39,20.39,20.39,20.39,20.39,20.39,20.39,20.39,20.39,20.39
4992,20.39,20.39,20.39,20.39,20.39,20.39,20.39,20.39,20.39,20.39
4993,20.39,20.39,20.39,20.39,20.39,20.39,20.39,20.39,20.39,20.39
4994,20.39,20.39,20.39,20.39,20.39,20.39,20.39,20.39,20.39,20.39
4995,20.39,20.39,20.39,20.39,20.39,20.39,20.39,20.39,20.39,20.39
4996,20.39,20.39,20.39,20.39,20.39,20.39,20.39,20.39,20.39,20.39
4997,20.39,20.39,20.39,20.39,20.39,20.39,20.39,20.39,20.39,20.39
4998,20.39,20.39,20.39,20.39,20.39,20.39,20.39,20.39,20.39,20.39
4999,20.39,20.39,20.39,20.39,20.39,20.39,20.39,20.39,20.39,20.39
5000,20.39,20.39,20.39,20.39,20.39,20.39,20.39,20.39,20.39,20.39
5001,20.39,20.39,20.39,20.39,20.39,20.39,20.39,20.39,20.39,20.39
5002,20.39,20.39,20.39,20.39,20.39,20.39,20.39,20.39,20.39,20.39
5003,20.39,20.39,20.39,20.39,20.39,20.39,20.39,20.39,20.39,20.39
5004,20.39,20.39,20.39,20.39,20.39,20.39,20.39,20.39,20.39,20.39
5005,20.39,20.39,20.39,20.39,20.39,20.39,20.39,20.39,20.39,20.39
5006,20.39,20.39,20.39,20.39,20.39,20.39,20.39,20.39,20.39,20.39
5007,20.39,20.39,20.39,20.39,20.39,20.39,20.39,20.39,20.39,20.39
5008,20.39,20.39,20.39,20.39,20.39,20.39,20.39,20.39,20.39,20.39
5009,20.39,20.39,20.39,20.39,20.39,20.39,20.39,20.39,20.39,20.39
5010,20.39,20.39,20.39,20.39,20.39,20.39,20.39,20.39,20.39,20.39
5011,20.39,20.39,20.39,20.39,20.39,20.39,20.39,20.39,20.39,20.39
5012,20.39,20.39,20.39,20.39,20.39,20.39,20.39,20.39,20.39,20.39
5013,20.39,20.39,20.39,20.39,20.39,20.39,20.39,20.39,20.39,20.39
5014,20.39,20.39,20.39,20.39,20.39,20.39,20.39,20.39,20.39,20.39
5015,20.39,20.39,20.39,20.39,20.39,20.39,20.39,20.39,20.39,20.39
5016,20.39,20.39,20.39,20.39,20.39,20.39,20.39,20.39,20.39,20.39
5017,20.39,20.39,20.39,20.39,20.39,20.39,20.39,20.39,20.39,20.39
5018,20.39,20.39,20.39,20.39,20.39,20.39,20.39,20.39,20.39,20.39
5019,20.39,20.39,20.39,20.39,20.39,20.39,20.39,20.39,20.39,20.39
5020,20.39,20.39,20.39,20.39,20.39,20.39,20.39,20.39,20.39,20.39
5021,20.39,20.39,20.39,20.39,20.39,20.39,20.39,20.39,20.39,20.39
5022,20.39,20.39,20.39,20.39,20.39,20.39,20.39,20.39,20.39,20.39
5023,20.39,20.39,20.39,20.39,20.39,20.39,20.39,20.39,20.39,20.39
5024,20.39,20.39,20.39,20.39,20.39,20.39,20.39,20.39,20.39,20.39
5025,20.39,20.39,20.39,20.39,20.39,20.39,20.39,20.39,20.39,20.39
5026,20.39,20.39,20.39,20.39,20.39,20.39,20.39,20.39,20.39,20.39
5027,20.39,20.39,20.39,20.39,20.39,20.39,20.39,20.39,20.39,20.39
5028,20.39,20.39,20.39,20.39,20.39,20.39,20.39,20.39,20.39,20.39
5029,20.39,20.39,20.39,20.39,20.39,20.39,20.39,20.39,20.39,20.39
5030,20.39,20.39,20.39,20.39,20.39,20.39,20.39,20.39,20.39,20.39
5031,20.39,20.39,20.39,20.39,20.39,20.39,20.39,20.39,20.39,20.39
5032,20.39,20.39,20.39,20.39,20.39,20.39,20.39,20.39,20.39,20.39
5033,20.39,20.39,20.39,20.39,20.39,20.39,20.39,20.39,20.39,20.39
5034,20.39,20.39,20.39,20.39,20.39,20.39,20.39,20.39,20.39,20.39
5035,20.39,20.39,20.39,20.39,20.39,20.39,20.39,20.39,20.39,20.39
5036,20.39,20.39,20.39,20.39,20.39,20.39,20.39,20.39,20.39,20.39
5037,20.39,20.39,20.39,20.39,20.39,20.39,20.39,20.39,20.39,20.39
5038,20.39,20.39,20.39,20.39,20.39,20.39,20.39,20.39,20.39,20.39
5039,20.39,20.39,20.39,20.39,20.39,20.39,20.39,20.39,20.39,20.39
5040,20.39,20.39,20.39,20.39,20.39,20.39,20.39,20.39,20.39,20.39
5041,20.39,20.39,20.39,20.39,20.39,20.39,20.39,20.39,20.39,20.39
5042,20.39,20.39,20.39,20.39,20.39,20.39,20.39,20.39,20.39,20.39
5043,20.39,20.39,20.39,20.39,20.39,20.39,20.39,20.39,20.39,20.39
5044,20.39,20.39,20.39,20.39,20.39,20.39,20.39,20.39,20.39,20.39
5045,20.39,20.39,20.39,20.39,20.39,20.39,20.39,20.39,20.39,20.39
5046,20.39,20.39,20.39,20.39,20.39,20.39,20.39,20.39,20.39,20.39
5047,20.39,20.39,20.39,20.39,20.39,20.39,20.39,20.39,20.39,20.39
5048,20.39,20.39,20.39,20.39,20.39,20.39,20.39,20.39,20.39,20.39
5049,20.39,20.39,20.39,20.39,20.39,20.39,20.39,20.39,20.39,20.39
5050,20.39,20.39,20.39,20.39,20.39,20.39,20.39,20.39,20.39,20.39
5051,20.39,20.39,20.39,20.39,20.39,20.39,20.39,20.39,20.39,20.39
5052,20.39,20.39,20.39,20.39,20.39,20.39,20.39,20.39,20.39,20.39
5053,20.39,20.39,20.39,20.39,20.39,20.39,20.39,20.39,20.39,20.39
5054,20.39,20.39,20.39,20.39,20.39,20.39,20.39,20.39,20.39,20.39
5055,20.39,20.39,20.39,20.39,20.39,20.39,20.39,20.39,20.39,20.39
5056,20.39,20.39,20.39,20.39,20.39,20.39,20.39,20.39,20.39,20.39
5057,20.39,20.39,20.39,20.39,20.39,20.39,20.39,20.39,20.39,20.39
5058,20.39,20.39,20.39,20.39,20.39,20.39,20.39,20.39,20.39,20.39
5059,20.39,20.39,20.39,20.39,20.39,20.39,20.39,20.39,20.39,20.39
5060,20.39,20.39,20.39,20.39,20.39,20.39,20.39,20.39,20.39,20.39
5061,20.39,20.39,20.39,20.39,20.39,20.39,20.39,20.39,20.39,20.39
5062,20.39,20.39,20.39,20.39,20.39,20.39,20.39,20.39,20.39,20.39
5063,20.39,20.39,20.39,20.39,20.39,20.39,20.39,20.39,20.39,20.39
5064,20.39,20.39,20.39,20.39,20.39,20.39,20.39,20.39,20.39,20.39
5065,20.39,20.39,20.39,20.39,20.39,20.39,20.39,20.39,20.39,20.39
5066,20.39,20.39,20.39,20.39,20.39,20.39,20.39,20.39,20.39,20.39
5067,20.39,20.39,20.39,20.39,20.39,20.39,20.39,20.39,20.39,20.39
5068,20.39,20.39,20.39,20.39,20.39,20.39,20.39,20.39,20.39,20.39
5069,20.39,20.39,20.39,20.39,20.39,20.39,20.39,20.39,20.39,20.39
5070,20.39,20.39,20.39,20.39,20.39,20.39,20.39,20.39,20.39,20.39
5071,20.39,20.39,20.39,20.39,20.39,20.39,20.39,20.39,20.39,20.39
5072,20.39,20.39,20.39,20.39,20.39,20.39,20.39,20.39,20.39,20.39
5073,20.39,20.39,20.39,20.39,20.39,20.39,20.39,20.39,20.39,20.39
5074,20.39,20.39,20.39,20.39,20.39,20.39,20.39,20.39,20.39,20.39
5075,20.39,20.39,20.39,20.39,20.39,20.39,20.39,20.39,20.39,20.39
5076,20.39,20.39,20.39,20.39,20.39,20.39,20.39,20.39,20.39,20.39
5077,20.39,20.39,20.39,20.39,20.39,20.39,20.39,20.39,20.39,20.39
5078,20.39,20.39,20.39,20.39,20.39,20.39,20.39,20.39,20.39,20.39
5079,20.39,20.39,20.39,20.39,20.39,20.39,20.39,20.39,20.39,20.39
5080,20.39,20.39,20.39,20.39,20.39,20.39,20.39,20.39,20.39,20.39
5081,20.39,20.39,20.39,20.39,20.39,20.39,20.39,20.39,20.39,20.39
5082,20.39,20.39,20.39,20.39,20.39,20.39,20.39,20.39,20.39,20.39
5083,20.39,20.39,20.39,20.39,20.39,20.39,20.39,20.39,20.39,20.39
5084,20.39,20.39,20.39,20.39,20.39,20.39,20.39,20.39,20.39,20.39
5085,20.39,20.39,20.39,20.39,20.39,20.39,20.39,20.39,20.39,20.39
5086,20.39,20.39,20.39,20.39,20.39,20.39,20.39,20.39,20.39,20.39
5087,20.39,20.39,20.39,20.39,20.39,20.39,20.39,20.39,20.39,20.39
5088,20.39,20.39,20.39,20.39,20.39,20.39,20.39,20.39,20.39,20.39
5089,20.39,20.39,20.39,20.39,20.39,20.39,20.39,20.39,20.39,20.39
5090,20.39,20.39,20.39,20.39,20.39,20.39,20.39,20.39,20.39,20.39
5091,20.39,20.39,20.39,20.39,20.39,20.39,20.39,20.39,20.39,20.39
5092,20.39,20.39,20.39,20.39,20.39,20.39,20.39,20.39,20.39,20.39
5093,20.39,20.39,20.39,20.39,20.39,20.39,20.39,20.39,20.39,20.39
5094,20.39,20.39,20.39,20.39,20.39,20.39,20.39,20.39,20.39,20.39
5095,20.39,20.39,20.39,20.39,20.39,20.39,20.39,20.39,20.39,20.39
5096,20.39,20.39,20.39,20.39,20.39,20.39,20.39,20.39,20.39,20.39
5097,20.39,20.39,20.39,20.39,20.39,20.39,20.39,20.39,20.39,20.39
5098,20.39,20.39,20.39,20.39,20.39,20.39,20.39,20.39,20.39,20.39
5099,20.39,20.39,20.39,20.39,20.39,20.39,20.39,20.39,20.39,20.39
5100,20.39,20.39,20.39,20.39,20.39,20.39,20.39,20.39,20.39,20.39
5101,20.39,20.39,20.39,20.39,20.39,20.39,20.39,20.39,20.39,20.39
5102,20.39,20.39,20.39,20.39,20.39,20.39,20.39,20.39,20.39,20.39
5103,20.39,20.39,20.39,20.39,20.39,20.39,20.39,20.39,20.39,20.39
5104,20.39,20.39,20.39,20.39,20.39,20.39,20.39,20.39,20.39,20.39
5105,20.39,20.39,20.39,20.39,20.39,20.39,20.39,20.39,20.39,20.39
5106,20.39,20.39,20.39,20.39,20.39,20.39,20.39,20.39,20.39,20.39
5107,20.39,20.39,20.39,20.39,20.39,20.39,20.39,20.39,20.39,20.39
5108,20.39,20.39,20.39,20.39,20.39,20.39,20.39,20.39,20.39,20.39
5109,20.39,20.39,20.39,20.39,20.39,20.39,20.39,20.39,20.39,20.39
5110,20.39,20.39,20.39,20.39,20.39,20.39,20.39,20.39,20.39,20.39
5111,20.39,20.39,20.39,20.39,20.39,20.39,20.39,20.39,20.39,20.39
5112,20.39,20.39,20.39,20.39,20.39,20.39,20.39,20.39,20.39,20.39
5113,20.39,20.39,20.39,20.39,20.39,20.39,20.39,20.39,20.39,20.39
5114,20.39,20.39,20.39,20.39,20.39,20.39,20.39,20.39,20.39,20.39
5115,20.39,20.39,20.39,20.39,20.39,20.39,20.39,20.39,20.39,20.39
5116,20.39,20.39,20.39,20.39,20.39,20.39,20.39,20.39,20.39,20.39
5117,20.39,20.39,20.39,20.39,20.39,20.39,20.39,20.39,20.39,20.39
5118,20.39,20.39,20.39,20.39,20.39,20.39,20.39,20.39,20.39,20.39
5119,20.39,20.39,20.39,20.39,20.39,20.39,20.39,20.39,20.39,20.39
5120,20.39,20.39,20.39,20.39,20.39,20.39,20.39,20.39,20.39,20.39
5121,20.39,20.39,20.39,20.39,20.39,20.39,20.39,20.39,20.39,20.39
5122,20.39,20.39,20.39,20.39,20.39,20.39,20.39,20.39,20.39,20.39
5123,20.39,20.39,20.39,20.39,20.39,20.39,20.39,20.39,20.39,20.39
5124,20.39,20.39,20.39,20.39,20.39,20.39,20.39,20.39,20.39,20.39
5125,20.39,20.39,20.39,20.39,20.39,20.39,20.39,20.39,20.39,20.39
5126,20.39,20.39,20.39,20.39,20.39,20.39,20.39,20.39,20.39,20.39
5127,20.39,20.39,20.39,20.39,20.39,20.39,20.39,20.39,20.39,20.39
5128,20.39,20.39,20.39,20.39,20.39,20.39,20.39,20.39,20.39,20.39
5129,20.39,20.39,20.39,20.39,20.39,20.39,20.39,20.39,20.39,20.39
5130,20.39,20.39,20.39,20.39,20.39,20.39,20.39,20.39,20.39,20.39
5131,20.39,20.39,20.39,20.39,20.39,20.39,20.39,20.39,20.39,20.39
5132,20.39,20.39,20.39,20.39,20.39,20.39,20.39,20.39,20.39,20.39
5133,20.39,20.39,20.39,20.39,20.39,20.39,20.39,20.39,20.39,20.39
5134,20.39,20.39,20.39,20.39,20.39,20.39,20.39,20.39,20.39,20.39
5135,20.39,20.39,20.39,20.39,20.39,20.39,20.39,20.39,20.39,20.39
5136,20.39,20.39,20.39,20.39,20.39,20.39,20.39,20.39,20.39,20.39
5137,20.39,20.39,20.39,20.39,20.39,20.39,20.39,20.39,20.39,20.39
5138,20.39,20.39,20.39,20.39,20.39,20.39,20.39,20.39,20.39,20.39
5139,20.39,20.39,20.39,20.39,20.39,20.39,20.39,20.39,20.39,20.39
5140,20.39,20.39,20.39,20.39,20.39,20.39,20.39,20.39,20.39,20.39
5141,20.39,20.39,20.39,20.39,20.39,20.39,20.39,20.39,20.39,20.39
5142,20.39,20.39,20.39,20.39,20.39,20.39,20.39,20.39,20.39,20.39
5143,20.39,20.39,20.39,20.39,20.39,20.39,20.39,20.39,20.39,20.39
5144,20.39,20.39,20.39,20.39,20.39,20.39,20.39,20.39,20.39,20.39
5145,20.39,20.39,20.39,20.39,20.39,20.39,20.39,20.39,20.39,20.39
5146,20.39,20.39,20.39,20.39,20.39,20.39,20.39,20.39,20.39,20.39
5147,20.39,20.39,20.39,20.39,20.39,20.39,20.39,20.39,20.39,20.39
5148,20.39,20.39,20.39,20.39,20.39,20.39,20.39,20.39,20.39,20.39
5149,20.39,20.39,20.39,20.39,20.39,20.39,20.39,20.39,20.39,20.39
5150,20.39,20.39,20.39,20.39,20.39,20.39,20.39,20.39,20.39,20.39
5151,20.39,20.39,20.39,20.39,20.39,20.39,20.39,20.39,20.39,20.39
5152,20.39,20.39,20.39,20.39,20.39,20.39,20.39,20.39,20.39,20.39
5153,20.39,20.39,20.39,20.39,20.39,20.39,20.39,20.39,20.39,20.39
5154,20.39,20.39,20.39,20.39,20.39,20.39,20.39,20.39,20.39,20.39
5155,20.39,20.39,20.39,20.39,20.39,20.39,20.39,20.39,20.39,20.39
5156,20.39,20.39,20.39,20.39,20.39,20.39,20.39,20.39,20.39,20.39
5157,20.39,20.39,20.39,20.39,20.39,20.39,20.39,20.39,20.39,20.39
5158,20.39,20.39,20.39,20.39,20.39,20.39,20.39,20.39,20.39,20.39
5159,20.39,20.39,20.39,20.39,20.39,20.39,20.39,20.39,20.39,20.39
5160,20.39,20.39,20.39,20.39,20.39,20.39,20.39,20.39,20.39,20.39
5161,20.39,20.39,20.39,20.39,20.39,20.39,20.39,20.39,20.39,20.39
5162,20.39,20.39,20.39,20.39,20.39,20.39,20.39,20.39,20.39,20.39
5163,20.39,20.39,20.39,20.39,20.39,20.39,20.39,20.39,20.39,20.39
5164,20.39,20.39,20.39,20.39,20.39,20.39,20.39,20.39,20.39,20.39
5165,20.39,20.39,20.39,20.39,20.39,20.39,20.39,20.39,20.39,20.39
5166,20.39,20.39,20.39,20.39,20.39,20.39,20.39,20.39,20.39,20.39
5167,20.39,20.39,20.39,20.39,20.39,20.39,20.39,20.39,20.39,20.39
5168,20.39,20.39,20.39,20.39,20.39,20.39,20.39,20.39,20.39,20.39
5169,20.39,20.39,20.39,20.39,20.39,20.39,20.39,20.39,20.39,20.39
5170,20.39,20.39,20.39,20.39,20.39,20.39,20.39,20.39,20.39,20.39
5171,20.39,20.39,20.39,20.39,20.39,20.39,20.39,20.39,20.39,20.39
5172,20.39,20.39,20.39,20.39,20.39,20.39,20.39,20.39,20.39,20.39
5173,20.39,20.39,20.39,20.39,20.39,20.39,20.39,20.39,20.39,20.39
5174,20.39,20.39,20.39,20.39,20.39,20.39,20.39,20.39,20.39,20.39
5175,20.39,20.39,20.39,20.39,20.39,20.39,20.39,20.39,20.39,20.39
5176,20.39,20.39,20.39,20.39,20.39,20.39,20.39,20.39,20.39,20.39
5177,20.39,20.39,20.39,20.39,20.39,20.39,20.39,20.39,20.39,20.39
5178,20.39,20.39,20.39,20.39,20.39,20.39,20.39,20.39,20.39,20.39
5179,20.39,20.39,20.39,20.39,20.39,20.39,20.39,20.39,20.39,20.39
5180,20.39,20.39,20.39,20.39,20.39,20.39,20.39,20.39,20.39,20.39
5181,20.39,20.39,20.39,20.39,20.39,20.39,20.39,20.39,20.39,20.39
5182,20.39,20.39,20.39,20.39,20.39,20.39,20.39,20.39,20.39,20.39
5183,20.39,20.39,20.39,20.39,20.39,20.39,20.39,20.39,20.39,20.39
5184,20.39,20.39,20.39,20.39,20.39,20.39,20.39,20.39,20.39,20.39
5185,20.39,20.39,20.39,20.39,20.39,20.39,20.39,20.39,20.39,20.39
5186,20.39,20.39,20.39,20.39,20.39,20.39,20.39,20.39,20.39,20.39
5187,20.39,20.39,20.39,20.39,20.39,20.39,20.39,20.39,20.39,20.39
5188,20.39,20.39,20.39,20.39,20.39,20.39,20.39,20.39,20.39,20.39
5189,20.39,20.39,20.39,20.39,20.39,20.39,20.39,20.39,20.39,20.39
5190,20.39,20.39,20.39,20.39,20.39,20.39,20.39,20.39,20.39,20.39
5191,20.39,20.39,20.39,20.39,20.39,20.39,20.39,20.39,20.39,20.39
5192,20.39,20.39,20.39,20.39,20.39,20.39,20.39,20.39,20.39,20.39
5193,20.39,20.39,20.39,20.39,20.39,20.39,20.39,20.39,20.39,20.39
5194,20.39,20.39,20.39,20.39,20.39,20.39,20.39,20.39,20.39,20.39
5195,20.39,20.39,20.39,20.39,20.39,20.39,20.39,20.39,20.39,20.39
5196,20.39,20.39,20.39,20.39,20.39,20.39,20.39,20.39,20.39,20.39
5197,20.39,20.39,20.39,20.39,20.39,20.39,20.39,20.39,20.39,20.39
5198,20.39,20.39,20.39,20.39,20.39,20.39,20.39,20.39,20.39,20.39
5199,20.39,20.39,20.39,20.39,20.39,20.39,20.39,20.39,20.39,20.39
5200,20.39,20.39,20.39,20.39,20.39,20.39,20.39,20.39,20.39,20.39
5201,20.39,20.39,20.39,20.39,20.39,20.39,20.39,20.39,20.39,20.39
5202,20.39,20.39,20.39,20.39,20.39,20.39,20.39,20.39,20.39,20.39
5203,20.39,20.39,20.39,20.39,20.39,20.39,20.39,20.39,20.39,20.39
5204,20.39,20.39,20.39,20.39,20.39,20.39,20.39,20.39,20.39,20.39
5205,20.39,20.39,20.39,20.39,20.39,20.39,20.39,20.39,20.39,20.39
5206,20.39,20.39,20.39,20.39,20.39,20.39,20.39,20.39,20.39,20.39
5207,20.39,20.39,20.39,20.39,20.39,20.39,20.39,20.39,20.39,20.39
5208,20.39,20.39,20.39,20.39,20.39,20.39,20.39,20.39,20.39,20.39
5209,20.39,20.39,20.39,20.39,20.39,20.39,20.39,20.39,20.39,20.39
5210,20.39,20.39,20.39,20.39,20.39,20.39,20.39,20.39,20.39,20.39
5211,20.39,20.39,20.39,20.39,20.39,20.39,20.39,20.39,20.39,20.39
5212,20.39,20.39,20.39,20.39,20.39,20.39,20.39,20.39,20.39,20.39
5213,20.39,20.39,20.39,20.39,20.39,20.39,20.39,20.39,20.39,20.39
5214,20.39,20.39,20.39,20.39,20.39,20.39,20.39,20.39,20.39,20.39
5215,20.39,20.39,20.39,20.39,20.39,20.39,20.39,20.39,20.39,20.39
5216,20.39,20.39,20.39,20.39,20.39,20.39,20.39,20.39,20.39,20.39
5217,20.39,20.39,20.39,20.39,20.39,20.39,20.39,20.39,20.39,20.39
5218,20.39,20.39,20.39,20.39,20.39,20.39,20.39,20.39,20.39,20.39
5219,20.39,20.39,20.39,20.39,20.39,20.39,20.39,20.39,20.39,20.39
5220,20.39,20.39,20.39,20.39,20.39,20.39,20.39,20.39,20.39,20.39
5221,20.39,20.39,20.39,20.39,20.39,20.39,20.39,20.39,20.39,20.39
5222,20.39,20.39,20.39,20.39,20.39,20.39,20.39,20.39,20.39,20.39
5223,20.39,20.39,20.39,20.39,20.39,20.39,20.39,20.39,20.39,20.39
5224,20.39,20.39,20.39,20.39,20.39,20.39,20.39,20.39,20.39,20.39
5225,20.39,20.39,20.39,20.39,20.39,20.39,20.39,20.39,20.39,20.39
5226,20.39,20.39,20.39,20.39,20.39,20.39,20.39,20.39,20.39,20.39
5227,20.39,20.39,20.39,20.39,20.39,20.39,20.39,20.39,20.39,20.39
5228,20.39,20.39,20.39,20.39,20.39,20.39,20.39,20.39,20.39,20.39
5229,20.39,20.39,20.39,20.39,20.39,20.39,20.39,20.39,20.39,20.39
5230,20.39,20.39,20.39,20.39,20.39,20.39,20.39,20.39,20.39,20.39
5231,20.39,20.39,20.39,20.39,20.39,20.39,20.39,20.39,20.39,20.39
5232,20.39,20.39,20.39,20.39,20.39,20.39,20.39,20.39,20.39,20.39
5233,20.39,20.39,20.39,20.39,20.39,20.39,20.39,20.39,20.39,20.39
5234,20.39,20.39,20.39,20.39,20.39,20.39,20.39,20.39,20.39,20.39
5235,20.39,20.39,20.39,20.39,20.39,20.39,20.39,20.39,20.39,20.39
5236,20.39,20.39,20.39,20.39,20.39,20.39,20.39,20.39,20.39,20.39
5237,20.39,20.39,20.39,20.39,20.39,20.39,20.39,20.39,20.39,20.39
5238,20.39,20.39,20.39,20.39,20.39,20.39,20.39,20.39,20.39,20.39
5239,20.39,20.39,20.39,20.39,20.39,20.39,20.39,20.39,20.39,20.39
5240,20.39,20.39,20.39,20.39,20.39,20.39,20.39,20.39,20.39,20.39
5241,20.39,20.39,20.39,20.39,20.39,20.39,20.39,20.39,20.39,20.39
5242,20.39,20.39,20.39,20.39,20.39,20.39,20.39,20.39,20.39,20.39
5243,20.39,20.39,20.39,20.39,20.39,20.39,20.39,20.39,20.39,20.39
5244,20.39,20.39,20.39,20.39,20.39,20.39,20.39,20.39,20.39,20.39
5245,20.39,20.39,20.39,20.39,20.39,20.39,20.39,20.39,20.39,20.39
5246,20.39,20.39,20.39,20.39,20.39,20.39,20.39,20.39,20.39,20.39
5247,20.39,20.39,20.39,20.39,20.39,20.39,20.39,20.39,20.39,20.39
5248,20.39,20.39,20.39,20.39,20.39,20.39,20.39,20.39,20.39,20.39
5249,20.39,20.39,20.39,20.39,20.39,20.39,20.39,20.39,20.39,20.39
5250,20.39,20.39,20.39,20.39,20.39,20.39,20.39,20.39,20.39,20.39
5251,20.39,20.39,20.39,20.39,20.39,20.39,20.39,20.39,20.39,20.39
5252,20.39,20.39,20.39,20.39,20.39,20.39,20.39,20.39,20.39,20.39
5253,20.39,20.39,20.39,20.39,20.39,20.39,20.39,20.39,20.39,20.39
5254,20.39,20.39,20.39,20.39,20.39,20.39,20.39,20.39,20.39,20.39
5255,20.39,20.39,20.39,20.39,20.39,20.39,20.39,20.39,20.39,20.39
5256,20.39,20.39,20.39,20.39,20.39,20.39,20.39,20.39,20.39,20.39
5257,20.39,20.39,20.39,20.39,20.39,20.39,20.39,20.39,20.39,20.39
5258,20.39,20.39,20.39,20.39,20.39,20.39,20.39,20.39,20.39,20.39
5259,20.39,20.39,20.39,20.39,20.39,20.39,20.39,20.39,20.39,20.39
5260,20.39,20.39,20.39,20.39,20.39,20.39,20.39,20.39,20.39,20.39
5261,20.39,20.39,20.39,20.39,20.39,20.39,20.39,20.39,20.39,20.39
5262,20.39,20.39,20.39,20.39,20.39,20.39,20.39,20.39,20.39,20.39
5263,20.39,20.39,20.39,20.39,20.39,20.39,20.39,20.39,20.39,20.39
5264,20.39,20.39,20.39,20.39,20.39,20.39,20.39,20.39,20.39,20.39
5265,20.39,20.39,20.39,20.39,20.39,20.39,20.39,20.39,20.39,20.39
5266,20.39,20.39,20.39,20.39,20.39,20.39,20.39,20.39,20.39,20.39
5267,20.39,20.39,20.39,20.39,20.39,20.39,20.39,20.39,20.39,20.39
5268,20.39,20.39,20.39,20.39,20.39,20.39,20.39,20.39,20.39,20.39
5269,20.39,20.39,20.39,20.39,20.39,20.39,20.39,20.39,20.39,20.39
5270,20.39,20.39,20.39,20.39,20.39,20.39,20.39,20.39,20.39,20.39
5271,20.39,20.39,20.39,20.39,20.39,20.39,20.39,20.39,20.39,20.39
5272,20.39,20.39,20.39,20.39,20.39,20.39,20.39,20.39,20.39,20.39
5273,20.39,20.39,20.39,20.39,20.39,20.39,20.39,20.39,20.39,20.39
5274,20.39,20.39,20.39,20.39,20.39,20.39,20.39,20.39,20.39,20.39
5275,20.39,20.39,20.39,20.39,20.39,20.39,20.39,20.39,20.39,20.39
5276,20.39,20.39,20.39,20.39,20.39,20.39,20.39,20.39,20.39,20.39
5277,20.39,20.39,20.39,20.39,20.39,20.39,20.39,20.39,20.39,20.39
5278,20.39,20.39,20.39,20.39,20.39,20.39,20.39,20.39,20.39,20.39
5279,20.39,20.39,20.39,20.39,20.39,20.39,20.39,20.39,20.39,20.39
5280,20.39,20.39,20.39,20.39,20.39,20.39,20.39,20.39,20.39,20.39
5281,20.39,20.39,20.39,20.39,20.39,20.39,20.39,20.39,20.39,20.39
5282,20.39,20.39,20.39,20.39,20.39,20.39,20.39,20.39,20.39,20.39
5283,20.39,20.39,20.39,20.39,20.39,20.39,20.39,20.39,20.39,20.39
5284,20.39,20.39,20.39,20.39,20.39,20.39,20.39,20.39,20.39,20.39
5285,20.39,20.39,20.39,20.39,20.39,20.39,20.39,20.39,20.39,20.39
5286,20.39,20.39,20.39,20.39,20.39,20.39,20.39,20.39,20.39,20.39
5287,20.39,20.39,20.39,20.39,20.39,20.39,20.39,20.39,20.39,20.39
5288,20.39,20.39,20.39,20.39,20.39,20.39,20.39,20.39,20.39,20.39
5289,20.39,20.39,20.39,20.39,20.39,20.39,20.39,20.39,20.39,20.39
5290,20.39,20.39,20.39,20.39,20.39,20.39,20.39,20.39,20.39,20.39
5291,20.39,20.39,20.39,20.39,20.39,20.39,20.39,20.39,20.39,20.39
5292,20.39,20.39,20.39,20.39,20.39,20.39,20.39,20.39,20.39,20.39
5293,20.39,20.39,20.39,20.39,20.39,20.39,20.39,20.39,20.39,20.39
5294,20.39,20.39,20.39,20.39,20.39,20.39,20.39,20.39,20.39,20.39
5295,20.39,20.39,20.39,20.39,20.39,20.39,20.39,20.39,20.39,20.39
5296,20.39,20.39,20.39,20.39,20.39,20.39,20.39,20.39,20.39,20.39
5297,20.39,20.39,20.39,20.39,20.39,20.39,20.39,20.39,20.39,20.39
5298,20.39,20.39,20.39,20.39,20.39,20.39,20.39,20.39,20.39,20.39
5299,20.39,20.39,20.39,20.39,20.39,20.39,20.39,20.39,20.39,20.39
5300,20.39,20.39,20.39,20.39,20.39,20.39,20.39,20.39,20.39,20.39
5301,20.39,20.39,20.39,20.39,20.39,20.39,20.39,20.39,20.39,20.39
5302,20.39,20.39,20.39,20.39,20.39,20.39,20.39,20.39,20.39,20.39
5303,20.39,20.39,20.39,20.39,20.39,20.39,20.39,20.39,20.39,20.39
5304,20.39,20.39,20.39,20.39,20.39,20.39,20.39,20.39,20.39,20.39
5305,20.39,20.39,20.39,20.39,20.39,20.39,20.39,20.39,20.39,20.39
5306,20.39,20.39,20.39,20.39,20.39,20.39,20.39,20.39,20.39,20.39
5307,20.39,20.39,20.39,20.39,20.39,20.39,20.39,20.39,20.39,20.39
5308,20.39,20.39,20.39,20.39,20.39,20.39,20.39,20.39,20.39,20.39
5309,20.39,20.39,20.39,20.39,20.39,20.39,20.39,20.39,20.39,20.39
5310,20.39,20.39,20.39,20.39,20.39,20.39,20.39,20.39,20.39,20.39
5311,20.39,20.39,20.39,20.39,20.39,20.39,20.39,20.39,20.39,20.39
5312,20.39,20.39,20.39,20.39,20.39,20.39,20.39,20.39,20.39,20.39
5313,20.39,20.39,20.39,20.39,20.39,20.39,20.39,20.39,20.39,20.39
5314,20.39,20.39,20.39,20.39,20.39,20.39,20.39,20.39,20.39,20.39
5315,20.39,20.39,20.39,20.39,20.39,20.39,20.39,20.39,20.39,20.39
5316,20.39,20.39,20.39,20.39,20.39,20.39,20.39,20.39,20.39,20.39
5317,20.39,20.39,20.39,20.39,20.39,20.39,20.39,20.39,20.39,20.39
5318,20.39,20.39,20.39,20.39,20.39,20.39,20.39,20.39,20.39,20.39
5319,20.39,20.39,20.39,20.39,20.39,20.39,20.39,20.39,20.39,20.39
5320,20.39,20.39,20.39,20.39,20.39,20.39,20.39,20.39,20.39,20.39
5321,20.39,20.39,20.39,20.39,20.39,20.39,20.39,20.39,20.39,20.39
5322,20.39,20.39,20.39,20.39,20.39,20.39,20.39,20.39,20.39,20.39
5323,20.39,20.39,20.39,20.39,20.39,20.39,20.39,20.39,20.39,20.39
5324,20.39,20.39,20.39,20.39,20.39,20.39,20.39,20.39,20.39,20.39
5325,20.39,20.39,20.39,20.39,20.39,20.39,20.39,20.39,20.39,20.39
5326,20.39,20.39,20.39,20.39,20.39,20.39,20.39,20.39,20.39,20.39
5327,20.39,20.39,20.39,20.39,20.39,20.39,20.39,20.39,20.39,20.39
5328,20.39,20.39,20.39,20.39,20.39,20.39,20.39,20.39,20.39,20.39
5329,20.39,20.39,20.39,20.39,20.39,20.39,20.39,20.39,20.39,20.39
5330,20.39,20.39,20.39,20.39,20.39,20.39,20.39,20.39,20.39,20.39
5331,20.39,20.39,20.39,20.39,20.39,20.39,20.39,20.39,20.39,20.39
5332,20.39,20.39,20.39,20.39,20.39,20.39,20.39,20.39,20.39,20.39
5333,20.39,20.39,20.39,20.39,20.39,20.39,20.39,20.39,20.39,20.39
5334,20.39,20.39,20.39,20.39,20.39,20.39,20.39,20.39,20.39,20.39
5335,20.39,20.39,20.39,20.39,20.39,20.39,20.39,20.39,20.39,20.39
5336,20.39,20.39,20.39,20.39,20.39,20.39,20.39,20.39,20.39,20.39
5337,20.39,20.39,20.39,20.39,20.39,20.39,20.39,20.39,20.39,20.39
5338,20.39,20.39,20.39,20.39,20.39,20.39,20.39,20.39,20.39,20.39
5339,20.39,20.39,20.39,20.39,20.39,20.39,20.39,20.39,20.39,20.39
5340,20.39,20.39,20.39,20.39,20.39,20.39,20.39,20.39,20.39,20.39
5341,20.39,20.39,20.39,20.39,20.39,20.39,20.39,20.39,20.39,20.39
5342,20.39,20.39,20.39,20.39,20.39,20.39,20.39,20.39,20.39,20.39
5343,20.39,20.39,20.39,20.39,20.39,20.39,20.39,20.39,20.39,20.39
5344,20.39,20.39,20.39,20.39,20.39,20.39,20.39,20.39,20.39,20.39
5345,20.39,20.39,20.39,20.39,20.39,20.39,20.39,20.39,20.39,20.39
5346,20.39,20.39,20.39,20.39,20.39,20.39,20.39,20.39,20.39,20.39
5347,20.39,20.39,20.39,20.39,20.39,20.39,20.39,20.39,20.39,20.39
5348,20.39,20.39,20.39,20.39,20.39,20.39,20.39,20.39,20.39,20.39
5349,20.39,20.39,20.39,20.39,20.39,20.39,20.39,20.39,20.39,20.39
5350,20.39,20.39,20.39,20.39,20.39,20.39,20.39,20.39,20.39,20.39
5351,20.39,20.39,20.39,20.39,20.39,20.39,20.39,20.39,20.39,20.39
5352,20.39,20.39,20.39,20.39,20.39,20.39,20.39,20.39,20.39,20.39
5353,20.39,20.39,20.39,20.39,20.39,20.39,20.39,20.39,20.39,20.39
5354,20.39,20.39,20.39,20.39,20.39,20.39,20.39,20.39,20.39,20.39
5355,20.39,20.39,20.39,20.39,20.39,20.39,20.39,20.39,20.39,20.39
5356,20.39,20.39,20.39,20.39,20.39,20.39,20.39,20.39,20.39,20.39
5357,20.39,20.39,20.39,20.39,20.39,20.39,20.39,20.39,20.39,20.39
5358,20.39,20.39,20.39,20.39,20.39,20.39,20.39,20.39,20.39,20.39
5359,20.39,20.39,20.39,20.39,20.39,20.39,20.39,20.39,20.39,20.39
5360,20.39,20.39,20.39,20.39,20.39,20.39,20.39,20.39,20.39,20.39
5361,20.39,20.39,20.39,20.39,20.39,20.39,20.39,20.39,20.39,20.39
5362,20.39,20.39,20.39,20.39,20.39,20.39,20.39,20.39,20.39,20.39
5363,20.39,20.39,20.39,20.39,20.39,20.39,20.39,20.39,20.39,20.39
5364,20.39,20.39,20.39,20.39,20.39,20.39,20.39,20.39,20.39,20.39
5365,20.39,20.39,20.39,20.39,20.39,20.39,20.39,20.39,20.39,20.39
5366,20.39,20.39,20.39,20.39,20.39,20.39,20.39,20.39,20.39,20.39
5367,20.39,20.39,20.39,20.39,20.39,20.39,20.39,20.39,20.39,20.39
5368,20.39,20.39,20.39,20.39,20.39,20.39,20.39,20.39,20.39,20.39
5369,20.39,20.39,20.39,20.39,20.39,20.39,20.39,20.39,20.39,20.39
5370,20.39,20.39,20.39,20.39,20.39,20.39,20.39,20.39,20.39,20.39
5371,20.39,20.39,20.39,20.39,20.39,20.39,20.39,20.39,20.39,20.39
5372,20.39,20.39,20.39,20.39,20.39,20.39,20.39,20.39,20.39,20.39
5373,20.39,20.39,20.39,20.39,20.39,20.39,20.39,20.39,20.39,20.39
5374,20.39,20.39,20.39,20.39,20.39,20.39,20.39,20.39,20.39,20.39
5375,20.39,20.39,20.39,20.39,20.39,20.39,20.39,20.39,20.39,20.39
5376,20.39,20.39,20.39,20.39,20.39,20.39,20.39,20.39,20.39,20.39
5377,20.39,20.39,20.39,20.39,20.39,20.39,20.39,20.39,20.39,20.39
5378,20.39,20.39,20.39,20.39,20.39,20.39,20.39,20.39,20.39,20.39
5379,20.39,20.39,20.39,20.39,20.39,20.39,20.39,20.39,20.39,20.39
5380,20.39,20.39,20.39,20.39,20.39,20.39,20.39,20.39,20.39,20.39
5381,20.39,20.39,20.39,20.39,20.39,20.39,20.39,20.39,20.39,20.39
5382,20.39,20.39,20.39,20.39,20.39,20.39,20.39,20.39,20.39,20.39
5383,20.39,20.39,20.39,20.39,20.39,20.39,20.39,20.39,20.39,20.39
5384,20.39,20.39,20.39,20.39,20.39,20.39,20.39,20.39,20.39,20.39
5385,20.39,20.39,20.39,20.39,20.39,20.39,20.39,20.39,20.39,20.39
5386,20.39,20.39,20.39,20.39,20.39,20.39,20.39,20.39,20.39,20.39
5387,20.39,20.39,20.39,20.39,20.39,20.39,20.39,20.39,20.39,20.39
5388,20.39,20.39,20.39,20.39,20.39,20.39,20.39,20.39,20.39,20.39
5389,20.39,20.39,20.39,20.39,20.39,20.39,20.39,20.39,20.39,20.39
5390,20.39,20.39,20.39,20.39,20.39,20.39,20.39,20.39,20.39,20.39
5391,20.39,20.39,20.39,20.39,20.39,20.39,20.39,20.39,20.39,20.39
5392,20.39,20.39,20.39,20.39,20.39,20.39,20.39,20.39,20.39,20.39
5393,20.39,20.39,20.39,20.39,20.39,20.39,20.39,20.39,20.39,20.39
5394,20.39,20.39,20.39,20.39,20.39,20.39,20.39,20.39,20.39,20.39
5395,20.39,20.39,20.39,20.39,20.39,20.39,20.39,20.39,20.39,20.39
5396,20.39,20.39,20.39,20.39,20.39,20.39,20.39,20.39,20.39,20.39
5397,20.39,20.39,20.39,20.39,20.39,20.39,20.39,20.39,20.39,20.39
5398,20.39,20.39,20.39,20.39,20.39,20.39,20.39,20.39,20.39,20.39
5399,20.39,20.39,20.39,20.39,20.39,20.39,20.39,20.39,20.39,20.39
5400,20.39,20.39,20.39,20.39,20.39,20.39,20.39,20.39,20.39,20.39
5401,20.39,20.39,20.39,20.39,20.39,20.39,20.39,20.39,20.39,20.39
5402,20.39,20.39,20.39,20.39,20.39,20.39,20.39,20.39,20.39,20.39
5403,20.39,20.39,20.39,20.39,20.39,20.39,20.39,20.39,20.39,20.39
5404,20.39,20.39,20.39,20.39,20.39,20.39,20.39,20.39,20.39,20.39
5405,20.39,20.39,20.39,20.39,20.39,20.39,20.39,20.39,20.39,20.39
5406,20.39,20.39,20.39,20.39,20.39,20.39,20.39,20.39,20.39,20.39
5407,20.39,20.39,20.39,20.39,20.39,20.39,20.39,20.39,20.39,20.39
5408,20.39,20.39,20.39,20.39,20.39,20.39,20.39,20.39,20.39,20.39
5409,20.39,20.39,20.39,20.39,20.39,20.39,20.39,20.39,20.39,20.39
5410,20.39,20.39,20.39,20.39,20.39,20.39,20.39,20.39,20.39,20.39
5411,20.39,20.39,20.39,20.39,20.39,20.39,20.39,20.39,20.39,20.39
5412,20.39,20.39,20.39,20.39,20.39,20.39,20.39,20.39,20.39,20.39
5413,20.39,20.39,20.39,20.39,20.39,20.39,20.39,20.39,20.39,20.39
5414,20.39,20.39,20.39,20.39,20.39,20.39,20.39,20.39,20.39,20.39
5415,20.39,20.39,20.39,20.39,20.39,20.39,20.39,20.39,20.39,20.39
5416,20.39,20.39,20.39,20.39,20.39,20.39,20.39,20.39,20.39,20.39
5417,20.39,20.39,20.39,20.39,20.39,20.39,20.39,20.39,20.39,20.39
5418,20.39,20.39,20.39,20.39,20.39,20.39,20.39,20.39,20.39,20.39
5419,20.39,20.39,20.39,20.39,20.39,20.39,20.39,20.39,20.39,20.39
5420,20.39,20.39,20.39,20.39,20.39,20.39,20.39,20.39,20.39,20.39
5421,20.39,20.39,20.39,20.39,20.39,20.39,20.39,20.39,20.39,20.39
5422,20.39,20.39,20.39,20.39,20.39,20.39,20.39,20.39,20.39,20.39
5423,20.39,20.39,20.39,20.39,20.39,20.39,20.39,20.39,20.39,20.39
5424,20.39,20.39,20.39,20.39,20.39,20.39,20.39,20.39,20.39,20.39
5425,20.39,20.39,20.39,20.39,20.39,20.39,20.39,20.39,20.39,20.39
5426,20.39,20.39,20.39,20.39,20.39,20.39,20.39,20.39,20.39,20.39
5427,20.39,20.39,20.39,20.39,20.39,20.39,20.39,20.39,20.39,20.39
5428,20.39,20.39,20.39,20.39,20.39,20.39,20.39,20.39,20.39,20.39
5429,20.39,20.39,20.39,20.39,20.39,20.39,20.39,20.39,20.39,20.39
5430,20.39,20.39,20.39,20.39,20.39,20.39,20.39,20.39,20.39,20.39
5431,20.39,20.39,20.39,20.39,20.39,20.39,20.39,20.39,20.39,20.39
5432,20.39,20.39,20.39,20.39,20.39,20.39,20.39,20.39,20.39,20.39
5433,20.39,20.39,20.39,20.39,20.39,20.39,20.39,20.39,20.39,20.39
5434,20.39,20.39,20.39,20.39,20.39,20.39,20.39,20.39,20.39,20.39
5435,20.39,20.39,20.39,20.39,20.39,20.39,20.39,20.39,20.39,20.39
5436,20.39,20.39,20.39,20.39,20.39,20.39,20.39,20.39,20.39,20.39
5437,20.39,20.39,20.39,20.39,20.39,20.39,20.39,20.39,20.39,20.39
5438,20.39,20.39,20.39,20.39,20.39,20.39,20.39,20.39,20.39,20.39
5439,20.39,20.39,20.39,20.39,20.39,20.39,20.39,20.39,20.39,20.39
5440,20.39,20.39,20.39,20.39,20.39,20.39,20.39,20.39,20.39,20.39
5441,20.39,20.39,20.39,20.39,20.39,20.39,20.39,20.39,20.39,20.39
5442,20.39,20.39,20.39,20.39,20.39,20.39,20.39,20.39,20.39,20.39
5443,20.39,20.39,20.39,20.39,20.39,20.39,20.39,20.39,20.39,20.39
5444,20.39,20.39,20.39,20.39,20.39,20.39,20.39,20.39,20.39,20.39
5445,20.39,20.39,20.39,20.39,20.39,20.39,20.39,20.39,20.39,20.39
5446,20.39,20.39,20.39,20.39,20.39,20.39,20.39,20.39,20.39,20.39
5447,20.39,20.39,20.39,20.39,20.39,20.39,20.39,20.39,20.39,20.39
5448,20.39,20.39,20.39,20.39,20.39,20.39,20.39,20.39,20.39,20.39
5449,20.39,20.39,20.39,20.39,20.39,20.39,20.39,20.39,20.39,20.39
5450,20.39,20.39,20.39,20.39,20.39,20.39,20.39,20.39,20.39,20.39
5451,20.39,20.39,20.39,20.39,20.39,20.39,20.39,20.39,20.39,20.39
5452,20.39,20.39,20.39,20.39,20.39,20.39,20.39,20.39,20.39,20.39
5453,20.39,20.39,20.39,20.39,20.39,20.39,20.39,20.39,20.39,20.39
5454,20.39,20.39,20.39,20.39,20.39,20.39,20.39,20.39,20.39,20.39
5455,20.39,20.39,20.39,20.39,20.39,20.39,20.39,20.39,20.39,20.39
5456,20.39,20.39,20.39,20.39,20.39,20.39,20.39,20.39,20.39,20.39
5457,20.39,20.39,20.39,20.39,20.39,20.39,20.39,20.39,20.39,20.39
5458,20.39,20.39,20.39,20.39,20.39,20.39,20.39,20.39,20.39,20.39
5459,20.39,20.39,20.39,20.39,20.39,20.39,20.39,20.39,20.39,20.39
5460,20.39,20.39,20.39,20.39,20.39,20.39,20.39,20.39,20.39,20.39
5461,20.39,20.39,20.39,20.39,20.39,20.39,20.39,20.39,20.39,20.39
5462,20.39,20.39,20.39,20.39,20.39,20.39,20.39,20.39,20.39,20.39
5463,20.39,20.39,20.39,20.39,20.39,20.39,20.39,20.39,20.39,20.39
5464,20.39,20.39,20.39,20.39,20.39,20.39,20.39,20.39,20.39,20.39
5465,20.39,20.39,20.39,20.39,20.39,20.39,20.39,20.39,20.39,20.39
5466,20.39,20.39,20.39,20.39,20.39,20.39,20.39,20.39,20.39,20.39
5467,20.39,20.39,20.39,20.39,20.39,20.39,20.39,20.39,20.39,20.39
5468,20.39,20.39,20.39,20.39,20.39,20.39,20.39,20.39,20.39,20.39
5469,20.39,20.39,20.39,20.39,20.39,20.39,20.39,20.39,20.39,20.39
5470,20.39,20.39,20.39,20.39,20.39,20.39,20.39,20.39,20.39,20.39
5471,20.39,20.39,20.39,20.39,20.39,20.39,20.39,20.39,20.39,20.39
5472,20.39,20.39,20.39,20.39,20.39,20.39,20.39,20.39,20.39,20.39
5473,20.39,20.39,20.39,20.39,20.39,20.39,20.39,20.39,20.39,20.39
5474,20.39,20.39,20.39,20.39,20.39,20.39,20.39,20.39,20.39,20.39
5475,20.39,20.39,20.39,20.39,20.39,20.39,20.39,20.39,20.39,20.39
5476,20.39,20.39,20.39,20.39,20.39,20.39,20.39,20.39,20.39,20.39
5477,20.39,20.39,20.39,20.39,20.39,20.39,20.39,20.39,20.39,20.39
5478,20.39,20.39,20.39,20.39,20.39,20.39,20.39,20.39,20.39,20.39
5479,20.39,20.39,20.39,20.39,20.39,20.39,20.39,20.39,20.39,20.39
5480,20.39,20.39,20.39,20.39,20.39,20.39,20.39,20.39,20.39,20.39
5481,20.39,20.39,20.39,20.39,20.39,20.39,20.39,20.39,20.39,20.39
5482,20.39,20.39,20.39,20.39,20.39,20.39,20.39,20.39,20.39,20.39
5483,20.39,20.39,20.39,20.39,20.39,20.39,20.39,20.39,20.39,20.39
5484,20.39,20.39,20.39,20.39,20.39,20.39,20.39,20.39,20.39,20.39
5485,20.39,20.39,20.39,20.39,20.39,20.39,20.39,20.39,20.39,20.39
5486,20.39,20.39,20.39,20.39,20.39,20.39,20.39,20.39,20.39,20.39
5487,20.39,20.39,20.39,20.39,20.39,20.39,20.39,20.39,20.39,20.39
5488,20.39,20.39,20.39,20.39,20.39,20.39,20.39,20.39,20.39,20.39
5489,20.39,20.39,20.39,20.39,20.39,20.39,20.39,20.39,20.39,20.39
5490,20.39,20.39,20.39,20.39,20.39,20.39,20.39,20.39,20.39,20.39
5491,20.39,20.39,20.39,20.39,20.39,20.39,20.39,20.39,20.39,20.39
5492,20.39,20.39,20.39,20.39,20.39,20.39,20.39,20.39,20.39,20.39
5493,20.39,20.39,20.39,20.39,20.39,20.39,20.39,20.39,20.39,20.39
5494,20.39,20.39,20.39,20.39,20.39,20.39,20.39,20.39,20.39,20.39
5495,20.39,20.39,20.39,20.39,20.39,20.39,20.39,20.39,20.39,20.39
5496,20.39,20.39,20.39,20.39,20.39,20.39,20.39,20.39,20.39,20.39
5497,20.39,20.39,20.39,20.39,20.39,20.39,20.39,20.39,20.39,20.39
5498,20.39,20.39,20.39,20.39,20.39,20.39,20.39,20.39,20.39,20.39
5499,20.39,20.39,20.39,20.39,20.39,20.39,20.39,20.39,20.39,20.39
5500,20.39,20.39,20.39,20.39,20.39,20.39,20.39,20.39,20.39,20.39
5501,20.39,20.39,20.39,20.39,20.39,20.39,20.39,20.39,20.39,20.39
5502,20.39,20.39,20.39,20.39,20.39,20.39,20.39,20.39,20.39,20.39
5503,20.39,20.39,20.39,20.39,20.39,20.39,20.39,20.39,20.39,20.39
5504,20.39,20.39,20.39,20.39,20.39,20.39,20.39,20.39,20.39,20.39
5505,20.39,20.39,20.39,20.39,20.39,20.39,20.39,20.39,20.39,20.39
5506,20.39,20.39,20.39,20.39,20.39,20.39,20.39,20.39,20.39,20.39
5507,20.39,20.39,20.39,20.39,20.39,20.39,20.39,20.39,20.39,20.39
5508,20.39,20.39,20.39,20.39,20.39,20.39,20.39,20.39,20.39,20.39
5509,20.39,20.39,20.39,20.39,20.39,20.39,20.39,20.39,20.39,20.39
5510,20.39,20.39,20.39,20.39,20.39,20.39,20.39,20.39,20.39,20.39
5511,20.39,20.39,20.39,20.39,20.39,20.39,20.39,20.39,20.39,20.39
5512,20.39,20.39,20.39,20.39,20.39,20.39,20.39,20.39,20.39,20.39
5513,20.39,20.39,20.39,20.39,20.39,20.39,20.39,20.39,20.39,20.39
5514,20.39,20.39,20.39,20.39,20.39,20.39,20.39,20.39,20.39,20.39
5515,20.39,20.39,20.39,20.39,20.39,20.39,20.39,20.39,20.39,20.39
5516,20.39,20.39,20.39,20.39,20.39,20.39,20.39,20.39,20.39,20.39
5517,20.39,20.39,20.39,20.39,20.39,20.39,20.39,20.39,20.39,20.39
5518,20.39,20.39,20.39,20.39,20.39,20.39,20.39,20.39,20.39,20.39
5519,20.39,20.39,20.39,20.39,20.39,20.39,20.39,20.39,20.39,20.39
5520,20.39,20.39,20.39,20.39,20.39,20.39,20.39,20.39,20.39,20.39
5521,20.39,20.39,20.39,20.39,20.39,20.39,20.39,20.39,20.39,20.39
5522,20.39,20.39,20.39,20.39,20.39,20.39,20.39,20.39,20.39,20.39
5523,20.39,20.39,20.39,20.39,20.39,20.39,20.39,20.39,20.39,20.39
5524,20.39,20.39,20.39,20.39,20.39,20.39,20.39,20.39,20.39,20.39
5525,20.39,20.39,20.39,20.39,20.39,20.39,20.39,20.39,20.39,20.39
5526,20.39,20.39,20.39,20.39,20.39,20.39,20.39,20.39,20.39,20.39
5527,20.39,20.39,20.39,20.39,20.39,20.39,20.39,20.39,20.39,20.39
5528,20.39,20.39,20.39,20.39,20.39,20.39,20.39,20.39,20.39,20.39
5529,20.39,20.39,20.39,20.39,20.39,20.39,20.39,20.39,20.39,20.39
5530,20.39,20.39,20.39,20.39,20.39,20.39,20.39,20.39,20.39,20.39
5531,20.39,20.39,20.39,20.39,20.39,20.39,20.39,20.39,20.39,20.39
5532,20.39,20.39,20.39,20.39,20.39,20.39,20.39,20.39,20.39,20.39
5533,20.39,20.39,20.39,20.39,20.39,20.39,20.39,20.39,20.39,20.39
5534,20.39,20.39,20.39,20.39,20.39,20.39,20.39,20.39,20.39,20.39
5535,20.39,20.39,20.39,20.39,20.39,20.39,20.39,20.39,20.39,20.39
5536,20.39,20.39,20.39,20.39,20.39,20.39,20.39,20.39,20.39,20.39
5537,20.39,20.39,20.39,20.39,20.39,20.39,20.39,20.39,20.39,20.39
5538,20.39,20.39,20.39,20.39,20.39,20.39,20.39,20.39,20.39,20.39
5539,20.39,20.39,20.39,20.39,20.39,20.39,20.39,20.39,20.39,20.39
5540,20.39,20.39,20.39,20.39,20.39,20.39,20.39,20.39,20.39,20.39
5541,20.39,20.39,20.39,20.39,20.39,20.39,20.39,20.39,20.39,20.39
5542,20.39,20.39,20.39,20.39,20.39,20.39,20.39,20.39,20.39,20.39
5543,20.39,20.39,20.39,20.39,20.39,20.39,20.39,20.39,20.39,20.39
5544,20.39,20.39,20.39,20.39,20.39,20.39,20.39,20.39,20.39,20.39
5545,20.39,20.39,20.39,20.39,20.39,20.39,20.39,20.39,20.39,20.39
5546,20.39,20.39,20.39,20.39,20.39,20.39,20.39,20.39,20.39,20.39
5547,20.39,20.39,20.39,20.39,20.39,20.39,20.39,20.39,20.39,20.39
5548,20.39,20.39,20.39,20.39,20.39,20.39,20.39,20.39,20.39,20.39
5549,20.39,20.39,20.39,20.39,20.39,20.39,20.39,20.39,20.39,20.39
5550,20.39,20.39,20.39,20.39,20.39,20.39,20.39,20.39,20.39,20.39
5551,20.39,20.39,20.39,20.39,20.39,20.39,20.39,20.39,20.39,20.39
5552,20.39,20.39,20.39,20.39,20.39,20.39,20.39,20.39,20.39,20.39
5553,20.39,20.39,20.39,20.39,20.39,20.39,20.39,20.39,20.39,20.39
5554,20.39,20.39,20.39,20.39,20.39,20.39,20.39,20.39,20.39,20.39
5555,20.39,20.39,20.39,20.39,20.39,20.39,20.39,20.39,20.39,20.39
5556,20.39,20.39,20.39,20.39,20.39,20.39,20.39,20.39,20.39,20.39
5557,20.39,20.39,20.39,20.39,20.39,20.39,20.39,20.39,20.39,20.39
5558,20.39,20.39,20.39,20.39,20.39,20.39,20.39,20.39,20.39,20.39
5559,20.39,20.39,20.39,20.39,20.39,20.39,20.39,20.39,20.39,20.39
5560,20.39,20.39,20.39,20.39,20.39,20.39,20.39,20.39,20.39,20.39
5561,20.39,20.39,20.39,20.39,20.39,20.39,20.39,20.39,20.39,20.39
5562,20.39,20.39,20.39,20.39,20.39,20.39,20.39,20.39,20.39,20.39
5563,20.39,20.39,20.39,20.39,20.39,20.39,20.39,20.39,20.39,20.39
5564,20.39,20.39,20.39,20.39,20.39,20.39,20.39,20.39,20.39,20.39
5565,20.39,20.39,20.39,20.39,20.39,20.39,20.39,20.39,20.39,20.39
5566,20.39,20.39,20.39,20.39,20.39,20.39,20.39,20.39,20.39,20.39
5567,20.39,20.39,20.39,20.39,20.39,20.39,20.39,20.39,20.39,20.39
5568,20.39,20.39,20.39,20.39,20.39,20.39,20.39,20.39,20.39,20.39
5569,20.39,20.39,20.39,20.39,20.39,20.39,20.39,20.39,20.39,20.39
5570,20.39,20.39,20.39,20.39,20.39,20.39,20.39,20.39,20.39,20.39
5571,20.39,20.39,20.39,20.39,20.39,20.39,20.39,20.39,20.39,20.39
5572,20.39,20.39,20.39,20.39,20.39,20.39,20.39,20.39,20.39,20.39
5573,20.39,20.39,20.39,20.39,20.39,20.39,20.39,20.39,20.39,20.39
5574,20.39,20.39,20.39,20.39,20.39,20.39,20.39,20.39,20.39,20.39
5575,20.39,20.39,20.39,20.39,20.39,20.39,20.39,20.39,20.39,20.39
5576,20.39,20.39,20.39,20.39,20.39,20.39,20.39,20.39,20.39,20.39
5577,20.39,20.39,20.39,20.39,20.39,20.39,20.39,20.39,20.39,20.39
5578,20.39,20.39,20.39,20.39,20.39,20.39,20.39,20.39,20.39,20.39
5579,20.39,20.39,20.39,20.39,20.39,20.39,20.39,20.39,20.39,20.39
5580,20.39,20.39,20.39,20.39,20.39,20.39,20.39,20.39,20.39,20.39
5581,20.39,20.39,20.39,20.39,20.39,20.39,20.39,20.39,20.39,20.39
5582,20.39,20.39,20.39,20.39,20.39,20.39,20.39,20.39,20.39,20.39
5583,20.39,20.39,20.39,20.39,20.39,20.39,20.39,20.39,20.39,20.39
5584,20.39,20.39,20.39,20.39,20.39,20.39,20.39,20.39,20.39,20.39
5585,20.39,20.39,20.39,20.39,20.39,20.39,20.39,20.39,20.39,20.39
5586,20.39,20.39,20.39,20.39,20.39,20.39,20.39,20.39,20.39,20.39
5587,20.39,20.39,20.39,20.39,20.39,20.39,20.39,20.39,20.39,20.39
5588,20.39,20.39,20.39,20.39,20.39,20.39,20.39,20.39,20.39,20.39
5589,20.39,20.39,20.39,20.39,20.39,20.39,20.39,20.39,20.39,20.39
5590,20.39,20.39,20.39,20.39,20.39,20.39,20.39,20.39,20.39,20.39
5591,20.39,20.39,20.39,20.39,20.39,20.39,20.39,20.39,20.39,20.39
5592,20.39,20.39,20.39,20.39,20.39,20.39,20.39,20.39,20.39,20.39
5593,20.39,20.39,20.39,20.39,20.39,20.39,20.39,20.39,20.39,20.39
5594,20.39,20.39,20.39,20.39,20.39,20.39,20.39,20.39,20.39,20.39
5595,20.39,20.39,20.39,20.39,20.39,20.39,20.39,20.39,20.39,20.39
5596,20.39,20.39,20.39,20.39,20.39,20.39,20.39,20.39,20.39,20.39
5597,20.39,20.39,20.39,20.39,20.39,20.39,20.39,20.39,20.39,20.39
5598,20.39,20.39,20.39,20.39,20.39,20.39,20.39,20.39,20.39,20.39
5599,20.39,20.39,20.39,20.39,20.39,20.39,20.39,20.39,20.39,20.39
5600,20.39,20.39,20.39,20.39,20.39,20.39,20.39,20.39,20.39,20.39
5601,20.39,20.39,20.39,20.39,20.39,20.39,20.39,20.39,20.39,20.39
5602,20.39,20.39,20.39,20.39,20.39,20.39,20.39,20.39,20.39,20.39
5603,20.39,20.39,20.39,20.39,20.39,20.39,20.39,20.39,20.39,20.39
5604,20.39,20.39,20.39,20.39,20.39,20.39,20.39,20.39,20.39,20.39
5605,20.39,20.39,20.39,20.39,20.39,20.39,20.39,20.39,20.39,20.39
5606,20.39,20.39,20.39,20.39,20.39,20.39,20.39,20.39,20.39,20.39
5607,20.39,20.39,20.39,20.39,20.39,20.39,20.39,20.39,20.39,20.39
5608,20.39,20.39,20.39,20.39,20.39,20.39,20.39,20.39,20.39,20.39
5609,20.39,20.39,20.39,20.39,20.39,20.39,20.39,20.39,20.39,20.39
5610,20.39,20.39,20.39,20.39,20.39,20.39,20.39,20.39,20.39,20.39
5611,20.39,20.39,20.39,20.39,20.39,20.39,20.39,20.39,20.39,20.39
5612,20.39,20.39,20.39,20.39,20.39,20.39,20.39,20.39,20.39,20.39
5613,20.39,20.39,20.39,20.39,20.39,20.39,20.39,20.39,20.39,20.39
5614,20.39,20.39,20.39,20.39,20.39,20.39,20.39,20.39,20.39,20.39
5615,20.39,20.39,20.39,20.39,20.39,20.39,20.39,20.39,20.39,20.39
5616,20.39,20.39,20.39,20.39,20.39,20.39,20.39,20.39,20.39,20.39
5617,20.39,20.39,20.39,20.39,20.39,20.39,20.39,20.39,20.39,20.39
5618,20.39,20.39,20.39,20.39,20.39,20.39,20.39,20.39,20.39,20.39
5619,20.39,20.39,20.39,20.39,20.39,20.39,20.39,20.39,20.39,20.39
5620,20.39,20.39,20.39,20.39,20.39,20.39,20.39,20.39,20.39,20.39
5621,20.39,20.39,20.39,20.39,20.39,20.39,20.39,20.39,20.39,20.39
5622,20.39,20.39,20.39,20.39,20.39,20.39,20.39,20.39,20.39,20.39
5623,20.39,20.39,20.39,20.39,20.39,20.39,20.39,20.39,20.39,20.39
5624,20.39,20.39,20.39,20.39,20.39,20.39,20.39,20.39,20.39,20.39
5625,20.39,20.39,20.39,20.39,20.39,20.39,20.39,20.39,20.39,20.39
5626,20.39,20.39,20.39,20.39,20.39,20.39,20.39,20.39,20.39,20.39
5627,20.39,20.39,20.39,20.39,20.39,20.39,20.39,20.39,20.39,20.39
5628,20.39,20.39,20.39,20.39,20.39,20.39,20.39,20.39,20.39,20.39
5629,20.39,20.39,20.39,20.39,20.39,20.39,20.39,20.39,20.39,20.39
5630,20.39,20.39,20.39,20.39,20.39,20.39,20.39,20.39,20.39,20.39
5631,20.39,20.39,20.39,20.39,20.39,20.39,20.39,20.39,20.39,20.39
5632,20.39,20.39,20.39,20.39,20.39,20.39,20.39,20.39,20.39,20.39
5633,20.39,20.39,20.39,20.39,20.39,20.39,20.39,20.39,20.39,20.39
5634,20.39,20.39,20.39,20.39,20.39,20.39,20.39,20.39,20.39,20.39
5635,20.39,20.39,20.39,20.39,20.39,20.39,20.39,20.39,20.39,20.39
5636,20.39,20.39,20.39,20.39,20.39,20.39,20.39,20.39,20.39,20.39
5637,20.39,20.39,20.39,20.39,20.39,20.39,20.39,20.39,20.39,20.39
5638,20.39,20.39,20.39,20.39,20.39,20.39,20.39,20.39,20.39,20.39
5639,20.39,20.39,20.39,20.39,20.39,20.39,20.39,20.39,20.39,20.39
5640,20.39,20.39,20.39,20.39,20.39,20.39,20.39,20.39,20.39,20.39
5641,20.39,20.39,20.39,20.39,20.39,20.39,20.39,20.39,20.39,20.39
5642,20.39,20.39,20.39,20.39,20.39,20.39,20.39,20.39,20.39,20.39
5643,20.39,20.39,20.39,20.39,20.39,20.39,20.39,20.39,20.39,20.39
5644,20.39,20.39,20.39,20.39,20.39,20.39,20.39,20.39,20.39,20.39
5645,20.39,20.39,20.39,20.39,20.39,20.39,20.39,20.39,20.39,20.39
5646,20.39,20.39,20.39,20.39,20.39,20.39,20.39,20.39,20.39,20.39
5647,20.39,20.39,20.39,20.39,20.39,20.39,20.39,20.39,20.39,20.39
5648,20.39,20.39,20.39,20.39,20.39,20.39,20.39,20.39,20.39,20.39
5649,20.39,20.39,20.39,20.39,20.39,20.39,20.39,20.39,20.39,20.39
5650,20.39,20.39,20.39,20.39,20.39,20.39,20.39,20.39,20.39,20.39
5651,20.39,20.39,20.39,20.39,20.39,20.39,20.39,20.39,20.39,20.39
5652,20.39,20.39,20.39,20.39,20.39,20.39,20.39,20.39,20.39,20.39
5653,20.39,20.39,20.39,20.39,20.39,20.39,20.39,20.39,20.39,20.39
5654,20.39,20.39,20.39,20.39,20.39,20.39,20.39,20.39,20.39,20.39
5655,20.39,20.39,20.39,20.39,20.39,20.39,20.39,20.39,20.39,20.39
5656,20.39,20.39,20.39,20.39,20.39,20.39,20.39,20.39,20.39,20.39
5657,20.39,20.39,20.39,20.39,20.39,20.39,20.39,20.39,20.39,20.39
5658,20.39,20.39,20.39,20.39,20.39,20.39,20.39,20.39,20.39,20.39
5659,20.39,20.39,20.39,20.39,20.39,20.39,20.39,20.39,20.39,20.39
5660,20.39,20.39,20.39,20.39,20.39,20.39,20.39,20.39,20.39,20.39
5661,20.39,20.39,20.39,20.39,20.39,20.39,20.39,20.39,20.39,20.39
5662,20.39,20.39,20.39,20.39,20.39,20.39,20.39,20.39,20.39,20.39
5663,20.39,20.39,20.39,20.39,20.39,20.39,20.39,20.39,20.39,20.39
5664,20.39,20.39,20.39,20.39,20.39,20.39,20.39,20.39,20.39,20.39
5665,20.39,20.39,20.39,20.39,20.39,20.39,20.39,20.39,20.39,20.39
5666,20.39,20.39,20.39,20.39,20.39,20.39,20.39,20.39,20.39,20.39
5667,20.39,20.39,20.39,20.39,20.39,20.39,20.39,20.39,20.39,20.39
5668,20.39,20.39,20.39,20.39,20.39,20.39,20.39,20.39,20.39,20.39
5669,20.39,20.39,20.39,20.39,20.39,20.39,20.39,20.39,20.39,20.39
5670,20.39,20.39,20.39,20.39,20.39,20.39,20.39,20.39,20.39,20.39
5671,20.39,20.39,20.39,20.39,20.39,20.39,20.39,20.39,20.39,20.39
5672,20.39,20.39,20.39,20.39,20.39,20.39,20.39,20.39,20.39,20.39
5673,20.39,20.39,20.39,20.39,20.39,20.39,20.39,20.39,20.39,20.39
5674,20.39,20.39,20.39,20.39,20.39,20.39,20.39,20.39,20.39,20.39
5675,20.39,20.39,20.39,20.39,20.39,20.39,20.39,20.39,20.39,20.39
5676,20.39,20.39,20.39,20.39,20.39,20.39,20.39,20.39,20.39,20.39
5677,20.39,20.39,20.39,20.39,20.39,20.39,20.39,20.39,20.39,20.39
5678,20.39,20.39,20.39,20.39,20.39,20.39,20.39,20.39,20.39,20.39
5679,20.39,20.39,20.39,20.39,20.39,20.39,20.39,20.39,20.39,20.39
5680,20.39,20.39,20.39,20.39,20.39,20.39,20.39,20.39,20.39,20.39
5681,20.39,20.39,20.39,20.39,20.39,20.39,20.39,20.39,20.39,20.39
5682,20.39,20.39,20.39,20.39,20.39,20.39,20.39,20.39,20.39,20.39
5683,20.39,20.39,20.39,20.39,20.39,20.39,20.39,20.39,20.39,20.39
5684,20.39,20.39,20.39,20.39,20.39,20.39,20.39,20.39,20.39,20.39
5685,20.39,20.39,20.39,20.39,20.39,20.39,20.39,20.39,20.39,20.39
5686,20.39,20.39,20.39,20.39,20.39,20.39,20.39,20.39,20.39,20.39
5687,20.39,20.39,20.39,20.39,20.39,20.39,20.39,20.39,20.39,20.39
5688,20.39,20.39,20.39,20.39,20.39,20.39,20.39,20.39,20.39,20.39
5689,20.39,20.39,20.39,20.39,20.39,20.39,20.39,20.39,20.39,20.39
5690,20.39,20.39,20.39,20.39,20.39,20.39,20.39,20.39,20.39,20.39
5691,20.39,20.39,20.39,20.39,20.39,20.39,20.39,20.39,20.39,20.39
5692,20.39,20.39,20.39,20.39,20.39,20.39,20.39,20.39,20.39,20.39
5693,20.39,20.39,20.39,20.39,20.39,20.39,20.39,20.39,20.39,20.39
5694,20.39,20.39,20.39,20.39,20.39,20.39,20.39,20.39,20.39,20.39
5695,20.39,20.39,20.39,20.39,20.39,20.39,20.39,20.39,20.39,20.39
5696,20.39,20.39,20.39,20.39,20.39,20.39,20.39,20.39,20.39,20.39
5697,20.39,20.39,20.39,20.39,20.39,20.39,20.39,20.39,20.39,20.39
5698,20.39,20.39,20.39,20.39,20.39,20.39,20.39,20.39,20.39,20.39
5699,20.39,20.39,20.39,20.39,20.39,20.39,20.39,20.39,20.39,20.39
5700,20.39,20.39,20.39,20.39,20.39,20.39,20.39,20.39,20.39,20.39
5701,20.39,20.39,20.39,20.39,20.39,20.39,20.39,20.39,20.39,20.39
5702,20.39,20.39,20.39,20.39,20.39,20.39,20.39,20.39,20.39,20.39
5703,20.39,20.39,20.39,20.39,20.39,20.39,20.39,20.39,20.39,20.39
5704,20.39,20.39,20.39,20.39,20.39,20.39,20.39,20.39,20.39,20.39
5705,20.39,20.39,20.39,20.39,20.39,20.39,20.39,20.39,20.39,20.39
5706,20.39,20.39,20.39,20.39,20.39,20.39,20.39,20.39,20.39,20.39
5707,20.39,20.39,20.39,20.39,20.39,20.39,20.39,20.39,20.39,20.39
5708,20.39,20.39,20.39,20.39,20.39,20.39,20.39,20.39,20.39,20.39
5709,20.39,20.39,20.39,20.39,20.39,20.39,20.39,20.39,20.39,20.39
5710,20.39,20.39,20.39,20.39,20.39,20.39,20.39,20.39,20.39,20.39
5711,20.39,20.39,20.39,20.39,20.39,20.39,20.39,20.39,20.39,20.39
5712,20.39,20.39,20.39,20.39,20.39,20.39,20.39,20.39,20.39,20.39
5713,20.39,20.39,20.39,20.39,20.39,20.39,20.39,20.39,20.39,20.39
5714,20.39,20.39,20.39,20.39,20.39,20.39,20.39,20.39,20.39,20.39
5715,20.39,20.39,20.39,20.39,20.39,20.39,20.39,20.39,20.39,20.39
5716,20.39,20.39,20.39,20.39,20.39,20.39,20.39,20.39,20.39,20.39
5717,20.39,20.39,20.39,20.39,20.39,20.39,20.39,20.39,20.39,20.39
5718,20.39,20.39,20.39,20.39,20.39,20.39,20.39,20.39,20.39,20.39
5719,20.39,20.39,20.39,20.39,20.39,20.39,20.39,20.39,20.39,20.39
5720,20.39,20.39,20.39,20.39,20.39,20.39,20.39,20.39,20.39,20.39
5721,20.39,20.39,20.39,20.39,20.39,20.39,20.39,20.39,20.39,20.39
5722,20.39,20.39,20.39,20.39,20.39,20.39,20.39,20.39,20.39,20.39
5723,20.39,20.39,20.39,20.39,20.39,20.39,20.39,20.39,20.39,20.39
5724,20.39,20.39,20.39,20.39,20.39,20.39,20.39,20.39,20.39,20.39
5725,20.39,20.39,20.39,20.39,20.39,20.39,20.39,20.39,20.39,20.39
5726,20.39,20.39,20.39,20.39,20.39,20.39,20.39,20.39,20.39,20.39
5727,20.39,20.39,20.39,20.39,20.39,20.39,20.39,20.39,20.39,20.39
5728,20.39,20.39,20.39,20.39,20.39,20.39,20.39,20.39,20.39,20.39
5729,20.39,20.39,20.39,20.39,20.39,20.39,20.39,20.39,20.39,20.39
5730,20.39,20.39,20.39,20.39,20.39,20.39,20.39,20.39,20.39,20.39
5731,20.39,20.39,20.39,20.39,20.39,20.39,20.39,20.39,20.39,20.39
5732,20.39,20.39,20.39,20.39,20.39,20.39,20.39,20.39,20.39,20.39
5733,20.39,20.39,20.39,20.39,20.39,20.39,20.39,20.39,20.39,20.39
5734,20.39,20.39,20.39,20.39,20.39,20.39,20.39,20.39,20.39,20.39
5735,20.39,20.39,20.39,20.39,20.39,20.39,20.39,20.39,20.39,20.39
5736,20.39,20.39,20.39,20.39,20.39,20.39,20.39,20.39,20.39,20.39
5737,20.39,20.39,20.39,20.39,20.39,20.39,20.39,20.39,20.39,20.39
5738,20.39,20.39,20.39,20.39,20.39,20.39,20.39,20.39,20.39,20.39
5739,20.39,20.39,20.39,20.39,20.39,20.39,20.39,20.39,20.39,20.39
5740,20.39,20.39,20.39,20.39,20.39,20.39,20.39,20.39,20.39,20.39
5741,20.39,20.39,20.39,20.39,20.39,20.39,20.39,20.39,20.39,20.39
5742,20.39,20.39,20.39,20.39,20.39,20.39,20.39,20.39,20.39,20.39
5743,20.39,20.39,20.39,20.39,20.39,20.39,20.39,20.39,20.39,20.39
5744,20.39,20.39,20.39,20.39,20.39,20.39,20.39,20.39,20.39,20.39
5745,20.39,20.39,20.39,20.39,20.39,20.39,20.39,20.39,20.39,20.39
5746,20.39,20.39,20.39,20.39,20.39,20.39,20.39,20.39,20.39,20.39
5747,20.39,20.39,20.39,20.39,20.39,20.39,20.39,20.39,20.39,20.39
5748,20.39,20.39,20.39,20.39,20.39,20.39,20.39,20.39,20.39,20.39
5749,20.39,20.39,20.39,20.39,20.39,20.39,20.39,20.39,20.39,20.39
5750,20.39,20.39,20.39,20.39,20.39,20.39,20.39,20.39,20.39,20.39
5751,20.39,20.39,20.39,20.39,20.39,20.39,20.39,20.39,20.39,20.39
5752,20.39,20.39,20.39,20.39,20.39,20.39,20.39,20.39,20.39,20.39
5753,20.39,20.39,20.39,20.39,20.39,20.39,20.39,20.39,20.39,20.39
5754,20.39,20.39,20.39,20.39,20.39,20.39,20.39,20.39,20.39,20.39
5755,20.39,20.39,20.39,20.39,20.39,20.39,20.39,20.39,20.39,20.39
5756,20.39,20.39,20.39,20.39,20.39,20.39,20.39,20.39,20.39,20.39
5757,20.39,20.39,20.39,20.39,20.39,20.39,20.39,20.39,20.39,20.39
5758,20.39,20.39,20.39,20.39,20.39,20.39,20.39,20.39,20.39,20.39
5759,20.39,20.39,20.39,20.39,20.39,20.39,20.39,20.39,20.39,20.39
5760,20.39,20.39,20.39,20.39,20.39,20.39,20.39,20.39,20.39,20.39
5761,20.39,20.39,20.39,20.39,20.39,20.39,20.39,20.39,20.39,20.39
5762,20.39,20.39,20.39,20.39,20.39,20.39,20.39,20.39,20.39,20.39
5763,20.39,20.39,20.39,20.39,20.39,20.39,20.39,20.39,20.39,20.39
5764,20.39,20.39,20.39,20.39,20.39,20.39,20.39,20.39,20.39,20.39
5765,20.39,20.39,20.39,20.39,20.39,20.39,20.39,20.39,20.39,20.39
5766,20.39,20.39,20.39,20.39,20.39,20.39,20.39,20.39,20.39,20.39
5767,20.39,20.39,20.39,20.39,20.39,20.39,20.39,20.39,20.39,20.39
5768,20.39,20.39,20.39,20.39,20.39,20.39,20.39,20.39,20.39,20.39
5769,20.39,20.39,20.39,20.39,20.39,20.39,20.39,20.39,20.39,20.39
5770,20.39,20.39,20.39,20.39,20.39,20.39,20.39,20.39,20.39,20.39
5771,20.39,20.39,20.39,20.39,20.39,20.39,20.39,20.39,20.39,20.39
5772,20.39,20.39,20.39,20.39,20.39,20.39,20.39,20.39,20.39,20.39
5773,20.39,20.39,20.39,20.39,20.39,20.39,20.39,20.39,20.39,20.39
5774,20.39,20.39,20.39,20.39,20.39,20.39,20.39,20.39,20.39,20.39
5775,20.39,20.39,20.39,20.39,20.39,20.39,20.39,20.39,20.39,20.39
5776,20.39,20.39,20.39,20.39,20.39,20.39,20.39,20.39,20.39,20.39
5777,20.39,20.39,20.39,20.39,20.39,20.39,20.39,20.39,20.39,20.39
5778,20.39,20.39,20.39,20.39,20.39,20.39,20.39,20.39,20.39,20.39
5779,20.39,20.39,20.39,20.39,20.39,20.39,20.39,20.39,20.39,20.39
5780,20.39,20.39,20.39,20.39,20.39,20.39,20.39,20.39,20.39,20.39
5781,20.39,20.39,20.39,20.39,20.39,20.39,20.39,20.39,20.39,20.39
5782,20.39,20.39,20.39,20.39,20.39,20.39,20.39,20.39,20.39,20.39
5783,20.39,20.39,20.39,20.39,20.39,20.39,20.39,20.39,20.39,20.39
5784,20.39,20.39,20.39,20.39,20.39,20.39,20.39,20.39,20.39,20.39
5785,20.39,20.39,20.39,20.39,20.39,20.39,20.39,20.39,20.39,20.39
5786,20.39,20.39,20.39,20.39,20.39,20.39,20.39,20.39,20.39,20.39
5787,20.39,20.39,20.39,20.39,20.39,20.39,20.39,20.39,20.39,20.39
5788,20.39,20.39,20.39,20.39,20.39,20.39,20.39,20.39,20.39,20.39
5789,20.39,20.39,20.39,20.39,20.39,20.39,20.39,20.39,20.39,20.39
5790,20.39,20.39,20.39,20.39,20.39,20.39,20.39,20.39,20.39,20.39
5791,20.39,20.39,20.39,20.39,20.39,20.39,20.39,20.39,20.39,20.39
5792,20.39,20.39,20.39,20.39,20.39,20.39,20.39,20.39,20.39,20.39
5793,20.39,20.39,20.39,20.39,20.39,20.39,20.39,20.39,20.39,20.39
5794,20.39,20.39,20.39,20.39,20.39,20.39,20.39,20.39,20.39,20.39
5795,20.39,20.39,20.39,20.39,20.39,20.39,20.39,20.39,20.39,20.39
5796,20.39,20.39,20.39,20.39,20.39,20.39,20.39,20.39,20.39,20.39
5797,20.39,20.39,20.39,20.39,20.39,20.39,20.39,20.39,20.39,20.39
5798,20.39,20.39,20.39,20.39,20.39,20.39,20.39,20.39,20.39,20.39
5799,20.39,20.39,20.39,20.39,20.39,20.39,20.39,20.39,20.39,20.39
5800,20.39,20.39,20.39,20.39,20.39,20.39,20.39,20.39,20.39,20.39
5801,20.39,20.39,20.39,20.39,20.39,20.39,20.39,20.39,20.39,20.39
5802,20.39,20.39,20.39,20.39,20.39,20.39,20.39,20.39,20.39,20.39
5803,20.39,20.39,20.39,20.39,20.39,20.39,20.39,20.39,20.39,20.39
5804,20.39,20.39,20.39,20.39,20.39,20.39,20.39,20.39,20.39,20.39
5805,20.39,20.39,20.39,20.39,20.39,20.39,20.39,20.39,20.39,20.39
5806,20.39,20.39,20.39,20.39,20.39,20.39,20.39,20.39,20.39,20.39
5807,20.39,20.39,20.39,20.39,20.39,20.39,20.39,20.39,20.39,20.39
5808,20.39,20.39,20.39,20.39,20.39,20.39,20.39,20.39,20.39,20.39
5809,20.39,20.39,20.39,20.39,20.39,20.39,20.39,20.39,20.39,20.39
5810,20.39,20.39,20.39,20.39,20.39,20.39,20.39,20.39,20.39,20.39
5811,20.39,20.39,20.39,20.39,20.39,20.39,20.39,20.39,20.39,20.39
5812,20.39,20.39,20.39,20.39,20.39,20.39,20.39,20.39,20.39,20.39
5813,20.39,20.39,20.39,20.39,20.39,20.39,20.39,20.39,20.39,20.39
5814,20.39,20.39,20.39,20.39,20.39,20.39,20.39,20.39,20.39,20.39
5815,20.39,20.39,20.39,20.39,20.39,20.39,20.39,20.39,20.39,20.39
5816,20.39,20.39,20.39,20.39,20.39,20.39,20.39,20.39,20.39,20.39
5817,20.39,20.39,20.39,20.39,20.39,20.39,20.39,20.39,20.39,20.39
5818,20.39,20.39,20.39,20.39,20.39,20.39,20.39,20.39,20.39,20.39
5819,20.39,20.39,20.39,20.39,20.39,20.39,20.39,20.39,20.39,20.39
5820,20.39,20.39,20.39,20.39,20.39,20.39,20.39,20.39,20.39,20.39
5821,20.39,20.39,20.39,20.39,20.39,20.39,20.39,20.39,20.39,20.39
5822,20.39,20.39,20.39,20.39,20.39,20.39,20.39,20.39,20.39,20.39
5823,20.39,20.39,20.39,20.39,20.39,20.39,20.39,20.39,20.39,20.39
5824,20.39,20.39,20.39,20.39,20.39,20.39,20.39,20.39,20.39,20.39
5825,20.39,20.39,20.39,20.39,20.39,20.39,20.39,20.39,20.39,20.39
5826,20.39,20.39,20.39,20.39,20.39,20.39,20.39,20.39,20.39,20.39
5827,20.39,20.39,20.39,20.39,20.39,20.39,20.39,20.39,20.39,20.39
5828,20.39,20.39,20.39,20.39,20.39,20.39,20.39,20.39,20.39,20.39
5829,20.39,20.39,20.39,20.39,20.39,20.39,20.39,20.39,20.39,20.39
5830,20.39,20.39,20.39,20.39,20.39,20.39,20.39,20.39,20.39,20.39
5831,20.39,20.39,20.39,20.39,20.39,20.39,20.39,20.39,20.39,20.39
5832,20.39,20.39,20.39,20.39,20.39,20.39,20.39,20.39,20.39,20.39
5833,20.39,20.39,20.39,20.39,20.39,20.39,20.39,20.39,20.39,20.39
5834,20.39,20.39,20.39,20.39,20.39,20.39,20.39,20.39,20.39,20.39
5835,20.39,20.39,20.39,20.39,20.39,20.39,20.39,20.39,20.39,20.39
5836,20.39,20.39,20.39,20.39,20.39,20.39,20.39,20.39,20.39,20.39
5837,20.39,20.39,20.39,20.39,20.39,20.39,20.39,20.39,20.39,20.39
5838,20.39,20.39,20.39,20.39,20.39,20.39,20.39,20.39,20.39,20.39
5839,20.39,20.39,20.39,20.39,20.39,20.39,20.39,20.39,20.39,20.39
5840,20.39,20.39,20.39,20.39,20.39,20.39,20.39,20.39,20.39,20.39
5841,20.39,20.39,20.39,20.39,20.39,20.39,20.39,20.39,20.39,20.39
5842,20.39,20.39,20.39,20.39,20.39,20.39,20.39,20.39,20.39,20.39
5843,20.39,20.39,20.39,20.39,20.39,20.39,20.39,20.39,20.39,20.39
5844,20.39,20.39,20.39,20.39,20.39,20.39,20.39,20.39,20.39,20.39
5845,20.39,20.39,20.39,20.39,20.39,20.39,20.39,20.39,20.39,20.39
5846,20.39,20.39,20.39,20.39,20.39,20.39,20.39,20.39,20.39,20.39
5847,20.39,20.39,20.39,20.39,20.39,20.39,20.39,20.39,20.39,20.39
5848,20.39,20.39,20.39,20.39,20.39,20.39,20.39,20.39,20.39,20.39
5849,20.39,20.39,20.39,20.39,20.39,20.39,20.39,20.39,20.39,20.39
5850,20.39,20.39,20.39,20.39,20.39,20.39,20.39,20.39,20.39,20.39
5851,20.39,20.39,20.39,20.39,20.39,20.39,20.39,20.39,20.39,20.39
5852,20.39,20.39,20.39,20.39,20.39,20.39,20.39,20.39,20.39,20.39
5853,20.39,20.39,20.39,20.39,20.39,20.39,20.39,20.39,20.39,20.39
5854,20.39,20.39,20.39,20.39,20.39,20.39,20.39,20.39,20.39,20.39
5855,20.39,20.39,20.39,20.39,20.39,20.39,20.39,20.39,20.39,20.39
5856,20.39,20.39,20.39,20.39,20.39,20.39,20.39,20.39,20.39,20.39
5857,20.39,20.39,20.39,20.39,20.39,20.39,20.39,20.39,20.39,20.39
5858,20.39,20.39,20.39,20.39,20.39,20.39,20.39,20.39,20.39,20.39
5859,20.39,20.39,20.39,20.39,20.39,20.39,20.39,20.39,20.39,20.39
5860,20.39,20.39,20.39,20.39,20.39,20.39,20.39,20.39,20.39,20.39
5861,20.39,20.39,20.39,20.39,20.39,20.39,20.39,20.39,20.39,20.39
5862,20.39,20.39,20.39,20.39,20.39,20.39,20.39,20.39,20.39,20.39
5863,20.39,20.39,20.39,20.39,20.39,20.39,20.39,20.39,20.39,20.39
5864,20.39,20.39,20.39,20.39,20.39,20.39,20.39,20.39,20.39,20.39
5865,20.39,20.39,20.39,20.39,20.39,20.39,20.39,20.39,20.39,20.39
5866,20.39,20.39,20.39,20.39,20.39,20.39,20.39,20.39,20.39,20.39
5867,20.39,20.39,20.39,20.39,20.39,20.39,20.39,20.39,20.39,20.39
5868,20.39,20.39,20.39,20.39,20.39,20.39,20.39,20.39,20.39,20.39
5869,20.39,20.39,20.39,20.39,20.39,20.39,20.39,20.39,20.39,20.39
5870,20.39,20.39,20.39,20.39,20.39,20.39,20.39,20.39,20.39,20.39
5871,20.39,20.39,20.39,20.39,20.39,20.39,20.39,20.39,20.39,20.39
5872,20.39,20.39,20.39,20.39,20.39,20.39,20.39,20.39,20.39,20.39
5873,20.39,20.39,20.39,20.39,20.39,20.39,20.39,20.39,20.39,20.39
5874,20.39,20.39,20.39,20.39,20.39,20.39,20.39,20.39,20.39,20.39
5875,20.39,20.39,20.39,20.39,20.39,20.39,20.39,20.39,20.39,20.39
5876,20.39,20.39,20.39,20.39,20.39,20.39,20.39,20.39,20.39,20.39
5877,20.39,20.39,20.39,20.39,20.39,20.39,20.39,20.39,20.39,20.39
5878,20.39,20.39,20.39,20.39,20.39,20.39,20.39,20.39,20.39,20.39
5879,20.39,20.39,20.39,20.39,20.39,20.39,20.39,20.39,20.39,20.39
5880,20.39,20.39,20.39,20.39,20.39,20.39,20.39,20.39,20.39,20.39
5881,20.39,20.39,20.39,20.39,20.39,20.39,20.39,20.39,20.39,20.39
5882,20.39,20.39,20.39,20.39,20.39,20.39,20.39,20.39,20.39,20.39
5883,20.39,20.39,20.39,20.39,20.39,20.39,20.39,20.39,20.39,20.39
5884,20.39,20.39,20.39,20.39,20.39,20.39,20.39,20.39,20.39,20.39
5885,20.39,20.39,20.39,20.39,20.39,20.39,20.39,20.39,20.39,20.39
5886,20.39,20.39,20.39,20.39,20.39,20.39,20.39,20.39,20.39,20.39
5887,20.39,20.39,20.39,20.39,20.39,20.39,20.39,20.39,20.39,20.39
5888,20.39,20.39,20.39,20.39,20.39,20.39,20.39,20.39,20.39,20.39
5889,20.39,20.39,20.39,20.39,20.39,20.39,20.39,20.39,20.39,20.39
5890,20.39,20.39,20.39,20.39,20.39,20.39,20.39,20.39,20.39,20.39
5891,20.39,20.39,20.39,20.39,20.39,20.39,20.39,20.39,20.39,20.39
5892,20.39,20.39,20.39,20.39,20.39,20.39,20.39,20.39,20.39,20.39
5893,20.39,20.39,20.39,20.39,20.39,20.39,20.39,20.39,20.39,20.39
5894,20.39,20.39,20.39,20.39,20.39,20.39,20.39,20.39,20.39,20.39
5895,20.39,20.39,20.39,20.39,20.39,20.39,20.39,20.39,20.39,20.39
5896,20.39,20.39,20.39,20.39,20.39,20.39,20.39,20.39,20.39,20.39
5897,20.39,20.39,20.39,20.39,20.39,20.39,20.39,20.39,20.39,20.39
5898,20.39,20.39,20.39,20.39,20.39,20.39,20.39,20.39,20.39,20.39
5899,20.39,20.39,20.39,20.39,20.39,20.39,20.39,20.39,20.39,20.39
5900,20.39,20.39,20.39,20.39,20.39,20.39,20.39,20.39,20.39,20.39
5901,20.39,20.39,20.39,20.39,20.39,20.39,20.39,20.39,20.39,20.39
5902,20.39,20.39,20.39,20.39,20.39,20.39,20.39,20.39,20.39,20.39
5903,20.39,20.39,20.39,20.39,20.39,20.39,20.39,20.39,20.39,20.39
5904,20.39,20.39,20.39,20.39,20.39,20.39,20.39,20.39,20.39,20.39
5905,20.39,20.39,20.39,20.39,20.39,20.39,20.39,20.39,20.39,20.39
5906,20.39,20.39,20.39,20.39,20.39,20.39,20.39,20.39,20.39,20.39
5907,20.39,20.39,20.39,20.39,20.39,20.39,20.39,20.39,20.39,20.39
5908,20.39,20.39,20.39,20.39,20.39,20.39,20.39,20.39,20.39,20.39
5909,20.39,20.39,20.39,20.39,20.39,20.39,20.39,20.39,20.39,20.39
5910,20.39,20.39,20.39,20.39,20.39,20.39,20.39,20.39,20.39,20.39
5911,20.39,20.39,20.39,20.39,20.39,20.39,20.39,20.39,20.39,20.39
5912,20.39,20.39,20.39,20.39,20.39,20.39,20.39,20.39,20.39,20.39
5913,20.39,20.39,20.39,20.39,20.39,20.39,20.39,20.39,20.39,20.39
5914,20.39,20.39,20.39,20.39,20.39,20.39,20.39,20.39,20.39,20.39
5915,20.39,20.39,20.39,20.39,20.39,20.39,20.39,20.39,20.39,20.39
5916,20.39,20.39,20.39,20.39,20.39,20.39,20.39,20.39,20.39,20.39
5917,20.39,20.39,20.39,20.39,20.39,20.39,20.39,20.39,20.39,20.39
5918,20.39,20.39,20.39,20.39,20.39,20.39,20.39,20.39,20.39,20.39
5919,20.39,20.39,20.39,20.39,20.39,20.39,20.39,20.39,20.39,20.39
5920,20.39,20.39,20.39,20.39,20.39,20.39,20.39,20.39,20.39,20.39
5921,20.39,20.39,20.39,20.39,20.39,20.39,20.39,20.39,20.39,20.39
5922,20.39,20.39,20.39,20.39,20.39,20.39,20.39,20.39,20.39,20.39
5923,20.39,20.39,20.39,20.39,20.39,20.39,20.39,20.39,20.39,20.39
5924,20.39,20.39,20.39,20.39,20.39,20.39,20.39,20.39,20.39,20.39
5925,20.39,20.39,20.39,20.39,20.39,20.39,20.39,20.39,20.39,20.39
5926,20.39,20.39,20.39,20.39,20.39,20.39,20.39,20.39,20.39,20.39
5927,20.39,20.39,20.39,20.39,20.39,20.39,20.39,20.39,20.39,20.39
5928,20.39,20.39,20.39,20.39,20.39,20.39,20.39,20.39,20.39,20.39
5929,20.39,20.39,20.39,20.39,20.39,20.39,20.39,20.39,20.39,20.39
5930,20.39,20.39,20.39,20.39,20.39,20.39,20.39,20.39,20.39,20.39
5931,20.39,20.39,20.39,20.39,20.39,20.39,20.39,20.39,20.39,20.39
5932,20.39,20.39,20.39,20.39,20.39,20.39,20.39,20.39,20.39,20.39
5933,20.39,20.39,20.39,20.39,20.39,20.39,20.39,20.39,20.39,20.39
5934,20.39,20.39,20.39,20.39,20.39,20.39,20.39,20.39,20.39,20.39
5935,20.39,20.39,20.39,20.39,20.39,20.39,20.39,20.39,20.39,20.39
5936,20.39,20.39,20.39,20.39,20.39,20.39,20.39,20.39,20.39,20.39
5937,20.39,20.39,20.39,20.39,20.39,20.39,20.39,20.39,20.39,20.39
5938,20.39,20.39,20.39,20.39,20.39,20.39,20.39,20.39,20.39,20.39
5939,20.39,20.39,20.39,20.39,20.39,20.39,20.39,20.39,20.39,20.39
5940,20.39,20.39,20.39,20.39,20.39,20.39,20.39,20.39,20.39,20.39
5941,20.39,20.39,20.39,20.39,20.39,20.39,20.39,20.39,20.39,20.39
5942,20.39,20.39,20.39,20.39,20.39,20.39,20.39,20.39,20.39,20.39
5943,20.39,20.39,20.39,20.39,20.39,20.39,20.39,20.39,20.39,20.39
5944,20.39,20.39,20.39,20.39,20.39,20.39,20.39,20.39,20.39,20.39
5945,20.39,20.39,20.39,20.39,20.39,20.39,20.39,20.39,20.39,20.39
5946,20.39,20.39,20.39,20.39,20.39,20.39,20.39,20.39,20.39,20.39
5947,20.39,20.39,20.39,20.39,20.39,20.39,20.39,20.39,20.39,20.39
5948,20.39,20.39,20.39,20.39,20.39,20.39,20.39,20.39,20.39,20.39
5949,20.39,20.39,20.39,20.39,20.39,20.39,20.39,20.39,20.39,20.39
5950,20.39,20.39,20.39,20.39,20.39,20.39,20.39,20.39,20.39,20.39
5951,20.39,20.39,20.39,20.39,20.39,20.39,20.39,20.39,20.39,20.39
5952,20.39,20.39,20.39,20.39,20.39,20.39,20.39,20.39,20.39,20.39
5953,20.39,20.39,20.39,20.39,20.39,20.39,20.39,20.39,20.39,20.39
5954,20.39,20.39,20.39,20.39,20.39,20.39,20.39,20.39,20.39,20.39
5955,20.39,20.39,20.39,20.39,20.39,20.39,20.39,20.39,20.39,20.39
5956,20.39,20.39,20.39,20.39,20.39,20.39,20.39,20.39,20.39,20.39
5957,20.39,20.39,20.39,20.39,20.39,20.39,20.39,20.39,20.39,20.39
5958,20.39,20.39,20.39,20.39,20.39,20.39,20.39,20.39,20.39,20.39
5959,20.39,20.39,20.39,20.39,20.39,20.39,20.39,20.39,20.39,20.39
5960,20.39,20.39,20.39,20.39,20.39,20.39,20.39,20.39,20.39,20.39
5961,20.39,20.39,20.39,20.39,20.39,20.39,20.39,20.39,20.39,20.39
5962,20.39,20.39,20.39,20.39,20.39,20.39,20.39,20.39,20.39,20.39
5963,20.39,20.39,20.39,20.39,20.39,20.39,20.39,20.39,20.39,20.39
5964,20.39,20.39,20.39,20.39,20.39,20.39,20.39,20.39,20.39,20.39
5965,20.39,20.39,20.39,20.39,20.39,20.39,20.39,20.39,20.39,20.39
5966,20.39,20.39,20.39,20.39,20.39,20.39,20.39,20.39,20.39,20.39
5967,20.39,20.39,20.39,20.39,20.39,20.39,20.39,20.39,20.39,20.39
5968,20.39,20.39,20.39,20.39,20.39,20.39,20.39,20.39,20.39,20.39
5969,20.39,20.39,20.39,20.39,20.39,20.39,20.39,20.39,20.39,20.39
5970,20.39,20.39,20.39,20.39,20.39,20.39,20.39,20.39,20.39,20.39
5971,20.39,20.39,20.39,20.39,20.39,20.39,20.39,20.39,20.39,20.39
5972,20.39,20.39,20.39,20.39,20.39,20.39,20.39,20.39,20.39,20.39
5973,20.39,20.39,20.39,20.39,20.39,20.39,20.39,20.39,20.39,20.39
5974,20.39,20.39,20.39,20.39,20.39,20.39,20.39,20.39,20.39,20.39
5975,20.39,20.39,20.39,20.39,20.39,20.39,20.39,20.39,20.39,20.39
5976,20.39,20.39,20.39,20.39,20.39,20.39,20.39,20.39,20.39,20.39
5977,20.39,20.39,20.39,20.39,20.39,20.39,20.39,20.39,20.39,20.39
5978,20.39,20.39,20.39,20.39,20.39,20.39,20.39,20.39,20.39,20.39
5979,20.39,20.39,20.39,20.39,20.39,20.39,20.39,20.39,20.39,20.39
5980,20.39,20.39,20.39,20.39,20.39,20.39,20.39,20.39,20.39,20.39
5981,20.39,20.39,20.39,20.39,20.39,20.39,20.39,20.39,20.39,20.39
5982,20.39,20.39,20.39,20.39,20.39,20.39,20.39,20.39,20.39,20.39
5983,20.39,20.39,20.39,20.39,20.39,20.39,20.39,20.39,20.39,20.39
5984,20.39,20.39,20.39,20.39,20.39,20.39,20.39,20.39,20.39,20.39
5985,20.39,20.39,20.39,20.39,20.39,20.39,20.39,20.39,20.39,20.39
5986,20.39,20.39,20.39,20.39,20.39,20.39,20.39,20.39,20.39,20.39
5987,20.39,20.39,20.39,20.39,20.39,20.39,20.39,20.39,20.39,20.39
5988,20.39,20.39,20.39,20.39,20.39,20.39,20.39,20.39,20.39,20.39
5989,20.39,20.39,20.39,20.39,20.39,20.39,20.39,20.39,20.39,20.39
5990,20.39,20.39,20.39,20.39,20.39,20.39,20.39,20.39,20.39,20.39
5991,20.39,20.39,20.39,20.39,20.39,20.39,20.39,20.39,20.39,20.39
5992,20.39,20.39,20.39,20.39,20.39,20.39,20.39,20.39,20.39,20.39
5993,20.39,20.39,20.39,20.39,20.39,20.39,20.39,20.39,20.39,20.39
5994,20.39,20.39,20.39,20.39,20.39,20.39,20.39,20.39,20.39,20.39
5995,20.39,20.39,20.39,20.39,20.39,20.39,20.39,20.39,20.39,20.39
5996,20.39,20.39,20.39,20.39,20.39,20.39,20.39,20.39,20.39,20.39
5997,20.39,20.39,20.39,20.39,20.39,20.39,20.39,20.39,20.39,20.39
5998,20.39,20.39,20.39,20.39,20.39,20.39,20.39,20.39,20.39,20.39
5999,20.39,20.39,20.39,20.39,20.39,20.39,20.39,20.39,20.39,20.39
6000,20.39,20.39,20.39,20.39,20.39,20.39,20.39,20.39,20.39,20.39
6001,20.39,20.39,20.39,20.39,20.39,20.39,20.39,20.39,20.39,20.39
6002,20.39,20.39,20.39,20.39,20.39,20.39,20.39,20.39,20.39,20.39
6003,20.39,20.39,20.39,20.39,20.39,20.39,20.39,20.39,20.39,20.39
6004,20.39,20.39,20.39,20.39,20.39,20.39,20.39,20.39,20.39,20.39
6005,20.39,20.39,20.39,20.39,20.39,20.39,20.39,20.39,20.39,20.39
6006,20.39,20.39,20.39,20.39,20.39,20.39,20.39,20.39,20.39,20.39
6007,20.39,20.39,20.39,20.39,20.39,20.39,20.39,20.39,20.39,20.39
6008,20.39,20.39,20.39,20.39,20.39,20.39,20.39,20.39,20.39,20.39
6009,20.39,20.39,20.39,20.39,20.39,20.39,20.39,20.39,20.39,20.39
6010,20.39,20.39,20.39,20.39,20.39,20.39,20.39,20.39,20.39,20.39
6011,20.39,20.39,20.39,20.39,20.39,20.39,20.39,20.39,20.39,20.39
6012,20.39,20.39,20.39,20.39,20.39,20.39,20.39,20.39,20.39,20.39
6013,20.39,20.39,20.39,20.39,20.39,20.39,20.39,20.39,20.39,20.39
6014,20.39,20.39,20.39,20.39,20.39,20.39,20.39,20.39,20.39,20.39
6015,20.39,20.39,20.39,20.39,20.39,20.39,20.39,20.39,20.39,20.39
6016,20.39,20.39,20.39,20.39,20.39,20.39,20.39,20.39,20.39,20.39
6017,20.39,20.39,20.39,20.39,20.39,20.39,20.39,20.39,20.39,20.39
6018,20.39,20.39,20.39,20.39,20.39,20.39,20.39,20.39,20.39,20.39
6019,20.39,20.39,20.39,20.39,20.39,20.39,20.39,20.39,20.39,20.39
6020,20.39,20.39,20.39,20.39,20.39,20.39,20.39,20.39,20.39,20.39
6021,20.39,20.39,20.39,20.39,20.39,20.39,20.39,20.39,20.39,20.39
6022,20.39,20.39,20.39,20.39,20.39,20.39,20.39,20.39,20.39,20.39
6023,20.39,20.39,20.39,20.39,20.39,20.39,20.39,20.39,20.39,20.39
6024,20.39,20.39,20.39,20.39,20.39,20.39,20.39,20.39,20.39,20.39
6025,20.39,20.39,20.39,20.39,20.39,20.39,20.39,20.39,20.39,20.39
6026,20.39,20.39,20.39,20.39,20.39,20.39,20.39,20.39,20.39,20.39
6027,20.39,20.39,20.39,20.39,20.39,20.39,20.39,20.39,20.39,20.39
6028,20.39,20.39,20.39,20.39,20.39,20.39,20.39,20.39,20.39,20.39
6029,20.39,20.39,20.39,20.39,20.39,20.39,20.39,20.39,20.39,20.39
6030,20.39,20.39,20.39,20.39,20.39,20.39,20.39,20.39,20.39,20.39
6031,20.39,20.39,20.39,20.39,20.39,20.39,20.39,20.39,20.39,20.39
6032,20.39,20.39,20.39,20.39,20.39,20.39,20.39,20.39,20.39,20.39
6033,20.39,20.39,20.39,20.39,20.39,20.39,20.39,20.39,20.39,20.39
6034,20.39,20.39,20.39,20.39,20.39,20.39,20.39,20.39,20.39,20.39
6035,20.39,20.39,20.39,20.39,20.39,20.39,20.39,20.39,20.39,20.39
6036,20.39,20.39,20.39,20.39,20.39,20.39,20.39,20.39,20.39,20.39
6037,20.39,20.39,20.39,20.39,20.39,20.39,20.39,20.39,20.39,20.39
6038,20.39,20.39,20.39,20.39,20.39,20.39,20.39,20.39,20.39,20.39
6039,20.39,20.39,20.39,20.39,20.39,20.39,20.39,20.39,20.39,20.39
6040,20.39,20.39,20.39,20.39,20.39,20.39,20.39,20.39,20.39,20.39
6041,20.39,20.39,20.39,20.39,20.39,20.39,20.39,20.39,20.39,20.39
6042,20.39,20.39,20.39,20.39,20.39,20.39,20.39,20.39,20.39,20.39
6043,20.39,20.39,20.39,20.39,20.39,20.39,20.39,20.39,20.39,20.39
6044,20.39,20.39,20.39,20.39,20.39,20.39,20.39,20.39,20.39,20.39
6045,20.39,20.39,20.39,20.39,20.39,20.39,20.39,20.39,20.39,20.39
6046,20.39,20.39,20.39,20.39,20.39,20.39,20.39,20.39,20.39,20.39
6047,20.39,20.39,20.39,20.39,20.39,20.39,20.39,20.39,20.39,20.39
6048,20.39,20.39,20.39,20.39,20.39,20.39,20.39,20.39,20.39,20.39
6049,20.39,20.39,20.39,20.39,20.39,20.39,20.39,20.39,20.39,20.39
6050,20.39,20.39,20.39,20.39,20.39,20.39,20.39,20.39,20.39,20.39
6051,20.39,20.39,20.39,20.39,20.39,20.39,20.39,20.39,20.39,20.39
6052,20.39,20.39,20.39,20.39,20.39,20.39,20.39,20.39,20.39,20.39
6053,20.39,20.39,20.39,20.39,20.39,20.39,20.39,20.39,20.39,20.39
6054,20.39,20.39,20.39,20.39,20.39,20.39,20.39,20.39,20.39,20.39
6055,20.39,20.39,20.39,20.39,20.39,20.39,20.39,20.39,20.39,20.39
6056,20.39,20.39,20.39,20.39,20.39,20.39,20.39,20.39,20.39,20.39
6057,20.39,20.39,20.39,20.39,20.39,20.39,20.39,20.39,20.39,20.39
6058,20.39,20.39,20.39,20.39,20.39,20.39,20.39,20.39,20.39,20.39
6059,20.39,20.39,20.39,20.39,20.39,20.39,20.39,20.39,20.39,20.39
6060,20.39,20.39,20.39,20.39,20.39,20.39,20.39,20.39,20.39,20.39
6061,20.39,20.39,20.39,20.39,20.39,20.39,20.39,20.39,20.39,20.39
6062,20.39,20.39,20.39,20.39,20.39,20.39,20.39,20.39,20.39,20.39
6063,20.39,20.39,20.39,20.39,20.39,20.39,20.39,20.39,20.39,20.39
6064,20.39,20.39,20.39,20.39,20.39,20.39,20.39,20.39,20.39,20.39
6065,20.39,20.39,20.39,20.39,20.39,20.39,20.39,20.39,20.39,20.39
6066,20.39,20.39,20.39,20.39,20.39,20.39,20.39,20.39,20.39,20.39
6067,20.39,20.39,20.39,20.39,20.39,20.39,20.39,20.39,20.39,20.39
6068,20.39,20.39,20.39,20.39,20.39,20.39,20.39,20.39,20.39,20.39
6069,20.39,20.39,20.39,20.39,20.39,20.39,20.39,20.39,20.39,20.39
6070,20.39,20.39,20.39,20.39,20.39,20.39,20.39,20.39,20.39,20.39
6071,20.39,20.39,20.39,20.39,20.39,20.39,20.39,20.39,20.39,20.39
6072,20.39,20.39,20.39,20.39,20.39,20.39,20.39,20.39,20.39,20.39
6073,20.39,20.39,20.39,20.39,20.39,20.39,20.39,20.39,20.39,20.39
6074,20.39,20.39,20.39,20.39,20.39,20.39,20.39,20.39,20.39,20.39
6075,20.39,20.39,20.39,20.39,20.39,20.39,20.39,20.39,20.39,20.39
6076,20.39,20.39,20.39,20.39,20.39,20.39,20.39,20.39,20.39,20.39
6077,20.39,20.39,20.39,20.39,20.39,20.39,20.39,20.39,20.39,20.39
6078,20.39,20.39,20.39,20.39,20.39,20.39,20.39,20.39,20.39,20.39
6079,20.39,20.39,20.39,20.39,20.39,20.39,20.39,20.39,20.39,20.39
6080,20.39,20.39,20.39,20.39,20.39,20.39,20.39,20.39,20.39,20.39
6081,20.39,20.39,20.39,20.39,20.39,20.39,20.39,20.39,20.39,20.39
6082,20.39,20.39,20.39,20.39,20.39,20.39,20.39,20.39,20.39,20.39
6083,20.39,20.39,20.39,20.39,20.39,20.39,20.39,20.39,20.39,20.39
6084,20.39,20.39,20.39,20.39,20.39,20.39,20.39,20.39,20.39,20.39
6085,20.39,20.39,20.39,20.39,20.39,20.39,20.39,20.39,20.39,20.39
6086,20.39,20.39,20.39,20.39,20.39,20.39,20.39,20.39,20.39,20.39
6087,20.39,20.39,20.39,20.39,20.39,20.39,20.39,20.39,20.39,20.39
6088,20.39,20.39,20.39,20.39,20.39,20.39,20.39,20.39,20.39,20.39
6089,20.39,20.39,20.39,20.39,20.39,20.39,20.39,20.39,20.39,20.39
6090,20.39,20.39,20.39,20.39,20.39,20.39,20.39,20.39,20.39,20.39
6091,20.39,20.39,20.39,20.39,20.39,20.39,20.39,20.39,20.39,20.39
6092,20.39,20.39,20.39,20.39,20.39,20.39,20.39,20.39,20.39,20.39
6093,20.39,20.39,20.39,20.39,20.39,20.39,20.39,20.39,20.39,20.39
6094,20.39,20.39,20.39,20.39,20.39,20.39,20.39,20.39,20.39,20.39
6095,20.39,20.39,20.39,20.39,20.39,20.39,20.39,20.39,20.39,20.39
6096,20.39,20.39,20.39,20.39,20.39,20.39,20.39,20.39,20.39,20.39
6097,20.39,20.39,20.39,20.39,20.39,20.39,20.39,20.39,20.39,20.39
6098,20.39,20.39,20.39,20.39,20.39,20.39,20.39,20.39,20.39,20.39
6099,20.39,20.39,20.39,20.39,20.39,20.39,20.39,20.39,20.39,20.39
6100,20.39,20.39,20.39,20.39,20.39,20.39,20.39,20.39,20.39,20.39
6101,20.39,20.39,20.39,20.39,20.39,20.39,20.39,20.39,20.39,20.39
6102,20.39,20.39,20.39,20.39,20.39,20.39,20.39,20.39,20.39,20.39
6103,20.39,20.39,20.39,20.39,20.39,20.39,20.39,20.39,20.39,20.39
6104,20.39,20.39,20.39,20.39,20.39,20.39,20.39,20.39,20.39,20.39
6105,20.39,20.39,20.39,20.39,20.39,20.39,20.39,20.39,20.39,20.39
6106,20.39,20.39,20.39,20.39,20.39,20.39,20.39,20.39,20.39,20.39
6107,20.39,20.39,20.39,20.39,20.39,20.39,20.39,20.39,20.39,20.39
6108,20.39,20.39,20.39,20.39,20.39,20.39,20.39,20.39,20.39,20.39
6109,20.39,20.39,20.39,20.39,20.39,20.39,20.39,20.39,20.39,20.39
6110,20.39,20.39,20.39,20.39,20.39,20.39,20.39,20.39,20.39,20.39
6111,20.39,20.39,20.39,20.39,20.39,20.39,20.39,20.39,20.39,20.39
6112,20.39,20.39,20.39,20.39,20.39,20.39,20.39,20.39,20.39,20.39
6113,20.39,20.39,20.39,20.39,20.39,20.39,20.39,20.39,20.39,20.39
6114,20.39,20.39,20.39,20.39,20.39,20.39,20.39,20.39,20.39,20.39
6115,20.39,20.39,20.39,20.39,20.39,20.39,20.39,20.39,20.39,20.39
6116,20.39,20.39,20.39,20.39,20.39,20.39,20.39,20.39,20.39,20.39
6117,20.39,20.39,20.39,20.39,20.39,20.39,20.39,20.39,20.39,20.39
6118,20.39,20.39,20.39,20.39,20.39,20.39,20.39,20.39,20.39,20.39
6119,20.39,20.39,20.39,20.39,20.39,20.39,20.39,20.39,20.39,20.39
6120,20.39,20.39,20.39,20.39,20.39,20.39,20.39,20.39,20.39,20.39
6121,20.39,20.39,20.39,20.39,20.39,20.39,20.39,20.39,20.39,20.39
6122,20.39,20.39,20.39,20.39,20.39,20.39,20.39,20.39,20.39,20.39
6123,20.39,20.39,20.39,20.39,20.39,20.39,20.39,20.39,20.39,20.39
6124,20.39,20.39,20.39,20.39,20.39,20.39,20.39,20.39,20.39,20.39
6125,20.39,20.39,20.39,20.39,20.39,20.39,20.39,20.39,20.39,20.39
6126,20.39,20.39,20.39,20.39,20.39,20.39,20.39,20.39,20.39,20.39
6127,20.39,20.39,20.39,20.39,20.39,20.39,20.39,20.39,20.39,20.39
6128,20.39,20.39,20.39,20.39,20.39,20.39,20.39,20.39,20.39,20.39
6129,20.39,20.39,20.39,20.39,20.39,20.39,20.39,20.39,20.39,20.39
6130,20.39,20.39,20.39,20.39,20.39,20.39,20.39,20.39,20.39,20.39
6131,20.39,20.39,20.39,20.39,20.39,20.39,20.39,20.39,20.39,20.39
6132,20.39,20.39,20.39,20.39,20.39,20.39,20.39,20.39,20.39,20.39
6133,20.39,20.39,20.39,20.39,20.39,20.39,20.39,20.39,20.39,20.39
6134,20.39,20.39,20.39,20.39,20.39,20.39,20.39,20.39,20.39,20.39
6135,20.39,20.39,20.39,20.39,20.39,20.39,20.39,20.39,20.39,20.39
6136,20.39,20.39,20.39,20.39,20.39,20.39,20.39,20.39,20.39,20.39
6137,20.39,20.39,20.39,20.39,20.39,20.39,20.39,20.39,20.39,20.39
6138,20.39,20.39,20.39,20.39,20.39,20.39,20.39,20.39,20.39,20.39
6139,20.39,20.39,20.39,20.39,20.39,20.39,20.39,20.39,20.39,20.39
6140,20.39,20.39,20.39,20.39,20.39,20.39,20.39,20.39,20.39,20.39
6141,20.39,20.39,20.39,20.39,20.39,20.39,20.39,20.39,20.39,20.39
6142,20.39,20.39,20.39,20.39,20.39,20.39,20.39,20.39,20.39,20.39
6143,20.39,20.39,20.39,20.39,20.39,20.39,20.39,20.39,20.39,20.39
6144,20.39,20.39,20.39,20.39,20.39,20.39,20.39,20.39,20.39,20.39
6145,20.39,20.39,20.39,20.39,20.39,20.39,20.39,20.39,20.39,20.39
6146,20.39,20.39,20.39,20.39,20.39,20.39,20.39,20.39,20.39,20.39
6147,20.39,20.39,20.39,20.39,20.39,20.39,20.39,20.39,20.39,20.39
6148,20.39,20.39,20.39,20.39,20.39,20.39,20.39,20.39,20.39,20.39
6149,20.39,20.39,20.39,20.39,20.39,20.39,20.39,20.39,20.39,20.39
6150,20.39,20.39,20.39,20.39,20.39,20.39,20.39,20.39,20.39,20.39
6151,20.39,20.39,20.39,20.39,20.39,20.39,20.39,20.39,20.39,20.39
6152,20.39,20.39,20.39,20.39,20.39,20.39,20.39,20.39,20.39,20.39
6153,20.39,20.39,20.39,20.39,20.39,20.39,20.39,20.39,20.39,20.39
6154,20.39,20.39,20.39,20.39,20.39,20.39,20.39,20.39,20.39,20.39
6155,20.39,20.39,20.39,20.39,20.39,20.39,20.39,20.39,20.39,20.39
6156,20.39,20.39,20.39,20.39,20.39,20.39,20.39,20.39,20.39,20.39
6157,20.39,20.39,20.39,20.39,20.39,20.39,20.39,20.39,20.39,20.39
6158,20.39,20.39,20.39,20.39,20.39,20.39,20.39,20.39,20.39,20.39
6159,20.39,20.39,20.39,20.39,20.39,20.39,20.39,20.39,20.39,20.39
6160,20.39,20.39,20.39,20.39,20.39,20.39,20.39,20.39,20.39,20.39
6161,20.39,20.39,20.39,20.39,20.39,20.39,20.39,20.39,20.39,20.39
6162,20.39,20.39,20.39,20.39,20.39,20.39,20.39,20.39,20.39,20.39
6163,20.39,20.39,20.39,20.39,20.39,20.39,20.39,20.39,20.39,20.39
6164,20.39,20.39,20.39,20.39,20.39,20.39,20.39,20.39,20.39,20.39
6165,20.39,20.39,20.39,20.39,20.39,20.39,20.39,20.39,20.39,20.39
6166,20.39,20.39,20.39,20.39,20.39,20.39,20.39,20.39,20.39,20.39
6167,20.39,20.39,20.39,20.39,20.39,20.39,20.39,20.39,20.39,20.39
6168,20.39,20.39,20.39,20.39,20.39,20.39,20.39,20.39,20.39,20.39
6169,20.39,20.39,20.39,20.39,20.39,20.39,20.39,20.39,20.39,20.39
6170,20.39,20.39,20.39,20.39,20.39,20.39,20.39,20.39,20.39,20.39
6171,20.39,20.39,20.39,20.39,20.39,20.39,20.39,20.39,20.39,20.39
6172,20.39,20.39,20.39,20.39,20.39,20.39,20.39,20.39,20.39,20.39
6173,20.39,20.39,20.39,20.39,20.39,20.39,20.39,20.39,20.39,20.39
6174,20.39,20.39,20.39,20.39,20.39,20.39,20.39,20.39,20.39,20.39
6175,20.39,20.39,20.39,20.39,20.39,20.39,20.39,20.39,20.39,20.39
6176,20.39,20.39,20.39,20.39,20.39,20.39,20.39,20.39,20.39,20.39
6177,20.39,20.39,20.39,20.39,20.39,20.39,20.39,20.39,20.39,20.39
6178,20.39,20.39,20.39,20.39,20.39,20.39,20.39,20.39,20.39,20.39
6179,20.39,20.39,20.39,20.39,20.39,20.39,20.39,20.39,20.39,20.39
6180,20.39,20.39,20.39,20.39,20.39,20.39,20.39,20.39,20.39,20.39
6181,20.39,20.39,20.39,20.39,20.39,20.39,20.39,20.39,20.39,20.39
6182,20.39,20.39,20.39,20.39,20.39,20.39,20.39,20.39,20.39,20.39
6183,20.39,20.39,20.39,20.39,20.39,20.39,20.39,20.39,20.39,20.39
6184,20.39,20.39,20.39,20.39,20.39,20.39,20.39,20.39,20.39,20.39
6185,20.39,20.39,20.39,20.39,20.39,20.39,20.39,20.39,20.39,20.39
6186,20.39,20.39,20.39,20.39,20.39,20.39,20.39,20.39,20.39,20.39
6187,20.39,20.39,20.39,20.39,20.39,20.39,20.39,20.39,20.39,20.39
6188,20.39,20.39,20.39,20.39,20.39,20.39,20.39,20.39,20.39,20.39
6189,20.39,20.39,20.39,20.39,20.39,20.39,20.39,20.39,20.39,20.39
6190,20.39,20.39,20.39,20.39,20.39,20.39,20.39,20.39,20.39,20.39
6191,20.39,20.39,20.39,20.39,20.39,20.39,20.39,20.39,20.39,20.39
6192,20.39,20.39,20.39,20.39,20.39,20.39,20.39,20.39,20.39,20.39
6193,20.39,20.39,20.39,20.39,20.39,20.39,20.39,20.39,20.39,20.39
6194,20.39,20.39,20.39,20.39,20.39,20.39,20.39,20.39,20.39,20.39
6195,20.39,20.39,20.39,20.39,20.39,20.39,20.39,20.39,20.39,20.39
6196,20.39,20.39,20.39,20.39,20.39,20.39,20.39,20.39,20.39,20.39
6197,20.39,20.39,20.39,20.39,20.39,20.39,20.39,20.39,20.39,20.39
6198,20.39,20.39,20.39,20.39,20.39,20.39,20.39,20.39,20.39,20.39
6199,20.39,20.39,20.39,20.39,20.39,20.39,20.39,20.39,20.39,20.39
6200,20.39,20.39,20.39,20.39,20.39,20.39,20.39,20.39,20.39,20.39
6201,20.39,20.39,20.39,20.39,20.39,20.39,20.39,20.39,20.39,20.39
6202,20.39,20.39,20.39,20.39,20.39,20.39,20.39,20.39,20.39,20.39
6203,20.39,20.39,20.39,20.39,20.39,20.39,20.39,20.39,20.39,20.39
6204,20.39,20.39,20.39,20.39,20.39,20.39,20.39,20.39,20.39,20.39
6205,20.39,20.39,20.39,20.39,20.39,20.39,20.39,20.39,20.39,20.39
6206,20.39,20.39,20.39,20.39,20.39,20.39,20.39,20.39,20.39,20.39
6207,20.39,20.39,20.39,20.39,20.39,20.39,20.39,20.39,20.39,20.39
6208,20.39,20.39,20.39,20.39,20.39,20.39,20.39,20.39,20.39,20.39
6209,20.39,20.39,20.39,20.39,20.39,20.39,20.39,20.39,20.39,20.39
6210,20.39,20.39,20.39,20.39,20.39,20.39,20.39,20.39,20.39,20.39
6211,20.39,20.39,20.39,20.39,20.39,20.39,20.39,20.39,20.39,20.39
6212,20.39,20.39,20.39,20.39,20.39,20.39,20.39,20.39,20.39,20.39
6213,20.39,20.39,20.39,20.39,20.39,20.39,20.39,20.39,20.39,20.39
6214,20.39,20.39,20.39,20.39,20.39,20.39,20.39,20.39,20.39,20.39
6215,20.39,20.39,20.39,20.39,20.39,20.39,20.39,20.39,20.39,20.39
6216,20.39,20.39,20.39,20.39,20.39,20.39,20.39,20.39,20.39,20.39
6217,20.39,20.39,20.39,20.39,20.39,20.39,20.39,20.39,20.39,20.39
6218,20.39,20.39,20.39,20.39,20.39,20.39,20.39,20.39,20.39,20.39
6219,20.39,20.39,20.39,20.39,20.39,20.39,20.39,20.39,20.39,20.39
6220,20.39,20.39,20.39,20.39,20.39,20.39,20.39,20.39,20.39,20.39
6221,20.39,20.39,20.39,20.39,20.39,20.39,20.39,20.39,20.39,20.39
6222,20.39,20.39,20.39,20.39,20.39,20.39,20.39,20.39,20.39,20.39
6223,20.39,20.39,20.39,20.39,20.39,20.39,20.39,20.39,20.39,20.39
6224,20.39,20.39,20.39,20.39,20.39,20.39,20.39,20.39,20.39,20.39
6225,20.39,20.39,20.39,20.39,20.39,20.39,20.39,20.39,20.39,20.39
6226,20.39,20.39,20.39,20.39,20.39,20.39,20.39,20.39,20.39,20.39
6227,20.39,20.39,20.39,20.39,20.39,20.39,20.39,20.39,20.39,20.39
6228,20.39,20.39,20.39,20.39,20.39,20.39,20.39,20.39,20.39,20.39
6229,20.39,20.39,20.39,20.39,20.39,20.39,20.39,20.39,20.39,20.39
6230,20.39,20.39,20.39,20.39,20.39,20.39,20.39,20.39,20.39,20.39
6231,20.39,20.39,20.39,20.39,20.39,20.39,20.39,20.39,20.39,20.39
6232,20.39,20.39,20.39,20.39,20.39,20.39,20.39,20.39,20.39,20.39
6233,20.39,20.39,20.39,20.39,20.39,20.39,20.39,20.39,20.39,20.39
6234,20.39,20.39,20.39,20.39,20.39,20.39,20.39,20.39,20.39,20.39
6235,20.39,20.39,20.39,20.39,20.39,20.39,20.39,20.39,20.39,20.39
6236,20.39,20.39,20.39,20.39,20.39,20.39,20.39,20.39,20.39,20.39
6237,20.39,20.39,20.39,20.39,20.39,20.39,20.39,20.39,20.39,20.39
6238,20.39,20.39,20.39,20.39,20.39,20.39,20.39,20.39,20.39,20.39
6239,20.39,20.39,20.39,20.39,20.39,20.39,20.39,20.39,20.39,20.39
6240,20.39,20.39,20.39,20.39,20.39,20.39,20.39,20.39,20.39,20.39
6241,20.39,20.39,20.39,20.39,20.39,20.39,20.39,20.39,20.39,20.39
6242,20.39,20.39,20.39,20.39,20.39,20.39,20.39,20.39,20.39,20.39
6243,20.39,20.39,20.39,20.39,20.39,20.39,20.39,20.39,20.39,20.39
6244,20.39,20.39,20.39,20.39,20.39,20.39,20.39,20.39,20.39,20.39
6245,20.39,20.39,20.39,20.39,20.39,20.39,20.39,20.39,20.39,20.39
6246,20.39,20.39,20.39,20.39,20.39,20.39,20.39,20.39,20.39,20.39
6247,20.39,20.39,20.39,20.39,20.39,20.39,20.39,20.39,20.39,20.39
6248,20.39,20.39,20.39,20.39,20.39,20.39,20.39,20.39,20.39,20.39
6249,20.39,20.39,20.39,20.39,20.39,20.39,20.39,20.39,20.39,20.39
6250,20.39,20.39,20.39,20.39,20.39,20.39,20.39,20.39,20.39,20.39
6251,20.39,20.39,20.39,20.39,20.39,20.39,20.39,20.39,20.39,20.39
6252,20.39,20.39,20.39,20.39,20.39,20.39,20.39,20.39,20.39,20.39
6253,20.39,20.39,20.39,20.39,20.39,20.39,20.39,20.39,20.39,20.39
6254,20.39,20.39,20.39,20.39,20.39,20.39,20.39,20.39,20.39,20.39
6255,20.39,20.39,20.39,20.39,20.39,20.39,20.39,20.39,20.39,20.39
6256,20.39,20.39,20.39,20.39,20.39,20.39,20.39,20.39,20.39,20.39
6257,20.39,20.39,20.39,20.39,20.39,20.39,20.39,20.39,20.39,20.39
6258,20.39,20.39,20.39,20.39,20.39,20.39,20.39,20.39,20.39,20.39
6259,20.39,20.39,20.39,20.39,20.39,20.39,20.39,20.39,20.39,20.39
6260,20.39,20.39,20.39,20.39,20.39,20.39,20.39,20.39,20.39,20.39
6261,20.39,20.39,20.39,20.39,20.39,20.39,20.39,20.39,20.39,20.39
6262,20.39,20.39,20.39,20.39,20.39,20.39,20.39,20.39,20.39,20.39
6263,20.39,20.39,20.39,20.39,20.39,20.39,20.39,20.39,20.39,20.39
6264,20.39,20.39,20.39,20.39,20.39,20.39,20.39,20.39,20.39,20.39
6265,20.39,20.39,20.39,20.39,20.39,20.39,20.39,20.39,20.39,20.39
6266,20.39,20.39,20.39,20.39,20.39,20.39,20.39,20.39,20.39,20.39
6267,20.39,20.39,20.39,20.39,20.39,20.39,20.39,20.39,20.39,20.39
6268,20.39,20.39,20.39,20.39,20.39,20.39,20.39,20.39,20.39,20.39
6269,20.39,20.39,20.39,20.39,20.39,20.39,20.39,20.39,20.39,20.39
6270,20.39,20.39,20.39,20.39,20.39,20.39,20.39,20.39,20.39,20.39
6271,20.39,20.39,20.39,20.39,20.39,20.39,20.39,20.39,20.39,20.39
6272,20.39,20.39,20.39,20.39,20.39,20.39,20.39,20.39,20.39,20.39
6273,20.39,20.39,20.39,20.39,20.39,20.39,20.39,20.39,20.39,20.39
6274,20.39,20.39,20.39,20.39,20.39,20.39,20.39,20.39,20.39,20.39
6275,20.39,20.39,20.39,20.39,20.39,20.39,20.39,20.39,20.39,20.39
6276,20.39,20.39,20.39,20.39,20.39,20.39,20.39,20.39,20.39,20.39
6277,20.39,20.39,20.39,20.39,20.39,20.39,20.39,20.39,20.39,20.39
6278,20.39,20.39,20.39,20.39,20.39,20.39,20.39,20.39,20.39,20.39
6279,20.39,20.39,20.39,20.39,20.39,20.39,20.39,20.39,20.39,20.39
6280,20.39,20.39,20.39,20.39,20.39,20.39,20.39,20.39,20.39,20.39
6281,20.39,20.39,20.39,20.39,20.39,20.39,20.39,20.39,20.39,20.39
6282,20.39,20.39,20.39,20.39,20.39,20.39,20.39,20.39,20.39,20.39
6283,20.39,20.39,20.39,20.39,20.39,20.39,20.39,20.39,20.39,20.39
6284,20.39,20.39,20.39,20.39,20.39,20.39,20.39,20.39,20.39,20.39
6285,20.39,20.39,20.39,20.39,20.39,20.39,20.39,20.39,20.39,20.39
6286,20.39,20.39,20.39,20.39,20.39,20.39,20.39,20.39,20.39,20.39
6287,20.39,20.39,20.39,20.39,20.39,20.39,20.39,20.39,20.39,20.39
6288,20.39,20.39,20.39,20.39,20.39,20.39,20.39,20.39,20.39,20.39
6289,20.39,20.39,20.39,20.39,20.39,20.39,20.39,20.39,20.39,20.39
6290,20.39,20.39,20.39,20.39,20.39,20.39,20.39,20.39,20.39,20.39
6291,20.39,20.39,20.39,20.39,20.39,20.39,20.39,20.39,20.39,20.39
6292,20.39,20.39,20.39,20.39,20.39,20.39,20.39,20.39,20.39,20.39
6293,20.39,20.39,20.39,20.39,20.39,20.39,20.39,20.39,20.39,20.39
6294,20.39,20.39,20.39,20.39,20.39,20.39,20.39,20.39,20.39,20.39
6295,20.39,20.39,20.39,20.39,20.39,20.39,20.39,20.39,20.39,20.39
6296,20.39,20.39,20.39,20.39,20.39,20.39,20.39,20.39,20.39,20.39
6297,20.39,20.39,20.39,20.39,20.39,20.39,20.39,20.39,20.39,20.39
6298,20.39,20.39,20.39,20.39,20.39,20.39,20.39,20.39,20.39,20.39
6299,20.39,20.39,20.39,20.39,20.39,20.39,20.39,20.39,20.39,20.39
6300,20.39,20.39,20.39,20.39,20.39,20.39,20.39,20.39,20.39,20.39
6301,20.39,20.39,20.39,20.39,20.39,20.39,20.39,20.39,20.39,20.39
6302,20.39,20.39,20.39,20.39,20.39,20.39,20.39,20.39,20.39,20.39
6303,20.39,20.39,20.39,20.39,20.39,20.39,20.39,20.39,20.39,20.39
6304,20.39,20.39,20.39,20.39,20.39,20.39,20.39,20.39,20.39,20.39
6305,20.39,20.39,20.39,20.39,20.39,20.39,20.39,20.39,20.39,20.39
6306,20.39,20.39,20.39,20.39,20.39,20.39,20.39,20.39,20.39,20.39
6307,20.39,20.39,20.39,20.39,20.39,20.39,20.39,20.39,20.39,20.39
6308,20.39,20.39,20.39,20.39,20.39,20.39,20.39,20.39,20.39,20.39
6309,20.39,20.39,20.39,20.39,20.39,20.39,20.39,20.39,20.39,20.39
6310,20.39,20.39,20.39,20.39,20.39,20.39,20.39,20.39,20.39,20.39
6311,20.39,20.39,20.39,20.39,20.39,20.39,20.39,20.39,20.39,20.39
6312,20.39,20.39,20.39,20.39,20.39,20.39,20.39,20.39,20.39,20.39
6313,20.39,20.39,20.39,20.39,20.39,20.39,20.39,20.39,20.39,20.39
6314,20.39,20.39,20.39,20.39,20.39,20.39,20.39,20.39,20.39,20.39
6315,20.39,20.39,20.39,20.39,20.39,20.39,20.39,20.39,20.39,20.39
6316,20.39,20.39,20.39,20.39,20.39,20.39,20.39,20.39,20.39,20.39
6317,20.39,20.39,20.39,20.39,20.39,20.39,20.39,20.39,20.39,20.39
6318,20.39,20.39,20.39,20.39,20.39,20.39,20.39,20.39,20.39,20.39
6319,20.39,20.39,20.39,20.39,20.39,20.39,20.39,20.39,20.39,20.39
6320,20.39,20.39,20.39,20.39,20.39,20.39,20.39,20.39,20.39,20.39
6321,20.39,20.39,20.39,20.39,20.39,20.39,20.39,20.39,20.39,20.39
6322,20.39,20.39,20.39,20.39,20.39,20.39,20.39,20.39,20.39,20.39
6323,20.39,20.39,20.39,20.39,20.39,20.39,20.39,20.39,20.39,20.39
6324,20.39,20.39,20.39,20.39,20.39,20.39,20.39,20.39,20.39,20.39
6325,20.39,20.39,20.39,20.39,20.39,20.39,20.39,20.39,20.39,20.39
6326,20.39,20.39,20.39,20.39,20.39,20.39,20.39,20.39,20.39,20.39
6327,20.39,20.39,20.39,20.39,20.39,20.39,20.39,20.39,20.39,20.39
6328,20.39,20.39,20.39,20.39,20.39,20.39,20.39,20.39,20.39,20.39
6329,20.39,20.39,20.39,20.39,20.39,20.39,20.39,20.39,20.39,20.39
6330,20.39,20.39,20.39,20.39,20.39,20.39,20.39,20.39,20.39,20.39
6331,20.39,20.39,20.39,20.39,20.39,20.39,20.39,20.39,20.39,20.39
6332,20.39,20.39,20.39,20.39,20.39,20.39,20.39,20.39,20.39,20.39
6333,20.39,20.39,20.39,20.39,20.39,20.39,20.39,20.39,20.39,20.39
6334,20.39,20.39,20.39,20.39,20.39,20.39,20.39,20.39,20.39,20.39
6335,20.39,20.39,20.39,20.39,20.39,20.39,20.39,20.39,20.39,20.39
6336,20.39,20.39,20.39,20.39,20.39,20.39,20.39,20.39,20.39,20.39
6337,20.39,20.39,20.39,20.39,20.39,20.39,20.39,20.39,20.39,20.39
6338,20.39,20.39,20.39,20.39,20.39,20.39,20.39,20.39,20.39,20.39
6339,20.39,20.39,20.39,20.39,20.39,20.39,20.39,20.39,20.39,20.39
6340,20.39,20.39,20.39,20.39,20.39,20.39,20.39,20.39,20.39,20.39
6341,20.39,20.39,20.39,20.39,20.39,20.39,20.39,20.39,20.39,20.39
6342,20.39,20.39,20.39,20.39,20.39,20.39,20.39,20.39,20.39,20.39
6343,20.39,20.39,20.39,20.39,20.39,20.39,20.39,20.39,20.39,20.39
6344,20.39,20.39,20.39,20.39,20.39,20.39,20.39,20.39,20.39,20.39
6345,20.39,20.39,20.39,20.39,20.39,20.39,20.39,20.39,20.39,20.39
6346,20.39,20.39,20.39,20.39,20.39,20.39,20.39,20.39,20.39,20.39
6347,20.39,20.39,20.39,20.39,20.39,20.39,20.39,20.39,20.39,20.39
6348,20.39,20.39,20.39,20.39,20.39,20.39,20.39,20.39,20.39,20.39
6349,20.39,20.39,20.39,20.39,20.39,20.39,20.39,20.39,20.39,20.39
6350,20.39,20.39,20.39,20.39,20.39,20.39,20.39,20.39,20.39,20.39
6351,20.39,20.39,20.39,20.39,20.39,20.39,20.39,20.39,20.39,20.39
6352,20.39,20.39,20.39,20.39,20.39,20.39,20.39,20.39,20.39,20.39
6353,20.39,20.39,20.39,20.39,20.39,20.39,20.39,20.39,20.39,20.39
6354,20.39,20.39,20.39,20.39,20.39,20.39,20.39,20.39,20.39,20.39
6355,20.39,20.39,20.39,20.39,20.39,20.39,20.39,20.39,20.39,20.39
6356,20.39,20.39,20.39,20.39,20.39,20.39,20.39,20.39,20.39,20.39
6357,20.39,20.39,20.39,20.39,20.39,20.39,20.39,20.39,20.39,20.39
6358,20.39,20.39,20.39,20.39,20.39,20.39,20.39,20.39,20.39,20.39
6359,20.39,20.39,20.39,20.39,20.39,20.39,20.39,20.39,20.39,20.39
6360,20.39,20.39,20.39,20.39,20.39,20.39,20.39,20.39,20.39,20.39
6361,20.39,20.39,20.39,20.39,20.39,20.39,20.39,20.39,20.39,20.39
6362,20.39,20.39,20.39,20.39,20.39,20.39,20.39,20.39,20.39,20.39
6363,20.39,20.39,20.39,20.39,20.39,20.39,20.39,20.39,20.39,20.39
6364,20.39,20.39,20.39,20.39,20.39,20.39,20.39,20.39,20.39,20.39
6365,20.39,20.39,20.39,20.39,20.39,20.39,20.39,20.39,20.39,20.39
6366,20.39,20.39,20.39,20.39,20.39,20.39,20.39,20.39,20.39,20.39
6367,20.39,20.39,20.39,20.39,20.39,20.39,20.39,20.39,20.39,20.39
6368,20.39,20.39,20.39,20.39,20.39,20.39,20.39,20.39,20.39,20.39
6369,20.39,20.39,20.39,20.39,20.39,20.39,20.39,20.39,20.39,20.39
6370,20.39,20.39,20.39,20.39,20.39,20.39,20.39,20.39,20.39,20.39
6371,20.39,20.39,20.39,20.39,20.39,20.39,20.39,20.39,20.39,20.39
6372,20.39,20.39,20.39,20.39,20.39,20.39,20.39,20.39,20.39,20.39
6373,20.39,20.39,20.39,20.39,20.39,20.39,20.39,20.39,20.39,20.39
6374,20.39,20.39,20.39,20.39,20.39,20.39,20.39,20.39,20.39,20.39
6375,20.39,20.39,20.39,20.39,20.39,20.39,20.39,20.39,20.39,20.39
6376,20.39,20.39,20.39,20.39,20.39,20.39,20.39,20.39,20.39,20.39
6377,20.39,20.39,20.39,20.39,20.39,20.39,20.39,20.39,20.39,20.39
6378,20.39,20.39,20.39,20.39,20.39,20.39,20.39,20.39,20.39,20.39
6379,20.39,20.39,20.39,20.39,20.39,20.39,20.39,20.39,20.39,20.39
6380,20.39,20.39,20.39,20.39,20.39,20.39,20.39,20.39,20.39,20.39
6381,20.39,20.39,20.39,20.39,20.39,20.39,20.39,20.39,20.39,20.39
6382,20.39,20.39,20.39,20.39,20.39,20.39,20.39,20.39,20.39,20.39
6383,20.39,20.39,20.39,20.39,20.39,20.39,20.39,20.39,20.39,20.39
6384,20.39,20.39,20.39,20.39,20.39,20.39,20.39,20.39,20.39,20.39
6385,20.39,20.39,20.39,20.39,20.39,20.39,20.39,20.39,20.39,20.39
6386,20.39,20.39,20.39,20.39,20.39,20.39,20.39,20.39,20.39,20.39
6387,20.39,20.39,20.39,20.39,20.39,20.39,20.39,20.39,20.39,20.39
6388,20.39,20.39,20.39,20.39,20.39,20.39,20.39,20.39,20.39,20.39
6389,20.39,20.39,20.39,20.39,20.39,20.39,20.39,20.39,20.39,20.39
6390,20.39,20.39,20.39,20.39,20.39,20.39,20.39,20.39,20.39,20.39
6391,20.39,20.39,20.39,20.39,20.39,20.39,20.39,20.39,20.39,20.39
6392,20.39,20.39,20.39,20.39,20.39,20.39,20.39,20.39,20.39,20.39
6393,20.39,20.39,20.39,20.39,20.39,20.39,20.39,20.39,20.39,20.39
6394,20.39,20.39,20.39,20.39,20.39,20.39,20.39,20.39,20.39,20.39
6395,20.39,20.39,20.39,20.39,20.39,20.39,20.39,20.39,20.39,20.39
6396,20.39,20.39,20.39,20.39,20.39,20.39,20.39,20.39,20.39,20.39
6397,20.39,20.39,20.39,20.39,20.39,20.39,20.39,20.39,20.39,20.39
6398,20.39,20.39,20.39,20.39,20.39,20.39,20.39,20.39,20.39,20.39
6399,20.39,20.39,20.39,20.39,20.39,20.39,20.39,20.39,20.39,20.39
6400,20.39,20.39,20.39,20.39,20.39,20.39,20.39,20.39,20.39,20.39
6401,20.39,20.39,20.39,20.39,20.39,20.39,20.39,20.39,20.39,20.39
6402,20.39,20.39,20.39,20.39,20.39,20.39,20.39,20.39,20.39,20.39
6403,20.39,20.39,20.39,20.39,20.39,20.39,20.39,20.39,20.39,20.39
6404,20.39,20.39,20.39,20.39,20.39,20.39,20.39,20.39,20.39,20.39
6405,20.39,20.39,20.39,20.39,20.39,20.39,20.39,20.39,20.39,20.39
6406,20.39,20.39,20.39,20.39,20.39,20.39,20.39,20.39,20.39,20.39
6407,20.39,20.39,20.39,20.39,20.39,20.39,20.39,20.39,20.39,20.39
6408,20.39,20.39,20.39,20.39,20.39,20.39,20.39,20.39,20.39,20.39
6409,20.39,20.39,20.39,20.39,20.39,20.39,20.39,20.39,20.39,20.39
6410,20.39,20.39,20.39,20.39,20.39,20.39,20.39,20.39,20.39,20.39
6411,20.39,20.39,20.39,20.39,20.39,20.39,20.39,20.39,20.39,20.39
6412,20.39,20.39,20.39,20.39,20.39,20.39,20.39,20.39,20.39,20.39
6413,20.39,20.39,20.39,20.39,20.39,20.39,20.39,20.39,20.39,20.39
6414,20.39,20.39,20.39,20.39,20.39,20.39,20.39,20.39,20.39,20.39
6415,20.39,20.39,20.39,20.39,20.39,20.39,20.39,20.39,20.39,20.39
6416,20.39,20.39,20.39,20.39,20.39,20.39,20.39,20.39,20.39,20.39
6417,20.39,20.39,20.39,20.39,20.39,20.39,20.39,20.39,20.39,20.39
6418,20.39,20.39,20.39,20.39,20.39,20.39,20.39,20.39,20.39,20.39
6419,20.39,20.39,20.39,20.39,20.39,20.39,20.39,20.39,20.39,20.39
6420,20.39,20.39,20.39,20.39,20.39,20.39,20.39,20.39,20.39,20.39
6421,20.39,20.39,20.39,20.39,20.39,20.39,20.39,20.39,20.39,20.39
6422,20.39,20.39,20.39,20.39,20.39,20.39,20.39,20.39,20.39,20.39
6423,20.39,20.39,20.39,20.39,20.39,20.39,20.39,20.39,20.39,20.39
6424,20.39,20.39,20.39,20.39,20.39,20.39,20.39,20.39,20.39,20.39
6425,20.39,20.39,20.39,20.39,20.39,20.39,20.39,20.39,20.39,20.39
6426,20.39,20.39,20.39,20.39,20.39,20.39,20.39,20.39,20.39,20.39
6427,20.39,20.39,20.39,20.39,20.39,20.39,20.39,20.39,20.39,20.39
6428,20.39,20.39,20.39,20.39,20.39,20.39,20.39,20.39,20.39,20.39
6429,20.39,20.39,20.39,20.39,20.39,20.39,20.39,20.39,20.39,20.39
6430,20.39,20.39,20.39,20.39,20.39,20.39,20.39,20.39,20.39,20.39
6431,20.39,20.39,20.39,20.39,20.39,20.39,20.39,20.39,20.39,20.39
6432,20.39,20.39,20.39,20.39,20.39,20.39,20.39,20.39,20.39,20.39
6433,20.39,20.39,20.39,20.39,20.39,20.39,20.39,20.39,20.39,20.39
6434,20.39,20.39,20.39,20.39,20.39,20.39,20.39,20.39,20.39,20.39
6435,20.39,20.39,20.39,20.39,20.39,20.39,20.39,20.39,20.39,20.39
6436,20.39,20.39,20.39,20.39,20.39,20.39,20.39,20.39,20.39,20.39
6437,20.39,20.39,20.39,20.39,20.39,20.39,20.39,20.39,20.39,20.39
6438,20.39,20.39,20.39,20.39,20.39,20.39,20.39,20.39,20.39,20.39
6439,20.39,20.39,20.39,20.39,20.39,20.39,20.39,20.39,20.39,20.39
6440,20.39,20.39,20.39,20.39,20.39,20.39,20.39,20.39,20.39,20.39
6441,20.39,20.39,20.39,20.39,20.39,20.39,20.39,20.39,20.39,20.39
6442,20.39,20.39,20.39,20.39,20.39,20.39,20.39,20.39,20.39,20.39
6443,20.39,20.39,20.39,20.39,20.39,20.39,20.39,20.39,20.39,20.39
6444,20.39,20.39,20.39,20.39,20.39,20.39,20.39,20.39,20.39,20.39
6445,20.39,20.39,20.39,20.39,20.39,20.39,20.39,20.39,20.39,20.39
6446,20.39,20.39,20.39,20.39,20.39,20.39,20.39,20.39,20.39,20.39
6447,20.39,20.39,20.39,20.39,20.39,20.39,20.39,20.39,20.39,20.39
6448,20.39,20.39,20.39,20.39,20.39,20.39,20.39,20.39,20.39,20.39
6449,20.39,20.39,20.39,20.39,20.39,20.39,20.39,20.39,20.39,20.39
6450,20.39,20.39,20.39,20.39,20.39,20.39,20.39,20.39,20.39,20.39
6451,20.39,20.39,20.39,20.39,20.39,20.39,20.39,20.39,20.39,20.39
6452,20.39,20.39,20.39,20.39,20.39,20.39,20.39,20.39,20.39,20.39
6453,20.39,20.39,20.39,20.39,20.39,20.39,20.39,20.39,20.39,20.39
6454,20.39,20.39,20.39,20.39,20.39,20.39,20.39,20.39,20.39,20.39
6455,20.39,20.39,20.39,20.39,20.39,20.39,20.39,20.39,20.39,20.39
6456,20.39,20.39,20.39,20.39,20.39,20.39,20.39,20.39,20.39,20.39
6457,20.39,20.39,20.39,20.39,20.39,20.39,20.39,20.39,20.39,20.39
6458,20.39,20.39,20.39,20.39,20.39,20.39,20.39,20.39,20.39,20.39
6459,20.39,20.39,20.39,20.39,20.39,20.39,20.39,20.39,20.39,20.39
6460,20.39,20.39,20.39,20.39,20.39,20.39,20.39,20.39,20.39,20.39
6461,20.39,20.39,20.39,20.39,20.39,20.39,20.39,20.39,20.39,20.39
6462,20.39,20.39,20.39,20.39,20.39,20.39,20.39,20.39,20.39,20.39
6463,20.39,20.39,20.39,20.39,20.39,20.39,20.39,20.39,20.39,20.39
6464,20.39,20.39,20.39,20.39,20.39,20.39,20.39,20.39,20.39,20.39
6465,20.39,20.39,20.39,20.39,20.39,20.39,20.39,20.39,20.39,20.39
6466,20.39,20.39,20.39,20.39,20.39,20.39,20.39,20.39,20.39,20.39
6467,20.39,20.39,20.39,20.39,20.39,20.39,20.39,20.39,20.39,20.39
6468,20.39,20.39,20.39,20.39,20.39,20.39,20.39,20.39,20.39,20.39
6469,20.39,20.39,20.39,20.39,20.39,20.39,20.39,20.39,20.39,20.39
6470,20.39,20.39,20.39,20.39,20.39,20.39,20.39,20.39,20.39,20.39
6471,20.39,20.39,20.39,20.39,20.39,20.39,20.39,20.39,20.39,20.39
6472,20.39,20.39,20.39,20.39,20.39,20.39,20.39,20.39,20.39,20.39
6473,20.39,20.39,20.39,20.39,20.39,20.39,20.39,20.39,20.39,20.39
6474,20.39,20.39,20.39,20.39,20.39,20.39,20.39,20.39,20.39,20.39
6475,20.39,20.39,20.39,20.39,20.39,20.39,20.39,20.39,20.39,20.39
6476,20.39,20.39,20.39,20.39,20.39,20.39,20.39,20.39,20.39,20.39
6477,20.39,20.39,20.39,20.39,20.39,20.39,20.39,20.39,20.39,20.39
6478,20.39,20.39,20.39,20.39,20.39,20.39,20.39,20.39,20.39,20.39
6479,20.39,20.39,20.39,20.39,20.39,20.39,20.39,20.39,20.39,20.39
6480,20.39,20.39,20.39,20.39,20.39,20.39,20.39,20.39,20.39,20.39
6481,20.39,20.39,20.39,20.39,20.39,20.39,20.39,20.39,20.39,20.39
6482,20.39,20.39,20.39,20.39,20.39,20.39,20.39,20.39,20.39,20.39
6483,20.39,20.39,20.39,20.39,20.39,20.39,20.39,20.39,20.39,20.39
6484,20.39,20.39,20.39,20.39,20.39,20.39,20.39,20.39,20.39,20.39
6485,20.39,20.39,20.39,20.39,20.39,20.39,20.39,20.39,20.39,20.39
6486,20.39,20.39,20.39,20.39,20.39,20.39,20.39,20.39,20.39,20.39
6487,20.39,20.39,20.39,20.39,20.39,20.39,20.39,20.39,20.39,20.39
6488,20.39,20.39,20.39,20.39,20.39,20.39,20.39,20.39,20.39,20.39
6489,20.39,20.39,20.39,20.39,20.39,20.39,20.39,20.39,20.39,20.39
6490,20.39,20.39,20.39,20.39,20.39,20.39,20.39,20.39,20.39,20.39
6491,20.39,20.39,20.39,20.39,20.39,20.39,20.39,20.39,20.39,20.39
6492,20.39,20.39,20.39,20.39,20.39,20.39,20.39,20.39,20.39,20.39
6493,20.39,20.39,20.39,20.39,20.39,20.39,20.39,20.39,20.39,20.39
6494,20.39,20.39,20.39,20.39,20.39,20.39,20.39,20.39,20.39,20.39
6495,20.39,20.39,20.39,20.39,20.39,20.39,20.39,20.39,20.39,20.39
6496,20.39,20.39,20.39,20.39,20.39,20.39,20.39,20.39,20.39,20.39
6497,20.39,20.39,20.39,20.39,20.39,20.39,20.39,20.39,20.39,20.39
6498,20.39,20.39,20.39,20.39,20.39,20.39,20.39,20.39,20.39,20.39
6499,20.39,20.39,20.39,20.39,20.39,20.39,20.39,20.39,20.39,20.39
6500,20.39,20.39,20.39,20.39,20.39,20.39,20.39,20.39,20.39,20.39
6501,20.39,20.39,20.39,20.39,20.39,20.39,20.39,20.39,20.39,20.39
6502,20.39,20.39,20.39,20.39,20.39,20.39,20.39,20.39,20.39,20.39
6503,20.39,20.39,20.39,20.39,20.39,20.39,20.39,20.39,20.39,20.39
6504,20.39,20.39,20.39,20.39,20.39,20.39,20.39,20.39,20.39,20.39
6505,20.39,20.39,20.39,20.39,20.39,20.39,20.39,20.39,20.39,20.39
6506,20.39,20.39,20.39,20.39,20.39,20.39,20.39,20.39,20.39,20.39
6507,20.39,20.39,20.39,20.39,20.39,20.39,20.39,20.39,20.39,20.39
6508,20.39,20.39,20.39,20.39,20.39,20.39,20.39,20.39,20.39,20.39
6509,20.39,20.39,20.39,20.39,20.39,20.39,20.39,20.39,20.39,20.39
6510,20.39,20.39,20.39,20.39,20.39,20.39,20.39,20.39,20.39,20.39
6511,20.39,20.39,20.39,20.39,20.39,20.39,20.39,20.39,20.39,20.39
6512,20.39,20.39,20.39,20.39,20.39,20.39,20.39,20.39,20.39,20.39
6513,20.39,20.39,20.39,20.39,20.39,20.39,20.39,20.39,20.39,20.39
6514,20.39,20.39,20.39,20.39,20.39,20.39,20.39,20.39,20.39,20.39
6515,20.39,20.39,20.39,20.39,20.39,20.39,20.39,20.39,20.39,20.39
6516,20.39,20.39,20.39,20.39,20.39,20.39,20.39,20.39,20.39,20.39
6517,20.39,20.39,20.39,20.39,20.39,20.39,20.39,20.39,20.39,20.39
6518,20.39,20.39,20.39,20.39,20.39,20.39,20.39,20.39,20.39,20.39
6519,20.39,20.39,20.39,20.39,20.39,20.39,20.39,20.39,20.39,20.39
6520,20.39,20.39,20.39,20.39,20.39,20.39,20.39,20.39,20.39,20.39
6521,20.39,20.39,20.39,20.39,20.39,20.39,20.39,20.39,20.39,20.39
6522,20.39,20.39,20.39,20.39,20.39,20.39,20.39,20.39,20.39,20.39
6523,20.39,20.39,20.39,20.39,20.39,20.39,20.39,20.39,20.39,20.39
6524,20.39,20.39,20.39,20.39,20.39,20.39,20.39,20.39,20.39,20.39
6525,20.39,20.39,20.39,20.39,20.39,20.39,20.39,20.39,20.39,20.39
6526,20.39,20.39,20.39,20.39,20.39,20.39,20.39,20.39,20.39,20.39
6527,20.39,20.39,20.39,20.39,20.39,20.39,20.39,20.39,20.39,20.39
6528,20.39,20.39,20.39,20.39,20.39,20.39,20.39,20.39,20.39,20.39
6529,20.39,20.39,20.39,20.39,20.39,20.39,20.39,20.39,20.39,20.39
6530,20.39,20.39,20.39,20.39,20.39,20.39,20.39,20.39,20.39,20.39
6531,20.39,20.39,20.39,20.39,20.39,20.39,20.39,20.39,20.39,20.39
6532,20.39,20.39,20.39,20.39,20.39,20.39,20.39,20.39,20.39,20.39
6533,20.39,20.39,20.39,20.39,20.39,20.39,20.39,20.39,20.39,20.39
6534,20.39,20.39,20.39,20.39,20.39,20.39,20.39,20.39,20.39,20.39
6535,20.39,20.39,20.39,20.39,20.39,20.39,20.39,20.39,20.39,20.39
6536,20.39,20.39,20.39,20.39,20.39,20.39,20.39,20.39,20.39,20.39
6537,20.39,20.39,20.39,20.39,20.39,20.39,20.39,20.39,20.39,20.39
6538,20.39,20.39,20.39,20.39,20.39,20.39,20.39,20.39,20.39,20.39
6539,20.39,20.39,20.39,20.39,20.39,20.39,20.39,20.39,20.39,20.39
6540,20.39,20.39,20.39,20.39,20.39,20.39,20.39,20.39,20.39,20.39
6541,20.39,20.39,20.39,20.39,20.39,20.39,20.39,20.39,20.39,20.39
6542,20.39,20.39,20.39,20.39,20.39,20.39,20.39,20.39,20.39,20.39
6543,20.39,20.39,20.39,20.39,20.39,20.39,20.39,20.39,20.39,20.39
6544,20.39,20.39,20.39,20.39,20.39,20.39,20.39,20.39,20.39,20.39
6545,20.39,20.39,20.39,20.39,20.39,20.39,20.39,20.39,20.39,20.39
6546,20.39,20.39,20.39,20.39,20.39,20.39,20.39,20.39,20.39,20.39
6547,20.39,20.39,20.39,20.39,20.39,20.39,20.39,20.39,20.39,20.39
6548,20.39,20.39,20.39,20.39,20.39,20.39,20.39,20.39,20.39,20.39
6549,20.39,20.39,20.39,20.39,20.39,20.39,20.39,20.39,20.39,20.39
6550,20.39,20.39,20.39,20.39,20.39,20.39,20.39,20.39,20.39,20.39
6551,20.39,20.39,20.39,20.39,20.39,20.39,20.39,20.39,20.39,20.39
6552,20.39,20.39,20.39,20.39,20.39,20.39,20.39,20.39,20.39,20.39
6553,20.39,20.39,20.39,20.39,20.39,20.39,20.39,20.39,20.39,20.39
6554,20.39,20.39,20.39,20.39,20.39,20.39,20.39,20.39,20.39,20.39
6555,20.39,20.39,20.39,20.39,20.39,20.39,20.39,20.39,20.39,20.39
6556,20.39,20.39,20.39,20.39,20.39,20.39,20.39,20.39,20.39,20.39
6557,20.39,20.39,20.39,20.39,20.39,20.39,20.39,20.39,20.39,20.39
6558,20.39,20.39,20.39,20.39,20.39,20.39,20.39,20.39,20.39,20.39
6559,20.39,20.39,20.39,20.39,20.39,20.39,20.39,20.39,20.39,20.39
6560,20.39,20.39,20.39,20.39,20.39,20.39,20.39,20.39,20.39,20.39
6561,20.39,20.39,20.39,20.39,20.39,20.39,20.39,20.39,20.39,20.39
6562,20.39,20.39,20.39,20.39,20.39,20.39,20.39,20.39,20.39,20.39
6563,20.39,20.39,20.39,20.39,20.39,20.39,20.39,20.39,20.39,20.39
6564,20.39,20.39,20.39,20.39,20.39,20.39,20.39,20.39,20.39,20.39
6565,20.39,20.39,20.39,20.39,20.39,20.39,20.39,20.39,20.39,20.39
6566,20.39,20.39,20.39,20.39,20.39,20.39,20.39,20.39,20.39,20.39
6567,20.39,20.39,20.39,20.39,20.39,20.39,20.39,20.39,20.39,20.39
6568,20.39,20.39,20.39,20.39,20.39,20.39,20.39,20.39,20.39,20.39
6569,20.39,20.39,20.39,20.39,20.39,20.39,20.39,20.39,20.39,20.39
6570,20.39,20.39,20.39,20.39,20.39,20.39,20.39,20.39,20.39,20.39
6571,20.39,20.39,20.39,20.39,20.39,20.39,20.39,20.39,20.39,20.39
6572,20.39,20.39,20.39,20.39,20.39,20.39,20.39,20.39,20.39,20.39
6573,20.39,20.39,20.39,20.39,20.39,20.39,20.39,20.39,20.39,20.39
6574,20.39,20.39,20.39,20.39,20.39,20.39,20.39,20.39,20.39,20.39
6575,20.39,20.39,20.39,20.39,20.39,20.39,20.39,20.39,20.39,20.39
6576,20.39,20.39,20.39,20.39,20.39,20.39,20.39,20.39,20.39,20.39
6577,20.39,20.39,20.39,20.39,20.39,20.39,20.39,20.39,20.39,20.39
6578,20.39,20.39,20.39,20.39,20.39,20.39,20.39,20.39,20.39,20.39
6579,20.39,20.39,20.39,20.39,20.39,20.39,20.39,20.39,20.39,20.39
6580,20.39,20.39,20.39,20.39,20.39,20.39,20.39,20.39,20.39,20.39
6581,20.39,20.39,20.39,20.39,20.39,20.39,20.39,20.39,20.39,20.39
6582,20.39,20.39,20.39,20.39,20.39,20.39,20.39,20.39,20.39,20.39
6583,20.39,20.39,20.39,20.39,20.39,20.39,20.39,20.39,20.39,20.39
6584,20.39,20.39,20.39,20.39,20.39,20.39,20.39,20.39,20.39,20.39
6585,20.39,20.39,20.39,20.39,20.39,20.39,20.39,20.39,20.39,20.39
6586,20.39,20.39,20.39,20.39,20.39,20.39,20.39,20.39,20.39,20.39
6587,20.39,20.39,20.39,20.39,20.39,20.39,20.39,20.39,20.39,20.39
6588,20.39,20.39,20.39,20.39,20.39,20.39,20.39,20.39,20.39,20.39
6589,20.39,20.39,20.39,20.39,20.39,20.39,20.39,20.39,20.39,20.39
6590,20.39,20.39,20.39,20.39,20.39,20.39,20.39,20.39,20.39,20.39
6591,20.39,20.39,20.39,20.39,20.39,20.39,20.39,20.39,20.39,20.39
6592,20.39,20.39,20.39,20.39,20.39,20.39,20.39,20.39,20.39,20.39
6593,20.39,20.39,20.39,20.39,20.39,20.39,20.39,20.39,20.39,20.39
6594,20.39,20.39,20.39,20.39,20.39,20.39,20.39,20.39,20.39,20.39
6595,20.39,20.39,20.39,20.39,20.39,20.39,20.39,20.39,20.39,20.39
6596,20.39,20.39,20.39,20.39,20.39,20.39,20.39,20.39,20.39,20.39
6597,20.39,20.39,20.39,20.39,20.39,20.39,20.39,20.39,20.39,20.39
6598,20.39,20.39,20.39,20.39,20.39,20.39,20.39,20.39,20.39,20.39
6599,20.39,20.39,20.39,20.39,20.39,20.39,20.39,20.39,20.39,20.39
6600,20.39,20.39,20.39,20.39,20.39,20.39,20.39,20.39,20.39,20.39
6601,20.39,20.39,20.39,20.39,20.39,20.39,20.39,20.39,20.39,20.39
6602,20.39,20.39,20.39,20.39,20.39,20.39,20.39,20.39,20.39,20.39
6603,20.39,20.39,20.39,20.39,20.39,20.39,20.39,20.39,20.39,20.39
6604,20.39,20.39,20.39,20.39,20.39,20.39,20.39,20.39,20.39,20.39
6605,20.39,20.39,20.39,20.39,20.39,20.39,20.39,20.39,20.39,20.39
6606,20.39,20.39,20.39,20.39,20.39,20.39,20.39,20.39,20.39,20.39
6607,20.39,20.39,20.39,20.39,20.39,20.39,20.39,20.39,20.39,20.39
6608,20.39,20.39,20.39,20.39,20.39,20.39,20.39,20.39,20.39,20.39
6609,20.39,20.39,20.39,20.39,20.39,20.39,20.39,20.39,20.39,20.39
6610,20.39,20.39,20.39,20.39,20.39,20.39,20.39,20.39,20.39,20.39
6611,20.39,20.39,20.39,20.39,20.39,20.39,20.39,20.39,20.39,20.39
6612,20.39,20.39,20.39,20.39,20.39,20.39,20.39,20.39,20.39,20.39
6613,20.39,20.39,20.39,20.39,20.39,20.39,20.39,20.39,20.39,20.39
6614,20.39,20.39,20.39,20.39,20.39,20.39,20.39,20.39,20.39,20.39
6615,20.39,20.39,20.39,20.39,20.39,20.39,20.39,20.39,20.39,20.39
6616,20.39,20.39,20.39,20.39,20.39,20.39,20.39,20.39,20.39,20.39
6617,20.39,20.39,20.39,20.39,20.39,20.39,20.39,20.39,20.39,20.39
6618,20.39,20.39,20.39,20.39,20.39,20.39,20.39,20.39,20.39,20.39
6619,20.39,20.39,20.39,20.39,20.39,20.39,20.39,20.39,20.39,20.39
6620,20.39,20.39,20.39,20.39,20.39,20.39,20.39,20.39,20.39,20.39
6621,20.39,20.39,20.39,20.39,20.39,20.39,20.39,20.39,20.39,20.39
6622,20.39,20.39,20.39,20.39,20.39,20.39,20.39,20.39,20.39,20.39
6623,20.39,20.39,20.39,20.39,20.39,20.39,20.39,20.39,20.39,20.39
6624,20.39,20.39,20.39,20.39,20.39,20.39,20.39,20.39,20.39,20.39
6625,20.39,20.39,20.39,20.39,20.39,20.39,20.39,20.39,20.39,20.39
6626,20.39,20.39,20.39,20.39,20.39,20.39,20.39,20.39,20.39,20.39
6627,20.39,20.39,20.39,20.39,20.39,20.39,20.39,20.39,20.39,20.39
6628,20.39,20.39,20.39,20.39,20.39,20.39,20.39,20.39,20.39,20.39
6629,20.39,20.39,20.39,20.39,20.39,20.39,20.39,20.39,20.39,20.39
6630,20.39,20.39,20.39,20.39,20.39,20.39,20.39,20.39,20.39,20.39
6631,20.39,20.39,20.39,20.39,20.39,20.39,20.39,20.39,20.39,20.39
6632,20.39,20.39,20.39,20.39,20.39,20.39,20.39,20.39,20.39,20.39
6633,20.39,20.39,20.39,20.39,20.39,20.39,20.39,20.39,20.39,20.39
6634,20.39,20.39,20.39,20.39,20.39,20.39,20.39,20.39,20.39,20.39
6635,20.39,20.39,20.39,20.39,20.39,20.39,20.39,20.39,20.39,20.39
6636,20.39,20.39,20.39,20.39,20.39,20.39,20.39,20.39,20.39,20.39
6637,20.39,20.39,20.39,20.39,20.39,20.39,20.39,20.39,20.39,20.39
6638,20.39,20.39,20.39,20.39,20.39,20.39,20.39,20.39,20.39,20.39
6639,20.39,20.39,20.39,20.39,20.39,20.39,20.39,20.39,20.39,20.39
6640,20.39,20.39,20.39,20.39,20.39,20.39,20.39,20.39,20.39,20.39
6641,20.39,20.39,20.39,20.39,20.39,20.39,20.39,20.39,20.39,20.39
6642,20.39,20.39,20.39,20.39,20.39,20.39,20.39,20.39,20.39,20.39
6643,20.39,20.39,20.39,20.39,20.39,20.39,20.39,20.39,20.39,20.39
6644,20.39,20.39,20.39,20.39,20.39,20.39,20.39,20.39,20.39,20.39
6645,20.39,20.39,20.39,20.39,20.39,20.39,20.39,20.39,20.39,20.39
6646,20.39,20.39,20.39,20.39,20.39,20.39,20.39,20.39,20.39,20.39
6647,20.39,20.39,20.39,20.39,20.39,20.39,20.39,20.39,20.39,20.39
6648,20.39,20.39,20.39,20.39,20.39,20.39,20.39,20.39,20.39,20.39
6649,20.39,20.39,20.39,20.39,20.39,20.39,20.39,20.39,20.39,20.39
6650,20.39,20.39,20.39,20.39,20.39,20.39,20.39,20.39,20.39,20.39
6651,20.39,20.39,20.39,20.39,20.39,20.39,20.39,20.39,20.39,20.39
6652,20.39,20.39,20.39,20.39,20.39,20.39,20.39,20.39,20.39,20.39
6653,20.39,20.39,20.39,20.39,20.39,20.39,20.39,20.39,20.39,20.39
6654,20.39,20.39,20.39,20.39,20.39,20.39,20.39,20.39,20.39,20.39
6655,20.39,20.39,20.39,20.39,20.39,20.39,20.39,20.39,20.39,20.39
6656,20.39,20.39,20.39,20.39,20.39,20.39,20.39,20.39,20.39,20.39
6657,20.39,20.39,20.39,20.39,20.39,20.39,20.39,20.39,20.39,20.39
6658,20.39,20.39,20.39,20.39,20.39,20.39,20.39,20.39,20.39,20.39
6659,20.39,20.39,20.39,20.39,20.39,20.39,20.39,20.39,20.39,20.39
6660,20.39,20.39,20.39,20.39,20.39,20.39,20.39,20.39,20.39,20.39
6661,20.39,20.39,20.39,20.39,20.39,20.39,20.39,20.39,20.39,20.39
6662,20.39,20.39,20.39,20.39,20.39,20.39,20.39,20.39,20.39,20.39
6663,20.39,20.39,20.39,20.39,20.39,20.39,20.39,20.39,20.39,20.39
6664,20.39,20.39,20.39,20.39,20.39,20.39,20.39,20.39,20.39,20.39
6665,20.39,20.39,20.39,20.39,20.39,20.39,20.39,20.39,20.39,20.39
6666,20.39,20.39,20.39,20.39,20.39,20.39,20.39,20.39,20.39,20.39
6667,20.39,20.39,20.39,20.39,20.39,20.39,20.39,20.39,20.39,20.39
6668,20.39,20.39,20.39,20.39,20.39,20.39,20.39,20.39,20.39,20.39
6669,20.39,20.39,20.39,20.39,20.39,20.39,20.39,20.39,20.39,20.39
6670,20.39,20.39,20.39,20.39,20.39,20.39,20.39,20.39,20.39,20.39
6671,20.39,20.39,20.39,20.39,20.39,20.39,20.39,20.39,20.39,20.39
6672,20.39,20.39,20.39,20.39,20.39,20.39,20.39,20.39,20.39,20.39
6673,20.39,20.39,20.39,20.39,20.39,20.39,20.39,20.39,20.39,20.39
6674,20.39,20.39,20.39,20.39,20.39,20.39,20.39,20.39,20.39,20.39
6675,20.39,20.39,20.39,20.39,20.39,20.39,20.39,20.39,20.39,20.39
6676,20.39,20.39,20.39,20.39,20.39,20.39,20.39,20.39,20.39,20.39
6677,20.39,20.39,20.39,20.39,20.39,20.39,20.39,20.39,20.39,20.39
6678,20.39,20.39,20.39,20.39,20.39,20.39,20.39,20.39,20.39,20.39
6679,20.39,20.39,20.39,20.39,20.39,20.39,20.39,20.39,20.39,20.39
6680,20.39,20.39,20.39,20.39,20.39,20.39,20.39,20.39,20.39,20.39
6681,20.39,20.39,20.39,20.39,20.39,20.39,20.39,20.39,20.39,20.39
6682,20.39,20.39,20.39,20.39,20.39,20.39,20.39,20.39,20.39,20.39
6683,20.39,20.39,20.39,20.39,20.39,20.39,20.39,20.39,20.39,20.39
6684,20.39,20.39,20.39,20.39,20.39,20.39,20.39,20.39,20.39,20.39
6685,20.39,20.39,20.39,20.39,20.39,20.39,20.39,20.39,20.39,20.39
6686,20.39,20.39,20.39,20.39,20.39,20.39,20.39,20.39,20.39,20.39
6687,20.39,20.39,20.39,20.39,20.39,20.39,20.39,20.39,20.39,20.39
6688,20.39,20.39,20.39,20.39,20.39,20.39,20.39,20.39,20.39,20.39
6689,20.39,20.39,20.39,20.39,20.39,20.39,20.39,20.39,20.39,20.39
6690,20.39,20.39,20.39,20.39,20.39,20.39,20.39,20.39,20.39,20.39
6691,20.39,20.39,20.39,20.39,20.39,20.39,20.39,20.39,20.39,20.39
6692,20.39,20.39,20.39,20.39,20.39,20.39,20.39,20.39,20.39,20.39
6693,20.39,20.39,20.39,20.39,20.39,20.39,20.39,20.39,20.39,20.39
6694,20.39,20.39,20.39,20.39,20.39,20.39,20.39,20.39,20.39,20.39
6695,20.39,20.39,20.39,20.39,20.39,20.39,20.39,20.39,20.39,20.39
6696,20.39,20.39,20.39,20.39,20.39,20.39,20.39,20.39,20.39,20.39
6697,20.39,20.39,20.39,20.39,20.39,20.39,20.39,20.39,20.39,20.39
6698,20.39,20.39,20.39,20.39,20.39,20.39,20.39,20.39,20.39,20.39
6699,20.39,20.39,20.39,20.39,20.39,20.39,20.39,20.39,20.39,20.39
6700,20.39,20.39,20.39,20.39,20.39,20.39,20.39,20.39,20.39,20.39
6701,20.39,20.39,20.39,20.39,20.39,20.39,20.39,20.39,20.39,20.39
6702,20.39,20.39,20.39,20.39,20.39,20.39,20.39,20.39,20.39,20.39
6703,20.39,20.39,20.39,20.39,20.39,20.39,20.39,20.39,20.39,20.39
6704,20.39,20.39,20.39,20.39,20.39,20.39,20.39,20.39,20.39,20.39
6705,20.39,20.39,20.39,20.39,20.39,20.39,20.39,20.39,20.39,20.39
6706,20.39,20.39,20.39,20.39,20.39,20.39,20.39,20.39,20.39,20.39
6707,20.39,20.39,20.39,20.39,20.39,20.39,20.39,20.39,20.39,20.39
6708,20.39,20.39,20.39,20.39,20.39,20.39,20.39,20.39,20.39,20.39
6709,20.39,20.39,20.39,20.39,20.39,20.39,20.39,20.39,20.39,20.39
6710,20.39,20.39,20.39,20.39,20.39,20.39,20.39,20.39,20.39,20.39
6711,20.39,20.39,20.39,20.39,20.39,20.39,20.39,20.39,20.39,20.39
6712,20.39,20.39,20.39,20.39,20.39,20.39,20.39,20.39,20.39,20.39
6713,20.39,20.39,20.39,20.39,20.39,20.39,20.39,20.39,20.39,20.39
6714,20.39,20.39,20.39,20.39,20.39,20.39,20.39,20.39,20.39,20.39
6715,20.39,20.39,20.39,20.39,20.39,20.39,20.39,20.39,20.39,20.39
6716,20.39,20.39,20.39,20.39,20.39,20.39,20.39,20.39,20.39,20.39
6717,20.39,20.39,20.39,20.39,20.39,20.39,20.39,20.39,20.39,20.39
6718,20.39,20.39,20.39,20.39,20.39,20.39,20.39,20.39,20.39,20.39
6719,20.39,20.39,20.39,20.39,20.39,20.39,20.39,20.39,20.39,20.39
6720,20.39,20.39,20.39,20.39,20.39,20.39,20.39,20.39,20.39,20.39
6721,20.39,20.39,20.39,20.39,20.39,20.39,20.39,20.39,20.39,20.39
6722,20.39,20.39,20.39,20.39,20.39,20.39,20.39,20.39,20.39,20.39
6723,20.39,20.39,20.39,20.39,20.39,20.39,20.39,20.39,20.39,20.39
6724,20.39,20.39,20.39,20.39,20.39,20.39,20.39,20.39,20.39,20.39
6725,20.39,20.39,20.39,20.39,20.39,20.39,20.39,20.39,20.39,20.39
6726,20.39,20.39,20.39,20.39,20.39,20.39,20.39,20.39,20.39,20.39
6727,20.39,20.39,20.39,20.39,20.39,20.39,20.39,20.39,20.39,20.39
6728,20.39,20.39,20.39,20.39,20.39,20.39,20.39,20.39,20.39,20.39
6729,20.39,20.39,20.39,20.39,20.39,20.39,20.39,20.39,20.39,20.39
6730,20.39,20.39,20.39,20.39,20.39,20.39,20.39,20.39,20.39,20.39
6731,20.39,20.39,20.39,20.39,20.39,20.39,20.39,20.39,20.39,20.39
6732,20.39,20.39,20.39,20.39,20.39,20.39,20.39,20.39,20.39,20.39
6733,20.39,20.39,20.39,20.39,20.39,20.39,20.39,20.39,20.39,20.39
6734,20.39,20.39,20.39,20.39,20.39,20.39,20.39,20.39,20.39,20.39
6735,20.39,20.39,20.39,20.39,20.39,20.39,20.39,20.39,20.39,20.39
6736,20.39,20.39,20.39,20.39,20.39,20.39,20.39,20.39,20.39,20.39
6737,20.39,20.39,20.39,20.39,20.39,20.39,20.39,20.39,20.39,20.39
6738,20.39,20.39,20.39,20.39,20.39,20.39,20.39,20.39,20.39,20.39
6739,20.39,20.39,20.39,20.39,20.39,20.39,20.39,20.39,20.39,20.39
6740,20.39,20.39,20.39,20.39,20.39,20.39,20.39,20.39,20.39,20.39
6741,20.39,20.39,20.39,20.39,20.39,20.39,20.39,20.39,20.39,20.39
6742,20.39,20.39,20.39,20.39,20.39,20.39,20.39,20.39,20.39,20.39
6743,20.39,20.39,20.39,20.39,20.39,20.39,20.39,20.39,20.39,20.39
6744,20.39,20.39,20.39,20.39,20.39,20.39,20.39,20.39,20.39,20.39
6745,20.39,20.39,20.39,20.39,20.39,20.39,20.39,20.39,20.39,20.39
6746,20.39,20.39,20.39,20.39,20.39,20.39,20.39,20.39,20.39,20.39
6747,20.39,20.39,20.39,20.39,20.39,20.39,20.39,20.39,20.39,20.39
6748,20.39,20.39,20.39,20.39,20.39,20.39,20.39,20.39,20.39,20.39
6749,20.39,20.39,20.39,20.39,20.39,20.39,20.39,20.39,20.39,20.39
6750,20.39,20.39,20.39,20.39,20.39,20.39,20.39,20.39,20.39,20.39
6751,20.39,20.39,20.39,20.39,20.39,20.39,20.39,20.39,20.39,20.39
6752,20.39,20.39,20.39,20.39,20.39,20.39,20.39,20.39,20.39,20.39
6753,20.39,20.39,20.39,20.39,20.39,20.39,20.39,20.39,20.39,20.39
6754,20.39,20.39,20.39,20.39,20.39,20.39,20.39,20.39,20.39,20.39
6755,20.39,20.39,20.39,20.39,20.39,20.39,20.39,20.39,20.39,20.39
6756,20.39,20.39,20.39,20.39,20.39,20.39,20.39,20.39,20.39,20.39
6757,20.39,20.39,20.39,20.39,20.39,20.39,20.39,20.39,20.39,20.39
6758,20.39,20.39,20.39,20.39,20.39,20.39,20.39,20.39,20.39,20.39
6759,20.39,20.39,20.39,20.39,20.39,20.39,20.39,20.39,20.39,20.39
6760,20.39,20.39,20.39,20.39,20.39,20.39,20.39,20.39,20.39,20.39
6761,20.39,20.39,20.39,20.39,20.39,20.39,20.39,20.39,20.39,20.39
6762,20.39,20.39,20.39,20.39,20.39,20.39,20.39,20.39,20.39,20.39
6763,20.39,20.39,20.39,20.39,20.39,20.39,20.39,20.39,20.39,20.39
6764,20.39,20.39,20.39,20.39,20.39,20.39,20.39,20.39,20.39,20.39
6765,20.39,20.39,20.39,20.39,20.39,20.39,20.39,20.39,20.39,20.39
6766,20.39,20.39,20.39,20.39,20.39,20.39,20.39,20.39,20.39,20.39
6767,20.39,20.39,20.39,20.39,20.39,20.39,20.39,20.39,20.39,20.39
6768,20.39,20.39,20.39,20.39,20.39,20.39,20.39,20.39,20.39,20.39
6769,20.39,20.39,20.39,20.39,20.39,20.39,20.39,20.39,20.39,20.39
6770,20.39,20.39,20.39,20.39,20.39,20.39,20.39,20.39,20.39,20.39
6771,20.39,20.39,20.39,20.39,20.39,20.39,20.39,20.39,20.39,20.39
6772,20.39,20.39,20.39,20.39,20.39,20.39,20.39,20.39,20.39,20.39
6773,20.39,20.39,20.39,20.39,20.39,20.39,20.39,20.39,20.39,20.39
6774,20.39,20.39,20.39,20.39,20.39,20.39,20.39,20.39,20.39,20.39
6775,20.39,20.39,20.39,20.39,20.39,20.39,20.39,20.39,20.39,20.39
6776,20.39,20.39,20.39,20.39,20.39,20.39,20.39,20.39,20.39,20.39
6777,20.39,20.39,20.39,20.39,20.39,20.39,20.39,20.39,20.39,20.39
6778,20.39,20.39,20.39,20.39,20.39,20.39,20.39,20.39,20.39,20.39
6779,20.39,20.39,20.39,20.39,20.39,20.39,20.39,20.39,20.39,20.39
6780,20.39,20.39,20.39,20.39,20.39,20.39,20.39,20.39,20.39,20.39
6781,20.39,20.39,20.39,20.39,20.39,20.39,20.39,20.39,20.39,20.39
6782,20.39,20.39,20.39,20.39,20.39,20.39,20.39,20.39,20.39,20.39
6783,20.39,20.39,20.39,20.39,20.39,20.39,20.39,20.39,20.39,20.39
6784,20.39,20.39,20.39,20.39,20.39,20.39,20.39,20.39,20.39,20.39
6785,20.39,20.39,20.39,20.39,20.39,20.39,20.39,20.39,20.39,20.39
6786,20.39,20.39,20.39,20.39,20.39,20.39,20.39,20.39,20.39,20.39
6787,20.39,20.39,20.39,20.39,20.39,20.39,20.39,20.39,20.39,20.39
6788,20.39,20.39,20.39,20.39,20.39,20.39,20.39,20.39,20.39,20.39
6789,20.39,20.39,20.39,20.39,20.39,20.39,20.39,20.39,20.39,20.39
6790,20.39,20.39,20.39,20.39,20.39,20.39,20.39,20.39,20.39,20.39
6791,20.39,20.39,20.39,20.39,20.39,20.39,20.39,20.39,20.39,20.39
6792,20.39,20.39,20.39,20.39,20.39,20.39,20.39,20.39,20.39,20.39
6793,20.39,20.39,20.39,20.39,20.39,20.39,20.39,20.39,20.39,20.39
6794,20.39,20.39,20.39,20.39,20.39,20.39,20.39,20.39,20.39,20.39
6795,20.39,20.39,20.39,20.39,20.39,20.39,20.39,20.39,20.39,20.39
6796,20.39,20.39,20.39,20.39,20.39,20.39,20.39,20.39,20.39,20.39
6797,20.39,20.39,20.39,20.39,20.39,20.39,20.39,20.39,20.39,20.39
6798,20.39,20.39,20.39,20.39,20.39,20.39,20.39,20.39,20.39,20.39
6799,20.39,20.39,20.39,20.39,20.39,20.39,20.39,20.39,20.39,20.39
6800,20.39,20.39,20.39,20.39,20.39,20.39,20.39,20.39,20.39,20.39
6801,20.39,20.39,20.39,20.39,20.39,20.39,20.39,20.39,20.39,20.39
6802,20.39,20.39,20.39,20.39,20.39,20.39,20.39,20.39,20.39,20.39
6803,20.39,20.39,20.39,20.39,20.39,20.39,20.39,20.39,20.39,20.39
6804,20.39,20.39,20.39,20.39,20.39,20.39,20.39,20.39,20.39,20.39
6805,20.39,20.39,20.39,20.39,20.39,20.39,20.39,20.39,20.39,20.39
6806,20.39,20.39,20.39,20.39,20.39,20.39,20.39,20.39,20.39,20.39
6807,20.39,20.39,20.39,20.39,20.39,20.39,20.39,20.39,20.39,20.39
6808,20.39,20.39,20.39,20.39,20.39,20.39,20.39,20.39,20.39,20.39
6809,20.39,20.39,20.39,20.39,20.39,20.39,20.39,20.39,20.39,20.39
6810,20.39,20.39,20.39,20.39,20.39,20.39,20.39,20.39,20.39,20.39
6811,20.39,20.39,20.39,20.39,20.39,20.39,20.39,20.39,20.39,20.39
6812,20.39,20.39,20.39,20.39,20.39,20.39,20.39,20.39,20.39,20.39
6813,20.39,20.39,20.39,20.39,20.39,20.39,20.39,20.39,20.39,20.39
6814,20.39,20.39,20.39,20.39,20.39,20.39,20.39,20.39,20.39,20.39
6815,20.39,20.39,20.39,20.39,20.39,20.39,20.39,20.39,20.39,20.39
6816,20.39,20.39,20.39,20.39,20.39,20.39,20.39,20.39,20.39,20.39
6817,20.39,20.39,20.39,20.39,20.39,20.39,20.39,20.39,20.39,20.39
6818,20.39,20.39,20.39,20.39,20.39,20.39,20.39,20.39,20.39,20.39
6819,20.39,20.39,20.39,20.39,20.39,20.39,20.39,20.39,20.39,20.39
6820,20.39,20.39,20.39,20.39,20.39,20.39,20.39,20.39,20.39,20.39
6821,20.39,20.39,20.39,20.39,20.39,20.39,20.39,20.39,20.39,20.39
6822,20.39,20.39,20.39,20.39,20.39,20.39,20.39,20.39,20.39,20.39
6823,20.39,20.39,20.39,20.39,20.39,20.39,20.39,20.39,20.39,20.39
6824,20.39,20.39,20.39,20.39,20.39,20.39,20.39,20.39,20.39,20.39
6825,20.39,20.39,20.39,20.39,20.39,20.39,20.39,20.39,20.39,20.39
6826,20.39,20.39,20.39,20.39,20.39,20.39,20.39,20.39,20.39,20.39
6827,20.39,20.39,20.39,20.39,20.39,20.39,20.39,20.39,20.39,20.39
6828,20.39,20.39,20.39,20.39,20.39,20.39,20.39,20.39,20.39,20.39
6829,20.39,20.39,20.39,20.39,20.39,20.39,20.39,20.39,20.39,20.39
6830,20.39,20.39,20.39,20.39,20.39,20.39,20.39,20.39,20.39,20.39
6831,20.39,20.39,20.39,20.39,20.39,20.39,20.39,20.39,20.39,20.39
6832,20.39,20.39,20.39,20.39,20.39,20.39,20.39,20.39,20.39,20.39
6833,20.39,20.39,20.39,20.39,20.39,20.39,20.39,20.39,20.39,20.39
6834,20.39,20.39,20.39,20.39,20.39,20.39,20.39,20.39,20.39,20.39
6835,20.39,20.39,20.39,20.39,20.39,20.39,20.39,20.39,20.39,20.39
6836,20.39,20.39,20.39,20.39,20.39,20.39,20.39,20.39,20.39,20.39
6837,20.39,20.39,20.39,20.39,20.39,20.39,20.39,20.39,20.39,20.39
6838,20.39,20.39,20.39,20.39,20.39,20.39,20.39,20.39,20.39,20.39
6839,20.39,20.39,20.39,20.39,20.39,20.39,20.39,20.39,20.39,20.39
6840,20.39,20.39,20.39,20.39,20.39,20.39,20.39,20.39,20.39,20.39
6841,20.39,20.39,20.39,20.39,20.39,20.39,20.39,20.39,20.39,20.39
6842,20.39,20.39,20.39,20.39,20.39,20.39,20.39,20.39,20.39,20.39
6843,20.39,20.39,20.39,20.39,20.39,20.39,20.39,20.39,20.39,20.39
6844,20.39,20.39,20.39,20.39,20.39,20.39,20.39,20.39,20.39,20.39
6845,20.39,20.39,20.39,20.39,20.39,20.39,20.39,20.39,20.39,20.39
6846,20.39,20.39,20.39,20.39,20.39,20.39,20.39,20.39,20.39,20.39
6847,20.39,20.39,20.39,20.39,20.39,20.39,20.39,20.39,20.39,20.39
6848,20.39,20.39,20.39,20.39,20.39,20.39,20.39,20.39,20.39,20.39
6849,20.39,20.39,20.39,20.39,20.39,20.39,20.39,20.39,20.39,20.39
6850,20.39,20.39,20.39,20.39,20.39,20.39,20.39,20.39,20.39,20.39
6851,20.39,20.39,20.39,20.39,20.39,20.39,20.39,20.39,20.39,20.39
6852,20.39,20.39,20.39,20.39,20.39,20.39,20.39,20.39,20.39,20.39
6853,20.39,20.39,20.39,20.39,20.39,20.39,20.39,20.39,20.39,20.39
6854,20.39,20.39,20.39,20.39,20.39,20.39,20.39,20.39,20.39,20.39
6855,20.39,20.39,20.39,20.39,20.39,20.39,20.39,20.39,20.39,20.39
6856,20.39,20.39,20.39,20.39,20.39,20.39,20.39,20.39,20.39,20.39
6857,20.39,20.39,20.39,20.39,20.39,20.39,20.39,20.39,20.39,20.39
6858,20.39,20.39,20.39,20.39,20.39,20.39,20.39,20.39,20.39,20.39
6859,20.39,20.39,20.39,20.39,20.39,20.39,20.39,20.39,20.39,20.39
6860,20.39,20.39,20.39,20.39,20.39,20.39,20.39,20.39,20.39,20.39
6861,20.39,20.39,20.39,20.39,20.39,20.39,20.39,20.39,20.39,20.39
6862,20.39,20.39,20.39,20.39,20.39,20.39,20.39,20.39,20.39,20.39
6863,20.39,20.39,20.39,20.39,20.39,20.39,20.39,20.39,20.39,20.39
6864,20.39,20.39,20.39,20.39,20.39,20.39,20.39,20.39,20.39,20.39
6865,20.39,20.39,20.39,20.39,20.39,20.39,20.39,20.39,20.39,20.39
6866,20.39,20.39,20.39,20.39,20.39,20.39,20.39,20.39,20.39,20.39
6867,20.39,20.39,20.39,20.39,20.39,20.39,20.39,20.39,20.39,20.39
6868,20.39,20.39,20.39,20.39,20.39,20.39,20.39,20.39,20.39,20.39
6869,20.39,20.39,20.39,20.39,20.39,20.39,20.39,20.39,20.39,20.39
6870,20.39,20.39,20.39,20.39,20.39,20.39,20.39,20.39,20.39,20.39
6871,20.39,20.39,20.39,20.39,20.39,20.39,20.39,20.39,20.39,20.39
6872,20.39,20.39,20.39,20.39,20.39,20.39,20.39,20.39,20.39,20.39
6873,20.39,20.39,20.39,20.39,20.39,20.39,20.39,20.39,20.39,20.39
6874,20.39,20.39,20.39,20.39,20.39,20.39,20.39,20.39,20.39,20.39
6875,20.39,20.39,20.39,20.39,20.39,20.39,20.39,20.39,20.39,20.39
6876,20.39,20.39,20.39,20.39,20.39,20.39,20.39,20.39,20.39,20.39
6877,20.39,20.39,20.39,20.39,20.39,20.39,20.39,20.39,20.39,20.39
6878,20.39,20.39,20.39,20.39,20.39,20.39,20.39,20.39,20.39,20.39
6879,20.39,20.39,20.39,20.39,20.39,20.39,20.39,20.39,20.39,20.39
6880,20.39,20.39,20.39,20.39,20.39,20.39,20.39,20.39,20.39,20.39
6881,20.39,20.39,20.39,20.39,20.39,20.39,20.39,20.39,20.39,20.39
6882,20.39,20.39,20.39,20.39,20.39,20.39,20.39,20.39,20.39,20.39
6883,20.39,20.39,20.39,20.39,20.39,20.39,20.39,20.39,20.39,20.39
6884,20.39,20.39,20.39,20.39,20.39,20.39,20.39,20.39,20.39,20.39
6885,20.39,20.39,20.39,20.39,20.39,20.39,20.39,20.39,20.39,20.39
6886,20.39,20.39,20.39,20.39,20.39,20.39,20.39,20.39,20.39,20.39
6887,20.39,20.39,20.39,20.39,20.39,20.39,20.39,20.39,20.39,20.39
6888,20.39,20.39,20.39,20.39,20.39,20.39,20.39,20.39,20.39,20.39
6889,20.39,20.39,20.39,20.39,20.39,20.39,20.39,20.39,20.39,20.39
6890,20.39,20.39,20.39,20.39,20.39,20.39,20.39,20.39,20.39,20.39
6891,20.39,20.39,20.39,20.39,20.39,20.39,20.39,20.39,20.39,20.39
6892,20.39,20.39,20.39,20.39,20.39,20.39,20.39,20.39,20.39,20.39
6893,20.39,20.39,20.39,20.39,20.39,20.39,20.39,20.39,20.39,20.39
6894,20.39,20.39,20.39,20.39,20.39,20.39,20.39,20.39,20.39,20.39
6895,20.39,20.39,20.39,20.39,20.39,20.39,20.39,20.39,20.39,20.39
6896,20.39,20.39,20.39,20.39,20.39,20.39,20.39,20.39,20.39,20.39
6897,20.39,20.39,20.39,20.39,20.39,20.39,20.39,20.39,20.39,20.39
6898,20.39,20.39,20.39,20.39,20.39,20.39,20.39,20.39,20.39,20.39
6899,20.39,20.39,20.39,20.39,20.39,20.39,20.39,20.39,20.39,20.39
6900,20.39,20.39,20.39,20.39,20.39,20.39,20.39,20.39,20.39,20.39
6901,20.39,20.39,20.39,20.39,20.39,20.39,20.39,20.39,20.39,20.39
6902,20.39,20.39,20.39,20.39,20.39,20.39,20.39,20.39,20.39,20.39
6903,20.39,20.39,20.39,20.39,20.39,20.39,20.39,20.39,20.39,20.39
6904,20.39,20.39,20.39,20.39,20.39,20.39,20.39,20.39,20.39,20.39
6905,20.39,20.39,20.39,20.39,20.39,20.39,20.39,20.39,20.39,20.39
6906,20.39,20.39,20.39,20.39,20.39,20.39,20.39,20.39,20.39,20.39
6907,20.39,20.39,20.39,20.39,20.39,20.39,20.39,20.39,20.39,20.39
6908,20.39,20.39,20.39,20.39,20.39,20.39,20.39,20.39,20.39,20.39
6909,20.39,20.39,20.39,20.39,20.39,20.39,20.39,20.39,20.39,20.39
6910,20.39,20.39,20.39,20.39,20.39,20.39,20.39,20.39,20.39,20.39
6911,20.39,20.39,20.39,20.39,20.39,20.39,20.39,20.39,20.39,20.39
6912,20.39,20.39,20.39,20.39,20.39,20.39,20.39,20.39,20.39,20.39
6913,20.39,20.39,20.39,20.39,20.39,20.39,20.39,20.39,20.39,20.39
6914,20.39,20.39,20.39,20.39,20.39,20.39,20.39,20.39,20.39,20.39
6915,20.39,20.39,20.39,20.39,20.39,20.39,20.39,20.39,20.39,20.39
6916,20.39,20.39,20.39,20.39,20.39,20.39,20.39,20.39,20.39,20.39
6917,20.39,20.39,20.39,20.39,20.39,20.39,20.39,20.39,20.39,20.39
6918,20.39,20.39,20.39,20.39,20.39,20.39,20.39,20.39,20.39,20.39
6919,20.39,20.39,20.39,20.39,20.39,20.39,20.39,20.39,20.39,20.39
6920,20.39,20.39,20.39,20.39,20.39,20.39,20.39,20.39,20.39,20.39
6921,20.39,20.39,20.39,20.39,20.39,20.39,20.39,20.39,20.39,20.39
6922,20.39,20.39,20.39,20.39,20.39,20.39,20.39,20.39,20.39,20.39
6923,20.39,20.39,20.39,20.39,20.39,20.39,20.39,20.39,20.39,20.39
6924,20.39,20.39,20.39,20.39,20.39,20.39,20.39,20.39,20.39,20.39
6925,20.39,20.39,20.39,20.39,20.39,20.39,20.39,20.39,20.39,20.39
6926,20.39,20.39,20.39,20.39,20.39,20.39,20.39,20.39,20.39,20.39
6927,20.39,20.39,20.39,20.39,20.39,20.39,20.39,20.39,20.39,20.39
6928,20.39,20.39,20.39,20.39,20.39,20.39,20.39,20.39,20.39,20.39
6929,20.39,20.39,20.39,20.39,20.39,20.39,20.39,20.39,20.39,20.39
6930,20.39,20.39,20.39,20.39,20.39,20.39,20.39,20.39,20.39,20.39
6931,20.39,20.39,20.39,20.39,20.39,20.39,20.39,20.39,20.39,20.39
6932,20.39,20.39,20.39,20.39,20.39,20.39,20.39,20.39,20.39,20.39
6933,20.39,20.39,20.39,20.39,20.39,20.39,20.39,20.39,20.39,20.39
6934,20.39,20.39,20.39,20.39,20.39,20.39,20.39,20.39,20.39,20.39
6935,20.39,20.39,20.39,20.39,20.39,20.39,20.39,20.39,20.39,20.39
6936,20.39,20.39,20.39,20.39,20.39,20.39,20.39,20.39,20.39,20.39
6937,20.39,20.39,20.39,20.39,20.39,20.39,20.39,20.39,20.39,20.39
6938,20.39,20.39,20.39,20.39,20.39,20.39,20.39,20.39,20.39,20.39
6939,20.39,20.39,20.39,20.39,20.39,20.39,20.39,20.39,20.39,20.39
6940,20.39,20.39,20.39,20.39,20.39,20.39,20.39,20.39,20.39,20.39
6941,20.39,20.39,20.39,20.39,20.39,20.39,20.39,20.39,20.39,20.39
6942,20.39,20.39,20.39,20.39,20.39,20.39,20.39,20.39,20.39,20.39
6943,20.39,20.39,20.39,20.39,20.39,20.39,20.39,20.39,20.39,20.39
6944,20.39,20.39,20.39,20.39,20.39,20.39,20.39,20.39,20.39,20.39
6945,20.39,20.39,20.39,20.39,20.39,20.39,20.39,20.39,20.39,20.39
6946,20.39,20.39,20.39,20.39,20.39,20.39,20.39,20.39,20.39,20.39
6947,20.39,20.39,20.39,20.39,20.39,20.39,20.39,20.39,20.39,20.39
6948,20.39,20.39,20.39,20.39,20.39,20.39,20.39,20.39,20.39,20.39
6949,20.39,20.39,20.39,20.39,20.39,20.39,20.39,20.39,20.39,20.39
6950,20.39,20.39,20.39,20.39,20.39,20.39,20.39,20.39,20.39,20.39
6951,20.39,20.39,20.39,20.39,20.39,20.39,20.39,20.39,20.39,20.39
6952,20.39,20.39,20.39,20.39,20.39,20.39,20.39,20.39,20.39,20.39
6953,20.39,20.39,20.39,20.39,20.39,20.39,20.39,20.39,20.39,20.39
6954,20.39,20.39,20.39,20.39,20.39,20.39,20.39,20.39,20.39,20.39
6955,20.39,20.39,20.39,20.39,20.39,20.39,20.39,20.39,20.39,20.39
6956,20.39,20.39,20.39,20.39,20.39,20.39,20.39,20.39,20.39,20.39
6957,20.39,20.39,20.39,20.39,20.39,20.39,20.39,20.39,20.39,20.39
6958,20.39,20.39,20.39,20.39,20.39,20.39,20.39,20.39,20.39,20.39
6959,20.39,20.39,20.39,20.39,20.39,20.39,20.39,20.39,20.39,20.39
6960,20.39,20.39,20.39,20.39,20.39,20.39,20.39,20.39,20.39,20.39
6961,20.39,20.39,20.39,20.39,20.39,20.39,20.39,20.39,20.39,20.39
6962,20.39,20.39,20.39,20.39,20.39,20.39,20.39,20.39,20.39,20.39
6963,20.39,20.39,20.39,20.39,20.39,20.39,20.39,20.39,20.39,20.39
6964,20.39,20.39,20.39,20.39,20.39,20.39,20.39,20.39,20.39,20.39
6965,20.39,20.39,20.39,20.39,20.39,20.39,20.39,20.39,20.39,20.39
6966,20.39,20.39,20.39,20.39,20.39,20.39,20.39,20.39,20.39,20.39
6967,20.39,20.39,20.39,20.39,20.39,20.39,20.39,20.39,20.39,20.39
6968,20.39,20.39,20.39,20.39,20.39,20.39,20.39,20.39,20.39,20.39
6969,20.39,20.39,20.39,20.39,20.39,20.39,20.39,20.39,20.39,20.39
6970,20.39,20.39,20.39,20.39,20.39,20.39,20.39,20.39,20.39,20.39
6971,20.39,20.39,20.39,20.39,20.39,20.39,20.39,20.39,20.39,20.39
6972,20.39,20.39,20.39,20.39,20.39,20.39,20.39,20.39,20.39,20.39
6973,20.39,20.39,20.39,20.39,20.39,20.39,20.39,20.39,20.39,20.39
6974,20.39,20.39,20.39,20.39,20.39,20.39,20.39,20.39,20.39,20.39
6975,20.39,20.39,20.39,20.39,20.39,20.39,20.39,20.39,20.39,20.39
6976,20.39,20.39,20.39,20.39,20.39,20.39,20.39,20.39,20.39,20.39
6977,20.39,20.39,20.39,20.39,20.39,20.39,20.39,20.39,20.39,20.39
6978,20.39,20.39,20.39,20.39,20.39,20.39,20.39,20.39,20.39,20.39
6979,20.39,20.39,20.39,20.39,20.39,20.39,20.39,20.39,20.39,20.39
6980,20.39,20.39,20.39,20.39,20.39,20.39,20.39,20.39,20.39,20.39
6981,20.39,20.39,20.39,20.39,20.39,20.39,20.39,20.39,20.39,20.39
6982,20.39,20.39,20.39,20.39,20.39,20.39,20.39,20.39,20.39,20.39
6983,20.39,20.39,20.39,20.39,20.39,20.39,20.39,20.39,20.39,20.39
6984,20.39,20.39,20.39,20.39,20.39,20.39,20.39,20.39,20.39,20.39
6985,20.39,20.39,20.39,20.39,20.39,20.39,20.39,20.39,20.39,20.39
6986,20.39,20.39,20.39,20.39,20.39,20.39,20.39,20.39,20.39,20.39
6987,20.39,20.39,20.39,20.39,20.39,20.39,20.39,20.39,20.39,20.39
6988,20.39,20.39,20.39,20.39,20.39,20.39,20.39,20.39,20.39,20.39
6989,20.39,20.39,20.39,20.39,20.39,20.39,20.39,20.39,20.39,20.39
6990,20.39,20.39,20.39,20.39,20.39,20.39,20.39,20.39,20.39,20.39
6991,20.39,20.39,20.39,20.39,20.39,20.39,20.39,20.39,20.39,20.39
6992,20.39,20.39,20.39,20.39,20.39,20.39,20.39,20.39,20.39,20.39
6993,20.39,20.39,20.39,20.39,20.39,20.39,20.39,20.39,20.39,20.39
6994,20.39,20.39,20.39,20.39,20.39,20.39,20.39,20.39,20.39,20.39
6995,20.39,20.39,20.39,20.39,20.39,20.39,20.39,20.39,20.39,20.39
6996,20.39,20.39,20.39,20.39,20.39,20.39,20.39,20.39,20.39,20.39
6997,20.39,20.39,20.39,20.39,20.39,20.39,20.39,20.39,20.39,20.39
6998,20.39,20.39,20.39,20.39,20.39,20.39,20.39,20.39,20.39,20.39
6999,20.39,20.39,20.39,20.39,20.39,20.39,20.39,20.39,20.39,20.39
7000,20.39,20.39,20.39,20.39,20.39,20.39,20.39,20.39,20.39,20.39
7001,20.39,20.39,20.39,20.39,20.39,20.39,20.39,20.39,20.39,20.39
7002,20.39,20.39,20.39,20.39,20.39,20.39,20.39,20.39,20.39,20.39
7003,20.39,20.39,20.39,20.39,20.39,20.39,20.39,20.39,20.39,20.39
7004,20.39,20.39,20.39,20.39,20.39,20.39,20.39,20.39,20.39,20.39
7005,20.39,20.39,20.39,20.39,20.39,20.39,20.39,20.39,20.39,20.39
7006,20.39,20.39,20.39,20.39,20.39,20.39,20.39,20.39,20.39,20.39
7007,20.39,20.39,20.39,20.39,20.39,20.39,20.39,20.39,20.39,20.39
7008,20.39,20.39,20.39,20.39,20.39,20.39,20.39,20.39,20.39,20.39
7009,20.39,20.39,20.39,20.39,20.39,20.39,20.39,20.39,20.39,20.39
7010,20.39,20.39,20.39,20.39,20.39,20.39,20.39,20.39,20.39,20.39
7011,20.39,20.39,20.39,20.39,20.39,20.39,20.39,20.39,20.39,20.39
7012,20.39,20.39,20.39,20.39,20.39,20.39,20.39,20.39,20.39,20.39
7013,20.39,20.39,20.39,20.39,20.39,20.39,20.39,20.39,20.39,20.39
7014,20.39,20.39,20.39,20.39,20.39,20.39,20.39,20.39,20.39,20.39
7015,20.39,20.39,20.39,20.39,20.39,20.39,20.39,20.39,20.39,20.39
7016,20.39,20.39,20.39,20.39,20.39,20.39,20.39,20.39,20.39,20.39
7017,20.39,20.39,20.39,20.39,20.39,20.39,20.39,20.39,20.39,20.39
7018,20.39,20.39,20.39,20.39,20.39,20.39,20.39,20.39,20.39,20.39
7019,20.39,20.39,20.39,20.39,20.39,20.39,20.39,20.39,20.39,20.39
7020,20.39,20.39,20.39,20.39,20.39,20.39,20.39,20.39,20.39,20.39
7021,20.39,20.39,20.39,20.39,20.39,20.39,20.39,20.39,20.39,20.39
7022,20.39,20.39,20.39,20.39,20.39,20.39,20.39,20.39,20.39,20.39
7023,20.39,20.39,20.39,20.39,20.39,20.39,20.39,20.39,20.39,20.39
7024,20.39,20.39,20.39,20.39,20.39,20.39,20.39,20.39,20.39,20.39
7025,20.39,20.39,20.39,20.39,20.39,20.39,20.39,20.39,20.39,20.39
7026,20.39,20.39,20.39,20.39,20.39,20.39,20.39,20.39,20.39,20.39
7027,20.39,20.39,20.39,20.39,20.39,20.39,20.39,20.39,20.39,20.39
7028,20.39,20.39,20.39,20.39,20.39,20.39,20.39,20.39,20.39,20.39
7029,20.39,20.39,20.39,20.39,20.39,20.39,20.39,20.39,20.39,20.39
7030,20.39,20.39,20.39,20.39,20.39,20.39,20.39,20.39,20.39,20.39
7031,20.39,20.39,20.39,20.39,20.39,20.39,20.39,20.39,20.39,20.39
7032,20.39,20.39,20.39,20.39,20.39,20.39,20.39,20.39,20.39,20.39
7033,20.39,20.39,20.39,20.39,20.39,20.39,20.39,20.39,20.39,20.39
7034,20.39,20.39,20.39,20.39,20.39,20.39,20.39,20.39,20.39,20.39
7035,20.39,20.39,20.39,20.39,20.39,20.39,20.39,20.39,20.39,20.39
7036,20.39,20.39,20.39,20.39,20.39,20.39,20.39,20.39,20.39,20.39
7037,20.39,20.39,20.39,20.39,20.39,20.39,20.39,20.39,20.39,20.39
7038,20.39,20.39,20.39,20.39,20.39,20.39,20.39,20.39,20.39,20.39
7039,20.39,20.39,20.39,20.39,20.39,20.39,20.39,20.39,20.39,20.39
7040,20.39,20.39,20.39,20.39,20.39,20.39,20.39,20.39,20.39,20.39
7041,20.39,20.39,20.39,20.39,20.39,20.39,20.39,20.39,20.39,20.39
7042,20.39,20.39,20.39,20.39,20.39,20.39,20.39,20.39,20.39,20.39
7043,20.39,20.39,20.39,20.39,20.39,20.39,20.39,20.39,20.39,20.39
7044,20.39,20.39,20.39,20.39,20.39,20.39,20.39,20.39,20.39,20.39
7045,20.39,20.39,20.39,20.39,20.39,20.39,20.39,20.39,20.39,20.39
7046,20.39,20.39,20.39,20.39,20.39,20.39,20.39,20.39,20.39,20.39
7047,20.39,20.39,20.39,20.39,20.39,20.39,20.39,20.39,20.39,20.39
7048,20.39,20.39,20.39,20.39,20.39,20.39,20.39,20.39,20.39,20.39
7049,20.39,20.39,20.39,20.39,20.39,20.39,20.39,20.39,20.39,20.39
7050,20.39,20.39,20.39,20.39,20.39,20.39,20.39,20.39,20.39,20.39
7051,20.39,20.39,20.39,20.39,20.39,20.39,20.39,20.39,20.39,20.39
7052,20.39,20.39,20.39,20.39,20.39,20.39,20.39,20.39,20.39,20.39
7053,20.39,20.39,20.39,20.39,20.39,20.39,20.39,20.39,20.39,20.39
7054,20.39,20.39,20.39,20.39,20.39,20.39,20.39,20.39,20.39,20.39
7055,20.39,20.39,20.39,20.39,20.39,20.39,20.39,20.39,20.39,20.39
7056,20.39,20.39,20.39,20.39,20.39,20.39,20.39,20.39,20.39,20.39
7057,20.39,20.39,20.39,20.39,20.39,20.39,20.39,20.39,20.39,20.39
7058,20.39,20.39,20.39,20.39,20.39,20.39,20.39,20.39,20.39,20.39
7059,20.39,20.39,20.39,20.39,20.39,20.39,20.39,20.39,20.39,20.39
7060,20.39,20.39,20.39,20.39,20.39,20.39,20.39,20.39,20.39,20.39
7061,20.39,20.39,20.39,20.39,20.39,20.39,20.39,20.39,20.39,20.39
7062,20.39,20.39,20.39,20.39,20.39,20.39,20.39,20.39,20.39,20.39
7063,20.39,20.39,20.39,20.39,20.39,20.39,20.39,20.39,20.39,20.39
7064,20.39,20.39,20.39,20.39,20.39,20.39,20.39,20.39,20.39,20.39
7065,20.39,20.39,20.39,20.39,20.39,20.39,20.39,20.39,20.39,20.39
7066,20.39,20.39,20.39,20.39,20.39,20.39,20.39,20.39,20.39,20.39
7067,20.39,20.39,20.39,20.39,20.39,20.39,20.39,20.39,20.39,20.39
7068,20.39,20.39,20.39,20.39,20.39,20.39,20.39,20.39,20.39,20.39
7069,20.39,20.39,20.39,20.39,20.39,20.39,20.39,20.39,20.39,20.39
7070,20.39,20.39,20.39,20.39,20.39,20.39,20.39,20.39,20.39,20.39
7071,20.39,20.39,20.39,20.39,20.39,20.39,20.39,20.39,20.39,20.39
7072,20.39,20.39,20.39,20.39,20.39,20.39,20.39,20.39,20.39,20.39
7073,20.39,20.39,20.39,20.39,20.39,20.39,20.39,20.39,20.39,20.39
7074,20.39,20.39,20.39,20.39,20.39,20.39,20.39,20.39,20.39,20.39
7075,20.39,20.39,20.39,20.39,20.39,20.39,20.39,20.39,20.39,20.39
7076,20.39,20.39,20.39,20.39,20.39,20.39,20.39,20.39,20.39,20.39
7077,20.39,20.39,20.39,20.39,20.39,20.39,20.39,20.39,20.39,20.39
7078,20.39,20.39,20.39,20.39,20.39,20.39,20.39,20.39,20.39,20.39
7079,20.39,20.39,20.39,20.39,20.39,20.39,20.39,20.39,20.39,20.39
7080,20.39,20.39,20.39,20.39,20.39,20.39,20.39,20.39,20.39,20.39
7081,20.39,20.39,20.39,20.39,20.39,20.39,20.39,20.39,20.39,20.39
7082,20.39,20.39,20.39,20.39,20.39,20.39,20.39,20.39,20.39,20.39
7083,20.39,20.39,20.39,20.39,20.39,20.39,20.39,20.39,20.39,20.39
7084,20.39,20.39,20.39,20.39,20.39,20.39,20.39,20.39,20.39,20.39
7085,20.39,20.39,20.39,20.39,20.39,20.39,20.39,20.39,20.39,20.39
7086,20.39,20.39,20.39,20.39,20.39,20.39,20.39,20.39,20.39,20.39
7087,20.39,20.39,20.39,20.39,20.39,20.39,20.39,20.39,20.39,20.39
7088,20.39,20.39,20.39,20.39,20.39,20.39,20.39,20.39,20.39,20.39
7089,20.39,20.39,20.39,20.39,20.39,20.39,20.39,20.39,20.39,20.39
7090,20.39,20.39,20.39,20.39,20.39,20.39,20.39,20.39,20.39,20.39
7091,20.39,20.39,20.39,20.39,20.39,20.39,20.39,20.39,20.39,20.39
7092,20.39,20.39,20.39,20.39,20.39,20.39,20.39,20.39,20.39,20.39
7093,20.39,20.39,20.39,20.39,20.39,20.39,20.39,20.39,20.39,20.39
7094,20.39,20.39,20.39,20.39,20.39,20.39,20.39,20.39,20.39,20.39
7095,20.39,20.39,20.39,20.39,20.39,20.39,20.39,20.39,20.39,20.39
7096,20.39,20.39,20.39,20.39,20.39,20.39,20.39,20.39,20.39,20.39
7097,20.39,20.39,20.39,20.39,20.39,20.39,20.39,20.39,20.39,20.39
7098,20.39,20.39,20.39,20.39,20.39,20.39,20.39,20.39,20.39,20.39
7099,20.39,20.39,20.39,20.39,20.39,20.39,20.39,20.39,20.39,20.39
7100,20.39,20.39,20.39,20.39,20.39,20.39,20.39,20.39,20.39,20.39
7101,20.39,20.39,20.39,20.39,20.39,20.39,20.39,20.39,20.39,20.39
7102,20.39,20.39,20.39,20.39,20.39,20.39,20.39,20.39,20.39,20.39
7103,20.39,20.39,20.39,20.39,20.39,20.39,20.39,20.39,20.39,20.39
7104,20.39,20.39,20.39,20.39,20.39,20.39,20.39,20.39,20.39,20.39
7105,20.39,20.39,20.39,20.39,20.39,20.39,20.39,20.39,20.39,20.39
7106,20.39,20.39,20.39,20.39,20.39,20.39,20.39,20.39,20.39,20.39
7107,20.39,20.39,20.39,20.39,20.39,20.39,20.39,20.39,20.39,20.39
7108,20.39,20.39,20.39,20.39,20.39,20.39,20.39,20.39,20.39,20.39
7109,20.39,20.39,20.39,20.39,20.39,20.39,20.39,20.39,20.39,20.39
7110,20.39,20.39,20.39,20.39,20.39,20.39,20.39,20.39,20.39,20.39
7111,20.39,20.39,20.39,20.39,20.39,20.39,20.39,20.39,20.39,20.39
7112,20.39,20.39,20.39,20.39,20.39,20.39,20.39,20.39,20.39,20.39
7113,20.39,20.39,20.39,20.39,20.39,20.39,20.39,20.39,20.39,20.39
7114,20.39,20.39,20.39,20.39,20.39,20.39,20.39,20.39,20.39,20.39
7115,20.39,20.39,20.39,20.39,20.39,20.39,20.39,20.39,20.39,20.39
7116,20.39,20.39,20.39,20.39,20.39,20.39,20.39,20.39,20.39,20.39
7117,20.39,20.39,20.39,20.39,20.39,20.39,20.39,20.39,20.39,20.39
7118,20.39,20.39,20.39,20.39,20.39,20.39,20.39,20.39,20.39,20.39
7119,20.39,20.39,20.39,20.39,20.39,20.39,20.39,20.39,20.39,20.39
7120,20.39,20.39,20.39,20.39,20.39,20.39,20.39,20.39,20.39,20.39
7121,20.39,20.39,20.39,20.39,20.39,20.39,20.39,20.39,20.39,20.39
7122,20.39,20.39,20.39,20.39,20.39,20.39,20.39,20.39,20.39,20.39
7123,20.39,20.39,20.39,20.39,20.39,20.39,20.39,20.39,20.39,20.39
7124,20.39,20.39,20.39,20.39,20.39,20.39,20.39,20.39,20.39,20.39
7125,20.39,20.39,20.39,20.39,20.39,20.39,20.39,20.39,20.39,20.39
7126,20.39,20.39,20.39,20.39,20.39,20.39,20.39,20.39,20.39,20.39
7127,20.39,20.39,20.39,20.39,20.39,20.39,20.39,20.39,20.39,20.39
7128,20.39,20.39,20.39,20.39,20.39,20.39,20.39,20.39,20.39,20.39
7129,20.39,20.39,20.39,20.39,20.39,20.39,20.39,20.39,20.39,20.39
7130,20.39,20.39,20.39,20.39,20.39,20.39,20.39,20.39,20.39,20.39
7131,20.39,20.39,20.39,20.39,20.39,20.39,20.39,20.39,20.39,20.39
7132,20.39,20.39,20.39,20.39,20.39,20.39,20.39,20.39,20.39,20.39
7133,20.39,20.39,20.39,20.39,20.39,20.39,20.39,20.39,20.39,20.39
7134,20.39,20.39,20.39,20.39,20.39,20.39,20.39,20.39,20.39,20.39
7135,20.39,20.39,20.39,20.39,20.39,20.39,20.39,20.39,20.39,20.39
7136,20.39,20.39,20.39,20.39,20.39,20.39,20.39,20.39,20.39,20.39
7137,20.39,20.39,20.39,20.39,20.39,20.39,20.39,20.39,20.39,20.39
7138,20.39,20.39,20.39,20.39,20.39,20.39,20.39,20.39,20.39,20.39
7139,20.39,20.39,20.39,20.39,20.39,20.39,20.39,20.39,20.39,20.39
7140,20.39,20.39,20.39,20.39,20.39,20.39,20.39,20.39,20.39,20.39
7141,20.39,20.39,20.39,20.39,20.39,20.39,20.39,20.39,20.39,20.39
7142,20.39,20.39,20.39,20.39,20.39,20.39,20.39,20.39,20.39,20.39
7143,20.39,20.39,20.39,20.39,20.39,20.39,20.39,20.39,20.39,20.39
7144,20.39,20.39,20.39,20.39,20.39,20.39,20.39,20.39,20.39,20.39
7145,20.39,20.39,20.39,20.39,20.39,20.39,20.39,20.39,20.39,20.39
7146,20.39,20.39,20.39,20.39,20.39,20.39,20.39,20.39,20.39,20.39
7147,20.39,20.39,20.39,20.39,20.39,20.39,20.39,20.39,20.39,20.39
7148,20.39,20.39,20.39,20.39,20.39,20.39,20.39,20.39,20.39,20.39
7149,20.39,20.39,20.39,20.39,20.39,20.39,20.39,20.39,20.39,20.39
7150,20.39,20.39,20.39,20.39,20.39,20.39,20.39,20.39,20.39,20.39
7151,20.39,20.39,20.39,20.39,20.39,20.39,20.39,20.39,20.39,20.39
7152,20.39,20.39,20.39,20.39,20.39,20.39,20.39,20.39,20.39,20.39
7153,20.39,20.39,20.39,20.39,20.39,20.39,20.39,20.39,20.39,20.39
7154,20.39,20.39,20.39,20.39,20.39,20.39,20.39,20.39,20.39,20.39
7155,20.39,20.39,20.39,20.39,20.39,20.39,20.39,20.39,20.39,20.39
7156,20.39,20.39,20.39,20.39,20.39,20.39,20.39,20.39,20.39,20.39
7157,20.39,20.39,20.39,20.39,20.39,20.39,20.39,20.39,20.39,20.39
7158,20.39,20.39,20.39,20.39,20.39,20.39,20.39,20.39,20.39,20.39
7159,20.39,20.39,20.39,20.39,20.39,20.39,20.39,20.39,20.39,20.39
7160,20.39,20.39,20.39,20.39,20.39,20.39,20.39,20.39,20.39,20.39
7161,20.39,20.39,20.39,20.39,20.39,20.39,20.39,20.39,20.39,20.39
7162,20.39,20.39,20.39,20.39,20.39,20.39,20.39,20.39,20.39,20.39
7163,20.39,20.39,20.39,20.39,20.39,20.39,20.39,20.39,20.39,20.39
7164,20.39,20.39,20.39,20.39,20.39,20.39,20.39,20.39,20.39,20.39
7165,20.39,20.39,20.39,20.39,20.39,20.39,20.39,20.39,20.39,20.39
7166,20.39,20.39,20.39,20.39,20.39,20.39,20.39,20.39,20.39,20.39
7167,20.39,20.39,20.39,20.39,20.39,20.39,20.39,20.39,20.39,20.39
7168,20.39,20.39,20.39,20.39,20.39,20.39,20.39,20.39,20.39,20.39
7169,20.39,20.39,20.39,20.39,20.39,20.39,20.39,20.39,20.39,20.39
7170,20.39,20.39,20.39,20.39,20.39,20.39,20.39,20.39,20.39,20.39
7171,20.39,20.39,20.39,20.39,20.39,20.39,20.39,20.39,20.39,20.39
7172,20.39,20.39,20.39,20.39,20.39,20.39,20.39,20.39,20.39,20.39
7173,20.39,20.39,20.39,20.39,20.39,20.39,20.39,20.39,20.39,20.39
7174,20.39,20.39,20.39,20.39,20.39,20.39,20.39,20.39,20.39,20.39
7175,20.39,20.39,20.39,20.39,20.39,20.39,20.39,20.39,20.39,20.39
7176,20.39,20.39,20.39,20.39,20.39,20.39,20.39,20.39,20.39,20.39
7177,20.39,20.39,20.39,20.39,20.39,20.39,20.39,20.39,20.39,20.39
7178,20.39,20.39,20.39,20.39,20.39,20.39,20.39,20.39,20.39,20.39
7179,20.39,20.39,20.39,20.39,20.39,20.39,20.39,20.39,20.39,20.39
7180,20.39,20.39,20.39,20.39,20.39,20.39,20.39,20.39,20.39,20.39
7181,20.39,20.39,20.39,20.39,20.39,20.39,20.39,20.39,20.39,20.39
7182,20.39,20.39,20.39,20.39,20.39,20.39,20.39,20.39,20.39,20.39
7183,20.39,20.39,20.39,20.39,20.39,20.39,20.39,20.39,20.39,20.39
7184,20.39,20.39,20.39,20.39,20.39,20.39,20.39,20.39,20.39,20.39
7185,20.39,20.39,20.39,20.39,20.39,20.39,20.39,20.39,20.39,20.39
7186,20.39,20.39,20.39,20.39,20.39,20.39,20.39,20.39,20.39,20.39
7187,20.39,20.39,20.39,20.39,20.39,20.39,20.39,20.39,20.39,20.39
7188,20.39,20.39,20.39,20.39,20.39,20.39,20.39,20.39,20.39,20.39
7189,20.39,20.39,20.39,20.39,20.39,20.39,20.39,20.39,20.39,20.39
7190,20.39,20.39,20.39,20.39,20.39,20.39,20.39,20.39,20.39,20.39
7191,20.39,20.39,20.39,20.39,20.39,20.39,20.39,20.39,20.39,20.39
7192,20.39,20.39,20.39,20.39,20.39,20.39,20.39,20.39,20.39,20.39
7193,20.39,20.39,20.39,20.39,20.39,20.39,20.39,20.39,20.39,20.39
7194,20.39,20.39,20.39,20.39,20.39,20.39,20.39,20.39,20.39,20.39
7195,20.39,20.39,20.39,20.39,20.39,20.39,20.39,20.39,20.39,20.39
7196,20.39,20.39,20.39,20.39,20.39,20.39,20.39,20.39,20.39,20.39
7197,20.39,20.39,20.39,20.39,20.39,20.39,20.39,20.39,20.39,20.39
7198,20.39,20.39,20.39,20.39,20.39,20.39,20.39,20.39,20.39,20.39
7199,20.39,20.39,20.39,20.39,20.39,20.39,20.39,20.39,20.39,20.39
7200,20.39,20.39,20.39,20.39,20.39,20.39,20.39,20.39,20.39,20.39
7201,20.39,20.39,20.39,20.39,20.39,20.39,20.39,20.39,20.39,20.39
7202,20.39,20.39,20.39,20.39,20.39,20.39,20.39,20.39,20.39,20.39
7203,20.39,20.39,20.39,20.39,20.39,20.39,20.39,20.39,20.39,20.39
7204,20.39,20.39,20.39,20.39,20.39,20.39,20.39,20.39,20.39,20.39
7205,20.39,20.39,20.39,20.39,20.39,20.39,20.39,20.39,20.39,20.39
7206,20.39,20.39,20.39,20.39,20.39,20.39,20.39,20.39,20.39,20.39
7207,20.39,20.39,20.39,20.39,20.39,20.39,20.39,20.39,20.39,20.39
7208,20.39,20.39,20.39,20.39,20.39,20.39,20.39,20.39,20.39,20.39
7209,20.39,20.39,20.39,20.39,20.39,20.39,20.39,20.39,20.39,20.39
7210,20.39,20.39,20.39,20.39,20.39,20.39,20.39,20.39,20.39,20.39
7211,20.39,20.39,20.39,20.39,20.39,20.39,20.39,20.39,20.39,20.39
7212,20.39,20.39,20.39,20.39,20.39,20.39,20.39,20.39,20.39,20.39
7213,20.39,20.39,20.39,20.39,20.39,20.39,20.39,20.39,20.39,20.39
7214,20.39,20.39,20.39,20.39,20.39,20.39,20.39,20.39,20.39,20.39
7215,20.39,20.39,20.39,20.39,20.39,20.39,20.39,20.39,20.39,20.39
7216,20.39,20.39,20.39,20.39,20.39,20.39,20.39,20.39,20.39,20.39
7217,20.39,20.39,20.39,20.39,20.39,20.39,20.39,20.39,20.39,20.39
7218,20.39,20.39,20.39,20.39,20.39,20.39,20.39,20.39,20.39,20.39
7219,20.39,20.39,20.39,20.39,20.39,20.39,20.39,20.39,20.39,20.39
7220,20.39,20.39,20.39,20.39,20.39,20.39,20.39,20.39,20.39,20.39
7221,20.39,20.39,20.39,20.39,20.39,20.39,20.39,20.39,20.39,20.39
7222,20.39,20.39,20.39,20.39,20.39,20.39,20.39,20.39,20.39,20.39
7223,20.39,20.39,20.39,20.39,20.39,20.39,20.39,20.39,20.39,20.39
7224,20.39,20.39,20.39,20.39,20.39,20.39,20.39,20.39,20.39,20.39
7225,20.39,20.39,20.39,20.39,20.39,20.39,20.39,20.39,20.39,20.39
7226,20.39,20.39,20.39,20.39,20.39,20.39,20.39,20.39,20.39,20.39
7227,20.39,20.39,20.39,20.39,20.39,20.39,20.39,20.39,20.39,20.39
7228,20.39,20.39,20.39,20.39,20.39,20.39,20.39,20.39,20.39,20.39
7229,20.39,20.39,20.39,20.39,20.39,20.39,20.39,20.39,20.39,20.39
7230,20.39,20.39,20.39,20.39,20.39,20.39,20.39,20.39,20.39,20.39
7231,20.39,20.39,20.39,20.39,20.39,20.39,20.39,20.39,20.39,20.39
7232,20.39,20.39,20.39,20.39,20.39,20.39,20.39,20.39,20.39,20.39
7233,20.39,20.39,20.39,20.39,20.39,20.39,20.39,20.39,20.39,20.39
7234,20.39,20.39,20.39,20.39,20.39,20.39,20.39,20.39,20.39,20.39
7235,20.39,20.39,20.39,20.39,20.39,20.39,20.39,20.39,20.39,20.39
7236,20.39,20.39,20.39,20.39,20.39,20.39,20.39,20.39,20.39,20.39
7237,20.39,20.39,20.39,20.39,20.39,20.39,20.39,20.39,20.39,20.39
7238,20.39,20.39,20.39,20.39,20.39,20.39,20.39,20.39,20.39,20.39
7239,20.39,20.39,20.39,20.39,20.39,20.39,20.39,20.39,20.39,20.39
7240,20.39,20.39,20.39,20.39,20.39,20.39,20.39,20.39,20.39,20.39
7241,20.39,20.39,20.39,20.39,20.39,20.39,20.39,20.39,20.39,20.39
7242,20.39,20.39,20.39,20.39,20.39,20.39,20.39,20.39,20.39,20.39
7243,20.39,20.39,20.39,20.39,20.39,20.39,20.39,20.39,20.39,20.39
7244,20.39,20.39,20.39,20.39,20.39,20.39,20.39,20.39,20.39,20.39
7245,20.39,20.39,20.39,20.39,20.39,20.39,20.39,20.39,20.39,20.39
7246,20.39,20.39,20.39,20.39,20.39,20.39,20.39,20.39,20.39,20.39
7247,20.39,20.39,20.39,20.39,20.39,20.39,20.39,20.39,20.39,20.39
7248,20.39,20.39,20.39,20.39,20.39,20.39,20.39,20.39,20.39,20.39
7249,20.39,20.39,20.39,20.39,20.39,20.39,20.39,20.39,20.39,20.39
7250,20.39,20.39,20.39,20.39,20.39,20.39,20.39,20.39,20.39,20.39
7251,20.39,20.39,20.39,20.39,20.39,20.39,20.39,20.39,20.39,20.39
7252,20.39,20.39,20.39,20.39,20.39,20.39,20.39,20.39,20.39,20.39
7253,20.39,20.39,20.39,20.39,20.39,20.39,20.39,20.39,20.39,20.39
7254,20.39,20.39,20.39,20.39,20.39,20.39,20.39,20.39,20.39,20.39
7255,20.39,20.39,20.39,20.39,20.39,20.39,20.39,20.39,20.39,20.39
7256,20.39,20.39,20.39,20.39,20.39,20.39,20.39,20.39,20.39,20.39
7257,20.39,20.39,20.39,20.39,20.39,20.39,20.39,20.39,20.39,20.39
7258,20.39,20.39,20.39,20.39,20.39,20.39,20.39,20.39,20.39,20.39
7259,20.39,20.39,20.39,20.39,20.39,20.39,20.39,20.39,20.39,20.39
7260,20.39,20.39,20.39,20.39,20.39,20.39,20.39,20.39,20.39,20.39
7261,20.39,20.39,20.39,20.39,20.39,20.39,20.39,20.39,20.39,20.39
7262,20.39,20.39,20.39,20.39,20.39,20.39,20.39,20.39,20.39,20.39
7263,20.39,20.39,20.39,20.39,20.39,20.39,20.39,20.39,20.39,20.39
7264,20.39,20.39,20.39,20.39,20.39,20.39,20.39,20.39,20.39,20.39
7265,20.39,20.39,20.39,20.39,20.39,20.39,20.39,20.39,20.39,20.39
7266,20.39,20.39,20.39,20.39,20.39,20.39,20.39,20.39,20.39,20.39
7267,20.39,20.39,20.39,20.39,20.39,20.39,20.39,20.39,20.39,20.39
7268,20.39,20.39,20.39,20.39,20.39,20.39,20.39,20.39,20.39,20.39
7269,20.39,20.39,20.39,20.39,20.39,20.39,20.39,20.39,20.39,20.39
7270,20.39,20.39,20.39,20.39,20.39,20.39,20.39,20.39,20.39,20.39
7271,20.39,20.39,20.39,20.39,20.39,20.39,20.39,20.39,20.39,20.39
7272,20.39,20.39,20.39,20.39,20.39,20.39,20.39,20.39,20.39,20.39
7273,20.39,20.39,20.39,20.39,20.39,20.39,20.39,20.39,20.39,20.39
7274,20.39,20.39,20.39,20.39,20.39,20.39,20.39,20.39,20.39,20.39
7275,20.39,20.39,20.39,20.39,20.39,20.39,20.39,20.39,20.39,20.39
7276,20.39,20.39,20.39,20.39,20.39,20.39,20.39,20.39,20.39,20.39
7277,20.39,20.39,20.39,20.39,20.39,20.39,20.39,20.39,20.39,20.39
7278,20.39,20.39,20.39,20.39,20.39,20.39,20.39,20.39,20.39,20.39
7279,20.39,20.39,20.39,20.39,20.39,20.39,20.39,20.39,20.39,20.39
7280,20.39,20.39,20.39,20.39,20.39,20.39,20.39,20.39,20.39,20.39
7281,20.39,20.39,20.39,20.39,20.39,20.39,20.39,20.39,20.39,20.39
7282,20.39,20.39,20.39,20.39,20.39,20.39,20.39,20.39,20.39,20.39
7283,20.39,20.39,20.39,20.39,20.39,20.39,20.39,20.39,20.39,20.39
7284,20.39,20.39,20.39,20.39,20.39,20.39,20.39,20.39,20.39,20.39
7285,20.39,20.39,20.39,20.39,20.39,20.39,20.39,20.39,20.39,20.39
7286,20.39,20.39,20.39,20.39,20.39,20.39,20.39,20.39,20.39,20.39
7287,20.39,20.39,20.39,20.39,20.39,20.39,20.39,20.39,20.39,20.39
7288,20.39,20.39,20.39,20.39,20.39,20.39,20.39,20.39,20.39,20.39
7289,20.39,20.39,20.39,20.39,20.39,20.39,20.39,20.39,20.39,20.39
7290,20.39,20.39,20.39,20.39,20.39,20.39,20.39,20.39,20.39,20.39
7291,20.39,20.39,20.39,20.39,20.39,20.39,20.39,20.39,20.39,20.39
7292,20.39,20.39,20.39,20.39,20.39,20.39,20.39,20.39,20.39,20.39
7293,20.39,20.39,20.39,20.39,20.39,20.39,20.39,20.39,20.39,20.39
7294,20.39,20.39,20.39,20.39,20.39,20.39,20.39,20.39,20.39,20.39
7295,20.39,20.39,20.39,20.39,20.39,20.39,20.39,20.39,20.39,20.39
7296,20.39,20.39,20.39,20.39,20.39,20.39,20.39,20.39,20.39,20.39
7297,20.39,20.39,20.39,20.39,20.39,20.39,20.39,20.39,20.39,20.39
7298,20.39,20.39,20.39,20.39,20.39,20.39,20.39,20.39,20.39,20.39
7299,20.39,20.39,20.39,20.39,20.39,20.39,20.39,20.39,20.39,20.39
7300,20.39,20.39,20.39,20.39,20.39,20.39,20.39,20.39,20.39,20.39
7301,20.39,20.39,20.39,20.39,20.39,20.39,20.39,20.39,20.39,20.39
7302,20.39,20.39,20.39,20.39,20.39,20.39,20.39,20.39,20.39,20.39
7303,20.39,20.39,20.39,20.39,20.39,20.39,20.39,20.39,20.39,20.39
7304,20.39,20.39,20.39,20.39,20.39,20.39,20.39,20.39,20.39,20.39
7305,20.39,20.39,20.39,20.39,20.39,20.39,20.39,20.39,20.39,20.39
7306,20.39,20.39,20.39,20.39,20.39,20.39,20.39,20.39,20.39,20.39
7307,20.39,20.39,20.39,20.39,20.39,20.39,20.39,20.39,20.39,20.39
7308,20.39,20.39,20.39,20.39,20.39,20.39,20.39,20.39,20.39,20.39
7309,20.39,20.39,20.39,20.39,20.39,20.39,20.39,20.39,20.39,20.39
7310,20.39,20.39,20.39,20.39,20.39,20.39,20.39,20.39,20.39,20.39
7311,20.39,20.39,20.39,20.39,20.39,20.39,20.39,20.39,20.39,20.39
7312,20.39,20.39,20.39,20.39,20.39,20.39,20.39,20.39,20.39,20.39
7313,20.39,20.39,20.39,20.39,20.39,20.39,20.39,20.39,20.39,20.39
7314,20.39,20.39,20.39,20.39,20.39,20.39,20.39,20.39,20.39,20.39
7315,20.39,20.39,20.39,20.39,20.39,20.39,20.39,20.39,20.39,20.39
7316,20.39,20.39,20.39,20.39,20.39,20.39,20.39,20.39,20.39,20.39
7317,20.39,20.39,20.39,20.39,20.39,20.39,20.39,20.39,20.39,20.39
7318,20.39,20.39,20.39,20.39,20.39,20.39,20.39,20.39,20.39,20.39
7319,20.39,20.39,20.39,20.39,20.39,20.39,20.39,20.39,20.39,20.39
7320,20.39,20.39,20.39,20.39,20.39,20.39,20.39,20.39,20.39,20.39
7321,20.39,20.39,20.39,20.39,20.39,20.39,20.39,20.39,20.39,20.39
7322,20.39,20.39,20.39,20.39,20.39,20.39,20.39,20.39,20.39,20.39
7323,20.39,20.39,20.39,20.39,20.39,20.39,20.39,20.39,20.39,20.39
7324,20.39,20.39,20.39,20.39,20.39,20.39,20.39,20.39,20.39,20.39
7325,20.39,20.39,20.39,20.39,20.39,20.39,20.39,20.39,20.39,20.39
7326,20.39,20.39,20.39,20.39,20.39,20.39,20.39,20.39,20.39,20.39
7327,20.39,20.39,20.39,20.39,20.39,20.39,20.39,20.39,20.39,20.39
7328,20.39,20.39,20.39,20.39,20.39,20.39,20.39,20.39,20.39,20.39
7329,20.39,20.39,20.39,20.39,20.39,20.39,20.39,20.39,20.39,20.39
7330,20.39,20.39,20.39,20.39,20.39,20.39,20.39,20.39,20.39,20.39
7331,20.39,20.39,20.39,20.39,20.39,20.39,20.39,20.39,20.39,20.39
7332,20.39,20.39,20.39,20.39,20.39,20.39,20.39,20.39,20.39,20.39
7333,20.39,20.39,20.39,20.39,20.39,20.39,20.39,20.39,20.39,20.39
7334,20.39,20.39,20.39,20.39,20.39,20.39,20.39,20.39,20.39,20.39
7335,20.39,20.39,20.39,20.39,20.39,20.39,20.39,20.39,20.39,20.39
7336,20.39,20.39,20.39,20.39,20.39,20.39,20.39,20.39,20.39,20.39
7337,20.39,20.39,20.39,20.39,20.39,20.39,20.39,20.39,20.39,20.39
7338,20.39,20.39,20.39,20.39,20.39,20.39,20.39,20.39,20.39,20.39
7339,20.39,20.39,20.39,20.39,20.39,20.39,20.39,20.39,20.39,20.39
7340,20.39,20.39,20.39,20.39,20.39,20.39,20.39,20.39,20.39,20.39
7341,20.39,20.39,20.39,20.39,20.39,20.39,20.39,20.39,20.39,20.39
7342,20.39,20.39,20.39,20.39,20.39,20.39,20.39,20.39,20.39,20.39
7343,20.39,20.39,20.39,20.39,20.39,20.39,20.39,20.39,20.39,20.39
7344,20.39,20.39,20.39,20.39,20.39,20.39,20.39,20.39,20.39,20.39
7345,20.39,20.39,20.39,20.39,20.39,20.39,20.39,20.39,20.39,20.39
7346,20.39,20.39,20.39,20.39,20.39,20.39,20.39,20.39,20.39,20.39
7347,20.39,20.39,20.39,20.39,20.39,20.39,20.39,20.39,20.39,20.39
7348,20.39,20.39,20.39,20.39,20.39,20.39,20.39,20.39,20.39,20.39
7349,20.39,20.39,20.39,20.39,20.39,20.39,20.39,20.39,20.39,20.39
7350,20.39,20.39,20.39,20.39,20.39,20.39,20.39,20.39,20.39,20.39
7351,20.39,20.39,20.39,20.39,20.39,20.39,20.39,20.39,20.39,20.39
7352,20.39,20.39,20.39,20.39,20.39,20.39,20.39,20.39,20.39,20.39
7353,20.39,20.39,20.39,20.39,20.39,20.39,20.39,20.39,20.39,20.39
7354,20.39,20.39,20.39,20.39,20.39,20.39,20.39,20.39,20.39,20.39
7355,20.39,20.39,20.39,20.39,20.39,20.39,20.39,20.39,20.39,20.39
7356,20.39,20.39,20.39,20.39,20.39,20.39,20.39,20.39,20.39,20.39
7357,20.39,20.39,20.39,20.39,20.39,20.39,20.39,20.39,20.39,20.39
7358,20.39,20.39,20.39,20.39,20.39,20.39,20.39,20.39,20.39,20.39
7359,20.39,20.39,20.39,20.39,20.39,20.39,20.39,20.39,20.39,20.39
7360,20.39,20.39,20.39,20.39,20.39,20.39,20.39,20.39,20.39,20.39
7361,20.39,20.39,20.39,20.39,20.39,20.39,20.39,20.39,20.39,20.39
7362,20.39,20.39,20.39,20.39,20.39,20.39,20.39,20.39,20.39,20.39
7363,20.39,20.39,20.39,20.39,20.39,20.39,20.39,20.39,20.39,20.39
7364,20.39,20.39,20.39,20.39,20.39,20.39,20.39,20.39,20.39,20.39
7365,20.39,20.39,20.39,20.39,20.39,20.39,20.39,20.39,20.39,20.39
7366,20.39,20.39,20.39,20.39,20.39,20.39,20.39,20.39,20.39,20.39
7367,20.39,20.39,20.39,20.39,20.39,20.39,20.39,20.39,20.39,20.39
7368,20.39,20.39,20.39,20.39,20.39,20.39,20.39,20.39,20.39,20.39
7369,20.39,20.39,20.39,20.39,20.39,20.39,20.39,20.39,20.39,20.39
7370,20.39,20.39,20.39,20.39,20.39,20.39,20.39,20.39,20.39,20.39
7371,20.39,20.39,20.39,20.39,20.39,20.39,20.39,20.39,20.39,20.39
7372,20.39,20.39,20.39,20.39,20.39,20.39,20.39,20.39,20.39,20.39
7373,20.39,20.39,20.39,20.39,20.39,20.39,20.39,20.39,20.39,20.39
7374,20.39,20.39,20.39,20.39,20.39,20.39,20.39,20.39,20.39,20.39
7375,20.39,20.39,20.39,20.39,20.39,20.39,20.39,20.39,20.39,20.39
7376,20.39,20.39,20.39,20.39,20.39,20.39,20.39,20.39,20.39,20.39
7377,20.39,20.39,20.39,20.39,20.39,20.39,20.39,20.39,20.39,20.39
7378,20.39,20.39,20.39,20.39,20.39,20.39,20.39,20.39,20.39,20.39
7379,20.39,20.39,20.39,20.39,20.39,20.39,20.39,20.39,20.39,20.39
7380,20.39,20.39,20.39,20.39,20.39,20.39,20.39,20.39,20.39,20.39
7381,20.39,20.39,20.39,20.39,20.39,20.39,20.39,20.39,20.39,20.39
7382,20.39,20.39,20.39,20.39,20.39,20.39,20.39,20.39,20.39,20.39
7383,20.39,20.39,20.39,20.39,20.39,20.39,20.39,20.39,20.39,20.39
7384,20.39,20.39,20.39,20.39,20.39,20.39,20.39,20.39,20.39,20.39
7385,20.39,20.39,20.39,20.39,20.39,20.39,20.39,20.39,20.39,20.39
7386,20.39,20.39,20.39,20.39,20.39,20.39,20.39,20.39,20.39,20.39
7387,20.39,20.39,20.39,20.39,20.39,20.39,20.39,20.39,20.39,20.39
7388,20.39,20.39,20.39,20.39,20.39,20.39,20.39,20.39,20.39,20.39
7389,20.39,20.39,20.39,20.39,20.39,20.39,20.39,20.39,20.39,20.39
7390,20.39,20.39,20.39,20.39,20.39,20.39,20.39,20.39,20.39,20.39
7391,20.39,20.39,20.39,20.39,20.39,20.39,20.39,20.39,20.39,20.39
7392,20.39,20.39,20.39,20.39,20.39,20.39,20.39,20.39,20.39,20.39
7393,20.39,20.39,20.39,20.39,20.39,20.39,20.39,20.39,20.39,20.39
7394,20.39,20.39,20.39,20.39,20.39,20.39,20.39,20.39,20.39,20.39
7395,20.39,20.39,20.39,20.39,20.39,20.39,20.39,20.39,20.39,20.39
7396,20.39,20.39,20.39,20.39,20.39,20.39,20.39,20.39,20.39,20.39
7397,20.39,20.39,20.39,20.39,20.39,20.39,20.39,20.39,20.39,20.39
7398,20.39,20.39,20.39,20.39,20.39,20.39,20.39,20.39,20.39,20.39
7399,20.39,20.39,20.39,20.39,20.39,20.39,20.39,20.39,20.39,20.39
7400,20.39,20.39,20.39,20.39,20.39,20.39,20.39,20.39,20.39,20.39
7401,20.39,20.39,20.39,20.39,20.39,20.39,20.39,20.39,20.39,20.39
7402,20.39,20.39,20.39,20.39,20.39,20.39,20.39,20.39,20.39,20.39
7403,20.39,20.39,20.39,20.39,20.39,20.39,20.39,20.39,20.39,20.39
7404,20.39,20.39,20.39,20.39,20.39,20.39,20.39,20.39,20.39,20.39
7405,20.39,20.39,20.39,20.39,20.39,20.39,20.39,20.39,20.39,20.39
7406,20.39,20.39,20.39,20.39,20.39,20.39,20.39,20.39,20.39,20.39
7407,20.39,20.39,20.39,20.39,20.39,20.39,20.39,20.39,20.39,20.39
7408,20.39,20.39,20.39,20.39,20.39,20.39,20.39,20.39,20.39,20.39
7409,20.39,20.39,20.39,20.39,20.39,20.39,20.39,20.39,20.39,20.39
7410,20.39,20.39,20.39,20.39,20.39,20.39,20.39,20.39,20.39,20.39
7411,20.39,20.39,20.39,20.39,20.39,20.39,20.39,20.39,20.39,20.39
7412,20.39,20.39,20.39,20.39,20.39,20.39,20.39,20.39,20.39,20.39
7413,20.39,20.39,20.39,20.39,20.39,20.39,20.39,20.39,20.39,20.39
7414,20.39,20.39,20.39,20.39,20.39,20.39,20.39,20.39,20.39,20.39
7415,20.39,20.39,20.39,20.39,20.39,20.39,20.39,20.39,20.39,20.39
7416,20.39,20.39,20.39,20.39,20.39,20.39,20.39,20.39,20.39,20.39
7417,20.39,20.39,20.39,20.39,20.39,20.39,20.39,20.39,20.39,20.39
7418,20.39,20.39,20.39,20.39,20.39,20.39,20.39,20.39,20.39,20.39
7419,20.39,20.39,20.39,20.39,20.39,20.39,20.39,20.39,20.39,20.39
7420,20.39,20.39,20.39,20.39,20.39,20.39,20.39,20.39,20.39,20.39
7421,20.39,20.39,20.39,20.39,20.39,20.39,20.39,20.39,20.39,20.39
7422,20.39,20.39,20.39,20.39,20.39,20.39,20.39,20.39,20.39,20.39
7423,20.39,20.39,20.39,20.39,20.39,20.39,20.39,20.39,20.39,20.39
7424,20.39,20.39,20.39,20.39,20.39,20.39,20.39,20.39,20.39,20.39
7425,20.39,20.39,20.39,20.39,20.39,20.39,20.39,20.39,20.39,20.39
7426,20.39,20.39,20.39,20.39,20.39,20.39,20.39,20.39,20.39,20.39
7427,20.39,20.39,20.39,20.39,20.39,20.39,20.39,20.39,20.39,20.39
7428,20.39,20.39,20.39,20.39,20.39,20.39,20.39,20.39,20.39,20.39
7429,20.39,20.39,20.39,20.39,20.39,20.39,20.39,20.39,20.39,20.39
7430,20.39,20.39,20.39,20.39,20.39,20.39,20.39,20.39,20.39,20.39
7431,20.39,20.39,20.39,20.39,20.39,20.39,20.39,20.39,20.39,20.39
7432,20.39,20.39,20.39,20.39,20.39,20.39,20.39,20.39,20.39,20.39
7433,20.39,20.39,20.39,20.39,20.39,20.39,20.39,20.39,20.39,20.39
7434,20.39,20.39,20.39,20.39,20.39,20.39,20.39,20.39,20.39,20.39
7435,20.39,20.39,20.39,20.39,20.39,20.39,20.39,20.39,20.39,20.39
7436,20.39,20.39,20.39,20.39,20.39,20.39,20.39,20.39,20.39,20.39
7437,20.39,20.39,20.39,20.39,20.39,20.39,20.39,20.39,20.39,20.39
7438,20.39,20.39,20.39,20.39,20.39,20.39,20.39,20.39,20.39,20.39
7439,20.39,20.39,20.39,20.39,20.39,20.39,20.39,20.39,20.39,20.39
7440,20.39,20.39,20.39,20.39,20.39,20.39,20.39,20.39,20.39,20.39
7441,20.39,20.39,20.39,20.39,20.39,20.39,20.39,20.39,20.39,20.39
7442,20.39,20.39,20.39,20.39,20.39,20.39,20.39,20.39,20.39,20.39
7443,20.39,20.39,20.39,20.39,20.39,20.39,20.39,20.39,20.39,20.39
7444,20.39,20.39,20.39,20.39,20.39,20.39,20.39,20.39,20.39,20.39
7445,20.39,20.39,20.39,20.39,20.39,20.39,20.39,20.39,20.39,20.39
7446,20.39,20.39,20.39,20.39,20.39,20.39,20.39,20.39,20.39,20.39
7447,20.39,20.39,20.39,20.39,20.39,20.39,20.39,20.39,20.39,20.39
7448,20.39,20.39,20.39,20.39,20.39,20.39,20.39,20.39,20.39,20.39
7449,20.39,20.39,20.39,20.39,20.39,20.39,20.39,20.39,20.39,20.39
7450,20.39,20.39,20.39,20.39,20.39,20.39,20.39,20.39,20.39,20.39
7451,20.39,20.39,20.39,20.39,20.39,20.39,20.39,20.39,20.39,20.39
7452,20.39,20.39,20.39,20.39,20.39,20.39,20.39,20.39,20.39,20.39
7453,20.39,20.39,20.39,20.39,20.39,20.39,20.39,20.39,20.39,20.39
7454,20.39,20.39,20.39,20.39,20.39,20.39,20.39,20.39,20.39,20.39
7455,20.39,20.39,20.39,20.39,20.39,20.39,20.39,20.39,20.39,20.39
7456,20.39,20.39,20.39,20.39,20.39,20.39,20.39,20.39,20.39,20.39
7457,20.39,20.39,20.39,20.39,20.39,20.39,20.39,20.39,20.39,20.39
7458,20.39,20.39,20.39,20.39,20.39,20.39,20.39,20.39,20.39,20.39
7459,20.39,20.39,20.39,20.39,20.39,20.39,20.39,20.39,20.39,20.39
7460,20.39,20.39,20.39,20.39,20.39,20.39,20.39,20.39,20.39,20.39
7461,20.39,20.39,20.39,20.39,20.39,20.39,20.39,20.39,20.39,20.39
7462,20.39,20.39,20.39,20.39,20.39,20.39,20.39,20.39,20.39,20.39
7463,20.39,20.39,20.39,20.39,20.39,20.39,20.39,20.39,20.39,20.39
7464,20.39,20.39,20.39,20.39,20.39,20.39,20.39,20.39,20.39,20.39
7465,20.39,20.39,20.39,20.39,20.39,20.39,20.39,20.39,20.39,20.39
7466,20.39,20.39,20.39,20.39,20.39,20.39,20.39,20.39,20.39,20.39
7467,20.39,20.39,20.39,20.39,20.39,20.39,20.39,20.39,20.39,20.39
7468,20.39,20.39,20.39,20.39,20.39,20.39,20.39,20.39,20.39,20.39
7469,20.39,20.39,20.39,20.39,20.39,20.39,20.39,20.39,20.39,20.39
7470,20.39,20.39,20.39,20.39,20.39,20.39,20.39,20.39,20.39,20.39
7471,20.39,20.39,20.39,20.39,20.39,20.39,20.39,20.39,20.39,20.39
7472,20.39,20.39,20.39,20.39,20.39,20.39,20.39,20.39,20.39,20.39
7473,20.39,20.39,20.39,20.39,20.39,20.39,20.39,20.39,20.39,20.39
7474,20.39,20.39,20.39,20.39,20.39,20.39,20.39,20.39,20.39,20.39
7475,20.39,20.39,20.39,20.39,20.39,20.39,20.39,20.39,20.39,20.39
7476,20.39,20.39,20.39,20.39,20.39,20.39,20.39,20.39,20.39,20.39
7477,20.39,20.39,20.39,20.39,20.39,20.39,20.39,20.39,20.39,20.39
7478,20.39,20.39,20.39,20.39,20.39,20.39,20.39,20.39,20.39,20.39
7479,20.39,20.39,20.39,20.39,20.39,20.39,20.39,20.39,20.39,20.39
7480,20.39,20.39,20.39,20.39,20.39,20.39,20.39,20.39,20.39,20.39
7481,20.39,20.39,20.39,20.39,20.39,20.39,20.39,20.39,20.39,20.39
7482,20.39,20.39,20.39,20.39,20.39,20.39,20.39,20.39,20.39,20.39
7483,20.39,20.39,20.39,20.39,20.39,20.39,20.39,20.39,20.39,20.39
7484,20.39,20.39,20.39,20.39,20.39,20.39,20.39,20.39,20.39,20.39
7485,20.39,20.39,20.39,20.39,20.39,20.39,20.39,20.39,20.39,20.39
7486,20.39,20.39,20.39,20.39,20.39,20.39,20.39,20.39,20.39,20.39
7487,20.39,20.39,20.39,20.39,20.39,20.39,20.39,20.39,20.39,20.39
7488,20.39,20.39,20.39,20.39,20.39,20.39,20.39,20.39,20.39,20.39
7489,20.39,20.39,20.39,20.39,20.39,20.39,20.39,20.39,20.39,20.39
7490,20.39,20.39,20.39,20.39,20.39,20.39,20.39,20.39,20.39,20.39
7491,20.39,20.39,20.39,20.39,20.39,20.39,20.39,20.39,20.39,20.39
7492,20.39,20.39,20.39,20.39,20.39,20.39,20.39,20.39,20.39,20.39
7493,20.39,20.39,20.39,20.39,20.39,20.39,20.39,20.39,20.39,20.39
7494,20.39,20.39,20.39,20.39,20.39,20.39,20.39,20.39,20.39,20.39
7495,20.39,20.39,20.39,20.39,20.39,20.39,20.39,20.39,20.39,20.39
7496,20.39,20.39,20.39,20.39,20.39,20.39,20.39,20.39,20.39,20.39
7497,20.39,20.39,20.39,20.39,20.39,20.39,20.39,20.39,20.39,20.39
7498,20.39,20.39,20.39,20.39,20.39,20.39,20.39,20.39,20.39,20.39
7499,20.39,20.39,20.39,20.39,20.39,20.39,20.39,20.39,20.39,20.39
7500,20.39,20.39,20.39,20.39,20.39,20.39,20.39,20.39,20.39,20.39
7501,20.39,20.39,20.39,20.39,20.39,20.39,20.39,20.39,20.39,20.39
7502,20.39,20.39,20.39,20.39,20.39,20.39,20.39,20.39,20.39,20.39
7503,20.39,20.39,20.39,20.39,20.39,20.39,20.39,20.39,20.39,20.39
7504,20.39,20.39,20.39,20.39,20.39,20.39,20.39,20.39,20.39,20.39
7505,20.39,20.39,20.39,20.39,20.39,20.39,20.39,20.39,20.39,20.39
7506,20.39,20.39,20.39,20.39,20.39,20.39,20.39,20.39,20.39,20.39
7507,20.39,20.39,20.39,20.39,20.39,20.39,20.39,20.39,20.39,20.39
7508,20.39,20.39,20.39,20.39,20.39,20.39,20.39,20.39,20.39,20.39
7509,20.39,20.39,20.39,20.39,20.39,20.39,20.39,20.39,20.39,20.39
7510,20.39,20.39,20.39,20.39,20.39,20.39,20.39,20.39,20.39,20.39
7511,20.39,20.39,20.39,20.39,20.39,20.39,20.39,20.39,20.39,20.39
7512,20.39,20.39,20.39,20.39,20.39,20.39,20.39,20.39,20.39,20.39
7513,20.39,20.39,20.39,20.39,20.39,20.39,20.39,20.39,20.39,20.39
7514,20.39,20.39,20.39,20.39,20.39,20.39,20.39,20.39,20.39,20.39
7515,20.39,20.39,20.39,20.39,20.39,20.39,20.39,20.39,20.39,20.39
7516,20.39,20.39,20.39,20.39,20.39,20.39,20.39,20.39,20.39,20.39
7517,20.39,20.39,20.39,20.39,20.39,20.39,20.39,20.39,20.39,20.39
7518,20.39,20.39,20.39,20.39,20.39,20.39,20.39,20.39,20.39,20.39
7519,20.39,20.39,20.39,20.39,20.39,20.39,20.39,20.39,20.39,20.39
7520,20.39,20.39,20.39,20.39,20.39,20.39,20.39,20.39,20.39,20.39
7521,20.39,20.39,20.39,20.39,20.39,20.39,20.39,20.39,20.39,20.39
7522,20.39,20.39,20.39,20.39,20.39,20.39,20.39,20.39,20.39,20.39
7523,20.39,20.39,20.39,20.39,20.39,20.39,20.39,20.39,20.39,20.39
7524,20.39,20.39,20.39,20.39,20.39,20.39,20.39,20.39,20.39,20.39
7525,20.39,20.39,20.39,20.39,20.39,20.39,20.39,20.39,20.39,20.39
7526,20.39,20.39,20.39,20.39,20.39,20.39,20.39,20.39,20.39,20.39
7527,20.39,20.39,20.39,20.39,20.39,20.39,20.39,20.39,20.39,20.39
7528,20.39,20.39,20.39,20.39,20.39,20.39,20.39,20.39,20.39,20.39
7529,20.39,20.39,20.39,20.39,20.39,20.39,20.39,20.39,20.39,20.39
7530,20.39,20.39,20.39,20.39,20.39,20.39,20.39,20.39,20.39,20.39
7531,20.39,20.39,20.39,20.39,20.39,20.39,20.39,20.39,20.39,20.39
7532,20.39,20.39,20.39,20.39,20.39,20.39,20.39,20.39,20.39,20.39
7533,20.39,20.39,20.39,20.39,20.39,20.39,20.39,20.39,20.39,20.39
7534,20.39,20.39,20.39,20.39,20.39,20.39,20.39,20.39,20.39,20.39
7535,20.39,20.39,20.39,20.39,20.39,20.39,20.39,20.39,20.39,20.39
7536,20.39,20.39,20.39,20.39,20.39,20.39,20.39,20.39,20.39,20.39
7537,20.39,20.39,20.39,20.39,20.39,20.39,20.39,20.39,20.39,20.39
7538,20.39,20.39,20.39,20.39,20.39,20.39,20.39,20.39,20.39,20.39
7539,20.39,20.39,20.39,20.39,20.39,20.39,20.39,20.39,20.39,20.39
7540,20.39,20.39,20.39,20.39,20.39,20.39,20.39,20.39,20.39,20.39
7541,20.39,20.39,20.39,20.39,20.39,20.39,20.39,20.39,20.39,20.39
7542,20.39,20.39,20.39,20.39,20.39,20.39,20.39,20.39,20.39,20.39
7543,20.39,20.39,20.39,20.39,20.39,20.39,20.39,20.39,20.39,20.39
7544,20.39,20.39,20.39,20.39,20.39,20.39,20.39,20.39,20.39,20.39
7545,20.39,20.39,20.39,20.39,20.39,20.39,20.39,20.39,20.39,20.39
7546,20.39,20.39,20.39,20.39,20.39,20.39,20.39,20.39,20.39,20.39
7547,20.39,20.39,20.39,20.39,20.39,20.39,20.39,20.39,20.39,20.39
7548,20.39,20.39,20.39,20.39,20.39,20.39,20.39,20.39,20.39,20.39
7549,20.39,20.39,20.39,20.39,20.39,20.39,20.39,20.39,20.39,20.39
7550,20.39,20.39,20.39,20.39,20.39,20.39,20.39,20.39,20.39,20.39
7551,20.39,20.39,20.39,20.39,20.39,20.39,20.39,20.39,20.39,20.39
7552,20.39,20.39,20.39,20.39,20.39,20.39,20.39,20.39,20.39,20.39
7553,20.39,20.39,20.39,20.39,20.39,20.39,20.39,20.39,20.39,20.39
7554,20.39,20.39,20.39,20.39,20.39,20.39,20.39,20.39,20.39,20.39
7555,20.39,20.39,20.39,20.39,20.39,20.39,20.39,20.39,20.39,20.39
7556,20.39,20.39,20.39,20.39,20.39,20.39,20.39,20.39,20.39,20.39
7557,20.39,20.39,20.39,20.39,20.39,20.39,20.39,20.39,20.39,20.39
7558,20.39,20.39,20.39,20.39,20.39,20.39,20.39,20.39,20.39,20.39
7559,20.39,20.39,20.39,20.39,20.39,20.39,20.39,20.39,20.39,20.39
7560,20.39,20.39,20.39,20.39,20.39,20.39,20.39,20.39,20.39,20.39
7561,20.39,20.39,20.39,20.39,20.39,20.39,20.39,20.39,20.39,20.39
7562,20.39,20.39,20.39,20.39,20.39,20.39,20.39,20.39,20.39,20.39
7563,20.39,20.39,20.39,20.39,20.39,20.39,20.39,20.39,20.39,20.39
7564,20.39,20.39,20.39,20.39,20.39,20.39,20.39,20.39,20.39,20.39
7565,20.39,20.39,20.39,20.39,20.39,20.39,20.39,20.39,20.39,20.39
7566,20.39,20.39,20.39,20.39,20.39,20.39,20.39,20.39,20.39,20.39
7567,20.39,20.39,20.39,20.39,20.39,20.39,20.39,20.39,20.39,20.39
7568,20.39,20.39,20.39,20.39,20.39,20.39,20.39,20.39,20.39,20.39
7569,20.39,20.39,20.39,20.39,20.39,20.39,20.39,20.39,20.39,20.39
7570,20.39,20.39,20.39,20.39,20.39,20.39,20.39,20.39,20.39,20.39
7571,20.39,20.39,20.39,20.39,20.39,20.39,20.39,20.39,20.39,20.39
7572,20.39,20.39,20.39,20.39,20.39,20.39,20.39,20.39,20.39,20.39
7573,20.39,20.39,20.39,20.39,20.39,20.39,20.39,20.39,20.39,20.39
7574,20.39,20.39,20.39,20.39,20.39,20.39,20.39,20.39,20.39,20.39
7575,20.39,20.39,20.39,20.39,20.39,20.39,20.39,20.39,20.39,20.39
7576,20.39,20.39,20.39,20.39,20.39,20.39,20.39,20.39,20.39,20.39
7577,20.39,20.39,20.39,20.39,20.39,20.39,20.39,20.39,20.39,20.39
7578,20.39,20.39,20.39,20.39,20.39,20.39,20.39,20.39,20.39,20.39
7579,20.39,20.39,20.39,20.39,20.39,20.39,20.39,20.39,20.39,20.39
7580,20.39,20.39,20.39,20.39,20.39,20.39,20.39,20.39,20.39,20.39
7581,20.39,20.39,20.39,20.39,20.39,20.39,20.39,20.39,20.39,20.39
7582,20.39,20.39,20.39,20.39,20.39,20.39,20.39,20.39,20.39,20.39
7583,20.39,20.39,20.39,20.39,20.39,20.39,20.39,20.39,20.39,20.39
7584,20.39,20.39,20.39,20.39,20.39,20.39,20.39,20.39,20.39,20.39
7585,20.39,20.39,20.39,20.39,20.39,20.39,20.39,20.39,20.39,20.39
7586,20.39,20.39,20.39,20.39,20.39,20.39,20.39,20.39,20.39,20.39
7587,20.39,20.39,20.39,20.39,20.39,20.39,20.39,20.39,20.39,20.39
7588,20.39,20.39,20.39,20.39,20.39,20.39,20.39,20.39,20.39,20.39
7589,20.39,20.39,20.39,20.39,20.39,20.39,20.39,20.39,20.39,20.39
7590,20.39,20.39,20.39,20.39,20.39,20.39,20.39,20.39,20.39,20.39
7591,20.39,20.39,20.39,20.39,20.39,20.39,20.39,20.39,20.39,20.39
7592,20.39,20.39,20.39,20.39,20.39,20.39,20.39,20.39,20.39,20.39
7593,20.39,20.39,20.39,20.39,20.39,20.39,20.39,20.39,20.39,20.39
7594,20.39,20.39,20.39,20.39,20.39,20.39,20.39,20.39,20.39,20.39
7595,20.39,20.39,20.39,20.39,20.39,20.39,20.39,20.39,20.39,20.39
7596,20.39,20.39,20.39,20.39,20.39,20.39,20.39,20.39,20.39,20.39
7597,20.39,20.39,20.39,20.39,20.39,20.39,20.39,20.39,20.39,20.39
7598,20.39,20.39,20.39,20.39,20.39,20.39,20.39,20.39,20.39,20.39
7599,20.39,20.39,20.39,20.39,20.39,20.39,20.39,20.39,20.39,20.39
7600,20.39,20.39,20.39,20.39,20.39,20.39,20.39,20.39,20.39,20.39
7601,20.39,20.39,20.39,20.39,20.39,20.39,20.39,20.39,20.39,20.39
7602,20.39,20.39,20.39,20.39,20.39,20.39,20.39,20.39,20.39,20.39
7603,20.39,20.39,20.39,20.39,20.39,20.39,20.39,20.39,20.39,20.39
7604,20.39,20.39,20.39,20.39,20.39,20.39,20.39,20.39,20.39,20.39
7605,20.39,20.39,20.39,20.39,20.39,20.39,20.39,20.39,20.39,20.39
7606,20.39,20.39,20.39,20.39,20.39,20.39,20.39,20.39,20.39,20.39
7607,20.39,20.39,20.39,20.39,20.39,20.39,20.39,20.39,20.39,20.39
7608,20.39,20.39,20.39,20.39,20.39,20.39,20.39,20.39,20.39,20.39
7609,20.39,20.39,20.39,20.39,20.39,20.39,20.39,20.39,20.39,20.39
7610,20.39,20.39,20.39,20.39,20.39,20.39,20.39,20.39,20.39,20.39
7611,20.39,20.39,20.39,20.39,20.39,20.39,20.39,20.39,20.39,20.39
7612,20.39,20.39,20.39,20.39,20.39,20.39,20.39,20.39,20.39,20.39
7613,20.39,20.39,20.39,20.39,20.39,20.39,20.39,20.39,20.39,20.39
7614,20.39,20.39,20.39,20.39,20.39,20.39,20.39,20.39,20.39,20.39
7615,20.39,20.39,20.39,20.39,20.39,20.39,20.39,20.39,20.39,20.39
7616,20.39,20.39,20.39,20.39,20.39,20.39,20.39,20.39,20.39,20.39
7617,20.39,20.39,20.39,20.39,20.39,20.39,20.39,20.39,20.39,20.39
7618,20.39,20.39,20.39,20.39,20.39,20.39,20.39,20.39,20.39,20.39
7619,20.39,20.39,20.39,20.39,20.39,20.39,20.39,20.39,20.39,20.39
7620,20.39,20.39,20.39,20.39,20.39,20.39,20.39,20.39,20.39,20.39
7621,20.39,20.39,20.39,20.39,20.39,20.39,20.39,20.39,20.39,20.39
7622,20.39,20.39,20.39,20.39,20.39,20.39,20.39,20.39,20.39,20.39
7623,20.39,20.39,20.39,20.39,20.39,20.39,20.39,20.39,20.39,20.39
7624,20.39,20.39,20.39,20.39,20.39,20.39,20.39,20.39,20.39,20.39
7625,20.39,20.39,20.39,20.39,20.39,20.39,20.39,20.39,20.39,20.39
7626,20.39,20.39,20.39,20.39,20.39,20.39,20.39,20.39,20.39,20.39
7627,20.39,20.39,20.39,20.39,20.39,20.39,20.39,20.39,20.39,20.39
7628,20.39,20.39,20.39,20.39,20.39,20.39,20.39,20.39,20.39,20.39
7629,20.39,20.39,20.39,20.39,20.39,20.39,20.39,20.39,20.39,20.39
7630,20.39,20.39,20.39,20.39,20.39,20.39,20.39,20.39,20.39,20.39
7631,20.39,20.39,20.39,20.39,20.39,20.39,20.39,20.39,20.39,20.39
7632,20.39,20.39,20.39,20.39,20.39,20.39,20.39,20.39,20.39,20.39
7633,20.39,20.39,20.39,20.39,20.39,20.39,20.39,20.39,20.39,20.39
7634,20.39,20.39,20.39,20.39,20.39,20.39,20.39,20.39,20.39,20.39
7635,20.39,20.39,20.39,20.39,20.39,20.39,20.39,20.39,20.39,20.39
7636,20.39,20.39,20.39,20.39,20.39,20.39,20.39,20.39,20.39,20.39
7637,20.39,20.39,20.39,20.39,20.39,20.39,20.39,20.39,20.39,20.39
7638,20.39,20.39,20.39,20.39,20.39,20.39,20.39,20.39,20.39,20.39
7639,20.39,20.39,20.39,20.39,20.39,20.39,20.39,20.39,20.39,20.39
7640,20.39,20.39,20.39,20.39,20.39,20.39,20.39,20.39,20.39,20.39
7641,20.39,20.39,20.39,20.39,20.39,20.39,20.39,20.39,20.39,20.39
7642,20.39,20.39,20.39,20.39,20.39,20.39,20.39,20.39,20.39,20.39
7643,20.39,20.39,20.39,20.39,20.39,20.39,20.39,20.39,20.39,20.39
7644,20.39,20.39,20.39,20.39,20.39,20.39,20.39,20.39,20.39,20.39
7645,20.39,20.39,20.39,20.39,20.39,20.39,20.39,20.39,20.39,20.39
7646,20.39,20.39,20.39,20.39,20.39,20.39,20.39,20.39,20.39,20.39
7647,20.39,20.39,20.39,20.39,20.39,20.39,20.39,20.39,20.39,20.39
7648,20.39,20.39,20.39,20.39,20.39,20.39,20.39,20.39,20.39,20.39
7649,20.39,20.39,20.39,20.39,20.39,20.39,20.39,20.39,20.39,20.39
7650,20.39,20.39,20.39,20.39,20.39,20.39,20.39,20.39,20.39,20.39
7651,20.39,20.39,20.39,20.39,20.39,20.39,20.39,20.39,20.39,20.39
7652,20.39,20.39,20.39,20.39,20.39,20.39,20.39,20.39,20.39,20.39
7653,20.39,20.39,20.39,20.39,20.39,20.39,20.39,20.39,20.39,20.39
7654,20.39,20.39,20.39,20.39,20.39,20.39,20.39,20.39,20.39,20.39
7655,20.39,20.39,20.39,20.39,20.39,20.39,20.39,20.39,20.39,20.39
7656,20.39,20.39,20.39,20.39,20.39,20.39,20.39,20.39,20.39,20.39
7657,20.39,20.39,20.39,20.39,20.39,20.39,20.39,20.39,20.39,20.39
7658,20.39,20.39,20.39,20.39,20.39,20.39,20.39,20.39,20.39,20.39
7659,20.39,20.39,20.39,20.39,20.39,20.39,20.39,20.39,20.39,20.39
7660,20.39,20.39,20.39,20.39,20.39,20.39,20.39,20.39,20.39,20.39
7661,20.39,20.39,20.39,20.39,20.39,20.39,20.39,20.39,20.39,20.39
7662,20.39,20.39,20.39,20.39,20.39,20.39,20.39,20.39,20.39,20.39
7663,20.39,20.39,20.39,20.39,20.39,20.39,20.39,20.39,20.39,20.39
7664,20.39,20.39,20.39,20.39,20.39,20.39,20.39,20.39,20.39,20.39
7665,20.39,20.39,20.39,20.39,20.39,20.39,20.39,20.39,20.39,20.39
7666,20.39,20.39,20.39,20.39,20.39,20.39,20.39,20.39,20.39,20.39
7667,20.39,20.39,20.39,20.39,20.39,20.39,20.39,20.39,20.39,20.39
7668,20.39,20.39,20.39,20.39,20.39,20.39,20.39,20.39,20.39,20.39
7669,20.39,20.39,20.39,20.39,20.39,20.39,20.39,20.39,20.39,20.39
7670,20.39,20.39,20.39,20.39,20.39,20.39,20.39,20.39,20.39,20.39
7671,20.39,20.39,20.39,20.39,20.39,20.39,20.39,20.39,20.39,20.39
7672,20.39,20.39,20.39,20.39,20.39,20.39,20.39,20.39,20.39,20.39
7673,20.39,20.39,20.39,20.39,20.39,20.39,20.39,20.39,20.39,20.39
7674,20.39,20.39,20.39,20.39,20.39,20.39,20.39,20.39,20.39,20.39
7675,20.39,20.39,20.39,20.39,20.39,20.39,20.39,20.39,20.39,20.39
7676,20.39,20.39,20.39,20.39,20.39,20.39,20.39,20.39,20.39,20.39
7677,20.39,20.39,20.39,20.39,20.39,20.39,20.39,20.39,20.39,20.39
7678,20.39,20.39,20.39,20.39,20.39,20.39,20.39,20.39,20.39,20.39
7679,20.39,20.39,20.39,20.39,20.39,20.39,20.39,20.39,20.39,20.39
7680,20.39,20.39,20.39,20.39,20.39,20.39,20.39,20.39,20.39,20.39
7681,20.39,20.39,20.39,20.39,20.39,20.39,20.39,20.39,20.39,20.39
7682,20.39,20.39,20.39,20.39,20.39,20.39,20.39,20.39,20.39,20.39
7683,20.39,20.39,20.39,20.39,20.39,20.39,20.39,20.39,20.39,20.39
7684,20.39,20.39,20.39,20.39,20.39,20.39,20.39,20.39,20.39,20.39
7685,20.39,20.39,20.39,20.39,20.39,20.39,20.39,20.39,20.39,20.39
7686,20.39,20.39,20.39,20.39,20.39,20.39,20.39,20.39,20.39,20.39
7687,20.39,20.39,20.39,20.39,20.39,20.39,20.39,20.39,20.39,20.39
7688,20.39,20.39,20.39,20.39,20.39,20.39,20.39,20.39,20.39,20.39
7689,20.39,20.39,20.39,20.39,20.39,20.39,20.39,20.39,20.39,20.39
7690,20.39,20.39,20.39,20.39,20.39,20.39,20.39,20.39,20.39,20.39
7691,20.39,20.39,20.39,20.39,20.39,20.39,20.39,20.39,20.39,20.39
7692,20.39,20.39,20.39,20.39,20.39,20.39,20.39,20.39,20.39,20.39
7693,20.39,20.39,20.39,20.39,20.39,20.39,20.39,20.39,20.39,20.39
7694,20.39,20.39,20.39,20.39,20.39,20.39,20.39,20.39,20.39,20.39
7695,20.39,20.39,20.39,20.39,20.39,20.39,20.39,20.39,20.39,20.39
7696,20.39,20.39,20.39,20.39,20.39,20.39,20.39,20.39,20.39,20.39
7697,20.39,20.39,20.39,20.39,20.39,20.39,20.39,20.39,20.39,20.39
7698,20.39,20.39,20.39,20.39,20.39,20.39,20.39,20.39,20.39,20.39
7699,20.39,20.39,20.39,20.39,20.39,20.39,20.39,20.39,20.39,20.39
7700,20.39,20.39,20.39,20.39,20.39,20.39,20.39,20.39,20.39,20.39
7701,20.39,20.39,20.39,20.39,20.39,20.39,20.39,20.39,20.39,20.39
7702,20.39,20.39,20.39,20.39,20.39,20.39,20.39,20.39,20.39,20.39
7703,20.39,20.39,20.39,20.39,20.39,20.39,20.39,20.39,20.39,20.39
7704,20.39,20.39,20.39,20.39,20.39,20.39,20.39,20.39,20.39,20.39
7705,20.39,20.39,20.39,20.39,20.39,20.39,20.39,20.39,20.39,20.39
7706,20.39,20.39,20.39,20.39,20.39,20.39,20.39,20.39,20.39,20.39
7707,20.39,20.39,20.39,20.39,20.39,20.39,20.39,20.39,20.39,20.39
7708,20.39,20.39,20.39,20.39,20.39,20.39,20.39,20.39,20.39,20.39
7709,20.39,20.39,20.39,20.39,20.39,20.39,20.39,20.39,20.39,20.39
7710,20.39,20.39,20.39,20.39,20.39,20.39,20.39,20.39,20.39,20.39
7711,20.39,20.39,20.39,20.39,20.39,20.39,20.39,20.39,20.39,20.39
7712,20.39,20.39,20.39,20.39,20.39,20.39,20.39,20.39,20.39,20.39
7713,20.39,20.39,20.39,20.39,20.39,20.39,20.39,20.39,20.39,20.39
7714,20.39,20.39,20.39,20.39,20.39,20.39,20.39,20.39,20.39,20.39
7715,20.39,20.39,20.39,20.39,20.39,20.39,20.39,20.39,20.39,20.39
7716,20.39,20.39,20.39,20.39,20.39,20.39,20.39,20.39,20.39,20.39
7717,20.39,20.39,20.39,20.39,20.39,20.39,20.39,20.39,20.39,20.39
7718,20.39,20.39,20.39,20.39,20.39,20.39,20.39,20.39,20.39,20.39
7719,20.39,20.39,20.39,20.39,20.39,20.39,20.39,20.39,20.39,20.39
7720,20.39,20.39,20.39,20.39,20.39,20.39,20.39,20.39,20.39,20.39
7721,20.39,20.39,20.39,20.39,20.39,20.39,20.39,20.39,20.39,20.39
7722,20.39,20.39,20.39,20.39,20.39,20.39,20.39,20.39,20.39,20.39
7723,20.39,20.39,20.39,20.39,20.39,20.39,20.39,20.39,20.39,20.39
7724,20.39,20.39,20.39,20.39,20.39,20.39,20.39,20.39,20.39,20.39
7725,20.39,20.39,20.39,20.39,20.39,20.39,20.39,20.39,20.39,20.39
7726,20.39,20.39,20.39,20.39,20.39,20.39,20.39,20.39,20.39,20.39
7727,20.39,20.39,20.39,20.39,20.39,20.39,20.39,20.39,20.39,20.39
7728,20.39,20.39,20.39,20.39,20.39,20.39,20.39,20.39,20.39,20.39
7729,20.39,20.39,20.39,20.39,20.39,20.39,20.39,20.39,20.39,20.39
7730,20.39,20.39,20.39,20.39,20.39,20.39,20.39,20.39,20.39,20.39
7731,20.39,20.39,20.39,20.39,20.39,20.39,20.39,20.39,20.39,20.39
7732,20.39,20.39,20.39,20.39,20.39,20.39,20.39,20.39,20.39,20.39
7733,20.39,20.39,20.39,20.39,20.39,20.39,20.39,20.39,20.39,20.39
7734,20.39,20.39,20.39,20.39,20.39,20.39,20.39,20.39,20.39,20.39
7735,20.39,20.39,20.39,20.39,20.39,20.39,20.39,20.39,20.39,20.39
7736,20.39,20.39,20.39,20.39,20.39,20.39,20.39,20.39,20.39,20.39
7737,20.39,20.39,20.39,20.39,20.39,20.39,20.39,20.39,20.39,20.39
7738,20.39,20.39,20.39,20.39,20.39,20.39,20.39,20.39,20.39,20.39
7739,20.39,20.39,20.39,20.39,20.39,20.39,20.39,20.39,20.39,20.39
7740,20.39,20.39,20.39,20.39,20.39,20.39,20.39,20.39,20.39,20.39
7741,20.39,20.39,20.39,20.39,20.39,20.39,20.39,20.39,20.39,20.39
7742,20.39,20.39,20.39,20.39,20.39,20.39,20.39,20.39,20.39,20.39
7743,20.39,20.39,20.39,20.39,20.39,20.39,20.39,20.39,20.39,20.39
7744,20.39,20.39,20.39,20.39,20.39,20.39,20.39,20.39,20.39,20.39
7745,20.39,20.39,20.39,20.39,20.39,20.39,20.39,20.39,20.39,20.39
7746,20.39,20.39,20.39,20.39,20.39,20.39,20.39,20.39,20.39,20.39
7747,20.39,20.39,20.39,20.39,20.39,20.39,20.39,20.39,20.39,20.39
7748,20.39,20.39,20.39,20.39,20.39,20.39,20.39,20.39,20.39,20.39
7749,20.39,20.39,20.39,20.39,20.39,20.39,20.39,20.39,20.39,20.39
7750,20.39,20.39,20.39,20.39,20.39,20.39,20.39,20.39,20.39,20.39
7751,20.39,20.39,20.39,20.39,20.39,20.39,20.39,20.39,20.39,20.39
7752,20.39,20.39,20.39,20.39,20.39,20.39,20.39,20.39,20.39,20.39
7753,20.39,20.39,20.39,20.39,20.39,20.39,20.39,20.39,20.39,20.39
7754,20.39,20.39,20.39,20.39,20.39,20.39,20.39,20.39,20.39,20.39
7755,20.39,20.39,20.39,20.39,20.39,20.39,20.39,20.39,20.39,20.39
7756,20.39,20.39,20.39,20.39,20.39,20.39,20.39,20.39,20.39,20.39
7757,20.39,20.39,20.39,20.39,20.39,20.39,20.39,20.39,20.39,20.39
7758,20.39,20.39,20.39,20.39,20.39,20.39,20.39,20.39,20.39,20.39
7759,20.39,20.39,20.39,20.39,20.39,20.39,20.39,20.39,20.39,20.39
7760,20.39,20.39,20.39,20.39,20.39,20.39,20.39,20.39,20.39,20.39
7761,20.39,20.39,20.39,20.39,20.39,20.39,20.39,20.39,20.39,20.39
7762,20.39,20.39,20.39,20.39,20.39,20.39,20.39,20.39,20.39,20.39
7763,20.39,20.39,20.39,20.39,20.39,20.39,20.39,20.39,20.39,20.39
7764,20.39,20.39,20.39,20.39,20.39,20.39,20.39,20.39,20.39,20.39
7765,20.39,20.39,20.39,20.39,20.39,20.39,20.39,20.39,20.39,20.39
7766,20.39,20.39,20.39,20.39,20.39,20.39,20.39,20.39,20.39,20.39
7767,20.39,20.39,20.39,20.39,20.39,20.39,20.39,20.39,20.39,20.39
7768,20.39,20.39,20.39,20.39,20.39,20.39,20.39,20.39,20.39,20.39
7769,20.39,20.39,20.39,20.39,20.39,20.39,20.39,20.39,20.39,20.39
7770,20.39,20.39,20.39,20.39,20.39,20.39,20.39,20.39,20.39,20.39
7771,20.39,20.39,20.39,20.39,20.39,20.39,20.39,20.39,20.39,20.39
7772,20.39,20.39,20.39,20.39,20.39,20.39,20.39,20.39,20.39,20.39
7773,20.39,20.39,20.39,20.39,20.39,20.39,20.39,20.39,20.39,20.39
7774,20.39,20.39,20.39,20.39,20.39,20.39,20.39,20.39,20.39,20.39
7775,20.39,20.39,20.39,20.39,20.39,20.39,20.39,20.39,20.39,20.39
7776,20.39,20.39,20.39,20.39,20.39,20.39,20.39,20.39,20.39,20.39
7777,20.39,20.39,20.39,20.39,20.39,20.39,20.39,20.39,20.39,20.39
7778,20.39,20.39,20.39,20.39,20.39,20.39,20.39,20.39,20.39,20.39
7779,20.39,20.39,20.39,20.39,20.39,20.39,20.39,20.39,20.39,20.39
7780,20.39,20.39,20.39,20.39,20.39,20.39,20.39,20.39,20.39,20.39
7781,20.39,20.39,20.39,20.39,20.39,20.39,20.39,20.39,20.39,20.39
7782,20.39,20.39,20.39,20.39,20.39,20.39,20.39,20.39,20.39,20.39
7783,20.39,20.39,20.39,20.39,20.39,20.39,20.39,20.39,20.39,20.39
7784,20.39,20.39,20.39,20.39,20.39,20.39,20.39,20.39,20.39,20.39
7785,20.39,20.39,20.39,20.39,20.39,20.39,20.39,20.39,20.39,20.39
7786,20.39,20.39,20.39,20.39,20.39,20.39,20.39,20.39,20.39,20.39
7787,20.39,20.39,20.39,20.39,20.39,20.39,20.39,20.39,20.39,20.39
7788,20.39,20.39,20.39,20.39,20.39,20.39,20.39,20.39,20.39,20.39
7789,20.39,20.39,20.39,20.39,20.39,20.39,20.39,20.39,20.39,20.39
7790,20.39,20.39,20.39,20.39,20.39,20.39,20.39,20.39,20.39,20.39
7791,20.39,20.39,20.39,20.39,20.39,20.39,20.39,20.39,20.39,20.39
7792,20.39,20.39,20.39,20.39,20.39,20.39,20.39,20.39,20.39,20.39
7793,20.39,20.39,20.39,20.39,20.39,20.39,20.39,20.39,20.39,20.39
7794,20.39,20.39,20.39,20.39,20.39,20.39,20.39,20.39,20.39,20.39
7795,20.39,20.39,20.39,20.39,20.39,20.39,20.39,20.39,20.39,20.39
7796,20.39,20.39,20.39,20.39,20.39,20.39,20.39,20.39,20.39,20.39
7797,20.39,20.39,20.39,20.39,20.39,20.39,20.39,20.39,20.39,20.39
7798,20.39,20.39,20.39,20.39,20.39,20.39,20.39,20.39,20.39,20.39
7799,20.39,20.39,20.39,20.39,20.39,20.39,20.39,20.39,20.39,20.39
7800,20.39,20.39,20.39,20.39,20.39,20.39,20.39,20.39,20.39,20.39
7801,20.39,20.39,20.39,20.39,20.39,20.39,20.39,20.39,20.39,20.39
7802,20.39,20.39,20.39,20.39,20.39,20.39,20.39,20.39,20.39,20.39
7803,20.39,20.39,20.39,20.39,20.39,20.39,20.39,20.39,20.39,20.39
7804,20.39,20.39,20.39,20.39,20.39,20.39,20.39,20.39,20.39,20.39
7805,20.39,20.39,20.39,20.39,20.39,20.39,20.39,20.39,20.39,20.39
7806,20.39,20.39,20.39,20.39,20.39,20.39,20.39,20.39,20.39,20.39
7807,20.39,20.39,20.39,20.39,20.39,20.39,20.39,20.39,20.39,20.39
7808,20.39,20.39,20.39,20.39,20.39,20.39,20.39,20.39,20.39,20.39
7809,20.39,20.39,20.39,20.39,20.39,20.39,20.39,20.39,20.39,20.39
7810,20.39,20.39,20.39,20.39,20.39,20.39,20.39,20.39,20.39,20.39
7811,20.39,20.39,20.39,20.39,20.39,20.39,20.39,20.39,20.39,20.39
7812,20.39,20.39,20.39,20.39,20.39,20.39,20.39,20.39,20.39,20.39
7813,20.39,20.39,20.39,20.39,20.39,20.39,20.39,20.39,20.39,20.39
7814,20.39,20.39,20.39,20.39,20.39,20.39,20.39,20.39,20.39,20.39
7815,20.39,20.39,20.39,20.39,20.39,20.39,20.39,20.39,20.39,20.39
7816,20.39,20.39,20.39,20.39,20.39,20.39,20.39,20.39,20.39,20.39
7817,20.39,20.39,20.39,20.39,20.39,20.39,20.39,20.39,20.39,20.39
7818,20.39,20.39,20.39,20.39,20.39,20.39,20.39,20.39,20.39,20.39
7819,20.39,20.39,20.39,20.39,20.39,20.39,20.39,20.39,20.39,20.39
7820,20.39,20.39,20.39,20.39,20.39,20.39,20.39,20.39,20.39,20.39
7821,20.39,20.39,20.39,20.39,20.39,20.39,20.39,20.39,20.39,20.39
7822,20.39,20.39,20.39,20.39,20.39,20.39,20.39,20.39,20.39,20.39
7823,20.39,20.39,20.39,20.39,20.39,20.39,20.39,20.39,20.39,20.39
7824,20.39,20.39,20.39,20.39,20.39,20.39,20.39,20.39,20.39,20.39
7825,20.39,20.39,20.39,20.39,20.39,20.39,20.39,20.39,20.39,20.39
7826,20.39,20.39,20.39,20.39,20.39,20.39,20.39,20.39,20.39,20.39
7827,20.39,20.39,20.39,20.39,20.39,20.39,20.39,20.39,20.39,20.39
7828,20.39,20.39,20.39,20.39,20.39,20.39,20.39,20.39,20.39,20.39
7829,20.39,20.39,20.39,20.39,20.39,20.39,20.39,20.39,20.39,20.39
7830,20.39,20.39,20.39,20.39,20.39,20.39,20.39,20.39,20.39,20.39
7831,20.39,20.39,20.39,20.39,20.39,20.39,20.39,20.39,20.39,20.39
7832,20.39,20.39,20.39,20.39,20.39,20.39,20.39,20.39,20.39,20.39
7833,20.39,20.39,20.39,20.39,20.39,20.39,20.39,20.39,20.39,20.39
7834,20.39,20.39,20.39,20.39,20.39,20.39,20.39,20.39,20.39,20.39
7835,20.39,20.39,20.39,20.39,20.39,20.39,20.39,20.39,20.39,20.39
7836,20.39,20.39,20.39,20.39,20.39,20.39,20.39,20.39,20.39,20.39
7837,20.39,20.39,20.39,20.39,20.39,20.39,20.39,20.39,20.39,20.39
7838,20.39,20.39,20.39,20.39,20.39,20.39,20.39,20.39,20.39,20.39
7839,20.39,20.39,20.39,20.39,20.39,20.39,20.39,20.39,20.39,20.39
7840,20.39,20.39,20.39,20.39,20.39,20.39,20.39,20.39,20.39,20.39
7841,20.39,20.39,20.39,20.39,20.39,20.39,20.39,20.39,20.39,20.39
7842,20.39,20.39,20.39,20.39,20.39,20.39,20.39,20.39,20.39,20.39
7843,20.39,20.39,20.39,20.39,20.39,20.39,20.39,20.39,20.39,20.39
7844,20.39,20.39,20.39,20.39,20.39,20.39,20.39,20.39,20.39,20.39
7845,20.39,20.39,20.39,20.39,20.39,20.39,20.39,20.39,20.39,20.39
7846,20.39,20.39,20.39,20.39,20.39,20.39,20.39,20.39,20.39,20.39
7847,20.39,20.39,20.39,20.39,20.39,20.39,20.39,20.39,20.39,20.39
7848,20.39,20.39,20.39,20.39,20.39,20.39,20.39,20.39,20.39,20.39
7849,20.39,20.39,20.39,20.39,20.39,20.39,20.39,20.39,20.39,20.39
7850,20.39,20.39,20.39,20.39,20.39,20.39,20.39,20.39,20.39,20.39
7851,20.39,20.39,20.39,20.39,20.39,20.39,20.39,20.39,20.39,20.39
7852,20.39,20.39,20.39,20.39,20.39,20.39,20.39,20.39,20.39,20.39
7853,20.39,20.39,20.39,20.39,20.39,20.39,20.39,20.39,20.39,20.39
7854,20.39,20.39,20.39,20.39,20.39,20.39,20.39,20.39,20.39,20.39
7855,20.39,20.39,20.39,20.39,20.39,20.39,20.39,20.39,20.39,20.39
7856,20.39,20.39,20.39,20.39,20.39,20.39,20.39,20.39,20.39,20.39
7857,20.39,20.39,20.39,20.39,20.39,20.39,20.39,20.39,20.39,20.39
7858,20.39,20.39,20.39,20.39,20.39,20.39,20.39,20.39,20.39,20.39
7859,20.39,20.39,20.39,20.39,20.39,20.39,20.39,20.39,20.39,20.39
7860,20.39,20.39,20.39,20.39,20.39,20.39,20.39,20.39,20.39,20.39
7861,20.39,20.39,20.39,20.39,20.39,20.39,20.39,20.39,20.39,20.39
7862,20.39,20.39,20.39,20.39,20.39,20.39,20.39,20.39,20.39,20.39
7863,20.39,20.39,20.39,20.39,20.39,20.39,20.39,20.39,20.39,20.39
7864,20.39,20.39,20.39,20.39,20.39,20.39,20.39,20.39,20.39,20.39
7865,20.39,20.39,20.39,20.39,20.39,20.39,20.39,20.39,20.39,20.39
7866,20.39,20.39,20.39,20.39,20.39,20.39,20.39,20.39,20.39,20.39
7867,20.39,20.39,20.39,20.39,20.39,20.39,20.39,20.39,20.39,20.39
7868,20.39,20.39,20.39,20.39,20.39,20.39,20.39,20.39,20.39,20.39
7869,20.39,20.39,20.39,20.39,20.39,20.39,20.39,20.39,20.39,20.39
7870,20.39,20.39,20.39,20.39,20.39,20.39,20.39,20.39,20.39,20.39
7871,20.39,20.39,20.39,20.39,20.39,20.39,20.39,20.39,20.39,20.39
7872,20.39,20.39,20.39,20.39,20.39,20.39,20.39,20.39,20.39,20.39
7873,20.39,20.39,20.39,20.39,20.39,20.39,20.39,20.39,20.39,20.39
7874,20.39,20.39,20.39,20.39,20.39,20.39,20.39,20.39,20.39,20.39
7875,20.39,20.39,20.39,20.39,20.39,20.39,20.39,20.39,20.39,20.39
7876,20.39,20.39,20.39,20.39,20.39,20.39,20.39,20.39,20.39,20.39
7877,20.39,20.39,20.39,20.39,20.39,20.39,20.39,20.39,20.39,20.39
7878,20.39,20.39,20.39,20.39,20.39,20.39,20.39,20.39,20.39,20.39
7879,20.39,20.39,20.39,20.39,20.39,20.39,20.39,20.39,20.39,20.39
7880,20.39,20.39,20.39,20.39,20.39,20.39,20.39,20.39,20.39,20.39
7881,20.39,20.39,20.39,20.39,20.39,20.39,20.39,20.39,20.39,20.39
7882,20.39,20.39,20.39,20.39,20.39,20.39,20.39,20.39,20.39,20.39
7883,20.39,20.39,20.39,20.39,20.39,20.39,20.39,20.39,20.39,20.39
7884,20.39,20.39,20.39,20.39,20.39,20.39,20.39,20.39,20.39,20.39
7885,20.39,20.39,20.39,20.39,20.39,20.39,20.39,20.39,20.39,20.39
7886,20.39,20.39,20.39,20.39,20.39,20.39,20.39,20.39,20.39,20.39
7887,20.39,20.39,20.39,20.39,20.39,20.39,20.39,20.39,20.39,20.39
7888,20.39,20.39,20.39,20.39,20.39,20.39,20.39,20.39,20.39,20.39
7889,20.39,20.39,20.39,20.39,20.39,20.39,20.39,20.39,20.39,20.39
7890,20.39,20.39,20.39,20.39,20.39,20.39,20.39,20.39,20.39,20.39
7891,20.39,20.39,20.39,20.39,20.39,20.39,20.39,20.39,20.39,20.39
7892,20.39,20.39,20.39,20.39,20.39,20.39,20.39,20.39,20.39,20.39
7893,20.39,20.39,20.39,20.39,20.39,20.39,20.39,20.39,20.39,20.39
7894,20.39,20.39,20.39,20.39,20.39,20.39,20.39,20.39,20.39,20.39
7895,20.39,20.39,20.39,20.39,20.39,20.39,20.39,20.39,20.39,20.39
7896,20.39,20.39,20.39,20.39,20.39,20.39,20.39,20.39,20.39,20.39
7897,20.39,20.39,20.39,20.39,20.39,20.39,20.39,20.39,20.39,20.39
7898,20.39,20.39,20.39,20.39,20.39,20.39,20.39,20.39,20.39,20.39
7899,20.39,20.39,20.39,20.39,20.39,20.39,20.39,20.39,20.39,20.39
7900,20.39,20.39,20.39,20.39,20.39,20.39,20.39,20.39,20.39,20.39
7901,20.39,20.39,20.39,20.39,20.39,20.39,20.39,20.39,20.39,20.39
7902,20.39,20.39,20.39,20.39,20.39,20.39,20.39,20.39,20.39,20.39
7903,20.39,20.39,20.39,20.39,20.39,20.39,20.39,20.39,20.39,20.39
7904,20.39,20.39,20.39,20.39,20.39,20.39,20.39,20.39,20.39,20.39
7905,20.39,20.39,20.39,20.39,20.39,20.39,20.39,20.39,20.39,20.39
7906,20.39,20.39,20.39,20.39,20.39,20.39,20.39,20.39,20.39,20.39
7907,20.39,20.39,20.39,20.39,20.39,20.39,20.39,20.39,20.39,20.39
7908,20.39,20.39,20.39,20.39,20.39,20.39,20.39,20.39,20.39,20.39
7909,20.39,20.39,20.39,20.39,20.39,20.39,20.39,20.39,20.39,20.39
7910,20.39,20.39,20.39,20.39,20.39,20.39,20.39,20.39,20.39,20.39
7911,20.39,20.39,20.39,20.39,20.39,20.39,20.39,20.39,20.39,20.39
7912,20.39,20.39,20.39,20.39,20.39,20.39,20.39,20.39,20.39,20.39
7913,20.39,20.39,20.39,20.39,20.39,20.39,20.39,20.39,20.39,20.39
7914,20.39,20.39,20.39,20.39,20.39,20.39,20.39,20.39,20.39,20.39
7915,20.39,20.39,20.39,20.39,20.39,20.39,20.39,20.39,20.39,20.39
7916,20.39,20.39,20.39,20.39,20.39,20.39,20.39,20.39,20.39,20.39
7917,20.39,20.39,20.39,20.39,20.39,20.39,20.39,20.39,20.39,20.39
7918,20.39,20.39,20.39,20.39,20.39,20.39,20.39,20.39,20.39,20.39
7919,20.39,20.39,20.39,20.39,20.39,20.39,20.39,20.39,20.39,20.39
7920,20.39,20.39,20.39,20.39,20.39,20.39,20.39,20.39,20.39,20.39
7921,20.39,20.39,20.39,20.39,20.39,20.39,20.39,20.39,20.39,20.39
7922,20.39,20.39,20.39,20.39,20.39,20.39,20.39,20.39,20.39,20.39
7923,20.39,20.39,20.39,20.39,20.39,20.39,20.39,20.39,20.39,20.39
7924,20.39,20.39,20.39,20.39,20.39,20.39,20.39,20.39,20.39,20.39
7925,20.39,20.39,20.39,20.39,20.39,20.39,20.39,20.39,20.39,20.39
7926,20.39,20.39,20.39,20.39,20.39,20.39,20.39,20.39,20.39,20.39
7927,20.39,20.39,20.39,20.39,20.39,20.39,20.39,20.39,20.39,20.39
7928,20.39,20.39,20.39,20.39,20.39,20.39,20.39,20.39,20.39,20.39
7929,20.39,20.39,20.39,20.39,20.39,20.39,20.39,20.39,20.39,20.39
7930,20.39,20.39,20.39,20.39,20.39,20.39,20.39,20.39,20.39,20.39
7931,20.39,20.39,20.39,20.39,20.39,20.39,20.39,20.39,20.39,20.39
7932,20.39,20.39,20.39,20.39,20.39,20.39,20.39,20.39,20.39,20.39
7933,20.39,20.39,20.39,20.39,20.39,20.39,20.39,20.39,20.39,20.39
7934,20.39,20.39,20.39,20.39,20.39,20.39,20.39,20.39,20.39,20.39
7935,20.39,20.39,20.39,20.39,20.39,20.39,20.39,20.39,20.39,20.39
7936,20.39,20.39,20.39,20.39,20.39,20.39,20.39,20.39,20.39,20.39
7937,20.39,20.39,20.39,20.39,20.39,20.39,20.39,20.39,20.39,20.39
7938,20.39,20.39,20.39,20.39,20.39,20.39,20.39,20.39,20.39,20.39
7939,20.39,20.39,20.39,20.39,20.39,20.39,20.39,20.39,20.39,20.39
7940,20.39,20.39,20.39,20.39,20.39,20.39,20.39,20.39,20.39,20.39
7941,20.39,20.39,20.39,20.39,20.39,20.39,20.39,20.39,20.39,20.39
7942,20.39,20.39,20.39,20.39,20.39,20.39,20.39,20.39,20.39,20.39
7943,20.39,20.39,20.39,20.39,20.39,20.39,20.39,20.39,20.39,20.39
7944,20.39,20.39,20.39,20.39,20.39,20.39,20.39,20.39,20.39,20.39
7945,20.39,20.39,20.39,20.39,20.39,20.39,20.39,20.39,20.39,20.39
7946,20.39,20.39,20.39,20.39,20.39,20.39,20.39,20.39,20.39,20.39
7947,20.39,20.39,20.39,20.39,20.39,20.39,20.39,20.39,20.39,20.39
7948,20.39,20.39,20.39,20.39,20.39,20.39,20.39,20.39,20.39,20.39
7949,20.39,20.39,20.39,20.39,20.39,20.39,20.39,20.39,20.39,20.39
7950,20.39,20.39,20.39,20.39,20.39,20.39,20.39,20.39,20.39,20.39
7951,20.39,20.39,20.39,20.39,20.39,20.39,20.39,20.39,20.39,20.39
7952,20.39,20.39,20.39,20.39,20.39,20.39,20.39,20.39,20.39,20.39
7953,20.39,20.39,20.39,20.39,20.39,20.39,20.39,20.39,20.39,20.39
7954,20.39,20.39,20.39,20.39,20.39,20.39,20.39,20.39,20.39,20.39
7955,20.39,20.39,20.39,20.39,20.39,20.39,20.39,20.39,20.39,20.39
7956,20.39,20.39,20.39,20.39,20.39,20.39,20.39,20.39,20.39,20.39
7957,20.39,20.39,20.39,20.39,20.39,20.39,20.39,20.39,20.39,20.39
7958,20.39,20.39,20.39,20.39,20.39,20.39,20.39,20.39,20.39,20.39
7959,20.39,20.39,20.39,20.39,20.39,20.39,20.39,20.39,20.39,20.39
7960,20.39,20.39,20.39,20.39,20.39,20.39,20.39,20.39,20.39,20.39
7961,20.39,20.39,20.39,20.39,20.39,20.39,20.39,20.39,20.39,20.39
7962,20.39,20.39,20.39,20.39,20.39,20.39,20.39,20.39,20.39,20.39
7963,20.39,20.39,20.39,20.39,20.39,20.39,20.39,20.39,20.39,20.39
7964,20.39,20.39,20.39,20.39,20.39,20.39,20.39,20.39,20.39,20.39
7965,20.39,20.39,20.39,20.39,20.39,20.39,20.39,20.39,20.39,20.39
7966,20.39,20.39,20.39,20.39,20.39,20.39,20.39,20.39,20.39,20.39
7967,20.39,20.39,20.39,20.39,20.39,20.39,20.39,20.39,20.39,20.39
7968,20.39,20.39,20.39,20.39,20.39,20.39,20.39,20.39,20.39,20.39
7969,20.39,20.39,20.39,20.39,20.39,20.39,20.39,20.39,20.39,20.39
7970,20.39,20.39,20.39,20.39,20.39,20.39,20.39,20.39,20.39,20.39
7971,20.39,20.39,20.39,20.39,20.39,20.39,20.39,20.39,20.39,20.39
7972,20.39,20.39,20.39,20.39,20.39,20.39,20.39,20.39,20.39,20.39
7973,20.39,20.39,20.39,20.39,20.39,20.39,20.39,20.39,20.39,20.39
7974,20.39,20.39,20.39,20.39,20.39,20.39,20.39,20.39,20.39,20.39
7975,20.39,20.39,20.39,20.39,20.39,20.39,20.39,20.39,20.39,20.39
7976,20.39,20.39,20.39,20.39,20.39,20.39,20.39,20.39,20.39,20.39
7977,20.39,20.39,20.39,20.39,20.39,20.39,20.39,20.39,20.39,20.39
7978,20.39,20.39,20.39,20.39,20.39,20.39,20.39,20.39,20.39,20.39
7979,20.39,20.39,20.39,20.39,20.39,20.39,20.39,20.39,20.39,20.39
7980,20.39,20.39,20.39,20.39,20.39,20.39,20.39,20.39,20.39,20.39
7981,20.39,20.39,20.39,20.39,20.39,20.39,20.39,20.39,20.39,20.39
7982,20.39,20.39,20.39,20.39,20.39,20.39,20.39,20.39,20.39,20.39
7983,20.39,20.39,20.39,20.39,20.39,20.39,20.39,20.39,20.39,20.39
7984,20.39,20.39,20.39,20.39,20.39,20.39,20.39,20.39,20.39,20.39
7985,20.39,20.39,20.39,20.39,20.39,20.39,20.39,20.39,20.39,20.39
7986,20.39,20.39,20.39,20.39,20.39,20.39,20.39,20.39,20.39,20.39
7987,20.39,20.39,20.39,20.39,20.39,20.39,20.39,20.39,20.39,20.39
7988,20.39,20.39,20.39,20.39,20.39,20.39,20.39,20.39,20.39,20.39
7989,20.39,20.39,20.39,20.39,20.39,20.39,20.39,20.39,20.39,20.39
7990,20.39,20.39,20.39,20.39,20.39,20.39,20.39,20.39,20.39,20.39
7991,20.39,20.39,20.39,20.39,20.39,20.39,20.39,20.39,20.39,20.39
7992,20.39,20.39,20.39,20.39,20.39,20.39,20.39,20.39,20.39,20.39
7993,20.39,20.39,20.39,20.39,20.39,20.39,20.39,20.39,20.39,20.39
7994,20.39,20.39,20.39,20.39,20.39,20.39,20.39,20.39,20.39,20.39
7995,20.39,20.39,20.39,20.39,20.39,20.39,20.39,20.39,20.39,20.39
7996,20.39,20.39,20.39,20.39,20.39,20.39,20.39,20.39,20.39,20.39
7997,20.39,20.39,20.39,20.39,20.39,20.39,20.39,20.39,20.39,20.39
7998,20.39,20.39,20.39,20.39,20.39,20.39,20.39,20.39,20.39,20.39
7999,20.39,20.39,20.39,20.39,20.39,20.39,20.39,20.39,20.39,20.39
8000,20.39,20.39,20.39,20.39,20.39,20.39,20.39,20.39,20.39,20.39
8001,20.39,20.39,20.39,20.39,20.39,20.39,20.39,20.39,20.39,20.39
8002,20.39,20.39,20.39,20.39,20.39,20.39,20.39,20.39,20.39,20.39
8003,20.39,20.39,20.39,20.39,20.39,20.39,20.39,20.39,20.39,20.39
8004,20.39,20.39,20.39,20.39,20.39,20.39,20.39,20.39,20.39,20.39
8005,20.39,20.39,20.39,20.39,20.39,20.39,20.39,20.39,20.39,20.39
8006,20.39,20.39,20.39,20.39,20.39,20.39,20.39,20.39,20.39,20.39
8007,20.39,20.39,20.39,20.39,20.39,20.39,20.39,20.39,20.39,20.39
8008,20.39,20.39,20.39,20.39,20.39,20.39,20.39,20.39,20.39,20.39
8009,20.39,20.39,20.39,20.39,20.39,20.39,20.39,20.39,20.39,20.39
8010,20.39,20.39,20.39,20.39,20.39,20.39,20.39,20.39,20.39,20.39
8011,20.39,20.39,20.39,20.39,20.39,20.39,20.39,20.39,20.39,20.39
8012,20.39,20.39,20.39,20.39,20.39,20.39,20.39,20.39,20.39,20.39
8013,20.39,20.39,20.39,20.39,20.39,20.39,20.39,20.39,20.39,20.39
8014,20.39,20.39,20.39,20.39,20.39,20.39,20.39,20.39,20.39,20.39
8015,20.39,20.39,20.39,20.39,20.39,20.39,20.39,20.39,20.39,20.39
8016,20.39,20.39,20.39,20.39,20.39,20.39,20.39,20.39,20.39,20.39
8017,20.39,20.39,20.39,20.39,20.39,20.39,20.39,20.39,20.39,20.39
8018,20.39,20.39,20.39,20.39,20.39,20.39,20.39,20.39,20.39,20.39
8019,20.39,20.39,20.39,20.39,20.39,20.39,20.39,20.39,20.39,20.39
8020,20.39,20.39,20.39,20.39,20.39,20.39,20.39,20.39,20.39,20.39
8021,20.39,20.39,20.39,20.39,20.39,20.39,20.39,20.39,20.39,20.39
8022,20.39,20.39,20.39,20.39,20.39,20.39,20.39,20.39,20.39,20.39
8023,20.39,20.39,20.39,20.39,20.39,20.39,20.39,20.39,20.39,20.39
8024,20.39,20.39,20.39,20.39,20.39,20.39,20.39,20.39,20.39,20.39
8025,20.39,20.39,20.39,20.39,20.39,20.39,20.39,20.39,20.39,20.39
8026,20.39,20.39,20.39,20.39,20.39,20.39,20.39,20.39,20.39,20.39
8027,20.39,20.39,20.39,20.39,20.39,20.39,20.39,20.39,20.39,20.39
8028,20.39,20.39,20.39,20.39,20.39,20.39,20.39,20.39,20.39,20.39
8029,20.39,20.39,20.39,20.39,20.39,20.39,20.39,20.39,20.39,20.39
8030,20.39,20.39,20.39,20.39,20.39,20.39,20.39,20.39,20.39,20.39
8031,20.39,20.39,20.39,20.39,20.39,20.39,20.39,20.39,20.39,20.39
8032,20.39,20.39,20.39,20.39,20.39,20.39,20.39,20.39,20.39,20.39
8033,20.39,20.39,20.39,20.39,20.39,20.39,20.39,20.39,20.39,20.39
8034,20.39,20.39,20.39,20.39,20.39,20.39,20.39,20.39,20.39,20.39
8035,20.39,20.39,20.39,20.39,20.39,20.39,20.39,20.39,20.39,20.39
8036,20.39,20.39,20.39,20.39,20.39,20.39,20.39,20.39,20.39,20.39
8037,20.39,20.39,20.39,20.39,20.39,20.39,20.39,20.39,20.39,20.39
8038,20.39,20.39,20.39,20.39,20.39,20.39,20.39,20.39,20.39,20.39
8039,20.39,20.39,20.39,20.39,20.39,20.39,20.39,20.39,20.39,20.39
8040,20.39,20.39,20.39,20.39,20.39,20.39,20.39,20.39,20.39,20.39
8041,20.39,20.39,20.39,20.39,20.39,20.39,20.39,20.39,20.39,20.39
8042,20.39,20.39,20.39,20.39,20.39,20.39,20.39,20.39,20.39,20.39
8043,20.39,20.39,20.39,20.39,20.39,20.39,20.39,20.39,20.39,20.39
8044,20.39,20.39,20.39,20.39,20.39,20.39,20.39,20.39,20.39,20.39
8045,20.39,20.39,20.39,20.39,20.39,20.39,20.39,20.39,20.39,20.39
8046,20.39,20.39,20.39,20.39,20.39,20.39,20.39,20.39,20.39,20.39
8047,20.39,20.39,20.39,20.39,20.39,20.39,20.39,20.39,20.39,20.39
8048,20.39,20.39,20.39,20.39,20.39,20.39,20.39,20.39,20.39,20.39
8049,20.39,20.39,20.39,20.39,20.39,20.39,20.39,20.39,20.39,20.39
8050,20.39,20.39,20.39,20.39,20.39,20.39,20.39,20.39,20.39,20.39
8051,20.39,20.39,20.39,20.39,20.39,20.39,20.39,20.39,20.39,20.39
8052,20.39,20.39,20.39,20.39,20.39,20.39,20.39,20.39,20.39,20.39
8053,20.39,20.39,20.39,20.39,20.39,20.39,20.39,20.39,20.39,20.39
8054,20.39,20.39,20.39,20.39,20.39,20.39,20.39,20.39,20.39,20.39
8055,20.39,20.39,20.39,20.39,20.39,20.39,20.39,20.39,20.39,20.39
8056,20.39,20.39,20.39,20.39,20.39,20.39,20.39,20.39,20.39,20.39
8057,20.39,20.39,20.39,20.39,20.39,20.39,20.39,20.39,20.39,20.39
8058,20.39,20.39,20.39,20.39,20.39,20.39,20.39,20.39,20.39,20.39
8059,20.39,20.39,20.39,20.39,20.39,20.39,20.39,20.39,20.39,20.39
8060,20.39,20.39,20.39,20.39,20.39,20.39,20.39,20.39,20.39,20.39
8061,20.39,20.39,20.39,20.39,20.39,20.39,20.39,20.39,20.39,20.39
8062,20.39,20.39,20.39,20.39,20.39,20.39,20.39,20.39,20.39,20.39
8063,20.39,20.39,20.39,20.39,20.39,20.39,20.39,20.39,20.39,20.39
8064,20.39,20.39,20.39,20.39,20.39,20.39,20.39,20.39,20.39,20.39
8065,20.39,20.39,20.39,20.39,20.39,20.39,20.39,20.39,20.39,20.39
8066,20.39,20.39,20.39,20.39,20.39,20.39,20.39,20.39,20.39,20.39
8067,20.39,20.39,20.39,20.39,20.39,20.39,20.39,20.39,20.39,20.39
8068,20.39,20.39,20.39,20.39,20.39,20.39,20.39,20.39,20.39,20.39
8069,20.39,20.39,20.39,20.39,20.39,20.39,20.39,20.39,20.39,20.39
8070,20.39,20.39,20.39,20.39,20.39,20.39,20.39,20.39,20.39,20.39
8071,20.39,20.39,20.39,20.39,20.39,20.39,20.39,20.39,20.39,20.39
8072,20.39,20.39,20.39,20.39,20.39,20.39,20.39,20.39,20.39,20.39
8073,20.39,20.39,20.39,20.39,20.39,20.39,20.39,20.39,20.39,20.39
8074,20.39,20.39,20.39,20.39,20.39,20.39,20.39,20.39,20.39,20.39
8075,20.39,20.39,20.39,20.39,20.39,20.39,20.39,20.39,20.39,20.39
8076,20.39,20.39,20.39,20.39,20.39,20.39,20.39,20.39,20.39,20.39
8077,20.39,20.39,20.39,20.39,20.39,20.39,20.39,20.39,20.39,20.39
8078,20.39,20.39,20.39,20.39,20.39,20.39,20.39,20.39,20.39,20.39
8079,20.39,20.39,20.39,20.39,20.39,20.39,20.39,20.39,20.39,20.39
8080,20.39,20.39,20.39,20.39,20.39,20.39,20.39,20.39,20.39,20.39
8081,20.39,20.39,20.39,20.39,20.39,20.39,20.39,20.39,20.39,20.39
8082,20.39,20.39,20.39,20.39,20.39,20.39,20.39,20.39,20.39,20.39
8083,20.39,20.39,20.39,20.39,20.39,20.39,20.39,20.39,20.39,20.39
8084,20.39,20.39,20.39,20.39,20.39,20.39,20.39,20.39,20.39,20.39
8085,20.39,20.39,20.39,20.39,20.39,20.39,20.39,20.39,20.39,20.39
8086,20.39,20.39,20.39,20.39,20.39,20.39,20.39,20.39,20.39,20.39
8087,20.39,20.39,20.39,20.39,20.39,20.39,20.39,20.39,20.39,20.39
8088,20.39,20.39,20.39,20.39,20.39,20.39,20.39,20.39,20.39,20.39
8089,20.39,20.39,20.39,20.39,20.39,20.39,20.39,20.39,20.39,20.39
8090,20.39,20.39,20.39,20.39,20.39,20.39,20.39,20.39,20.39,20.39
8091,20.39,20.39,20.39,20.39,20.39,20.39,20.39,20.39,20.39,20.39
8092,20.39,20.39,20.39,20.39,20.39,20.39,20.39,20.39,20.39,20.39
8093,20.39,20.39,20.39,20.39,20.39,20.39,20.39,20.39,20.39,20.39
8094,20.39,20.39,20.39,20.39,20.39,20.39,20.39,20.39,20.39,20.39
8095,20.39,20.39,20.39,20.39,20.39,20.39,20.39,20.39,20.39,20.39
8096,20.39,20.39,20.39,20.39,20.39,20.39,20.39,20.39,20.39,20.39
8097,20.39,20.39,20.39,20.39,20.39,20.39,20.39,20.39,20.39,20.39
8098,20.39,20.39,20.39,20.39,20.39,20.39,20.39,20.39,20.39,20.39
8099,20.39,20.39,20.39,20.39,20.39,20.39,20.39,20.39,20.39,20.39
8100,20.39,20.39,20.39,20.39,20.39,20.39,20.39,20.39,20.39,20.39
8101,20.39,20.39,20.39,20.39,20.39,20.39,20.39,20.39,20.39,20.39
8102,20.39,20.39,20.39,20.39,20.39,20.39,20.39,20.39,20.39,20.39
8103,20.39,20.39,20.39,20.39,20.39,20.39,20.39,20.39,20.39,20.39
8104,20.39,20.39,20.39,20.39,20.39,20.39,20.39,20.39,20.39,20.39
8105,20.39,20.39,20.39,20.39,20.39,20.39,20.39,20.39,20.39,20.39
8106,20.39,20.39,20.39,20.39,20.39,20.39,20.39,20.39,20.39,20.39
8107,20.39,20.39,20.39,20.39,20.39,20.39,20.39,20.39,20.39,20.39
8108,20.39,20.39,20.39,20.39,20.39,20.39,20.39,20.39,20.39,20.39
8109,20.39,20.39,20.39,20.39,20.39,20.39,20.39,20.39,20.39,20.39
8110,20.39,20.39,20.39,20.39,20.39,20.39,20.39,20.39,20.39,20.39
8111,20.39,20.39,20.39,20.39,20.39,20.39,20.39,20.39,20.39,20.39
8112,20.39,20.39,20.39,20.39,20.39,20.39,20.39,20.39,20.39,20.39
8113,20.39,20.39,20.39,20.39,20.39,20.39,20.39,20.39,20.39,20.39
8114,20.39,20.39,20.39,20.39,20.39,20.39,20.39,20.39,20.39,20.39
8115,20.39,20.39,20.39,20.39,20.39,20.39,20.39,20.39,20.39,20.39
8116,20.39,20.39,20.39,20.39,20.39,20.39,20.39,20.39,20.39,20.39
8117,20.39,20.39,20.39,20.39,20.39,20.39,20.39,20.39,20.39,20.39
8118,20.39,20.39,20.39,20.39,20.39,20.39,20.39,20.39,20.39,20.39
8119,20.39,20.39,20.39,20.39,20.39,20.39,20.39,20.39,20.39,20.39
8120,20.39,20.39,20.39,20.39,20.39,20.39,20.39,20.39,20.39,20.39
8121,20.39,20.39,20.39,20.39,20.39,20.39,20.39,20.39,20.39,20.39
8122,20.39,20.39,20.39,20.39,20.39,20.39,20.39,20.39,20.39,20.39
8123,20.39,20.39,20.39,20.39,20.39,20.39,20.39,20.39,20.39,20.39
8124,20.39,20.39,20.39,20.39,20.39,20.39,20.39,20.39,20.39,20.39
8125,20.39,20.39,20.39,20.39,20.39,20.39,20.39,20.39,20.39,20.39
8126,20.39,20.39,20.39,20.39,20.39,20.39,20.39,20.39,20.39,20.39
8127,20.39,20.39,20.39,20.39,20.39,20.39,20.39,20.39,20.39,20.39
8128,20.39,20.39,20.39,20.39,20.39,20.39,20.39,20.39,20.39,20.39
8129,20.39,20.39,20.39,20.39,20.39,20.39,20.39,20.39,20.39,20.39
8130,20.39,20.39,20.39,20.39,20.39,20.39,20.39,20.39,20.39,20.39
8131,20.39,20.39,20.39,20.39,20.39,20.39,20.39,20.39,20.39,20.39
8132,20.39,20.39,20.39,20.39,20.39,20.39,20.39,20.39,20.39,20.39
8133,20.39,20.39,20.39,20.39,20.39,20.39,20.39,20.39,20.39,20.39
8134,20.39,20.39,20.39,20.39,20.39,20.39,20.39,20.39,20.39,20.39
8135,20.39,20.39,20.39,20.39,20.39,20.39,20.39,20.39,20.39,20.39
8136,20.39,20.39,20.39,20.39,20.39,20.39,20.39,20.39,20.39,20.39
8137,20.39,20.39,20.39,20.39,20.39,20.39,20.39,20.39,20.39,20.39
8138,20.39,20.39,20.39,20.39,20.39,20.39,20.39,20.39,20.39,20.39
8139,20.39,20.39,20.39,20.39,20.39,20.39,20.39,20.39,20.39,20.39
8140,20.39,20.39,20.39,20.39,20.39,20.39,20.39,20.39,20.39,20.39
8141,20.39,20.39,20.39,20.39,20.39,20.39,20.39,20.39,20.39,20.39
8142,20.39,20.39,20.39,20.39,20.39,20.39,20.39,20.39,20.39,20.39
8143,20.39,20.39,20.39,20.39,20.39,20.39,20.39,20.39,20.39,20.39
8144,20.39,20.39,20.39,20.39,20.39,20.39,20.39,20.39,20.39,20.39
8145,20.39,20.39,20.39,20.39,20.39,20.39,20.39,20.39,20.39,20.39
8146,20.39,20.39,20.39,20.39,20.39,20.39,20.39,20.39,20.39,20.39
8147,20.39,20.39,20.39,20.39,20.39,20.39,20.39,20.39,20.39,20.39
8148,20.39,20.39,20.39,20.39,20.39,20.39,20.39,20.39,20.39,20.39
8149,20.39,20.39,20.39,20.39,20.39,20.39,20.39,20.39,20.39,20.39
8150,20.39,20.39,20.39,20.39,20.39,20.39,20.39,20.39,20.39,20.39
8151,20.39,20.39,20.39,20.39,20.39,20.39,20.39,20.39,20.39,20.39
8152,20.39,20.39,20.39,20.39,20.39,20.39,20.39,20.39,20.39,20.39
8153,20.39,20.39,20.39,20.39,20.39,20.39,20.39,20.39,20.39,20.39
8154,20.39,20.39,20.39,20.39,20.39,20.39,20.39,20.39,20.39,20.39
8155,20.39,20.39,20.39,20.39,20.39,20.39,20.39,20.39,20.39,20.39
8156,20.39,20.39,20.39,20.39,20.39,20.39,20.39,20.39,20.39,20.39
8157,20.39,20.39,20.39,20.39,20.39,20.39,20.39,20.39,20.39,20.39
8158,20.39,20.39,20.39,20.39,20.39,20.39,20.39,20.39,20.39,20.39
8159,20.39,20.39,20.39,20.39,20.39,20.39,20.39,20.39,20.39,20.39
8160,20.39,20.39,20.39,20.39,20.39,20.39,20.39,20.39,20.39,20.39
8161,20.39,20.39,20.39,20.39,20.39,20.39,20.39,20.39,20.39,20.39
8162,20.39,20.39,20.39,20.39,20.39,20.39,20.39,20.39,20.39,20.39
8163,20.39,20.39,20.39,20.39,20.39,20.39,20.39,20.39,20.39,20.39
8164,20.39,20.39,20.39,20.39,20.39,20.39,20.39,20.39,20.39,20.39
8165,20.39,20.39,20.39,20.39,20.39,20.39,20.39,20.39,20.39,20.39
8166,20.39,20.39,20.39,20.39,20.39,20.39,20.39,20.39,20.39,20.39
8167,20.39,20.39,20.39,20.39,20.39,20.39,20.39,20.39,20.39,20.39
8168,20.39,20.39,20.39,20.39,20.39,20.39,20.39,20.39,20.39,20.39
8169,20.39,20.39,20.39,20.39,20.39,20.39,20.39,20.39,20.39,20.39
8170,20.39,20.39,20.39,20.39,20.39,20.39,20.39,20.39,20.39,20.39
8171,20.39,20.39,20.39,20.39,20.39,20.39,20.39,20.39,20.39,20.39
8172,20.39,20.39,20.39,20.39,20.39,20.39,20.39,20.39,20.39,20.39
8173,20.39,20.39,20.39,20.39,20.39,20.39,20.39,20.39,20.39,20.39
8174,20.39,20.39,20.39,20.39,20.39,20.39,20.39,20.39,20.39,20.39
8175,20.39,20.39,20.39,20.39,20.39,20.39,20.39,20.39,20.39,20.39
8176,20.39,20.39,20.39,20.39,20.39,20.39,20.39,20.39,20.39,20.39
8177,20.39,20.39,20.39,20.39,20.39,20.39,20.39,20.39,20.39,20.39
8178,20.39,20.39,20.39,20.39,20.39,20.39,20.39,20.39,20.39,20.39
8179,20.39,20.39,20.39,20.39,20.39,20.39,20.39,20.39,20.39,20.39
8180,20.39,20.39,20.39,20.39,20.39,20.39,20.39,20.39,20.39,20.39
8181,20.39,20.39,20.39,20.39,20.39,20.39,20.39,20.39,20.39,20.39
8182,20.39,20.39,20.39,20.39,20.39,20.39,20.39,20.39,20.39,20.39
8183,20.39,20.39,20.39,20.39,20.39,20.39,20.39,20.39,20.39,20.39
8184,20.39,20.39,20.39,20.39,20.39,20.39,20.39,20.39,20.39,20.39
8185,20.39,20.39,20.39,20.39,20.39,20.39,20.39,20.39,20.39,20.39
8186,20.39,20.39,20.39,20.39,20.39,20.39,20.39,20.39,20.39,20.39
8187,20.39,20.39,20.39,20.39,20.39,20.39,20.39,20.39,20.39,20.39
8188,20.39,20.39,20.39,20.39,20.39,20.39,20.39,20.39,20.39,20.39
8189,20.39,20.39,20.39,20.39,20.39,20.39,20.39,20.39,20.39,20.39
8190,20.39,20.39,20.39,20.39,20.39,20.39,20.39,20.39,20.39,20.39
8191,20.39,20.39,20.39,20.39,20.39,20.39,20.39,20.39,20.39,20.39
8192,20.39,20.39,20.39,20.39,20.39,20.39,20.39,20.39,20.39,20.39
8193,20.39,20.39,20.39,20.39,20.39,20.39,20.39,20.39,20.39,20.39
8194,20.39,20.39,20.39,20.39,20.39,20.39,20.39,20.39,20.39,20.39
8195,20.39,20.39,20.39,20.39,20.39,20.39,20.39,20.39,20.39,20.39
8196,20.39,20.39,20.39,20.39,20.39,20.39,20.39,20.39,20.39,20.39
8197,20.39,20.39,20.39,20.39,20.39,20.39,20.39,20.39,20.39,20.39
8198,20.39,20.39,20.39,20.39,20.39,20.39,20.39,20.39,20.39,20.39
8199,20.39,20.39,20.39,20.39,20.39,20.39,20.39,20.39,20.39,20.39
8200,20.39,20.39,20.39,20.39,20.39,20.39,20.39,20.39,20.39,20.39
8201,20.39,20.39,20.39,20.39,20.39,20.39,20.39,20.39,20.39,20.39
8202,20.39,20.39,20.39,20.39,20.39,20.39,20.39,20.39,20.39,20.39
8203,20.39,20.39,20.39,20.39,20.39,20.39,20.39,20.39,20.39,20.39
8204,20.39,20.39,20.39,20.39,20.39,20.39,20.39,20.39,20.39,20.39
8205,20.39,20.39,20.39,20.39,20.39,20.39,20.39,20.39,20.39,20.39
8206,20.39,20.39,20.39,20.39,20.39,20.39,20.39,20.39,20.39,20.39
8207,20.39,20.39,20.39,20.39,20.39,20.39,20.39,20.39,20.39,20.39
8208,20.39,20.39,20.39,20.39,20.39,20.39,20.39,20.39,20.39,20.39
8209,20.39,20.39,20.39,20.39,20.39,20.39,20.39,20.39,20.39,20.39
8210,20.39,20.39,20.39,20.39,20.39,20.39,20.39,20.39,20.39,20.39
8211,20.39,20.39,20.39,20.39,20.39,20.39,20.39,20.39,20.39,20.39
8212,20.39,20.39,20.39,20.39,20.39,20.39,20.39,20.39,20.39,20.39
8213,20.39,20.39,20.39,20.39,20.39,20.39,20.39,20.39,20.39,20.39
8214,20.39,20.39,20.39,20.39,20.39,20.39,20.39,20.39,20.39,20.39
8215,20.39,20.39,20.39,20.39,20.39,20.39,20.39,20.39,20.39,20.39
8216,20.39,20.39,20.39,20.39,20.39,20.39,20.39,20.39,20.39,20.39
8217,20.39,20.39,20.39,20.39,20.39,20.39,20.39,20.39,20.39,20.39
8218,20.39,20.39,20.39,20.39,20.39,20.39,20.39,20.39,20.39,20.39
8219,20.39,20.39,20.39,20.39,20.39,20.39,20.39,20.39,20.39,20.39
8220,20.39,20.39,20.39,20.39,20.39,20.39,20.39,20.39,20.39,20.39
8221,20.39,20.39,20.39,20.39,20.39,20.39,20.39,20.39,20.39,20.39
8222,20.39,20.39,20.39,20.39,20.39,20.39,20.39,20.39,20.39,20.39
8223,20.39,20.39,20.39,20.39,20.39,20.39,20.39,20.39,20.39,20.39
8224,20.39,20.39,20.39,20.39,20.39,20.39,20.39,20.39,20.39,20.39
8225,20.39,20.39,20.39,20.39,20.39,20.39,20.39,20.39,20.39,20.39
8226,20.39,20.39,20.39,20.39,20.39,20.39,20.39,20.39,20.39,20.39
8227,20.39,20.39,20.39,20.39,20.39,20.39,20.39,20.39,20.39,20.39
8228,20.39,20.39,20.39,20.39,20.39,20.39,20.39,20.39,20.39,20.39
8229,20.39,20.39,20.39,20.39,20.39,20.39,20.39,20.39,20.39,20.39
8230,20.39,20.39,20.39,20.39,20.39,20.39,20.39,20.39,20.39,20.39
8231,20.39,20.39,20.39,20.39,20.39,20.39,20.39,20.39,20.39,20.39
8232,20.39,20.39,20.39,20.39,20.39,20.39,20.39,20.39,20.39,20.39
8233,20.39,20.39,20.39,20.39,20.39,20.39,20.39,20.39,20.39,20.39
8234,20.39,20.39,20.39,20.39,20.39,20.39,20.39,20.39,20.39,20.39
8235,20.39,20.39,20.39,20.39,20.39,20.39,20.39,20.39,20.39,20.39
8236,20.39,20.39,20.39,20.39,20.39,20.39,20.39,20.39,20.39,20.39
8237,20.39,20.39,20.39,20.39,20.39,20.39,20.39,20.39,20.39,20.39
8238,20.39,20.39,20.39,20.39,20.39,20.39,20.39,20.39,20.39,20.39
8239,20.39,20.39,20.39,20.39,20.39,20.39,20.39,20.39,20.39,20.39
8240,20.39,20.39,20.39,20.39,20.39,20.39,20.39,20.39,20.39,20.39
8241,20.39,20.39,20.39,20.39,20.39,20.39,20.39,20.39,20.39,20.39
8242,20.39,20.39,20.39,20.39,20.39,20.39,20.39,20.39,20.39,20.39
8243,20.39,20.39,20.39,20.39,20.39,20.39,20.39,20.39,20.39,20.39
8244,20.39,20.39,20.39,20.39,20.39,20.39,20.39,20.39,20.39,20.39
8245,20.39,20.39,20.39,20.39,20.39,20.39,20.39,20.39,20.39,20.39
8246,20.39,20.39,20.39,20.39,20.39,20.39,20.39,20.39,20.39,20.39
8247,20.39,20.39,20.39,20.39,20.39,20.39,20.39,20.39,20.39,20.39
8248,20.39,20.39,20.39,20.39,20.39,20.39,20.39,20.39,20.39,20.39
8249,20.39,20.39,20.39,20.39,20.39,20.39,20.39,20.39,20.39,20.39
8250,20.39,20.39,20.39,20.39,20.39,20.39,20.39,20.39,20.39,20.39
8251,20.39,20.39,20.39,20.39,20.39,20.39,20.39,20.39,20.39,20.39
8252,20.39,20.39,20.39,20.39,20.39,20.39,20.39,20.39,20.39,20.39
8253,20.39,20.39,20.39,20.39,20.39,20.39,20.39,20.39,20.39,20.39
8254,20.39,20.39,20.39,20.39,20.39,20.39,20.39,20.39,20.39,20.39
8255,20.39,20.39,20.39,20.39,20.39,20.39,20.39,20.39,20.39,20.39
8256,20.39,20.39,20.39,20.39,20.39,20.39,20.39,20.39,20.39,20.39
8257,20.39,20.39,20.39,20.39,20.39,20.39,20.39,20.39,20.39,20.39
8258,20.39,20.39,20.39,20.39,20.39,20.39,20.39,20.39,20.39,20.39
8259,20.39,20.39,20.39,20.39,20.39,20.39,20.39,20.39,20.39,20.39
8260,20.39,20.39,20.39,20.39,20.39,20.39,20.39,20.39,20.39,20.39
8261,20.39,20.39,20.39,20.39,20.39,20.39,20.39,20.39,20.39,20.39
8262,20.39,20.39,20.39,20.39,20.39,20.39,20.39,20.39,20.39,20.39
8263,20.39,20.39,20.39,20.39,20.39,20.39,20.39,20.39,20.39,20.39
8264,20.39,20.39,20.39,20.39,20.39,20.39,20.39,20.39,20.39,20.39
8265,20.39,20.39,20.39,20.39,20.39,20.39,20.39,20.39,20.39,20.39
8266,20.39,20.39,20.39,20.39,20.39,20.39,20.39,20.39,20.39,20.39
8267,20.39,20.39,20.39,20.39,20.39,20.39,20.39,20.39,20.39,20.39
8268,20.39,20.39,20.39,20.39,20.39,20.39,20.39,20.39,20.39,20.39
8269,20.39,20.39,20.39,20.39,20.39,20.39,20.39,20.39,20.39,20.39
8270,20.39,20.39,20.39,20.39,20.39,20.39,20.39,20.39,20.39,20.39
8271,20.39,20.39,20.39,20.39,20.39,20.39,20.39,20.39,20.39,20.39
8272,20.39,20.39,20.39,20.39,20.39,20.39,20.39,20.39,20.39,20.39
8273,20.39,20.39,20.39,20.39,20.39,20.39,20.39,20.39,20.39,20.39
8274,20.39,20.39,20.39,20.39,20.39,20.39,20.39,20.39,20.39,20.39
8275,20.39,20.39,20.39,20.39,20.39,20.39,20.39,20.39,20.39,20.39
8276,20.39,20.39,20.39,20.39,20.39,20.39,20.39,20.39,20.39,20.39
8277,20.39,20.39,20.39,20.39,20.39,20.39,20.39,20.39,20.39,20.39
8278,20.39,20.39,20.39,20.39,20.39,20.39,20.39,20.39,20.39,20.39
8279,20.39,20.39,20.39,20.39,20.39,20.39,20.39,20.39,20.39,20.39
8280,20.39,20.39,20.39,20.39,20.39,20.39,20.39,20.39,20.39,20.39
8281,20.39,20.39,20.39,20.39,20.39,20.39,20.39,20.39,20.39,20.39
8282,20.39,20.39,20.39,20.39,20.39,20.39,20.39,20.39,20.39,20.39
8283,20.39,20.39,20.39,20.39,20.39,20.39,20.39,20.39,20.39,20.39
8284,20.39,20.39,20.39,20.39,20.39,20.39,20.39,20.39,20.39,20.39
8285,20.39,20.39,20.39,20.39,20.39,20.39,20.39,20.39,20.39,20.39
8286,20.39,20.39,20.39,20.39,20.39,20.39,20.39,20.39,20.39,20.39
8287,20.39,20.39,20.39,20.39,20.39,20.39,20.39,20.39,20.39,20.39
8288,20.39,20.39,20.39,20.39,20.39,20.39,20.39,20.39,20.39,20.39
8289,20.39,20.39,20.39,20.39,20.39,20.39,20.39,20.39,20.39,20.39
8290,20.39,20.39,20.39,20.39,20.39,20.39,20.39,20.39,20.39,20.39
8291,20.39,20.39,20.39,20.39,20.39,20.39,20.39,20.39,20.39,20.39
8292,20.39,20.39,20.39,20.39,20.39,20.39,20.39,20.39,20.39,20.39
8293,20.39,20.39,20.39,20.39,20.39,20.39,20.39,20.39,20.39,20.39
8294,20.39,20.39,20.39,20.39,20.39,20.39,20.39,20.39,20.39,20.39
8295,20.39,20.39,20.39,20.39,20.39,20.39,20.39,20.39,20.39,20.39
8296,20.39,20.39,20.39,20.39,20.39,20.39,20.39,20.39,20.39,20.39
8297,20.39,20.39,20.39,20.39,20.39,20.39,20.39,20.39,20.39,20.39
8298,20.39,20.39,20.39,20.39,20.39,20.39,20.39,20.39,20.39,20.39
8299,20.39,20.39,20.39,20.39,20.39,20.39,20.39,20.39,20.39,20.39
8300,20.39,20.39,20.39,20.39,20.39,20.39,20.39,20.39,20.39,20.39
8301,20.39,20.39,20.39,20.39,20.39,20.39,20.39,20.39,20.39,20.39
8302,20.39,20.39,20.39,20.39,20.39,20.39,20.39,20.39,20.39,20.39
8303,20.39,20.39,20.39,20.39,20.39,20.39,20.39,20.39,20.39,20.39
8304,20.39,20.39,20.39,20.39,20.39,20.39,20.39,20.39,20.39,20.39
8305,20.39,20.39,20.39,20.39,20.39,20.39,20.39,20.39,20.39,20.39
8306,20.39,20.39,20.39,20.39,20.39,20.39,20.39,20.39,20.39,20.39
8307,20.39,20.39,20.39,20.39,20.39,20.39,20.39,20.39,20.39,20.39
8308,20.39,20.39,20.39,20.39,20.39,20.39,20.39,20.39,20.39,20.39
8309,20.39,20.39,20.39,20.39,20.39,20.39,20.39,20.39,20.39,20.39
8310,20.39,20.39,20.39,20.39,20.39,20.39,20.39,20.39,20.39,20.39
8311,20.39,20.39,20.39,20.39,20.39,20.39,20.39,20.39,20.39,20.39
8312,20.39,20.39,20.39,20.39,20.39,20.39,20.39,20.39,20.39,20.39
8313,20.39,20.39,20.39,20.39,20.39,20.39,20.39,20.39,20.39,20.39
8314,20.39,20.39,20.39,20.39,20.39,20.39,20.39,20.39,20.39,20.39
8315,20.39,20.39,20.39,20.39,20.39,20.39,20.39,20.39,20.39,20.39
8316,20.39,20.39,20.39,20.39,20.39,20.39,20.39,20.39,20.39,20.39
8317,20.39,20.39,20.39,20.39,20.39,20.39,20.39,20.39,20.39,20.39
8318,20.39,20.39,20.39,20.39,20.39,20.39,20.39,20.39,20.39,20.39
8319,20.39,20.39,20.39,20.39,20.39,20.39,20.39,20.39,20.39,20.39
8320,20.39,20.39,20.39,20.39,20.39,20.39,20.39,20.39,20.39,20.39
8321,20.39,20.39,20.39,20.39,20.39,20.39,20.39,20.39,20.39,20.39
8322,20.39,20.39,20.39,20.39,20.39,20.39,20.39,20.39,20.39,20.39
8323,20.39,20.39,20.39,20.39,20.39,20.39,20.39,20.39,20.39,20.39
8324,20.39,20.39,20.39,20.39,20.39,20.39,20.39,20.39,20.39,20.39
8325,20.39,20.39,20.39,20.39,20.39,20.39,20.39,20.39,20.39,20.39
8326,20.39,20.39,20.39,20.39,20.39,20.39,20.39,20.39,20.39,20.39
8327,20.39,20.39,20.39,20.39,20.39,20.39,20.39,20.39,20.39,20.39
8328,20.39,20.39,20.39,20.39,20.39,20.39,20.39,20.39,20.39,20.39
8329,20.39,20.39,20.39,20.39,20.39,20.39,20.39,20.39,20.39,20.39
8330,20.39,20.39,20.39,20.39,20.39,20.39,20.39,20.39,20.39,20.39
8331,20.39,20.39,20.39,20.39,20.39,20.39,20.39,20.39,20.39,20.39
8332,20.39,20.39,20.39,20.39,20.39,20.39,20.39,20.39,20.39,20.39
8333,20.39,20.39,20.39,20.39,20.39,20.39,20.39,20.39,20.39,20.39
8334,20.39,20.39,20.39,20.39,20.39,20.39,20.39,20.39,20.39,20.39
8335,20.39,20.39,20.39,20.39,20.39,20.39,20.39,20.39,20.39,20.39
8336,20.39,20.39,20.39,20.39,20.39,20.39,20.39,20.39,20.39,20.39
8337,20.39,20.39,20.39,20.39,20.39,20.39,20.39,20.39,20.39,20.39
8338,20.39,20.39,20.39,20.39,20.39,20.39,20.39,20.39,20.39,20.39
8339,20.39,20.39,20.39,20.39,20.39,20.39,20.39,20.39,20.39,20.39
8340,20.39,20.39,20.39,20.39,20.39,20.39,20.39,20.39,20.39,20.39
8341,20.39,20.39,20.39,20.39,20.39,20.39,20.39,20.39,20.39,20.39
8342,20.39,20.39,20.39,20.39,20.39,20.39,20.39,20.39,20.39,20.39
8343,20.39,20.39,20.39,20.39,20.39,20.39,20.39,20.39,20.39,20.39
8344,20.39,20.39,20.39,20.39,20.39,20.39,20.39,20.39,20.39,20.39
8345,20.39,20.39,20.39,20.39,20.39,20.39,20.39,20.39,20.39,20.39
8346,20.39,20.39,20.39,20.39,20.39,20.39,20.39,20.39,20.39,20.39
8347,20.39,20.39,20.39,20.39,20.39,20.39,20.39,20.39,20.39,20.39
8348,20.39,20.39,20.39,20.39,20.39,20.39,20.39,20.39,20.39,20.39
8349,20.39,20.39,20.39,20.39,20.39,20.39,20.39,20.39,20.39,20.39
8350,20.39,20.39,20.39,20.39,20.39,20.39,20.39,20.39,20.39,20.39
8351,20.39,20.39,20.39,20.39,20.39,20.39,20.39,20.39,20.39,20.39
8352,20.39,20.39,20.39,20.39,20.39,20.39,20.39,20.39,20.39,20.39
8353,20.39,20.39,20.39,20.39,20.39,20.39,20.39,20.39,20.39,20.39
8354,20.39,20.39,20.39,20.39,20.39,20.39,20.39,20.39,20.39,20.39
8355,20.39,20.39,20.39,20.39,20.39,20.39,20.39,20.39,20.39,20.39
8356,20.39,20.39,20.39,20.39,20.39,20.39,20.39,20.39,20.39,20.39
8357,20.39,20.39,20.39,20.39,20.39,20.39,20.39,20.39,20.39,20.39
8358,20.39,20.39,20.39,20.39,20.39,20.39,20.39,20.39,20.39,20.39
8359,20.39,20.39,20.39,20.39,20.39,20.39,20.39,20.39,20.39,20.39
8360,20.39,20.39,20.39,20.39,20.39,20.39,20.39,20.39,20.39,20.39
8361,20.39,20.39,20.39,20.39,20.39,20.39,20.39,20.39,20.39,20.39
8362,20.39,20.39,20.39,20.39,20.39,20.39,20.39,20.39,20.39,20.39
8363,20.39,20.39,20.39,20.39,20.39,20.39,20.39,20.39,20.39,20.39
8364,20.39,20.39,20.39,20.39,20.39,20.39,20.39,20.39,20.39,20.39
8365,20.39,20.39,20.39,20.39,20.39,20.39,20.39,20.39,20.39,20.39
8366,20.39,20.39,20.39,20.39,20.39,20.39,20.39,20.39,20.39,20.39
8367,20.39,20.39,20.39,20.39,20.39,20.39,20.39,20.39,20.39,20.39
8368,20.39,20.39,20.39,20.39,20.39,20.39,20.39,20.39,20.39,20.39
8369,20.39,20.39,20.39,20.39,20.39,20.39,20.39,20.39,20.39,20.39
8370,20.39,20.39,20.39,20.39,20.39,20.39,20.39,20.39,20.39,20.39
8371,20.39,20.39,20.39,20.39,20.39,20.39,20.39,20.39,20.39,20.39
8372,20.39,20.39,20.39,20.39,20.39,20.39,20.39,20.39,20.39,20.39
8373,20.39,20.39,20.39,20.39,20.39,20.39,20.39,20.39,20.39,20.39
8374,20.39,20.39,20.39,20.39,20.39,20.39,20.39,20.39,20.39,20.39
8375,20.39,20.39,20.39,20.39,20.39,20.39,20.39,20.39,20.39,20.39
8376,20.39,20.39,20.39,20.39,20.39,20.39,20.39,20.39,20.39,20.39
8377,20.39,20.39,20.39,20.39,20.39,20.39,20.39,20.39,20.39,20.39
8378,20.39,20.39,20.39,20.39,20.39,20.39,20.39,20.39,20.39,20.39
8379,20.39,20.39,20.39,20.39,20.39,20.39,20.39,20.39,20.39,20.39
8380,20.39,20.39,20.39,20.39,20.39,20.39,20.39,20.39,20.39,20.39
8381,20.39,20.39,20.39,20.39,20.39,20.39,20.39,20.39,20.39,20.39
8382,20.39,20.39,20.39,20.39,20.39,20.39,20.39,20.39,20.39,20.39
8383,20.39,20.39,20.39,20.39,20.39,20.39,20.39,20.39,20.39,20.39
8384,20.39,20.39,20.39,20.39,20.39,20.39,20.39,20.39,20.39,20.39
8385,20.39,20.39,20.39,20.39,20.39,20.39,20.39,20.39,20.39,20.39
8386,20.39,20.39,20.39,20.39,20.39,20.39,20.39,20.39,20.39,20.39
8387,20.39,20.39,20.39,20.39,20.39,20.39,20.39,20.39,20.39,20.39
8388,20.39,20.39,20.39,20.39,20.39,20.39,20.39,20.39,20.39,20.39
8389,20.39,20.39,20.39,20.39,20.39,20.39,20.39,20.39,20.39,20.39
8390,20.39,20.39,20.39,20.39,20.39,20.39,20.39,20.39,20.39,20.39
8391,20.39,20.39,20.39,20.39,20.39,20.39,20.39,20.39,20.39,20.39
8392,20.39,20.39,20.39,20.39,20.39,20.39,20.39,20.39,20.39,20.39
8393,20.39,20.39,20.39,20.39,20.39,20.39,20.39,20.39,20.39,20.39
8394,20.39,20.39,20.39,20.39,20.39,20.39,20.39,20.39,20.39,20.39
8395,20.39,20.39,20.39,20.39,20.39,20.39,20.39,20.39,20.39,20.39
8396,20.39,20.39,20.39,20.39,20.39,20.39,20.39,20.39,20.39,20.39
8397,20.39,20.39,20.39,20.39,20.39,20.39,20.39,20.39,20.39,20.39
8398,20.39,20.39,20.39,20.39,20.39,20.39,20.39,20.39,20.39,20.39
8399,20.39,20.39,20.39,20.39,20.39,20.39,20.39,20.39,20.39,20.39
8400,20.39,20.39,20.39,20.39,20.39,20.39,20.39,20.39,20.39,20.39
8401,20.39,20.39,20.39,20.39,20.39,20.39,20.39,20.39,20.39,20.39
8402,20.39,20.39,20.39,20.39,20.39,20.39,20.39,20.39,20.39,20.39
8403,20.39,20.39,20.39,20.39,20.39,20.39,20.39,20.39,20.39,20.39
8404,20.39,20.39,20.39,20.39,20.39,20.39,20.39,20.39,20.39,20.39
8405,20.39,20.39,20.39,20.39,20.39,20.39,20.39,20.39,20.39,20.39
8406,20.39,20.39,20.39,20.39,20.39,20.39,20.39,20.39,20.39,20.39
8407,20.39,20.39,20.39,20.39,20.39,20.39,20.39,20.39,20.39,20.39
8408,20.39,20.39,20.39,20.39,20.39,20.39,20.39,20.39,20.39,20.39
8409,20.39,20.39,20.39,20.39,20.39,20.39,20.39,20.39,20.39,20.39
8410,20.39,20.39,20.39,20.39,20.39,20.39,20.39,20.39,20.39,20.39
8411,20.39,20.39,20.39,20.39,20.39,20.39,20.39,20.39,20.39,20.39
8412,20.39,20.39,20.39,20.39,20.39,20.39,20.39,20.39,20.39,20.39
8413,20.39,20.39,20.39,20.39,20.39,20.39,20.39,20.39,20.39,20.39
8414,20.39,20.39,20.39,20.39,20.39,20.39,20.39,20.39,20.39,20.39
8415,20.39,20.39,20.39,20.39,20.39,20.39,20.39,20.39,20.39,20.39
8416,20.39,20.39,20.39,20.39,20.39,20.39,20.39,20.39,20.39,20.39
8417,20.39,20.39,20.39,20.39,20.39,20.39,20.39,20.39,20.39,20.39
8418,20.39,20.39,20.39,20.39,20.39,20.39,20.39,20.39,20.39,20.39
8419,20.39,20.39,20.39,20.39,20.39,20.39,20.39,20.39,20.39,20.39
8420,20.39,20.39,20.39,20.39,20.39,20.39,20.39,20.39,20.39,20.39
8421,20.39,20.39,20.39,20.39,20.39,20.39,20.39,20.39,20.39,20.39
8422,20.39,20.39,20.39,20.39,20.39,20.39,20.39,20.39,20.39,20.39
8423,20.39,20.39,20.39,20.39,20.39,20.39,20.39,20.39,20.39,20.39
8424,20.39,20.39,20.39,20.39,20.39,20.39,20.39,20.39,20.39,20.39
8425,20.39,20.39,20.39,20.39,20.39,20.39,20.39,20.39,20.39,20.39
8426,20.39,20.39,20.39,20.39,20.39,20.39,20.39,20.39,20.39,20.39
8427,20.39,20.39,20.39,20.39,20.39,20.39,20.39,20.39,20.39,20.39
8428,20.39,20.39,20.39,20.39,20.39,20.39,20.39,20.39,20.39,20.39
8429,20.39,20.39,20.39,20.39,20.39,20.39,20.39,20.39,20.39,20.39
8430,20.39,20.39,20.39,20.39,20.39,20.39,20.39,20.39,20.39,20.39
8431,20.39,20.39,20.39,20.39,20.39,20.39,20.39,20.39,20.39,20.39
8432,20.39,20.39,20.39,20.39,20.39,20.39,20.39,20.39,20.39,20.39
8433,20.39,20.39,20.39,20.39,20.39,20.39,20.39,20.39,20.39,20.39
8434,20.39,20.39,20.39,20.39,20.39,20.39,20.39,20.39,20.39,20.39
8435,20.39,20.39,20.39,20.39,20.39,20.39,20.39,20.39,20.39,20.39
8436,20.39,20.39,20.39,20.39,20.39,20.39,20.39,20.39,20.39,20.39
8437,20.39,20.39,20.39,20.39,20.39,20.39,20.39,20.39,20.39,20.39
8438,20.39,20.39,20.39,20.39,20.39,20.39,20.39,20.39,20.39,20.39
8439,20.39,20.39,20.39,20.39,20.39,20.39,20.39,20.39,20.39,20.39
8440,20.39,20.39,20.39,20.39,20.39,20.39,20.39,20.39,20.39,20.39
8441,20.39,20.39,20.39,20.39,20.39,20.39,20.39,20.39,20.39,20.39
8442,20.39,20.39,20.39,20.39,20.39,20.39,20.39,20.39,20.39,20.39
8443,20.39,20.39,20.39,20.39,20.39,20.39,20.39,20.39,20.39,20.39
8444,20.39,20.39,20.39,20.39,20.39,20.39,20.39,20.39,20.39,20.39
8445,20.39,20.39,20.39,20.39,20.39,20.39,20.39,20.39,20.39,20.39
8446,20.39,20.39,20.39,20.39,20.39,20.39,20.39,20.39,20.39,20.39
8447,20.39,20.39,20.39,20.39,20.39,20.39,20.39,20.39,20.39,20.39
8448,20.39,20.39,20.39,20.39,20.39,20.39,20.39,20.39,20.39,20.39
8449,20.39,20.39,20.39,20.39,20.39,20.39,20.39,20.39,20.39,20.39
8450,20.39,20.39,20.39,20.39,20.39,20.39,20.39,20.39,20.39,20.39
8451,20.39,20.39,20.39,20.39,20.39,20.39,20.39,20.39,20.39,20.39
8452,20.39,20.39,20.39,20.39,20.39,20.39,20.39,20.39,20.39,20.39
8453,20.39,20.39,20.39,20.39,20.39,20.39,20.39,20.39,20.39,20.39
8454,20.39,20.39,20.39,20.39,20.39,20.39,20.39,20.39,20.39,20.39
8455,20.39,20.39,20.39,20.39,20.39,20.39,20.39,20.39,20.39,20.39
8456,20.39,20.39,20.39,20.39,20.39,20.39,20.39,20.39,20.39,20.39
8457,20.39,20.39,20.39,20.39,20.39,20.39,20.39,20.39,20.39,20.39
8458,20.39,20.39,20.39,20.39,20.39,20.39,20.39,20.39,20.39,20.39
8459,20.39,20.39,20.39,20.39,20.39,20.39,20.39,20.39,20.39,20.39
8460,20.39,20.39,20.39,20.39,20.39,20.39,20.39,20.39,20.39,20.39
8461,20.39,20.39,20.39,20.39,20.39,20.39,20.39,20.39,20.39,20.39
8462,20.39,20.39,20.39,20.39,20.39,20.39,20.39,20.39,20.39,20.39
8463,20.39,20.39,20.39,20.39,20.39,20.39,20.39,20.39,20.39,20.39
8464,20.39,20.39,20.39,20.39,20.39,20.39,20.39,20.39,20.39,20.39
8465,20.39,20.39,20.39,20.39,20.39,20.39,20.39,20.39,20.39,20.39
8466,20.39,20.39,20.39,20.39,20.39,20.39,20.39,20.39,20.39,20.39
8467,20.39,20.39,20.39,20.39,20.39,20.39,20.39,20.39,20.39,20.39
8468,20.39,20.39,20.39,20.39,20.39,20.39,20.39,20.39,20.39,20.39
8469,20.39,20.39,20.39,20.39,20.39,20.39,20.39,20.39,20.39,20.39
8470,20.39,20.39,20.39,20.39,20.39,20.39,20.39,20.39,20.39,20.39
8471,20.39,20.39,20.39,20.39,20.39,20.39,20.39,20.39,20.39,20.39
8472,20.39,20.39,20.39,20.39,20.39,20.39,20.39,20.39,20.39,20.39
8473,20.39,20.39,20.39,20.39,20.39,20.39,20.39,20.39,20.39,20.39
8474,20.39,20.39,20.39,20.39,20.39,20.39,20.39,20.39,20.39,20.39
8475,20.39,20.39,20.39,20.39,20.39,20.39,20.39,20.39,20.39,20.39
8476,20.39,20.39,20.39,20.39,20.39,20.39,20.39,20.39,20.39,20.39
8477,20.39,20.39,20.39,20.39,20.39,20.39,20.39,20.39,20.39,20.39
8478,20.39,20.39,20.39,20.39,20.39,20.39,20.39,20.39,20.39,20.39
8479,20.39,20.39,20.39,20.39,20.39,20.39,20.39,20.39,20.39,20.39
8480,20.39,20.39,20.39,20.39,20.39,20.39,20.39,20.39,20.39,20.39
8481,20.39,20.39,20.39,20.39,20.39,20.39,20.39,20.39,20.39,20.39
8482,20.39,20.39,20.39,20.39,20.39,20.39,20.39,20.39,20.39,20.39
8483,20.39,20.39,20.39,20.39,20.39,20.39,20.39,20.39,20.39,20.39
8484,20.39,20.39,20.39,20.39,20.39,20.39,20.39,20.39,20.39,20.39
8485,20.39,20.39,20.39,20.39,20.39,20.39,20.39,20.39,20.39,20.39
8486,20.39,20.39,20.39,20.39,20.39,20.39,20.39,20.39,20.39,20.39
8487,20.39,20.39,20.39,20.39,20.39,20.39,20.39,20.39,20.39,20.39
8488,20.39,20.39,20.39,20.39,20.39,20.39,20.39,20.39,20.39,20.39
8489,20.39,20.39,20.39,20.39,20.39,20.39,20.39,20.39,20.39,20.39
8490,20.39,20.39,20.39,20.39,20.39,20.39,20.39,20.39,20.39,20.39
8491,20.39,20.39,20.39,20.39,20.39,20.39,20.39,20.39,20.39,20.39
8492,20.39,20.39,20.39,20.39,20.39,20.39,20.39,20.39,20.39,20.39
8493,20.39,20.39,20.39,20.39,20.39,20.39,20.39,20.39,20.39,20.39
8494,20.39,20.39,20.39,20.39,20.39,20.39,20.39,20.39,20.39,20.39
8495,20.39,20.39,20.39,20.39,20.39,20.39,20.39,20.39,20.39,20.39
8496,20.39,20.39,20.39,20.39,20.39,20.39,20.39,20.39,20.39,20.39
8497,20.39,20.39,20.39,20.39,20.39,20.39,20.39,20.39,20.39,20.39
8498,20.39,20.39,20.39,20.39,20.39,20.39,20.39,20.39,20.39,20.39
8499,20.39,20.39,20.39,20.39,20.39,20.39,20.39,20.39,20.39,20.39
8500,20.39,20.39,20.39,20.39,20.39,20.39,20.39,20.39,20.39,20.39
8501,20.39,20.39,20.39,20.39,20.39,20.39,20.39,20.39,20.39,20.39
8502,20.39,20.39,20.39,20.39,20.39,20.39,20.39,20.39,20.39,20.39
8503,20.39,20.39,20.39,20.39,20.39,20.39,20.39,20.39,20.39,20.39
8504,20.39,20.39,20.39,20.39,20.39,20.39,20.39,20.39,20.39,20.39
8505,20.39,20.39,20.39,20.39,20.39,20.39,20.39,20.39,20.39,20.39
8506,20.39,20.39,20.39,20.39,20.39,20.39,20.39,20.39,20.39,20.39
8507,20.39,20.39,20.39,20.39,20.39,20.39,20.39,20.39,20.39,20.39
8508,20.39,20.39,20.39,20.39,20.39,20.39,20.39,20.39,20.39,20.39
8509,20.39,20.39,20.39,20.39,20.39,20.39,20.39,20.39,20.39,20.39
8510,20.39,20.39,20.39,20.39,20.39,20.39,20.39,20.39,20.39,20.39
8511,20.39,20.39,20.39,20.39,20.39,20.39,20.39,20.39,20.39,20.39
8512,20.39,20.39,20.39,20.39,20.39,20.39,20.39,20.39,20.39,20.39
8513,20.39,20.39,20.39,20.39,20.39,20.39,20.39,20.39,20.39,20.39
8514,20.39,20.39,20.39,20.39,20.39,20.39,20.39,20.39,20.39,20.39
8515,20.39,20.39,20.39,20.39,20.39,20.39,20.39,20.39,20.39,20.39
8516,20.39,20.39,20.39,20.39,20.39,20.39,20.39,20.39,20.39,20.39
8517,20.39,20.39,20.39,20.39,20.39,20.39,20.39,20.39,20.39,20.39
8518,20.39,20.39,20.39,20.39,20.39,20.39,20.39,20.39,20.39,20.39
8519,20.39,20.39,20.39,20.39,20.39,20.39,20.39,20.39,20.39,20.39
8520,20.39,20.39,20.39,20.39,20.39,20.39,20.39,20.39,20.39,20.39
8521,20.39,20.39,20.39,20.39,20.39,20.39,20.39,20.39,20.39,20.39
8522,20.39,20.39,20.39,20.39,20.39,20.39,20.39,20.39,20.39,20.39
8523,20.39,20.39,20.39,20.39,20.39,20.39,20.39,20.39,20.39,20.39
8524,20.39,20.39,20.39,20.39,20.39,20.39,20.39,20.39,20.39,20.39
8525,20.39,20.39,20.39,20.39,20.39,20.39,20.39,20.39,20.39,20.39
8526,20.39,20.39,20.39,20.39,20.39,20.39,20.39,20.39,20.39,20.39
8527,20.39,20.39,20.39,20.39,20.39,20.39,20.39,20.39,20.39,20.39
8528,20.39,20.39,20.39,20.39,20.39,20.39,20.39,20.39,20.39,20.39
8529,20.39,20.39,20.39,20.39,20.39,20.39,20.39,20.39,20.39,20.39
8530,20.39,20.39,20.39,20.39,20.39,20.39,20.39,20.39,20.39,20.39
8531,20.39,20.39,20.39,20.39,20.39,20.39,20.39,20.39,20.39,20.39
8532,20.39,20.39,20.39,20.39,20.39,20.39,20.39,20.39,20.39,20.39
8533,20.39,20.39,20.39,20.39,20.39,20.39,20.39,20.39,20.39,20.39
8534,20.39,20.39,20.39,20.39,20.39,20.39,20.39,20.39,20.39,20.39
8535,20.39,20.39,20.39,20.39,20.39,20.39,20.39,20.39,20.39,20.39
8536,20.39,20.39,20.39,20.39,20.39,20.39,20.39,20.39,20.39,20.39
8537,20.39,20.39,20.39,20.39,20.39,20.39,20.39,20.39,20.39,20.39
8538,20.39,20.39,20.39,20.39,20.39,20.39,20.39,20.39,20.39,20.39
8539,20.39,20.39,20.39,20.39,20.39,20.39,20.39,20.39,20.39,20.39
8540,20.39,20.39,20.39,20.39,20.39,20.39,20.39,20.39,20.39,20.39
8541,20.39,20.39,20.39,20.39,20.39,20.39,20.39,20.39,20.39,20.39
8542,20.39,20.39,20.39,20.39,20.39,20.39,20.39,20.39,20.39,20.39
8543,20.39,20.39,20.39,20.39,20.39,20.39,20.39,20.39,20.39,20.39
8544,20.39,20.39,20.39,20.39,20.39,20.39,20.39,20.39,20.39,20.39
8545,20.39,20.39,20.39,20.39,20.39,20.39,20.39,20.39,20.39,20.39
8546,20.39,20.39,20.39,20.39,20.39,20.39,20.39,20.39,20.39,20.39
8547,20.39,20.39,20.39,20.39,20.39,20.39,20.39,20.39,20.39,20.39
8548,20.39,20.39,20.39,20.39,20.39,20.39,20.39,20.39,20.39,20.39
8549,20.39,20.39,20.39,20.39,20.39,20.39,20.39,20.39,20.39,20.39
8550,20.39,20.39,20.39,20.39,20.39,20.39,20.39,20.39,20.39,20.39
8551,20.39,20.39,20.39,20.39,20.39,20.39,20.39,20.39,20.39,20.39
8552,20.39,20.39,20.39,20.39,20.39,20.39,20.39,20.39,20.39,20.39
8553,20.39,20.39,20.39,20.39,20.39,20.39,20.39,20.39,20.39,20.39
8554,20.39,20.39,20.39,20.39,20.39,20.39,20.39,20.39,20.39,20.39
8555,20.39,20.39,20.39,20.39,20.39,20.39,20.39,20.39,20.39,20.39
8556,20.39,20.39,20.39,20.39,20.39,20.39,20.39,20.39,20.39,20.39
8557,20.39,20.39,20.39,20.39,20.39,20.39,20.39,20.39,20.39,20.39
8558,20.39,20.39,20.39,20.39,20.39,20.39,20.39,20.39,20.39,20.39
8559,20.39,20.39,20.39,20.39,20.39,20.39,20.39,20.39,20.39,20.39
8560,20.39,20.39,20.39,20.39,20.39,20.39,20.39,20.39,20.39,20.39
8561,20.39,20.39,20.39,20.39,20.39,20.39,20.39,20.39,20.39,20.39
8562,20.39,20.39,20.39,20.39,20.39,20.39,20.39,20.39,20.39,20.39
8563,20.39,20.39,20.39,20.39,20.39,20.39,20.39,20.39,20.39,20.39
8564,20.39,20.39,20.39,20.39,20.39,20.39,20.39,20.39,20.39,20.39
8565,20.39,20.39,20.39,20.39,20.39,20.39,20.39,20.39,20.39,20.39
8566,20.39,20.39,20.39,20.39,20.39,20.39,20.39,20.39,20.39,20.39
8567,20.39,20.39,20.39,20.39,20.39,20.39,20.39,20.39,20.39,20.39
8568,20.39,20.39,20.39,20.39,20.39,20.39,20.39,20.39,20.39,20.39
8569,20.39,20.39,20.39,20.39,20.39,20.39,20.39,20.39,20.39,20.39
8570,20.39,20.39,20.39,20.39,20.39,20.39,20.39,20.39,20.39,20.39
8571,20.39,20.39,20.39,20.39,20.39,20.39,20.39,20.39,20.39,20.39
8572,20.39,20.39,20.39,20.39,20.39,20.39,20.39,20.39,20.39,20.39
8573,20.39,20.39,20.39,20.39,20.39,20.39,20.39,20.39,20.39,20.39
8574,20.39,20.39,20.39,20.39,20.39,20.39,20.39,20.39,20.39,20.39
8575,20.39,20.39,20.39,20.39,20.39,20.39,20.39,20.39,20.39,20.39
8576,20.39,20.39,20.39,20.39,20.39,20.39,20.39,20.39,20.39,20.39
8577,20.39,20.39,20.39,20.39,20.39,20.39,20.39,20.39,20.39,20.39
8578,20.39,20.39,20.39,20.39,20.39,20.39,20.39,20.39,20.39,20.39
8579,20.39,20.39,20.39,20.39,20.39,20.39,20.39,20.39,20.39,20.39
8580,20.39,20.39,20.39,20.39,20.39,20.39,20.39,20.39,20.39,20.39
8581,20.39,20.39,20.39,20.39,20.39,20.39,20.39,20.39,20.39,20.39
8582,20.39,20.39,20.39,20.39,20.39,20.39,20.39,20.39,20.39,20.39
8583,20.39,20.39,20.39,20.39,20.39,20.39,20.39,20.39,20.39,20.39
8584,20.39,20.39,20.39,20.39,20.39,20.39,20.39,20.39,20.39,20.39
8585,20.39,20.39,20.39,20.39,20.39,20.39,20.39,20.39,20.39,20.39
8586,20.39,20.39,20.39,20.39,20.39,20.39,20.39,20.39,20.39,20.39
8587,20.39,20.39,20.39,20.39,20.39,20.39,20.39,20.39,20.39,20.39
8588,20.39,20.39,20.39,20.39,20.39,20.39,20.39,20.39,20.39,20.39
8589,20.39,20.39,20.39,20.39,20.39,20.39,20.39,20.39,20.39,20.39
8590,20.39,20.39,20.39,20.39,20.39,20.39,20.39,20.39,20.39,20.39
8591,20.39,20.39,20.39,20.39,20.39,20.39,20.39,20.39,20.39,20.39
8592,20.39,20.39,20.39,20.39,20.39,20.39,20.39,20.39,20.39,20.39
8593,20.39,20.39,20.39,20.39,20.39,20.39,20.39,20.39,20.39,20.39
8594,20.39,20.39,20.39,20.39,20.39,20.39,20.39,20.39,20.39,20.39
8595,20.39,20.39,20.39,20.39,20.39,20.39,20.39,20.39,20.39,20.39
8596,20.39,20.39,20.39,20.39,20.39,20.39,20.39,20.39,20.39,20.39
8597,20.39,20.39,20.39,20.39,20.39,20.39,20.39,20.39,20.39,20.39
8598,20.39,20.39,20.39,20.39,20.39,20.39,20.39,20.39,20.39,20.39
8599,20.39,20.39,20.39,20.39,20.39,20.39,20.39,20.39,20.39,20.39
8600,20.39,20.39,20.39,20.39,20.39,20.39,20.39,20.39,20.39,20.39
8601,20.39,20.39,20.39,20.39,20.39,20.39,20.39,20.39,20.39,20.39
8602,20.39,20.39,20.39,20.39,20.39,20.39,20.39,20.39,20.39,20.39
8603,20.39,20.39,20.39,20.39,20.39,20.39,20.39,20.39,20.39,20.39
8604,20.39,20.39,20.39,20.39,20.39,20.39,20.39,20.39,20.39,20.39
8605,20.39,20.39,20.39,20.39,20.39,20.39,20.39,20.39,20.39,20.39
8606,20.39,20.39,20.39,20.39,20.39,20.39,20.39,20.39,20.39,20.39
8607,20.39,20.39,20.39,20.39,20.39,20.39,20.39,20.39,20.39,20.39
8608,20.39,20.39,20.39,20.39,20.39,20.39,20.39,20.39,20.39,20.39
8609,20.39,20.39,20.39,20.39,20.39,20.39,20.39,20.39,20.39,20.39
8610,20.39,20.39,20.39,20.39,20.39,20.39,20.39,20.39,20.39,20.39
8611,20.39,20.39,20.39,20.39,20.39,20.39,20.39,20.39,20.39,20.39
8612,20.39,20.39,20.39,20.39,20.39,20.39,20.39,20.39,20.39,20.39
8613,20.39,20.39,20.39,20.39,20.39,20.39,20.39,20.39,20.39,20.39
8614,20.39,20.39,20.39,20.39,20.39,20.39,20.39,20.39,20.39,20.39
8615,20.39,20.39,20.39,20.39,20.39,20.39,20.39,20.39,20.39,20.39
8616,20.39,20.39,20.39,20.39,20.39,20.39,20.39,20.39,20.39,20.39
8617,20.39,20.39,20.39,20.39,20.39,20.39,20.39,20.39,20.39,20.39
8618,20.39,20.39,20.39,20.39,20.39,20.39,20.39,20.39,20.39,20.39
8619,20.39,20.39,20.39,20.39,20.39,20.39,20.39,20.39,20.39,20.39
8620,20.39,20.39,20.39,20.39,20.39,20.39,20.39,20.39,20.39,20.39
8621,20.39,20.39,20.39,20.39,20.39,20.39,20.39,20.39,20.39,20.39
8622,20.39,20.39,20.39,20.39,20.39,20.39,20.39,20.39,20.39,20.39
8623,20.39,20.39,20.39,20.39,20.39,20.39,20.39,20.39,20.39,20.39
8624,20.39,20.39,20.39,20.39,20.39,20.39,20.39,20.39,20.39,20.39
8625,20.39,20.39,20.39,20.39,20.39,20.39,20.39,20.39,20.39,20.39
8626,20.39,20.39,20.39,20.39,20.39,20.39,20.39,20.39,20.39,20.39
8627,20.39,20.39,20.39,20.39,20.39,20.39,20.39,20.39,20.39,20.39
8628,20.39,20.39,20.39,20.39,20.39,20.39,20.39,20.39,20.39,20.39
8629,20.39,20.39,20.39,20.39,20.39,20.39,20.39,20.39,20.39,20.39
8630,20.39,20.39,20.39,20.39,20.39,20.39,20.39,20.39,20.39,20.39
8631,20.39,20.39,20.39,20.39,20.39,20.39,20.39,20.39,20.39,20.39
8632,20.39,20.39,20.39,20.39,20.39,20.39,20.39,20.39,20.39,20.39
8633,20.39,20.39,20.39,20.39,20.39,20.39,20.39,20.39,20.39,20.39
8634,20.39,20.39,20.39,20.39,20.39,20.39,20.39,20.39,20.39,20.39
8635,20.39,20.39,20.39,20.39,20.39,20.39,20.39,20.39,20.39,20.39
8636,20.39,20.39,20.39,20.39,20.39,20.39,20.39,20.39,20.39,20.39
8637,20.39,20.39,20.39,20.39,20.39,20.39,20.39,20.39,20.39,20.39
8638,20.39,20.39,20.39,20.39,20.39,20.39,20.39,20.39,20.39,20.39
8639,20.39,20.39,20.39,20.39,20.39,20.39,20.39,20.39,20.39,20.39
8640,20.39,20.39,20.39,20.39,20.39,20.39,20.39,20.39,20.39,20.39
8641,20.39,20.39,20.39,20.39,20.39,20.39,20.39,20.39,20.39,20.39
8642,20.39,20.39,20.39,20.39,20.39,20.39,20.39,20.39,20.39,20.39
8643,20.39,20.39,20.39,20.39,20.39,20.39,20.39,20.39,20.39,20.39
8644,20.39,20.39,20.39,20.39,20.39,20.39,20.39,20.39,20.39,20.39
8645,20.39,20.39,20.39,20.39,20.39,20.39,20.39,20.39,20.39,20.39
8646,20.39,20.39,20.39,20.39,20.39,20.39,20.39,20.39,20.39,20.39
8647,20.39,20.39,20.39,20.39,20.39,20.39,20.39,20.39,20.39,20.39
8648,20.39,20.39,20.39,20.39,20.39,20.39,20.39,20.39,20.39,20.39
8649,20.39,20.39,20.39,20.39,20.39,20.39,20.39,20.39,20.39,20.39
8650,20.39,20.39,20.39,20.39,20.39,20.39,20.39,20.39,20.39,20.39
8651,20.39,20.39,20.39,20.39,20.39,20.39,20.39,20.39,20.39,20.39
8652,20.39,20.39,20.39,20.39,20.39,20.39,20.39,20.39,20.39,20.39
8653,20.39,20.39,20.39,20.39,20.39,20.39,20.39,20.39,20.39,20.39
8654,20.39,20.39,20.39,20.39,20.39,20.39,20.39,20.39,20.39,20.39
8655,20.39,20.39,20.39,20.39,20.39,20.39,20.39,20.39,20.39,20.39
8656,20.39,20.39,20.39,20.39,20.39,20.39,20.39,20.39,20.39,20.39
8657,20.39,20.39,20.39,20.39,20.39,20.39,20.39,20.39,20.39,20.39
8658,20.39,20.39,20.39,20.39,20.39,20.39,20.39,20.39,20.39,20.39
8659,20.39,20.39,20.39,20.39,20.39,20.39,20.39,20.39,20.39,20.39
8660,20.39,20.39,20.39,20.39,20.39,20.39,20.39,20.39,20.39,20.39
8661,20.39,20.39,20.39,20.39,20.39,20.39,20.39,20.39,20.39,20.39
8662,20.39,20.39,20.39,20.39,20.39,20.39,20.39,20.39,20.39,20.39
8663,20.39,20.39,20.39,20.39,20.39,20.39,20.39,20.39,20.39,20.39
8664,20.39,20.39,20.39,20.39,20.39,20.39,20.39,20.39,20.39,20.39
8665,20.39,20.39,20.39,20.39,20.39,20.39,20.39,20.39,20.39,20.39
8666,20.39,20.39,20.39,20.39,20.39,20.39,20.39,20.39,20.39,20.39
8667,20.39,20.39,20.39,20.39,20.39,20.39,20.39,20.39,20.39,20.39
8668,20.39,20.39,20.39,20.39,20.39,20.39,20.39,20.39,20.39,20.39
8669,20.39,20.39,20.39,20.39,20.39,20.39,20.39,20.39,20.39,20.39
8670,20.39,20.39,20.39,20.39,20.39,20.39,20.39,20.39,20.39,20.39
8671,20.39,20.39,20.39,20.39,20.39,20.39,20.39,20.39,20.39,20.39
8672,20.39,20.39,20.39,20.39,20.39,20.39,20.39,20.39,20.39,20.39
8673,20.39,20.39,20.39,20.39,20.39,20.39,20.39,20.39,20.39,20.39
8674,20.39,20.39,20.39,20.39,20.39,20.39,20.39,20.39,20.39,20.39
8675,20.39,20.39,20.39,20.39,20.39,20.39,20.39,20.39,20.39,20.39
8676,20.39,20.39,20.39,20.39,20.39,20.39,20.39,20.39,20.39,20.39
8677,20.39,20.39,20.39,20.39,20.39,20.39,20.39,20.39,20.39,20.39
8678,20.39,20.39,20.39,20.39,20.39,20.39,20.39,20.39,20.39,20.39
8679,20.39,20.39,20.39,20.39,20.39,20.39,20.39,20.39,20.39,20.39
8680,20.39,20.39,20.39,20.39,20.39,20.39,20.39,20.39,20.39,20.39
8681,20.39,20.39,20.39,20.39,20.39,20.39,20.39,20.39,20.39,20.39
8682,20.39,20.39,20.39,20.39,20.39,20.39,20.39,20.39,20.39,20.39
8683,20.39,20.39,20.39,20.39,20.39,20.39,20.39,20.39,20.39,20.39
8684,20.39,20.39,20.39,20.39,20.39,20.39,20.39,20.39,20.39,20.39
8685,20.39,20.39,20.39,20.39,20.39,20.39,20.39,20.39,20.39,20.39
8686,20.39,20.39,20.39,20.39,20.39,20.39,20.39,20.39,20.39,20.39
8687,20.39,20.39,20.39,20.39,20.39,20.39,20.39,20.39,20.39,20.39
8688,20.39,20.39,20.39,20.39,20.39,20.39,20.39,20.39,20.39,20.39
8689,20.39,20.39,20.39,20.39,20.39,20.39,20.39,20.39,20.39,20.39
8690,20.39,20.39,20.39,20.39,20.39,20.39,20.39,20.39,20.39,20.39
8691,20.39,20.39,20.39,20.39,20.39,20.39,20.39,20.39,20.39,20.39
8692,20.39,20.39,20.39,20.39,20.39,20.39,20.39,20.39,20.39,20.39
8693,20.39,20.39,20.39,20.39,20.39,20.39,20.39,20.39,20.39,20.39
8694,20.39,20.39,20.39,20.39,20.39,20.39,20.39,20.39,20.39,20.39
8695,20.39,20.39,20.39,20.39,20.39,20.39,20.39,20.39,20.39,20.39
8696,20.39,20.39,20.39,20.39,20.39,20.39,20.39,20.39,20.39,20.39
8697,20.39,20.39,20.39,20.39,20.39,20.39,20.39,20.39,20.39,20.39
8698,20.39,20.39,20.39,20.39,20.39,20.39,20.39,20.39,20.39,20.39
8699,20.39,20.39,20.39,20.39,20.39,20.39,20.39,20.39,20.39,20.39
8700,20.39,20.39,20.39,20.39,20.39,20.39,20.39,20.39,20.39,20.39
8701,20.39,20.39,20.39,20.39,20.39,20.39,20.39,20.39,20.39,20.39
8702,20.39,20.39,20.39,20.39,20.39,20.39,20.39,20.39,20.39,20.39
8703,20.39,20.39,20.39,20.39,20.39,20.39,20.39,20.39,20.39,20.39
8704,20.39,20.39,20.39,20.39,20.39,20.39,20.39,20.39,20.39,20.39
8705,20.39,20.39,20.39,20.39,20.39,20.39,20.39,20.39,20.39,20.39
8706,20.39,20.39,20.39,20.39,20.39,20.39,20.39,20.39,20.39,20.39
8707,20.39,20.39,20.39,20.39,20.39,20.39,20.39,20.39,20.39,20.39
8708,20.39,20.39,20.39,20.39,20.39,20.39,20.39,20.39,20.39,20.39
8709,20.39,20.39,20.39,20.39,20.39,20.39,20.39,20.39,20.39,20.39
8710,20.39,20.39,20.39,20.39,20.39,20.39,20.39,20.39,20.39,20.39
8711,20.39,20.39,20.39,20.39,20.39,20.39,20.39,20.39,20.39,20.39
8712,20.39,20.39,20.39,20.39,20.39,20.39,20.39,20.39,20.39,20.39
8713,20.39,20.39,20.39,20.39,20.39,20.39,20.39,20.39,20.39,20.39
8714,20.39,20.39,20.39,20.39,20.39,20.39,20.39,20.39,20.39,20.39
8715,20.39,20.39,20.39,20.39,20.39,20.39,20.39,20.39,20.39,20.39
8716,20.39,20.39,20.39,20.39,20.39,20.39,20.39,20.39,20.39,20.39
8717,20.39,20.39,20.39,20.39,20.39,20.39,20.39,20.39,20.39,20.39
8718,20.39,20.39,20.39,20.39,20.39,20.39,20.39,20.39,20.39,20.39
8719,20.39,20.39,20.39,20.39,20.39,20.39,20.39,20.39,20.39,20.39
8720,20.39,20.39,20.39,20.39,20.39,20.39,20.39,20.39,20.39,20.39
8721,20.39,20.39,20.39,20.39,20.39,20.39,20.39,20.39,20.39,20.39
8722,20.39,20.39,20.39,20.39,20.39,20.39,20.39,20.39,20.39,20.39
8723,20.39,20.39,20.39,20.39,20.39,20.39,20.39,20.39,20.39,20.39
8724,20.39,20.39,20.39,20.39,20.39,20.39,20.39,20.39,20.39,20.39
8725,20.39,20.39,20.39,20.39,20.39,20.39,20.39,20.39,20.39,20.39
8726,20.39,20.39,20.39,20.39,20.39,20.39,20.39,20.39,20.39,20.39
8727,20.39,20.39,20.39,20.39,20.39,20.39,20.39,20.39,20.39,20.39
8728,20.39,20.39,20.39,20.39,20.39,20.39,20.39,20.39,20.39,20.39
8729,20.39,20.39,20.39,20.39,20.39,20.39,20.39,20.39,20.39,20.39
8730,20.39,20.39,20.39,20.39,20.39,20.39,20.39,20.39,20.39,20.39
8731,20.39,20.39,20.39,20.39,20.39,20.39,20.39,20.39,20.39,20.39
8732,20.39,20.39,20.39,20.39,20.39,20.39,20.39,20.39,20.39,20.39
8733,20.39,20.39,20.39,20.39,20.39,20.39,20.39,20.39,20.39,20.39
8734,20.39,20.39,20.39,20.39,20.39,20.39,20.39,20.39,20.39,20.39
8735,20.39,20.39,20.39,20.39,20.39,20.39,20.39,20.39,20.39,20.39
8736,20.39,20.39,20.39,20.39,20.39,20.39,20.39,20.39,20.39,20.39
8737,20.39,20.39,20.39,20.39,20.39,20.39,20.39,20.39,20.39,20.39
8738,20.39,20.39,20.39,20.39,20.39,20.39,20.39,20.39,20.39,20.39
8739,20.39,20.39,20.39,20.39,20.39,20.39,20.39,20.39,20.39,20.39
8740,20.39,20.39,20.39,20.39,20.39,20.39,20.39,20.39,20.39,20.39
8741,20.39,20.39,20.39,20.39,20.39,20.39,20.39,20.39,20.39,20.39
8742,20.39,20.39,20.39,20.39,20.39,20.39,20.39,20.39,20.39,20.39
8743,20.39,20.39,20.39,20.39,20.39,20.39,20.39,20.39,20.39,20.39
8744,20.39,20.39,20.39,20.39,20.39,20.39,20.39,20.39,20.39,20.39
8745,20.39,20.39,20.39,20.39,20.39,20.39,20.39,20.39,20.39,20.39
8746,20.39,20.39,20.39,20.39,20.39,20.39,20.39,20.39,20.39,20.39
8747,20.39,20.39,20.39,20.39,20.39,20.39,20.39,20.39,20.39,20.39
8748,20.39,20.39,20.39,20.39,20.39,20.39,20.39,20.39,20.39,20.39
8749,20.39,20.39,20.39,20.39,20.39,20.39,20.39,20.39,20.39,20.39
8750,20.39,20.39,20.39,20.39,20.39,20.39,20.39,20.39,20.39,20.39
8751,20.39,20.39,20.39,20.39,20.39,20.39,20.39,20.39,20.39,20.39
8752,20.39,20.39,20.39,20.39,20.39,20.39,20.39,20.39,20.39,20.39
8753,20.39,20.39,20.39,20.39,20.39,20.39,20.39,20.39,20.39,20.39
8754,20.39,20.39,20.39,20.39,20.39,20.39,20.39,20.39,20.39,20.39
8755,20.39,20.39,20.39,20.39,20.39,20.39,20.39,20.39,20.39,20.39
8756,20.39,20.39,20.39,20.39,20.39,20.39,20.39,20.39,20.39,20.39
8757,20.39,20.39,20.39,20.39,20.39,20.39,20.39,20.39,20.39,20.39
8758,20.39,20.39,20.39,20.39,20.39,20.39,20.39,20.39,20.39,20.39
8759,20.39,20.39,20.39,20.39,20.39,20.39,20.39,20.39,20.39,20.39
8760,20.39,20.39,20.39,20.39,20.39,20.39,20.39,20.39,20.39,20.39