Time_Index,Price_mmbtu_global,Price_mmbtu_z1,Price_mmbtu_z2,Price_mmbtu_z3,Price_mmbtu_z4,Price_mmbtu_z5,Price_mmbtu_z6,Price_mmbtu_z7,Price_mmbtu_z8,Price_mmbtu_z9
1,20.68,20.68,20.68,20.68,20.68,20.68,20.68,20.68,20.68,20.68
2,20.68,20.68,20.68,20.68,20.68,20.68,20.68,20.68,20.68,20.68
3,20.68,20.68,20.68,20.68,20.68,20.68,20.68,20.68,20.68,20.68
4,20.68,20.68,20.68,20.68,20.68,20.68,20.68,20.68,20.68,20.68
5,20.68,20.68,20.68,20.68,20.68,20.68,20.68,20.68,20.68,20.68
6,20.68,20.68,20.68,20.68,20.68,20.68,20.68,20.68,20.68,20.68
7,20.68,20.68,20.68,20.68,20.68,20.68,20.68,20.68,20.68,20.68
8,20.68,20.68,20.68,20.68,20.68,20.68,20.68,20.68,20.68,20.68
9,20.68,20.68,20.68,20.68,20.68,20.68,20.68,20.68,20.68,20.68
10,20.68,20.68,20.68,20.68,20.68,20.68,20.68,20.68,20.68,20.68
11,20.68,20.68,20.68,20.68,20.68,20.68,20.68,20.68,20.68,20.68
12,20.68,20.68,20.68,20.68,20.68,20.68,20.68,20.68,20.68,20.68
13,20.68,20.68,20.68,20.68,20.68,20.68,20.68,20.68,20.68,20.68
14,20.68,20.68,20.68,20.68,20.68,20.68,20.68,20.68,20.68,20.68
15,20.68,20.68,20.68,20.68,20.68,20.68,20.68,20.68,20.68,20.68
16,20.68,20.68,20.68,20.68,20.68,20.68,20.68,20.68,20.68,20.68
17,20.68,20.68,20.68,20.68,20.68,20.68,20.68,20.68,20.68,20.68
18,20.68,20.68,20.68,20.68,20.68,20.68,20.68,20.68,20.68,20.68
19,20.68,20.68,20.68,20.68,20.68,20.68,20.68,20.68,20.68,20.68
20,20.68,20.68,20.68,20.68,20.68,20.68,20.68,20.68,20.68,20.68
21,20.68,20.68,20.68,20.68,20.68,20.68,20.68,20.68,20.68,20.68
22,20.68,20.68,20.68,20.68,20.68,20.68,20.68,20.68,20.68,20.68
23,20.68,20.68,20.68,20.68,20.68,20.68,20.68,20.68,20.68,20.68
24,20.68,20.68,20.68,20.68,20.68,20.68,20.68,20.68,20.68,20.68
25,20.68,20.68,20.68,20.68,20.68,20.68,20.68,20.68,20.68,20.68
26,20.68,20.68,20.68,20.68,20.68,20.68,20.68,20.68,20.68,20.68
27,20.68,20.68,20.68,20.68,20.68,20.68,20.68,20.68,20.68,20.68
28,20.68,20.68,20.68,20.68,20.68,20.68,20.68,20.68,20.68,20.68
29,20.68,20.68,20.68,20.68,20.68,20.68,20.68,20.68,20.68,20.68
30,20.68,20.68,20.68,20.68,20.68,20.68,20.68,20.68,20.68,20.68
31,20.68,20.68,20.68,20.68,20.68,20.68,20.68,20.68,20.68,20.68
32,20.68,20.68,20.68,20.68,20.68,20.68,20.68,20.68,20.68,20.68
33,20.68,20.68,20.68,20.68,20.68,20.68,20.68,20.68,20.68,20.68
34,20.68,20.68,20.68,20.68,20.68,20.68,20.68,20.68,20.68,20.68
35,20.68,20.68,20.68,20.68,20.68,20.68,20.68,20.68,20.68,20.68
36,20.68,20.68,20.68,20.68,20.68,20.68,20.68,20.68,20.68,20.68
37,20.68,20.68,20.68,20.68,20.68,20.68,20.68,20.68,20.68,20.68
38,20.68,20.68,20.68,20.68,20.68,20.68,20.68,20.68,20.68,20.68
39,20.68,20.68,20.68,20.68,20.68,20.68,20.68,20.68,20.68,20.68
40,20.68,20.68,20.68,20.68,20.68,20.68,20.68,20.68,20.68,20.68
41,20.68,20.68,20.68,20.68,20.68,20.68,20.68,20.68,20.68,20.68
42,20.68,20.68,20.68,20.68,20.68,20.68,20.68,20.68,20.68,20.68
43,20.68,20.68,20.68,20.68,20.68,20.68,20.68,20.68,20.68,20.68
44,20.68,20.68,20.68,20.68,20.68,20.68,20.68,20.68,20.68,20.68
45,20.68,20.68,20.68,20.68,20.68,20.68,20.68,20.68,20.68,20.68
46,20.68,20.68,20.68,20.68,20.68,20.68,20.68,20.68,20.68,20.68
47,20.68,20.68,20.68,20.68,20.68,20.68,20.68,20.68,20.68,20.68
48,20.68,20.68,20.68,20.68,20.68,20.68,20.68,20.68,20.68,20.68
49,20.68,20.68,20.68,20.68,20.68,20.68,20.68,20.68,20.68,20.68
50,20.68,20.68,20.68,20.68,20.68,20.68,20.68,20.68,20.68,20.68
51,20.68,20.68,20.68,20.68,20.68,20.68,20.68,20.68,20.68,20.68
52,20.68,20.68,20.68,20.68,20.68,20.68,20.68,20.68,20.68,20.68
53,20.68,20.68,20.68,20.68,20.68,20.68,20.68,20.68,20.68,20.68
54,20.68,20.68,20.68,20.68,20.68,20.68,20.68,20.68,20.68,20.68
55,20.68,20.68,20.68,20.68,20.68,20.68,20.68,20.68,20.68,20.68
56,20.68,20.68,20.68,20.68,20.68,20.68,20.68,20.68,20.68,20.68
57,20.68,20.68,20.68,20.68,20.68,20.68,20.68,20.68,20.68,20.68
58,20.68,20.68,20.68,20.68,20.68,20.68,20.68,20.68,20.68,20.68
59,20.68,20.68,20.68,20.68,20.68,20.68,20.68,20.68,20.68,20.68
60,20.68,20.68,20.68,20.68,20.68,20.68,20.68,20.68,20.68,20.68
61,20.68,20.68,20.68,20.68,20.68,20.68,20.68,20.68,20.68,20.68
62,20.68,20.68,20.68,20.68,20.68,20.68,20.68,20.68,20.68,20.68
63,20.68,20.68,20.68,20.68,20.68,20.68,20.68,20.68,20.68,20.68
64,20.68,20.68,20.68,20.68,20.68,20.68,20.68,20.68,20.68,20.68
65,20.68,20.68,20.68,20.68,20.68,20.68,20.68,20.68,20.68,20.68
66,20.68,20.68,20.68,20.68,20.68,20.68,20.68,20.68,20.68,20.68
67,20.68,20.68,20.68,20.68,20.68,20.68,20.68,20.68,20.68,20.68
68,20.68,20.68,20.68,20.68,20.68,20.68,20.68,20.68,20.68,20.68
69,20.68,20.68,20.68,20.68,20.68,20.68,20.68,20.68,20.68,20.68
70,20.68,20.68,20.68,20.68,20.68,20.68,20.68,20.68,20.68,20.68
71,20.68,20.68,20.68,20.68,20.68,20.68,20.68,20.68,20.68,20.68
72,20.68,20.68,20.68,20.68,20.68,20.68,20.68,20.68,20.68,20.68
73,20.68,20.68,20.68,20.68,20.68,20.68,20.68,20.68,20.68,20.68
74,20.68,20.68,20.68,20.68,20.68,20.68,20.68,20.68,20.68,20.68
75,20.68,20.68,20.68,20.68,20.68,20.68,20.68,20.68,20.68,20.68
76,20.68,20.68,20.68,20.68,20.68,20.68,20.68,20.68,20.68,20.68
77,20.68,20.68,20.68,20.68,20.68,20.68,20.68,20.68,20.68,20.68
78,20.68,20.68,20.68,20.68,20.68,20.68,20.68,20.68,20.68,20.68
79,20.68,20.68,20.68,20.68,20.68,20.68,20.68,20.68,20.68,20.68
80,20.68,20.68,20.68,20.68,20.68,20.68,20.68,20.68,20.68,20.68
81,20.68,20.68,20.68,20.68,20.68,20.68,20.68,20.68,20.68,20.68
82,20.68,20.68,20.68,20.68,20.68,20.68,20.68,20.68,20.68,20.68
83,20.68,20.68,20.68,20.68,20.68,20.68,20.68,20.68,20.68,20.68
84,20.68,20.68,20.68,20.68,20.68,20.68,20.68,20.68,20.68,20.68
85,20.68,20.68,20.68,20.68,20.68,20.68,20.68,20.68,20.68,20.68
86,20.68,20.68,20.68,20.68,20.68,20.68,20.68,20.68,20.68,20.68
87,20.68,20.68,20.68,20.68,20.68,20.68,20.68,20.68,20.68,20.68
88,20.68,20.68,20.68,20.68,20.68,20.68,20.68,20.68,20.68,20.68
89,20.68,20.68,20.68,20.68,20.68,20.68,20.68,20.68,20.68,20.68
90,20.68,20.68,20.68,20.68,20.68,20.68,20.68,20.68,20.68,20.68
91,20.68,20.68,20.68,20.68,20.68,20.68,20.68,20.68,20.68,20.68
92,20.68,20.68,20.68,20.68,20.68,20.68,20.68,20.68,20.68,20.68
93,20.68,20.68,20.68,20.68,20.68,20.68,20.68,20.68,20.68,20.68
94,20.68,20.68,20.68,20.68,20.68,20.68,20.68,20.68,20.68,20.68
95,20.68,20.68,20.68,20.68,20.68,20.68,20.68,20.68,20.68,20.68
96,20.68,20.68,20.68,20.68,20.68,20.68,20.68,20.68,20.68,20.68
97,20.68,20.68,20.68,20.68,20.68,20.68,20.68,20.68,20.68,20.68
98,20.68,20.68,20.68,20.68,20.68,20.68,20.68,20.68,20.68,20.68
99,20.68,20.68,20.68,20.68,20.68,20.68,20.68,20.68,20.68,20.68
100,20.68,20.68,20.68,20.68,20.68,20.68,20.68,20.68,20.68,20.68
101,20.68,20.68,20.68,20.68,20.68,20.68,20.68,20.68,20.68,20.68
102,20.68,20.68,20.68,20.68,20.68,20.68,20.68,20.68,20.68,20.68
103,20.68,20.68,20.68,20.68,20.68,20.68,20.68,20.68,20.68,20.68
104,20.68,20.68,20.68,20.68,20.68,20.68,20.68,20.68,20.68,20.68
105,20.68,20.68,20.68,20.68,20.68,20.68,20.68,20.68,20.68,20.68
106,20.68,20.68,20.68,20.68,20.68,20.68,20.68,20.68,20.68,20.68
107,20.68,20.68,20.68,20.68,20.68,20.68,20.68,20.68,20.68,20.68
108,20.68,20.68,20.68,20.68,20.68,20.68,20.68,20.68,20.68,20.68
109,20.68,20.68,20.68,20.68,20.68,20.68,20.68,20.68,20.68,20.68
110,20.68,20.68,20.68,20.68,20.68,20.68,20.68,20.68,20.68,20.68
111,20.68,20.68,20.68,20.68,20.68,20.68,20.68,20.68,20.68,20.68
112,20.68,20.68,20.68,20.68,20.68,20.68,20.68,20.68,20.68,20.68
113,20.68,20.68,20.68,20.68,20.68,20.68,20.68,20.68,20.68,20.68
114,20.68,20.68,20.68,20.68,20.68,20.68,20.68,20.68,20.68,20.68
115,20.68,20.68,20.68,20.68,20.68,20.68,20.68,20.68,20.68,20.68
116,20.68,20.68,20.68,20.68,20.68,20.68,20.68,20.68,20.68,20.68
117,20.68,20.68,20.68,20.68,20.68,20.68,20.68,20.68,20.68,20.68
118,20.68,20.68,20.68,20.68,20.68,20.68,20.68,20.68,20.68,20.68
119,20.68,20.68,20.68,20.68,20.68,20.68,20.68,20.68,20.68,20.68
120,20.68,20.68,20.68,20.68,20.68,20.68,20.68,20.68,20.68,20.68
121,20.68,20.68,20.68,20.68,20.68,20.68,20.68,20.68,20.68,20.68
122,20.68,20.68,20.68,20.68,20.68,20.68,20.68,20.68,20.68,20.68
123,20.68,20.68,20.68,20.68,20.68,20.68,20.68,20.68,20.68,20.68
124,20.68,20.68,20.68,20.68,20.68,20.68,20.68,20.68,20.68,20.68
125,20.68,20.68,20.68,20.68,20.68,20.68,20.68,20.68,20.68,20.68
126,20.68,20.68,20.68,20.68,20.68,20.68,20.68,20.68,20.68,20.68
127,20.68,20.68,20.68,20.68,20.68,20.68,20.68,20.68,20.68,20.68
128,20.68,20.68,20.68,20.68,20.68,20.68,20.68,20.68,20.68,20.68
129,20.68,20.68,20.68,20.68,20.68,20.68,20.68,20.68,20.68,20.68
130,20.68,20.68,20.68,20.68,20.68,20.68,20.68,20.68,20.68,20.68
131,20.68,20.68,20.68,20.68,20.68,20.68,20.68,20.68,20.68,20.68
132,20.68,20.68,20.68,20.68,20.68,20.68,20.68,20.68,20.68,20.68
133,20.68,20.68,20.68,20.68,20.68,20.68,20.68,20.68,20.68,20.68
134,20.68,20.68,20.68,20.68,20.68,20.68,20.68,20.68,20.68,20.68
135,20.68,20.68,20.68,20.68,20.68,20.68,20.68,20.68,20.68,20.68
136,20.68,20.68,20.68,20.68,20.68,20.68,20.68,20.68,20.68,20.68
137,20.68,20.68,20.68,20.68,20.68,20.68,20.68,20.68,20.68,20.68
138,20.68,20.68,20.68,20.68,20.68,20.68,20.68,20.68,20.68,20.68
139,20.68,20.68,20.68,20.68,20.68,20.68,20.68,20.68,20.68,20.68
140,20.68,20.68,20.68,20.68,20.68,20.68,20.68,20.68,20.68,20.68
141,20.68,20.68,20.68,20.68,20.68,20.68,20.68,20.68,20.68,20.68
142,20.68,20.68,20.68,20.68,20.68,20.68,20.68,20.68,20.68,20.68
143,20.68,20.68,20.68,20.68,20.68,20.68,20.68,20.68,20.68,20.68
144,20.68,20.68,20.68,20.68,20.68,20.68,20.68,20.68,20.68,20.68
145,20.68,20.68,20.68,20.68,20.68,20.68,20.68,20.68,20.68,20.68
146,20.68,20.68,20.68,20.68,20.68,20.68,20.68,20.68,20.68,20.68
147,20.68,20.68,20.68,20.68,20.68,20.68,20.68,20.68,20.68,20.68
148,20.68,20.68,20.68,20.68,20.68,20.68,20.68,20.68,20.68,20.68
149,20.68,20.68,20.68,20.68,20.68,20.68,20.68,20.68,20.68,20.68
150,20.68,20.68,20.68,20.68,20.68,20.68,20.68,20.68,20.68,20.68
151,20.68,20.68,20.68,20.68,20.68,20.68,20.68,20.68,20.68,20.68
152,20.68,20.68,20.68,20.68,20.68,20.68,20.68,20.68,20.68,20.68
153,20.68,20.68,20.68,20.68,20.68,20.68,20.68,20.68,20.68,20.68
154,20.68,20.68,20.68,20.68,20.68,20.68,20.68,20.68,20.68,20.68
155,20.68,20.68,20.68,20.68,20.68,20.68,20.68,20.68,20.68,20.68
156,20.68,20.68,20.68,20.68,20.68,20.68,20.68,20.68,20.68,20.68
157,20.68,20.68,20.68,20.68,20.68,20.68,20.68,20.68,20.68,20.68
158,20.68,20.68,20.68,20.68,20.68,20.68,20.68,20.68,20.68,20.68
159,20.68,20.68,20.68,20.68,20.68,20.68,20.68,20.68,20.68,20.68
160,20.68,20.68,20.68,20.68,20.68,20.68,20.68,20.68,20.68,20.68
161,20.68,20.68,20.68,20.68,20.68,20.68,20.68,20.68,20.68,20.68
162,20.68,20.68,20.68,20.68,20.68,20.68,20.68,20.68,20.68,20.68
163,20.68,20.68,20.68,20.68,20.68,20.68,20.68,20.68,20.68,20.68
164,20.68,20.68,20.68,20.68,20.68,20.68,20.68,20.68,20.68,20.68
165,20.68,20.68,20.68,20.68,20.68,20.68,20.68,20.68,20.68,20.68
166,20.68,20.68,20.68,20.68,20.68,20.68,20.68,20.68,20.68,20.68
167,20.68,20.68,20.68,20.68,20.68,20.68,20.68,20.68,20.68,20.68
168,20.68,20.68,20.68,20.68,20.68,20.68,20.68,20.68,20.68,20.68
169,20.68,20.68,20.68,20.68,20.68,20.68,20.68,20.68,20.68,20.68
170,20.68,20.68,20.68,20.68,20.68,20.68,20.68,20.68,20.68,20.68
171,20.68,20.68,20.68,20.68,20.68,20.68,20.68,20.68,20.68,20.68
172,20.68,20.68,20.68,20.68,20.68,20.68,20.68,20.68,20.68,20.68
173,20.68,20.68,20.68,20.68,20.68,20.68,20.68,20.68,20.68,20.68
174,20.68,20.68,20.68,20.68,20.68,20.68,20.68,20.68,20.68,20.68
175,20.68,20.68,20.68,20.68,20.68,20.68,20.68,20.68,20.68,20.68
176,20.68,20.68,20.68,20.68,20.68,20.68,20.68,20.68,20.68,20.68
177,20.68,20.68,20.68,20.68,20.68,20.68,20.68,20.68,20.68,20.68
178,20.68,20.68,20.68,20.68,20.68,20.68,20.68,20.68,20.68,20.68
179,20.68,20.68,20.68,20.68,20.68,20.68,20.68,20.68,20.68,20.68
180,20.68,20.68,20.68,20.68,20.68,20.68,20.68,20.68,20.68,20.68
181,20.68,20.68,20.68,20.68,20.68,20.68,20.68,20.68,20.68,20.68
182,20.68,20.68,20.68,20.68,20.68,20.68,20.68,20.68,20.68,20.68
183,20.68,20.68,20.68,20.68,20.68,20.68,20.68,20.68,20.68,20.68
184,20.68,20.68,20.68,20.68,20.68,20.68,20.68,20.68,20.68,20.68
185,20.68,20.68,20.68,20.68,20.68,20.68,20.68,20.68,20.68,20.68
186,20.68,20.68,20.68,20.68,20.68,20.68,20.68,20.68,20.68,20.68
187,20.68,20.68,20.68,20.68,20.68,20.68,20.68,20.68,20.68,20.68
188,20.68,20.68,20.68,20.68,20.68,20.68,20.68,20.68,20.68,20.68
189,20.68,20.68,20.68,20.68,20.68,20.68,20.68,20.68,20.68,20.68
190,20.68,20.68,20.68,20.68,20.68,20.68,20.68,20.68,20.68,20.68
191,20.68,20.68,20.68,20.68,20.68,20.68,20.68,20.68,20.68,20.68
192,20.68,20.68,20.68,20.68,20.68,20.68,20.68,20.68,20.68,20.68
193,20.68,20.68,20.68,20.68,20.68,20.68,20.68,20.68,20.68,20.68
194,20.68,20.68,20.68,20.68,20.68,20.68,20.68,20.68,20.68,20.68
195,20.68,20.68,20.68,20.68,20.68,20.68,20.68,20.68,20.68,20.68
196,20.68,20.68,20.68,20.68,20.68,20.68,20.68,20.68,20.68,20.68
197,20.68,20.68,20.68,20.68,20.68,20.68,20.68,20.68,20.68,20.68
198,20.68,20.68,20.68,20.68,20.68,20.68,20.68,20.68,20.68,20.68
199,20.68,20.68,20.68,20.68,20.68,20.68,20.68,20.68,20.68,20.68
200,20.68,20.68,20.68,20.68,20.68,20.68,20.68,20.68,20.68,20.68
201,20.68,20.68,20.68,20.68,20.68,20.68,20.68,20.68,20.68,20.68
202,20.68,20.68,20.68,20.68,20.68,20.68,20.68,20.68,20.68,20.68
203,20.68,20.68,20.68,20.68,20.68,20.68,20.68,20.68,20.68,20.68
204,20.68,20.68,20.68,20.68,20.68,20.68,20.68,20.68,20.68,20.68
205,20.68,20.68,20.68,20.68,20.68,20.68,20.68,20.68,20.68,20.68
206,20.68,20.68,20.68,20.68,20.68,20.68,20.68,20.68,20.68,20.68
207,20.68,20.68,20.68,20.68,20.68,20.68,20.68,20.68,20.68,20.68
208,20.68,20.68,20.68,20.68,20.68,20.68,20.68,20.68,20.68,20.68
209,20.68,20.68,20.68,20.68,20.68,20.68,20.68,20.68,20.68,20.68
210,20.68,20.68,20.68,20.68,20.68,20.68,20.68,20.68,20.68,20.68
211,20.68,20.68,20.68,20.68,20.68,20.68,20.68,20.68,20.68,20.68
212,20.68,20.68,20.68,20.68,20.68,20.68,20.68,20.68,20.68,20.68
213,20.68,20.68,20.68,20.68,20.68,20.68,20.68,20.68,20.68,20.68
214,20.68,20.68,20.68,20.68,20.68,20.68,20.68,20.68,20.68,20.68
215,20.68,20.68,20.68,20.68,20.68,20.68,20.68,20.68,20.68,20.68
216,20.68,20.68,20.68,20.68,20.68,20.68,20.68,20.68,20.68,20.68
217,20.68,20.68,20.68,20.68,20.68,20.68,20.68,20.68,20.68,20.68
218,20.68,20.68,20.68,20.68,20.68,20.68,20.68,20.68,20.68,20.68
219,20.68,20.68,20.68,20.68,20.68,20.68,20.68,20.68,20.68,20.68
220,20.68,20.68,20.68,20.68,20.68,20.68,20.68,20.68,20.68,20.68
221,20.68,20.68,20.68,20.68,20.68,20.68,20.68,20.68,20.68,20.68
222,20.68,20.68,20.68,20.68,20.68,20.68,20.68,20.68,20.68,20.68
223,20.68,20.68,20.68,20.68,20.68,20.68,20.68,20.68,20.68,20.68
224,20.68,20.68,20.68,20.68,20.68,20.68,20.68,20.68,20.68,20.68
225,20.68,20.68,20.68,20.68,20.68,20.68,20.68,20.68,20.68,20.68
226,20.68,20.68,20.68,20.68,20.68,20.68,20.68,20.68,20.68,20.68
227,20.68,20.68,20.68,20.68,20.68,20.68,20.68,20.68,20.68,20.68
228,20.68,20.68,20.68,20.68,20.68,20.68,20.68,20.68,20.68,20.68
229,20.68,20.68,20.68,20.68,20.68,20.68,20.68,20.68,20.68,20.68
230,20.68,20.68,20.68,20.68,20.68,20.68,20.68,20.68,20.68,20.68
231,20.68,20.68,20.68,20.68,20.68,20.68,20.68,20.68,20.68,20.68
232,20.68,20.68,20.68,20.68,20.68,20.68,20.68,20.68,20.68,20.68
233,20.68,20.68,20.68,20.68,20.68,20.68,20.68,20.68,20.68,20.68
234,20.68,20.68,20.68,20.68,20.68,20.68,20.68,20.68,20.68,20.68
235,20.68,20.68,20.68,20.68,20.68,20.68,20.68,20.68,20.68,20.68
236,20.68,20.68,20.68,20.68,20.68,20.68,20.68,20.68,20.68,20.68
237,20.68,20.68,20.68,20.68,20.68,20.68,20.68,20.68,20.68,20.68
238,20.68,20.68,20.68,20.68,20.68,20.68,20.68,20.68,20.68,20.68
239,20.68,20.68,20.68,20.68,20.68,20.68,20.68,20.68,20.68,20.68
240,20.68,20.68,20.68,20.68,20.68,20.68,20.68,20.68,20.68,20.68
241,20.68,20.68,20.68,20.68,20.68,20.68,20.68,20.68,20.68,20.68
242,20.68,20.68,20.68,20.68,20.68,20.68,20.68,20.68,20.68,20.68
243,20.68,20.68,20.68,20.68,20.68,20.68,20.68,20.68,20.68,20.68
244,20.68,20.68,20.68,20.68,20.68,20.68,20.68,20.68,20.68,20.68
245,20.68,20.68,20.68,20.68,20.68,20.68,20.68,20.68,20.68,20.68
246,20.68,20.68,20.68,20.68,20.68,20.68,20.68,20.68,20.68,20.68
247,20.68,20.68,20.68,20.68,20.68,20.68,20.68,20.68,20.68,20.68
248,20.68,20.68,20.68,20.68,20.68,20.68,20.68,20.68,20.68,20.68
249,20.68,20.68,20.68,20.68,20.68,20.68,20.68,20.68,20.68,20.68
250,20.68,20.68,20.68,20.68,20.68,20.68,20.68,20.68,20.68,20.68
251,20.68,20.68,20.68,20.68,20.68,20.68,20.68,20.68,20.68,20.68
252,20.68,20.68,20.68,20.68,20.68,20.68,20.68,20.68,20.68,20.68
253,20.68,20.68,20.68,20.68,20.68,20.68,20.68,20.68,20.68,20.68
254,20.68,20.68,20.68,20.68,20.68,20.68,20.68,20.68,20.68,20.68
255,20.68,20.68,20.68,20.68,20.68,20.68,20.68,20.68,20.68,20.68
256,20.68,20.68,20.68,20.68,20.68,20.68,20.68,20.68,20.68,20.68
257,20.68,20.68,20.68,20.68,20.68,20.68,20.68,20.68,20.68,20.68
258,20.68,20.68,20.68,20.68,20.68,20.68,20.68,20.68,20.68,20.68
259,20.68,20.68,20.68,20.68,20.68,20.68,20.68,20.68,20.68,20.68
260,20.68,20.68,20.68,20.68,20.68,20.68,20.68,20.68,20.68,20.68
261,20.68,20.68,20.68,20.68,20.68,20.68,20.68,20.68,20.68,20.68
262,20.68,20.68,20.68,20.68,20.68,20.68,20.68,20.68,20.68,20.68
263,20.68,20.68,20.68,20.68,20.68,20.68,20.68,20.68,20.68,20.68
264,20.68,20.68,20.68,20.68,20.68,20.68,20.68,20.68,20.68,20.68
265,20.68,20.68,20.68,20.68,20.68,20.68,20.68,20.68,20.68,20.68
266,20.68,20.68,20.68,20.68,20.68,20.68,20.68,20.68,20.68,20.68
267,20.68,20.68,20.68,20.68,20.68,20.68,20.68,20.68,20.68,20.68
268,20.68,20.68,20.68,20.68,20.68,20.68,20.68,20.68,20.68,20.68
269,20.68,20.68,20.68,20.68,20.68,20.68,20.68,20.68,20.68,20.68
270,20.68,20.68,20.68,20.68,20.68,20.68,20.68,20.68,20.68,20.68
271,20.68,20.68,20.68,20.68,20.68,20.68,20.68,20.68,20.68,20.68
272,20.68,20.68,20.68,20.68,20.68,20.68,20.68,20.68,20.68,20.68
273,20.68,20.68,20.68,20.68,20.68,20.68,20.68,20.68,20.68,20.68
274,20.68,20.68,20.68,20.68,20.68,20.68,20.68,20.68,20.68,20.68
275,20.68,20.68,20.68,20.68,20.68,20.68,20.68,20.68,20.68,20.68
276,20.68,20.68,20.68,20.68,20.68,20.68,20.68,20.68,20.68,20.68
277,20.68,20.68,20.68,20.68,20.68,20.68,20.68,20.68,20.68,20.68
278,20.68,20.68,20.68,20.68,20.68,20.68,20.68,20.68,20.68,20.68
279,20.68,20.68,20.68,20.68,20.68,20.68,20.68,20.68,20.68,20.68
280,20.68,20.68,20.68,20.68,20.68,20.68,20.68,20.68,20.68,20.68
281,20.68,20.68,20.68,20.68,20.68,20.68,20.68,20.68,20.68,20.68
282,20.68,20.68,20.68,20.68,20.68,20.68,20.68,20.68,20.68,20.68
283,20.68,20.68,20.68,20.68,20.68,20.68,20.68,20.68,20.68,20.68
284,20.68,20.68,20.68,20.68,20.68,20.68,20.68,20.68,20.68,20.68
285,20.68,20.68,20.68,20.68,20.68,20.68,20.68,20.68,20.68,20.68
286,20.68,20.68,20.68,20.68,20.68,20.68,20.68,20.68,20.68,20.68
287,20.68,20.68,20.68,20.68,20.68,20.68,20.68,20.68,20.68,20.68
288,20.68,20.68,20.68,20.68,20.68,20.68,20.68,20.68,20.68,20.68
289,20.68,20.68,20.68,20.68,20.68,20.68,20.68,20.68,20.68,20.68
290,20.68,20.68,20.68,20.68,20.68,20.68,20.68,20.68,20.68,20.68
291,20.68,20.68,20.68,20.68,20.68,20.68,20.68,20.68,20.68,20.68
292,20.68,20.68,20.68,20.68,20.68,20.68,20.68,20.68,20.68,20.68
293,20.68,20.68,20.68,20.68,20.68,20.68,20.68,20.68,20.68,20.68
294,20.68,20.68,20.68,20.68,20.68,20.68,20.68,20.68,20.68,20.68
295,20.68,20.68,20.68,20.68,20.68,20.68,20.68,20.68,20.68,20.68
296,20.68,20.68,20.68,20.68,20.68,20.68,20.68,20.68,20.68,20.68
297,20.68,20.68,20.68,20.68,20.68,20.68,20.68,20.68,20.68,20.68
298,20.68,20.68,20.68,20.68,20.68,20.68,20.68,20.68,20.68,20.68
299,20.68,20.68,20.68,20.68,20.68,20.68,20.68,20.68,20.68,20.68
300,20.68,20.68,20.68,20.68,20.68,20.68,20.68,20.68,20.68,20.68
301,20.68,20.68,20.68,20.68,20.68,20.68,20.68,20.68,20.68,20.68
302,20.68,20.68,20.68,20.68,20.68,20.68,20.68,20.68,20.68,20.68
303,20.68,20.68,20.68,20.68,20.68,20.68,20.68,20.68,20.68,20.68
304,20.68,20.68,20.68,20.68,20.68,20.68,20.68,20.68,20.68,20.68
305,20.68,20.68,20.68,20.68,20.68,20.68,20.68,20.68,20.68,20.68
306,20.68,20.68,20.68,20.68,20.68,20.68,20.68,20.68,20.68,20.68
307,20.68,20.68,20.68,20.68,20.68,20.68,20.68,20.68,20.68,20.68
308,20.68,20.68,20.68,20.68,20.68,20.68,20.68,20.68,20.68,20.68
309,20.68,20.68,20.68,20.68,20.68,20.68,20.68,20.68,20.68,20.68
310,20.68,20.68,20.68,20.68,20.68,20.68,20.68,20.68,20.68,20.68
311,20.68,20.68,20.68,20.68,20.68,20.68,20.68,20.68,20.68,20.68
312,20.68,20.68,20.68,20.68,20.68,20.68,20.68,20.68,20.68,20.68
313,20.68,20.68,20.68,20.68,20.68,20.68,20.68,20.68,20.68,20.68
314,20.68,20.68,20.68,20.68,20.68,20.68,20.68,20.68,20.68,20.68
315,20.68,20.68,20.68,20.68,20.68,20.68,20.68,20.68,20.68,20.68
316,20.68,20.68,20.68,20.68,20.68,20.68,20.68,20.68,20.68,20.68
317,20.68,20.68,20.68,20.68,20.68,20.68,20.68,20.68,20.68,20.68
318,20.68,20.68,20.68,20.68,20.68,20.68,20.68,20.68,20.68,20.68
319,20.68,20.68,20.68,20.68,20.68,20.68,20.68,20.68,20.68,20.68
320,20.68,20.68,20.68,20.68,20.68,20.68,20.68,20.68,20.68,20.68
321,20.68,20.68,20.68,20.68,20.68,20.68,20.68,20.68,20.68,20.68
322,20.68,20.68,20.68,20.68,20.68,20.68,20.68,20.68,20.68,20.68
323,20.68,20.68,20.68,20.68,20.68,20.68,20.68,20.68,20.68,20.68
324,20.68,20.68,20.68,20.68,20.68,20.68,20.68,20.68,20.68,20.68
325,20.68,20.68,20.68,20.68,20.68,20.68,20.68,20.68,20.68,20.68
326,20.68,20.68,20.68,20.68,20.68,20.68,20.68,20.68,20.68,20.68
327,20.68,20.68,20.68,20.68,20.68,20.68,20.68,20.68,20.68,20.68
328,20.68,20.68,20.68,20.68,20.68,20.68,20.68,20.68,20.68,20.68
329,20.68,20.68,20.68,20.68,20.68,20.68,20.68,20.68,20.68,20.68
330,20.68,20.68,20.68,20.68,20.68,20.68,20.68,20.68,20.68,20.68
331,20.68,20.68,20.68,20.68,20.68,20.68,20.68,20.68,20.68,20.68
332,20.68,20.68,20.68,20.68,20.68,20.68,20.68,20.68,20.68,20.68
333,20.68,20.68,20.68,20.68,20.68,20.68,20.68,20.68,20.68,20.68
334,20.68,20.68,20.68,20.68,20.68,20.68,20.68,20.68,20.68,20.68
335,20.68,20.68,20.68,20.68,20.68,20.68,20.68,20.68,20.68,20.68
336,20.68,20.68,20.68,20.68,20.68,20.68,20.68,20.68,20.68,20.68
337,20.68,20.68,20.68,20.68,20.68,20.68,20.68,20.68,20.68,20.68
338,20.68,20.68,20.68,20.68,20.68,20.68,20.68,20.68,20.68,20.68
339,20.68,20.68,20.68,20.68,20.68,20.68,20.68,20.68,20.68,20.68
340,20.68,20.68,20.68,20.68,20.68,20.68,20.68,20.68,20.68,20.68
341,20.68,20.68,20.68,20.68,20.68,20.68,20.68,20.68,20.68,20.68
342,20.68,20.68,20.68,20.68,20.68,20.68,20.68,20.68,20.68,20.68
343,20.68,20.68,20.68,20.68,20.68,20.68,20.68,20.68,20.68,20.68
344,20.68,20.68,20.68,20.68,20.68,20.68,20.68,20.68,20.68,20.68
345,20.68,20.68,20.68,20.68,20.68,20.68,20.68,20.68,20.68,20.68
346,20.68,20.68,20.68,20.68,20.68,20.68,20.68,20.68,20.68,20.68
347,20.68,20.68,20.68,20.68,20.68,20.68,20.68,20.68,20.68,20.68
348,20.68,20.68,20.68,20.68,20.68,20.68,20.68,20.68,20.68,20.68
349,20.68,20.68,20.68,20.68,20.68,20.68,20.68,20.68,20.68,20.68
350,20.68,20.68,20.68,20.68,20.68,20.68,20.68,20.68,20.68,20.68
351,20.68,20.68,20.68,20.68,20.68,20.68,20.68,20.68,20.68,20.68
352,20.68,20.68,20.68,20.68,20.68,20.68,20.68,20.68,20.68,20.68
353,20.68,20.68,20.68,20.68,20.68,20.68,20.68,20.68,20.68,20.68
354,20.68,20.68,20.68,20.68,20.68,20.68,20.68,20.68,20.68,20.68
355,20.68,20.68,20.68,20.68,20.68,20.68,20.68,20.68,20.68,20.68
356,20.68,20.68,20.68,20.68,20.68,20.68,20.68,20.68,20.68,20.68
357,20.68,20.68,20.68,20.68,20.68,20.68,20.68,20.68,20.68,20.68
358,20.68,20.68,20.68,20.68,20.68,20.68,20.68,20.68,20.68,20.68
359,20.68,20.68,20.68,20.68,20.68,20.68,20.68,20.68,20.68,20.68
360,20.68,20.68,20.68,20.68,20.68,20.68,20.68,20.68,20.68,20.68
361,20.68,20.68,20.68,20.68,20.68,20.68,20.68,20.68,20.68,20.68
362,20.68,20.68,20.68,20.68,20.68,20.68,20.68,20.68,20.68,20.68
363,20.68,20.68,20.68,20.68,20.68,20.68,20.68,20.68,20.68,20.68
364,20.68,20.68,20.68,20.68,20.68,20.68,20.68,20.68,20.68,20.68
365,20.68,20.68,20.68,20.68,20.68,20.68,20.68,20.68,20.68,20.68
366,20.68,20.68,20.68,20.68,20.68,20.68,20.68,20.68,20.68,20.68
367,20.68,20.68,20.68,20.68,20.68,20.68,20.68,20.68,20.68,20.68
368,20.68,20.68,20.68,20.68,20.68,20.68,20.68,20.68,20.68,20.68
369,20.68,20.68,20.68,20.68,20.68,20.68,20.68,20.68,20.68,20.68
370,20.68,20.68,20.68,20.68,20.68,20.68,20.68,20.68,20.68,20.68
371,20.68,20.68,20.68,20.68,20.68,20.68,20.68,20.68,20.68,20.68
372,20.68,20.68,20.68,20.68,20.68,20.68,20.68,20.68,20.68,20.68
373,20.68,20.68,20.68,20.68,20.68,20.68,20.68,20.68,20.68,20.68
374,20.68,20.68,20.68,20.68,20.68,20.68,20.68,20.68,20.68,20.68
375,20.68,20.68,20.68,20.68,20.68,20.68,20.68,20.68,20.68,20.68
376,20.68,20.68,20.68,20.68,20.68,20.68,20.68,20.68,20.68,20.68
377,20.68,20.68,20.68,20.68,20.68,20.68,20.68,20.68,20.68,20.68
378,20.68,20.68,20.68,20.68,20.68,20.68,20.68,20.68,20.68,20.68
379,20.68,20.68,20.68,20.68,20.68,20.68,20.68,20.68,20.68,20.68
380,20.68,20.68,20.68,20.68,20.68,20.68,20.68,20.68,20.68,20.68
381,20.68,20.68,20.68,20.68,20.68,20.68,20.68,20.68,20.68,20.68
382,20.68,20.68,20.68,20.68,20.68,20.68,20.68,20.68,20.68,20.68
383,20.68,20.68,20.68,20.68,20.68,20.68,20.68,20.68,20.68,20.68
384,20.68,20.68,20.68,20.68,20.68,20.68,20.68,20.68,20.68,20.68
385,20.68,20.68,20.68,20.68,20.68,20.68,20.68,20.68,20.68,20.68
386,20.68,20.68,20.68,20.68,20.68,20.68,20.68,20.68,20.68,20.68
387,20.68,20.68,20.68,20.68,20.68,20.68,20.68,20.68,20.68,20.68
388,20.68,20.68,20.68,20.68,20.68,20.68,20.68,20.68,20.68,20.68
389,20.68,20.68,20.68,20.68,20.68,20.68,20.68,20.68,20.68,20.68
390,20.68,20.68,20.68,20.68,20.68,20.68,20.68,20.68,20.68,20.68
391,20.68,20.68,20.68,20.68,20.68,20.68,20.68,20.68,20.68,20.68
392,20.68,20.68,20.68,20.68,20.68,20.68,20.68,20.68,20.68,20.68
393,20.68,20.68,20.68,20.68,20.68,20.68,20.68,20.68,20.68,20.68
394,20.68,20.68,20.68,20.68,20.68,20.68,20.68,20.68,20.68,20.68
395,20.68,20.68,20.68,20.68,20.68,20.68,20.68,20.68,20.68,20.68
396,20.68,20.68,20.68,20.68,20.68,20.68,20.68,20.68,20.68,20.68
397,20.68,20.68,20.68,20.68,20.68,20.68,20.68,20.68,20.68,20.68
398,20.68,20.68,20.68,20.68,20.68,20.68,20.68,20.68,20.68,20.68
399,20.68,20.68,20.68,20.68,20.68,20.68,20.68,20.68,20.68,20.68
400,20.68,20.68,20.68,20.68,20.68,20.68,20.68,20.68,20.68,20.68
401,20.68,20.68,20.68,20.68,20.68,20.68,20.68,20.68,20.68,20.68
402,20.68,20.68,20.68,20.68,20.68,20.68,20.68,20.68,20.68,20.68
403,20.68,20.68,20.68,20.68,20.68,20.68,20.68,20.68,20.68,20.68
404,20.68,20.68,20.68,20.68,20.68,20.68,20.68,20.68,20.68,20.68
405,20.68,20.68,20.68,20.68,20.68,20.68,20.68,20.68,20.68,20.68
406,20.68,20.68,20.68,20.68,20.68,20.68,20.68,20.68,20.68,20.68
407,20.68,20.68,20.68,20.68,20.68,20.68,20.68,20.68,20.68,20.68
408,20.68,20.68,20.68,20.68,20.68,20.68,20.68,20.68,20.68,20.68
409,20.68,20.68,20.68,20.68,20.68,20.68,20.68,20.68,20.68,20.68
410,20.68,20.68,20.68,20.68,20.68,20.68,20.68,20.68,20.68,20.68
411,20.68,20.68,20.68,20.68,20.68,20.68,20.68,20.68,20.68,20.68
412,20.68,20.68,20.68,20.68,20.68,20.68,20.68,20.68,20.68,20.68
413,20.68,20.68,20.68,20.68,20.68,20.68,20.68,20.68,20.68,20.68
414,20.68,20.68,20.68,20.68,20.68,20.68,20.68,20.68,20.68,20.68
415,20.68,20.68,20.68,20.68,20.68,20.68,20.68,20.68,20.68,20.68
416,20.68,20.68,20.68,20.68,20.68,20.68,20.68,20.68,20.68,20.68
417,20.68,20.68,20.68,20.68,20.68,20.68,20.68,20.68,20.68,20.68
418,20.68,20.68,20.68,20.68,20.68,20.68,20.68,20.68,20.68,20.68
419,20.68,20.68,20.68,20.68,20.68,20.68,20.68,20.68,20.68,20.68
420,20.68,20.68,20.68,20.68,20.68,20.68,20.68,20.68,20.68,20.68
421,20.68,20.68,20.68,20.68,20.68,20.68,20.68,20.68,20.68,20.68
422,20.68,20.68,20.68,20.68,20.68,20.68,20.68,20.68,20.68,20.68
423,20.68,20.68,20.68,20.68,20.68,20.68,20.68,20.68,20.68,20.68
424,20.68,20.68,20.68,20.68,20.68,20.68,20.68,20.68,20.68,20.68
425,20.68,20.68,20.68,20.68,20.68,20.68,20.68,20.68,20.68,20.68
426,20.68,20.68,20.68,20.68,20.68,20.68,20.68,20.68,20.68,20.68
427,20.68,20.68,20.68,20.68,20.68,20.68,20.68,20.68,20.68,20.68
428,20.68,20.68,20.68,20.68,20.68,20.68,20.68,20.68,20.68,20.68
429,20.68,20.68,20.68,20.68,20.68,20.68,20.68,20.68,20.68,20.68
430,20.68,20.68,20.68,20.68,20.68,20.68,20.68,20.68,20.68,20.68
431,20.68,20.68,20.68,20.68,20.68,20.68,20.68,20.68,20.68,20.68
432,20.68,20.68,20.68,20.68,20.68,20.68,20.68,20.68,20.68,20.68
433,20.68,20.68,20.68,20.68,20.68,20.68,20.68,20.68,20.68,20.68
434,20.68,20.68,20.68,20.68,20.68,20.68,20.68,20.68,20.68,20.68
435,20.68,20.68,20.68,20.68,20.68,20.68,20.68,20.68,20.68,20.68
436,20.68,20.68,20.68,20.68,20.68,20.68,20.68,20.68,20.68,20.68
437,20.68,20.68,20.68,20.68,20.68,20.68,20.68,20.68,20.68,20.68
438,20.68,20.68,20.68,20.68,20.68,20.68,20.68,20.68,20.68,20.68
439,20.68,20.68,20.68,20.68,20.68,20.68,20.68,20.68,20.68,20.68
440,20.68,20.68,20.68,20.68,20.68,20.68,20.68,20.68,20.68,20.68
441,20.68,20.68,20.68,20.68,20.68,20.68,20.68,20.68,20.68,20.68
442,20.68,20.68,20.68,20.68,20.68,20.68,20.68,20.68,20.68,20.68
443,20.68,20.68,20.68,20.68,20.68,20.68,20.68,20.68,20.68,20.68
444,20.68,20.68,20.68,20.68,20.68,20.68,20.68,20.68,20.68,20.68
445,20.68,20.68,20.68,20.68,20.68,20.68,20.68,20.68,20.68,20.68
446,20.68,20.68,20.68,20.68,20.68,20.68,20.68,20.68,20.68,20.68
447,20.68,20.68,20.68,20.68,20.68,20.68,20.68,20.68,20.68,20.68
448,20.68,20.68,20.68,20.68,20.68,20.68,20.68,20.68,20.68,20.68
449,20.68,20.68,20.68,20.68,20.68,20.68,20.68,20.68,20.68,20.68
450,20.68,20.68,20.68,20.68,20.68,20.68,20.68,20.68,20.68,20.68
451,20.68,20.68,20.68,20.68,20.68,20.68,20.68,20.68,20.68,20.68
452,20.68,20.68,20.68,20.68,20.68,20.68,20.68,20.68,20.68,20.68
453,20.68,20.68,20.68,20.68,20.68,20.68,20.68,20.68,20.68,20.68
454,20.68,20.68,20.68,20.68,20.68,20.68,20.68,20.68,20.68,20.68
455,20.68,20.68,20.68,20.68,20.68,20.68,20.68,20.68,20.68,20.68
456,20.68,20.68,20.68,20.68,20.68,20.68,20.68,20.68,20.68,20.68
457,20.68,20.68,20.68,20.68,20.68,20.68,20.68,20.68,20.68,20.68
458,20.68,20.68,20.68,20.68,20.68,20.68,20.68,20.68,20.68,20.68
459,20.68,20.68,20.68,20.68,20.68,20.68,20.68,20.68,20.68,20.68
460,20.68,20.68,20.68,20.68,20.68,20.68,20.68,20.68,20.68,20.68
461,20.68,20.68,20.68,20.68,20.68,20.68,20.68,20.68,20.68,20.68
462,20.68,20.68,20.68,20.68,20.68,20.68,20.68,20.68,20.68,20.68
463,20.68,20.68,20.68,20.68,20.68,20.68,20.68,20.68,20.68,20.68
464,20.68,20.68,20.68,20.68,20.68,20.68,20.68,20.68,20.68,20.68
465,20.68,20.68,20.68,20.68,20.68,20.68,20.68,20.68,20.68,20.68
466,20.68,20.68,20.68,20.68,20.68,20.68,20.68,20.68,20.68,20.68
467,20.68,20.68,20.68,20.68,20.68,20.68,20.68,20.68,20.68,20.68
468,20.68,20.68,20.68,20.68,20.68,20.68,20.68,20.68,20.68,20.68
469,20.68,20.68,20.68,20.68,20.68,20.68,20.68,20.68,20.68,20.68
470,20.68,20.68,20.68,20.68,20.68,20.68,20.68,20.68,20.68,20.68
471,20.68,20.68,20.68,20.68,20.68,20.68,20.68,20.68,20.68,20.68
472,20.68,20.68,20.68,20.68,20.68,20.68,20.68,20.68,20.68,20.68
473,20.68,20.68,20.68,20.68,20.68,20.68,20.68,20.68,20.68,20.68
474,20.68,20.68,20.68,20.68,20.68,20.68,20.68,20.68,20.68,20.68
475,20.68,20.68,20.68,20.68,20.68,20.68,20.68,20.68,20.68,20.68
476,20.68,20.68,20.68,20.68,20.68,20.68,20.68,20.68,20.68,20.68
477,20.68,20.68,20.68,20.68,20.68,20.68,20.68,20.68,20.68,20.68
478,20.68,20.68,20.68,20.68,20.68,20.68,20.68,20.68,20.68,20.68
479,20.68,20.68,20.68,20.68,20.68,20.68,20.68,20.68,20.68,20.68
480,20.68,20.68,20.68,20.68,20.68,20.68,20.68,20.68,20.68,20.68
481,20.68,20.68,20.68,20.68,20.68,20.68,20.68,20.68,20.68,20.68
482,20.68,20.68,20.68,20.68,20.68,20.68,20.68,20.68,20.68,20.68
483,20.68,20.68,20.68,20.68,20.68,20.68,20.68,20.68,20.68,20.68
484,20.68,20.68,20.68,20.68,20.68,20.68,20.68,20.68,20.68,20.68
485,20.68,20.68,20.68,20.68,20.68,20.68,20.68,20.68,20.68,20.68
486,20.68,20.68,20.68,20.68,20.68,20.68,20.68,20.68,20.68,20.68
487,20.68,20.68,20.68,20.68,20.68,20.68,20.68,20.68,20.68,20.68
488,20.68,20.68,20.68,20.68,20.68,20.68,20.68,20.68,20.68,20.68
489,20.68,20.68,20.68,20.68,20.68,20.68,20.68,20.68,20.68,20.68
490,20.68,20.68,20.68,20.68,20.68,20.68,20.68,20.68,20.68,20.68
491,20.68,20.68,20.68,20.68,20.68,20.68,20.68,20.68,20.68,20.68
492,20.68,20.68,20.68,20.68,20.68,20.68,20.68,20.68,20.68,20.68
493,20.68,20.68,20.68,20.68,20.68,20.68,20.68,20.68,20.68,20.68
494,20.68,20.68,20.68,20.68,20.68,20.68,20.68,20.68,20.68,20.68
495,20.68,20.68,20.68,20.68,20.68,20.68,20.68,20.68,20.68,20.68
496,20.68,20.68,20.68,20.68,20.68,20.68,20.68,20.68,20.68,20.68
497,20.68,20.68,20.68,20.68,20.68,20.68,20.68,20.68,20.68,20.68
498,20.68,20.68,20.68,20.68,20.68,20.68,20.68,20.68,20.68,20.68
499,20.68,20.68,20.68,20.68,20.68,20.68,20.68,20.68,20.68,20.68
500,20.68,20.68,20.68,20.68,20.68,20.68,20.68,20.68,20.68,20.68
501,20.68,20.68,20.68,20.68,20.68,20.68,20.68,20.68,20.68,20.68
502,20.68,20.68,20.68,20.68,20.68,20.68,20.68,20.68,20.68,20.68
503,20.68,20.68,20.68,20.68,20.68,20.68,20.68,20.68,20.68,20.68
504,20.68,20.68,20.68,20.68,20.68,20.68,20.68,20.68,20.68,20.68
505,20.68,20.68,20.68,20.68,20.68,20.68,20.68,20.68,20.68,20.68
506,20.68,20.68,20.68,20.68,20.68,20.68,20.68,20.68,20.68,20.68
507,20.68,20.68,20.68,20.68,20.68,20.68,20.68,20.68,20.68,20.68
508,20.68,20.68,20.68,20.68,20.68,20.68,20.68,20.68,20.68,20.68
509,20.68,20.68,20.68,20.68,20.68,20.68,20.68,20.68,20.68,20.68
510,20.68,20.68,20.68,20.68,20.68,20.68,20.68,20.68,20.68,20.68
511,20.68,20.68,20.68,20.68,20.68,20.68,20.68,20.68,20.68,20.68
512,20.68,20.68,20.68,20.68,20.68,20.68,20.68,20.68,20.68,20.68
513,20.68,20.68,20.68,20.68,20.68,20.68,20.68,20.68,20.68,20.68
514,20.68,20.68,20.68,20.68,20.68,20.68,20.68,20.68,20.68,20.68
515,20.68,20.68,20.68,20.68,20.68,20.68,20.68,20.68,20.68,20.68
516,20.68,20.68,20.68,20.68,20.68,20.68,20.68,20.68,20.68,20.68
517,20.68,20.68,20.68,20.68,20.68,20.68,20.68,20.68,20.68,20.68
518,20.68,20.68,20.68,20.68,20.68,20.68,20.68,20.68,20.68,20.68
519,20.68,20.68,20.68,20.68,20.68,20.68,20.68,20.68,20.68,20.68
520,20.68,20.68,20.68,20.68,20.68,20.68,20.68,20.68,20.68,20.68
521,20.68,20.68,20.68,20.68,20.68,20.68,20.68,20.68,20.68,20.68
522,20.68,20.68,20.68,20.68,20.68,20.68,20.68,20.68,20.68,20.68
523,20.68,20.68,20.68,20.68,20.68,20.68,20.68,20.68,20.68,20.68
524,20.68,20.68,20.68,20.68,20.68,20.68,20.68,20.68,20.68,20.68
525,20.68,20.68,20.68,20.68,20.68,20.68,20.68,20.68,20.68,20.68
526,20.68,20.68,20.68,20.68,20.68,20.68,20.68,20.68,20.68,20.68
527,20.68,20.68,20.68,20.68,20.68,20.68,20.68,20.68,20.68,20.68
528,20.68,20.68,20.68,20.68,20.68,20.68,20.68,20.68,20.68,20.68
529,20.68,20.68,20.68,20.68,20.68,20.68,20.68,20.68,20.68,20.68
530,20.68,20.68,20.68,20.68,20.68,20.68,20.68,20.68,20.68,20.68
531,20.68,20.68,20.68,20.68,20.68,20.68,20.68,20.68,20.68,20.68
532,20.68,20.68,20.68,20.68,20.68,20.68,20.68,20.68,20.68,20.68
533,20.68,20.68,20.68,20.68,20.68,20.68,20.68,20.68,20.68,20.68
534,20.68,20.68,20.68,20.68,20.68,20.68,20.68,20.68,20.68,20.68
535,20.68,20.68,20.68,20.68,20.68,20.68,20.68,20.68,20.68,20.68
536,20.68,20.68,20.68,20.68,20.68,20.68,20.68,20.68,20.68,20.68
537,20.68,20.68,20.68,20.68,20.68,20.68,20.68,20.68,20.68,20.68
538,20.68,20.68,20.68,20.68,20.68,20.68,20.68,20.68,20.68,20.68
539,20.68,20.68,20.68,20.68,20.68,20.68,20.68,20.68,20.68,20.68
540,20.68,20.68,20.68,20.68,20.68,20.68,20.68,20.68,20.68,20.68
541,20.68,20.68,20.68,20.68,20.68,20.68,20.68,20.68,20.68,20.68
542,20.68,20.68,20.68,20.68,20.68,20.68,20.68,20.68,20.68,20.68
543,20.68,20.68,20.68,20.68,20.68,20.68,20.68,20.68,20.68,20.68
544,20.68,20.68,20.68,20.68,20.68,20.68,20.68,20.68,20.68,20.68
545,20.68,20.68,20.68,20.68,20.68,20.68,20.68,20.68,20.68,20.68
546,20.68,20.68,20.68,20.68,20.68,20.68,20.68,20.68,20.68,20.68
547,20.68,20.68,20.68,20.68,20.68,20.68,20.68,20.68,20.68,20.68
548,20.68,20.68,20.68,20.68,20.68,20.68,20.68,20.68,20.68,20.68
549,20.68,20.68,20.68,20.68,20.68,20.68,20.68,20.68,20.68,20.68
550,20.68,20.68,20.68,20.68,20.68,20.68,20.68,20.68,20.68,20.68
551,20.68,20.68,20.68,20.68,20.68,20.68,20.68,20.68,20.68,20.68
552,20.68,20.68,20.68,20.68,20.68,20.68,20.68,20.68,20.68,20.68
553,20.68,20.68,20.68,20.68,20.68,20.68,20.68,20.68,20.68,20.68
554,20.68,20.68,20.68,20.68,20.68,20.68,20.68,20.68,20.68,20.68
555,20.68,20.68,20.68,20.68,20.68,20.68,20.68,20.68,20.68,20.68
556,20.68,20.68,20.68,20.68,20.68,20.68,20.68,20.68,20.68,20.68
557,20.68,20.68,20.68,20.68,20.68,20.68,20.68,20.68,20.68,20.68
558,20.68,20.68,20.68,20.68,20.68,20.68,20.68,20.68,20.68,20.68
559,20.68,20.68,20.68,20.68,20.68,20.68,20.68,20.68,20.68,20.68
560,20.68,20.68,20.68,20.68,20.68,20.68,20.68,20.68,20.68,20.68
561,20.68,20.68,20.68,20.68,20.68,20.68,20.68,20.68,20.68,20.68
562,20.68,20.68,20.68,20.68,20.68,20.68,20.68,20.68,20.68,20.68
563,20.68,20.68,20.68,20.68,20.68,20.68,20.68,20.68,20.68,20.68
564,20.68,20.68,20.68,20.68,20.68,20.68,20.68,20.68,20.68,20.68
565,20.68,20.68,20.68,20.68,20.68,20.68,20.68,20.68,20.68,20.68
566,20.68,20.68,20.68,20.68,20.68,20.68,20.68,20.68,20.68,20.68
567,20.68,20.68,20.68,20.68,20.68,20.68,20.68,20.68,20.68,20.68
568,20.68,20.68,20.68,20.68,20.68,20.68,20.68,20.68,20.68,20.68
569,20.68,20.68,20.68,20.68,20.68,20.68,20.68,20.68,20.68,20.68
570,20.68,20.68,20.68,20.68,20.68,20.68,20.68,20.68,20.68,20.68
571,20.68,20.68,20.68,20.68,20.68,20.68,20.68,20.68,20.68,20.68
572,20.68,20.68,20.68,20.68,20.68,20.68,20.68,20.68,20.68,20.68
573,20.68,20.68,20.68,20.68,20.68,20.68,20.68,20.68,20.68,20.68
574,20.68,20.68,20.68,20.68,20.68,20.68,20.68,20.68,20.68,20.68
575,20.68,20.68,20.68,20.68,20.68,20.68,20.68,20.68,20.68,20.68
576,20.68,20.68,20.68,20.68,20.68,20.68,20.68,20.68,20.68,20.68
577,20.68,20.68,20.68,20.68,20.68,20.68,20.68,20.68,20.68,20.68
578,20.68,20.68,20.68,20.68,20.68,20.68,20.68,20.68,20.68,20.68
579,20.68,20.68,20.68,20.68,20.68,20.68,20.68,20.68,20.68,20.68
580,20.68,20.68,20.68,20.68,20.68,20.68,20.68,20.68,20.68,20.68
581,20.68,20.68,20.68,20.68,20.68,20.68,20.68,20.68,20.68,20.68
582,20.68,20.68,20.68,20.68,20.68,20.68,20.68,20.68,20.68,20.68
583,20.68,20.68,20.68,20.68,20.68,20.68,20.68,20.68,20.68,20.68
584,20.68,20.68,20.68,20.68,20.68,20.68,20.68,20.68,20.68,20.68
585,20.68,20.68,20.68,20.68,20.68,20.68,20.68,20.68,20.68,20.68
586,20.68,20.68,20.68,20.68,20.68,20.68,20.68,20.68,20.68,20.68
587,20.68,20.68,20.68,20.68,20.68,20.68,20.68,20.68,20.68,20.68
588,20.68,20.68,20.68,20.68,20.68,20.68,20.68,20.68,20.68,20.68
589,20.68,20.68,20.68,20.68,20.68,20.68,20.68,20.68,20.68,20.68
590,20.68,20.68,20.68,20.68,20.68,20.68,20.68,20.68,20.68,20.68
591,20.68,20.68,20.68,20.68,20.68,20.68,20.68,20.68,20.68,20.68
592,20.68,20.68,20.68,20.68,20.68,20.68,20.68,20.68,20.68,20.68
593,20.68,20.68,20.68,20.68,20.68,20.68,20.68,20.68,20.68,20.68
594,20.68,20.68,20.68,20.68,20.68,20.68,20.68,20.68,20.68,20.68
595,20.68,20.68,20.68,20.68,20.68,20.68,20.68,20.68,20.68,20.68
596,20.68,20.68,20.68,20.68,20.68,20.68,20.68,20.68,20.68,20.68
597,20.68,20.68,20.68,20.68,20.68,20.68,20.68,20.68,20.68,20.68
598,20.68,20.68,20.68,20.68,20.68,20.68,20.68,20.68,20.68,20.68
599,20.68,20.68,20.68,20.68,20.68,20.68,20.68,20.68,20.68,20.68
600,20.68,20.68,20.68,20.68,20.68,20.68,20.68,20.68,20.68,20.68
601,20.68,20.68,20.68,20.68,20.68,20.68,20.68,20.68,20.68,20.68
602,20.68,20.68,20.68,20.68,20.68,20.68,20.68,20.68,20.68,20.68
603,20.68,20.68,20.68,20.68,20.68,20.68,20.68,20.68,20.68,20.68
604,20.68,20.68,20.68,20.68,20.68,20.68,20.68,20.68,20.68,20.68
605,20.68,20.68,20.68,20.68,20.68,20.68,20.68,20.68,20.68,20.68
606,20.68,20.68,20.68,20.68,20.68,20.68,20.68,20.68,20.68,20.68
607,20.68,20.68,20.68,20.68,20.68,20.68,20.68,20.68,20.68,20.68
608,20.68,20.68,20.68,20.68,20.68,20.68,20.68,20.68,20.68,20.68
609,20.68,20.68,20.68,20.68,20.68,20.68,20.68,20.68,20.68,20.68
610,20.68,20.68,20.68,20.68,20.68,20.68,20.68,20.68,20.68,20.68
611,20.68,20.68,20.68,20.68,20.68,20.68,20.68,20.68,20.68,20.68
612,20.68,20.68,20.68,20.68,20.68,20.68,20.68,20.68,20.68,20.68
613,20.68,20.68,20.68,20.68,20.68,20.68,20.68,20.68,20.68,20.68
614,20.68,20.68,20.68,20.68,20.68,20.68,20.68,20.68,20.68,20.68
615,20.68,20.68,20.68,20.68,20.68,20.68,20.68,20.68,20.68,20.68
616,20.68,20.68,20.68,20.68,20.68,20.68,20.68,20.68,20.68,20.68
617,20.68,20.68,20.68,20.68,20.68,20.68,20.68,20.68,20.68,20.68
618,20.68,20.68,20.68,20.68,20.68,20.68,20.68,20.68,20.68,20.68
619,20.68,20.68,20.68,20.68,20.68,20.68,20.68,20.68,20.68,20.68
620,20.68,20.68,20.68,20.68,20.68,20.68,20.68,20.68,20.68,20.68
621,20.68,20.68,20.68,20.68,20.68,20.68,20.68,20.68,20.68,20.68
622,20.68,20.68,20.68,20.68,20.68,20.68,20.68,20.68,20.68,20.68
623,20.68,20.68,20.68,20.68,20.68,20.68,20.68,20.68,20.68,20.68
624,20.68,20.68,20.68,20.68,20.68,20.68,20.68,20.68,20.68,20.68
625,20.68,20.68,20.68,20.68,20.68,20.68,20.68,20.68,20.68,20.68
626,20.68,20.68,20.68,20.68,20.68,20.68,20.68,20.68,20.68,20.68
627,20.68,20.68,20.68,20.68,20.68,20.68,20.68,20.68,20.68,20.68
628,20.68,20.68,20.68,20.68,20.68,20.68,20.68,20.68,20.68,20.68
629,20.68,20.68,20.68,20.68,20.68,20.68,20.68,20.68,20.68,20.68
630,20.68,20.68,20.68,20.68,20.68,20.68,20.68,20.68,20.68,20.68
631,20.68,20.68,20.68,20.68,20.68,20.68,20.68,20.68,20.68,20.68
632,20.68,20.68,20.68,20.68,20.68,20.68,20.68,20.68,20.68,20.68
633,20.68,20.68,20.68,20.68,20.68,20.68,20.68,20.68,20.68,20.68
634,20.68,20.68,20.68,20.68,20.68,20.68,20.68,20.68,20.68,20.68
635,20.68,20.68,20.68,20.68,20.68,20.68,20.68,20.68,20.68,20.68
636,20.68,20.68,20.68,20.68,20.68,20.68,20.68,20.68,20.68,20.68
637,20.68,20.68,20.68,20.68,20.68,20.68,20.68,20.68,20.68,20.68
638,20.68,20.68,20.68,20.68,20.68,20.68,20.68,20.68,20.68,20.68
639,20.68,20.68,20.68,20.68,20.68,20.68,20.68,20.68,20.68,20.68
640,20.68,20.68,20.68,20.68,20.68,20.68,20.68,20.68,20.68,20.68
641,20.68,20.68,20.68,20.68,20.68,20.68,20.68,20.68,20.68,20.68
642,20.68,20.68,20.68,20.68,20.68,20.68,20.68,20.68,20.68,20.68
643,20.68,20.68,20.68,20.68,20.68,20.68,20.68,20.68,20.68,20.68
644,20.68,20.68,20.68,20.68,20.68,20.68,20.68,20.68,20.68,20.68
645,20.68,20.68,20.68,20.68,20.68,20.68,20.68,20.68,20.68,20.68
646,20.68,20.68,20.68,20.68,20.68,20.68,20.68,20.68,20.68,20.68
647,20.68,20.68,20.68,20.68,20.68,20.68,20.68,20.68,20.68,20.68
648,20.68,20.68,20.68,20.68,20.68,20.68,20.68,20.68,20.68,20.68
649,20.68,20.68,20.68,20.68,20.68,20.68,20.68,20.68,20.68,20.68
650,20.68,20.68,20.68,20.68,20.68,20.68,20.68,20.68,20.68,20.68
651,20.68,20.68,20.68,20.68,20.68,20.68,20.68,20.68,20.68,20.68
652,20.68,20.68,20.68,20.68,20.68,20.68,20.68,20.68,20.68,20.68
653,20.68,20.68,20.68,20.68,20.68,20.68,20.68,20.68,20.68,20.68
654,20.68,20.68,20.68,20.68,20.68,20.68,20.68,20.68,20.68,20.68
655,20.68,20.68,20.68,20.68,20.68,20.68,20.68,20.68,20.68,20.68
656,20.68,20.68,20.68,20.68,20.68,20.68,20.68,20.68,20.68,20.68
657,20.68,20.68,20.68,20.68,20.68,20.68,20.68,20.68,20.68,20.68
658,20.68,20.68,20.68,20.68,20.68,20.68,20.68,20.68,20.68,20.68
659,20.68,20.68,20.68,20.68,20.68,20.68,20.68,20.68,20.68,20.68
660,20.68,20.68,20.68,20.68,20.68,20.68,20.68,20.68,20.68,20.68
661,20.68,20.68,20.68,20.68,20.68,20.68,20.68,20.68,20.68,20.68
662,20.68,20.68,20.68,20.68,20.68,20.68,20.68,20.68,20.68,20.68
663,20.68,20.68,20.68,20.68,20.68,20.68,20.68,20.68,20.68,20.68
664,20.68,20.68,20.68,20.68,20.68,20.68,20.68,20.68,20.68,20.68
665,20.68,20.68,20.68,20.68,20.68,20.68,20.68,20.68,20.68,20.68
666,20.68,20.68,20.68,20.68,20.68,20.68,20.68,20.68,20.68,20.68
667,20.68,20.68,20.68,20.68,20.68,20.68,20.68,20.68,20.68,20.68
668,20.68,20.68,20.68,20.68,20.68,20.68,20.68,20.68,20.68,20.68
669,20.68,20.68,20.68,20.68,20.68,20.68,20.68,20.68,20.68,20.68
670,20.68,20.68,20.68,20.68,20.68,20.68,20.68,20.68,20.68,20.68
671,20.68,20.68,20.68,20.68,20.68,20.68,20.68,20.68,20.68,20.68
672,20.68,20.68,20.68,20.68,20.68,20.68,20.68,20.68,20.68,20.68
673,20.68,20.68,20.68,20.68,20.68,20.68,20.68,20.68,20.68,20.68
674,20.68,20.68,20.68,20.68,20.68,20.68,20.68,20.68,20.68,20.68
675,20.68,20.68,20.68,20.68,20.68,20.68,20.68,20.68,20.68,20.68
676,20.68,20.68,20.68,20.68,20.68,20.68,20.68,20.68,20.68,20.68
677,20.68,20.68,20.68,20.68,20.68,20.68,20.68,20.68,20.68,20.68
678,20.68,20.68,20.68,20.68,20.68,20.68,20.68,20.68,20.68,20.68
679,20.68,20.68,20.68,20.68,20.68,20.68,20.68,20.68,20.68,20.68
680,20.68,20.68,20.68,20.68,20.68,20.68,20.68,20.68,20.68,20.68
681,20.68,20.68,20.68,20.68,20.68,20.68,20.68,20.68,20.68,20.68
682,20.68,20.68,20.68,20.68,20.68,20.68,20.68,20.68,20.68,20.68
683,20.68,20.68,20.68,20.68,20.68,20.68,20.68,20.68,20.68,20.68
684,20.68,20.68,20.68,20.68,20.68,20.68,20.68,20.68,20.68,20.68
685,20.68,20.68,20.68,20.68,20.68,20.68,20.68,20.68,20.68,20.68
686,20.68,20.68,20.68,20.68,20.68,20.68,20.68,20.68,20.68,20.68
687,20.68,20.68,20.68,20.68,20.68,20.68,20.68,20.68,20.68,20.68
688,20.68,20.68,20.68,20.68,20.68,20.68,20.68,20.68,20.68,20.68
689,20.68,20.68,20.68,20.68,20.68,20.68,20.68,20.68,20.68,20.68
690,20.68,20.68,20.68,20.68,20.68,20.68,20.68,20.68,20.68,20.68
691,20.68,20.68,20.68,20.68,20.68,20.68,20.68,20.68,20.68,20.68
692,20.68,20.68,20.68,20.68,20.68,20.68,20.68,20.68,20.68,20.68
693,20.68,20.68,20.68,20.68,20.68,20.68,20.68,20.68,20.68,20.68
694,20.68,20.68,20.68,20.68,20.68,20.68,20.68,20.68,20.68,20.68
695,20.68,20.68,20.68,20.68,20.68,20.68,20.68,20.68,20.68,20.68
696,20.68,20.68,20.68,20.68,20.68,20.68,20.68,20.68,20.68,20.68
697,20.68,20.68,20.68,20.68,20.68,20.68,20.68,20.68,20.68,20.68
698,20.68,20.68,20.68,20.68,20.68,20.68,20.68,20.68,20.68,20.68
699,20.68,20.68,20.68,20.68,20.68,20.68,20.68,20.68,20.68,20.68
700,20.68,20.68,20.68,20.68,20.68,20.68,20.68,20.68,20.68,20.68
701,20.68,20.68,20.68,20.68,20.68,20.68,20.68,20.68,20.68,20.68
702,20.68,20.68,20.68,20.68,20.68,20.68,20.68,20.68,20.68,20.68
703,20.68,20.68,20.68,20.68,20.68,20.68,20.68,20.68,20.68,20.68
704,20.68,20.68,20.68,20.68,20.68,20.68,20.68,20.68,20.68,20.68
705,20.68,20.68,20.68,20.68,20.68,20.68,20.68,20.68,20.68,20.68
706,20.68,20.68,20.68,20.68,20.68,20.68,20.68,20.68,20.68,20.68
707,20.68,20.68,20.68,20.68,20.68,20.68,20.68,20.68,20.68,20.68
708,20.68,20.68,20.68,20.68,20.68,20.68,20.68,20.68,20.68,20.68
709,20.68,20.68,20.68,20.68,20.68,20.68,20.68,20.68,20.68,20.68
710,20.68,20.68,20.68,20.68,20.68,20.68,20.68,20.68,20.68,20.68
711,20.68,20.68,20.68,20.68,20.68,20.68,20.68,20.68,20.68,20.68
712,20.68,20.68,20.68,20.68,20.68,20.68,20.68,20.68,20.68,20.68
713,20.68,20.68,20.68,20.68,20.68,20.68,20.68,20.68,20.68,20.68
714,20.68,20.68,20.68,20.68,20.68,20.68,20.68,20.68,20.68,20.68
715,20.68,20.68,20.68,20.68,20.68,20.68,20.68,20.68,20.68,20.68
716,20.68,20.68,20.68,20.68,20.68,20.68,20.68,20.68,20.68,20.68
717,20.68,20.68,20.68,20.68,20.68,20.68,20.68,20.68,20.68,20.68
718,20.68,20.68,20.68,20.68,20.68,20.68,20.68,20.68,20.68,20.68
719,20.68,20.68,20.68,20.68,20.68,20.68,20.68,20.68,20.68,20.68
720,20.68,20.68,20.68,20.68,20.68,20.68,20.68,20.68,20.68,20.68
721,20.68,20.68,20.68,20.68,20.68,20.68,20.68,20.68,20.68,20.68
722,20.68,20.68,20.68,20.68,20.68,20.68,20.68,20.68,20.68,20.68
723,20.68,20.68,20.68,20.68,20.68,20.68,20.68,20.68,20.68,20.68
724,20.68,20.68,20.68,20.68,20.68,20.68,20.68,20.68,20.68,20.68
725,20.68,20.68,20.68,20.68,20.68,20.68,20.68,20.68,20.68,20.68
726,20.68,20.68,20.68,20.68,20.68,20.68,20.68,20.68,20.68,20.68
727,20.68,20.68,20.68,20.68,20.68,20.68,20.68,20.68,20.68,20.68
728,20.68,20.68,20.68,20.68,20.68,20.68,20.68,20.68,20.68,20.68
729,20.68,20.68,20.68,20.68,20.68,20.68,20.68,20.68,20.68,20.68
730,20.68,20.68,20.68,20.68,20.68,20.68,20.68,20.68,20.68,20.68
731,20.68,20.68,20.68,20.68,20.68,20.68,20.68,20.68,20.68,20.68
732,20.68,20.68,20.68,20.68,20.68,20.68,20.68,20.68,20.68,20.68
733,20.68,20.68,20.68,20.68,20.68,20.68,20.68,20.68,20.68,20.68
734,20.68,20.68,20.68,20.68,20.68,20.68,20.68,20.68,20.68,20.68
735,20.68,20.68,20.68,20.68,20.68,20.68,20.68,20.68,20.68,20.68
736,20.68,20.68,20.68,20.68,20.68,20.68,20.68,20.68,20.68,20.68
737,20.68,20.68,20.68,20.68,20.68,20.68,20.68,20.68,20.68,20.68
738,20.68,20.68,20.68,20.68,20.68,20.68,20.68,20.68,20.68,20.68
739,20.68,20.68,20.68,20.68,20.68,20.68,20.68,20.68,20.68,20.68
740,20.68,20.68,20.68,20.68,20.68,20.68,20.68,20.68,20.68,20.68
741,20.68,20.68,20.68,20.68,20.68,20.68,20.68,20.68,20.68,20.68
742,20.68,20.68,20.68,20.68,20.68,20.68,20.68,20.68,20.68,20.68
743,20.68,20.68,20.68,20.68,20.68,20.68,20.68,20.68,20.68,20.68
744,20.68,20.68,20.68,20.68,20.68,20.68,20.68,20.68,20.68,20.68
745,20.68,20.68,20.68,20.68,20.68,20.68,20.68,20.68,20.68,20.68
746,20.68,20.68,20.68,20.68,20.68,20.68,20.68,20.68,20.68,20.68
747,20.68,20.68,20.68,20.68,20.68,20.68,20.68,20.68,20.68,20.68
748,20.68,20.68,20.68,20.68,20.68,20.68,20.68,20.68,20.68,20.68
749,20.68,20.68,20.68,20.68,20.68,20.68,20.68,20.68,20.68,20.68
750,20.68,20.68,20.68,20.68,20.68,20.68,20.68,20.68,20.68,20.68
751,20.68,20.68,20.68,20.68,20.68,20.68,20.68,20.68,20.68,20.68
752,20.68,20.68,20.68,20.68,20.68,20.68,20.68,20.68,20.68,20.68
753,20.68,20.68,20.68,20.68,20.68,20.68,20.68,20.68,20.68,20.68
754,20.68,20.68,20.68,20.68,20.68,20.68,20.68,20.68,20.68,20.68
755,20.68,20.68,20.68,20.68,20.68,20.68,20.68,20.68,20.68,20.68
756,20.68,20.68,20.68,20.68,20.68,20.68,20.68,20.68,20.68,20.68
757,20.68,20.68,20.68,20.68,20.68,20.68,20.68,20.68,20.68,20.68
758,20.68,20.68,20.68,20.68,20.68,20.68,20.68,20.68,20.68,20.68
759,20.68,20.68,20.68,20.68,20.68,20.68,20.68,20.68,20.68,20.68
760,20.68,20.68,20.68,20.68,20.68,20.68,20.68,20.68,20.68,20.68
761,20.68,20.68,20.68,20.68,20.68,20.68,20.68,20.68,20.68,20.68
762,20.68,20.68,20.68,20.68,20.68,20.68,20.68,20.68,20.68,20.68
763,20.68,20.68,20.68,20.68,20.68,20.68,20.68,20.68,20.68,20.68
764,20.68,20.68,20.68,20.68,20.68,20.68,20.68,20.68,20.68,20.68
765,20.68,20.68,20.68,20.68,20.68,20.68,20.68,20.68,20.68,20.68
766,20.68,20.68,20.68,20.68,20.68,20.68,20.68,20.68,20.68,20.68
767,20.68,20.68,20.68,20.68,20.68,20.68,20.68,20.68,20.68,20.68
768,20.68,20.68,20.68,20.68,20.68,20.68,20.68,20.68,20.68,20.68
769,20.68,20.68,20.68,20.68,20.68,20.68,20.68,20.68,20.68,20.68
770,20.68,20.68,20.68,20.68,20.68,20.68,20.68,20.68,20.68,20.68
771,20.68,20.68,20.68,20.68,20.68,20.68,20.68,20.68,20.68,20.68
772,20.68,20.68,20.68,20.68,20.68,20.68,20.68,20.68,20.68,20.68
773,20.68,20.68,20.68,20.68,20.68,20.68,20.68,20.68,20.68,20.68
774,20.68,20.68,20.68,20.68,20.68,20.68,20.68,20.68,20.68,20.68
775,20.68,20.68,20.68,20.68,20.68,20.68,20.68,20.68,20.68,20.68
776,20.68,20.68,20.68,20.68,20.68,20.68,20.68,20.68,20.68,20.68
777,20.68,20.68,20.68,20.68,20.68,20.68,20.68,20.68,20.68,20.68
778,20.68,20.68,20.68,20.68,20.68,20.68,20.68,20.68,20.68,20.68
779,20.68,20.68,20.68,20.68,20.68,20.68,20.68,20.68,20.68,20.68
780,20.68,20.68,20.68,20.68,20.68,20.68,20.68,20.68,20.68,20.68
781,20.68,20.68,20.68,20.68,20.68,20.68,20.68,20.68,20.68,20.68
782,20.68,20.68,20.68,20.68,20.68,20.68,20.68,20.68,20.68,20.68
783,20.68,20.68,20.68,20.68,20.68,20.68,20.68,20.68,20.68,20.68
784,20.68,20.68,20.68,20.68,20.68,20.68,20.68,20.68,20.68,20.68
785,20.68,20.68,20.68,20.68,20.68,20.68,20.68,20.68,20.68,20.68
786,20.68,20.68,20.68,20.68,20.68,20.68,20.68,20.68,20.68,20.68
787,20.68,20.68,20.68,20.68,20.68,20.68,20.68,20.68,20.68,20.68
788,20.68,20.68,20.68,20.68,20.68,20.68,20.68,20.68,20.68,20.68
789,20.68,20.68,20.68,20.68,20.68,20.68,20.68,20.68,20.68,20.68
790,20.68,20.68,20.68,20.68,20.68,20.68,20.68,20.68,20.68,20.68
791,20.68,20.68,20.68,20.68,20.68,20.68,20.68,20.68,20.68,20.68
792,20.68,20.68,20.68,20.68,20.68,20.68,20.68,20.68,20.68,20.68
793,20.68,20.68,20.68,20.68,20.68,20.68,20.68,20.68,20.68,20.68
794,20.68,20.68,20.68,20.68,20.68,20.68,20.68,20.68,20.68,20.68
795,20.68,20.68,20.68,20.68,20.68,20.68,20.68,20.68,20.68,20.68
796,20.68,20.68,20.68,20.68,20.68,20.68,20.68,20.68,20.68,20.68
797,20.68,20.68,20.68,20.68,20.68,20.68,20.68,20.68,20.68,20.68
798,20.68,20.68,20.68,20.68,20.68,20.68,20.68,20.68,20.68,20.68
799,20.68,20.68,20.68,20.68,20.68,20.68,20.68,20.68,20.68,20.68
800,20.68,20.68,20.68,20.68,20.68,20.68,20.68,20.68,20.68,20.68
801,20.68,20.68,20.68,20.68,20.68,20.68,20.68,20.68,20.68,20.68
802,20.68,20.68,20.68,20.68,20.68,20.68,20.68,20.68,20.68,20.68
803,20.68,20.68,20.68,20.68,20.68,20.68,20.68,20.68,20.68,20.68
804,20.68,20.68,20.68,20.68,20.68,20.68,20.68,20.68,20.68,20.68
805,20.68,20.68,20.68,20.68,20.68,20.68,20.68,20.68,20.68,20.68
806,20.68,20.68,20.68,20.68,20.68,20.68,20.68,20.68,20.68,20.68
807,20.68,20.68,20.68,20.68,20.68,20.68,20.68,20.68,20.68,20.68
808,20.68,20.68,20.68,20.68,20.68,20.68,20.68,20.68,20.68,20.68
809,20.68,20.68,20.68,20.68,20.68,20.68,20.68,20.68,20.68,20.68
810,20.68,20.68,20.68,20.68,20.68,20.68,20.68,20.68,20.68,20.68
811,20.68,20.68,20.68,20.68,20.68,20.68,20.68,20.68,20.68,20.68
812,20.68,20.68,20.68,20.68,20.68,20.68,20.68,20.68,20.68,20.68
813,20.68,20.68,20.68,20.68,20.68,20.68,20.68,20.68,20.68,20.68
814,20.68,20.68,20.68,20.68,20.68,20.68,20.68,20.68,20.68,20.68
815,20.68,20.68,20.68,20.68,20.68,20.68,20.68,20.68,20.68,20.68
816,20.68,20.68,20.68,20.68,20.68,20.68,20.68,20.68,20.68,20.68
817,20.68,20.68,20.68,20.68,20.68,20.68,20.68,20.68,20.68,20.68
818,20.68,20.68,20.68,20.68,20.68,20.68,20.68,20.68,20.68,20.68
819,20.68,20.68,20.68,20.68,20.68,20.68,20.68,20.68,20.68,20.68
820,20.68,20.68,20.68,20.68,20.68,20.68,20.68,20.68,20.68,20.68
821,20.68,20.68,20.68,20.68,20.68,20.68,20.68,20.68,20.68,20.68
822,20.68,20.68,20.68,20.68,20.68,20.68,20.68,20.68,20.68,20.68
823,20.68,20.68,20.68,20.68,20.68,20.68,20.68,20.68,20.68,20.68
824,20.68,20.68,20.68,20.68,20.68,20.68,20.68,20.68,20.68,20.68
825,20.68,20.68,20.68,20.68,20.68,20.68,20.68,20.68,20.68,20.68
826,20.68,20.68,20.68,20.68,20.68,20.68,20.68,20.68,20.68,20.68
827,20.68,20.68,20.68,20.68,20.68,20.68,20.68,20.68,20.68,20.68
828,20.68,20.68,20.68,20.68,20.68,20.68,20.68,20.68,20.68,20.68
829,20.68,20.68,20.68,20.68,20.68,20.68,20.68,20.68,20.68,20.68
830,20.68,20.68,20.68,20.68,20.68,20.68,20.68,20.68,20.68,20.68
831,20.68,20.68,20.68,20.68,20.68,20.68,20.68,20.68,20.68,20.68
832,20.68,20.68,20.68,20.68,20.68,20.68,20.68,20.68,20.68,20.68
833,20.68,20.68,20.68,20.68,20.68,20.68,20.68,20.68,20.68,20.68
834,20.68,20.68,20.68,20.68,20.68,20.68,20.68,20.68,20.68,20.68
835,20.68,20.68,20.68,20.68,20.68,20.68,20.68,20.68,20.68,20.68
836,20.68,20.68,20.68,20.68,20.68,20.68,20.68,20.68,20.68,20.68
837,20.68,20.68,20.68,20.68,20.68,20.68,20.68,20.68,20.68,20.68
838,20.68,20.68,20.68,20.68,20.68,20.68,20.68,20.68,20.68,20.68
839,20.68,20.68,20.68,20.68,20.68,20.68,20.68,20.68,20.68,20.68
840,20.68,20.68,20.68,20.68,20.68,20.68,20.68,20.68,20.68,20.68
841,20.68,20.68,20.68,20.68,20.68,20.68,20.68,20.68,20.68,20.68
842,20.68,20.68,20.68,20.68,20.68,20.68,20.68,20.68,20.68,20.68
843,20.68,20.68,20.68,20.68,20.68,20.68,20.68,20.68,20.68,20.68
844,20.68,20.68,20.68,20.68,20.68,20.68,20.68,20.68,20.68,20.68
845,20.68,20.68,20.68,20.68,20.68,20.68,20.68,20.68,20.68,20.68
846,20.68,20.68,20.68,20.68,20.68,20.68,20.68,20.68,20.68,20.68
847,20.68,20.68,20.68,20.68,20.68,20.68,20.68,20.68,20.68,20.68
848,20.68,20.68,20.68,20.68,20.68,20.68,20.68,20.68,20.68,20.68
849,20.68,20.68,20.68,20.68,20.68,20.68,20.68,20.68,20.68,20.68
850,20.68,20.68,20.68,20.68,20.68,20.68,20.68,20.68,20.68,20.68
851,20.68,20.68,20.68,20.68,20.68,20.68,20.68,20.68,20.68,20.68
852,20.68,20.68,20.68,20.68,20.68,20.68,20.68,20.68,20.68,20.68
853,20.68,20.68,20.68,20.68,20.68,20.68,20.68,20.68,20.68,20.68
854,20.68,20.68,20.68,20.68,20.68,20.68,20.68,20.68,20.68,20.68
855,20.68,20.68,20.68,20.68,20.68,20.68,20.68,20.68,20.68,20.68
856,20.68,20.68,20.68,20.68,20.68,20.68,20.68,20.68,20.68,20.68
857,20.68,20.68,20.68,20.68,20.68,20.68,20.68,20.68,20.68,20.68
858,20.68,20.68,20.68,20.68,20.68,20.68,20.68,20.68,20.68,20.68
859,20.68,20.68,20.68,20.68,20.68,20.68,20.68,20.68,20.68,20.68
860,20.68,20.68,20.68,20.68,20.68,20.68,20.68,20.68,20.68,20.68
861,20.68,20.68,20.68,20.68,20.68,20.68,20.68,20.68,20.68,20.68
862,20.68,20.68,20.68,20.68,20.68,20.68,20.68,20.68,20.68,20.68
863,20.68,20.68,20.68,20.68,20.68,20.68,20.68,20.68,20.68,20.68
864,20.68,20.68,20.68,20.68,20.68,20.68,20.68,20.68,20.68,20.68
865,20.68,20.68,20.68,20.68,20.68,20.68,20.68,20.68,20.68,20.68
866,20.68,20.68,20.68,20.68,20.68,20.68,20.68,20.68,20.68,20.68
867,20.68,20.68,20.68,20.68,20.68,20.68,20.68,20.68,20.68,20.68
868,20.68,20.68,20.68,20.68,20.68,20.68,20.68,20.68,20.68,20.68
869,20.68,20.68,20.68,20.68,20.68,20.68,20.68,20.68,20.68,20.68
870,20.68,20.68,20.68,20.68,20.68,20.68,20.68,20.68,20.68,20.68
871,20.68,20.68,20.68,20.68,20.68,20.68,20.68,20.68,20.68,20.68
872,20.68,20.68,20.68,20.68,20.68,20.68,20.68,20.68,20.68,20.68
873,20.68,20.68,20.68,20.68,20.68,20.68,20.68,20.68,20.68,20.68
874,20.68,20.68,20.68,20.68,20.68,20.68,20.68,20.68,20.68,20.68
875,20.68,20.68,20.68,20.68,20.68,20.68,20.68,20.68,20.68,20.68
876,20.68,20.68,20.68,20.68,20.68,20.68,20.68,20.68,20.68,20.68
877,20.68,20.68,20.68,20.68,20.68,20.68,20.68,20.68,20.68,20.68
878,20.68,20.68,20.68,20.68,20.68,20.68,20.68,20.68,20.68,20.68
879,20.68,20.68,20.68,20.68,20.68,20.68,20.68,20.68,20.68,20.68
880,20.68,20.68,20.68,20.68,20.68,20.68,20.68,20.68,20.68,20.68
881,20.68,20.68,20.68,20.68,20.68,20.68,20.68,20.68,20.68,20.68
882,20.68,20.68,20.68,20.68,20.68,20.68,20.68,20.68,20.68,20.68
883,20.68,20.68,20.68,20.68,20.68,20.68,20.68,20.68,20.68,20.68
884,20.68,20.68,20.68,20.68,20.68,20.68,20.68,20.68,20.68,20.68
885,20.68,20.68,20.68,20.68,20.68,20.68,20.68,20.68,20.68,20.68
886,20.68,20.68,20.68,20.68,20.68,20.68,20.68,20.68,20.68,20.68
887,20.68,20.68,20.68,20.68,20.68,20.68,20.68,20.68,20.68,20.68
888,20.68,20.68,20.68,20.68,20.68,20.68,20.68,20.68,20.68,20.68
889,20.68,20.68,20.68,20.68,20.68,20.68,20.68,20.68,20.68,20.68
890,20.68,20.68,20.68,20.68,20.68,20.68,20.68,20.68,20.68,20.68
891,20.68,20.68,20.68,20.68,20.68,20.68,20.68,20.68,20.68,20.68
892,20.68,20.68,20.68,20.68,20.68,20.68,20.68,20.68,20.68,20.68
893,20.68,20.68,20.68,20.68,20.68,20.68,20.68,20.68,20.68,20.68
894,20.68,20.68,20.68,20.68,20.68,20.68,20.68,20.68,20.68,20.68
895,20.68,20.68,20.68,20.68,20.68,20.68,20.68,20.68,20.68,20.68
896,20.68,20.68,20.68,20.68,20.68,20.68,20.68,20.68,20.68,20.68
897,20.68,20.68,20.68,20.68,20.68,20.68,20.68,20.68,20.68,20.68
898,20.68,20.68,20.68,20.68,20.68,20.68,20.68,20.68,20.68,20.68
899,20.68,20.68,20.68,20.68,20.68,20.68,20.68,20.68,20.68,20.68
900,20.68,20.68,20.68,20.68,20.68,20.68,20.68,20.68,20.68,20.68
901,20.68,20.68,20.68,20.68,20.68,20.68,20.68,20.68,20.68,20.68
902,20.68,20.68,20.68,20.68,20.68,20.68,20.68,20.68,20.68,20.68
903,20.68,20.68,20.68,20.68,20.68,20.68,20.68,20.68,20.68,20.68
904,20.68,20.68,20.68,20.68,20.68,20.68,20.68,20.68,20.68,20.68
905,20.68,20.68,20.68,20.68,20.68,20.68,20.68,20.68,20.68,20.68
906,20.68,20.68,20.68,20.68,20.68,20.68,20.68,20.68,20.68,20.68
907,20.68,20.68,20.68,20.68,20.68,20.68,20.68,20.68,20.68,20.68
908,20.68,20.68,20.68,20.68,20.68,20.68,20.68,20.68,20.68,20.68
909,20.68,20.68,20.68,20.68,20.68,20.68,20.68,20.68,20.68,20.68
910,20.68,20.68,20.68,20.68,20.68,20.68,20.68,20.68,20.68,20.68
911,20.68,20.68,20.68,20.68,20.68,20.68,20.68,20.68,20.68,20.68
912,20.68,20.68,20.68,20.68,20.68,20.68,20.68,20.68,20.68,20.68
913,20.68,20.68,20.68,20.68,20.68,20.68,20.68,20.68,20.68,20.68
914,20.68,20.68,20.68,20.68,20.68,20.68,20.68,20.68,20.68,20.68
915,20.68,20.68,20.68,20.68,20.68,20.68,20.68,20.68,20.68,20.68
916,20.68,20.68,20.68,20.68,20.68,20.68,20.68,20.68,20.68,20.68
917,20.68,20.68,20.68,20.68,20.68,20.68,20.68,20.68,20.68,20.68
918,20.68,20.68,20.68,20.68,20.68,20.68,20.68,20.68,20.68,20.68
919,20.68,20.68,20.68,20.68,20.68,20.68,20.68,20.68,20.68,20.68
920,20.68,20.68,20.68,20.68,20.68,20.68,20.68,20.68,20.68,20.68
921,20.68,20.68,20.68,20.68,20.68,20.68,20.68,20.68,20.68,20.68
922,20.68,20.68,20.68,20.68,20.68,20.68,20.68,20.68,20.68,20.68
923,20.68,20.68,20.68,20.68,20.68,20.68,20.68,20.68,20.68,20.68
924,20.68,20.68,20.68,20.68,20.68,20.68,20.68,20.68,20.68,20.68
925,20.68,20.68,20.68,20.68,20.68,20.68,20.68,20.68,20.68,20.68
926,20.68,20.68,20.68,20.68,20.68,20.68,20.68,20.68,20.68,20.68
927,20.68,20.68,20.68,20.68,20.68,20.68,20.68,20.68,20.68,20.68
928,20.68,20.68,20.68,20.68,20.68,20.68,20.68,20.68,20.68,20.68
929,20.68,20.68,20.68,20.68,20.68,20.68,20.68,20.68,20.68,20.68
930,20.68,20.68,20.68,20.68,20.68,20.68,20.68,20.68,20.68,20.68
931,20.68,20.68,20.68,20.68,20.68,20.68,20.68,20.68,20.68,20.68
932,20.68,20.68,20.68,20.68,20.68,20.68,20.68,20.68,20.68,20.68
933,20.68,20.68,20.68,20.68,20.68,20.68,20.68,20.68,20.68,20.68
934,20.68,20.68,20.68,20.68,20.68,20.68,20.68,20.68,20.68,20.68
935,20.68,20.68,20.68,20.68,20.68,20.68,20.68,20.68,20.68,20.68
936,20.68,20.68,20.68,20.68,20.68,20.68,20.68,20.68,20.68,20.68
937,20.68,20.68,20.68,20.68,20.68,20.68,20.68,20.68,20.68,20.68
938,20.68,20.68,20.68,20.68,20.68,20.68,20.68,20.68,20.68,20.68
939,20.68,20.68,20.68,20.68,20.68,20.68,20.68,20.68,20.68,20.68
940,20.68,20.68,20.68,20.68,20.68,20.68,20.68,20.68,20.68,20.68
941,20.68,20.68,20.68,20.68,20.68,20.68,20.68,20.68,20.68,20.68
942,20.68,20.68,20.68,20.68,20.68,20.68,20.68,20.68,20.68,20.68
943,20.68,20.68,20.68,20.68,20.68,20.68,20.68,20.68,20.68,20.68
944,20.68,20.68,20.68,20.68,20.68,20.68,20.68,20.68,20.68,20.68
945,20.68,20.68,20.68,20.68,20.68,20.68,20.68,20.68,20.68,20.68
946,20.68,20.68,20.68,20.68,20.68,20.68,20.68,20.68,20.68,20.68
947,20.68,20.68,20.68,20.68,20.68,20.68,20.68,20.68,20.68,20.68
948,20.68,20.68,20.68,20.68,20.68,20.68,20.68,20.68,20.68,20.68
949,20.68,20.68,20.68,20.68,20.68,20.68,20.68,20.68,20.68,20.68
950,20.68,20.68,20.68,20.68,20.68,20.68,20.68,20.68,20.68,20.68
951,20.68,20.68,20.68,20.68,20.68,20.68,20.68,20.68,20.68,20.68
952,20.68,20.68,20.68,20.68,20.68,20.68,20.68,20.68,20.68,20.68
953,20.68,20.68,20.68,20.68,20.68,20.68,20.68,20.68,20.68,20.68
954,20.68,20.68,20.68,20.68,20.68,20.68,20.68,20.68,20.68,20.68
955,20.68,20.68,20.68,20.68,20.68,20.68,20.68,20.68,20.68,20.68
956,20.68,20.68,20.68,20.68,20.68,20.68,20.68,20.68,20.68,20.68
957,20.68,20.68,20.68,20.68,20.68,20.68,20.68,20.68,20.68,20.68
958,20.68,20.68,20.68,20.68,20.68,20.68,20.68,20.68,20.68,20.68
959,20.68,20.68,20.68,20.68,20.68,20.68,20.68,20.68,20.68,20.68
960,20.68,20.68,20.68,20.68,20.68,20.68,20.68,20.68,20.68,20.68
961,20.68,20.68,20.68,20.68,20.68,20.68,20.68,20.68,20.68,20.68
962,20.68,20.68,20.68,20.68,20.68,20.68,20.68,20.68,20.68,20.68
963,20.68,20.68,20.68,20.68,20.68,20.68,20.68,20.68,20.68,20.68
964,20.68,20.68,20.68,20.68,20.68,20.68,20.68,20.68,20.68,20.68
965,20.68,20.68,20.68,20.68,20.68,20.68,20.68,20.68,20.68,20.68
966,20.68,20.68,20.68,20.68,20.68,20.68,20.68,20.68,20.68,20.68
967,20.68,20.68,20.68,20.68,20.68,20.68,20.68,20.68,20.68,20.68
968,20.68,20.68,20.68,20.68,20.68,20.68,20.68,20.68,20.68,20.68
969,20.68,20.68,20.68,20.68,20.68,20.68,20.68,20.68,20.68,20.68
970,20.68,20.68,20.68,20.68,20.68,20.68,20.68,20.68,20.68,20.68
971,20.68,20.68,20.68,20.68,20.68,20.68,20.68,20.68,20.68,20.68
972,20.68,20.68,20.68,20.68,20.68,20.68,20.68,20.68,20.68,20.68
973,20.68,20.68,20.68,20.68,20.68,20.68,20.68,20.68,20.68,20.68
974,20.68,20.68,20.68,20.68,20.68,20.68,20.68,20.68,20.68,20.68
975,20.68,20.68,20.68,20.68,20.68,20.68,20.68,20.68,20.68,20.68
976,20.68,20.68,20.68,20.68,20.68,20.68,20.68,20.68,20.68,20.68
977,20.68,20.68,20.68,20.68,20.68,20.68,20.68,20.68,20.68,20.68
978,20.68,20.68,20.68,20.68,20.68,20.68,20.68,20.68,20.68,20.68
979,20.68,20.68,20.68,20.68,20.68,20.68,20.68,20.68,20.68,20.68
980,20.68,20.68,20.68,20.68,20.68,20.68,20.68,20.68,20.68,20.68
981,20.68,20.68,20.68,20.68,20.68,20.68,20.68,20.68,20.68,20.68
982,20.68,20.68,20.68,20.68,20.68,20.68,20.68,20.68,20.68,20.68
983,20.68,20.68,20.68,20.68,20.68,20.68,20.68,20.68,20.68,20.68
984,20.68,20.68,20.68,20.68,20.68,20.68,20.68,20.68,20.68,20.68
985,20.68,20.68,20.68,20.68,20.68,20.68,20.68,20.68,20.68,20.68
986,20.68,20.68,20.68,20.68,20.68,20.68,20.68,20.68,20.68,20.68
987,20.68,20.68,20.68,20.68,20.68,20.68,20.68,20.68,20.68,20.68
988,20.68,20.68,20.68,20.68,20.68,20.68,20.68,20.68,20.68,20.68
989,20.68,20.68,20.68,20.68,20.68,20.68,20.68,20.68,20.68,20.68
990,20.68,20.68,20.68,20.68,20.68,20.68,20.68,20.68,20.68,20.68
991,20.68,20.68,20.68,20.68,20.68,20.68,20.68,20.68,20.68,20.68
992,20.68,20.68,20.68,20.68,20.68,20.68,20.68,20.68,20.68,20.68
993,20.68,20.68,20.68,20.68,20.68,20.68,20.68,20.68,20.68,20.68
994,20.68,20.68,20.68,20.68,20.68,20.68,20.68,20.68,20.68,20.68
995,20.68,20.68,20.68,20.68,20.68,20.68,20.68,20.68,20.68,20.68
996,20.68,20.68,20.68,20.68,20.68,20.68,20.68,20.68,20.68,20.68
997,20.68,20.68,20.68,20.68,20.68,20.68,20.68,20.68,20.68,20.68
998,20.68,20.68,20.68,20.68,20.68,20.68,20.68,20.68,20.68,20.68
999,20.68,20.68,20.68,20.68,20.68,20.68,20.68,20.68,20.68,20.68
1000,20.68,20.68,20.68,20.68,20.68,20.68,20.68,20.68,20.68,20.68
1001,20.68,20.68,20.68,20.68,20.68,20.68,20.68,20.68,20.68,20.68
1002,20.68,20.68,20.68,20.68,20.68,20.68,20.68,20.68,20.68,20.68
1003,20.68,20.68,20.68,20.68,20.68,20.68,20.68,20.68,20.68,20.68
1004,20.68,20.68,20.68,20.68,20.68,20.68,20.68,20.68,20.68,20.68
1005,20.68,20.68,20.68,20.68,20.68,20.68,20.68,20.68,20.68,20.68
1006,20.68,20.68,20.68,20.68,20.68,20.68,20.68,20.68,20.68,20.68
1007,20.68,20.68,20.68,20.68,20.68,20.68,20.68,20.68,20.68,20.68
1008,20.68,20.68,20.68,20.68,20.68,20.68,20.68,20.68,20.68,20.68
1009,20.68,20.68,20.68,20.68,20.68,20.68,20.68,20.68,20.68,20.68
1010,20.68,20.68,20.68,20.68,20.68,20.68,20.68,20.68,20.68,20.68
1011,20.68,20.68,20.68,20.68,20.68,20.68,20.68,20.68,20.68,20.68
1012,20.68,20.68,20.68,20.68,20.68,20.68,20.68,20.68,20.68,20.68
1013,20.68,20.68,20.68,20.68,20.68,20.68,20.68,20.68,20.68,20.68
1014,20.68,20.68,20.68,20.68,20.68,20.68,20.68,20.68,20.68,20.68
1015,20.68,20.68,20.68,20.68,20.68,20.68,20.68,20.68,20.68,20.68
1016,20.68,20.68,20.68,20.68,20.68,20.68,20.68,20.68,20.68,20.68
1017,20.68,20.68,20.68,20.68,20.68,20.68,20.68,20.68,20.68,20.68
1018,20.68,20.68,20.68,20.68,20.68,20.68,20.68,20.68,20.68,20.68
1019,20.68,20.68,20.68,20.68,20.68,20.68,20.68,20.68,20.68,20.68
1020,20.68,20.68,20.68,20.68,20.68,20.68,20.68,20.68,20.68,20.68
1021,20.68,20.68,20.68,20.68,20.68,20.68,20.68,20.68,20.68,20.68
1022,20.68,20.68,20.68,20.68,20.68,20.68,20.68,20.68,20.68,20.68
1023,20.68,20.68,20.68,20.68,20.68,20.68,20.68,20.68,20.68,20.68
1024,20.68,20.68,20.68,20.68,20.68,20.68,20.68,20.68,20.68,20.68
1025,20.68,20.68,20.68,20.68,20.68,20.68,20.68,20.68,20.68,20.68
1026,20.68,20.68,20.68,20.68,20.68,20.68,20.68,20.68,20.68,20.68
1027,20.68,20.68,20.68,20.68,20.68,20.68,20.68,20.68,20.68,20.68
1028,20.68,20.68,20.68,20.68,20.68,20.68,20.68,20.68,20.68,20.68
1029,20.68,20.68,20.68,20.68,20.68,20.68,20.68,20.68,20.68,20.68
1030,20.68,20.68,20.68,20.68,20.68,20.68,20.68,20.68,20.68,20.68
1031,20.68,20.68,20.68,20.68,20.68,20.68,20.68,20.68,20.68,20.68
1032,20.68,20.68,20.68,20.68,20.68,20.68,20.68,20.68,20.68,20.68
1033,20.68,20.68,20.68,20.68,20.68,20.68,20.68,20.68,20.68,20.68
1034,20.68,20.68,20.68,20.68,20.68,20.68,20.68,20.68,20.68,20.68
1035,20.68,20.68,20.68,20.68,20.68,20.68,20.68,20.68,20.68,20.68
1036,20.68,20.68,20.68,20.68,20.68,20.68,20.68,20.68,20.68,20.68
1037,20.68,20.68,20.68,20.68,20.68,20.68,20.68,20.68,20.68,20.68
1038,20.68,20.68,20.68,20.68,20.68,20.68,20.68,20.68,20.68,20.68
1039,20.68,20.68,20.68,20.68,20.68,20.68,20.68,20.68,20.68,20.68
1040,20.68,20.68,20.68,20.68,20.68,20.68,20.68,20.68,20.68,20.68
1041,20.68,20.68,20.68,20.68,20.68,20.68,20.68,20.68,20.68,20.68
1042,20.68,20.68,20.68,20.68,20.68,20.68,20.68,20.68,20.68,20.68
1043,20.68,20.68,20.68,20.68,20.68,20.68,20.68,20.68,20.68,20.68
1044,20.68,20.68,20.68,20.68,20.68,20.68,20.68,20.68,20.68,20.68
1045,20.68,20.68,20.68,20.68,20.68,20.68,20.68,20.68,20.68,20.68
1046,20.68,20.68,20.68,20.68,20.68,20.68,20.68,20.68,20.68,20.68
1047,20.68,20.68,20.68,20.68,20.68,20.68,20.68,20.68,20.68,20.68
1048,20.68,20.68,20.68,20.68,20.68,20.68,20.68,20.68,20.68,20.68
1049,20.68,20.68,20.68,20.68,20.68,20.68,20.68,20.68,20.68,20.68
1050,20.68,20.68,20.68,20.68,20.68,20.68,20.68,20.68,20.68,20.68
1051,20.68,20.68,20.68,20.68,20.68,20.68,20.68,20.68,20.68,20.68
1052,20.68,20.68,20.68,20.68,20.68,20.68,20.68,20.68,20.68,20.68
1053,20.68,20.68,20.68,20.68,20.68,20.68,20.68,20.68,20.68,20.68
1054,20.68,20.68,20.68,20.68,20.68,20.68,20.68,20.68,20.68,20.68
1055,20.68,20.68,20.68,20.68,20.68,20.68,20.68,20.68,20.68,20.68
1056,20.68,20.68,20.68,20.68,20.68,20.68,20.68,20.68,20.68,20.68
1057,20.68,20.68,20.68,20.68,20.68,20.68,20.68,20.68,20.68,20.68
1058,20.68,20.68,20.68,20.68,20.68,20.68,20.68,20.68,20.68,20.68
1059,20.68,20.68,20.68,20.68,20.68,20.68,20.68,20.68,20.68,20.68
1060,20.68,20.68,20.68,20.68,20.68,20.68,20.68,20.68,20.68,20.68
1061,20.68,20.68,20.68,20.68,20.68,20.68,20.68,20.68,20.68,20.68
1062,20.68,20.68,20.68,20.68,20.68,20.68,20.68,20.68,20.68,20.68
1063,20.68,20.68,20.68,20.68,20.68,20.68,20.68,20.68,20.68,20.68
1064,20.68,20.68,20.68,20.68,20.68,20.68,20.68,20.68,20.68,20.68
1065,20.68,20.68,20.68,20.68,20.68,20.68,20.68,20.68,20.68,20.68
1066,20.68,20.68,20.68,20.68,20.68,20.68,20.68,20.68,20.68,20.68
1067,20.68,20.68,20.68,20.68,20.68,20.68,20.68,20.68,20.68,20.68
1068,20.68,20.68,20.68,20.68,20.68,20.68,20.68,20.68,20.68,20.68
1069,20.68,20.68,20.68,20.68,20.68,20.68,20.68,20.68,20.68,20.68
1070,20.68,20.68,20.68,20.68,20.68,20.68,20.68,20.68,20.68,20.68
1071,20.68,20.68,20.68,20.68,20.68,20.68,20.68,20.68,20.68,20.68
1072,20.68,20.68,20.68,20.68,20.68,20.68,20.68,20.68,20.68,20.68
1073,20.68,20.68,20.68,20.68,20.68,20.68,20.68,20.68,20.68,20.68
1074,20.68,20.68,20.68,20.68,20.68,20.68,20.68,20.68,20.68,20.68
1075,20.68,20.68,20.68,20.68,20.68,20.68,20.68,20.68,20.68,20.68
1076,20.68,20.68,20.68,20.68,20.68,20.68,20.68,20.68,20.68,20.68
1077,20.68,20.68,20.68,20.68,20.68,20.68,20.68,20.68,20.68,20.68
1078,20.68,20.68,20.68,20.68,20.68,20.68,20.68,20.68,20.68,20.68
1079,20.68,20.68,20.68,20.68,20.68,20.68,20.68,20.68,20.68,20.68
1080,20.68,20.68,20.68,20.68,20.68,20.68,20.68,20.68,20.68,20.68
1081,20.68,20.68,20.68,20.68,20.68,20.68,20.68,20.68,20.68,20.68
1082,20.68,20.68,20.68,20.68,20.68,20.68,20.68,20.68,20.68,20.68
1083,20.68,20.68,20.68,20.68,20.68,20.68,20.68,20.68,20.68,20.68
1084,20.68,20.68,20.68,20.68,20.68,20.68,20.68,20.68,20.68,20.68
1085,20.68,20.68,20.68,20.68,20.68,20.68,20.68,20.68,20.68,20.68
1086,20.68,20.68,20.68,20.68,20.68,20.68,20.68,20.68,20.68,20.68
1087,20.68,20.68,20.68,20.68,20.68,20.68,20.68,20.68,20.68,20.68
1088,20.68,20.68,20.68,20.68,20.68,20.68,20.68,20.68,20.68,20.68
1089,20.68,20.68,20.68,20.68,20.68,20.68,20.68,20.68,20.68,20.68
1090,20.68,20.68,20.68,20.68,20.68,20.68,20.68,20.68,20.68,20.68
1091,20.68,20.68,20.68,20.68,20.68,20.68,20.68,20.68,20.68,20.68
1092,20.68,20.68,20.68,20.68,20.68,20.68,20.68,20.68,20.68,20.68
1093,20.68,20.68,20.68,20.68,20.68,20.68,20.68,20.68,20.68,20.68
1094,20.68,20.68,20.68,20.68,20.68,20.68,20.68,20.68,20.68,20.68
1095,20.68,20.68,20.68,20.68,20.68,20.68,20.68,20.68,20.68,20.68
1096,20.68,20.68,20.68,20.68,20.68,20.68,20.68,20.68,20.68,20.68
1097,20.68,20.68,20.68,20.68,20.68,20.68,20.68,20.68,20.68,20.68
1098,20.68,20.68,20.68,20.68,20.68,20.68,20.68,20.68,20.68,20.68
1099,20.68,20.68,20.68,20.68,20.68,20.68,20.68,20.68,20.68,20.68
1100,20.68,20.68,20.68,20.68,20.68,20.68,20.68,20.68,20.68,20.68
1101,20.68,20.68,20.68,20.68,20.68,20.68,20.68,20.68,20.68,20.68
1102,20.68,20.68,20.68,20.68,20.68,20.68,20.68,20.68,20.68,20.68
1103,20.68,20.68,20.68,20.68,20.68,20.68,20.68,20.68,20.68,20.68
1104,20.68,20.68,20.68,20.68,20.68,20.68,20.68,20.68,20.68,20.68
1105,20.68,20.68,20.68,20.68,20.68,20.68,20.68,20.68,20.68,20.68
1106,20.68,20.68,20.68,20.68,20.68,20.68,20.68,20.68,20.68,20.68
1107,20.68,20.68,20.68,20.68,20.68,20.68,20.68,20.68,20.68,20.68
1108,20.68,20.68,20.68,20.68,20.68,20.68,20.68,20.68,20.68,20.68
1109,20.68,20.68,20.68,20.68,20.68,20.68,20.68,20.68,20.68,20.68
1110,20.68,20.68,20.68,20.68,20.68,20.68,20.68,20.68,20.68,20.68
1111,20.68,20.68,20.68,20.68,20.68,20.68,20.68,20.68,20.68,20.68
1112,20.68,20.68,20.68,20.68,20.68,20.68,20.68,20.68,20.68,20.68
1113,20.68,20.68,20.68,20.68,20.68,20.68,20.68,20.68,20.68,20.68
1114,20.68,20.68,20.68,20.68,20.68,20.68,20.68,20.68,20.68,20.68
1115,20.68,20.68,20.68,20.68,20.68,20.68,20.68,20.68,20.68,20.68
1116,20.68,20.68,20.68,20.68,20.68,20.68,20.68,20.68,20.68,20.68
1117,20.68,20.68,20.68,20.68,20.68,20.68,20.68,20.68,20.68,20.68
1118,20.68,20.68,20.68,20.68,20.68,20.68,20.68,20.68,20.68,20.68
1119,20.68,20.68,20.68,20.68,20.68,20.68,20.68,20.68,20.68,20.68
1120,20.68,20.68,20.68,20.68,20.68,20.68,20.68,20.68,20.68,20.68
1121,20.68,20.68,20.68,20.68,20.68,20.68,20.68,20.68,20.68,20.68
1122,20.68,20.68,20.68,20.68,20.68,20.68,20.68,20.68,20.68,20.68
1123,20.68,20.68,20.68,20.68,20.68,20.68,20.68,20.68,20.68,20.68
1124,20.68,20.68,20.68,20.68,20.68,20.68,20.68,20.68,20.68,20.68
1125,20.68,20.68,20.68,20.68,20.68,20.68,20.68,20.68,20.68,20.68
1126,20.68,20.68,20.68,20.68,20.68,20.68,20.68,20.68,20.68,20.68
1127,20.68,20.68,20.68,20.68,20.68,20.68,20.68,20.68,20.68,20.68
1128,20.68,20.68,20.68,20.68,20.68,20.68,20.68,20.68,20.68,20.68
1129,20.68,20.68,20.68,20.68,20.68,20.68,20.68,20.68,20.68,20.68
1130,20.68,20.68,20.68,20.68,20.68,20.68,20.68,20.68,20.68,20.68
1131,20.68,20.68,20.68,20.68,20.68,20.68,20.68,20.68,20.68,20.68
1132,20.68,20.68,20.68,20.68,20.68,20.68,20.68,20.68,20.68,20.68
1133,20.68,20.68,20.68,20.68,20.68,20.68,20.68,20.68,20.68,20.68
1134,20.68,20.68,20.68,20.68,20.68,20.68,20.68,20.68,20.68,20.68
1135,20.68,20.68,20.68,20.68,20.68,20.68,20.68,20.68,20.68,20.68
1136,20.68,20.68,20.68,20.68,20.68,20.68,20.68,20.68,20.68,20.68
1137,20.68,20.68,20.68,20.68,20.68,20.68,20.68,20.68,20.68,20.68
1138,20.68,20.68,20.68,20.68,20.68,20.68,20.68,20.68,20.68,20.68
1139,20.68,20.68,20.68,20.68,20.68,20.68,20.68,20.68,20.68,20.68
1140,20.68,20.68,20.68,20.68,20.68,20.68,20.68,20.68,20.68,20.68
1141,20.68,20.68,20.68,20.68,20.68,20.68,20.68,20.68,20.68,20.68
1142,20.68,20.68,20.68,20.68,20.68,20.68,20.68,20.68,20.68,20.68
1143,20.68,20.68,20.68,20.68,20.68,20.68,20.68,20.68,20.68,20.68
1144,20.68,20.68,20.68,20.68,20.68,20.68,20.68,20.68,20.68,20.68
1145,20.68,20.68,20.68,20.68,20.68,20.68,20.68,20.68,20.68,20.68
1146,20.68,20.68,20.68,20.68,20.68,20.68,20.68,20.68,20.68,20.68
1147,20.68,20.68,20.68,20.68,20.68,20.68,20.68,20.68,20.68,20.68
1148,20.68,20.68,20.68,20.68,20.68,20.68,20.68,20.68,20.68,20.68
1149,20.68,20.68,20.68,20.68,20.68,20.68,20.68,20.68,20.68,20.68
1150,20.68,20.68,20.68,20.68,20.68,20.68,20.68,20.68,20.68,20.68
1151,20.68,20.68,20.68,20.68,20.68,20.68,20.68,20.68,20.68,20.68
1152,20.68,20.68,20.68,20.68,20.68,20.68,20.68,20.68,20.68,20.68
1153,20.68,20.68,20.68,20.68,20.68,20.68,20.68,20.68,20.68,20.68
1154,20.68,20.68,20.68,20.68,20.68,20.68,20.68,20.68,20.68,20.68
1155,20.68,20.68,20.68,20.68,20.68,20.68,20.68,20.68,20.68,20.68
1156,20.68,20.68,20.68,20.68,20.68,20.68,20.68,20.68,20.68,20.68
1157,20.68,20.68,20.68,20.68,20.68,20.68,20.68,20.68,20.68,20.68
1158,20.68,20.68,20.68,20.68,20.68,20.68,20.68,20.68,20.68,20.68
1159,20.68,20.68,20.68,20.68,20.68,20.68,20.68,20.68,20.68,20.68
1160,20.68,20.68,20.68,20.68,20.68,20.68,20.68,20.68,20.68,20.68
1161,20.68,20.68,20.68,20.68,20.68,20.68,20.68,20.68,20.68,20.68
1162,20.68,20.68,20.68,20.68,20.68,20.68,20.68,20.68,20.68,20.68
1163,20.68,20.68,20.68,20.68,20.68,20.68,20.68,20.68,20.68,20.68
1164,20.68,20.68,20.68,20.68,20.68,20.68,20.68,20.68,20.68,20.68
1165,20.68,20.68,20.68,20.68,20.68,20.68,20.68,20.68,20.68,20.68
1166,20.68,20.68,20.68,20.68,20.68,20.68,20.68,20.68,20.68,20.68
1167,20.68,20.68,20.68,20.68,20.68,20.68,20.68,20.68,20.68,20.68
1168,20.68,20.68,20.68,20.68,20.68,20.68,20.68,20.68,20.68,20.68
1169,20.68,20.68,20.68,20.68,20.68,20.68,20.68,20.68,20.68,20.68
1170,20.68,20.68,20.68,20.68,20.68,20.68,20.68,20.68,20.68,20.68
1171,20.68,20.68,20.68,20.68,20.68,20.68,20.68,20.68,20.68,20.68
1172,20.68,20.68,20.68,20.68,20.68,20.68,20.68,20.68,20.68,20.68
1173,20.68,20.68,20.68,20.68,20.68,20.68,20.68,20.68,20.68,20.68
1174,20.68,20.68,20.68,20.68,20.68,20.68,20.68,20.68,20.68,20.68
1175,20.68,20.68,20.68,20.68,20.68,20.68,20.68,20.68,20.68,20.68
1176,20.68,20.68,20.68,20.68,20.68,20.68,20.68,20.68,20.68,20.68
1177,20.68,20.68,20.68,20.68,20.68,20.68,20.68,20.68,20.68,20.68
1178,20.68,20.68,20.68,20.68,20.68,20.68,20.68,20.68,20.68,20.68
1179,20.68,20.68,20.68,20.68,20.68,20.68,20.68,20.68,20.68,20.68
1180,20.68,20.68,20.68,20.68,20.68,20.68,20.68,20.68,20.68,20.68
1181,20.68,20.68,20.68,20.68,20.68,20.68,20.68,20.68,20.68,20.68
1182,20.68,20.68,20.68,20.68,20.68,20.68,20.68,20.68,20.68,20.68
1183,20.68,20.68,20.68,20.68,20.68,20.68,20.68,20.68,20.68,20.68
1184,20.68,20.68,20.68,20.68,20.68,20.68,20.68,20.68,20.68,20.68
1185,20.68,20.68,20.68,20.68,20.68,20.68,20.68,20.68,20.68,20.68
1186,20.68,20.68,20.68,20.68,20.68,20.68,20.68,20.68,20.68,20.68
1187,20.68,20.68,20.68,20.68,20.68,20.68,20.68,20.68,20.68,20.68
1188,20.68,20.68,20.68,20.68,20.68,20.68,20.68,20.68,20.68,20.68
1189,20.68,20.68,20.68,20.68,20.68,20.68,20.68,20.68,20.68,20.68
1190,20.68,20.68,20.68,20.68,20.68,20.68,20.68,20.68,20.68,20.68
1191,20.68,20.68,20.68,20.68,20.68,20.68,20.68,20.68,20.68,20.68
1192,20.68,20.68,20.68,20.68,20.68,20.68,20.68,20.68,20.68,20.68
1193,20.68,20.68,20.68,20.68,20.68,20.68,20.68,20.68,20.68,20.68
1194,20.68,20.68,20.68,20.68,20.68,20.68,20.68,20.68,20.68,20.68
1195,20.68,20.68,20.68,20.68,20.68,20.68,20.68,20.68,20.68,20.68
1196,20.68,20.68,20.68,20.68,20.68,20.68,20.68,20.68,20.68,20.68
1197,20.68,20.68,20.68,20.68,20.68,20.68,20.68,20.68,20.68,20.68
1198,20.68,20.68,20.68,20.68,20.68,20.68,20.68,20.68,20.68,20.68
1199,20.68,20.68,20.68,20.68,20.68,20.68,20.68,20.68,20.68,20.68
1200,20.68,20.68,20.68,20.68,20.68,20.68,20.68,20.68,20.68,20.68
1201,20.68,20.68,20.68,20.68,20.68,20.68,20.68,20.68,20.68,20.68
1202,20.68,20.68,20.68,20.68,20.68,20.68,20.68,20.68,20.68,20.68
1203,20.68,20.68,20.68,20.68,20.68,20.68,20.68,20.68,20.68,20.68
1204,20.68,20.68,20.68,20.68,20.68,20.68,20.68,20.68,20.68,20.68
1205,20.68,20.68,20.68,20.68,20.68,20.68,20.68,20.68,20.68,20.68
1206,20.68,20.68,20.68,20.68,20.68,20.68,20.68,20.68,20.68,20.68
1207,20.68,20.68,20.68,20.68,20.68,20.68,20.68,20.68,20.68,20.68
1208,20.68,20.68,20.68,20.68,20.68,20.68,20.68,20.68,20.68,20.68
1209,20.68,20.68,20.68,20.68,20.68,20.68,20.68,20.68,20.68,20.68
1210,20.68,20.68,20.68,20.68,20.68,20.68,20.68,20.68,20.68,20.68
1211,20.68,20.68,20.68,20.68,20.68,20.68,20.68,20.68,20.68,20.68
1212,20.68,20.68,20.68,20.68,20.68,20.68,20.68,20.68,20.68,20.68
1213,20.68,20.68,20.68,20.68,20.68,20.68,20.68,20.68,20.68,20.68
1214,20.68,20.68,20.68,20.68,20.68,20.68,20.68,20.68,20.68,20.68
1215,20.68,20.68,20.68,20.68,20.68,20.68,20.68,20.68,20.68,20.68
1216,20.68,20.68,20.68,20.68,20.68,20.68,20.68,20.68,20.68,20.68
1217,20.68,20.68,20.68,20.68,20.68,20.68,20.68,20.68,20.68,20.68
1218,20.68,20.68,20.68,20.68,20.68,20.68,20.68,20.68,20.68,20.68
1219,20.68,20.68,20.68,20.68,20.68,20.68,20.68,20.68,20.68,20.68
1220,20.68,20.68,20.68,20.68,20.68,20.68,20.68,20.68,20.68,20.68
1221,20.68,20.68,20.68,20.68,20.68,20.68,20.68,20.68,20.68,20.68
1222,20.68,20.68,20.68,20.68,20.68,20.68,20.68,20.68,20.68,20.68
1223,20.68,20.68,20.68,20.68,20.68,20.68,20.68,20.68,20.68,20.68
1224,20.68,20.68,20.68,20.68,20.68,20.68,20.68,20.68,20.68,20.68
1225,20.68,20.68,20.68,20.68,20.68,20.68,20.68,20.68,20.68,20.68
1226,20.68,20.68,20.68,20.68,20.68,20.68,20.68,20.68,20.68,20.68
1227,20.68,20.68,20.68,20.68,20.68,20.68,20.68,20.68,20.68,20.68
1228,20.68,20.68,20.68,20.68,20.68,20.68,20.68,20.68,20.68,20.68
1229,20.68,20.68,20.68,20.68,20.68,20.68,20.68,20.68,20.68,20.68
1230,20.68,20.68,20.68,20.68,20.68,20.68,20.68,20.68,20.68,20.68
1231,20.68,20.68,20.68,20.68,20.68,20.68,20.68,20.68,20.68,20.68
1232,20.68,20.68,20.68,20.68,20.68,20.68,20.68,20.68,20.68,20.68
1233,20.68,20.68,20.68,20.68,20.68,20.68,20.68,20.68,20.68,20.68
1234,20.68,20.68,20.68,20.68,20.68,20.68,20.68,20.68,20.68,20.68
1235,20.68,20.68,20.68,20.68,20.68,20.68,20.68,20.68,20.68,20.68
1236,20.68,20.68,20.68,20.68,20.68,20.68,20.68,20.68,20.68,20.68
1237,20.68,20.68,20.68,20.68,20.68,20.68,20.68,20.68,20.68,20.68
1238,20.68,20.68,20.68,20.68,20.68,20.68,20.68,20.68,20.68,20.68
1239,20.68,20.68,20.68,20.68,20.68,20.68,20.68,20.68,20.68,20.68
1240,20.68,20.68,20.68,20.68,20.68,20.68,20.68,20.68,20.68,20.68
1241,20.68,20.68,20.68,20.68,20.68,20.68,20.68,20.68,20.68,20.68
1242,20.68,20.68,20.68,20.68,20.68,20.68,20.68,20.68,20.68,20.68
1243,20.68,20.68,20.68,20.68,20.68,20.68,20.68,20.68,20.68,20.68
1244,20.68,20.68,20.68,20.68,20.68,20.68,20.68,20.68,20.68,20.68
1245,20.68,20.68,20.68,20.68,20.68,20.68,20.68,20.68,20.68,20.68
1246,20.68,20.68,20.68,20.68,20.68,20.68,20.68,20.68,20.68,20.68
1247,20.68,20.68,20.68,20.68,20.68,20.68,20.68,20.68,20.68,20.68
1248,20.68,20.68,20.68,20.68,20.68,20.68,20.68,20.68,20.68,20.68
1249,20.68,20.68,20.68,20.68,20.68,20.68,20.68,20.68,20.68,20.68
1250,20.68,20.68,20.68,20.68,20.68,20.68,20.68,20.68,20.68,20.68
1251,20.68,20.68,20.68,20.68,20.68,20.68,20.68,20.68,20.68,20.68
1252,20.68,20.68,20.68,20.68,20.68,20.68,20.68,20.68,20.68,20.68
1253,20.68,20.68,20.68,20.68,20.68,20.68,20.68,20.68,20.68,20.68
1254,20.68,20.68,20.68,20.68,20.68,20.68,20.68,20.68,20.68,20.68
1255,20.68,20.68,20.68,20.68,20.68,20.68,20.68,20.68,20.68,20.68
1256,20.68,20.68,20.68,20.68,20.68,20.68,20.68,20.68,20.68,20.68
1257,20.68,20.68,20.68,20.68,20.68,20.68,20.68,20.68,20.68,20.68
1258,20.68,20.68,20.68,20.68,20.68,20.68,20.68,20.68,20.68,20.68
1259,20.68,20.68,20.68,20.68,20.68,20.68,20.68,20.68,20.68,20.68
1260,20.68,20.68,20.68,20.68,20.68,20.68,20.68,20.68,20.68,20.68
1261,20.68,20.68,20.68,20.68,20.68,20.68,20.68,20.68,20.68,20.68
1262,20.68,20.68,20.68,20.68,20.68,20.68,20.68,20.68,20.68,20.68
1263,20.68,20.68,20.68,20.68,20.68,20.68,20.68,20.68,20.68,20.68
1264,20.68,20.68,20.68,20.68,20.68,20.68,20.68,20.68,20.68,20.68
1265,20.68,20.68,20.68,20.68,20.68,20.68,20.68,20.68,20.68,20.68
1266,20.68,20.68,20.68,20.68,20.68,20.68,20.68,20.68,20.68,20.68
1267,20.68,20.68,20.68,20.68,20.68,20.68,20.68,20.68,20.68,20.68
1268,20.68,20.68,20.68,20.68,20.68,20.68,20.68,20.68,20.68,20.68
1269,20.68,20.68,20.68,20.68,20.68,20.68,20.68,20.68,20.68,20.68
1270,20.68,20.68,20.68,20.68,20.68,20.68,20.68,20.68,20.68,20.68
1271,20.68,20.68,20.68,20.68,20.68,20.68,20.68,20.68,20.68,20.68
1272,20.68,20.68,20.68,20.68,20.68,20.68,20.68,20.68,20.68,20.68
1273,20.68,20.68,20.68,20.68,20.68,20.68,20.68,20.68,20.68,20.68
1274,20.68,20.68,20.68,20.68,20.68,20.68,20.68,20.68,20.68,20.68
1275,20.68,20.68,20.68,20.68,20.68,20.68,20.68,20.68,20.68,20.68
1276,20.68,20.68,20.68,20.68,20.68,20.68,20.68,20.68,20.68,20.68
1277,20.68,20.68,20.68,20.68,20.68,20.68,20.68,20.68,20.68,20.68
1278,20.68,20.68,20.68,20.68,20.68,20.68,20.68,20.68,20.68,20.68
1279,20.68,20.68,20.68,20.68,20.68,20.68,20.68,20.68,20.68,20.68
1280,20.68,20.68,20.68,20.68,20.68,20.68,20.68,20.68,20.68,20.68
1281,20.68,20.68,20.68,20.68,20.68,20.68,20.68,20.68,20.68,20.68
1282,20.68,20.68,20.68,20.68,20.68,20.68,20.68,20.68,20.68,20.68
1283,20.68,20.68,20.68,20.68,20.68,20.68,20.68,20.68,20.68,20.68
1284,20.68,20.68,20.68,20.68,20.68,20.68,20.68,20.68,20.68,20.68
1285,20.68,20.68,20.68,20.68,20.68,20.68,20.68,20.68,20.68,20.68
1286,20.68,20.68,20.68,20.68,20.68,20.68,20.68,20.68,20.68,20.68
1287,20.68,20.68,20.68,20.68,20.68,20.68,20.68,20.68,20.68,20.68
1288,20.68,20.68,20.68,20.68,20.68,20.68,20.68,20.68,20.68,20.68
1289,20.68,20.68,20.68,20.68,20.68,20.68,20.68,20.68,20.68,20.68
1290,20.68,20.68,20.68,20.68,20.68,20.68,20.68,20.68,20.68,20.68
1291,20.68,20.68,20.68,20.68,20.68,20.68,20.68,20.68,20.68,20.68
1292,20.68,20.68,20.68,20.68,20.68,20.68,20.68,20.68,20.68,20.68
1293,20.68,20.68,20.68,20.68,20.68,20.68,20.68,20.68,20.68,20.68
1294,20.68,20.68,20.68,20.68,20.68,20.68,20.68,20.68,20.68,20.68
1295,20.68,20.68,20.68,20.68,20.68,20.68,20.68,20.68,20.68,20.68
1296,20.68,20.68,20.68,20.68,20.68,20.68,20.68,20.68,20.68,20.68
1297,20.68,20.68,20.68,20.68,20.68,20.68,20.68,20.68,20.68,20.68
1298,20.68,20.68,20.68,20.68,20.68,20.68,20.68,20.68,20.68,20.68
1299,20.68,20.68,20.68,20.68,20.68,20.68,20.68,20.68,20.68,20.68
1300,20.68,20.68,20.68,20.68,20.68,20.68,20.68,20.68,20.68,20.68
1301,20.68,20.68,20.68,20.68,20.68,20.68,20.68,20.68,20.68,20.68
1302,20.68,20.68,20.68,20.68,20.68,20.68,20.68,20.68,20.68,20.68
1303,20.68,20.68,20.68,20.68,20.68,20.68,20.68,20.68,20.68,20.68
1304,20.68,20.68,20.68,20.68,20.68,20.68,20.68,20.68,20.68,20.68
1305,20.68,20.68,20.68,20.68,20.68,20.68,20.68,20.68,20.68,20.68
1306,20.68,20.68,20.68,20.68,20.68,20.68,20.68,20.68,20.68,20.68
1307,20.68,20.68,20.68,20.68,20.68,20.68,20.68,20.68,20.68,20.68
1308,20.68,20.68,20.68,20.68,20.68,20.68,20.68,20.68,20.68,20.68
1309,20.68,20.68,20.68,20.68,20.68,20.68,20.68,20.68,20.68,20.68
1310,20.68,20.68,20.68,20.68,20.68,20.68,20.68,20.68,20.68,20.68
1311,20.68,20.68,20.68,20.68,20.68,20.68,20.68,20.68,20.68,20.68
1312,20.68,20.68,20.68,20.68,20.68,20.68,20.68,20.68,20.68,20.68
1313,20.68,20.68,20.68,20.68,20.68,20.68,20.68,20.68,20.68,20.68
1314,20.68,20.68,20.68,20.68,20.68,20.68,20.68,20.68,20.68,20.68
1315,20.68,20.68,20.68,20.68,20.68,20.68,20.68,20.68,20.68,20.68
1316,20.68,20.68,20.68,20.68,20.68,20.68,20.68,20.68,20.68,20.68
1317,20.68,20.68,20.68,20.68,20.68,20.68,20.68,20.68,20.68,20.68
1318,20.68,20.68,20.68,20.68,20.68,20.68,20.68,20.68,20.68,20.68
1319,20.68,20.68,20.68,20.68,20.68,20.68,20.68,20.68,20.68,20.68
1320,20.68,20.68,20.68,20.68,20.68,20.68,20.68,20.68,20.68,20.68
1321,20.68,20.68,20.68,20.68,20.68,20.68,20.68,20.68,20.68,20.68
1322,20.68,20.68,20.68,20.68,20.68,20.68,20.68,20.68,20.68,20.68
1323,20.68,20.68,20.68,20.68,20.68,20.68,20.68,20.68,20.68,20.68
1324,20.68,20.68,20.68,20.68,20.68,20.68,20.68,20.68,20.68,20.68
1325,20.68,20.68,20.68,20.68,20.68,20.68,20.68,20.68,20.68,20.68
1326,20.68,20.68,20.68,20.68,20.68,20.68,20.68,20.68,20.68,20.68
1327,20.68,20.68,20.68,20.68,20.68,20.68,20.68,20.68,20.68,20.68
1328,20.68,20.68,20.68,20.68,20.68,20.68,20.68,20.68,20.68,20.68
1329,20.68,20.68,20.68,20.68,20.68,20.68,20.68,20.68,20.68,20.68
1330,20.68,20.68,20.68,20.68,20.68,20.68,20.68,20.68,20.68,20.68
1331,20.68,20.68,20.68,20.68,20.68,20.68,20.68,20.68,20.68,20.68
1332,20.68,20.68,20.68,20.68,20.68,20.68,20.68,20.68,20.68,20.68
1333,20.68,20.68,20.68,20.68,20.68,20.68,20.68,20.68,20.68,20.68
1334,20.68,20.68,20.68,20.68,20.68,20.68,20.68,20.68,20.68,20.68
1335,20.68,20.68,20.68,20.68,20.68,20.68,20.68,20.68,20.68,20.68
1336,20.68,20.68,20.68,20.68,20.68,20.68,20.68,20.68,20.68,20.68
1337,20.68,20.68,20.68,20.68,20.68,20.68,20.68,20.68,20.68,20.68
1338,20.68,20.68,20.68,20.68,20.68,20.68,20.68,20.68,20.68,20.68
1339,20.68,20.68,20.68,20.68,20.68,20.68,20.68,20.68,20.68,20.68
1340,20.68,20.68,20.68,20.68,20.68,20.68,20.68,20.68,20.68,20.68
1341,20.68,20.68,20.68,20.68,20.68,20.68,20.68,20.68,20.68,20.68
1342,20.68,20.68,20.68,20.68,20.68,20.68,20.68,20.68,20.68,20.68
1343,20.68,20.68,20.68,20.68,20.68,20.68,20.68,20.68,20.68,20.68
1344,20.68,20.68,20.68,20.68,20.68,20.68,20.68,20.68,20.68,20.68
1345,20.68,20.68,20.68,20.68,20.68,20.68,20.68,20.68,20.68,20.68
1346,20.68,20.68,20.68,20.68,20.68,20.68,20.68,20.68,20.68,20.68
1347,20.68,20.68,20.68,20.68,20.68,20.68,20.68,20.68,20.68,20.68
1348,20.68,20.68,20.68,20.68,20.68,20.68,20.68,20.68,20.68,20.68
1349,20.68,20.68,20.68,20.68,20.68,20.68,20.68,20.68,20.68,20.68
1350,20.68,20.68,20.68,20.68,20.68,20.68,20.68,20.68,20.68,20.68
1351,20.68,20.68,20.68,20.68,20.68,20.68,20.68,20.68,20.68,20.68
1352,20.68,20.68,20.68,20.68,20.68,20.68,20.68,20.68,20.68,20.68
1353,20.68,20.68,20.68,20.68,20.68,20.68,20.68,20.68,20.68,20.68
1354,20.68,20.68,20.68,20.68,20.68,20.68,20.68,20.68,20.68,20.68
1355,20.68,20.68,20.68,20.68,20.68,20.68,20.68,20.68,20.68,20.68
1356,20.68,20.68,20.68,20.68,20.68,20.68,20.68,20.68,20.68,20.68
1357,20.68,20.68,20.68,20.68,20.68,20.68,20.68,20.68,20.68,20.68
1358,20.68,20.68,20.68,20.68,20.68,20.68,20.68,20.68,20.68,20.68
1359,20.68,20.68,20.68,20.68,20.68,20.68,20.68,20.68,20.68,20.68
1360,20.68,20.68,20.68,20.68,20.68,20.68,20.68,20.68,20.68,20.68
1361,20.68,20.68,20.68,20.68,20.68,20.68,20.68,20.68,20.68,20.68
1362,20.68,20.68,20.68,20.68,20.68,20.68,20.68,20.68,20.68,20.68
1363,20.68,20.68,20.68,20.68,20.68,20.68,20.68,20.68,20.68,20.68
1364,20.68,20.68,20.68,20.68,20.68,20.68,20.68,20.68,20.68,20.68
1365,20.68,20.68,20.68,20.68,20.68,20.68,20.68,20.68,20.68,20.68
1366,20.68,20.68,20.68,20.68,20.68,20.68,20.68,20.68,20.68,20.68
1367,20.68,20.68,20.68,20.68,20.68,20.68,20.68,20.68,20.68,20.68
1368,20.68,20.68,20.68,20.68,20.68,20.68,20.68,20.68,20.68,20.68
1369,20.68,20.68,20.68,20.68,20.68,20.68,20.68,20.68,20.68,20.68
1370,20.68,20.68,20.68,20.68,20.68,20.68,20.68,20.68,20.68,20.68
1371,20.68,20.68,20.68,20.68,20.68,20.68,20.68,20.68,20.68,20.68
1372,20.68,20.68,20.68,20.68,20.68,20.68,20.68,20.68,20.68,20.68
1373,20.68,20.68,20.68,20.68,20.68,20.68,20.68,20.68,20.68,20.68
1374,20.68,20.68,20.68,20.68,20.68,20.68,20.68,20.68,20.68,20.68
1375,20.68,20.68,20.68,20.68,20.68,20.68,20.68,20.68,20.68,20.68
1376,20.68,20.68,20.68,20.68,20.68,20.68,20.68,20.68,20.68,20.68
1377,20.68,20.68,20.68,20.68,20.68,20.68,20.68,20.68,20.68,20.68
1378,20.68,20.68,20.68,20.68,20.68,20.68,20.68,20.68,20.68,20.68
1379,20.68,20.68,20.68,20.68,20.68,20.68,20.68,20.68,20.68,20.68
1380,20.68,20.68,20.68,20.68,20.68,20.68,20.68,20.68,20.68,20.68
1381,20.68,20.68,20.68,20.68,20.68,20.68,20.68,20.68,20.68,20.68
1382,20.68,20.68,20.68,20.68,20.68,20.68,20.68,20.68,20.68,20.68
1383,20.68,20.68,20.68,20.68,20.68,20.68,20.68,20.68,20.68,20.68
1384,20.68,20.68,20.68,20.68,20.68,20.68,20.68,20.68,20.68,20.68
1385,20.68,20.68,20.68,20.68,20.68,20.68,20.68,20.68,20.68,20.68
1386,20.68,20.68,20.68,20.68,20.68,20.68,20.68,20.68,20.68,20.68
1387,20.68,20.68,20.68,20.68,20.68,20.68,20.68,20.68,20.68,20.68
1388,20.68,20.68,20.68,20.68,20.68,20.68,20.68,20.68,20.68,20.68
1389,20.68,20.68,20.68,20.68,20.68,20.68,20.68,20.68,20.68,20.68
1390,20.68,20.68,20.68,20.68,20.68,20.68,20.68,20.68,20.68,20.68
1391,20.68,20.68,20.68,20.68,20.68,20.68,20.68,20.68,20.68,20.68
1392,20.68,20.68,20.68,20.68,20.68,20.68,20.68,20.68,20.68,20.68
1393,20.68,20.68,20.68,20.68,20.68,20.68,20.68,20.68,20.68,20.68
1394,20.68,20.68,20.68,20.68,20.68,20.68,20.68,20.68,20.68,20.68
1395,20.68,20.68,20.68,20.68,20.68,20.68,20.68,20.68,20.68,20.68
1396,20.68,20.68,20.68,20.68,20.68,20.68,20.68,20.68,20.68,20.68
1397,20.68,20.68,20.68,20.68,20.68,20.68,20.68,20.68,20.68,20.68
1398,20.68,20.68,20.68,20.68,20.68,20.68,20.68,20.68,20.68,20.68
1399,20.68,20.68,20.68,20.68,20.68,20.68,20.68,20.68,20.68,20.68
1400,20.68,20.68,20.68,20.68,20.68,20.68,20.68,20.68,20.68,20.68
1401,20.68,20.68,20.68,20.68,20.68,20.68,20.68,20.68,20.68,20.68
1402,20.68,20.68,20.68,20.68,20.68,20.68,20.68,20.68,20.68,20.68
1403,20.68,20.68,20.68,20.68,20.68,20.68,20.68,20.68,20.68,20.68
1404,20.68,20.68,20.68,20.68,20.68,20.68,20.68,20.68,20.68,20.68
1405,20.68,20.68,20.68,20.68,20.68,20.68,20.68,20.68,20.68,20.68
1406,20.68,20.68,20.68,20.68,20.68,20.68,20.68,20.68,20.68,20.68
1407,20.68,20.68,20.68,20.68,20.68,20.68,20.68,20.68,20.68,20.68
1408,20.68,20.68,20.68,20.68,20.68,20.68,20.68,20.68,20.68,20.68
1409,20.68,20.68,20.68,20.68,20.68,20.68,20.68,20.68,20.68,20.68
1410,20.68,20.68,20.68,20.68,20.68,20.68,20.68,20.68,20.68,20.68
1411,20.68,20.68,20.68,20.68,20.68,20.68,20.68,20.68,20.68,20.68
1412,20.68,20.68,20.68,20.68,20.68,20.68,20.68,20.68,20.68,20.68
1413,20.68,20.68,20.68,20.68,20.68,20.68,20.68,20.68,20.68,20.68
1414,20.68,20.68,20.68,20.68,20.68,20.68,20.68,20.68,20.68,20.68
1415,20.68,20.68,20.68,20.68,20.68,20.68,20.68,20.68,20.68,20.68
1416,20.68,20.68,20.68,20.68,20.68,20.68,20.68,20.68,20.68,20.68
1417,20.68,20.68,20.68,20.68,20.68,20.68,20.68,20.68,20.68,20.68
1418,20.68,20.68,20.68,20.68,20.68,20.68,20.68,20.68,20.68,20.68
1419,20.68,20.68,20.68,20.68,20.68,20.68,20.68,20.68,20.68,20.68
1420,20.68,20.68,20.68,20.68,20.68,20.68,20.68,20.68,20.68,20.68
1421,20.68,20.68,20.68,20.68,20.68,20.68,20.68,20.68,20.68,20.68
1422,20.68,20.68,20.68,20.68,20.68,20.68,20.68,20.68,20.68,20.68
1423,20.68,20.68,20.68,20.68,20.68,20.68,20.68,20.68,20.68,20.68
1424,20.68,20.68,20.68,20.68,20.68,20.68,20.68,20.68,20.68,20.68
1425,20.68,20.68,20.68,20.68,20.68,20.68,20.68,20.68,20.68,20.68
1426,20.68,20.68,20.68,20.68,20.68,20.68,20.68,20.68,20.68,20.68
1427,20.68,20.68,20.68,20.68,20.68,20.68,20.68,20.68,20.68,20.68
1428,20.68,20.68,20.68,20.68,20.68,20.68,20.68,20.68,20.68,20.68
1429,20.68,20.68,20.68,20.68,20.68,20.68,20.68,20.68,20.68,20.68
1430,20.68,20.68,20.68,20.68,20.68,20.68,20.68,20.68,20.68,20.68
1431,20.68,20.68,20.68,20.68,20.68,20.68,20.68,20.68,20.68,20.68
1432,20.68,20.68,20.68,20.68,20.68,20.68,20.68,20.68,20.68,20.68
1433,20.68,20.68,20.68,20.68,20.68,20.68,20.68,20.68,20.68,20.68
1434,20.68,20.68,20.68,20.68,20.68,20.68,20.68,20.68,20.68,20.68
1435,20.68,20.68,20.68,20.68,20.68,20.68,20.68,20.68,20.68,20.68
1436,20.68,20.68,20.68,20.68,20.68,20.68,20.68,20.68,20.68,20.68
1437,20.68,20.68,20.68,20.68,20.68,20.68,20.68,20.68,20.68,20.68
1438,20.68,20.68,20.68,20.68,20.68,20.68,20.68,20.68,20.68,20.68
1439,20.68,20.68,20.68,20.68,20.68,20.68,20.68,20.68,20.68,20.68
1440,20.68,20.68,20.68,20.68,20.68,20.68,20.68,20.68,20.68,20.68
1441,20.68,20.68,20.68,20.68,20.68,20.68,20.68,20.68,20.68,20.68
1442,20.68,20.68,20.68,20.68,20.68,20.68,20.68,20.68,20.68,20.68
1443,20.68,20.68,20.68,20.68,20.68,20.68,20.68,20.68,20.68,20.68
1444,20.68,20.68,20.68,20.68,20.68,20.68,20.68,20.68,20.68,20.68
1445,20.68,20.68,20.68,20.68,20.68,20.68,20.68,20.68,20.68,20.68
1446,20.68,20.68,20.68,20.68,20.68,20.68,20.68,20.68,20.68,20.68
1447,20.68,20.68,20.68,20.68,20.68,20.68,20.68,20.68,20.68,20.68
1448,20.68,20.68,20.68,20.68,20.68,20.68,20.68,20.68,20.68,20.68
1449,20.68,20.68,20.68,20.68,20.68,20.68,20.68,20.68,20.68,20.68
1450,20.68,20.68,20.68,20.68,20.68,20.68,20.68,20.68,20.68,20.68
1451,20.68,20.68,20.68,20.68,20.68,20.68,20.68,20.68,20.68,20.68
1452,20.68,20.68,20.68,20.68,20.68,20.68,20.68,20.68,20.68,20.68
1453,20.68,20.68,20.68,20.68,20.68,20.68,20.68,20.68,20.68,20.68
1454,20.68,20.68,20.68,20.68,20.68,20.68,20.68,20.68,20.68,20.68
1455,20.68,20.68,20.68,20.68,20.68,20.68,20.68,20.68,20.68,20.68
1456,20.68,20.68,20.68,20.68,20.68,20.68,20.68,20.68,20.68,20.68
1457,20.68,20.68,20.68,20.68,20.68,20.68,20.68,20.68,20.68,20.68
1458,20.68,20.68,20.68,20.68,20.68,20.68,20.68,20.68,20.68,20.68
1459,20.68,20.68,20.68,20.68,20.68,20.68,20.68,20.68,20.68,20.68
1460,20.68,20.68,20.68,20.68,20.68,20.68,20.68,20.68,20.68,20.68
1461,20.68,20.68,20.68,20.68,20.68,20.68,20.68,20.68,20.68,20.68
1462,20.68,20.68,20.68,20.68,20.68,20.68,20.68,20.68,20.68,20.68
1463,20.68,20.68,20.68,20.68,20.68,20.68,20.68,20.68,20.68,20.68
1464,20.68,20.68,20.68,20.68,20.68,20.68,20.68,20.68,20.68,20.68
1465,20.68,20.68,20.68,20.68,20.68,20.68,20.68,20.68,20.68,20.68
1466,20.68,20.68,20.68,20.68,20.68,20.68,20.68,20.68,20.68,20.68
1467,20.68,20.68,20.68,20.68,20.68,20.68,20.68,20.68,20.68,20.68
1468,20.68,20.68,20.68,20.68,20.68,20.68,20.68,20.68,20.68,20.68
1469,20.68,20.68,20.68,20.68,20.68,20.68,20.68,20.68,20.68,20.68
1470,20.68,20.68,20.68,20.68,20.68,20.68,20.68,20.68,20.68,20.68
1471,20.68,20.68,20.68,20.68,20.68,20.68,20.68,20.68,20.68,20.68
1472,20.68,20.68,20.68,20.68,20.68,20.68,20.68,20.68,20.68,20.68
1473,20.68,20.68,20.68,20.68,20.68,20.68,20.68,20.68,20.68,20.68
1474,20.68,20.68,20.68,20.68,20.68,20.68,20.68,20.68,20.68,20.68
1475,20.68,20.68,20.68,20.68,20.68,20.68,20.68,20.68,20.68,20.68
1476,20.68,20.68,20.68,20.68,20.68,20.68,20.68,20.68,20.68,20.68
1477,20.68,20.68,20.68,20.68,20.68,20.68,20.68,20.68,20.68,20.68
1478,20.68,20.68,20.68,20.68,20.68,20.68,20.68,20.68,20.68,20.68
1479,20.68,20.68,20.68,20.68,20.68,20.68,20.68,20.68,20.68,20.68
1480,20.68,20.68,20.68,20.68,20.68,20.68,20.68,20.68,20.68,20.68
1481,20.68,20.68,20.68,20.68,20.68,20.68,20.68,20.68,20.68,20.68
1482,20.68,20.68,20.68,20.68,20.68,20.68,20.68,20.68,20.68,20.68
1483,20.68,20.68,20.68,20.68,20.68,20.68,20.68,20.68,20.68,20.68
1484,20.68,20.68,20.68,20.68,20.68,20.68,20.68,20.68,20.68,20.68
1485,20.68,20.68,20.68,20.68,20.68,20.68,20.68,20.68,20.68,20.68
1486,20.68,20.68,20.68,20.68,20.68,20.68,20.68,20.68,20.68,20.68
1487,20.68,20.68,20.68,20.68,20.68,20.68,20.68,20.68,20.68,20.68
1488,20.68,20.68,20.68,20.68,20.68,20.68,20.68,20.68,20.68,20.68
1489,20.68,20.68,20.68,20.68,20.68,20.68,20.68,20.68,20.68,20.68
1490,20.68,20.68,20.68,20.68,20.68,20.68,20.68,20.68,20.68,20.68
1491,20.68,20.68,20.68,20.68,20.68,20.68,20.68,20.68,20.68,20.68
1492,20.68,20.68,20.68,20.68,20.68,20.68,20.68,20.68,20.68,20.68
1493,20.68,20.68,20.68,20.68,20.68,20.68,20.68,20.68,20.68,20.68
1494,20.68,20.68,20.68,20.68,20.68,20.68,20.68,20.68,20.68,20.68
1495,20.68,20.68,20.68,20.68,20.68,20.68,20.68,20.68,20.68,20.68
1496,20.68,20.68,20.68,20.68,20.68,20.68,20.68,20.68,20.68,20.68
1497,20.68,20.68,20.68,20.68,20.68,20.68,20.68,20.68,20.68,20.68
1498,20.68,20.68,20.68,20.68,20.68,20.68,20.68,20.68,20.68,20.68
1499,20.68,20.68,20.68,20.68,20.68,20.68,20.68,20.68,20.68,20.68
1500,20.68,20.68,20.68,20.68,20.68,20.68,20.68,20.68,20.68,20.68
1501,20.68,20.68,20.68,20.68,20.68,20.68,20.68,20.68,20.68,20.68
1502,20.68,20.68,20.68,20.68,20.68,20.68,20.68,20.68,20.68,20.68
1503,20.68,20.68,20.68,20.68,20.68,20.68,20.68,20.68,20.68,20.68
1504,20.68,20.68,20.68,20.68,20.68,20.68,20.68,20.68,20.68,20.68
1505,20.68,20.68,20.68,20.68,20.68,20.68,20.68,20.68,20.68,20.68
1506,20.68,20.68,20.68,20.68,20.68,20.68,20.68,20.68,20.68,20.68
1507,20.68,20.68,20.68,20.68,20.68,20.68,20.68,20.68,20.68,20.68
1508,20.68,20.68,20.68,20.68,20.68,20.68,20.68,20.68,20.68,20.68
1509,20.68,20.68,20.68,20.68,20.68,20.68,20.68,20.68,20.68,20.68
1510,20.68,20.68,20.68,20.68,20.68,20.68,20.68,20.68,20.68,20.68
1511,20.68,20.68,20.68,20.68,20.68,20.68,20.68,20.68,20.68,20.68
1512,20.68,20.68,20.68,20.68,20.68,20.68,20.68,20.68,20.68,20.68
1513,20.68,20.68,20.68,20.68,20.68,20.68,20.68,20.68,20.68,20.68
1514,20.68,20.68,20.68,20.68,20.68,20.68,20.68,20.68,20.68,20.68
1515,20.68,20.68,20.68,20.68,20.68,20.68,20.68,20.68,20.68,20.68
1516,20.68,20.68,20.68,20.68,20.68,20.68,20.68,20.68,20.68,20.68
1517,20.68,20.68,20.68,20.68,20.68,20.68,20.68,20.68,20.68,20.68
1518,20.68,20.68,20.68,20.68,20.68,20.68,20.68,20.68,20.68,20.68
1519,20.68,20.68,20.68,20.68,20.68,20.68,20.68,20.68,20.68,20.68
1520,20.68,20.68,20.68,20.68,20.68,20.68,20.68,20.68,20.68,20.68
1521,20.68,20.68,20.68,20.68,20.68,20.68,20.68,20.68,20.68,20.68
1522,20.68,20.68,20.68,20.68,20.68,20.68,20.68,20.68,20.68,20.68
1523,20.68,20.68,20.68,20.68,20.68,20.68,20.68,20.68,20.68,20.68
1524,20.68,20.68,20.68,20.68,20.68,20.68,20.68,20.68,20.68,20.68
1525,20.68,20.68,20.68,20.68,20.68,20.68,20.68,20.68,20.68,20.68
1526,20.68,20.68,20.68,20.68,20.68,20.68,20.68,20.68,20.68,20.68
1527,20.68,20.68,20.68,20.68,20.68,20.68,20.68,20.68,20.68,20.68
1528,20.68,20.68,20.68,20.68,20.68,20.68,20.68,20.68,20.68,20.68
1529,20.68,20.68,20.68,20.68,20.68,20.68,20.68,20.68,20.68,20.68
1530,20.68,20.68,20.68,20.68,20.68,20.68,20.68,20.68,20.68,20.68
1531,20.68,20.68,20.68,20.68,20.68,20.68,20.68,20.68,20.68,20.68
1532,20.68,20.68,20.68,20.68,20.68,20.68,20.68,20.68,20.68,20.68
1533,20.68,20.68,20.68,20.68,20.68,20.68,20.68,20.68,20.68,20.68
1534,20.68,20.68,20.68,20.68,20.68,20.68,20.68,20.68,20.68,20.68
1535,20.68,20.68,20.68,20.68,20.68,20.68,20.68,20.68,20.68,20.68
1536,20.68,20.68,20.68,20.68,20.68,20.68,20.68,20.68,20.68,20.68
1537,20.68,20.68,20.68,20.68,20.68,20.68,20.68,20.68,20.68,20.68
1538,20.68,20.68,20.68,20.68,20.68,20.68,20.68,20.68,20.68,20.68
1539,20.68,20.68,20.68,20.68,20.68,20.68,20.68,20.68,20.68,20.68
1540,20.68,20.68,20.68,20.68,20.68,20.68,20.68,20.68,20.68,20.68
1541,20.68,20.68,20.68,20.68,20.68,20.68,20.68,20.68,20.68,20.68
1542,20.68,20.68,20.68,20.68,20.68,20.68,20.68,20.68,20.68,20.68
1543,20.68,20.68,20.68,20.68,20.68,20.68,20.68,20.68,20.68,20.68
1544,20.68,20.68,20.68,20.68,20.68,20.68,20.68,20.68,20.68,20.68
1545,20.68,20.68,20.68,20.68,20.68,20.68,20.68,20.68,20.68,20.68
1546,20.68,20.68,20.68,20.68,20.68,20.68,20.68,20.68,20.68,20.68
1547,20.68,20.68,20.68,20.68,20.68,20.68,20.68,20.68,20.68,20.68
1548,20.68,20.68,20.68,20.68,20.68,20.68,20.68,20.68,20.68,20.68
1549,20.68,20.68,20.68,20.68,20.68,20.68,20.68,20.68,20.68,20.68
1550,20.68,20.68,20.68,20.68,20.68,20.68,20.68,20.68,20.68,20.68
1551,20.68,20.68,20.68,20.68,20.68,20.68,20.68,20.68,20.68,20.68
1552,20.68,20.68,20.68,20.68,20.68,20.68,20.68,20.68,20.68,20.68
1553,20.68,20.68,20.68,20.68,20.68,20.68,20.68,20.68,20.68,20.68
1554,20.68,20.68,20.68,20.68,20.68,20.68,20.68,20.68,20.68,20.68
1555,20.68,20.68,20.68,20.68,20.68,20.68,20.68,20.68,20.68,20.68
1556,20.68,20.68,20.68,20.68,20.68,20.68,20.68,20.68,20.68,20.68
1557,20.68,20.68,20.68,20.68,20.68,20.68,20.68,20.68,20.68,20.68
1558,20.68,20.68,20.68,20.68,20.68,20.68,20.68,20.68,20.68,20.68
1559,20.68,20.68,20.68,20.68,20.68,20.68,20.68,20.68,20.68,20.68
1560,20.68,20.68,20.68,20.68,20.68,20.68,20.68,20.68,20.68,20.68
1561,20.68,20.68,20.68,20.68,20.68,20.68,20.68,20.68,20.68,20.68
1562,20.68,20.68,20.68,20.68,20.68,20.68,20.68,20.68,20.68,20.68
1563,20.68,20.68,20.68,20.68,20.68,20.68,20.68,20.68,20.68,20.68
1564,20.68,20.68,20.68,20.68,20.68,20.68,20.68,20.68,20.68,20.68
1565,20.68,20.68,20.68,20.68,20.68,20.68,20.68,20.68,20.68,20.68
1566,20.68,20.68,20.68,20.68,20.68,20.68,20.68,20.68,20.68,20.68
1567,20.68,20.68,20.68,20.68,20.68,20.68,20.68,20.68,20.68,20.68
1568,20.68,20.68,20.68,20.68,20.68,20.68,20.68,20.68,20.68,20.68
1569,20.68,20.68,20.68,20.68,20.68,20.68,20.68,20.68,20.68,20.68
1570,20.68,20.68,20.68,20.68,20.68,20.68,20.68,20.68,20.68,20.68
1571,20.68,20.68,20.68,20.68,20.68,20.68,20.68,20.68,20.68,20.68
1572,20.68,20.68,20.68,20.68,20.68,20.68,20.68,20.68,20.68,20.68
1573,20.68,20.68,20.68,20.68,20.68,20.68,20.68,20.68,20.68,20.68
1574,20.68,20.68,20.68,20.68,20.68,20.68,20.68,20.68,20.68,20.68
1575,20.68,20.68,20.68,20.68,20.68,20.68,20.68,20.68,20.68,20.68
1576,20.68,20.68,20.68,20.68,20.68,20.68,20.68,20.68,20.68,20.68
1577,20.68,20.68,20.68,20.68,20.68,20.68,20.68,20.68,20.68,20.68
1578,20.68,20.68,20.68,20.68,20.68,20.68,20.68,20.68,20.68,20.68
1579,20.68,20.68,20.68,20.68,20.68,20.68,20.68,20.68,20.68,20.68
1580,20.68,20.68,20.68,20.68,20.68,20.68,20.68,20.68,20.68,20.68
1581,20.68,20.68,20.68,20.68,20.68,20.68,20.68,20.68,20.68,20.68
1582,20.68,20.68,20.68,20.68,20.68,20.68,20.68,20.68,20.68,20.68
1583,20.68,20.68,20.68,20.68,20.68,20.68,20.68,20.68,20.68,20.68
1584,20.68,20.68,20.68,20.68,20.68,20.68,20.68,20.68,20.68,20.68
1585,20.68,20.68,20.68,20.68,20.68,20.68,20.68,20.68,20.68,20.68
1586,20.68,20.68,20.68,20.68,20.68,20.68,20.68,20.68,20.68,20.68
1587,20.68,20.68,20.68,20.68,20.68,20.68,20.68,20.68,20.68,20.68
1588,20.68,20.68,20.68,20.68,20.68,20.68,20.68,20.68,20.68,20.68
1589,20.68,20.68,20.68,20.68,20.68,20.68,20.68,20.68,20.68,20.68
1590,20.68,20.68,20.68,20.68,20.68,20.68,20.68,20.68,20.68,20.68
1591,20.68,20.68,20.68,20.68,20.68,20.68,20.68,20.68,20.68,20.68
1592,20.68,20.68,20.68,20.68,20.68,20.68,20.68,20.68,20.68,20.68
1593,20.68,20.68,20.68,20.68,20.68,20.68,20.68,20.68,20.68,20.68
1594,20.68,20.68,20.68,20.68,20.68,20.68,20.68,20.68,20.68,20.68
1595,20.68,20.68,20.68,20.68,20.68,20.68,20.68,20.68,20.68,20.68
1596,20.68,20.68,20.68,20.68,20.68,20.68,20.68,20.68,20.68,20.68
1597,20.68,20.68,20.68,20.68,20.68,20.68,20.68,20.68,20.68,20.68
1598,20.68,20.68,20.68,20.68,20.68,20.68,20.68,20.68,20.68,20.68
1599,20.68,20.68,20.68,20.68,20.68,20.68,20.68,20.68,20.68,20.68
1600,20.68,20.68,20.68,20.68,20.68,20.68,20.68,20.68,20.68,20.68
1601,20.68,20.68,20.68,20.68,20.68,20.68,20.68,20.68,20.68,20.68
1602,20.68,20.68,20.68,20.68,20.68,20.68,20.68,20.68,20.68,20.68
1603,20.68,20.68,20.68,20.68,20.68,20.68,20.68,20.68,20.68,20.68
1604,20.68,20.68,20.68,20.68,20.68,20.68,20.68,20.68,20.68,20.68
1605,20.68,20.68,20.68,20.68,20.68,20.68,20.68,20.68,20.68,20.68
1606,20.68,20.68,20.68,20.68,20.68,20.68,20.68,20.68,20.68,20.68
1607,20.68,20.68,20.68,20.68,20.68,20.68,20.68,20.68,20.68,20.68
1608,20.68,20.68,20.68,20.68,20.68,20.68,20.68,20.68,20.68,20.68
1609,20.68,20.68,20.68,20.68,20.68,20.68,20.68,20.68,20.68,20.68
1610,20.68,20.68,20.68,20.68,20.68,20.68,20.68,20.68,20.68,20.68
1611,20.68,20.68,20.68,20.68,20.68,20.68,20.68,20.68,20.68,20.68
1612,20.68,20.68,20.68,20.68,20.68,20.68,20.68,20.68,20.68,20.68
1613,20.68,20.68,20.68,20.68,20.68,20.68,20.68,20.68,20.68,20.68
1614,20.68,20.68,20.68,20.68,20.68,20.68,20.68,20.68,20.68,20.68
1615,20.68,20.68,20.68,20.68,20.68,20.68,20.68,20.68,20.68,20.68
1616,20.68,20.68,20.68,20.68,20.68,20.68,20.68,20.68,20.68,20.68
1617,20.68,20.68,20.68,20.68,20.68,20.68,20.68,20.68,20.68,20.68
1618,20.68,20.68,20.68,20.68,20.68,20.68,20.68,20.68,20.68,20.68
1619,20.68,20.68,20.68,20.68,20.68,20.68,20.68,20.68,20.68,20.68
1620,20.68,20.68,20.68,20.68,20.68,20.68,20.68,20.68,20.68,20.68
1621,20.68,20.68,20.68,20.68,20.68,20.68,20.68,20.68,20.68,20.68
1622,20.68,20.68,20.68,20.68,20.68,20.68,20.68,20.68,20.68,20.68
1623,20.68,20.68,20.68,20.68,20.68,20.68,20.68,20.68,20.68,20.68
1624,20.68,20.68,20.68,20.68,20.68,20.68,20.68,20.68,20.68,20.68
1625,20.68,20.68,20.68,20.68,20.68,20.68,20.68,20.68,20.68,20.68
1626,20.68,20.68,20.68,20.68,20.68,20.68,20.68,20.68,20.68,20.68
1627,20.68,20.68,20.68,20.68,20.68,20.68,20.68,20.68,20.68,20.68
1628,20.68,20.68,20.68,20.68,20.68,20.68,20.68,20.68,20.68,20.68
1629,20.68,20.68,20.68,20.68,20.68,20.68,20.68,20.68,20.68,20.68
1630,20.68,20.68,20.68,20.68,20.68,20.68,20.68,20.68,20.68,20.68
1631,20.68,20.68,20.68,20.68,20.68,20.68,20.68,20.68,20.68,20.68
1632,20.68,20.68,20.68,20.68,20.68,20.68,20.68,20.68,20.68,20.68
1633,20.68,20.68,20.68,20.68,20.68,20.68,20.68,20.68,20.68,20.68
1634,20.68,20.68,20.68,20.68,20.68,20.68,20.68,20.68,20.68,20.68
1635,20.68,20.68,20.68,20.68,20.68,20.68,20.68,20.68,20.68,20.68
1636,20.68,20.68,20.68,20.68,20.68,20.68,20.68,20.68,20.68,20.68
1637,20.68,20.68,20.68,20.68,20.68,20.68,20.68,20.68,20.68,20.68
1638,20.68,20.68,20.68,20.68,20.68,20.68,20.68,20.68,20.68,20.68
1639,20.68,20.68,20.68,20.68,20.68,20.68,20.68,20.68,20.68,20.68
1640,20.68,20.68,20.68,20.68,20.68,20.68,20.68,20.68,20.68,20.68
1641,20.68,20.68,20.68,20.68,20.68,20.68,20.68,20.68,20.68,20.68
1642,20.68,20.68,20.68,20.68,20.68,20.68,20.68,20.68,20.68,20.68
1643,20.68,20.68,20.68,20.68,20.68,20.68,20.68,20.68,20.68,20.68
1644,20.68,20.68,20.68,20.68,20.68,20.68,20.68,20.68,20.68,20.68
1645,20.68,20.68,20.68,20.68,20.68,20.68,20.68,20.68,20.68,20.68
1646,20.68,20.68,20.68,20.68,20.68,20.68,20.68,20.68,20.68,20.68
1647,20.68,20.68,20.68,20.68,20.68,20.68,20.68,20.68,20.68,20.68
1648,20.68,20.68,20.68,20.68,20.68,20.68,20.68,20.68,20.68,20.68
1649,20.68,20.68,20.68,20.68,20.68,20.68,20.68,20.68,20.68,20.68
1650,20.68,20.68,20.68,20.68,20.68,20.68,20.68,20.68,20.68,20.68
1651,20.68,20.68,20.68,20.68,20.68,20.68,20.68,20.68,20.68,20.68
1652,20.68,20.68,20.68,20.68,20.68,20.68,20.68,20.68,20.68,20.68
1653,20.68,20.68,20.68,20.68,20.68,20.68,20.68,20.68,20.68,20.68
1654,20.68,20.68,20.68,20.68,20.68,20.68,20.68,20.68,20.68,20.68
1655,20.68,20.68,20.68,20.68,20.68,20.68,20.68,20.68,20.68,20.68
1656,20.68,20.68,20.68,20.68,20.68,20.68,20.68,20.68,20.68,20.68
1657,20.68,20.68,20.68,20.68,20.68,20.68,20.68,20.68,20.68,20.68
1658,20.68,20.68,20.68,20.68,20.68,20.68,20.68,20.68,20.68,20.68
1659,20.68,20.68,20.68,20.68,20.68,20.68,20.68,20.68,20.68,20.68
1660,20.68,20.68,20.68,20.68,20.68,20.68,20.68,20.68,20.68,20.68
1661,20.68,20.68,20.68,20.68,20.68,20.68,20.68,20.68,20.68,20.68
1662,20.68,20.68,20.68,20.68,20.68,20.68,20.68,20.68,20.68,20.68
1663,20.68,20.68,20.68,20.68,20.68,20.68,20.68,20.68,20.68,20.68
1664,20.68,20.68,20.68,20.68,20.68,20.68,20.68,20.68,20.68,20.68
1665,20.68,20.68,20.68,20.68,20.68,20.68,20.68,20.68,20.68,20.68
1666,20.68,20.68,20.68,20.68,20.68,20.68,20.68,20.68,20.68,20.68
1667,20.68,20.68,20.68,20.68,20.68,20.68,20.68,20.68,20.68,20.68
1668,20.68,20.68,20.68,20.68,20.68,20.68,20.68,20.68,20.68,20.68
1669,20.68,20.68,20.68,20.68,20.68,20.68,20.68,20.68,20.68,20.68
1670,20.68,20.68,20.68,20.68,20.68,20.68,20.68,20.68,20.68,20.68
1671,20.68,20.68,20.68,20.68,20.68,20.68,20.68,20.68,20.68,20.68
1672,20.68,20.68,20.68,20.68,20.68,20.68,20.68,20.68,20.68,20.68
1673,20.68,20.68,20.68,20.68,20.68,20.68,20.68,20.68,20.68,20.68
1674,20.68,20.68,20.68,20.68,20.68,20.68,20.68,20.68,20.68,20.68
1675,20.68,20.68,20.68,20.68,20.68,20.68,20.68,20.68,20.68,20.68
1676,20.68,20.68,20.68,20.68,20.68,20.68,20.68,20.68,20.68,20.68
1677,20.68,20.68,20.68,20.68,20.68,20.68,20.68,20.68,20.68,20.68
1678,20.68,20.68,20.68,20.68,20.68,20.68,20.68,20.68,20.68,20.68
1679,20.68,20.68,20.68,20.68,20.68,20.68,20.68,20.68,20.68,20.68
1680,20.68,20.68,20.68,20.68,20.68,20.68,20.68,20.68,20.68,20.68
1681,20.68,20.68,20.68,20.68,20.68,20.68,20.68,20.68,20.68,20.68
1682,20.68,20.68,20.68,20.68,20.68,20.68,20.68,20.68,20.68,20.68
1683,20.68,20.68,20.68,20.68,20.68,20.68,20.68,20.68,20.68,20.68
1684,20.68,20.68,20.68,20.68,20.68,20.68,20.68,20.68,20.68,20.68
1685,20.68,20.68,20.68,20.68,20.68,20.68,20.68,20.68,20.68,20.68
1686,20.68,20.68,20.68,20.68,20.68,20.68,20.68,20.68,20.68,20.68
1687,20.68,20.68,20.68,20.68,20.68,20.68,20.68,20.68,20.68,20.68
1688,20.68,20.68,20.68,20.68,20.68,20.68,20.68,20.68,20.68,20.68
1689,20.68,20.68,20.68,20.68,20.68,20.68,20.68,20.68,20.68,20.68
1690,20.68,20.68,20.68,20.68,20.68,20.68,20.68,20.68,20.68,20.68
1691,20.68,20.68,20.68,20.68,20.68,20.68,20.68,20.68,20.68,20.68
1692,20.68,20.68,20.68,20.68,20.68,20.68,20.68,20.68,20.68,20.68
1693,20.68,20.68,20.68,20.68,20.68,20.68,20.68,20.68,20.68,20.68
1694,20.68,20.68,20.68,20.68,20.68,20.68,20.68,20.68,20.68,20.68
1695,20.68,20.68,20.68,20.68,20.68,20.68,20.68,20.68,20.68,20.68
1696,20.68,20.68,20.68,20.68,20.68,20.68,20.68,20.68,20.68,20.68
1697,20.68,20.68,20.68,20.68,20.68,20.68,20.68,20.68,20.68,20.68
1698,20.68,20.68,20.68,20.68,20.68,20.68,20.68,20.68,20.68,20.68
1699,20.68,20.68,20.68,20.68,20.68,20.68,20.68,20.68,20.68,20.68
1700,20.68,20.68,20.68,20.68,20.68,20.68,20.68,20.68,20.68,20.68
1701,20.68,20.68,20.68,20.68,20.68,20.68,20.68,20.68,20.68,20.68
1702,20.68,20.68,20.68,20.68,20.68,20.68,20.68,20.68,20.68,20.68
1703,20.68,20.68,20.68,20.68,20.68,20.68,20.68,20.68,20.68,20.68
1704,20.68,20.68,20.68,20.68,20.68,20.68,20.68,20.68,20.68,20.68
1705,20.68,20.68,20.68,20.68,20.68,20.68,20.68,20.68,20.68,20.68
1706,20.68,20.68,20.68,20.68,20.68,20.68,20.68,20.68,20.68,20.68
1707,20.68,20.68,20.68,20.68,20.68,20.68,20.68,20.68,20.68,20.68
1708,20.68,20.68,20.68,20.68,20.68,20.68,20.68,20.68,20.68,20.68
1709,20.68,20.68,20.68,20.68,20.68,20.68,20.68,20.68,20.68,20.68
1710,20.68,20.68,20.68,20.68,20.68,20.68,20.68,20.68,20.68,20.68
1711,20.68,20.68,20.68,20.68,20.68,20.68,20.68,20.68,20.68,20.68
1712,20.68,20.68,20.68,20.68,20.68,20.68,20.68,20.68,20.68,20.68
1713,20.68,20.68,20.68,20.68,20.68,20.68,20.68,20.68,20.68,20.68
1714,20.68,20.68,20.68,20.68,20.68,20.68,20.68,20.68,20.68,20.68
1715,20.68,20.68,20.68,20.68,20.68,20.68,20.68,20.68,20.68,20.68
1716,20.68,20.68,20.68,20.68,20.68,20.68,20.68,20.68,20.68,20.68
1717,20.68,20.68,20.68,20.68,20.68,20.68,20.68,20.68,20.68,20.68
1718,20.68,20.68,20.68,20.68,20.68,20.68,20.68,20.68,20.68,20.68
1719,20.68,20.68,20.68,20.68,20.68,20.68,20.68,20.68,20.68,20.68
1720,20.68,20.68,20.68,20.68,20.68,20.68,20.68,20.68,20.68,20.68
1721,20.68,20.68,20.68,20.68,20.68,20.68,20.68,20.68,20.68,20.68
1722,20.68,20.68,20.68,20.68,20.68,20.68,20.68,20.68,20.68,20.68
1723,20.68,20.68,20.68,20.68,20.68,20.68,20.68,20.68,20.68,20.68
1724,20.68,20.68,20.68,20.68,20.68,20.68,20.68,20.68,20.68,20.68
1725,20.68,20.68,20.68,20.68,20.68,20.68,20.68,20.68,20.68,20.68
1726,20.68,20.68,20.68,20.68,20.68,20.68,20.68,20.68,20.68,20.68
1727,20.68,20.68,20.68,20.68,20.68,20.68,20.68,20.68,20.68,20.68
1728,20.68,20.68,20.68,20.68,20.68,20.68,20.68,20.68,20.68,20.68
1729,20.68,20.68,20.68,20.68,20.68,20.68,20.68,20.68,20.68,20.68
1730,20.68,20.68,20.68,20.68,20.68,20.68,20.68,20.68,20.68,20.68
1731,20.68,20.68,20.68,20.68,20.68,20.68,20.68,20.68,20.68,20.68
1732,20.68,20.68,20.68,20.68,20.68,20.68,20.68,20.68,20.68,20.68
1733,20.68,20.68,20.68,20.68,20.68,20.68,20.68,20.68,20.68,20.68
1734,20.68,20.68,20.68,20.68,20.68,20.68,20.68,20.68,20.68,20.68
1735,20.68,20.68,20.68,20.68,20.68,20.68,20.68,20.68,20.68,20.68
1736,20.68,20.68,20.68,20.68,20.68,20.68,20.68,20.68,20.68,20.68
1737,20.68,20.68,20.68,20.68,20.68,20.68,20.68,20.68,20.68,20.68
1738,20.68,20.68,20.68,20.68,20.68,20.68,20.68,20.68,20.68,20.68
1739,20.68,20.68,20.68,20.68,20.68,20.68,20.68,20.68,20.68,20.68
1740,20.68,20.68,20.68,20.68,20.68,20.68,20.68,20.68,20.68,20.68
1741,20.68,20.68,20.68,20.68,20.68,20.68,20.68,20.68,20.68,20.68
1742,20.68,20.68,20.68,20.68,20.68,20.68,20.68,20.68,20.68,20.68
1743,20.68,20.68,20.68,20.68,20.68,20.68,20.68,20.68,20.68,20.68
1744,20.68,20.68,20.68,20.68,20.68,20.68,20.68,20.68,20.68,20.68
1745,20.68,20.68,20.68,20.68,20.68,20.68,20.68,20.68,20.68,20.68
1746,20.68,20.68,20.68,20.68,20.68,20.68,20.68,20.68,20.68,20.68
1747,20.68,20.68,20.68,20.68,20.68,20.68,20.68,20.68,20.68,20.68
1748,20.68,20.68,20.68,20.68,20.68,20.68,20.68,20.68,20.68,20.68
1749,20.68,20.68,20.68,20.68,20.68,20.68,20.68,20.68,20.68,20.68
1750,20.68,20.68,20.68,20.68,20.68,20.68,20.68,20.68,20.68,20.68
1751,20.68,20.68,20.68,20.68,20.68,20.68,20.68,20.68,20.68,20.68
1752,20.68,20.68,20.68,20.68,20.68,20.68,20.68,20.68,20.68,20.68
1753,20.68,20.68,20.68,20.68,20.68,20.68,20.68,20.68,20.68,20.68
1754,20.68,20.68,20.68,20.68,20.68,20.68,20.68,20.68,20.68,20.68
1755,20.68,20.68,20.68,20.68,20.68,20.68,20.68,20.68,20.68,20.68
1756,20.68,20.68,20.68,20.68,20.68,20.68,20.68,20.68,20.68,20.68
1757,20.68,20.68,20.68,20.68,20.68,20.68,20.68,20.68,20.68,20.68
1758,20.68,20.68,20.68,20.68,20.68,20.68,20.68,20.68,20.68,20.68
1759,20.68,20.68,20.68,20.68,20.68,20.68,20.68,20.68,20.68,20.68
1760,20.68,20.68,20.68,20.68,20.68,20.68,20.68,20.68,20.68,20.68
1761,20.68,20.68,20.68,20.68,20.68,20.68,20.68,20.68,20.68,20.68
1762,20.68,20.68,20.68,20.68,20.68,20.68,20.68,20.68,20.68,20.68
1763,20.68,20.68,20.68,20.68,20.68,20.68,20.68,20.68,20.68,20.68
1764,20.68,20.68,20.68,20.68,20.68,20.68,20.68,20.68,20.68,20.68
1765,20.68,20.68,20.68,20.68,20.68,20.68,20.68,20.68,20.68,20.68
1766,20.68,20.68,20.68,20.68,20.68,20.68,20.68,20.68,20.68,20.68
1767,20.68,20.68,20.68,20.68,20.68,20.68,20.68,20.68,20.68,20.68
1768,20.68,20.68,20.68,20.68,20.68,20.68,20.68,20.68,20.68,20.68
1769,20.68,20.68,20.68,20.68,20.68,20.68,20.68,20.68,20.68,20.68
1770,20.68,20.68,20.68,20.68,20.68,20.68,20.68,20.68,20.68,20.68
1771,20.68,20.68,20.68,20.68,20.68,20.68,20.68,20.68,20.68,20.68
1772,20.68,20.68,20.68,20.68,20.68,20.68,20.68,20.68,20.68,20.68
1773,20.68,20.68,20.68,20.68,20.68,20.68,20.68,20.68,20.68,20.68
1774,20.68,20.68,20.68,20.68,20.68,20.68,20.68,20.68,20.68,20.68
1775,20.68,20.68,20.68,20.68,20.68,20.68,20.68,20.68,20.68,20.68
1776,20.68,20.68,20.68,20.68,20.68,20.68,20.68,20.68,20.68,20.68
1777,20.68,20.68,20.68,20.68,20.68,20.68,20.68,20.68,20.68,20.68
1778,20.68,20.68,20.68,20.68,20.68,20.68,20.68,20.68,20.68,20.68
1779,20.68,20.68,20.68,20.68,20.68,20.68,20.68,20.68,20.68,20.68
1780,20.68,20.68,20.68,20.68,20.68,20.68,20.68,20.68,20.68,20.68
1781,20.68,20.68,20.68,20.68,20.68,20.68,20.68,20.68,20.68,20.68
1782,20.68,20.68,20.68,20.68,20.68,20.68,20.68,20.68,20.68,20.68
1783,20.68,20.68,20.68,20.68,20.68,20.68,20.68,20.68,20.68,20.68
1784,20.68,20.68,20.68,20.68,20.68,20.68,20.68,20.68,20.68,20.68
1785,20.68,20.68,20.68,20.68,20.68,20.68,20.68,20.68,20.68,20.68
1786,20.68,20.68,20.68,20.68,20.68,20.68,20.68,20.68,20.68,20.68
1787,20.68,20.68,20.68,20.68,20.68,20.68,20.68,20.68,20.68,20.68
1788,20.68,20.68,20.68,20.68,20.68,20.68,20.68,20.68,20.68,20.68
1789,20.68,20.68,20.68,20.68,20.68,20.68,20.68,20.68,20.68,20.68
1790,20.68,20.68,20.68,20.68,20.68,20.68,20.68,20.68,20.68,20.68
1791,20.68,20.68,20.68,20.68,20.68,20.68,20.68,20.68,20.68,20.68
1792,20.68,20.68,20.68,20.68,20.68,20.68,20.68,20.68,20.68,20.68
1793,20.68,20.68,20.68,20.68,20.68,20.68,20.68,20.68,20.68,20.68
1794,20.68,20.68,20.68,20.68,20.68,20.68,20.68,20.68,20.68,20.68
1795,20.68,20.68,20.68,20.68,20.68,20.68,20.68,20.68,20.68,20.68
1796,20.68,20.68,20.68,20.68,20.68,20.68,20.68,20.68,20.68,20.68
1797,20.68,20.68,20.68,20.68,20.68,20.68,20.68,20.68,20.68,20.68
1798,20.68,20.68,20.68,20.68,20.68,20.68,20.68,20.68,20.68,20.68
1799,20.68,20.68,20.68,20.68,20.68,20.68,20.68,20.68,20.68,20.68
1800,20.68,20.68,20.68,20.68,20.68,20.68,20.68,20.68,20.68,20.68
1801,20.68,20.68,20.68,20.68,20.68,20.68,20.68,20.68,20.68,20.68
1802,20.68,20.68,20.68,20.68,20.68,20.68,20.68,20.68,20.68,20.68
1803,20.68,20.68,20.68,20.68,20.68,20.68,20.68,20.68,20.68,20.68
1804,20.68,20.68,20.68,20.68,20.68,20.68,20.68,20.68,20.68,20.68
1805,20.68,20.68,20.68,20.68,20.68,20.68,20.68,20.68,20.68,20.68
1806,20.68,20.68,20.68,20.68,20.68,20.68,20.68,20.68,20.68,20.68
1807,20.68,20.68,20.68,20.68,20.68,20.68,20.68,20.68,20.68,20.68
1808,20.68,20.68,20.68,20.68,20.68,20.68,20.68,20.68,20.68,20.68
1809,20.68,20.68,20.68,20.68,20.68,20.68,20.68,20.68,20.68,20.68
1810,20.68,20.68,20.68,20.68,20.68,20.68,20.68,20.68,20.68,20.68
1811,20.68,20.68,20.68,20.68,20.68,20.68,20.68,20.68,20.68,20.68
1812,20.68,20.68,20.68,20.68,20.68,20.68,20.68,20.68,20.68,20.68
1813,20.68,20.68,20.68,20.68,20.68,20.68,20.68,20.68,20.68,20.68
1814,20.68,20.68,20.68,20.68,20.68,20.68,20.68,20.68,20.68,20.68
1815,20.68,20.68,20.68,20.68,20.68,20.68,20.68,20.68,20.68,20.68
1816,20.68,20.68,20.68,20.68,20.68,20.68,20.68,20.68,20.68,20.68
1817,20.68,20.68,20.68,20.68,20.68,20.68,20.68,20.68,20.68,20.68
1818,20.68,20.68,20.68,20.68,20.68,20.68,20.68,20.68,20.68,20.68
1819,20.68,20.68,20.68,20.68,20.68,20.68,20.68,20.68,20.68,20.68
1820,20.68,20.68,20.68,20.68,20.68,20.68,20.68,20.68,20.68,20.68
1821,20.68,20.68,20.68,20.68,20.68,20.68,20.68,20.68,20.68,20.68
1822,20.68,20.68,20.68,20.68,20.68,20.68,20.68,20.68,20.68,20.68
1823,20.68,20.68,20.68,20.68,20.68,20.68,20.68,20.68,20.68,20.68
1824,20.68,20.68,20.68,20.68,20.68,20.68,20.68,20.68,20.68,20.68
1825,20.68,20.68,20.68,20.68,20.68,20.68,20.68,20.68,20.68,20.68
1826,20.68,20.68,20.68,20.68,20.68,20.68,20.68,20.68,20.68,20.68
1827,20.68,20.68,20.68,20.68,20.68,20.68,20.68,20.68,20.68,20.68
1828,20.68,20.68,20.68,20.68,20.68,20.68,20.68,20.68,20.68,20.68
1829,20.68,20.68,20.68,20.68,20.68,20.68,20.68,20.68,20.68,20.68
1830,20.68,20.68,20.68,20.68,20.68,20.68,20.68,20.68,20.68,20.68
1831,20.68,20.68,20.68,20.68,20.68,20.68,20.68,20.68,20.68,20.68
1832,20.68,20.68,20.68,20.68,20.68,20.68,20.68,20.68,20.68,20.68
1833,20.68,20.68,20.68,20.68,20.68,20.68,20.68,20.68,20.68,20.68
1834,20.68,20.68,20.68,20.68,20.68,20.68,20.68,20.68,20.68,20.68
1835,20.68,20.68,20.68,20.68,20.68,20.68,20.68,20.68,20.68,20.68
1836,20.68,20.68,20.68,20.68,20.68,20.68,20.68,20.68,20.68,20.68
1837,20.68,20.68,20.68,20.68,20.68,20.68,20.68,20.68,20.68,20.68
1838,20.68,20.68,20.68,20.68,20.68,20.68,20.68,20.68,20.68,20.68
1839,20.68,20.68,20.68,20.68,20.68,20.68,20.68,20.68,20.68,20.68
1840,20.68,20.68,20.68,20.68,20.68,20.68,20.68,20.68,20.68,20.68
1841,20.68,20.68,20.68,20.68,20.68,20.68,20.68,20.68,20.68,20.68
1842,20.68,20.68,20.68,20.68,20.68,20.68,20.68,20.68,20.68,20.68
1843,20.68,20.68,20.68,20.68,20.68,20.68,20.68,20.68,20.68,20.68
1844,20.68,20.68,20.68,20.68,20.68,20.68,20.68,20.68,20.68,20.68
1845,20.68,20.68,20.68,20.68,20.68,20.68,20.68,20.68,20.68,20.68
1846,20.68,20.68,20.68,20.68,20.68,20.68,20.68,20.68,20.68,20.68
1847,20.68,20.68,20.68,20.68,20.68,20.68,20.68,20.68,20.68,20.68
1848,20.68,20.68,20.68,20.68,20.68,20.68,20.68,20.68,20.68,20.68
1849,20.68,20.68,20.68,20.68,20.68,20.68,20.68,20.68,20.68,20.68
1850,20.68,20.68,20.68,20.68,20.68,20.68,20.68,20.68,20.68,20.68
1851,20.68,20.68,20.68,20.68,20.68,20.68,20.68,20.68,20.68,20.68
1852,20.68,20.68,20.68,20.68,20.68,20.68,20.68,20.68,20.68,20.68
1853,20.68,20.68,20.68,20.68,20.68,20.68,20.68,20.68,20.68,20.68
1854,20.68,20.68,20.68,20.68,20.68,20.68,20.68,20.68,20.68,20.68
1855,20.68,20.68,20.68,20.68,20.68,20.68,20.68,20.68,20.68,20.68
1856,20.68,20.68,20.68,20.68,20.68,20.68,20.68,20.68,20.68,20.68
1857,20.68,20.68,20.68,20.68,20.68,20.68,20.68,20.68,20.68,20.68
1858,20.68,20.68,20.68,20.68,20.68,20.68,20.68,20.68,20.68,20.68
1859,20.68,20.68,20.68,20.68,20.68,20.68,20.68,20.68,20.68,20.68
1860,20.68,20.68,20.68,20.68,20.68,20.68,20.68,20.68,20.68,20.68
1861,20.68,20.68,20.68,20.68,20.68,20.68,20.68,20.68,20.68,20.68
1862,20.68,20.68,20.68,20.68,20.68,20.68,20.68,20.68,20.68,20.68
1863,20.68,20.68,20.68,20.68,20.68,20.68,20.68,20.68,20.68,20.68
1864,20.68,20.68,20.68,20.68,20.68,20.68,20.68,20.68,20.68,20.68
1865,20.68,20.68,20.68,20.68,20.68,20.68,20.68,20.68,20.68,20.68
1866,20.68,20.68,20.68,20.68,20.68,20.68,20.68,20.68,20.68,20.68
1867,20.68,20.68,20.68,20.68,20.68,20.68,20.68,20.68,20.68,20.68
1868,20.68,20.68,20.68,20.68,20.68,20.68,20.68,20.68,20.68,20.68
1869,20.68,20.68,20.68,20.68,20.68,20.68,20.68,20.68,20.68,20.68
1870,20.68,20.68,20.68,20.68,20.68,20.68,20.68,20.68,20.68,20.68
1871,20.68,20.68,20.68,20.68,20.68,20.68,20.68,20.68,20.68,20.68
1872,20.68,20.68,20.68,20.68,20.68,20.68,20.68,20.68,20.68,20.68
1873,20.68,20.68,20.68,20.68,20.68,20.68,20.68,20.68,20.68,20.68
1874,20.68,20.68,20.68,20.68,20.68,20.68,20.68,20.68,20.68,20.68
1875,20.68,20.68,20.68,20.68,20.68,20.68,20.68,20.68,20.68,20.68
1876,20.68,20.68,20.68,20.68,20.68,20.68,20.68,20.68,20.68,20.68
1877,20.68,20.68,20.68,20.68,20.68,20.68,20.68,20.68,20.68,20.68
1878,20.68,20.68,20.68,20.68,20.68,20.68,20.68,20.68,20.68,20.68
1879,20.68,20.68,20.68,20.68,20.68,20.68,20.68,20.68,20.68,20.68
1880,20.68,20.68,20.68,20.68,20.68,20.68,20.68,20.68,20.68,20.68
1881,20.68,20.68,20.68,20.68,20.68,20.68,20.68,20.68,20.68,20.68
1882,20.68,20.68,20.68,20.68,20.68,20.68,20.68,20.68,20.68,20.68
1883,20.68,20.68,20.68,20.68,20.68,20.68,20.68,20.68,20.68,20.68
1884,20.68,20.68,20.68,20.68,20.68,20.68,20.68,20.68,20.68,20.68
1885,20.68,20.68,20.68,20.68,20.68,20.68,20.68,20.68,20.68,20.68
1886,20.68,20.68,20.68,20.68,20.68,20.68,20.68,20.68,20.68,20.68
1887,20.68,20.68,20.68,20.68,20.68,20.68,20.68,20.68,20.68,20.68
1888,20.68,20.68,20.68,20.68,20.68,20.68,20.68,20.68,20.68,20.68
1889,20.68,20.68,20.68,20.68,20.68,20.68,20.68,20.68,20.68,20.68
1890,20.68,20.68,20.68,20.68,20.68,20.68,20.68,20.68,20.68,20.68
1891,20.68,20.68,20.68,20.68,20.68,20.68,20.68,20.68,20.68,20.68
1892,20.68,20.68,20.68,20.68,20.68,20.68,20.68,20.68,20.68,20.68
1893,20.68,20.68,20.68,20.68,20.68,20.68,20.68,20.68,20.68,20.68
1894,20.68,20.68,20.68,20.68,20.68,20.68,20.68,20.68,20.68,20.68
1895,20.68,20.68,20.68,20.68,20.68,20.68,20.68,20.68,20.68,20.68
1896,20.68,20.68,20.68,20.68,20.68,20.68,20.68,20.68,20.68,20.68
1897,20.68,20.68,20.68,20.68,20.68,20.68,20.68,20.68,20.68,20.68
1898,20.68,20.68,20.68,20.68,20.68,20.68,20.68,20.68,20.68,20.68
1899,20.68,20.68,20.68,20.68,20.68,20.68,20.68,20.68,20.68,20.68
1900,20.68,20.68,20.68,20.68,20.68,20.68,20.68,20.68,20.68,20.68
1901,20.68,20.68,20.68,20.68,20.68,20.68,20.68,20.68,20.68,20.68
1902,20.68,20.68,20.68,20.68,20.68,20.68,20.68,20.68,20.68,20.68
1903,20.68,20.68,20.68,20.68,20.68,20.68,20.68,20.68,20.68,20.68
1904,20.68,20.68,20.68,20.68,20.68,20.68,20.68,20.68,20.68,20.68
1905,20.68,20.68,20.68,20.68,20.68,20.68,20.68,20.68,20.68,20.68
1906,20.68,20.68,20.68,20.68,20.68,20.68,20.68,20.68,20.68,20.68
1907,20.68,20.68,20.68,20.68,20.68,20.68,20.68,20.68,20.68,20.68
1908,20.68,20.68,20.68,20.68,20.68,20.68,20.68,20.68,20.68,20.68
1909,20.68,20.68,20.68,20.68,20.68,20.68,20.68,20.68,20.68,20.68
1910,20.68,20.68,20.68,20.68,20.68,20.68,20.68,20.68,20.68,20.68
1911,20.68,20.68,20.68,20.68,20.68,20.68,20.68,20.68,20.68,20.68
1912,20.68,20.68,20.68,20.68,20.68,20.68,20.68,20.68,20.68,20.68
1913,20.68,20.68,20.68,20.68,20.68,20.68,20.68,20.68,20.68,20.68
1914,20.68,20.68,20.68,20.68,20.68,20.68,20.68,20.68,20.68,20.68
1915,20.68,20.68,20.68,20.68,20.68,20.68,20.68,20.68,20.68,20.68
1916,20.68,20.68,20.68,20.68,20.68,20.68,20.68,20.68,20.68,20.68
1917,20.68,20.68,20.68,20.68,20.68,20.68,20.68,20.68,20.68,20.68
1918,20.68,20.68,20.68,20.68,20.68,20.68,20.68,20.68,20.68,20.68
1919,20.68,20.68,20.68,20.68,20.68,20.68,20.68,20.68,20.68,20.68
1920,20.68,20.68,20.68,20.68,20.68,20.68,20.68,20.68,20.68,20.68
1921,20.68,20.68,20.68,20.68,20.68,20.68,20.68,20.68,20.68,20.68
1922,20.68,20.68,20.68,20.68,20.68,20.68,20.68,20.68,20.68,20.68
1923,20.68,20.68,20.68,20.68,20.68,20.68,20.68,20.68,20.68,20.68
1924,20.68,20.68,20.68,20.68,20.68,20.68,20.68,20.68,20.68,20.68
1925,20.68,20.68,20.68,20.68,20.68,20.68,20.68,20.68,20.68,20.68
1926,20.68,20.68,20.68,20.68,20.68,20.68,20.68,20.68,20.68,20.68
1927,20.68,20.68,20.68,20.68,20.68,20.68,20.68,20.68,20.68,20.68
1928,20.68,20.68,20.68,20.68,20.68,20.68,20.68,20.68,20.68,20.68
1929,20.68,20.68,20.68,20.68,20.68,20.68,20.68,20.68,20.68,20.68
1930,20.68,20.68,20.68,20.68,20.68,20.68,20.68,20.68,20.68,20.68
1931,20.68,20.68,20.68,20.68,20.68,20.68,20.68,20.68,20.68,20.68
1932,20.68,20.68,20.68,20.68,20.68,20.68,20.68,20.68,20.68,20.68
1933,20.68,20.68,20.68,20.68,20.68,20.68,20.68,20.68,20.68,20.68
1934,20.68,20.68,20.68,20.68,20.68,20.68,20.68,20.68,20.68,20.68
1935,20.68,20.68,20.68,20.68,20.68,20.68,20.68,20.68,20.68,20.68
1936,20.68,20.68,20.68,20.68,20.68,20.68,20.68,20.68,20.68,20.68
1937,20.68,20.68,20.68,20.68,20.68,20.68,20.68,20.68,20.68,20.68
1938,20.68,20.68,20.68,20.68,20.68,20.68,20.68,20.68,20.68,20.68
1939,20.68,20.68,20.68,20.68,20.68,20.68,20.68,20.68,20.68,20.68
1940,20.68,20.68,20.68,20.68,20.68,20.68,20.68,20.68,20.68,20.68
1941,20.68,20.68,20.68,20.68,20.68,20.68,20.68,20.68,20.68,20.68
1942,20.68,20.68,20.68,20.68,20.68,20.68,20.68,20.68,20.68,20.68
1943,20.68,20.68,20.68,20.68,20.68,20.68,20.68,20.68,20.68,20.68
1944,20.68,20.68,20.68,20.68,20.68,20.68,20.68,20.68,20.68,20.68
1945,20.68,20.68,20.68,20.68,20.68,20.68,20.68,20.68,20.68,20.68
1946,20.68,20.68,20.68,20.68,20.68,20.68,20.68,20.68,20.68,20.68
1947,20.68,20.68,20.68,20.68,20.68,20.68,20.68,20.68,20.68,20.68
1948,20.68,20.68,20.68,20.68,20.68,20.68,20.68,20.68,20.68,20.68
1949,20.68,20.68,20.68,20.68,20.68,20.68,20.68,20.68,20.68,20.68
1950,20.68,20.68,20.68,20.68,20.68,20.68,20.68,20.68,20.68,20.68
1951,20.68,20.68,20.68,20.68,20.68,20.68,20.68,20.68,20.68,20.68
1952,20.68,20.68,20.68,20.68,20.68,20.68,20.68,20.68,20.68,20.68
1953,20.68,20.68,20.68,20.68,20.68,20.68,20.68,20.68,20.68,20.68
1954,20.68,20.68,20.68,20.68,20.68,20.68,20.68,20.68,20.68,20.68
1955,20.68,20.68,20.68,20.68,20.68,20.68,20.68,20.68,20.68,20.68
1956,20.68,20.68,20.68,20.68,20.68,20.68,20.68,20.68,20.68,20.68
1957,20.68,20.68,20.68,20.68,20.68,20.68,20.68,20.68,20.68,20.68
1958,20.68,20.68,20.68,20.68,20.68,20.68,20.68,20.68,20.68,20.68
1959,20.68,20.68,20.68,20.68,20.68,20.68,20.68,20.68,20.68,20.68
1960,20.68,20.68,20.68,20.68,20.68,20.68,20.68,20.68,20.68,20.68
1961,20.68,20.68,20.68,20.68,20.68,20.68,20.68,20.68,20.68,20.68
1962,20.68,20.68,20.68,20.68,20.68,20.68,20.68,20.68,20.68,20.68
1963,20.68,20.68,20.68,20.68,20.68,20.68,20.68,20.68,20.68,20.68
1964,20.68,20.68,20.68,20.68,20.68,20.68,20.68,20.68,20.68,20.68
1965,20.68,20.68,20.68,20.68,20.68,20.68,20.68,20.68,20.68,20.68
1966,20.68,20.68,20.68,20.68,20.68,20.68,20.68,20.68,20.68,20.68
1967,20.68,20.68,20.68,20.68,20.68,20.68,20.68,20.68,20.68,20.68
1968,20.68,20.68,20.68,20.68,20.68,20.68,20.68,20.68,20.68,20.68
1969,20.68,20.68,20.68,20.68,20.68,20.68,20.68,20.68,20.68,20.68
1970,20.68,20.68,20.68,20.68,20.68,20.68,20.68,20.68,20.68,20.68
1971,20.68,20.68,20.68,20.68,20.68,20.68,20.68,20.68,20.68,20.68
1972,20.68,20.68,20.68,20.68,20.68,20.68,20.68,20.68,20.68,20.68
1973,20.68,20.68,20.68,20.68,20.68,20.68,20.68,20.68,20.68,20.68
1974,20.68,20.68,20.68,20.68,20.68,20.68,20.68,20.68,20.68,20.68
1975,20.68,20.68,20.68,20.68,20.68,20.68,20.68,20.68,20.68,20.68
1976,20.68,20.68,20.68,20.68,20.68,20.68,20.68,20.68,20.68,20.68
1977,20.68,20.68,20.68,20.68,20.68,20.68,20.68,20.68,20.68,20.68
1978,20.68,20.68,20.68,20.68,20.68,20.68,20.68,20.68,20.68,20.68
1979,20.68,20.68,20.68,20.68,20.68,20.68,20.68,20.68,20.68,20.68
1980,20.68,20.68,20.68,20.68,20.68,20.68,20.68,20.68,20.68,20.68
1981,20.68,20.68,20.68,20.68,20.68,20.68,20.68,20.68,20.68,20.68
1982,20.68,20.68,20.68,20.68,20.68,20.68,20.68,20.68,20.68,20.68
1983,20.68,20.68,20.68,20.68,20.68,20.68,20.68,20.68,20.68,20.68
1984,20.68,20.68,20.68,20.68,20.68,20.68,20.68,20.68,20.68,20.68
1985,20.68,20.68,20.68,20.68,20.68,20.68,20.68,20.68,20.68,20.68
1986,20.68,20.68,20.68,20.68,20.68,20.68,20.68,20.68,20.68,20.68
1987,20.68,20.68,20.68,20.68,20.68,20.68,20.68,20.68,20.68,20.68
1988,20.68,20.68,20.68,20.68,20.68,20.68,20.68,20.68,20.68,20.68
1989,20.68,20.68,20.68,20.68,20.68,20.68,20.68,20.68,20.68,20.68
1990,20.68,20.68,20.68,20.68,20.68,20.68,20.68,20.68,20.68,20.68
1991,20.68,20.68,20.68,20.68,20.68,20.68,20.68,20.68,20.68,20.68
1992,20.68,20.68,20.68,20.68,20.68,20.68,20.68,20.68,20.68,20.68
1993,20.68,20.68,20.68,20.68,20.68,20.68,20.68,20.68,20.68,20.68
1994,20.68,20.68,20.68,20.68,20.68,20.68,20.68,20.68,20.68,20.68
1995,20.68,20.68,20.68,20.68,20.68,20.68,20.68,20.68,20.68,20.68
1996,20.68,20.68,20.68,20.68,20.68,20.68,20.68,20.68,20.68,20.68
1997,20.68,20.68,20.68,20.68,20.68,20.68,20.68,20.68,20.68,20.68
1998,20.68,20.68,20.68,20.68,20.68,20.68,20.68,20.68,20.68,20.68
1999,20.68,20.68,20.68,20.68,20.68,20.68,20.68,20.68,20.68,20.68
2000,20.68,20.68,20.68,20.68,20.68,20.68,20.68,20.68,20.68,20.68
2001,20.68,20.68,20.68,20.68,20.68,20.68,20.68,20.68,20.68,20.68
2002,20.68,20.68,20.68,20.68,20.68,20.68,20.68,20.68,20.68,20.68
2003,20.68,20.68,20.68,20.68,20.68,20.68,20.68,20.68,20.68,20.68
2004,20.68,20.68,20.68,20.68,20.68,20.68,20.68,20.68,20.68,20.68
2005,20.68,20.68,20.68,20.68,20.68,20.68,20.68,20.68,20.68,20.68
2006,20.68,20.68,20.68,20.68,20.68,20.68,20.68,20.68,20.68,20.68
2007,20.68,20.68,20.68,20.68,20.68,20.68,20.68,20.68,20.68,20.68
2008,20.68,20.68,20.68,20.68,20.68,20.68,20.68,20.68,20.68,20.68
2009,20.68,20.68,20.68,20.68,20.68,20.68,20.68,20.68,20.68,20.68
2010,20.68,20.68,20.68,20.68,20.68,20.68,20.68,20.68,20.68,20.68
2011,20.68,20.68,20.68,20.68,20.68,20.68,20.68,20.68,20.68,20.68
2012,20.68,20.68,20.68,20.68,20.68,20.68,20.68,20.68,20.68,20.68
2013,20.68,20.68,20.68,20.68,20.68,20.68,20.68,20.68,20.68,20.68
2014,20.68,20.68,20.68,20.68,20.68,20.68,20.68,20.68,20.68,20.68
2015,20.68,20.68,20.68,20.68,20.68,20.68,20.68,20.68,20.68,20.68
2016,20.68,20.68,20.68,20.68,20.68,20.68,20.68,20.68,20.68,20.68
2017,20.68,20.68,20.68,20.68,20.68,20.68,20.68,20.68,20.68,20.68
2018,20.68,20.68,20.68,20.68,20.68,20.68,20.68,20.68,20.68,20.68
2019,20.68,20.68,20.68,20.68,20.68,20.68,20.68,20.68,20.68,20.68
2020,20.68,20.68,20.68,20.68,20.68,20.68,20.68,20.68,20.68,20.68
2021,20.68,20.68,20.68,20.68,20.68,20.68,20.68,20.68,20.68,20.68
2022,20.68,20.68,20.68,20.68,20.68,20.68,20.68,20.68,20.68,20.68
2023,20.68,20.68,20.68,20.68,20.68,20.68,20.68,20.68,20.68,20.68
2024,20.68,20.68,20.68,20.68,20.68,20.68,20.68,20.68,20.68,20.68
2025,20.68,20.68,20.68,20.68,20.68,20.68,20.68,20.68,20.68,20.68
2026,20.68,20.68,20.68,20.68,20.68,20.68,20.68,20.68,20.68,20.68
2027,20.68,20.68,20.68,20.68,20.68,20.68,20.68,20.68,20.68,20.68
2028,20.68,20.68,20.68,20.68,20.68,20.68,20.68,20.68,20.68,20.68
2029,20.68,20.68,20.68,20.68,20.68,20.68,20.68,20.68,20.68,20.68
2030,20.68,20.68,20.68,20.68,20.68,20.68,20.68,20.68,20.68,20.68
2031,20.68,20.68,20.68,20.68,20.68,20.68,20.68,20.68,20.68,20.68
2032,20.68,20.68,20.68,20.68,20.68,20.68,20.68,20.68,20.68,20.68
2033,20.68,20.68,20.68,20.68,20.68,20.68,20.68,20.68,20.68,20.68
2034,20.68,20.68,20.68,20.68,20.68,20.68,20.68,20.68,20.68,20.68
2035,20.68,20.68,20.68,20.68,20.68,20.68,20.68,20.68,20.68,20.68
2036,20.68,20.68,20.68,20.68,20.68,20.68,20.68,20.68,20.68,20.68
2037,20.68,20.68,20.68,20.68,20.68,20.68,20.68,20.68,20.68,20.68
2038,20.68,20.68,20.68,20.68,20.68,20.68,20.68,20.68,20.68,20.68
2039,20.68,20.68,20.68,20.68,20.68,20.68,20.68,20.68,20.68,20.68
2040,20.68,20.68,20.68,20.68,20.68,20.68,20.68,20.68,20.68,20.68
2041,20.68,20.68,20.68,20.68,20.68,20.68,20.68,20.68,20.68,20.68
2042,20.68,20.68,20.68,20.68,20.68,20.68,20.68,20.68,20.68,20.68
2043,20.68,20.68,20.68,20.68,20.68,20.68,20.68,20.68,20.68,20.68
2044,20.68,20.68,20.68,20.68,20.68,20.68,20.68,20.68,20.68,20.68
2045,20.68,20.68,20.68,20.68,20.68,20.68,20.68,20.68,20.68,20.68
2046,20.68,20.68,20.68,20.68,20.68,20.68,20.68,20.68,20.68,20.68
2047,20.68,20.68,20.68,20.68,20.68,20.68,20.68,20.68,20.68,20.68
2048,20.68,20.68,20.68,20.68,20.68,20.68,20.68,20.68,20.68,20.68
2049,20.68,20.68,20.68,20.68,20.68,20.68,20.68,20.68,20.68,20.68
2050,20.68,20.68,20.68,20.68,20.68,20.68,20.68,20.68,20.68,20.68
2051,20.68,20.68,20.68,20.68,20.68,20.68,20.68,20.68,20.68,20.68
2052,20.68,20.68,20.68,20.68,20.68,20.68,20.68,20.68,20.68,20.68
2053,20.68,20.68,20.68,20.68,20.68,20.68,20.68,20.68,20.68,20.68
2054,20.68,20.68,20.68,20.68,20.68,20.68,20.68,20.68,20.68,20.68
2055,20.68,20.68,20.68,20.68,20.68,20.68,20.68,20.68,20.68,20.68
2056,20.68,20.68,20.68,20.68,20.68,20.68,20.68,20.68,20.68,20.68
2057,20.68,20.68,20.68,20.68,20.68,20.68,20.68,20.68,20.68,20.68
2058,20.68,20.68,20.68,20.68,20.68,20.68,20.68,20.68,20.68,20.68
2059,20.68,20.68,20.68,20.68,20.68,20.68,20.68,20.68,20.68,20.68
2060,20.68,20.68,20.68,20.68,20.68,20.68,20.68,20.68,20.68,20.68
2061,20.68,20.68,20.68,20.68,20.68,20.68,20.68,20.68,20.68,20.68
2062,20.68,20.68,20.68,20.68,20.68,20.68,20.68,20.68,20.68,20.68
2063,20.68,20.68,20.68,20.68,20.68,20.68,20.68,20.68,20.68,20.68
2064,20.68,20.68,20.68,20.68,20.68,20.68,20.68,20.68,20.68,20.68
2065,20.68,20.68,20.68,20.68,20.68,20.68,20.68,20.68,20.68,20.68
2066,20.68,20.68,20.68,20.68,20.68,20.68,20.68,20.68,20.68,20.68
2067,20.68,20.68,20.68,20.68,20.68,20.68,20.68,20.68,20.68,20.68
2068,20.68,20.68,20.68,20.68,20.68,20.68,20.68,20.68,20.68,20.68
2069,20.68,20.68,20.68,20.68,20.68,20.68,20.68,20.68,20.68,20.68
2070,20.68,20.68,20.68,20.68,20.68,20.68,20.68,20.68,20.68,20.68
2071,20.68,20.68,20.68,20.68,20.68,20.68,20.68,20.68,20.68,20.68
2072,20.68,20.68,20.68,20.68,20.68,20.68,20.68,20.68,20.68,20.68
2073,20.68,20.68,20.68,20.68,20.68,20.68,20.68,20.68,20.68,20.68
2074,20.68,20.68,20.68,20.68,20.68,20.68,20.68,20.68,20.68,20.68
2075,20.68,20.68,20.68,20.68,20.68,20.68,20.68,20.68,20.68,20.68
2076,20.68,20.68,20.68,20.68,20.68,20.68,20.68,20.68,20.68,20.68
2077,20.68,20.68,20.68,20.68,20.68,20.68,20.68,20.68,20.68,20.68
2078,20.68,20.68,20.68,20.68,20.68,20.68,20.68,20.68,20.68,20.68
2079,20.68,20.68,20.68,20.68,20.68,20.68,20.68,20.68,20.68,20.68
2080,20.68,20.68,20.68,20.68,20.68,20.68,20.68,20.68,20.68,20.68
2081,20.68,20.68,20.68,20.68,20.68,20.68,20.68,20.68,20.68,20.68
2082,20.68,20.68,20.68,20.68,20.68,20.68,20.68,20.68,20.68,20.68
2083,20.68,20.68,20.68,20.68,20.68,20.68,20.68,20.68,20.68,20.68
2084,20.68,20.68,20.68,20.68,20.68,20.68,20.68,20.68,20.68,20.68
2085,20.68,20.68,20.68,20.68,20.68,20.68,20.68,20.68,20.68,20.68
2086,20.68,20.68,20.68,20.68,20.68,20.68,20.68,20.68,20.68,20.68
2087,20.68,20.68,20.68,20.68,20.68,20.68,20.68,20.68,20.68,20.68
2088,20.68,20.68,20.68,20.68,20.68,20.68,20.68,20.68,20.68,20.68
2089,20.68,20.68,20.68,20.68,20.68,20.68,20.68,20.68,20.68,20.68
2090,20.68,20.68,20.68,20.68,20.68,20.68,20.68,20.68,20.68,20.68
2091,20.68,20.68,20.68,20.68,20.68,20.68,20.68,20.68,20.68,20.68
2092,20.68,20.68,20.68,20.68,20.68,20.68,20.68,20.68,20.68,20.68
2093,20.68,20.68,20.68,20.68,20.68,20.68,20.68,20.68,20.68,20.68
2094,20.68,20.68,20.68,20.68,20.68,20.68,20.68,20.68,20.68,20.68
2095,20.68,20.68,20.68,20.68,20.68,20.68,20.68,20.68,20.68,20.68
2096,20.68,20.68,20.68,20.68,20.68,20.68,20.68,20.68,20.68,20.68
2097,20.68,20.68,20.68,20.68,20.68,20.68,20.68,20.68,20.68,20.68
2098,20.68,20.68,20.68,20.68,20.68,20.68,20.68,20.68,20.68,20.68
2099,20.68,20.68,20.68,20.68,20.68,20.68,20.68,20.68,20.68,20.68
2100,20.68,20.68,20.68,20.68,20.68,20.68,20.68,20.68,20.68,20.68
2101,20.68,20.68,20.68,20.68,20.68,20.68,20.68,20.68,20.68,20.68
2102,20.68,20.68,20.68,20.68,20.68,20.68,20.68,20.68,20.68,20.68
2103,20.68,20.68,20.68,20.68,20.68,20.68,20.68,20.68,20.68,20.68
2104,20.68,20.68,20.68,20.68,20.68,20.68,20.68,20.68,20.68,20.68
2105,20.68,20.68,20.68,20.68,20.68,20.68,20.68,20.68,20.68,20.68
2106,20.68,20.68,20.68,20.68,20.68,20.68,20.68,20.68,20.68,20.68
2107,20.68,20.68,20.68,20.68,20.68,20.68,20.68,20.68,20.68,20.68
2108,20.68,20.68,20.68,20.68,20.68,20.68,20.68,20.68,20.68,20.68
2109,20.68,20.68,20.68,20.68,20.68,20.68,20.68,20.68,20.68,20.68
2110,20.68,20.68,20.68,20.68,20.68,20.68,20.68,20.68,20.68,20.68
2111,20.68,20.68,20.68,20.68,20.68,20.68,20.68,20.68,20.68,20.68
2112,20.68,20.68,20.68,20.68,20.68,20.68,20.68,20.68,20.68,20.68
2113,20.68,20.68,20.68,20.68,20.68,20.68,20.68,20.68,20.68,20.68
2114,20.68,20.68,20.68,20.68,20.68,20.68,20.68,20.68,20.68,20.68
2115,20.68,20.68,20.68,20.68,20.68,20.68,20.68,20.68,20.68,20.68
2116,20.68,20.68,20.68,20.68,20.68,20.68,20.68,20.68,20.68,20.68
2117,20.68,20.68,20.68,20.68,20.68,20.68,20.68,20.68,20.68,20.68
2118,20.68,20.68,20.68,20.68,20.68,20.68,20.68,20.68,20.68,20.68
2119,20.68,20.68,20.68,20.68,20.68,20.68,20.68,20.68,20.68,20.68
2120,20.68,20.68,20.68,20.68,20.68,20.68,20.68,20.68,20.68,20.68
2121,20.68,20.68,20.68,20.68,20.68,20.68,20.68,20.68,20.68,20.68
2122,20.68,20.68,20.68,20.68,20.68,20.68,20.68,20.68,20.68,20.68
2123,20.68,20.68,20.68,20.68,20.68,20.68,20.68,20.68,20.68,20.68
2124,20.68,20.68,20.68,20.68,20.68,20.68,20.68,20.68,20.68,20.68
2125,20.68,20.68,20.68,20.68,20.68,20.68,20.68,20.68,20.68,20.68
2126,20.68,20.68,20.68,20.68,20.68,20.68,20.68,20.68,20.68,20.68
2127,20.68,20.68,20.68,20.68,20.68,20.68,20.68,20.68,20.68,20.68
2128,20.68,20.68,20.68,20.68,20.68,20.68,20.68,20.68,20.68,20.68
2129,20.68,20.68,20.68,20.68,20.68,20.68,20.68,20.68,20.68,20.68
2130,20.68,20.68,20.68,20.68,20.68,20.68,20.68,20.68,20.68,20.68
2131,20.68,20.68,20.68,20.68,20.68,20.68,20.68,20.68,20.68,20.68
2132,20.68,20.68,20.68,20.68,20.68,20.68,20.68,20.68,20.68,20.68
2133,20.68,20.68,20.68,20.68,20.68,20.68,20.68,20.68,20.68,20.68
2134,20.68,20.68,20.68,20.68,20.68,20.68,20.68,20.68,20.68,20.68
2135,20.68,20.68,20.68,20.68,20.68,20.68,20.68,20.68,20.68,20.68
2136,20.68,20.68,20.68,20.68,20.68,20.68,20.68,20.68,20.68,20.68
2137,20.68,20.68,20.68,20.68,20.68,20.68,20.68,20.68,20.68,20.68
2138,20.68,20.68,20.68,20.68,20.68,20.68,20.68,20.68,20.68,20.68
2139,20.68,20.68,20.68,20.68,20.68,20.68,20.68,20.68,20.68,20.68
2140,20.68,20.68,20.68,20.68,20.68,20.68,20.68,20.68,20.68,20.68
2141,20.68,20.68,20.68,20.68,20.68,20.68,20.68,20.68,20.68,20.68
2142,20.68,20.68,20.68,20.68,20.68,20.68,20.68,20.68,20.68,20.68
2143,20.68,20.68,20.68,20.68,20.68,20.68,20.68,20.68,20.68,20.68
2144,20.68,20.68,20.68,20.68,20.68,20.68,20.68,20.68,20.68,20.68
2145,20.68,20.68,20.68,20.68,20.68,20.68,20.68,20.68,20.68,20.68
2146,20.68,20.68,20.68,20.68,20.68,20.68,20.68,20.68,20.68,20.68
2147,20.68,20.68,20.68,20.68,20.68,20.68,20.68,20.68,20.68,20.68
2148,20.68,20.68,20.68,20.68,20.68,20.68,20.68,20.68,20.68,20.68
2149,20.68,20.68,20.68,20.68,20.68,20.68,20.68,20.68,20.68,20.68
2150,20.68,20.68,20.68,20.68,20.68,20.68,20.68,20.68,20.68,20.68
2151,20.68,20.68,20.68,20.68,20.68,20.68,20.68,20.68,20.68,20.68
2152,20.68,20.68,20.68,20.68,20.68,20.68,20.68,20.68,20.68,20.68
2153,20.68,20.68,20.68,20.68,20.68,20.68,20.68,20.68,20.68,20.68
2154,20.68,20.68,20.68,20.68,20.68,20.68,20.68,20.68,20.68,20.68
2155,20.68,20.68,20.68,20.68,20.68,20.68,20.68,20.68,20.68,20.68
2156,20.68,20.68,20.68,20.68,20.68,20.68,20.68,20.68,20.68,20.68
2157,20.68,20.68,20.68,20.68,20.68,20.68,20.68,20.68,20.68,20.68
2158,20.68,20.68,20.68,20.68,20.68,20.68,20.68,20.68,20.68,20.68
2159,20.68,20.68,20.68,20.68,20.68,20.68,20.68,20.68,20.68,20.68
2160,20.68,20.68,20.68,20.68,20.68,20.68,20.68,20.68,20.68,20.68
2161,20.68,20.68,20.68,20.68,20.68,20.68,20.68,20.68,20.68,20.68
2162,20.68,20.68,20.68,20.68,20.68,20.68,20.68,20.68,20.68,20.68
2163,20.68,20.68,20.68,20.68,20.68,20.68,20.68,20.68,20.68,20.68
2164,20.68,20.68,20.68,20.68,20.68,20.68,20.68,20.68,20.68,20.68
2165,20.68,20.68,20.68,20.68,20.68,20.68,20.68,20.68,20.68,20.68
2166,20.68,20.68,20.68,20.68,20.68,20.68,20.68,20.68,20.68,20.68
2167,20.68,20.68,20.68,20.68,20.68,20.68,20.68,20.68,20.68,20.68
2168,20.68,20.68,20.68,20.68,20.68,20.68,20.68,20.68,20.68,20.68
2169,20.68,20.68,20.68,20.68,20.68,20.68,20.68,20.68,20.68,20.68
2170,20.68,20.68,20.68,20.68,20.68,20.68,20.68,20.68,20.68,20.68
2171,20.68,20.68,20.68,20.68,20.68,20.68,20.68,20.68,20.68,20.68
2172,20.68,20.68,20.68,20.68,20.68,20.68,20.68,20.68,20.68,20.68
2173,20.68,20.68,20.68,20.68,20.68,20.68,20.68,20.68,20.68,20.68
2174,20.68,20.68,20.68,20.68,20.68,20.68,20.68,20.68,20.68,20.68
2175,20.68,20.68,20.68,20.68,20.68,20.68,20.68,20.68,20.68,20.68
2176,20.68,20.68,20.68,20.68,20.68,20.68,20.68,20.68,20.68,20.68
2177,20.68,20.68,20.68,20.68,20.68,20.68,20.68,20.68,20.68,20.68
2178,20.68,20.68,20.68,20.68,20.68,20.68,20.68,20.68,20.68,20.68
2179,20.68,20.68,20.68,20.68,20.68,20.68,20.68,20.68,20.68,20.68
2180,20.68,20.68,20.68,20.68,20.68,20.68,20.68,20.68,20.68,20.68
2181,20.68,20.68,20.68,20.68,20.68,20.68,20.68,20.68,20.68,20.68
2182,20.68,20.68,20.68,20.68,20.68,20.68,20.68,20.68,20.68,20.68
2183,20.68,20.68,20.68,20.68,20.68,20.68,20.68,20.68,20.68,20.68
2184,20.68,20.68,20.68,20.68,20.68,20.68,20.68,20.68,20.68,20.68
2185,20.68,20.68,20.68,20.68,20.68,20.68,20.68,20.68,20.68,20.68
2186,20.68,20.68,20.68,20.68,20.68,20.68,20.68,20.68,20.68,20.68
2187,20.68,20.68,20.68,20.68,20.68,20.68,20.68,20.68,20.68,20.68
2188,20.68,20.68,20.68,20.68,20.68,20.68,20.68,20.68,20.68,20.68
2189,20.68,20.68,20.68,20.68,20.68,20.68,20.68,20.68,20.68,20.68
2190,20.68,20.68,20.68,20.68,20.68,20.68,20.68,20.68,20.68,20.68
2191,20.68,20.68,20.68,20.68,20.68,20.68,20.68,20.68,20.68,20.68
2192,20.68,20.68,20.68,20.68,20.68,20.68,20.68,20.68,20.68,20.68
2193,20.68,20.68,20.68,20.68,20.68,20.68,20.68,20.68,20.68,20.68
2194,20.68,20.68,20.68,20.68,20.68,20.68,20.68,20.68,20.68,20.68
2195,20.68,20.68,20.68,20.68,20.68,20.68,20.68,20.68,20.68,20.68
2196,20.68,20.68,20.68,20.68,20.68,20.68,20.68,20.68,20.68,20.68
2197,20.68,20.68,20.68,20.68,20.68,20.68,20.68,20.68,20.68,20.68
2198,20.68,20.68,20.68,20.68,20.68,20.68,20.68,20.68,20.68,20.68
2199,20.68,20.68,20.68,20.68,20.68,20.68,20.68,20.68,20.68,20.68
2200,20.68,20.68,20.68,20.68,20.68,20.68,20.68,20.68,20.68,20.68
2201,20.68,20.68,20.68,20.68,20.68,20.68,20.68,20.68,20.68,20.68
2202,20.68,20.68,20.68,20.68,20.68,20.68,20.68,20.68,20.68,20.68
2203,20.68,20.68,20.68,20.68,20.68,20.68,20.68,20.68,20.68,20.68
2204,20.68,20.68,20.68,20.68,20.68,20.68,20.68,20.68,20.68,20.68
2205,20.68,20.68,20.68,20.68,20.68,20.68,20.68,20.68,20.68,20.68
2206,20.68,20.68,20.68,20.68,20.68,20.68,20.68,20.68,20.68,20.68
2207,20.68,20.68,20.68,20.68,20.68,20.68,20.68,20.68,20.68,20.68
2208,20.68,20.68,20.68,20.68,20.68,20.68,20.68,20.68,20.68,20.68
2209,20.68,20.68,20.68,20.68,20.68,20.68,20.68,20.68,20.68,20.68
2210,20.68,20.68,20.68,20.68,20.68,20.68,20.68,20.68,20.68,20.68
2211,20.68,20.68,20.68,20.68,20.68,20.68,20.68,20.68,20.68,20.68
2212,20.68,20.68,20.68,20.68,20.68,20.68,20.68,20.68,20.68,20.68
2213,20.68,20.68,20.68,20.68,20.68,20.68,20.68,20.68,20.68,20.68
2214,20.68,20.68,20.68,20.68,20.68,20.68,20.68,20.68,20.68,20.68
2215,20.68,20.68,20.68,20.68,20.68,20.68,20.68,20.68,20.68,20.68
2216,20.68,20.68,20.68,20.68,20.68,20.68,20.68,20.68,20.68,20.68
2217,20.68,20.68,20.68,20.68,20.68,20.68,20.68,20.68,20.68,20.68
2218,20.68,20.68,20.68,20.68,20.68,20.68,20.68,20.68,20.68,20.68
2219,20.68,20.68,20.68,20.68,20.68,20.68,20.68,20.68,20.68,20.68
2220,20.68,20.68,20.68,20.68,20.68,20.68,20.68,20.68,20.68,20.68
2221,20.68,20.68,20.68,20.68,20.68,20.68,20.68,20.68,20.68,20.68
2222,20.68,20.68,20.68,20.68,20.68,20.68,20.68,20.68,20.68,20.68
2223,20.68,20.68,20.68,20.68,20.68,20.68,20.68,20.68,20.68,20.68
2224,20.68,20.68,20.68,20.68,20.68,20.68,20.68,20.68,20.68,20.68
2225,20.68,20.68,20.68,20.68,20.68,20.68,20.68,20.68,20.68,20.68
2226,20.68,20.68,20.68,20.68,20.68,20.68,20.68,20.68,20.68,20.68
2227,20.68,20.68,20.68,20.68,20.68,20.68,20.68,20.68,20.68,20.68
2228,20.68,20.68,20.68,20.68,20.68,20.68,20.68,20.68,20.68,20.68
2229,20.68,20.68,20.68,20.68,20.68,20.68,20.68,20.68,20.68,20.68
2230,20.68,20.68,20.68,20.68,20.68,20.68,20.68,20.68,20.68,20.68
2231,20.68,20.68,20.68,20.68,20.68,20.68,20.68,20.68,20.68,20.68
2232,20.68,20.68,20.68,20.68,20.68,20.68,20.68,20.68,20.68,20.68
2233,20.68,20.68,20.68,20.68,20.68,20.68,20.68,20.68,20.68,20.68
2234,20.68,20.68,20.68,20.68,20.68,20.68,20.68,20.68,20.68,20.68
2235,20.68,20.68,20.68,20.68,20.68,20.68,20.68,20.68,20.68,20.68
2236,20.68,20.68,20.68,20.68,20.68,20.68,20.68,20.68,20.68,20.68
2237,20.68,20.68,20.68,20.68,20.68,20.68,20.68,20.68,20.68,20.68
2238,20.68,20.68,20.68,20.68,20.68,20.68,20.68,20.68,20.68,20.68
2239,20.68,20.68,20.68,20.68,20.68,20.68,20.68,20.68,20.68,20.68
2240,20.68,20.68,20.68,20.68,20.68,20.68,20.68,20.68,20.68,20.68
2241,20.68,20.68,20.68,20.68,20.68,20.68,20.68,20.68,20.68,20.68
2242,20.68,20.68,20.68,20.68,20.68,20.68,20.68,20.68,20.68,20.68
2243,20.68,20.68,20.68,20.68,20.68,20.68,20.68,20.68,20.68,20.68
2244,20.68,20.68,20.68,20.68,20.68,20.68,20.68,20.68,20.68,20.68
2245,20.68,20.68,20.68,20.68,20.68,20.68,20.68,20.68,20.68,20.68
2246,20.68,20.68,20.68,20.68,20.68,20.68,20.68,20.68,20.68,20.68
2247,20.68,20.68,20.68,20.68,20.68,20.68,20.68,20.68,20.68,20.68
2248,20.68,20.68,20.68,20.68,20.68,20.68,20.68,20.68,20.68,20.68
2249,20.68,20.68,20.68,20.68,20.68,20.68,20.68,20.68,20.68,20.68
2250,20.68,20.68,20.68,20.68,20.68,20.68,20.68,20.68,20.68,20.68
2251,20.68,20.68,20.68,20.68,20.68,20.68,20.68,20.68,20.68,20.68
2252,20.68,20.68,20.68,20.68,20.68,20.68,20.68,20.68,20.68,20.68
2253,20.68,20.68,20.68,20.68,20.68,20.68,20.68,20.68,20.68,20.68
2254,20.68,20.68,20.68,20.68,20.68,20.68,20.68,20.68,20.68,20.68
2255,20.68,20.68,20.68,20.68,20.68,20.68,20.68,20.68,20.68,20.68
2256,20.68,20.68,20.68,20.68,20.68,20.68,20.68,20.68,20.68,20.68
2257,20.68,20.68,20.68,20.68,20.68,20.68,20.68,20.68,20.68,20.68
2258,20.68,20.68,20.68,20.68,20.68,20.68,20.68,20.68,20.68,20.68
2259,20.68,20.68,20.68,20.68,20.68,20.68,20.68,20.68,20.68,20.68
2260,20.68,20.68,20.68,20.68,20.68,20.68,20.68,20.68,20.68,20.68
2261,20.68,20.68,20.68,20.68,20.68,20.68,20.68,20.68,20.68,20.68
2262,20.68,20.68,20.68,20.68,20.68,20.68,20.68,20.68,20.68,20.68
2263,20.68,20.68,20.68,20.68,20.68,20.68,20.68,20.68,20.68,20.68
2264,20.68,20.68,20.68,20.68,20.68,20.68,20.68,20.68,20.68,20.68
2265,20.68,20.68,20.68,20.68,20.68,20.68,20.68,20.68,20.68,20.68
2266,20.68,20.68,20.68,20.68,20.68,20.68,20.68,20.68,20.68,20.68
2267,20.68,20.68,20.68,20.68,20.68,20.68,20.68,20.68,20.68,20.68
2268,20.68,20.68,20.68,20.68,20.68,20.68,20.68,20.68,20.68,20.68
2269,20.68,20.68,20.68,20.68,20.68,20.68,20.68,20.68,20.68,20.68
2270,20.68,20.68,20.68,20.68,20.68,20.68,20.68,20.68,20.68,20.68
2271,20.68,20.68,20.68,20.68,20.68,20.68,20.68,20.68,20.68,20.68
2272,20.68,20.68,20.68,20.68,20.68,20.68,20.68,20.68,20.68,20.68
2273,20.68,20.68,20.68,20.68,20.68,20.68,20.68,20.68,20.68,20.68
2274,20.68,20.68,20.68,20.68,20.68,20.68,20.68,20.68,20.68,20.68
2275,20.68,20.68,20.68,20.68,20.68,20.68,20.68,20.68,20.68,20.68
2276,20.68,20.68,20.68,20.68,20.68,20.68,20.68,20.68,20.68,20.68
2277,20.68,20.68,20.68,20.68,20.68,20.68,20.68,20.68,20.68,20.68
2278,20.68,20.68,20.68,20.68,20.68,20.68,20.68,20.68,20.68,20.68
2279,20.68,20.68,20.68,20.68,20.68,20.68,20.68,20.68,20.68,20.68
2280,20.68,20.68,20.68,20.68,20.68,20.68,20.68,20.68,20.68,20.68
2281,20.68,20.68,20.68,20.68,20.68,20.68,20.68,20.68,20.68,20.68
2282,20.68,20.68,20.68,20.68,20.68,20.68,20.68,20.68,20.68,20.68
2283,20.68,20.68,20.68,20.68,20.68,20.68,20.68,20.68,20.68,20.68
2284,20.68,20.68,20.68,20.68,20.68,20.68,20.68,20.68,20.68,20.68
2285,20.68,20.68,20.68,20.68,20.68,20.68,20.68,20.68,20.68,20.68
2286,20.68,20.68,20.68,20.68,20.68,20.68,20.68,20.68,20.68,20.68
2287,20.68,20.68,20.68,20.68,20.68,20.68,20.68,20.68,20.68,20.68
2288,20.68,20.68,20.68,20.68,20.68,20.68,20.68,20.68,20.68,20.68
2289,20.68,20.68,20.68,20.68,20.68,20.68,20.68,20.68,20.68,20.68
2290,20.68,20.68,20.68,20.68,20.68,20.68,20.68,20.68,20.68,20.68
2291,20.68,20.68,20.68,20.68,20.68,20.68,20.68,20.68,20.68,20.68
2292,20.68,20.68,20.68,20.68,20.68,20.68,20.68,20.68,20.68,20.68
2293,20.68,20.68,20.68,20.68,20.68,20.68,20.68,20.68,20.68,20.68
2294,20.68,20.68,20.68,20.68,20.68,20.68,20.68,20.68,20.68,20.68
2295,20.68,20.68,20.68,20.68,20.68,20.68,20.68,20.68,20.68,20.68
2296,20.68,20.68,20.68,20.68,20.68,20.68,20.68,20.68,20.68,20.68
2297,20.68,20.68,20.68,20.68,20.68,20.68,20.68,20.68,20.68,20.68
2298,20.68,20.68,20.68,20.68,20.68,20.68,20.68,20.68,20.68,20.68
2299,20.68,20.68,20.68,20.68,20.68,20.68,20.68,20.68,20.68,20.68
2300,20.68,20.68,20.68,20.68,20.68,20.68,20.68,20.68,20.68,20.68
2301,20.68,20.68,20.68,20.68,20.68,20.68,20.68,20.68,20.68,20.68
2302,20.68,20.68,20.68,20.68,20.68,20.68,20.68,20.68,20.68,20.68
2303,20.68,20.68,20.68,20.68,20.68,20.68,20.68,20.68,20.68,20.68
2304,20.68,20.68,20.68,20.68,20.68,20.68,20.68,20.68,20.68,20.68
2305,20.68,20.68,20.68,20.68,20.68,20.68,20.68,20.68,20.68,20.68
2306,20.68,20.68,20.68,20.68,20.68,20.68,20.68,20.68,20.68,20.68
2307,20.68,20.68,20.68,20.68,20.68,20.68,20.68,20.68,20.68,20.68
2308,20.68,20.68,20.68,20.68,20.68,20.68,20.68,20.68,20.68,20.68
2309,20.68,20.68,20.68,20.68,20.68,20.68,20.68,20.68,20.68,20.68
2310,20.68,20.68,20.68,20.68,20.68,20.68,20.68,20.68,20.68,20.68
2311,20.68,20.68,20.68,20.68,20.68,20.68,20.68,20.68,20.68,20.68
2312,20.68,20.68,20.68,20.68,20.68,20.68,20.68,20.68,20.68,20.68
2313,20.68,20.68,20.68,20.68,20.68,20.68,20.68,20.68,20.68,20.68
2314,20.68,20.68,20.68,20.68,20.68,20.68,20.68,20.68,20.68,20.68
2315,20.68,20.68,20.68,20.68,20.68,20.68,20.68,20.68,20.68,20.68
2316,20.68,20.68,20.68,20.68,20.68,20.68,20.68,20.68,20.68,20.68
2317,20.68,20.68,20.68,20.68,20.68,20.68,20.68,20.68,20.68,20.68
2318,20.68,20.68,20.68,20.68,20.68,20.68,20.68,20.68,20.68,20.68
2319,20.68,20.68,20.68,20.68,20.68,20.68,20.68,20.68,20.68,20.68
2320,20.68,20.68,20.68,20.68,20.68,20.68,20.68,20.68,20.68,20.68
2321,20.68,20.68,20.68,20.68,20.68,20.68,20.68,20.68,20.68,20.68
2322,20.68,20.68,20.68,20.68,20.68,20.68,20.68,20.68,20.68,20.68
2323,20.68,20.68,20.68,20.68,20.68,20.68,20.68,20.68,20.68,20.68
2324,20.68,20.68,20.68,20.68,20.68,20.68,20.68,20.68,20.68,20.68
2325,20.68,20.68,20.68,20.68,20.68,20.68,20.68,20.68,20.68,20.68
2326,20.68,20.68,20.68,20.68,20.68,20.68,20.68,20.68,20.68,20.68
2327,20.68,20.68,20.68,20.68,20.68,20.68,20.68,20.68,20.68,20.68
2328,20.68,20.68,20.68,20.68,20.68,20.68,20.68,20.68,20.68,20.68
2329,20.68,20.68,20.68,20.68,20.68,20.68,20.68,20.68,20.68,20.68
2330,20.68,20.68,20.68,20.68,20.68,20.68,20.68,20.68,20.68,20.68
2331,20.68,20.68,20.68,20.68,20.68,20.68,20.68,20.68,20.68,20.68
2332,20.68,20.68,20.68,20.68,20.68,20.68,20.68,20.68,20.68,20.68
2333,20.68,20.68,20.68,20.68,20.68,20.68,20.68,20.68,20.68,20.68
2334,20.68,20.68,20.68,20.68,20.68,20.68,20.68,20.68,20.68,20.68
2335,20.68,20.68,20.68,20.68,20.68,20.68,20.68,20.68,20.68,20.68
2336,20.68,20.68,20.68,20.68,20.68,20.68,20.68,20.68,20.68,20.68
2337,20.68,20.68,20.68,20.68,20.68,20.68,20.68,20.68,20.68,20.68
2338,20.68,20.68,20.68,20.68,20.68,20.68,20.68,20.68,20.68,20.68
2339,20.68,20.68,20.68,20.68,20.68,20.68,20.68,20.68,20.68,20.68
2340,20.68,20.68,20.68,20.68,20.68,20.68,20.68,20.68,20.68,20.68
2341,20.68,20.68,20.68,20.68,20.68,20.68,20.68,20.68,20.68,20.68
2342,20.68,20.68,20.68,20.68,20.68,20.68,20.68,20.68,20.68,20.68
2343,20.68,20.68,20.68,20.68,20.68,20.68,20.68,20.68,20.68,20.68
2344,20.68,20.68,20.68,20.68,20.68,20.68,20.68,20.68,20.68,20.68
2345,20.68,20.68,20.68,20.68,20.68,20.68,20.68,20.68,20.68,20.68
2346,20.68,20.68,20.68,20.68,20.68,20.68,20.68,20.68,20.68,20.68
2347,20.68,20.68,20.68,20.68,20.68,20.68,20.68,20.68,20.68,20.68
2348,20.68,20.68,20.68,20.68,20.68,20.68,20.68,20.68,20.68,20.68
2349,20.68,20.68,20.68,20.68,20.68,20.68,20.68,20.68,20.68,20.68
2350,20.68,20.68,20.68,20.68,20.68,20.68,20.68,20.68,20.68,20.68
2351,20.68,20.68,20.68,20.68,20.68,20.68,20.68,20.68,20.68,20.68
2352,20.68,20.68,20.68,20.68,20.68,20.68,20.68,20.68,20.68,20.68
2353,20.68,20.68,20.68,20.68,20.68,20.68,20.68,20.68,20.68,20.68
2354,20.68,20.68,20.68,20.68,20.68,20.68,20.68,20.68,20.68,20.68
2355,20.68,20.68,20.68,20.68,20.68,20.68,20.68,20.68,20.68,20.68
2356,20.68,20.68,20.68,20.68,20.68,20.68,20.68,20.68,20.68,20.68
2357,20.68,20.68,20.68,20.68,20.68,20.68,20.68,20.68,20.68,20.68
2358,20.68,20.68,20.68,20.68,20.68,20.68,20.68,20.68,20.68,20.68
2359,20.68,20.68,20.68,20.68,20.68,20.68,20.68,20.68,20.68,20.68
2360,20.68,20.68,20.68,20.68,20.68,20.68,20.68,20.68,20.68,20.68
2361,20.68,20.68,20.68,20.68,20.68,20.68,20.68,20.68,20.68,20.68
2362,20.68,20.68,20.68,20.68,20.68,20.68,20.68,20.68,20.68,20.68
2363,20.68,20.68,20.68,20.68,20.68,20.68,20.68,20.68,20.68,20.68
2364,20.68,20.68,20.68,20.68,20.68,20.68,20.68,20.68,20.68,20.68
2365,20.68,20.68,20.68,20.68,20.68,20.68,20.68,20.68,20.68,20.68
2366,20.68,20.68,20.68,20.68,20.68,20.68,20.68,20.68,20.68,20.68
2367,20.68,20.68,20.68,20.68,20.68,20.68,20.68,20.68,20.68,20.68
2368,20.68,20.68,20.68,20.68,20.68,20.68,20.68,20.68,20.68,20.68
2369,20.68,20.68,20.68,20.68,20.68,20.68,20.68,20.68,20.68,20.68
2370,20.68,20.68,20.68,20.68,20.68,20.68,20.68,20.68,20.68,20.68
2371,20.68,20.68,20.68,20.68,20.68,20.68,20.68,20.68,20.68,20.68
2372,20.68,20.68,20.68,20.68,20.68,20.68,20.68,20.68,20.68,20.68
2373,20.68,20.68,20.68,20.68,20.68,20.68,20.68,20.68,20.68,20.68
2374,20.68,20.68,20.68,20.68,20.68,20.68,20.68,20.68,20.68,20.68
2375,20.68,20.68,20.68,20.68,20.68,20.68,20.68,20.68,20.68,20.68
2376,20.68,20.68,20.68,20.68,20.68,20.68,20.68,20.68,20.68,20.68
2377,20.68,20.68,20.68,20.68,20.68,20.68,20.68,20.68,20.68,20.68
2378,20.68,20.68,20.68,20.68,20.68,20.68,20.68,20.68,20.68,20.68
2379,20.68,20.68,20.68,20.68,20.68,20.68,20.68,20.68,20.68,20.68
2380,20.68,20.68,20.68,20.68,20.68,20.68,20.68,20.68,20.68,20.68
2381,20.68,20.68,20.68,20.68,20.68,20.68,20.68,20.68,20.68,20.68
2382,20.68,20.68,20.68,20.68,20.68,20.68,20.68,20.68,20.68,20.68
2383,20.68,20.68,20.68,20.68,20.68,20.68,20.68,20.68,20.68,20.68
2384,20.68,20.68,20.68,20.68,20.68,20.68,20.68,20.68,20.68,20.68
2385,20.68,20.68,20.68,20.68,20.68,20.68,20.68,20.68,20.68,20.68
2386,20.68,20.68,20.68,20.68,20.68,20.68,20.68,20.68,20.68,20.68
2387,20.68,20.68,20.68,20.68,20.68,20.68,20.68,20.68,20.68,20.68
2388,20.68,20.68,20.68,20.68,20.68,20.68,20.68,20.68,20.68,20.68
2389,20.68,20.68,20.68,20.68,20.68,20.68,20.68,20.68,20.68,20.68
2390,20.68,20.68,20.68,20.68,20.68,20.68,20.68,20.68,20.68,20.68
2391,20.68,20.68,20.68,20.68,20.68,20.68,20.68,20.68,20.68,20.68
2392,20.68,20.68,20.68,20.68,20.68,20.68,20.68,20.68,20.68,20.68
2393,20.68,20.68,20.68,20.68,20.68,20.68,20.68,20.68,20.68,20.68
2394,20.68,20.68,20.68,20.68,20.68,20.68,20.68,20.68,20.68,20.68
2395,20.68,20.68,20.68,20.68,20.68,20.68,20.68,20.68,20.68,20.68
2396,20.68,20.68,20.68,20.68,20.68,20.68,20.68,20.68,20.68,20.68
2397,20.68,20.68,20.68,20.68,20.68,20.68,20.68,20.68,20.68,20.68
2398,20.68,20.68,20.68,20.68,20.68,20.68,20.68,20.68,20.68,20.68
2399,20.68,20.68,20.68,20.68,20.68,20.68,20.68,20.68,20.68,20.68
2400,20.68,20.68,20.68,20.68,20.68,20.68,20.68,20.68,20.68,20.68
2401,20.68,20.68,20.68,20.68,20.68,20.68,20.68,20.68,20.68,20.68
2402,20.68,20.68,20.68,20.68,20.68,20.68,20.68,20.68,20.68,20.68
2403,20.68,20.68,20.68,20.68,20.68,20.68,20.68,20.68,20.68,20.68
2404,20.68,20.68,20.68,20.68,20.68,20.68,20.68,20.68,20.68,20.68
2405,20.68,20.68,20.68,20.68,20.68,20.68,20.68,20.68,20.68,20.68
2406,20.68,20.68,20.68,20.68,20.68,20.68,20.68,20.68,20.68,20.68
2407,20.68,20.68,20.68,20.68,20.68,20.68,20.68,20.68,20.68,20.68
2408,20.68,20.68,20.68,20.68,20.68,20.68,20.68,20.68,20.68,20.68
2409,20.68,20.68,20.68,20.68,20.68,20.68,20.68,20.68,20.68,20.68
2410,20.68,20.68,20.68,20.68,20.68,20.68,20.68,20.68,20.68,20.68
2411,20.68,20.68,20.68,20.68,20.68,20.68,20.68,20.68,20.68,20.68
2412,20.68,20.68,20.68,20.68,20.68,20.68,20.68,20.68,20.68,20.68
2413,20.68,20.68,20.68,20.68,20.68,20.68,20.68,20.68,20.68,20.68
2414,20.68,20.68,20.68,20.68,20.68,20.68,20.68,20.68,20.68,20.68
2415,20.68,20.68,20.68,20.68,20.68,20.68,20.68,20.68,20.68,20.68
2416,20.68,20.68,20.68,20.68,20.68,20.68,20.68,20.68,20.68,20.68
2417,20.68,20.68,20.68,20.68,20.68,20.68,20.68,20.68,20.68,20.68
2418,20.68,20.68,20.68,20.68,20.68,20.68,20.68,20.68,20.68,20.68
2419,20.68,20.68,20.68,20.68,20.68,20.68,20.68,20.68,20.68,20.68
2420,20.68,20.68,20.68,20.68,20.68,20.68,20.68,20.68,20.68,20.68
2421,20.68,20.68,20.68,20.68,20.68,20.68,20.68,20.68,20.68,20.68
2422,20.68,20.68,20.68,20.68,20.68,20.68,20.68,20.68,20.68,20.68
2423,20.68,20.68,20.68,20.68,20.68,20.68,20.68,20.68,20.68,20.68
2424,20.68,20.68,20.68,20.68,20.68,20.68,20.68,20.68,20.68,20.68
2425,20.68,20.68,20.68,20.68,20.68,20.68,20.68,20.68,20.68,20.68
2426,20.68,20.68,20.68,20.68,20.68,20.68,20.68,20.68,20.68,20.68
2427,20.68,20.68,20.68,20.68,20.68,20.68,20.68,20.68,20.68,20.68
2428,20.68,20.68,20.68,20.68,20.68,20.68,20.68,20.68,20.68,20.68
2429,20.68,20.68,20.68,20.68,20.68,20.68,20.68,20.68,20.68,20.68
2430,20.68,20.68,20.68,20.68,20.68,20.68,20.68,20.68,20.68,20.68
2431,20.68,20.68,20.68,20.68,20.68,20.68,20.68,20.68,20.68,20.68
2432,20.68,20.68,20.68,20.68,20.68,20.68,20.68,20.68,20.68,20.68
2433,20.68,20.68,20.68,20.68,20.68,20.68,20.68,20.68,20.68,20.68
2434,20.68,20.68,20.68,20.68,20.68,20.68,20.68,20.68,20.68,20.68
2435,20.68,20.68,20.68,20.68,20.68,20.68,20.68,20.68,20.68,20.68
2436,20.68,20.68,20.68,20.68,20.68,20.68,20.68,20.68,20.68,20.68
2437,20.68,20.68,20.68,20.68,20.68,20.68,20.68,20.68,20.68,20.68
2438,20.68,20.68,20.68,20.68,20.68,20.68,20.68,20.68,20.68,20.68
2439,20.68,20.68,20.68,20.68,20.68,20.68,20.68,20.68,20.68,20.68
2440,20.68,20.68,20.68,20.68,20.68,20.68,20.68,20.68,20.68,20.68
2441,20.68,20.68,20.68,20.68,20.68,20.68,20.68,20.68,20.68,20.68
2442,20.68,20.68,20.68,20.68,20.68,20.68,20.68,20.68,20.68,20.68
2443,20.68,20.68,20.68,20.68,20.68,20.68,20.68,20.68,20.68,20.68
2444,20.68,20.68,20.68,20.68,20.68,20.68,20.68,20.68,20.68,20.68
2445,20.68,20.68,20.68,20.68,20.68,20.68,20.68,20.68,20.68,20.68
2446,20.68,20.68,20.68,20.68,20.68,20.68,20.68,20.68,20.68,20.68
2447,20.68,20.68,20.68,20.68,20.68,20.68,20.68,20.68,20.68,20.68
2448,20.68,20.68,20.68,20.68,20.68,20.68,20.68,20.68,20.68,20.68
2449,20.68,20.68,20.68,20.68,20.68,20.68,20.68,20.68,20.68,20.68
2450,20.68,20.68,20.68,20.68,20.68,20.68,20.68,20.68,20.68,20.68
2451,20.68,20.68,20.68,20.68,20.68,20.68,20.68,20.68,20.68,20.68
2452,20.68,20.68,20.68,20.68,20.68,20.68,20.68,20.68,20.68,20.68
2453,20.68,20.68,20.68,20.68,20.68,20.68,20.68,20.68,20.68,20.68
2454,20.68,20.68,20.68,20.68,20.68,20.68,20.68,20.68,20.68,20.68
2455,20.68,20.68,20.68,20.68,20.68,20.68,20.68,20.68,20.68,20.68
2456,20.68,20.68,20.68,20.68,20.68,20.68,20.68,20.68,20.68,20.68
2457,20.68,20.68,20.68,20.68,20.68,20.68,20.68,20.68,20.68,20.68
2458,20.68,20.68,20.68,20.68,20.68,20.68,20.68,20.68,20.68,20.68
2459,20.68,20.68,20.68,20.68,20.68,20.68,20.68,20.68,20.68,20.68
2460,20.68,20.68,20.68,20.68,20.68,20.68,20.68,20.68,20.68,20.68
2461,20.68,20.68,20.68,20.68,20.68,20.68,20.68,20.68,20.68,20.68
2462,20.68,20.68,20.68,20.68,20.68,20.68,20.68,20.68,20.68,20.68
2463,20.68,20.68,20.68,20.68,20.68,20.68,20.68,20.68,20.68,20.68
2464,20.68,20.68,20.68,20.68,20.68,20.68,20.68,20.68,20.68,20.68
2465,20.68,20.68,20.68,20.68,20.68,20.68,20.68,20.68,20.68,20.68
2466,20.68,20.68,20.68,20.68,20.68,20.68,20.68,20.68,20.68,20.68
2467,20.68,20.68,20.68,20.68,20.68,20.68,20.68,20.68,20.68,20.68
2468,20.68,20.68,20.68,20.68,20.68,20.68,20.68,20.68,20.68,20.68
2469,20.68,20.68,20.68,20.68,20.68,20.68,20.68,20.68,20.68,20.68
2470,20.68,20.68,20.68,20.68,20.68,20.68,20.68,20.68,20.68,20.68
2471,20.68,20.68,20.68,20.68,20.68,20.68,20.68,20.68,20.68,20.68
2472,20.68,20.68,20.68,20.68,20.68,20.68,20.68,20.68,20.68,20.68
2473,20.68,20.68,20.68,20.68,20.68,20.68,20.68,20.68,20.68,20.68
2474,20.68,20.68,20.68,20.68,20.68,20.68,20.68,20.68,20.68,20.68
2475,20.68,20.68,20.68,20.68,20.68,20.68,20.68,20.68,20.68,20.68
2476,20.68,20.68,20.68,20.68,20.68,20.68,20.68,20.68,20.68,20.68
2477,20.68,20.68,20.68,20.68,20.68,20.68,20.68,20.68,20.68,20.68
2478,20.68,20.68,20.68,20.68,20.68,20.68,20.68,20.68,20.68,20.68
2479,20.68,20.68,20.68,20.68,20.68,20.68,20.68,20.68,20.68,20.68
2480,20.68,20.68,20.68,20.68,20.68,20.68,20.68,20.68,20.68,20.68
2481,20.68,20.68,20.68,20.68,20.68,20.68,20.68,20.68,20.68,20.68
2482,20.68,20.68,20.68,20.68,20.68,20.68,20.68,20.68,20.68,20.68
2483,20.68,20.68,20.68,20.68,20.68,20.68,20.68,20.68,20.68,20.68
2484,20.68,20.68,20.68,20.68,20.68,20.68,20.68,20.68,20.68,20.68
2485,20.68,20.68,20.68,20.68,20.68,20.68,20.68,20.68,20.68,20.68
2486,20.68,20.68,20.68,20.68,20.68,20.68,20.68,20.68,20.68,20.68
2487,20.68,20.68,20.68,20.68,20.68,20.68,20.68,20.68,20.68,20.68
2488,20.68,20.68,20.68,20.68,20.68,20.68,20.68,20.68,20.68,20.68
2489,20.68,20.68,20.68,20.68,20.68,20.68,20.68,20.68,20.68,20.68
2490,20.68,20.68,20.68,20.68,20.68,20.68,20.68,20.68,20.68,20.68
2491,20.68,20.68,20.68,20.68,20.68,20.68,20.68,20.68,20.68,20.68
2492,20.68,20.68,20.68,20.68,20.68,20.68,20.68,20.68,20.68,20.68
2493,20.68,20.68,20.68,20.68,20.68,20.68,20.68,20.68,20.68,20.68
2494,20.68,20.68,20.68,20.68,20.68,20.68,20.68,20.68,20.68,20.68
2495,20.68,20.68,20.68,20.68,20.68,20.68,20.68,20.68,20.68,20.68
2496,20.68,20.68,20.68,20.68,20.68,20.68,20.68,20.68,20.68,20.68
2497,20.68,20.68,20.68,20.68,20.68,20.68,20.68,20.68,20.68,20.68
2498,20.68,20.68,20.68,20.68,20.68,20.68,20.68,20.68,20.68,20.68
2499,20.68,20.68,20.68,20.68,20.68,20.68,20.68,20.68,20.68,20.68
2500,20.68,20.68,20.68,20.68,20.68,20.68,20.68,20.68,20.68,20.68
2501,20.68,20.68,20.68,20.68,20.68,20.68,20.68,20.68,20.68,20.68
2502,20.68,20.68,20.68,20.68,20.68,20.68,20.68,20.68,20.68,20.68
2503,20.68,20.68,20.68,20.68,20.68,20.68,20.68,20.68,20.68,20.68
2504,20.68,20.68,20.68,20.68,20.68,20.68,20.68,20.68,20.68,20.68
2505,20.68,20.68,20.68,20.68,20.68,20.68,20.68,20.68,20.68,20.68
2506,20.68,20.68,20.68,20.68,20.68,20.68,20.68,20.68,20.68,20.68
2507,20.68,20.68,20.68,20.68,20.68,20.68,20.68,20.68,20.68,20.68
2508,20.68,20.68,20.68,20.68,20.68,20.68,20.68,20.68,20.68,20.68
2509,20.68,20.68,20.68,20.68,20.68,20.68,20.68,20.68,20.68,20.68
2510,20.68,20.68,20.68,20.68,20.68,20.68,20.68,20.68,20.68,20.68
2511,20.68,20.68,20.68,20.68,20.68,20.68,20.68,20.68,20.68,20.68
2512,20.68,20.68,20.68,20.68,20.68,20.68,20.68,20.68,20.68,20.68
2513,20.68,20.68,20.68,20.68,20.68,20.68,20.68,20.68,20.68,20.68
2514,20.68,20.68,20.68,20.68,20.68,20.68,20.68,20.68,20.68,20.68
2515,20.68,20.68,20.68,20.68,20.68,20.68,20.68,20.68,20.68,20.68
2516,20.68,20.68,20.68,20.68,20.68,20.68,20.68,20.68,20.68,20.68
2517,20.68,20.68,20.68,20.68,20.68,20.68,20.68,20.68,20.68,20.68
2518,20.68,20.68,20.68,20.68,20.68,20.68,20.68,20.68,20.68,20.68
2519,20.68,20.68,20.68,20.68,20.68,20.68,20.68,20.68,20.68,20.68
2520,20.68,20.68,20.68,20.68,20.68,20.68,20.68,20.68,20.68,20.68
2521,20.68,20.68,20.68,20.68,20.68,20.68,20.68,20.68,20.68,20.68
2522,20.68,20.68,20.68,20.68,20.68,20.68,20.68,20.68,20.68,20.68
2523,20.68,20.68,20.68,20.68,20.68,20.68,20.68,20.68,20.68,20.68
2524,20.68,20.68,20.68,20.68,20.68,20.68,20.68,20.68,20.68,20.68
2525,20.68,20.68,20.68,20.68,20.68,20.68,20.68,20.68,20.68,20.68
2526,20.68,20.68,20.68,20.68,20.68,20.68,20.68,20.68,20.68,20.68
2527,20.68,20.68,20.68,20.68,20.68,20.68,20.68,20.68,20.68,20.68
2528,20.68,20.68,20.68,20.68,20.68,20.68,20.68,20.68,20.68,20.68
2529,20.68,20.68,20.68,20.68,20.68,20.68,20.68,20.68,20.68,20.68
2530,20.68,20.68,20.68,20.68,20.68,20.68,20.68,20.68,20.68,20.68
2531,20.68,20.68,20.68,20.68,20.68,20.68,20.68,20.68,20.68,20.68
2532,20.68,20.68,20.68,20.68,20.68,20.68,20.68,20.68,20.68,20.68
2533,20.68,20.68,20.68,20.68,20.68,20.68,20.68,20.68,20.68,20.68
2534,20.68,20.68,20.68,20.68,20.68,20.68,20.68,20.68,20.68,20.68
2535,20.68,20.68,20.68,20.68,20.68,20.68,20.68,20.68,20.68,20.68
2536,20.68,20.68,20.68,20.68,20.68,20.68,20.68,20.68,20.68,20.68
2537,20.68,20.68,20.68,20.68,20.68,20.68,20.68,20.68,20.68,20.68
2538,20.68,20.68,20.68,20.68,20.68,20.68,20.68,20.68,20.68,20.68
2539,20.68,20.68,20.68,20.68,20.68,20.68,20.68,20.68,20.68,20.68
2540,20.68,20.68,20.68,20.68,20.68,20.68,20.68,20.68,20.68,20.68
2541,20.68,20.68,20.68,20.68,20.68,20.68,20.68,20.68,20.68,20.68
2542,20.68,20.68,20.68,20.68,20.68,20.68,20.68,20.68,20.68,20.68
2543,20.68,20.68,20.68,20.68,20.68,20.68,20.68,20.68,20.68,20.68
2544,20.68,20.68,20.68,20.68,20.68,20.68,20.68,20.68,20.68,20.68
2545,20.68,20.68,20.68,20.68,20.68,20.68,20.68,20.68,20.68,20.68
2546,20.68,20.68,20.68,20.68,20.68,20.68,20.68,20.68,20.68,20.68
2547,20.68,20.68,20.68,20.68,20.68,20.68,20.68,20.68,20.68,20.68
2548,20.68,20.68,20.68,20.68,20.68,20.68,20.68,20.68,20.68,20.68
2549,20.68,20.68,20.68,20.68,20.68,20.68,20.68,20.68,20.68,20.68
2550,20.68,20.68,20.68,20.68,20.68,20.68,20.68,20.68,20.68,20.68
2551,20.68,20.68,20.68,20.68,20.68,20.68,20.68,20.68,20.68,20.68
2552,20.68,20.68,20.68,20.68,20.68,20.68,20.68,20.68,20.68,20.68
2553,20.68,20.68,20.68,20.68,20.68,20.68,20.68,20.68,20.68,20.68
2554,20.68,20.68,20.68,20.68,20.68,20.68,20.68,20.68,20.68,20.68
2555,20.68,20.68,20.68,20.68,20.68,20.68,20.68,20.68,20.68,20.68
2556,20.68,20.68,20.68,20.68,20.68,20.68,20.68,20.68,20.68,20.68
2557,20.68,20.68,20.68,20.68,20.68,20.68,20.68,20.68,20.68,20.68
2558,20.68,20.68,20.68,20.68,20.68,20.68,20.68,20.68,20.68,20.68
2559,20.68,20.68,20.68,20.68,20.68,20.68,20.68,20.68,20.68,20.68
2560,20.68,20.68,20.68,20.68,20.68,20.68,20.68,20.68,20.68,20.68
2561,20.68,20.68,20.68,20.68,20.68,20.68,20.68,20.68,20.68,20.68
2562,20.68,20.68,20.68,20.68,20.68,20.68,20.68,20.68,20.68,20.68
2563,20.68,20.68,20.68,20.68,20.68,20.68,20.68,20.68,20.68,20.68
2564,20.68,20.68,20.68,20.68,20.68,20.68,20.68,20.68,20.68,20.68
2565,20.68,20.68,20.68,20.68,20.68,20.68,20.68,20.68,20.68,20.68
2566,20.68,20.68,20.68,20.68,20.68,20.68,20.68,20.68,20.68,20.68
2567,20.68,20.68,20.68,20.68,20.68,20.68,20.68,20.68,20.68,20.68
2568,20.68,20.68,20.68,20.68,20.68,20.68,20.68,20.68,20.68,20.68
2569,20.68,20.68,20.68,20.68,20.68,20.68,20.68,20.68,20.68,20.68
2570,20.68,20.68,20.68,20.68,20.68,20.68,20.68,20.68,20.68,20.68
2571,20.68,20.68,20.68,20.68,20.68,20.68,20.68,20.68,20.68,20.68
2572,20.68,20.68,20.68,20.68,20.68,20.68,20.68,20.68,20.68,20.68
2573,20.68,20.68,20.68,20.68,20.68,20.68,20.68,20.68,20.68,20.68
2574,20.68,20.68,20.68,20.68,20.68,20.68,20.68,20.68,20.68,20.68
2575,20.68,20.68,20.68,20.68,20.68,20.68,20.68,20.68,20.68,20.68
2576,20.68,20.68,20.68,20.68,20.68,20.68,20.68,20.68,20.68,20.68
2577,20.68,20.68,20.68,20.68,20.68,20.68,20.68,20.68,20.68,20.68
2578,20.68,20.68,20.68,20.68,20.68,20.68,20.68,20.68,20.68,20.68
2579,20.68,20.68,20.68,20.68,20.68,20.68,20.68,20.68,20.68,20.68
2580,20.68,20.68,20.68,20.68,20.68,20.68,20.68,20.68,20.68,20.68
2581,20.68,20.68,20.68,20.68,20.68,20.68,20.68,20.68,20.68,20.68
2582,20.68,20.68,20.68,20.68,20.68,20.68,20.68,20.68,20.68,20.68
2583,20.68,20.68,20.68,20.68,20.68,20.68,20.68,20.68,20.68,20.68
2584,20.68,20.68,20.68,20.68,20.68,20.68,20.68,20.68,20.68,20.68
2585,20.68,20.68,20.68,20.68,20.68,20.68,20.68,20.68,20.68,20.68
2586,20.68,20.68,20.68,20.68,20.68,20.68,20.68,20.68,20.68,20.68
2587,20.68,20.68,20.68,20.68,20.68,20.68,20.68,20.68,20.68,20.68
2588,20.68,20.68,20.68,20.68,20.68,20.68,20.68,20.68,20.68,20.68
2589,20.68,20.68,20.68,20.68,20.68,20.68,20.68,20.68,20.68,20.68
2590,20.68,20.68,20.68,20.68,20.68,20.68,20.68,20.68,20.68,20.68
2591,20.68,20.68,20.68,20.68,20.68,20.68,20.68,20.68,20.68,20.68
2592,20.68,20.68,20.68,20.68,20.68,20.68,20.68,20.68,20.68,20.68
2593,20.68,20.68,20.68,20.68,20.68,20.68,20.68,20.68,20.68,20.68
2594,20.68,20.68,20.68,20.68,20.68,20.68,20.68,20.68,20.68,20.68
2595,20.68,20.68,20.68,20.68,20.68,20.68,20.68,20.68,20.68,20.68
2596,20.68,20.68,20.68,20.68,20.68,20.68,20.68,20.68,20.68,20.68
2597,20.68,20.68,20.68,20.68,20.68,20.68,20.68,20.68,20.68,20.68
2598,20.68,20.68,20.68,20.68,20.68,20.68,20.68,20.68,20.68,20.68
2599,20.68,20.68,20.68,20.68,20.68,20.68,20.68,20.68,20.68,20.68
2600,20.68,20.68,20.68,20.68,20.68,20.68,20.68,20.68,20.68,20.68
2601,20.68,20.68,20.68,20.68,20.68,20.68,20.68,20.68,20.68,20.68
2602,20.68,20.68,20.68,20.68,20.68,20.68,20.68,20.68,20.68,20.68
2603,20.68,20.68,20.68,20.68,20.68,20.68,20.68,20.68,20.68,20.68
2604,20.68,20.68,20.68,20.68,20.68,20.68,20.68,20.68,20.68,20.68
2605,20.68,20.68,20.68,20.68,20.68,20.68,20.68,20.68,20.68,20.68
2606,20.68,20.68,20.68,20.68,20.68,20.68,20.68,20.68,20.68,20.68
2607,20.68,20.68,20.68,20.68,20.68,20.68,20.68,20.68,20.68,20.68
2608,20.68,20.68,20.68,20.68,20.68,20.68,20.68,20.68,20.68,20.68
2609,20.68,20.68,20.68,20.68,20.68,20.68,20.68,20.68,20.68,20.68
2610,20.68,20.68,20.68,20.68,20.68,20.68,20.68,20.68,20.68,20.68
2611,20.68,20.68,20.68,20.68,20.68,20.68,20.68,20.68,20.68,20.68
2612,20.68,20.68,20.68,20.68,20.68,20.68,20.68,20.68,20.68,20.68
2613,20.68,20.68,20.68,20.68,20.68,20.68,20.68,20.68,20.68,20.68
2614,20.68,20.68,20.68,20.68,20.68,20.68,20.68,20.68,20.68,20.68
2615,20.68,20.68,20.68,20.68,20.68,20.68,20.68,20.68,20.68,20.68
2616,20.68,20.68,20.68,20.68,20.68,20.68,20.68,20.68,20.68,20.68
2617,20.68,20.68,20.68,20.68,20.68,20.68,20.68,20.68,20.68,20.68
2618,20.68,20.68,20.68,20.68,20.68,20.68,20.68,20.68,20.68,20.68
2619,20.68,20.68,20.68,20.68,20.68,20.68,20.68,20.68,20.68,20.68
2620,20.68,20.68,20.68,20.68,20.68,20.68,20.68,20.68,20.68,20.68
2621,20.68,20.68,20.68,20.68,20.68,20.68,20.68,20.68,20.68,20.68
2622,20.68,20.68,20.68,20.68,20.68,20.68,20.68,20.68,20.68,20.68
2623,20.68,20.68,20.68,20.68,20.68,20.68,20.68,20.68,20.68,20.68
2624,20.68,20.68,20.68,20.68,20.68,20.68,20.68,20.68,20.68,20.68
2625,20.68,20.68,20.68,20.68,20.68,20.68,20.68,20.68,20.68,20.68
2626,20.68,20.68,20.68,20.68,20.68,20.68,20.68,20.68,20.68,20.68
2627,20.68,20.68,20.68,20.68,20.68,20.68,20.68,20.68,20.68,20.68
2628,20.68,20.68,20.68,20.68,20.68,20.68,20.68,20.68,20.68,20.68
2629,20.68,20.68,20.68,20.68,20.68,20.68,20.68,20.68,20.68,20.68
2630,20.68,20.68,20.68,20.68,20.68,20.68,20.68,20.68,20.68,20.68
2631,20.68,20.68,20.68,20.68,20.68,20.68,20.68,20.68,20.68,20.68
2632,20.68,20.68,20.68,20.68,20.68,20.68,20.68,20.68,20.68,20.68
2633,20.68,20.68,20.68,20.68,20.68,20.68,20.68,20.68,20.68,20.68
2634,20.68,20.68,20.68,20.68,20.68,20.68,20.68,20.68,20.68,20.68
2635,20.68,20.68,20.68,20.68,20.68,20.68,20.68,20.68,20.68,20.68
2636,20.68,20.68,20.68,20.68,20.68,20.68,20.68,20.68,20.68,20.68
2637,20.68,20.68,20.68,20.68,20.68,20.68,20.68,20.68,20.68,20.68
2638,20.68,20.68,20.68,20.68,20.68,20.68,20.68,20.68,20.68,20.68
2639,20.68,20.68,20.68,20.68,20.68,20.68,20.68,20.68,20.68,20.68
2640,20.68,20.68,20.68,20.68,20.68,20.68,20.68,20.68,20.68,20.68
2641,20.68,20.68,20.68,20.68,20.68,20.68,20.68,20.68,20.68,20.68
2642,20.68,20.68,20.68,20.68,20.68,20.68,20.68,20.68,20.68,20.68
2643,20.68,20.68,20.68,20.68,20.68,20.68,20.68,20.68,20.68,20.68
2644,20.68,20.68,20.68,20.68,20.68,20.68,20.68,20.68,20.68,20.68
2645,20.68,20.68,20.68,20.68,20.68,20.68,20.68,20.68,20.68,20.68
2646,20.68,20.68,20.68,20.68,20.68,20.68,20.68,20.68,20.68,20.68
2647,20.68,20.68,20.68,20.68,20.68,20.68,20.68,20.68,20.68,20.68
2648,20.68,20.68,20.68,20.68,20.68,20.68,20.68,20.68,20.68,20.68
2649,20.68,20.68,20.68,20.68,20.68,20.68,20.68,20.68,20.68,20.68
2650,20.68,20.68,20.68,20.68,20.68,20.68,20.68,20.68,20.68,20.68
2651,20.68,20.68,20.68,20.68,20.68,20.68,20.68,20.68,20.68,20.68
2652,20.68,20.68,20.68,20.68,20.68,20.68,20.68,20.68,20.68,20.68
2653,20.68,20.68,20.68,20.68,20.68,20.68,20.68,20.68,20.68,20.68
2654,20.68,20.68,20.68,20.68,20.68,20.68,20.68,20.68,20.68,20.68
2655,20.68,20.68,20.68,20.68,20.68,20.68,20.68,20.68,20.68,20.68
2656,20.68,20.68,20.68,20.68,20.68,20.68,20.68,20.68,20.68,20.68
2657,20.68,20.68,20.68,20.68,20.68,20.68,20.68,20.68,20.68,20.68
2658,20.68,20.68,20.68,20.68,20.68,20.68,20.68,20.68,20.68,20.68
2659,20.68,20.68,20.68,20.68,20.68,20.68,20.68,20.68,20.68,20.68
2660,20.68,20.68,20.68,20.68,20.68,20.68,20.68,20.68,20.68,20.68
2661,20.68,20.68,20.68,20.68,20.68,20.68,20.68,20.68,20.68,20.68
2662,20.68,20.68,20.68,20.68,20.68,20.68,20.68,20.68,20.68,20.68
2663,20.68,20.68,20.68,20.68,20.68,20.68,20.68,20.68,20.68,20.68
2664,20.68,20.68,20.68,20.68,20.68,20.68,20.68,20.68,20.68,20.68
2665,20.68,20.68,20.68,20.68,20.68,20.68,20.68,20.68,20.68,20.68
2666,20.68,20.68,20.68,20.68,20.68,20.68,20.68,20.68,20.68,20.68
2667,20.68,20.68,20.68,20.68,20.68,20.68,20.68,20.68,20.68,20.68
2668,20.68,20.68,20.68,20.68,20.68,20.68,20.68,20.68,20.68,20.68
2669,20.68,20.68,20.68,20.68,20.68,20.68,20.68,20.68,20.68,20.68
2670,20.68,20.68,20.68,20.68,20.68,20.68,20.68,20.68,20.68,20.68
2671,20.68,20.68,20.68,20.68,20.68,20.68,20.68,20.68,20.68,20.68
2672,20.68,20.68,20.68,20.68,20.68,20.68,20.68,20.68,20.68,20.68
2673,20.68,20.68,20.68,20.68,20.68,20.68,20.68,20.68,20.68,20.68
2674,20.68,20.68,20.68,20.68,20.68,20.68,20.68,20.68,20.68,20.68
2675,20.68,20.68,20.68,20.68,20.68,20.68,20.68,20.68,20.68,20.68
2676,20.68,20.68,20.68,20.68,20.68,20.68,20.68,20.68,20.68,20.68
2677,20.68,20.68,20.68,20.68,20.68,20.68,20.68,20.68,20.68,20.68
2678,20.68,20.68,20.68,20.68,20.68,20.68,20.68,20.68,20.68,20.68
2679,20.68,20.68,20.68,20.68,20.68,20.68,20.68,20.68,20.68,20.68
2680,20.68,20.68,20.68,20.68,20.68,20.68,20.68,20.68,20.68,20.68
2681,20.68,20.68,20.68,20.68,20.68,20.68,20.68,20.68,20.68,20.68
2682,20.68,20.68,20.68,20.68,20.68,20.68,20.68,20.68,20.68,20.68
2683,20.68,20.68,20.68,20.68,20.68,20.68,20.68,20.68,20.68,20.68
2684,20.68,20.68,20.68,20.68,20.68,20.68,20.68,20.68,20.68,20.68
2685,20.68,20.68,20.68,20.68,20.68,20.68,20.68,20.68,20.68,20.68
2686,20.68,20.68,20.68,20.68,20.68,20.68,20.68,20.68,20.68,20.68
2687,20.68,20.68,20.68,20.68,20.68,20.68,20.68,20.68,20.68,20.68
2688,20.68,20.68,20.68,20.68,20.68,20.68,20.68,20.68,20.68,20.68
2689,20.68,20.68,20.68,20.68,20.68,20.68,20.68,20.68,20.68,20.68
2690,20.68,20.68,20.68,20.68,20.68,20.68,20.68,20.68,20.68,20.68
2691,20.68,20.68,20.68,20.68,20.68,20.68,20.68,20.68,20.68,20.68
2692,20.68,20.68,20.68,20.68,20.68,20.68,20.68,20.68,20.68,20.68
2693,20.68,20.68,20.68,20.68,20.68,20.68,20.68,20.68,20.68,20.68
2694,20.68,20.68,20.68,20.68,20.68,20.68,20.68,20.68,20.68,20.68
2695,20.68,20.68,20.68,20.68,20.68,20.68,20.68,20.68,20.68,20.68
2696,20.68,20.68,20.68,20.68,20.68,20.68,20.68,20.68,20.68,20.68
2697,20.68,20.68,20.68,20.68,20.68,20.68,20.68,20.68,20.68,20.68
2698,20.68,20.68,20.68,20.68,20.68,20.68,20.68,20.68,20.68,20.68
2699,20.68,20.68,20.68,20.68,20.68,20.68,20.68,20.68,20.68,20.68
2700,20.68,20.68,20.68,20.68,20.68,20.68,20.68,20.68,20.68,20.68
2701,20.68,20.68,20.68,20.68,20.68,20.68,20.68,20.68,20.68,20.68
2702,20.68,20.68,20.68,20.68,20.68,20.68,20.68,20.68,20.68,20.68
2703,20.68,20.68,20.68,20.68,20.68,20.68,20.68,20.68,20.68,20.68
2704,20.68,20.68,20.68,20.68,20.68,20.68,20.68,20.68,20.68,20.68
2705,20.68,20.68,20.68,20.68,20.68,20.68,20.68,20.68,20.68,20.68
2706,20.68,20.68,20.68,20.68,20.68,20.68,20.68,20.68,20.68,20.68
2707,20.68,20.68,20.68,20.68,20.68,20.68,20.68,20.68,20.68,20.68
2708,20.68,20.68,20.68,20.68,20.68,20.68,20.68,20.68,20.68,20.68
2709,20.68,20.68,20.68,20.68,20.68,20.68,20.68,20.68,20.68,20.68
2710,20.68,20.68,20.68,20.68,20.68,20.68,20.68,20.68,20.68,20.68
2711,20.68,20.68,20.68,20.68,20.68,20.68,20.68,20.68,20.68,20.68
2712,20.68,20.68,20.68,20.68,20.68,20.68,20.68,20.68,20.68,20.68
2713,20.68,20.68,20.68,20.68,20.68,20.68,20.68,20.68,20.68,20.68
2714,20.68,20.68,20.68,20.68,20.68,20.68,20.68,20.68,20.68,20.68
2715,20.68,20.68,20.68,20.68,20.68,20.68,20.68,20.68,20.68,20.68
2716,20.68,20.68,20.68,20.68,20.68,20.68,20.68,20.68,20.68,20.68
2717,20.68,20.68,20.68,20.68,20.68,20.68,20.68,20.68,20.68,20.68
2718,20.68,20.68,20.68,20.68,20.68,20.68,20.68,20.68,20.68,20.68
2719,20.68,20.68,20.68,20.68,20.68,20.68,20.68,20.68,20.68,20.68
2720,20.68,20.68,20.68,20.68,20.68,20.68,20.68,20.68,20.68,20.68
2721,20.68,20.68,20.68,20.68,20.68,20.68,20.68,20.68,20.68,20.68
2722,20.68,20.68,20.68,20.68,20.68,20.68,20.68,20.68,20.68,20.68
2723,20.68,20.68,20.68,20.68,20.68,20.68,20.68,20.68,20.68,20.68
2724,20.68,20.68,20.68,20.68,20.68,20.68,20.68,20.68,20.68,20.68
2725,20.68,20.68,20.68,20.68,20.68,20.68,20.68,20.68,20.68,20.68
2726,20.68,20.68,20.68,20.68,20.68,20.68,20.68,20.68,20.68,20.68
2727,20.68,20.68,20.68,20.68,20.68,20.68,20.68,20.68,20.68,20.68
2728,20.68,20.68,20.68,20.68,20.68,20.68,20.68,20.68,20.68,20.68
2729,20.68,20.68,20.68,20.68,20.68,20.68,20.68,20.68,20.68,20.68
2730,20.68,20.68,20.68,20.68,20.68,20.68,20.68,20.68,20.68,20.68
2731,20.68,20.68,20.68,20.68,20.68,20.68,20.68,20.68,20.68,20.68
2732,20.68,20.68,20.68,20.68,20.68,20.68,20.68,20.68,20.68,20.68
2733,20.68,20.68,20.68,20.68,20.68,20.68,20.68,20.68,20.68,20.68
2734,20.68,20.68,20.68,20.68,20.68,20.68,20.68,20.68,20.68,20.68
2735,20.68,20.68,20.68,20.68,20.68,20.68,20.68,20.68,20.68,20.68
2736,20.68,20.68,20.68,20.68,20.68,20.68,20.68,20.68,20.68,20.68
2737,20.68,20.68,20.68,20.68,20.68,20.68,20.68,20.68,20.68,20.68
2738,20.68,20.68,20.68,20.68,20.68,20.68,20.68,20.68,20.68,20.68
2739,20.68,20.68,20.68,20.68,20.68,20.68,20.68,20.68,20.68,20.68
2740,20.68,20.68,20.68,20.68,20.68,20.68,20.68,20.68,20.68,20.68
2741,20.68,20.68,20.68,20.68,20.68,20.68,20.68,20.68,20.68,20.68
2742,20.68,20.68,20.68,20.68,20.68,20.68,20.68,20.68,20.68,20.68
2743,20.68,20.68,20.68,20.68,20.68,20.68,20.68,20.68,20.68,20.68
2744,20.68,20.68,20.68,20.68,20.68,20.68,20.68,20.68,20.68,20.68
2745,20.68,20.68,20.68,20.68,20.68,20.68,20.68,20.68,20.68,20.68
2746,20.68,20.68,20.68,20.68,20.68,20.68,20.68,20.68,20.68,20.68
2747,20.68,20.68,20.68,20.68,20.68,20.68,20.68,20.68,20.68,20.68
2748,20.68,20.68,20.68,20.68,20.68,20.68,20.68,20.68,20.68,20.68
2749,20.68,20.68,20.68,20.68,20.68,20.68,20.68,20.68,20.68,20.68
2750,20.68,20.68,20.68,20.68,20.68,20.68,20.68,20.68,20.68,20.68
2751,20.68,20.68,20.68,20.68,20.68,20.68,20.68,20.68,20.68,20.68
2752,20.68,20.68,20.68,20.68,20.68,20.68,20.68,20.68,20.68,20.68
2753,20.68,20.68,20.68,20.68,20.68,20.68,20.68,20.68,20.68,20.68
2754,20.68,20.68,20.68,20.68,20.68,20.68,20.68,20.68,20.68,20.68
2755,20.68,20.68,20.68,20.68,20.68,20.68,20.68,20.68,20.68,20.68
2756,20.68,20.68,20.68,20.68,20.68,20.68,20.68,20.68,20.68,20.68
2757,20.68,20.68,20.68,20.68,20.68,20.68,20.68,20.68,20.68,20.68
2758,20.68,20.68,20.68,20.68,20.68,20.68,20.68,20.68,20.68,20.68
2759,20.68,20.68,20.68,20.68,20.68,20.68,20.68,20.68,20.68,20.68
2760,20.68,20.68,20.68,20.68,20.68,20.68,20.68,20.68,20.68,20.68
2761,20.68,20.68,20.68,20.68,20.68,20.68,20.68,20.68,20.68,20.68
2762,20.68,20.68,20.68,20.68,20.68,20.68,20.68,20.68,20.68,20.68
2763,20.68,20.68,20.68,20.68,20.68,20.68,20.68,20.68,20.68,20.68
2764,20.68,20.68,20.68,20.68,20.68,20.68,20.68,20.68,20.68,20.68
2765,20.68,20.68,20.68,20.68,20.68,20.68,20.68,20.68,20.68,20.68
2766,20.68,20.68,20.68,20.68,20.68,20.68,20.68,20.68,20.68,20.68
2767,20.68,20.68,20.68,20.68,20.68,20.68,20.68,20.68,20.68,20.68
2768,20.68,20.68,20.68,20.68,20.68,20.68,20.68,20.68,20.68,20.68
2769,20.68,20.68,20.68,20.68,20.68,20.68,20.68,20.68,20.68,20.68
2770,20.68,20.68,20.68,20.68,20.68,20.68,20.68,20.68,20.68,20.68
2771,20.68,20.68,20.68,20.68,20.68,20.68,20.68,20.68,20.68,20.68
2772,20.68,20.68,20.68,20.68,20.68,20.68,20.68,20.68,20.68,20.68
2773,20.68,20.68,20.68,20.68,20.68,20.68,20.68,20.68,20.68,20.68
2774,20.68,20.68,20.68,20.68,20.68,20.68,20.68,20.68,20.68,20.68
2775,20.68,20.68,20.68,20.68,20.68,20.68,20.68,20.68,20.68,20.68
2776,20.68,20.68,20.68,20.68,20.68,20.68,20.68,20.68,20.68,20.68
2777,20.68,20.68,20.68,20.68,20.68,20.68,20.68,20.68,20.68,20.68
2778,20.68,20.68,20.68,20.68,20.68,20.68,20.68,20.68,20.68,20.68
2779,20.68,20.68,20.68,20.68,20.68,20.68,20.68,20.68,20.68,20.68
2780,20.68,20.68,20.68,20.68,20.68,20.68,20.68,20.68,20.68,20.68
2781,20.68,20.68,20.68,20.68,20.68,20.68,20.68,20.68,20.68,20.68
2782,20.68,20.68,20.68,20.68,20.68,20.68,20.68,20.68,20.68,20.68
2783,20.68,20.68,20.68,20.68,20.68,20.68,20.68,20.68,20.68,20.68
2784,20.68,20.68,20.68,20.68,20.68,20.68,20.68,20.68,20.68,20.68
2785,20.68,20.68,20.68,20.68,20.68,20.68,20.68,20.68,20.68,20.68
2786,20.68,20.68,20.68,20.68,20.68,20.68,20.68,20.68,20.68,20.68
2787,20.68,20.68,20.68,20.68,20.68,20.68,20.68,20.68,20.68,20.68
2788,20.68,20.68,20.68,20.68,20.68,20.68,20.68,20.68,20.68,20.68
2789,20.68,20.68,20.68,20.68,20.68,20.68,20.68,20.68,20.68,20.68
2790,20.68,20.68,20.68,20.68,20.68,20.68,20.68,20.68,20.68,20.68
2791,20.68,20.68,20.68,20.68,20.68,20.68,20.68,20.68,20.68,20.68
2792,20.68,20.68,20.68,20.68,20.68,20.68,20.68,20.68,20.68,20.68
2793,20.68,20.68,20.68,20.68,20.68,20.68,20.68,20.68,20.68,20.68
2794,20.68,20.68,20.68,20.68,20.68,20.68,20.68,20.68,20.68,20.68
2795,20.68,20.68,20.68,20.68,20.68,20.68,20.68,20.68,20.68,20.68
2796,20.68,20.68,20.68,20.68,20.68,20.68,20.68,20.68,20.68,20.68
2797,20.68,20.68,20.68,20.68,20.68,20.68,20.68,20.68,20.68,20.68
2798,20.68,20.68,20.68,20.68,20.68,20.68,20.68,20.68,20.68,20.68
2799,20.68,20.68,20.68,20.68,20.68,20.68,20.68,20.68,20.68,20.68
2800,20.68,20.68,20.68,20.68,20.68,20.68,20.68,20.68,20.68,20.68
2801,20.68,20.68,20.68,20.68,20.68,20.68,20.68,20.68,20.68,20.68
2802,20.68,20.68,20.68,20.68,20.68,20.68,20.68,20.68,20.68,20.68
2803,20.68,20.68,20.68,20.68,20.68,20.68,20.68,20.68,20.68,20.68
2804,20.68,20.68,20.68,20.68,20.68,20.68,20.68,20.68,20.68,20.68
2805,20.68,20.68,20.68,20.68,20.68,20.68,20.68,20.68,20.68,20.68
2806,20.68,20.68,20.68,20.68,20.68,20.68,20.68,20.68,20.68,20.68
2807,20.68,20.68,20.68,20.68,20.68,20.68,20.68,20.68,20.68,20.68
2808,20.68,20.68,20.68,20.68,20.68,20.68,20.68,20.68,20.68,20.68
2809,20.68,20.68,20.68,20.68,20.68,20.68,20.68,20.68,20.68,20.68
2810,20.68,20.68,20.68,20.68,20.68,20.68,20.68,20.68,20.68,20.68
2811,20.68,20.68,20.68,20.68,20.68,20.68,20.68,20.68,20.68,20.68
2812,20.68,20.68,20.68,20.68,20.68,20.68,20.68,20.68,20.68,20.68
2813,20.68,20.68,20.68,20.68,20.68,20.68,20.68,20.68,20.68,20.68
2814,20.68,20.68,20.68,20.68,20.68,20.68,20.68,20.68,20.68,20.68
2815,20.68,20.68,20.68,20.68,20.68,20.68,20.68,20.68,20.68,20.68
2816,20.68,20.68,20.68,20.68,20.68,20.68,20.68,20.68,20.68,20.68
2817,20.68,20.68,20.68,20.68,20.68,20.68,20.68,20.68,20.68,20.68
2818,20.68,20.68,20.68,20.68,20.68,20.68,20.68,20.68,20.68,20.68
2819,20.68,20.68,20.68,20.68,20.68,20.68,20.68,20.68,20.68,20.68
2820,20.68,20.68,20.68,20.68,20.68,20.68,20.68,20.68,20.68,20.68
2821,20.68,20.68,20.68,20.68,20.68,20.68,20.68,20.68,20.68,20.68
2822,20.68,20.68,20.68,20.68,20.68,20.68,20.68,20.68,20.68,20.68
2823,20.68,20.68,20.68,20.68,20.68,20.68,20.68,20.68,20.68,20.68
2824,20.68,20.68,20.68,20.68,20.68,20.68,20.68,20.68,20.68,20.68
2825,20.68,20.68,20.68,20.68,20.68,20.68,20.68,20.68,20.68,20.68
2826,20.68,20.68,20.68,20.68,20.68,20.68,20.68,20.68,20.68,20.68
2827,20.68,20.68,20.68,20.68,20.68,20.68,20.68,20.68,20.68,20.68
2828,20.68,20.68,20.68,20.68,20.68,20.68,20.68,20.68,20.68,20.68
2829,20.68,20.68,20.68,20.68,20.68,20.68,20.68,20.68,20.68,20.68
2830,20.68,20.68,20.68,20.68,20.68,20.68,20.68,20.68,20.68,20.68
2831,20.68,20.68,20.68,20.68,20.68,20.68,20.68,20.68,20.68,20.68
2832,20.68,20.68,20.68,20.68,20.68,20.68,20.68,20.68,20.68,20.68
2833,20.68,20.68,20.68,20.68,20.68,20.68,20.68,20.68,20.68,20.68
2834,20.68,20.68,20.68,20.68,20.68,20.68,20.68,20.68,20.68,20.68
2835,20.68,20.68,20.68,20.68,20.68,20.68,20.68,20.68,20.68,20.68
2836,20.68,20.68,20.68,20.68,20.68,20.68,20.68,20.68,20.68,20.68
2837,20.68,20.68,20.68,20.68,20.68,20.68,20.68,20.68,20.68,20.68
2838,20.68,20.68,20.68,20.68,20.68,20.68,20.68,20.68,20.68,20.68
2839,20.68,20.68,20.68,20.68,20.68,20.68,20.68,20.68,20.68,20.68
2840,20.68,20.68,20.68,20.68,20.68,20.68,20.68,20.68,20.68,20.68
2841,20.68,20.68,20.68,20.68,20.68,20.68,20.68,20.68,20.68,20.68
2842,20.68,20.68,20.68,20.68,20.68,20.68,20.68,20.68,20.68,20.68
2843,20.68,20.68,20.68,20.68,20.68,20.68,20.68,20.68,20.68,20.68
2844,20.68,20.68,20.68,20.68,20.68,20.68,20.68,20.68,20.68,20.68
2845,20.68,20.68,20.68,20.68,20.68,20.68,20.68,20.68,20.68,20.68
2846,20.68,20.68,20.68,20.68,20.68,20.68,20.68,20.68,20.68,20.68
2847,20.68,20.68,20.68,20.68,20.68,20.68,20.68,20.68,20.68,20.68
2848,20.68,20.68,20.68,20.68,20.68,20.68,20.68,20.68,20.68,20.68
2849,20.68,20.68,20.68,20.68,20.68,20.68,20.68,20.68,20.68,20.68
2850,20.68,20.68,20.68,20.68,20.68,20.68,20.68,20.68,20.68,20.68
2851,20.68,20.68,20.68,20.68,20.68,20.68,20.68,20.68,20.68,20.68
2852,20.68,20.68,20.68,20.68,20.68,20.68,20.68,20.68,20.68,20.68
2853,20.68,20.68,20.68,20.68,20.68,20.68,20.68,20.68,20.68,20.68
2854,20.68,20.68,20.68,20.68,20.68,20.68,20.68,20.68,20.68,20.68
2855,20.68,20.68,20.68,20.68,20.68,20.68,20.68,20.68,20.68,20.68
2856,20.68,20.68,20.68,20.68,20.68,20.68,20.68,20.68,20.68,20.68
2857,20.68,20.68,20.68,20.68,20.68,20.68,20.68,20.68,20.68,20.68
2858,20.68,20.68,20.68,20.68,20.68,20.68,20.68,20.68,20.68,20.68
2859,20.68,20.68,20.68,20.68,20.68,20.68,20.68,20.68,20.68,20.68
2860,20.68,20.68,20.68,20.68,20.68,20.68,20.68,20.68,20.68,20.68
2861,20.68,20.68,20.68,20.68,20.68,20.68,20.68,20.68,20.68,20.68
2862,20.68,20.68,20.68,20.68,20.68,20.68,20.68,20.68,20.68,20.68
2863,20.68,20.68,20.68,20.68,20.68,20.68,20.68,20.68,20.68,20.68
2864,20.68,20.68,20.68,20.68,20.68,20.68,20.68,20.68,20.68,20.68
2865,20.68,20.68,20.68,20.68,20.68,20.68,20.68,20.68,20.68,20.68
2866,20.68,20.68,20.68,20.68,20.68,20.68,20.68,20.68,20.68,20.68
2867,20.68,20.68,20.68,20.68,20.68,20.68,20.68,20.68,20.68,20.68
2868,20.68,20.68,20.68,20.68,20.68,20.68,20.68,20.68,20.68,20.68
2869,20.68,20.68,20.68,20.68,20.68,20.68,20.68,20.68,20.68,20.68
2870,20.68,20.68,20.68,20.68,20.68,20.68,20.68,20.68,20.68,20.68
2871,20.68,20.68,20.68,20.68,20.68,20.68,20.68,20.68,20.68,20.68
2872,20.68,20.68,20.68,20.68,20.68,20.68,20.68,20.68,20.68,20.68
2873,20.68,20.68,20.68,20.68,20.68,20.68,20.68,20.68,20.68,20.68
2874,20.68,20.68,20.68,20.68,20.68,20.68,20.68,20.68,20.68,20.68
2875,20.68,20.68,20.68,20.68,20.68,20.68,20.68,20.68,20.68,20.68
2876,20.68,20.68,20.68,20.68,20.68,20.68,20.68,20.68,20.68,20.68
2877,20.68,20.68,20.68,20.68,20.68,20.68,20.68,20.68,20.68,20.68
2878,20.68,20.68,20.68,20.68,20.68,20.68,20.68,20.68,20.68,20.68
2879,20.68,20.68,20.68,20.68,20.68,20.68,20.68,20.68,20.68,20.68
2880,20.68,20.68,20.68,20.68,20.68,20.68,20.68,20.68,20.68,20.68
2881,20.68,20.68,20.68,20.68,20.68,20.68,20.68,20.68,20.68,20.68
2882,20.68,20.68,20.68,20.68,20.68,20.68,20.68,20.68,20.68,20.68
2883,20.68,20.68,20.68,20.68,20.68,20.68,20.68,20.68,20.68,20.68
2884,20.68,20.68,20.68,20.68,20.68,20.68,20.68,20.68,20.68,20.68
2885,20.68,20.68,20.68,20.68,20.68,20.68,20.68,20.68,20.68,20.68
2886,20.68,20.68,20.68,20.68,20.68,20.68,20.68,20.68,20.68,20.68
2887,20.68,20.68,20.68,20.68,20.68,20.68,20.68,20.68,20.68,20.68
2888,20.68,20.68,20.68,20.68,20.68,20.68,20.68,20.68,20.68,20.68
2889,20.68,20.68,20.68,20.68,20.68,20.68,20.68,20.68,20.68,20.68
2890,20.68,20.68,20.68,20.68,20.68,20.68,20.68,20.68,20.68,20.68
2891,20.68,20.68,20.68,20.68,20.68,20.68,20.68,20.68,20.68,20.68
2892,20.68,20.68,20.68,20.68,20.68,20.68,20.68,20.68,20.68,20.68
2893,20.68,20.68,20.68,20.68,20.68,20.68,20.68,20.68,20.68,20.68
2894,20.68,20.68,20.68,20.68,20.68,20.68,20.68,20.68,20.68,20.68
2895,20.68,20.68,20.68,20.68,20.68,20.68,20.68,20.68,20.68,20.68
2896,20.68,20.68,20.68,20.68,20.68,20.68,20.68,20.68,20.68,20.68
2897,20.68,20.68,20.68,20.68,20.68,20.68,20.68,20.68,20.68,20.68
2898,20.68,20.68,20.68,20.68,20.68,20.68,20.68,20.68,20.68,20.68
2899,20.68,20.68,20.68,20.68,20.68,20.68,20.68,20.68,20.68,20.68
2900,20.68,20.68,20.68,20.68,20.68,20.68,20.68,20.68,20.68,20.68
2901,20.68,20.68,20.68,20.68,20.68,20.68,20.68,20.68,20.68,20.68
2902,20.68,20.68,20.68,20.68,20.68,20.68,20.68,20.68,20.68,20.68
2903,20.68,20.68,20.68,20.68,20.68,20.68,20.68,20.68,20.68,20.68
2904,20.68,20.68,20.68,20.68,20.68,20.68,20.68,20.68,20.68,20.68
2905,20.68,20.68,20.68,20.68,20.68,20.68,20.68,20.68,20.68,20.68
2906,20.68,20.68,20.68,20.68,20.68,20.68,20.68,20.68,20.68,20.68
2907,20.68,20.68,20.68,20.68,20.68,20.68,20.68,20.68,20.68,20.68
2908,20.68,20.68,20.68,20.68,20.68,20.68,20.68,20.68,20.68,20.68
2909,20.68,20.68,20.68,20.68,20.68,20.68,20.68,20.68,20.68,20.68
2910,20.68,20.68,20.68,20.68,20.68,20.68,20.68,20.68,20.68,20.68
2911,20.68,20.68,20.68,20.68,20.68,20.68,20.68,20.68,20.68,20.68
2912,20.68,20.68,20.68,20.68,20.68,20.68,20.68,20.68,20.68,20.68
2913,20.68,20.68,20.68,20.68,20.68,20.68,20.68,20.68,20.68,20.68
2914,20.68,20.68,20.68,20.68,20.68,20.68,20.68,20.68,20.68,20.68
2915,20.68,20.68,20.68,20.68,20.68,20.68,20.68,20.68,20.68,20.68
2916,20.68,20.68,20.68,20.68,20.68,20.68,20.68,20.68,20.68,20.68
2917,20.68,20.68,20.68,20.68,20.68,20.68,20.68,20.68,20.68,20.68
2918,20.68,20.68,20.68,20.68,20.68,20.68,20.68,20.68,20.68,20.68
2919,20.68,20.68,20.68,20.68,20.68,20.68,20.68,20.68,20.68,20.68
2920,20.68,20.68,20.68,20.68,20.68,20.68,20.68,20.68,20.68,20.68
2921,20.68,20.68,20.68,20.68,20.68,20.68,20.68,20.68,20.68,20.68
2922,20.68,20.68,20.68,20.68,20.68,20.68,20.68,20.68,20.68,20.68
2923,20.68,20.68,20.68,20.68,20.68,20.68,20.68,20.68,20.68,20.68
2924,20.68,20.68,20.68,20.68,20.68,20.68,20.68,20.68,20.68,20.68
2925,20.68,20.68,20.68,20.68,20.68,20.68,20.68,20.68,20.68,20.68
2926,20.68,20.68,20.68,20.68,20.68,20.68,20.68,20.68,20.68,20.68
2927,20.68,20.68,20.68,20.68,20.68,20.68,20.68,20.68,20.68,20.68
2928,20.68,20.68,20.68,20.68,20.68,20.68,20.68,20.68,20.68,20.68
2929,20.68,20.68,20.68,20.68,20.68,20.68,20.68,20.68,20.68,20.68
2930,20.68,20.68,20.68,20.68,20.68,20.68,20.68,20.68,20.68,20.68
2931,20.68,20.68,20.68,20.68,20.68,20.68,20.68,20.68,20.68,20.68
2932,20.68,20.68,20.68,20.68,20.68,20.68,20.68,20.68,20.68,20.68
2933,20.68,20.68,20.68,20.68,20.68,20.68,20.68,20.68,20.68,20.68
2934,20.68,20.68,20.68,20.68,20.68,20.68,20.68,20.68,20.68,20.68
2935,20.68,20.68,20.68,20.68,20.68,20.68,20.68,20.68,20.68,20.68
2936,20.68,20.68,20.68,20.68,20.68,20.68,20.68,20.68,20.68,20.68
2937,20.68,20.68,20.68,20.68,20.68,20.68,20.68,20.68,20.68,20.68
2938,20.68,20.68,20.68,20.68,20.68,20.68,20.68,20.68,20.68,20.68
2939,20.68,20.68,20.68,20.68,20.68,20.68,20.68,20.68,20.68,20.68
2940,20.68,20.68,20.68,20.68,20.68,20.68,20.68,20.68,20.68,20.68
2941,20.68,20.68,20.68,20.68,20.68,20.68,20.68,20.68,20.68,20.68
2942,20.68,20.68,20.68,20.68,20.68,20.68,20.68,20.68,20.68,20.68
2943,20.68,20.68,20.68,20.68,20.68,20.68,20.68,20.68,20.68,20.68
2944,20.68,20.68,20.68,20.68,20.68,20.68,20.68,20.68,20.68,20.68
2945,20.68,20.68,20.68,20.68,20.68,20.68,20.68,20.68,20.68,20.68
2946,20.68,20.68,20.68,20.68,20.68,20.68,20.68,20.68,20.68,20.68
2947,20.68,20.68,20.68,20.68,20.68,20.68,20.68,20.68,20.68,20.68
2948,20.68,20.68,20.68,20.68,20.68,20.68,20.68,20.68,20.68,20.68
2949,20.68,20.68,20.68,20.68,20.68,20.68,20.68,20.68,20.68,20.68
2950,20.68,20.68,20.68,20.68,20.68,20.68,20.68,20.68,20.68,20.68
2951,20.68,20.68,20.68,20.68,20.68,20.68,20.68,20.68,20.68,20.68
2952,20.68,20.68,20.68,20.68,20.68,20.68,20.68,20.68,20.68,20.68
2953,20.68,20.68,20.68,20.68,20.68,20.68,20.68,20.68,20.68,20.68
2954,20.68,20.68,20.68,20.68,20.68,20.68,20.68,20.68,20.68,20.68
2955,20.68,20.68,20.68,20.68,20.68,20.68,20.68,20.68,20.68,20.68
2956,20.68,20.68,20.68,20.68,20.68,20.68,20.68,20.68,20.68,20.68
2957,20.68,20.68,20.68,20.68,20.68,20.68,20.68,20.68,20.68,20.68
2958,20.68,20.68,20.68,20.68,20.68,20.68,20.68,20.68,20.68,20.68
2959,20.68,20.68,20.68,20.68,20.68,20.68,20.68,20.68,20.68,20.68
2960,20.68,20.68,20.68,20.68,20.68,20.68,20.68,20.68,20.68,20.68
2961,20.68,20.68,20.68,20.68,20.68,20.68,20.68,20.68,20.68,20.68
2962,20.68,20.68,20.68,20.68,20.68,20.68,20.68,20.68,20.68,20.68
2963,20.68,20.68,20.68,20.68,20.68,20.68,20.68,20.68,20.68,20.68
2964,20.68,20.68,20.68,20.68,20.68,20.68,20.68,20.68,20.68,20.68
2965,20.68,20.68,20.68,20.68,20.68,20.68,20.68,20.68,20.68,20.68
2966,20.68,20.68,20.68,20.68,20.68,20.68,20.68,20.68,20.68,20.68
2967,20.68,20.68,20.68,20.68,20.68,20.68,20.68,20.68,20.68,20.68
2968,20.68,20.68,20.68,20.68,20.68,20.68,20.68,20.68,20.68,20.68
2969,20.68,20.68,20.68,20.68,20.68,20.68,20.68,20.68,20.68,20.68
2970,20.68,20.68,20.68,20.68,20.68,20.68,20.68,20.68,20.68,20.68
2971,20.68,20.68,20.68,20.68,20.68,20.68,20.68,20.68,20.68,20.68
2972,20.68,20.68,20.68,20.68,20.68,20.68,20.68,20.68,20.68,20.68
2973,20.68,20.68,20.68,20.68,20.68,20.68,20.68,20.68,20.68,20.68
2974,20.68,20.68,20.68,20.68,20.68,20.68,20.68,20.68,20.68,20.68
2975,20.68,20.68,20.68,20.68,20.68,20.68,20.68,20.68,20.68,20.68
2976,20.68,20.68,20.68,20.68,20.68,20.68,20.68,20.68,20.68,20.68
2977,20.68,20.68,20.68,20.68,20.68,20.68,20.68,20.68,20.68,20.68
2978,20.68,20.68,20.68,20.68,20.68,20.68,20.68,20.68,20.68,20.68
2979,20.68,20.68,20.68,20.68,20.68,20.68,20.68,20.68,20.68,20.68
2980,20.68,20.68,20.68,20.68,20.68,20.68,20.68,20.68,20.68,20.68
2981,20.68,20.68,20.68,20.68,20.68,20.68,20.68,20.68,20.68,20.68
2982,20.68,20.68,20.68,20.68,20.68,20.68,20.68,20.68,20.68,20.68
2983,20.68,20.68,20.68,20.68,20.68,20.68,20.68,20.68,20.68,20.68
2984,20.68,20.68,20.68,20.68,20.68,20.68,20.68,20.68,20.68,20.68
2985,20.68,20.68,20.68,20.68,20.68,20.68,20.68,20.68,20.68,20.68
2986,20.68,20.68,20.68,20.68,20.68,20.68,20.68,20.68,20.68,20.68
2987,20.68,20.68,20.68,20.68,20.68,20.68,20.68,20.68,20.68,20.68
2988,20.68,20.68,20.68,20.68,20.68,20.68,20.68,20.68,20.68,20.68
2989,20.68,20.68,20.68,20.68,20.68,20.68,20.68,20.68,20.68,20.68
2990,20.68,20.68,20.68,20.68,20.68,20.68,20.68,20.68,20.68,20.68
2991,20.68,20.68,20.68,20.68,20.68,20.68,20.68,20.68,20.68,20.68
2992,20.68,20.68,20.68,20.68,20.68,20.68,20.68,20.68,20.68,20.68
2993,20.68,20.68,20.68,20.68,20.68,20.68,20.68,20.68,20.68,20.68
2994,20.68,20.68,20.68,20.68,20.68,20.68,20.68,20.68,20.68,20.68
2995,20.68,20.68,20.68,20.68,20.68,20.68,20.68,20.68,20.68,20.68
2996,20.68,20.68,20.68,20.68,20.68,20.68,20.68,20.68,20.68,20.68
2997,20.68,20.68,20.68,20.68,20.68,20.68,20.68,20.68,20.68,20.68
2998,20.68,20.68,20.68,20.68,20.68,20.68,20.68,20.68,20.68,20.68
2999,20.68,20.68,20.68,20.68,20.68,20.68,20.68,20.68,20.68,20.68
3000,20.68,20.68,20.68,20.68,20.68,20.68,20.68,20.68,20.68,20.68
3001,20.68,20.68,20.68,20.68,20.68,20.68,20.68,20.68,20.68,20.68
3002,20.68,20.68,20.68,20.68,20.68,20.68,20.68,20.68,20.68,20.68
3003,20.68,20.68,20.68,20.68,20.68,20.68,20.68,20.68,20.68,20.68
3004,20.68,20.68,20.68,20.68,20.68,20.68,20.68,20.68,20.68,20.68
3005,20.68,20.68,20.68,20.68,20.68,20.68,20.68,20.68,20.68,20.68
3006,20.68,20.68,20.68,20.68,20.68,20.68,20.68,20.68,20.68,20.68
3007,20.68,20.68,20.68,20.68,20.68,20.68,20.68,20.68,20.68,20.68
3008,20.68,20.68,20.68,20.68,20.68,20.68,20.68,20.68,20.68,20.68
3009,20.68,20.68,20.68,20.68,20.68,20.68,20.68,20.68,20.68,20.68
3010,20.68,20.68,20.68,20.68,20.68,20.68,20.68,20.68,20.68,20.68
3011,20.68,20.68,20.68,20.68,20.68,20.68,20.68,20.68,20.68,20.68
3012,20.68,20.68,20.68,20.68,20.68,20.68,20.68,20.68,20.68,20.68
3013,20.68,20.68,20.68,20.68,20.68,20.68,20.68,20.68,20.68,20.68
3014,20.68,20.68,20.68,20.68,20.68,20.68,20.68,20.68,20.68,20.68
3015,20.68,20.68,20.68,20.68,20.68,20.68,20.68,20.68,20.68,20.68
3016,20.68,20.68,20.68,20.68,20.68,20.68,20.68,20.68,20.68,20.68
3017,20.68,20.68,20.68,20.68,20.68,20.68,20.68,20.68,20.68,20.68
3018,20.68,20.68,20.68,20.68,20.68,20.68,20.68,20.68,20.68,20.68
3019,20.68,20.68,20.68,20.68,20.68,20.68,20.68,20.68,20.68,20.68
3020,20.68,20.68,20.68,20.68,20.68,20.68,20.68,20.68,20.68,20.68
3021,20.68,20.68,20.68,20.68,20.68,20.68,20.68,20.68,20.68,20.68
3022,20.68,20.68,20.68,20.68,20.68,20.68,20.68,20.68,20.68,20.68
3023,20.68,20.68,20.68,20.68,20.68,20.68,20.68,20.68,20.68,20.68
3024,20.68,20.68,20.68,20.68,20.68,20.68,20.68,20.68,20.68,20.68
3025,20.68,20.68,20.68,20.68,20.68,20.68,20.68,20.68,20.68,20.68
3026,20.68,20.68,20.68,20.68,20.68,20.68,20.68,20.68,20.68,20.68
3027,20.68,20.68,20.68,20.68,20.68,20.68,20.68,20.68,20.68,20.68
3028,20.68,20.68,20.68,20.68,20.68,20.68,20.68,20.68,20.68,20.68
3029,20.68,20.68,20.68,20.68,20.68,20.68,20.68,20.68,20.68,20.68
3030,20.68,20.68,20.68,20.68,20.68,20.68,20.68,20.68,20.68,20.68
3031,20.68,20.68,20.68,20.68,20.68,20.68,20.68,20.68,20.68,20.68
3032,20.68,20.68,20.68,20.68,20.68,20.68,20.68,20.68,20.68,20.68
3033,20.68,20.68,20.68,20.68,20.68,20.68,20.68,20.68,20.68,20.68
3034,20.68,20.68,20.68,20.68,20.68,20.68,20.68,20.68,20.68,20.68
3035,20.68,20.68,20.68,20.68,20.68,20.68,20.68,20.68,20.68,20.68
3036,20.68,20.68,20.68,20.68,20.68,20.68,20.68,20.68,20.68,20.68
3037,20.68,20.68,20.68,20.68,20.68,20.68,20.68,20.68,20.68,20.68
3038,20.68,20.68,20.68,20.68,20.68,20.68,20.68,20.68,20.68,20.68
3039,20.68,20.68,20.68,20.68,20.68,20.68,20.68,20.68,20.68,20.68
3040,20.68,20.68,20.68,20.68,20.68,20.68,20.68,20.68,20.68,20.68
3041,20.68,20.68,20.68,20.68,20.68,20.68,20.68,20.68,20.68,20.68
3042,20.68,20.68,20.68,20.68,20.68,20.68,20.68,20.68,20.68,20.68
3043,20.68,20.68,20.68,20.68,20.68,20.68,20.68,20.68,20.68,20.68
3044,20.68,20.68,20.68,20.68,20.68,20.68,20.68,20.68,20.68,20.68
3045,20.68,20.68,20.68,20.68,20.68,20.68,20.68,20.68,20.68,20.68
3046,20.68,20.68,20.68,20.68,20.68,20.68,20.68,20.68,20.68,20.68
3047,20.68,20.68,20.68,20.68,20.68,20.68,20.68,20.68,20.68,20.68
3048,20.68,20.68,20.68,20.68,20.68,20.68,20.68,20.68,20.68,20.68
3049,20.68,20.68,20.68,20.68,20.68,20.68,20.68,20.68,20.68,20.68
3050,20.68,20.68,20.68,20.68,20.68,20.68,20.68,20.68,20.68,20.68
3051,20.68,20.68,20.68,20.68,20.68,20.68,20.68,20.68,20.68,20.68
3052,20.68,20.68,20.68,20.68,20.68,20.68,20.68,20.68,20.68,20.68
3053,20.68,20.68,20.68,20.68,20.68,20.68,20.68,20.68,20.68,20.68
3054,20.68,20.68,20.68,20.68,20.68,20.68,20.68,20.68,20.68,20.68
3055,20.68,20.68,20.68,20.68,20.68,20.68,20.68,20.68,20.68,20.68
3056,20.68,20.68,20.68,20.68,20.68,20.68,20.68,20.68,20.68,20.68
3057,20.68,20.68,20.68,20.68,20.68,20.68,20.68,20.68,20.68,20.68
3058,20.68,20.68,20.68,20.68,20.68,20.68,20.68,20.68,20.68,20.68
3059,20.68,20.68,20.68,20.68,20.68,20.68,20.68,20.68,20.68,20.68
3060,20.68,20.68,20.68,20.68,20.68,20.68,20.68,20.68,20.68,20.68
3061,20.68,20.68,20.68,20.68,20.68,20.68,20.68,20.68,20.68,20.68
3062,20.68,20.68,20.68,20.68,20.68,20.68,20.68,20.68,20.68,20.68
3063,20.68,20.68,20.68,20.68,20.68,20.68,20.68,20.68,20.68,20.68
3064,20.68,20.68,20.68,20.68,20.68,20.68,20.68,20.68,20.68,20.68
3065,20.68,20.68,20.68,20.68,20.68,20.68,20.68,20.68,20.68,20.68
3066,20.68,20.68,20.68,20.68,20.68,20.68,20.68,20.68,20.68,20.68
3067,20.68,20.68,20.68,20.68,20.68,20.68,20.68,20.68,20.68,20.68
3068,20.68,20.68,20.68,20.68,20.68,20.68,20.68,20.68,20.68,20.68
3069,20.68,20.68,20.68,20.68,20.68,20.68,20.68,20.68,20.68,20.68
3070,20.68,20.68,20.68,20.68,20.68,20.68,20.68,20.68,20.68,20.68
3071,20.68,20.68,20.68,20.68,20.68,20.68,20.68,20.68,20.68,20.68
3072,20.68,20.68,20.68,20.68,20.68,20.68,20.68,20.68,20.68,20.68
3073,20.68,20.68,20.68,20.68,20.68,20.68,20.68,20.68,20.68,20.68
3074,20.68,20.68,20.68,20.68,20.68,20.68,20.68,20.68,20.68,20.68
3075,20.68,20.68,20.68,20.68,20.68,20.68,20.68,20.68,20.68,20.68
3076,20.68,20.68,20.68,20.68,20.68,20.68,20.68,20.68,20.68,20.68
3077,20.68,20.68,20.68,20.68,20.68,20.68,20.68,20.68,20.68,20.68
3078,20.68,20.68,20.68,20.68,20.68,20.68,20.68,20.68,20.68,20.68
3079,20.68,20.68,20.68,20.68,20.68,20.68,20.68,20.68,20.68,20.68
3080,20.68,20.68,20.68,20.68,20.68,20.68,20.68,20.68,20.68,20.68
3081,20.68,20.68,20.68,20.68,20.68,20.68,20.68,20.68,20.68,20.68
3082,20.68,20.68,20.68,20.68,20.68,20.68,20.68,20.68,20.68,20.68
3083,20.68,20.68,20.68,20.68,20.68,20.68,20.68,20.68,20.68,20.68
3084,20.68,20.68,20.68,20.68,20.68,20.68,20.68,20.68,20.68,20.68
3085,20.68,20.68,20.68,20.68,20.68,20.68,20.68,20.68,20.68,20.68
3086,20.68,20.68,20.68,20.68,20.68,20.68,20.68,20.68,20.68,20.68
3087,20.68,20.68,20.68,20.68,20.68,20.68,20.68,20.68,20.68,20.68
3088,20.68,20.68,20.68,20.68,20.68,20.68,20.68,20.68,20.68,20.68
3089,20.68,20.68,20.68,20.68,20.68,20.68,20.68,20.68,20.68,20.68
3090,20.68,20.68,20.68,20.68,20.68,20.68,20.68,20.68,20.68,20.68
3091,20.68,20.68,20.68,20.68,20.68,20.68,20.68,20.68,20.68,20.68
3092,20.68,20.68,20.68,20.68,20.68,20.68,20.68,20.68,20.68,20.68
3093,20.68,20.68,20.68,20.68,20.68,20.68,20.68,20.68,20.68,20.68
3094,20.68,20.68,20.68,20.68,20.68,20.68,20.68,20.68,20.68,20.68
3095,20.68,20.68,20.68,20.68,20.68,20.68,20.68,20.68,20.68,20.68
3096,20.68,20.68,20.68,20.68,20.68,20.68,20.68,20.68,20.68,20.68
3097,20.68,20.68,20.68,20.68,20.68,20.68,20.68,20.68,20.68,20.68
3098,20.68,20.68,20.68,20.68,20.68,20.68,20.68,20.68,20.68,20.68
3099,20.68,20.68,20.68,20.68,20.68,20.68,20.68,20.68,20.68,20.68
3100,20.68,20.68,20.68,20.68,20.68,20.68,20.68,20.68,20.68,20.68
3101,20.68,20.68,20.68,20.68,20.68,20.68,20.68,20.68,20.68,20.68
3102,20.68,20.68,20.68,20.68,20.68,20.68,20.68,20.68,20.68,20.68
3103,20.68,20.68,20.68,20.68,20.68,20.68,20.68,20.68,20.68,20.68
3104,20.68,20.68,20.68,20.68,20.68,20.68,20.68,20.68,20.68,20.68
3105,20.68,20.68,20.68,20.68,20.68,20.68,20.68,20.68,20.68,20.68
3106,20.68,20.68,20.68,20.68,20.68,20.68,20.68,20.68,20.68,20.68
3107,20.68,20.68,20.68,20.68,20.68,20.68,20.68,20.68,20.68,20.68
3108,20.68,20.68,20.68,20.68,20.68,20.68,20.68,20.68,20.68,20.68
3109,20.68,20.68,20.68,20.68,20.68,20.68,20.68,20.68,20.68,20.68
3110,20.68,20.68,20.68,20.68,20.68,20.68,20.68,20.68,20.68,20.68
3111,20.68,20.68,20.68,20.68,20.68,20.68,20.68,20.68,20.68,20.68
3112,20.68,20.68,20.68,20.68,20.68,20.68,20.68,20.68,20.68,20.68
3113,20.68,20.68,20.68,20.68,20.68,20.68,20.68,20.68,20.68,20.68
3114,20.68,20.68,20.68,20.68,20.68,20.68,20.68,20.68,20.68,20.68
3115,20.68,20.68,20.68,20.68,20.68,20.68,20.68,20.68,20.68,20.68
3116,20.68,20.68,20.68,20.68,20.68,20.68,20.68,20.68,20.68,20.68
3117,20.68,20.68,20.68,20.68,20.68,20.68,20.68,20.68,20.68,20.68
3118,20.68,20.68,20.68,20.68,20.68,20.68,20.68,20.68,20.68,20.68
3119,20.68,20.68,20.68,20.68,20.68,20.68,20.68,20.68,20.68,20.68
3120,20.68,20.68,20.68,20.68,20.68,20.68,20.68,20.68,20.68,20.68
3121,20.68,20.68,20.68,20.68,20.68,20.68,20.68,20.68,20.68,20.68
3122,20.68,20.68,20.68,20.68,20.68,20.68,20.68,20.68,20.68,20.68
3123,20.68,20.68,20.68,20.68,20.68,20.68,20.68,20.68,20.68,20.68
3124,20.68,20.68,20.68,20.68,20.68,20.68,20.68,20.68,20.68,20.68
3125,20.68,20.68,20.68,20.68,20.68,20.68,20.68,20.68,20.68,20.68
3126,20.68,20.68,20.68,20.68,20.68,20.68,20.68,20.68,20.68,20.68
3127,20.68,20.68,20.68,20.68,20.68,20.68,20.68,20.68,20.68,20.68
3128,20.68,20.68,20.68,20.68,20.68,20.68,20.68,20.68,20.68,20.68
3129,20.68,20.68,20.68,20.68,20.68,20.68,20.68,20.68,20.68,20.68
3130,20.68,20.68,20.68,20.68,20.68,20.68,20.68,20.68,20.68,20.68
3131,20.68,20.68,20.68,20.68,20.68,20.68,20.68,20.68,20.68,20.68
3132,20.68,20.68,20.68,20.68,20.68,20.68,20.68,20.68,20.68,20.68
3133,20.68,20.68,20.68,20.68,20.68,20.68,20.68,20.68,20.68,20.68
3134,20.68,20.68,20.68,20.68,20.68,20.68,20.68,20.68,20.68,20.68
3135,20.68,20.68,20.68,20.68,20.68,20.68,20.68,20.68,20.68,20.68
3136,20.68,20.68,20.68,20.68,20.68,20.68,20.68,20.68,20.68,20.68
3137,20.68,20.68,20.68,20.68,20.68,20.68,20.68,20.68,20.68,20.68
3138,20.68,20.68,20.68,20.68,20.68,20.68,20.68,20.68,20.68,20.68
3139,20.68,20.68,20.68,20.68,20.68,20.68,20.68,20.68,20.68,20.68
3140,20.68,20.68,20.68,20.68,20.68,20.68,20.68,20.68,20.68,20.68
3141,20.68,20.68,20.68,20.68,20.68,20.68,20.68,20.68,20.68,20.68
3142,20.68,20.68,20.68,20.68,20.68,20.68,20.68,20.68,20.68,20.68
3143,20.68,20.68,20.68,20.68,20.68,20.68,20.68,20.68,20.68,20.68
3144,20.68,20.68,20.68,20.68,20.68,20.68,20.68,20.68,20.68,20.68
3145,20.68,20.68,20.68,20.68,20.68,20.68,20.68,20.68,20.68,20.68
3146,20.68,20.68,20.68,20.68,20.68,20.68,20.68,20.68,20.68,20.68
3147,20.68,20.68,20.68,20.68,20.68,20.68,20.68,20.68,20.68,20.68
3148,20.68,20.68,20.68,20.68,20.68,20.68,20.68,20.68,20.68,20.68
3149,20.68,20.68,20.68,20.68,20.68,20.68,20.68,20.68,20.68,20.68
3150,20.68,20.68,20.68,20.68,20.68,20.68,20.68,20.68,20.68,20.68
3151,20.68,20.68,20.68,20.68,20.68,20.68,20.68,20.68,20.68,20.68
3152,20.68,20.68,20.68,20.68,20.68,20.68,20.68,20.68,20.68,20.68
3153,20.68,20.68,20.68,20.68,20.68,20.68,20.68,20.68,20.68,20.68
3154,20.68,20.68,20.68,20.68,20.68,20.68,20.68,20.68,20.68,20.68
3155,20.68,20.68,20.68,20.68,20.68,20.68,20.68,20.68,20.68,20.68
3156,20.68,20.68,20.68,20.68,20.68,20.68,20.68,20.68,20.68,20.68
3157,20.68,20.68,20.68,20.68,20.68,20.68,20.68,20.68,20.68,20.68
3158,20.68,20.68,20.68,20.68,20.68,20.68,20.68,20.68,20.68,20.68
3159,20.68,20.68,20.68,20.68,20.68,20.68,20.68,20.68,20.68,20.68
3160,20.68,20.68,20.68,20.68,20.68,20.68,20.68,20.68,20.68,20.68
3161,20.68,20.68,20.68,20.68,20.68,20.68,20.68,20.68,20.68,20.68
3162,20.68,20.68,20.68,20.68,20.68,20.68,20.68,20.68,20.68,20.68
3163,20.68,20.68,20.68,20.68,20.68,20.68,20.68,20.68,20.68,20.68
3164,20.68,20.68,20.68,20.68,20.68,20.68,20.68,20.68,20.68,20.68
3165,20.68,20.68,20.68,20.68,20.68,20.68,20.68,20.68,20.68,20.68
3166,20.68,20.68,20.68,20.68,20.68,20.68,20.68,20.68,20.68,20.68
3167,20.68,20.68,20.68,20.68,20.68,20.68,20.68,20.68,20.68,20.68
3168,20.68,20.68,20.68,20.68,20.68,20.68,20.68,20.68,20.68,20.68
3169,20.68,20.68,20.68,20.68,20.68,20.68,20.68,20.68,20.68,20.68
3170,20.68,20.68,20.68,20.68,20.68,20.68,20.68,20.68,20.68,20.68
3171,20.68,20.68,20.68,20.68,20.68,20.68,20.68,20.68,20.68,20.68
3172,20.68,20.68,20.68,20.68,20.68,20.68,20.68,20.68,20.68,20.68
3173,20.68,20.68,20.68,20.68,20.68,20.68,20.68,20.68,20.68,20.68
3174,20.68,20.68,20.68,20.68,20.68,20.68,20.68,20.68,20.68,20.68
3175,20.68,20.68,20.68,20.68,20.68,20.68,20.68,20.68,20.68,20.68
3176,20.68,20.68,20.68,20.68,20.68,20.68,20.68,20.68,20.68,20.68
3177,20.68,20.68,20.68,20.68,20.68,20.68,20.68,20.68,20.68,20.68
3178,20.68,20.68,20.68,20.68,20.68,20.68,20.68,20.68,20.68,20.68
3179,20.68,20.68,20.68,20.68,20.68,20.68,20.68,20.68,20.68,20.68
3180,20.68,20.68,20.68,20.68,20.68,20.68,20.68,20.68,20.68,20.68
3181,20.68,20.68,20.68,20.68,20.68,20.68,20.68,20.68,20.68,20.68
3182,20.68,20.68,20.68,20.68,20.68,20.68,20.68,20.68,20.68,20.68
3183,20.68,20.68,20.68,20.68,20.68,20.68,20.68,20.68,20.68,20.68
3184,20.68,20.68,20.68,20.68,20.68,20.68,20.68,20.68,20.68,20.68
3185,20.68,20.68,20.68,20.68,20.68,20.68,20.68,20.68,20.68,20.68
3186,20.68,20.68,20.68,20.68,20.68,20.68,20.68,20.68,20.68,20.68
3187,20.68,20.68,20.68,20.68,20.68,20.68,20.68,20.68,20.68,20.68
3188,20.68,20.68,20.68,20.68,20.68,20.68,20.68,20.68,20.68,20.68
3189,20.68,20.68,20.68,20.68,20.68,20.68,20.68,20.68,20.68,20.68
3190,20.68,20.68,20.68,20.68,20.68,20.68,20.68,20.68,20.68,20.68
3191,20.68,20.68,20.68,20.68,20.68,20.68,20.68,20.68,20.68,20.68
3192,20.68,20.68,20.68,20.68,20.68,20.68,20.68,20.68,20.68,20.68
3193,20.68,20.68,20.68,20.68,20.68,20.68,20.68,20.68,20.68,20.68
3194,20.68,20.68,20.68,20.68,20.68,20.68,20.68,20.68,20.68,20.68
3195,20.68,20.68,20.68,20.68,20.68,20.68,20.68,20.68,20.68,20.68
3196,20.68,20.68,20.68,20.68,20.68,20.68,20.68,20.68,20.68,20.68
3197,20.68,20.68,20.68,20.68,20.68,20.68,20.68,20.68,20.68,20.68
3198,20.68,20.68,20.68,20.68,20.68,20.68,20.68,20.68,20.68,20.68
3199,20.68,20.68,20.68,20.68,20.68,20.68,20.68,20.68,20.68,20.68
3200,20.68,20.68,20.68,20.68,20.68,20.68,20.68,20.68,20.68,20.68
3201,20.68,20.68,20.68,20.68,20.68,20.68,20.68,20.68,20.68,20.68
3202,20.68,20.68,20.68,20.68,20.68,20.68,20.68,20.68,20.68,20.68
3203,20.68,20.68,20.68,20.68,20.68,20.68,20.68,20.68,20.68,20.68
3204,20.68,20.68,20.68,20.68,20.68,20.68,20.68,20.68,20.68,20.68
3205,20.68,20.68,20.68,20.68,20.68,20.68,20.68,20.68,20.68,20.68
3206,20.68,20.68,20.68,20.68,20.68,20.68,20.68,20.68,20.68,20.68
3207,20.68,20.68,20.68,20.68,20.68,20.68,20.68,20.68,20.68,20.68
3208,20.68,20.68,20.68,20.68,20.68,20.68,20.68,20.68,20.68,20.68
3209,20.68,20.68,20.68,20.68,20.68,20.68,20.68,20.68,20.68,20.68
3210,20.68,20.68,20.68,20.68,20.68,20.68,20.68,20.68,20.68,20.68
3211,20.68,20.68,20.68,20.68,20.68,20.68,20.68,20.68,20.68,20.68
3212,20.68,20.68,20.68,20.68,20.68,20.68,20.68,20.68,20.68,20.68
3213,20.68,20.68,20.68,20.68,20.68,20.68,20.68,20.68,20.68,20.68
3214,20.68,20.68,20.68,20.68,20.68,20.68,20.68,20.68,20.68,20.68
3215,20.68,20.68,20.68,20.68,20.68,20.68,20.68,20.68,20.68,20.68
3216,20.68,20.68,20.68,20.68,20.68,20.68,20.68,20.68,20.68,20.68
3217,20.68,20.68,20.68,20.68,20.68,20.68,20.68,20.68,20.68,20.68
3218,20.68,20.68,20.68,20.68,20.68,20.68,20.68,20.68,20.68,20.68
3219,20.68,20.68,20.68,20.68,20.68,20.68,20.68,20.68,20.68,20.68
3220,20.68,20.68,20.68,20.68,20.68,20.68,20.68,20.68,20.68,20.68
3221,20.68,20.68,20.68,20.68,20.68,20.68,20.68,20.68,20.68,20.68
3222,20.68,20.68,20.68,20.68,20.68,20.68,20.68,20.68,20.68,20.68
3223,20.68,20.68,20.68,20.68,20.68,20.68,20.68,20.68,20.68,20.68
3224,20.68,20.68,20.68,20.68,20.68,20.68,20.68,20.68,20.68,20.68
3225,20.68,20.68,20.68,20.68,20.68,20.68,20.68,20.68,20.68,20.68
3226,20.68,20.68,20.68,20.68,20.68,20.68,20.68,20.68,20.68,20.68
3227,20.68,20.68,20.68,20.68,20.68,20.68,20.68,20.68,20.68,20.68
3228,20.68,20.68,20.68,20.68,20.68,20.68,20.68,20.68,20.68,20.68
3229,20.68,20.68,20.68,20.68,20.68,20.68,20.68,20.68,20.68,20.68
3230,20.68,20.68,20.68,20.68,20.68,20.68,20.68,20.68,20.68,20.68
3231,20.68,20.68,20.68,20.68,20.68,20.68,20.68,20.68,20.68,20.68
3232,20.68,20.68,20.68,20.68,20.68,20.68,20.68,20.68,20.68,20.68
3233,20.68,20.68,20.68,20.68,20.68,20.68,20.68,20.68,20.68,20.68
3234,20.68,20.68,20.68,20.68,20.68,20.68,20.68,20.68,20.68,20.68
3235,20.68,20.68,20.68,20.68,20.68,20.68,20.68,20.68,20.68,20.68
3236,20.68,20.68,20.68,20.68,20.68,20.68,20.68,20.68,20.68,20.68
3237,20.68,20.68,20.68,20.68,20.68,20.68,20.68,20.68,20.68,20.68
3238,20.68,20.68,20.68,20.68,20.68,20.68,20.68,20.68,20.68,20.68
3239,20.68,20.68,20.68,20.68,20.68,20.68,20.68,20.68,20.68,20.68
3240,20.68,20.68,20.68,20.68,20.68,20.68,20.68,20.68,20.68,20.68
3241,20.68,20.68,20.68,20.68,20.68,20.68,20.68,20.68,20.68,20.68
3242,20.68,20.68,20.68,20.68,20.68,20.68,20.68,20.68,20.68,20.68
3243,20.68,20.68,20.68,20.68,20.68,20.68,20.68,20.68,20.68,20.68
3244,20.68,20.68,20.68,20.68,20.68,20.68,20.68,20.68,20.68,20.68
3245,20.68,20.68,20.68,20.68,20.68,20.68,20.68,20.68,20.68,20.68
3246,20.68,20.68,20.68,20.68,20.68,20.68,20.68,20.68,20.68,20.68
3247,20.68,20.68,20.68,20.68,20.68,20.68,20.68,20.68,20.68,20.68
3248,20.68,20.68,20.68,20.68,20.68,20.68,20.68,20.68,20.68,20.68
3249,20.68,20.68,20.68,20.68,20.68,20.68,20.68,20.68,20.68,20.68
3250,20.68,20.68,20.68,20.68,20.68,20.68,20.68,20.68,20.68,20.68
3251,20.68,20.68,20.68,20.68,20.68,20.68,20.68,20.68,20.68,20.68
3252,20.68,20.68,20.68,20.68,20.68,20.68,20.68,20.68,20.68,20.68
3253,20.68,20.68,20.68,20.68,20.68,20.68,20.68,20.68,20.68,20.68
3254,20.68,20.68,20.68,20.68,20.68,20.68,20.68,20.68,20.68,20.68
3255,20.68,20.68,20.68,20.68,20.68,20.68,20.68,20.68,20.68,20.68
3256,20.68,20.68,20.68,20.68,20.68,20.68,20.68,20.68,20.68,20.68
3257,20.68,20.68,20.68,20.68,20.68,20.68,20.68,20.68,20.68,20.68
3258,20.68,20.68,20.68,20.68,20.68,20.68,20.68,20.68,20.68,20.68
3259,20.68,20.68,20.68,20.68,20.68,20.68,20.68,20.68,20.68,20.68
3260,20.68,20.68,20.68,20.68,20.68,20.68,20.68,20.68,20.68,20.68
3261,20.68,20.68,20.68,20.68,20.68,20.68,20.68,20.68,20.68,20.68
3262,20.68,20.68,20.68,20.68,20.68,20.68,20.68,20.68,20.68,20.68
3263,20.68,20.68,20.68,20.68,20.68,20.68,20.68,20.68,20.68,20.68
3264,20.68,20.68,20.68,20.68,20.68,20.68,20.68,20.68,20.68,20.68
3265,20.68,20.68,20.68,20.68,20.68,20.68,20.68,20.68,20.68,20.68
3266,20.68,20.68,20.68,20.68,20.68,20.68,20.68,20.68,20.68,20.68
3267,20.68,20.68,20.68,20.68,20.68,20.68,20.68,20.68,20.68,20.68
3268,20.68,20.68,20.68,20.68,20.68,20.68,20.68,20.68,20.68,20.68
3269,20.68,20.68,20.68,20.68,20.68,20.68,20.68,20.68,20.68,20.68
3270,20.68,20.68,20.68,20.68,20.68,20.68,20.68,20.68,20.68,20.68
3271,20.68,20.68,20.68,20.68,20.68,20.68,20.68,20.68,20.68,20.68
3272,20.68,20.68,20.68,20.68,20.68,20.68,20.68,20.68,20.68,20.68
3273,20.68,20.68,20.68,20.68,20.68,20.68,20.68,20.68,20.68,20.68
3274,20.68,20.68,20.68,20.68,20.68,20.68,20.68,20.68,20.68,20.68
3275,20.68,20.68,20.68,20.68,20.68,20.68,20.68,20.68,20.68,20.68
3276,20.68,20.68,20.68,20.68,20.68,20.68,20.68,20.68,20.68,20.68
3277,20.68,20.68,20.68,20.68,20.68,20.68,20.68,20.68,20.68,20.68
3278,20.68,20.68,20.68,20.68,20.68,20.68,20.68,20.68,20.68,20.68
3279,20.68,20.68,20.68,20.68,20.68,20.68,20.68,20.68,20.68,20.68
3280,20.68,20.68,20.68,20.68,20.68,20.68,20.68,20.68,20.68,20.68
3281,20.68,20.68,20.68,20.68,20.68,20.68,20.68,20.68,20.68,20.68
3282,20.68,20.68,20.68,20.68,20.68,20.68,20.68,20.68,20.68,20.68
3283,20.68,20.68,20.68,20.68,20.68,20.68,20.68,20.68,20.68,20.68
3284,20.68,20.68,20.68,20.68,20.68,20.68,20.68,20.68,20.68,20.68
3285,20.68,20.68,20.68,20.68,20.68,20.68,20.68,20.68,20.68,20.68
3286,20.68,20.68,20.68,20.68,20.68,20.68,20.68,20.68,20.68,20.68
3287,20.68,20.68,20.68,20.68,20.68,20.68,20.68,20.68,20.68,20.68
3288,20.68,20.68,20.68,20.68,20.68,20.68,20.68,20.68,20.68,20.68
3289,20.68,20.68,20.68,20.68,20.68,20.68,20.68,20.68,20.68,20.68
3290,20.68,20.68,20.68,20.68,20.68,20.68,20.68,20.68,20.68,20.68
3291,20.68,20.68,20.68,20.68,20.68,20.68,20.68,20.68,20.68,20.68
3292,20.68,20.68,20.68,20.68,20.68,20.68,20.68,20.68,20.68,20.68
3293,20.68,20.68,20.68,20.68,20.68,20.68,20.68,20.68,20.68,20.68
3294,20.68,20.68,20.68,20.68,20.68,20.68,20.68,20.68,20.68,20.68
3295,20.68,20.68,20.68,20.68,20.68,20.68,20.68,20.68,20.68,20.68
3296,20.68,20.68,20.68,20.68,20.68,20.68,20.68,20.68,20.68,20.68
3297,20.68,20.68,20.68,20.68,20.68,20.68,20.68,20.68,20.68,20.68
3298,20.68,20.68,20.68,20.68,20.68,20.68,20.68,20.68,20.68,20.68
3299,20.68,20.68,20.68,20.68,20.68,20.68,20.68,20.68,20.68,20.68
3300,20.68,20.68,20.68,20.68,20.68,20.68,20.68,20.68,20.68,20.68
3301,20.68,20.68,20.68,20.68,20.68,20.68,20.68,20.68,20.68,20.68
3302,20.68,20.68,20.68,20.68,20.68,20.68,20.68,20.68,20.68,20.68
3303,20.68,20.68,20.68,20.68,20.68,20.68,20.68,20.68,20.68,20.68
3304,20.68,20.68,20.68,20.68,20.68,20.68,20.68,20.68,20.68,20.68
3305,20.68,20.68,20.68,20.68,20.68,20.68,20.68,20.68,20.68,20.68
3306,20.68,20.68,20.68,20.68,20.68,20.68,20.68,20.68,20.68,20.68
3307,20.68,20.68,20.68,20.68,20.68,20.68,20.68,20.68,20.68,20.68
3308,20.68,20.68,20.68,20.68,20.68,20.68,20.68,20.68,20.68,20.68
3309,20.68,20.68,20.68,20.68,20.68,20.68,20.68,20.68,20.68,20.68
3310,20.68,20.68,20.68,20.68,20.68,20.68,20.68,20.68,20.68,20.68
3311,20.68,20.68,20.68,20.68,20.68,20.68,20.68,20.68,20.68,20.68
3312,20.68,20.68,20.68,20.68,20.68,20.68,20.68,20.68,20.68,20.68
3313,20.68,20.68,20.68,20.68,20.68,20.68,20.68,20.68,20.68,20.68
3314,20.68,20.68,20.68,20.68,20.68,20.68,20.68,20.68,20.68,20.68
3315,20.68,20.68,20.68,20.68,20.68,20.68,20.68,20.68,20.68,20.68
3316,20.68,20.68,20.68,20.68,20.68,20.68,20.68,20.68,20.68,20.68
3317,20.68,20.68,20.68,20.68,20.68,20.68,20.68,20.68,20.68,20.68
3318,20.68,20.68,20.68,20.68,20.68,20.68,20.68,20.68,20.68,20.68
3319,20.68,20.68,20.68,20.68,20.68,20.68,20.68,20.68,20.68,20.68
3320,20.68,20.68,20.68,20.68,20.68,20.68,20.68,20.68,20.68,20.68
3321,20.68,20.68,20.68,20.68,20.68,20.68,20.68,20.68,20.68,20.68
3322,20.68,20.68,20.68,20.68,20.68,20.68,20.68,20.68,20.68,20.68
3323,20.68,20.68,20.68,20.68,20.68,20.68,20.68,20.68,20.68,20.68
3324,20.68,20.68,20.68,20.68,20.68,20.68,20.68,20.68,20.68,20.68
3325,20.68,20.68,20.68,20.68,20.68,20.68,20.68,20.68,20.68,20.68
3326,20.68,20.68,20.68,20.68,20.68,20.68,20.68,20.68,20.68,20.68
3327,20.68,20.68,20.68,20.68,20.68,20.68,20.68,20.68,20.68,20.68
3328,20.68,20.68,20.68,20.68,20.68,20.68,20.68,20.68,20.68,20.68
3329,20.68,20.68,20.68,20.68,20.68,20.68,20.68,20.68,20.68,20.68
3330,20.68,20.68,20.68,20.68,20.68,20.68,20.68,20.68,20.68,20.68
3331,20.68,20.68,20.68,20.68,20.68,20.68,20.68,20.68,20.68,20.68
3332,20.68,20.68,20.68,20.68,20.68,20.68,20.68,20.68,20.68,20.68
3333,20.68,20.68,20.68,20.68,20.68,20.68,20.68,20.68,20.68,20.68
3334,20.68,20.68,20.68,20.68,20.68,20.68,20.68,20.68,20.68,20.68
3335,20.68,20.68,20.68,20.68,20.68,20.68,20.68,20.68,20.68,20.68
3336,20.68,20.68,20.68,20.68,20.68,20.68,20.68,20.68,20.68,20.68
3337,20.68,20.68,20.68,20.68,20.68,20.68,20.68,20.68,20.68,20.68
3338,20.68,20.68,20.68,20.68,20.68,20.68,20.68,20.68,20.68,20.68
3339,20.68,20.68,20.68,20.68,20.68,20.68,20.68,20.68,20.68,20.68
3340,20.68,20.68,20.68,20.68,20.68,20.68,20.68,20.68,20.68,20.68
3341,20.68,20.68,20.68,20.68,20.68,20.68,20.68,20.68,20.68,20.68
3342,20.68,20.68,20.68,20.68,20.68,20.68,20.68,20.68,20.68,20.68
3343,20.68,20.68,20.68,20.68,20.68,20.68,20.68,20.68,20.68,20.68
3344,20.68,20.68,20.68,20.68,20.68,20.68,20.68,20.68,20.68,20.68
3345,20.68,20.68,20.68,20.68,20.68,20.68,20.68,20.68,20.68,20.68
3346,20.68,20.68,20.68,20.68,20.68,20.68,20.68,20.68,20.68,20.68
3347,20.68,20.68,20.68,20.68,20.68,20.68,20.68,20.68,20.68,20.68
3348,20.68,20.68,20.68,20.68,20.68,20.68,20.68,20.68,20.68,20.68
3349,20.68,20.68,20.68,20.68,20.68,20.68,20.68,20.68,20.68,20.68
3350,20.68,20.68,20.68,20.68,20.68,20.68,20.68,20.68,20.68,20.68
3351,20.68,20.68,20.68,20.68,20.68,20.68,20.68,20.68,20.68,20.68
3352,20.68,20.68,20.68,20.68,20.68,20.68,20.68,20.68,20.68,20.68
3353,20.68,20.68,20.68,20.68,20.68,20.68,20.68,20.68,20.68,20.68
3354,20.68,20.68,20.68,20.68,20.68,20.68,20.68,20.68,20.68,20.68
3355,20.68,20.68,20.68,20.68,20.68,20.68,20.68,20.68,20.68,20.68
3356,20.68,20.68,20.68,20.68,20.68,20.68,20.68,20.68,20.68,20.68
3357,20.68,20.68,20.68,20.68,20.68,20.68,20.68,20.68,20.68,20.68
3358,20.68,20.68,20.68,20.68,20.68,20.68,20.68,20.68,20.68,20.68
3359,20.68,20.68,20.68,20.68,20.68,20.68,20.68,20.68,20.68,20.68
3360,20.68,20.68,20.68,20.68,20.68,20.68,20.68,20.68,20.68,20.68
3361,20.68,20.68,20.68,20.68,20.68,20.68,20.68,20.68,20.68,20.68
3362,20.68,20.68,20.68,20.68,20.68,20.68,20.68,20.68,20.68,20.68
3363,20.68,20.68,20.68,20.68,20.68,20.68,20.68,20.68,20.68,20.68
3364,20.68,20.68,20.68,20.68,20.68,20.68,20.68,20.68,20.68,20.68
3365,20.68,20.68,20.68,20.68,20.68,20.68,20.68,20.68,20.68,20.68
3366,20.68,20.68,20.68,20.68,20.68,20.68,20.68,20.68,20.68,20.68
3367,20.68,20.68,20.68,20.68,20.68,20.68,20.68,20.68,20.68,20.68
3368,20.68,20.68,20.68,20.68,20.68,20.68,20.68,20.68,20.68,20.68
3369,20.68,20.68,20.68,20.68,20.68,20.68,20.68,20.68,20.68,20.68
3370,20.68,20.68,20.68,20.68,20.68,20.68,20.68,20.68,20.68,20.68
3371,20.68,20.68,20.68,20.68,20.68,20.68,20.68,20.68,20.68,20.68
3372,20.68,20.68,20.68,20.68,20.68,20.68,20.68,20.68,20.68,20.68
3373,20.68,20.68,20.68,20.68,20.68,20.68,20.68,20.68,20.68,20.68
3374,20.68,20.68,20.68,20.68,20.68,20.68,20.68,20.68,20.68,20.68
3375,20.68,20.68,20.68,20.68,20.68,20.68,20.68,20.68,20.68,20.68
3376,20.68,20.68,20.68,20.68,20.68,20.68,20.68,20.68,20.68,20.68
3377,20.68,20.68,20.68,20.68,20.68,20.68,20.68,20.68,20.68,20.68
3378,20.68,20.68,20.68,20.68,20.68,20.68,20.68,20.68,20.68,20.68
3379,20.68,20.68,20.68,20.68,20.68,20.68,20.68,20.68,20.68,20.68
3380,20.68,20.68,20.68,20.68,20.68,20.68,20.68,20.68,20.68,20.68
3381,20.68,20.68,20.68,20.68,20.68,20.68,20.68,20.68,20.68,20.68
3382,20.68,20.68,20.68,20.68,20.68,20.68,20.68,20.68,20.68,20.68
3383,20.68,20.68,20.68,20.68,20.68,20.68,20.68,20.68,20.68,20.68
3384,20.68,20.68,20.68,20.68,20.68,20.68,20.68,20.68,20.68,20.68
3385,20.68,20.68,20.68,20.68,20.68,20.68,20.68,20.68,20.68,20.68
3386,20.68,20.68,20.68,20.68,20.68,20.68,20.68,20.68,20.68,20.68
3387,20.68,20.68,20.68,20.68,20.68,20.68,20.68,20.68,20.68,20.68
3388,20.68,20.68,20.68,20.68,20.68,20.68,20.68,20.68,20.68,20.68
3389,20.68,20.68,20.68,20.68,20.68,20.68,20.68,20.68,20.68,20.68
3390,20.68,20.68,20.68,20.68,20.68,20.68,20.68,20.68,20.68,20.68
3391,20.68,20.68,20.68,20.68,20.68,20.68,20.68,20.68,20.68,20.68
3392,20.68,20.68,20.68,20.68,20.68,20.68,20.68,20.68,20.68,20.68
3393,20.68,20.68,20.68,20.68,20.68,20.68,20.68,20.68,20.68,20.68
3394,20.68,20.68,20.68,20.68,20.68,20.68,20.68,20.68,20.68,20.68
3395,20.68,20.68,20.68,20.68,20.68,20.68,20.68,20.68,20.68,20.68
3396,20.68,20.68,20.68,20.68,20.68,20.68,20.68,20.68,20.68,20.68
3397,20.68,20.68,20.68,20.68,20.68,20.68,20.68,20.68,20.68,20.68
3398,20.68,20.68,20.68,20.68,20.68,20.68,20.68,20.68,20.68,20.68
3399,20.68,20.68,20.68,20.68,20.68,20.68,20.68,20.68,20.68,20.68
3400,20.68,20.68,20.68,20.68,20.68,20.68,20.68,20.68,20.68,20.68
3401,20.68,20.68,20.68,20.68,20.68,20.68,20.68,20.68,20.68,20.68
3402,20.68,20.68,20.68,20.68,20.68,20.68,20.68,20.68,20.68,20.68
3403,20.68,20.68,20.68,20.68,20.68,20.68,20.68,20.68,20.68,20.68
3404,20.68,20.68,20.68,20.68,20.68,20.68,20.68,20.68,20.68,20.68
3405,20.68,20.68,20.68,20.68,20.68,20.68,20.68,20.68,20.68,20.68
3406,20.68,20.68,20.68,20.68,20.68,20.68,20.68,20.68,20.68,20.68
3407,20.68,20.68,20.68,20.68,20.68,20.68,20.68,20.68,20.68,20.68
3408,20.68,20.68,20.68,20.68,20.68,20.68,20.68,20.68,20.68,20.68
3409,20.68,20.68,20.68,20.68,20.68,20.68,20.68,20.68,20.68,20.68
3410,20.68,20.68,20.68,20.68,20.68,20.68,20.68,20.68,20.68,20.68
3411,20.68,20.68,20.68,20.68,20.68,20.68,20.68,20.68,20.68,20.68
3412,20.68,20.68,20.68,20.68,20.68,20.68,20.68,20.68,20.68,20.68
3413,20.68,20.68,20.68,20.68,20.68,20.68,20.68,20.68,20.68,20.68
3414,20.68,20.68,20.68,20.68,20.68,20.68,20.68,20.68,20.68,20.68
3415,20.68,20.68,20.68,20.68,20.68,20.68,20.68,20.68,20.68,20.68
3416,20.68,20.68,20.68,20.68,20.68,20.68,20.68,20.68,20.68,20.68
3417,20.68,20.68,20.68,20.68,20.68,20.68,20.68,20.68,20.68,20.68
3418,20.68,20.68,20.68,20.68,20.68,20.68,20.68,20.68,20.68,20.68
3419,20.68,20.68,20.68,20.68,20.68,20.68,20.68,20.68,20.68,20.68
3420,20.68,20.68,20.68,20.68,20.68,20.68,20.68,20.68,20.68,20.68
3421,20.68,20.68,20.68,20.68,20.68,20.68,20.68,20.68,20.68,20.68
3422,20.68,20.68,20.68,20.68,20.68,20.68,20.68,20.68,20.68,20.68
3423,20.68,20.68,20.68,20.68,20.68,20.68,20.68,20.68,20.68,20.68
3424,20.68,20.68,20.68,20.68,20.68,20.68,20.68,20.68,20.68,20.68
3425,20.68,20.68,20.68,20.68,20.68,20.68,20.68,20.68,20.68,20.68
3426,20.68,20.68,20.68,20.68,20.68,20.68,20.68,20.68,20.68,20.68
3427,20.68,20.68,20.68,20.68,20.68,20.68,20.68,20.68,20.68,20.68
3428,20.68,20.68,20.68,20.68,20.68,20.68,20.68,20.68,20.68,20.68
3429,20.68,20.68,20.68,20.68,20.68,20.68,20.68,20.68,20.68,20.68
3430,20.68,20.68,20.68,20.68,20.68,20.68,20.68,20.68,20.68,20.68
3431,20.68,20.68,20.68,20.68,20.68,20.68,20.68,20.68,20.68,20.68
3432,20.68,20.68,20.68,20.68,20.68,20.68,20.68,20.68,20.68,20.68
3433,20.68,20.68,20.68,20.68,20.68,20.68,20.68,20.68,20.68,20.68
3434,20.68,20.68,20.68,20.68,20.68,20.68,20.68,20.68,20.68,20.68
3435,20.68,20.68,20.68,20.68,20.68,20.68,20.68,20.68,20.68,20.68
3436,20.68,20.68,20.68,20.68,20.68,20.68,20.68,20.68,20.68,20.68
3437,20.68,20.68,20.68,20.68,20.68,20.68,20.68,20.68,20.68,20.68
3438,20.68,20.68,20.68,20.68,20.68,20.68,20.68,20.68,20.68,20.68
3439,20.68,20.68,20.68,20.68,20.68,20.68,20.68,20.68,20.68,20.68
3440,20.68,20.68,20.68,20.68,20.68,20.68,20.68,20.68,20.68,20.68
3441,20.68,20.68,20.68,20.68,20.68,20.68,20.68,20.68,20.68,20.68
3442,20.68,20.68,20.68,20.68,20.68,20.68,20.68,20.68,20.68,20.68
3443,20.68,20.68,20.68,20.68,20.68,20.68,20.68,20.68,20.68,20.68
3444,20.68,20.68,20.68,20.68,20.68,20.68,20.68,20.68,20.68,20.68
3445,20.68,20.68,20.68,20.68,20.68,20.68,20.68,20.68,20.68,20.68
3446,20.68,20.68,20.68,20.68,20.68,20.68,20.68,20.68,20.68,20.68
3447,20.68,20.68,20.68,20.68,20.68,20.68,20.68,20.68,20.68,20.68
3448,20.68,20.68,20.68,20.68,20.68,20.68,20.68,20.68,20.68,20.68
3449,20.68,20.68,20.68,20.68,20.68,20.68,20.68,20.68,20.68,20.68
3450,20.68,20.68,20.68,20.68,20.68,20.68,20.68,20.68,20.68,20.68
3451,20.68,20.68,20.68,20.68,20.68,20.68,20.68,20.68,20.68,20.68
3452,20.68,20.68,20.68,20.68,20.68,20.68,20.68,20.68,20.68,20.68
3453,20.68,20.68,20.68,20.68,20.68,20.68,20.68,20.68,20.68,20.68
3454,20.68,20.68,20.68,20.68,20.68,20.68,20.68,20.68,20.68,20.68
3455,20.68,20.68,20.68,20.68,20.68,20.68,20.68,20.68,20.68,20.68
3456,20.68,20.68,20.68,20.68,20.68,20.68,20.68,20.68,20.68,20.68
3457,20.68,20.68,20.68,20.68,20.68,20.68,20.68,20.68,20.68,20.68
3458,20.68,20.68,20.68,20.68,20.68,20.68,20.68,20.68,20.68,20.68
3459,20.68,20.68,20.68,20.68,20.68,20.68,20.68,20.68,20.68,20.68
3460,20.68,20.68,20.68,20.68,20.68,20.68,20.68,20.68,20.68,20.68
3461,20.68,20.68,20.68,20.68,20.68,20.68,20.68,20.68,20.68,20.68
3462,20.68,20.68,20.68,20.68,20.68,20.68,20.68,20.68,20.68,20.68
3463,20.68,20.68,20.68,20.68,20.68,20.68,20.68,20.68,20.68,20.68
3464,20.68,20.68,20.68,20.68,20.68,20.68,20.68,20.68,20.68,20.68
3465,20.68,20.68,20.68,20.68,20.68,20.68,20.68,20.68,20.68,20.68
3466,20.68,20.68,20.68,20.68,20.68,20.68,20.68,20.68,20.68,20.68
3467,20.68,20.68,20.68,20.68,20.68,20.68,20.68,20.68,20.68,20.68
3468,20.68,20.68,20.68,20.68,20.68,20.68,20.68,20.68,20.68,20.68
3469,20.68,20.68,20.68,20.68,20.68,20.68,20.68,20.68,20.68,20.68
3470,20.68,20.68,20.68,20.68,20.68,20.68,20.68,20.68,20.68,20.68
3471,20.68,20.68,20.68,20.68,20.68,20.68,20.68,20.68,20.68,20.68
3472,20.68,20.68,20.68,20.68,20.68,20.68,20.68,20.68,20.68,20.68
3473,20.68,20.68,20.68,20.68,20.68,20.68,20.68,20.68,20.68,20.68
3474,20.68,20.68,20.68,20.68,20.68,20.68,20.68,20.68,20.68,20.68
3475,20.68,20.68,20.68,20.68,20.68,20.68,20.68,20.68,20.68,20.68
3476,20.68,20.68,20.68,20.68,20.68,20.68,20.68,20.68,20.68,20.68
3477,20.68,20.68,20.68,20.68,20.68,20.68,20.68,20.68,20.68,20.68
3478,20.68,20.68,20.68,20.68,20.68,20.68,20.68,20.68,20.68,20.68
3479,20.68,20.68,20.68,20.68,20.68,20.68,20.68,20.68,20.68,20.68
3480,20.68,20.68,20.68,20.68,20.68,20.68,20.68,20.68,20.68,20.68
3481,20.68,20.68,20.68,20.68,20.68,20.68,20.68,20.68,20.68,20.68
3482,20.68,20.68,20.68,20.68,20.68,20.68,20.68,20.68,20.68,20.68
3483,20.68,20.68,20.68,20.68,20.68,20.68,20.68,20.68,20.68,20.68
3484,20.68,20.68,20.68,20.68,20.68,20.68,20.68,20.68,20.68,20.68
3485,20.68,20.68,20.68,20.68,20.68,20.68,20.68,20.68,20.68,20.68
3486,20.68,20.68,20.68,20.68,20.68,20.68,20.68,20.68,20.68,20.68
3487,20.68,20.68,20.68,20.68,20.68,20.68,20.68,20.68,20.68,20.68
3488,20.68,20.68,20.68,20.68,20.68,20.68,20.68,20.68,20.68,20.68
3489,20.68,20.68,20.68,20.68,20.68,20.68,20.68,20.68,20.68,20.68
3490,20.68,20.68,20.68,20.68,20.68,20.68,20.68,20.68,20.68,20.68
3491,20.68,20.68,20.68,20.68,20.68,20.68,20.68,20.68,20.68,20.68
3492,20.68,20.68,20.68,20.68,20.68,20.68,20.68,20.68,20.68,20.68
3493,20.68,20.68,20.68,20.68,20.68,20.68,20.68,20.68,20.68,20.68
3494,20.68,20.68,20.68,20.68,20.68,20.68,20.68,20.68,20.68,20.68
3495,20.68,20.68,20.68,20.68,20.68,20.68,20.68,20.68,20.68,20.68
3496,20.68,20.68,20.68,20.68,20.68,20.68,20.68,20.68,20.68,20.68
3497,20.68,20.68,20.68,20.68,20.68,20.68,20.68,20.68,20.68,20.68
3498,20.68,20.68,20.68,20.68,20.68,20.68,20.68,20.68,20.68,20.68
3499,20.68,20.68,20.68,20.68,20.68,20.68,20.68,20.68,20.68,20.68
3500,20.68,20.68,20.68,20.68,20.68,20.68,20.68,20.68,20.68,20.68
3501,20.68,20.68,20.68,20.68,20.68,20.68,20.68,20.68,20.68,20.68
3502,20.68,20.68,20.68,20.68,20.68,20.68,20.68,20.68,20.68,20.68
3503,20.68,20.68,20.68,20.68,20.68,20.68,20.68,20.68,20.68,20.68
3504,20.68,20.68,20.68,20.68,20.68,20.68,20.68,20.68,20.68,20.68
3505,20.68,20.68,20.68,20.68,20.68,20.68,20.68,20.68,20.68,20.68
3506,20.68,20.68,20.68,20.68,20.68,20.68,20.68,20.68,20.68,20.68
3507,20.68,20.68,20.68,20.68,20.68,20.68,20.68,20.68,20.68,20.68
3508,20.68,20.68,20.68,20.68,20.68,20.68,20.68,20.68,20.68,20.68
3509,20.68,20.68,20.68,20.68,20.68,20.68,20.68,20.68,20.68,20.68
3510,20.68,20.68,20.68,20.68,20.68,20.68,20.68,20.68,20.68,20.68
3511,20.68,20.68,20.68,20.68,20.68,20.68,20.68,20.68,20.68,20.68
3512,20.68,20.68,20.68,20.68,20.68,20.68,20.68,20.68,20.68,20.68
3513,20.68,20.68,20.68,20.68,20.68,20.68,20.68,20.68,20.68,20.68
3514,20.68,20.68,20.68,20.68,20.68,20.68,20.68,20.68,20.68,20.68
3515,20.68,20.68,20.68,20.68,20.68,20.68,20.68,20.68,20.68,20.68
3516,20.68,20.68,20.68,20.68,20.68,20.68,20.68,20.68,20.68,20.68
3517,20.68,20.68,20.68,20.68,20.68,20.68,20.68,20.68,20.68,20.68
3518,20.68,20.68,20.68,20.68,20.68,20.68,20.68,20.68,20.68,20.68
3519,20.68,20.68,20.68,20.68,20.68,20.68,20.68,20.68,20.68,20.68
3520,20.68,20.68,20.68,20.68,20.68,20.68,20.68,20.68,20.68,20.68
3521,20.68,20.68,20.68,20.68,20.68,20.68,20.68,20.68,20.68,20.68
3522,20.68,20.68,20.68,20.68,20.68,20.68,20.68,20.68,20.68,20.68
3523,20.68,20.68,20.68,20.68,20.68,20.68,20.68,20.68,20.68,20.68
3524,20.68,20.68,20.68,20.68,20.68,20.68,20.68,20.68,20.68,20.68
3525,20.68,20.68,20.68,20.68,20.68,20.68,20.68,20.68,20.68,20.68
3526,20.68,20.68,20.68,20.68,20.68,20.68,20.68,20.68,20.68,20.68
3527,20.68,20.68,20.68,20.68,20.68,20.68,20.68,20.68,20.68,20.68
3528,20.68,20.68,20.68,20.68,20.68,20.68,20.68,20.68,20.68,20.68
3529,20.68,20.68,20.68,20.68,20.68,20.68,20.68,20.68,20.68,20.68
3530,20.68,20.68,20.68,20.68,20.68,20.68,20.68,20.68,20.68,20.68
3531,20.68,20.68,20.68,20.68,20.68,20.68,20.68,20.68,20.68,20.68
3532,20.68,20.68,20.68,20.68,20.68,20.68,20.68,20.68,20.68,20.68
3533,20.68,20.68,20.68,20.68,20.68,20.68,20.68,20.68,20.68,20.68
3534,20.68,20.68,20.68,20.68,20.68,20.68,20.68,20.68,20.68,20.68
3535,20.68,20.68,20.68,20.68,20.68,20.68,20.68,20.68,20.68,20.68
3536,20.68,20.68,20.68,20.68,20.68,20.68,20.68,20.68,20.68,20.68
3537,20.68,20.68,20.68,20.68,20.68,20.68,20.68,20.68,20.68,20.68
3538,20.68,20.68,20.68,20.68,20.68,20.68,20.68,20.68,20.68,20.68
3539,20.68,20.68,20.68,20.68,20.68,20.68,20.68,20.68,20.68,20.68
3540,20.68,20.68,20.68,20.68,20.68,20.68,20.68,20.68,20.68,20.68
3541,20.68,20.68,20.68,20.68,20.68,20.68,20.68,20.68,20.68,20.68
3542,20.68,20.68,20.68,20.68,20.68,20.68,20.68,20.68,20.68,20.68
3543,20.68,20.68,20.68,20.68,20.68,20.68,20.68,20.68,20.68,20.68
3544,20.68,20.68,20.68,20.68,20.68,20.68,20.68,20.68,20.68,20.68
3545,20.68,20.68,20.68,20.68,20.68,20.68,20.68,20.68,20.68,20.68
3546,20.68,20.68,20.68,20.68,20.68,20.68,20.68,20.68,20.68,20.68
3547,20.68,20.68,20.68,20.68,20.68,20.68,20.68,20.68,20.68,20.68
3548,20.68,20.68,20.68,20.68,20.68,20.68,20.68,20.68,20.68,20.68
3549,20.68,20.68,20.68,20.68,20.68,20.68,20.68,20.68,20.68,20.68
3550,20.68,20.68,20.68,20.68,20.68,20.68,20.68,20.68,20.68,20.68
3551,20.68,20.68,20.68,20.68,20.68,20.68,20.68,20.68,20.68,20.68
3552,20.68,20.68,20.68,20.68,20.68,20.68,20.68,20.68,20.68,20.68
3553,20.68,20.68,20.68,20.68,20.68,20.68,20.68,20.68,20.68,20.68
3554,20.68,20.68,20.68,20.68,20.68,20.68,20.68,20.68,20.68,20.68
3555,20.68,20.68,20.68,20.68,20.68,20.68,20.68,20.68,20.68,20.68
3556,20.68,20.68,20.68,20.68,20.68,20.68,20.68,20.68,20.68,20.68
3557,20.68,20.68,20.68,20.68,20.68,20.68,20.68,20.68,20.68,20.68
3558,20.68,20.68,20.68,20.68,20.68,20.68,20.68,20.68,20.68,20.68
3559,20.68,20.68,20.68,20.68,20.68,20.68,20.68,20.68,20.68,20.68
3560,20.68,20.68,20.68,20.68,20.68,20.68,20.68,20.68,20.68,20.68
3561,20.68,20.68,20.68,20.68,20.68,20.68,20.68,20.68,20.68,20.68
3562,20.68,20.68,20.68,20.68,20.68,20.68,20.68,20.68,20.68,20.68
3563,20.68,20.68,20.68,20.68,20.68,20.68,20.68,20.68,20.68,20.68
3564,20.68,20.68,20.68,20.68,20.68,20.68,20.68,20.68,20.68,20.68
3565,20.68,20.68,20.68,20.68,20.68,20.68,20.68,20.68,20.68,20.68
3566,20.68,20.68,20.68,20.68,20.68,20.68,20.68,20.68,20.68,20.68
3567,20.68,20.68,20.68,20.68,20.68,20.68,20.68,20.68,20.68,20.68
3568,20.68,20.68,20.68,20.68,20.68,20.68,20.68,20.68,20.68,20.68
3569,20.68,20.68,20.68,20.68,20.68,20.68,20.68,20.68,20.68,20.68
3570,20.68,20.68,20.68,20.68,20.68,20.68,20.68,20.68,20.68,20.68
3571,20.68,20.68,20.68,20.68,20.68,20.68,20.68,20.68,20.68,20.68
3572,20.68,20.68,20.68,20.68,20.68,20.68,20.68,20.68,20.68,20.68
3573,20.68,20.68,20.68,20.68,20.68,20.68,20.68,20.68,20.68,20.68
3574,20.68,20.68,20.68,20.68,20.68,20.68,20.68,20.68,20.68,20.68
3575,20.68,20.68,20.68,20.68,20.68,20.68,20.68,20.68,20.68,20.68
3576,20.68,20.68,20.68,20.68,20.68,20.68,20.68,20.68,20.68,20.68
3577,20.68,20.68,20.68,20.68,20.68,20.68,20.68,20.68,20.68,20.68
3578,20.68,20.68,20.68,20.68,20.68,20.68,20.68,20.68,20.68,20.68
3579,20.68,20.68,20.68,20.68,20.68,20.68,20.68,20.68,20.68,20.68
3580,20.68,20.68,20.68,20.68,20.68,20.68,20.68,20.68,20.68,20.68
3581,20.68,20.68,20.68,20.68,20.68,20.68,20.68,20.68,20.68,20.68
3582,20.68,20.68,20.68,20.68,20.68,20.68,20.68,20.68,20.68,20.68
3583,20.68,20.68,20.68,20.68,20.68,20.68,20.68,20.68,20.68,20.68
3584,20.68,20.68,20.68,20.68,20.68,20.68,20.68,20.68,20.68,20.68
3585,20.68,20.68,20.68,20.68,20.68,20.68,20.68,20.68,20.68,20.68
3586,20.68,20.68,20.68,20.68,20.68,20.68,20.68,20.68,20.68,20.68
3587,20.68,20.68,20.68,20.68,20.68,20.68,20.68,20.68,20.68,20.68
3588,20.68,20.68,20.68,20.68,20.68,20.68,20.68,20.68,20.68,20.68
3589,20.68,20.68,20.68,20.68,20.68,20.68,20.68,20.68,20.68,20.68
3590,20.68,20.68,20.68,20.68,20.68,20.68,20.68,20.68,20.68,20.68
3591,20.68,20.68,20.68,20.68,20.68,20.68,20.68,20.68,20.68,20.68
3592,20.68,20.68,20.68,20.68,20.68,20.68,20.68,20.68,20.68,20.68
3593,20.68,20.68,20.68,20.68,20.68,20.68,20.68,20.68,20.68,20.68
3594,20.68,20.68,20.68,20.68,20.68,20.68,20.68,20.68,20.68,20.68
3595,20.68,20.68,20.68,20.68,20.68,20.68,20.68,20.68,20.68,20.68
3596,20.68,20.68,20.68,20.68,20.68,20.68,20.68,20.68,20.68,20.68
3597,20.68,20.68,20.68,20.68,20.68,20.68,20.68,20.68,20.68,20.68
3598,20.68,20.68,20.68,20.68,20.68,20.68,20.68,20.68,20.68,20.68
3599,20.68,20.68,20.68,20.68,20.68,20.68,20.68,20.68,20.68,20.68
3600,20.68,20.68,20.68,20.68,20.68,20.68,20.68,20.68,20.68,20.68
3601,20.68,20.68,20.68,20.68,20.68,20.68,20.68,20.68,20.68,20.68
3602,20.68,20.68,20.68,20.68,20.68,20.68,20.68,20.68,20.68,20.68
3603,20.68,20.68,20.68,20.68,20.68,20.68,20.68,20.68,20.68,20.68
3604,20.68,20.68,20.68,20.68,20.68,20.68,20.68,20.68,20.68,20.68
3605,20.68,20.68,20.68,20.68,20.68,20.68,20.68,20.68,20.68,20.68
3606,20.68,20.68,20.68,20.68,20.68,20.68,20.68,20.68,20.68,20.68
3607,20.68,20.68,20.68,20.68,20.68,20.68,20.68,20.68,20.68,20.68
3608,20.68,20.68,20.68,20.68,20.68,20.68,20.68,20.68,20.68,20.68
3609,20.68,20.68,20.68,20.68,20.68,20.68,20.68,20.68,20.68,20.68
3610,20.68,20.68,20.68,20.68,20.68,20.68,20.68,20.68,20.68,20.68
3611,20.68,20.68,20.68,20.68,20.68,20.68,20.68,20.68,20.68,20.68
3612,20.68,20.68,20.68,20.68,20.68,20.68,20.68,20.68,20.68,20.68
3613,20.68,20.68,20.68,20.68,20.68,20.68,20.68,20.68,20.68,20.68
3614,20.68,20.68,20.68,20.68,20.68,20.68,20.68,20.68,20.68,20.68
3615,20.68,20.68,20.68,20.68,20.68,20.68,20.68,20.68,20.68,20.68
3616,20.68,20.68,20.68,20.68,20.68,20.68,20.68,20.68,20.68,20.68
3617,20.68,20.68,20.68,20.68,20.68,20.68,20.68,20.68,20.68,20.68
3618,20.68,20.68,20.68,20.68,20.68,20.68,20.68,20.68,20.68,20.68
3619,20.68,20.68,20.68,20.68,20.68,20.68,20.68,20.68,20.68,20.68
3620,20.68,20.68,20.68,20.68,20.68,20.68,20.68,20.68,20.68,20.68
3621,20.68,20.68,20.68,20.68,20.68,20.68,20.68,20.68,20.68,20.68
3622,20.68,20.68,20.68,20.68,20.68,20.68,20.68,20.68,20.68,20.68
3623,20.68,20.68,20.68,20.68,20.68,20.68,20.68,20.68,20.68,20.68
3624,20.68,20.68,20.68,20.68,20.68,20.68,20.68,20.68,20.68,20.68
3625,20.68,20.68,20.68,20.68,20.68,20.68,20.68,20.68,20.68,20.68
3626,20.68,20.68,20.68,20.68,20.68,20.68,20.68,20.68,20.68,20.68
3627,20.68,20.68,20.68,20.68,20.68,20.68,20.68,20.68,20.68,20.68
3628,20.68,20.68,20.68,20.68,20.68,20.68,20.68,20.68,20.68,20.68
3629,20.68,20.68,20.68,20.68,20.68,20.68,20.68,20.68,20.68,20.68
3630,20.68,20.68,20.68,20.68,20.68,20.68,20.68,20.68,20.68,20.68
3631,20.68,20.68,20.68,20.68,20.68,20.68,20.68,20.68,20.68,20.68
3632,20.68,20.68,20.68,20.68,20.68,20.68,20.68,20.68,20.68,20.68
3633,20.68,20.68,20.68,20.68,20.68,20.68,20.68,20.68,20.68,20.68
3634,20.68,20.68,20.68,20.68,20.68,20.68,20.68,20.68,20.68,20.68
3635,20.68,20.68,20.68,20.68,20.68,20.68,20.68,20.68,20.68,20.68
3636,20.68,20.68,20.68,20.68,20.68,20.68,20.68,20.68,20.68,20.68
3637,20.68,20.68,20.68,20.68,20.68,20.68,20.68,20.68,20.68,20.68
3638,20.68,20.68,20.68,20.68,20.68,20.68,20.68,20.68,20.68,20.68
3639,20.68,20.68,20.68,20.68,20.68,20.68,20.68,20.68,20.68,20.68
3640,20.68,20.68,20.68,20.68,20.68,20.68,20.68,20.68,20.68,20.68
3641,20.68,20.68,20.68,20.68,20.68,20.68,20.68,20.68,20.68,20.68
3642,20.68,20.68,20.68,20.68,20.68,20.68,20.68,20.68,20.68,20.68
3643,20.68,20.68,20.68,20.68,20.68,20.68,20.68,20.68,20.68,20.68
3644,20.68,20.68,20.68,20.68,20.68,20.68,20.68,20.68,20.68,20.68
3645,20.68,20.68,20.68,20.68,20.68,20.68,20.68,20.68,20.68,20.68
3646,20.68,20.68,20.68,20.68,20.68,20.68,20.68,20.68,20.68,20.68
3647,20.68,20.68,20.68,20.68,20.68,20.68,20.68,20.68,20.68,20.68
3648,20.68,20.68,20.68,20.68,20.68,20.68,20.68,20.68,20.68,20.68
3649,20.68,20.68,20.68,20.68,20.68,20.68,20.68,20.68,20.68,20.68
3650,20.68,20.68,20.68,20.68,20.68,20.68,20.68,20.68,20.68,20.68
3651,20.68,20.68,20.68,20.68,20.68,20.68,20.68,20.68,20.68,20.68
3652,20.68,20.68,20.68,20.68,20.68,20.68,20.68,20.68,20.68,20.68
3653,20.68,20.68,20.68,20.68,20.68,20.68,20.68,20.68,20.68,20.68
3654,20.68,20.68,20.68,20.68,20.68,20.68,20.68,20.68,20.68,20.68
3655,20.68,20.68,20.68,20.68,20.68,20.68,20.68,20.68,20.68,20.68
3656,20.68,20.68,20.68,20.68,20.68,20.68,20.68,20.68,20.68,20.68
3657,20.68,20.68,20.68,20.68,20.68,20.68,20.68,20.68,20.68,20.68
3658,20.68,20.68,20.68,20.68,20.68,20.68,20.68,20.68,20.68,20.68
3659,20.68,20.68,20.68,20.68,20.68,20.68,20.68,20.68,20.68,20.68
3660,20.68,20.68,20.68,20.68,20.68,20.68,20.68,20.68,20.68,20.68
3661,20.68,20.68,20.68,20.68,20.68,20.68,20.68,20.68,20.68,20.68
3662,20.68,20.68,20.68,20.68,20.68,20.68,20.68,20.68,20.68,20.68
3663,20.68,20.68,20.68,20.68,20.68,20.68,20.68,20.68,20.68,20.68
3664,20.68,20.68,20.68,20.68,20.68,20.68,20.68,20.68,20.68,20.68
3665,20.68,20.68,20.68,20.68,20.68,20.68,20.68,20.68,20.68,20.68
3666,20.68,20.68,20.68,20.68,20.68,20.68,20.68,20.68,20.68,20.68
3667,20.68,20.68,20.68,20.68,20.68,20.68,20.68,20.68,20.68,20.68
3668,20.68,20.68,20.68,20.68,20.68,20.68,20.68,20.68,20.68,20.68
3669,20.68,20.68,20.68,20.68,20.68,20.68,20.68,20.68,20.68,20.68
3670,20.68,20.68,20.68,20.68,20.68,20.68,20.68,20.68,20.68,20.68
3671,20.68,20.68,20.68,20.68,20.68,20.68,20.68,20.68,20.68,20.68
3672,20.68,20.68,20.68,20.68,20.68,20.68,20.68,20.68,20.68,20.68
3673,20.68,20.68,20.68,20.68,20.68,20.68,20.68,20.68,20.68,20.68
3674,20.68,20.68,20.68,20.68,20.68,20.68,20.68,20.68,20.68,20.68
3675,20.68,20.68,20.68,20.68,20.68,20.68,20.68,20.68,20.68,20.68
3676,20.68,20.68,20.68,20.68,20.68,20.68,20.68,20.68,20.68,20.68
3677,20.68,20.68,20.68,20.68,20.68,20.68,20.68,20.68,20.68,20.68
3678,20.68,20.68,20.68,20.68,20.68,20.68,20.68,20.68,20.68,20.68
3679,20.68,20.68,20.68,20.68,20.68,20.68,20.68,20.68,20.68,20.68
3680,20.68,20.68,20.68,20.68,20.68,20.68,20.68,20.68,20.68,20.68
3681,20.68,20.68,20.68,20.68,20.68,20.68,20.68,20.68,20.68,20.68
3682,20.68,20.68,20.68,20.68,20.68,20.68,20.68,20.68,20.68,20.68
3683,20.68,20.68,20.68,20.68,20.68,20.68,20.68,20.68,20.68,20.68
3684,20.68,20.68,20.68,20.68,20.68,20.68,20.68,20.68,20.68,20.68
3685,20.68,20.68,20.68,20.68,20.68,20.68,20.68,20.68,20.68,20.68
3686,20.68,20.68,20.68,20.68,20.68,20.68,20.68,20.68,20.68,20.68
3687,20.68,20.68,20.68,20.68,20.68,20.68,20.68,20.68,20.68,20.68
3688,20.68,20.68,20.68,20.68,20.68,20.68,20.68,20.68,20.68,20.68
3689,20.68,20.68,20.68,20.68,20.68,20.68,20.68,20.68,20.68,20.68
3690,20.68,20.68,20.68,20.68,20.68,20.68,20.68,20.68,20.68,20.68
3691,20.68,20.68,20.68,20.68,20.68,20.68,20.68,20.68,20.68,20.68
3692,20.68,20.68,20.68,20.68,20.68,20.68,20.68,20.68,20.68,20.68
3693,20.68,20.68,20.68,20.68,20.68,20.68,20.68,20.68,20.68,20.68
3694,20.68,20.68,20.68,20.68,20.68,20.68,20.68,20.68,20.68,20.68
3695,20.68,20.68,20.68,20.68,20.68,20.68,20.68,20.68,20.68,20.68
3696,20.68,20.68,20.68,20.68,20.68,20.68,20.68,20.68,20.68,20.68
3697,20.68,20.68,20.68,20.68,20.68,20.68,20.68,20.68,20.68,20.68
3698,20.68,20.68,20.68,20.68,20.68,20.68,20.68,20.68,20.68,20.68
3699,20.68,20.68,20.68,20.68,20.68,20.68,20.68,20.68,20.68,20.68
3700,20.68,20.68,20.68,20.68,20.68,20.68,20.68,20.68,20.68,20.68
3701,20.68,20.68,20.68,20.68,20.68,20.68,20.68,20.68,20.68,20.68
3702,20.68,20.68,20.68,20.68,20.68,20.68,20.68,20.68,20.68,20.68
3703,20.68,20.68,20.68,20.68,20.68,20.68,20.68,20.68,20.68,20.68
3704,20.68,20.68,20.68,20.68,20.68,20.68,20.68,20.68,20.68,20.68
3705,20.68,20.68,20.68,20.68,20.68,20.68,20.68,20.68,20.68,20.68
3706,20.68,20.68,20.68,20.68,20.68,20.68,20.68,20.68,20.68,20.68
3707,20.68,20.68,20.68,20.68,20.68,20.68,20.68,20.68,20.68,20.68
3708,20.68,20.68,20.68,20.68,20.68,20.68,20.68,20.68,20.68,20.68
3709,20.68,20.68,20.68,20.68,20.68,20.68,20.68,20.68,20.68,20.68
3710,20.68,20.68,20.68,20.68,20.68,20.68,20.68,20.68,20.68,20.68
3711,20.68,20.68,20.68,20.68,20.68,20.68,20.68,20.68,20.68,20.68
3712,20.68,20.68,20.68,20.68,20.68,20.68,20.68,20.68,20.68,20.68
3713,20.68,20.68,20.68,20.68,20.68,20.68,20.68,20.68,20.68,20.68
3714,20.68,20.68,20.68,20.68,20.68,20.68,20.68,20.68,20.68,20.68
3715,20.68,20.68,20.68,20.68,20.68,20.68,20.68,20.68,20.68,20.68
3716,20.68,20.68,20.68,20.68,20.68,20.68,20.68,20.68,20.68,20.68
3717,20.68,20.68,20.68,20.68,20.68,20.68,20.68,20.68,20.68,20.68
3718,20.68,20.68,20.68,20.68,20.68,20.68,20.68,20.68,20.68,20.68
3719,20.68,20.68,20.68,20.68,20.68,20.68,20.68,20.68,20.68,20.68
3720,20.68,20.68,20.68,20.68,20.68,20.68,20.68,20.68,20.68,20.68
3721,20.68,20.68,20.68,20.68,20.68,20.68,20.68,20.68,20.68,20.68
3722,20.68,20.68,20.68,20.68,20.68,20.68,20.68,20.68,20.68,20.68
3723,20.68,20.68,20.68,20.68,20.68,20.68,20.68,20.68,20.68,20.68
3724,20.68,20.68,20.68,20.68,20.68,20.68,20.68,20.68,20.68,20.68
3725,20.68,20.68,20.68,20.68,20.68,20.68,20.68,20.68,20.68,20.68
3726,20.68,20.68,20.68,20.68,20.68,20.68,20.68,20.68,20.68,20.68
3727,20.68,20.68,20.68,20.68,20.68,20.68,20.68,20.68,20.68,20.68
3728,20.68,20.68,20.68,20.68,20.68,20.68,20.68,20.68,20.68,20.68
3729,20.68,20.68,20.68,20.68,20.68,20.68,20.68,20.68,20.68,20.68
3730,20.68,20.68,20.68,20.68,20.68,20.68,20.68,20.68,20.68,20.68
3731,20.68,20.68,20.68,20.68,20.68,20.68,20.68,20.68,20.68,20.68
3732,20.68,20.68,20.68,20.68,20.68,20.68,20.68,20.68,20.68,20.68
3733,20.68,20.68,20.68,20.68,20.68,20.68,20.68,20.68,20.68,20.68
3734,20.68,20.68,20.68,20.68,20.68,20.68,20.68,20.68,20.68,20.68
3735,20.68,20.68,20.68,20.68,20.68,20.68,20.68,20.68,20.68,20.68
3736,20.68,20.68,20.68,20.68,20.68,20.68,20.68,20.68,20.68,20.68
3737,20.68,20.68,20.68,20.68,20.68,20.68,20.68,20.68,20.68,20.68
3738,20.68,20.68,20.68,20.68,20.68,20.68,20.68,20.68,20.68,20.68
3739,20.68,20.68,20.68,20.68,20.68,20.68,20.68,20.68,20.68,20.68
3740,20.68,20.68,20.68,20.68,20.68,20.68,20.68,20.68,20.68,20.68
3741,20.68,20.68,20.68,20.68,20.68,20.68,20.68,20.68,20.68,20.68
3742,20.68,20.68,20.68,20.68,20.68,20.68,20.68,20.68,20.68,20.68
3743,20.68,20.68,20.68,20.68,20.68,20.68,20.68,20.68,20.68,20.68
3744,20.68,20.68,20.68,20.68,20.68,20.68,20.68,20.68,20.68,20.68
3745,20.68,20.68,20.68,20.68,20.68,20.68,20.68,20.68,20.68,20.68
3746,20.68,20.68,20.68,20.68,20.68,20.68,20.68,20.68,20.68,20.68
3747,20.68,20.68,20.68,20.68,20.68,20.68,20.68,20.68,20.68,20.68
3748,20.68,20.68,20.68,20.68,20.68,20.68,20.68,20.68,20.68,20.68
3749,20.68,20.68,20.68,20.68,20.68,20.68,20.68,20.68,20.68,20.68
3750,20.68,20.68,20.68,20.68,20.68,20.68,20.68,20.68,20.68,20.68
3751,20.68,20.68,20.68,20.68,20.68,20.68,20.68,20.68,20.68,20.68
3752,20.68,20.68,20.68,20.68,20.68,20.68,20.68,20.68,20.68,20.68
3753,20.68,20.68,20.68,20.68,20.68,20.68,20.68,20.68,20.68,20.68
3754,20.68,20.68,20.68,20.68,20.68,20.68,20.68,20.68,20.68,20.68
3755,20.68,20.68,20.68,20.68,20.68,20.68,20.68,20.68,20.68,20.68
3756,20.68,20.68,20.68,20.68,20.68,20.68,20.68,20.68,20.68,20.68
3757,20.68,20.68,20.68,20.68,20.68,20.68,20.68,20.68,20.68,20.68
3758,20.68,20.68,20.68,20.68,20.68,20.68,20.68,20.68,20.68,20.68
3759,20.68,20.68,20.68,20.68,20.68,20.68,20.68,20.68,20.68,20.68
3760,20.68,20.68,20.68,20.68,20.68,20.68,20.68,20.68,20.68,20.68
3761,20.68,20.68,20.68,20.68,20.68,20.68,20.68,20.68,20.68,20.68
3762,20.68,20.68,20.68,20.68,20.68,20.68,20.68,20.68,20.68,20.68
3763,20.68,20.68,20.68,20.68,20.68,20.68,20.68,20.68,20.68,20.68
3764,20.68,20.68,20.68,20.68,20.68,20.68,20.68,20.68,20.68,20.68
3765,20.68,20.68,20.68,20.68,20.68,20.68,20.68,20.68,20.68,20.68
3766,20.68,20.68,20.68,20.68,20.68,20.68,20.68,20.68,20.68,20.68
3767,20.68,20.68,20.68,20.68,20.68,20.68,20.68,20.68,20.68,20.68
3768,20.68,20.68,20.68,20.68,20.68,20.68,20.68,20.68,20.68,20.68
3769,20.68,20.68,20.68,20.68,20.68,20.68,20.68,20.68,20.68,20.68
3770,20.68,20.68,20.68,20.68,20.68,20.68,20.68,20.68,20.68,20.68
3771,20.68,20.68,20.68,20.68,20.68,20.68,20.68,20.68,20.68,20.68
3772,20.68,20.68,20.68,20.68,20.68,20.68,20.68,20.68,20.68,20.68
3773,20.68,20.68,20.68,20.68,20.68,20.68,20.68,20.68,20.68,20.68
3774,20.68,20.68,20.68,20.68,20.68,20.68,20.68,20.68,20.68,20.68
3775,20.68,20.68,20.68,20.68,20.68,20.68,20.68,20.68,20.68,20.68
3776,20.68,20.68,20.68,20.68,20.68,20.68,20.68,20.68,20.68,20.68
3777,20.68,20.68,20.68,20.68,20.68,20.68,20.68,20.68,20.68,20.68
3778,20.68,20.68,20.68,20.68,20.68,20.68,20.68,20.68,20.68,20.68
3779,20.68,20.68,20.68,20.68,20.68,20.68,20.68,20.68,20.68,20.68
3780,20.68,20.68,20.68,20.68,20.68,20.68,20.68,20.68,20.68,20.68
3781,20.68,20.68,20.68,20.68,20.68,20.68,20.68,20.68,20.68,20.68
3782,20.68,20.68,20.68,20.68,20.68,20.68,20.68,20.68,20.68,20.68
3783,20.68,20.68,20.68,20.68,20.68,20.68,20.68,20.68,20.68,20.68
3784,20.68,20.68,20.68,20.68,20.68,20.68,20.68,20.68,20.68,20.68
3785,20.68,20.68,20.68,20.68,20.68,20.68,20.68,20.68,20.68,20.68
3786,20.68,20.68,20.68,20.68,20.68,20.68,20.68,20.68,20.68,20.68
3787,20.68,20.68,20.68,20.68,20.68,20.68,20.68,20.68,20.68,20.68
3788,20.68,20.68,20.68,20.68,20.68,20.68,20.68,20.68,20.68,20.68
3789,20.68,20.68,20.68,20.68,20.68,20.68,20.68,20.68,20.68,20.68
3790,20.68,20.68,20.68,20.68,20.68,20.68,20.68,20.68,20.68,20.68
3791,20.68,20.68,20.68,20.68,20.68,20.68,20.68,20.68,20.68,20.68
3792,20.68,20.68,20.68,20.68,20.68,20.68,20.68,20.68,20.68,20.68
3793,20.68,20.68,20.68,20.68,20.68,20.68,20.68,20.68,20.68,20.68
3794,20.68,20.68,20.68,20.68,20.68,20.68,20.68,20.68,20.68,20.68
3795,20.68,20.68,20.68,20.68,20.68,20.68,20.68,20.68,20.68,20.68
3796,20.68,20.68,20.68,20.68,20.68,20.68,20.68,20.68,20.68,20.68
3797,20.68,20.68,20.68,20.68,20.68,20.68,20.68,20.68,20.68,20.68
3798,20.68,20.68,20.68,20.68,20.68,20.68,20.68,20.68,20.68,20.68
3799,20.68,20.68,20.68,20.68,20.68,20.68,20.68,20.68,20.68,20.68
3800,20.68,20.68,20.68,20.68,20.68,20.68,20.68,20.68,20.68,20.68
3801,20.68,20.68,20.68,20.68,20.68,20.68,20.68,20.68,20.68,20.68
3802,20.68,20.68,20.68,20.68,20.68,20.68,20.68,20.68,20.68,20.68
3803,20.68,20.68,20.68,20.68,20.68,20.68,20.68,20.68,20.68,20.68
3804,20.68,20.68,20.68,20.68,20.68,20.68,20.68,20.68,20.68,20.68
3805,20.68,20.68,20.68,20.68,20.68,20.68,20.68,20.68,20.68,20.68
3806,20.68,20.68,20.68,20.68,20.68,20.68,20.68,20.68,20.68,20.68
3807,20.68,20.68,20.68,20.68,20.68,20.68,20.68,20.68,20.68,20.68
3808,20.68,20.68,20.68,20.68,20.68,20.68,20.68,20.68,20.68,20.68
3809,20.68,20.68,20.68,20.68,20.68,20.68,20.68,20.68,20.68,20.68
3810,20.68,20.68,20.68,20.68,20.68,20.68,20.68,20.68,20.68,20.68
3811,20.68,20.68,20.68,20.68,20.68,20.68,20.68,20.68,20.68,20.68
3812,20.68,20.68,20.68,20.68,20.68,20.68,20.68,20.68,20.68,20.68
3813,20.68,20.68,20.68,20.68,20.68,20.68,20.68,20.68,20.68,20.68
3814,20.68,20.68,20.68,20.68,20.68,20.68,20.68,20.68,20.68,20.68
3815,20.68,20.68,20.68,20.68,20.68,20.68,20.68,20.68,20.68,20.68
3816,20.68,20.68,20.68,20.68,20.68,20.68,20.68,20.68,20.68,20.68
3817,20.68,20.68,20.68,20.68,20.68,20.68,20.68,20.68,20.68,20.68
3818,20.68,20.68,20.68,20.68,20.68,20.68,20.68,20.68,20.68,20.68
3819,20.68,20.68,20.68,20.68,20.68,20.68,20.68,20.68,20.68,20.68
3820,20.68,20.68,20.68,20.68,20.68,20.68,20.68,20.68,20.68,20.68
3821,20.68,20.68,20.68,20.68,20.68,20.68,20.68,20.68,20.68,20.68
3822,20.68,20.68,20.68,20.68,20.68,20.68,20.68,20.68,20.68,20.68
3823,20.68,20.68,20.68,20.68,20.68,20.68,20.68,20.68,20.68,20.68
3824,20.68,20.68,20.68,20.68,20.68,20.68,20.68,20.68,20.68,20.68
3825,20.68,20.68,20.68,20.68,20.68,20.68,20.68,20.68,20.68,20.68
3826,20.68,20.68,20.68,20.68,20.68,20.68,20.68,20.68,20.68,20.68
3827,20.68,20.68,20.68,20.68,20.68,20.68,20.68,20.68,20.68,20.68
3828,20.68,20.68,20.68,20.68,20.68,20.68,20.68,20.68,20.68,20.68
3829,20.68,20.68,20.68,20.68,20.68,20.68,20.68,20.68,20.68,20.68
3830,20.68,20.68,20.68,20.68,20.68,20.68,20.68,20.68,20.68,20.68
3831,20.68,20.68,20.68,20.68,20.68,20.68,20.68,20.68,20.68,20.68
3832,20.68,20.68,20.68,20.68,20.68,20.68,20.68,20.68,20.68,20.68
3833,20.68,20.68,20.68,20.68,20.68,20.68,20.68,20.68,20.68,20.68
3834,20.68,20.68,20.68,20.68,20.68,20.68,20.68,20.68,20.68,20.68
3835,20.68,20.68,20.68,20.68,20.68,20.68,20.68,20.68,20.68,20.68
3836,20.68,20.68,20.68,20.68,20.68,20.68,20.68,20.68,20.68,20.68
3837,20.68,20.68,20.68,20.68,20.68,20.68,20.68,20.68,20.68,20.68
3838,20.68,20.68,20.68,20.68,20.68,20.68,20.68,20.68,20.68,20.68
3839,20.68,20.68,20.68,20.68,20.68,20.68,20.68,20.68,20.68,20.68
3840,20.68,20.68,20.68,20.68,20.68,20.68,20.68,20.68,20.68,20.68
3841,20.68,20.68,20.68,20.68,20.68,20.68,20.68,20.68,20.68,20.68
3842,20.68,20.68,20.68,20.68,20.68,20.68,20.68,20.68,20.68,20.68
3843,20.68,20.68,20.68,20.68,20.68,20.68,20.68,20.68,20.68,20.68
3844,20.68,20.68,20.68,20.68,20.68,20.68,20.68,20.68,20.68,20.68
3845,20.68,20.68,20.68,20.68,20.68,20.68,20.68,20.68,20.68,20.68
3846,20.68,20.68,20.68,20.68,20.68,20.68,20.68,20.68,20.68,20.68
3847,20.68,20.68,20.68,20.68,20.68,20.68,20.68,20.68,20.68,20.68
3848,20.68,20.68,20.68,20.68,20.68,20.68,20.68,20.68,20.68,20.68
3849,20.68,20.68,20.68,20.68,20.68,20.68,20.68,20.68,20.68,20.68
3850,20.68,20.68,20.68,20.68,20.68,20.68,20.68,20.68,20.68,20.68
3851,20.68,20.68,20.68,20.68,20.68,20.68,20.68,20.68,20.68,20.68
3852,20.68,20.68,20.68,20.68,20.68,20.68,20.68,20.68,20.68,20.68
3853,20.68,20.68,20.68,20.68,20.68,20.68,20.68,20.68,20.68,20.68
3854,20.68,20.68,20.68,20.68,20.68,20.68,20.68,20.68,20.68,20.68
3855,20.68,20.68,20.68,20.68,20.68,20.68,20.68,20.68,20.68,20.68
3856,20.68,20.68,20.68,20.68,20.68,20.68,20.68,20.68,20.68,20.68
3857,20.68,20.68,20.68,20.68,20.68,20.68,20.68,20.68,20.68,20.68
3858,20.68,20.68,20.68,20.68,20.68,20.68,20.68,20.68,20.68,20.68
3859,20.68,20.68,20.68,20.68,20.68,20.68,20.68,20.68,20.68,20.68
3860,20.68,20.68,20.68,20.68,20.68,20.68,20.68,20.68,20.68,20.68
3861,20.68,20.68,20.68,20.68,20.68,20.68,20.68,20.68,20.68,20.68
3862,20.68,20.68,20.68,20.68,20.68,20.68,20.68,20.68,20.68,20.68
3863,20.68,20.68,20.68,20.68,20.68,20.68,20.68,20.68,20.68,20.68
3864,20.68,20.68,20.68,20.68,20.68,20.68,20.68,20.68,20.68,20.68
3865,20.68,20.68,20.68,20.68,20.68,20.68,20.68,20.68,20.68,20.68
3866,20.68,20.68,20.68,20.68,20.68,20.68,20.68,20.68,20.68,20.68
3867,20.68,20.68,20.68,20.68,20.68,20.68,20.68,20.68,20.68,20.68
3868,20.68,20.68,20.68,20.68,20.68,20.68,20.68,20.68,20.68,20.68
3869,20.68,20.68,20.68,20.68,20.68,20.68,20.68,20.68,20.68,20.68
3870,20.68,20.68,20.68,20.68,20.68,20.68,20.68,20.68,20.68,20.68
3871,20.68,20.68,20.68,20.68,20.68,20.68,20.68,20.68,20.68,20.68
3872,20.68,20.68,20.68,20.68,20.68,20.68,20.68,20.68,20.68,20.68
3873,20.68,20.68,20.68,20.68,20.68,20.68,20.68,20.68,20.68,20.68
3874,20.68,20.68,20.68,20.68,20.68,20.68,20.68,20.68,20.68,20.68
3875,20.68,20.68,20.68,20.68,20.68,20.68,20.68,20.68,20.68,20.68
3876,20.68,20.68,20.68,20.68,20.68,20.68,20.68,20.68,20.68,20.68
3877,20.68,20.68,20.68,20.68,20.68,20.68,20.68,20.68,20.68,20.68
3878,20.68,20.68,20.68,20.68,20.68,20.68,20.68,20.68,20.68,20.68
3879,20.68,20.68,20.68,20.68,20.68,20.68,20.68,20.68,20.68,20.68
3880,20.68,20.68,20.68,20.68,20.68,20.68,20.68,20.68,20.68,20.68
3881,20.68,20.68,20.68,20.68,20.68,20.68,20.68,20.68,20.68,20.68
3882,20.68,20.68,20.68,20.68,20.68,20.68,20.68,20.68,20.68,20.68
3883,20.68,20.68,20.68,20.68,20.68,20.68,20.68,20.68,20.68,20.68
3884,20.68,20.68,20.68,20.68,20.68,20.68,20.68,20.68,20.68,20.68
3885,20.68,20.68,20.68,20.68,20.68,20.68,20.68,20.68,20.68,20.68
3886,20.68,20.68,20.68,20.68,20.68,20.68,20.68,20.68,20.68,20.68
3887,20.68,20.68,20.68,20.68,20.68,20.68,20.68,20.68,20.68,20.68
3888,20.68,20.68,20.68,20.68,20.68,20.68,20.68,20.68,20.68,20.68
3889,20.68,20.68,20.68,20.68,20.68,20.68,20.68,20.68,20.68,20.68
3890,20.68,20.68,20.68,20.68,20.68,20.68,20.68,20.68,20.68,20.68
3891,20.68,20.68,20.68,20.68,20.68,20.68,20.68,20.68,20.68,20.68
3892,20.68,20.68,20.68,20.68,20.68,20.68,20.68,20.68,20.68,20.68
3893,20.68,20.68,20.68,20.68,20.68,20.68,20.68,20.68,20.68,20.68
3894,20.68,20.68,20.68,20.68,20.68,20.68,20.68,20.68,20.68,20.68
3895,20.68,20.68,20.68,20.68,20.68,20.68,20.68,20.68,20.68,20.68
3896,20.68,20.68,20.68,20.68,20.68,20.68,20.68,20.68,20.68,20.68
3897,20.68,20.68,20.68,20.68,20.68,20.68,20.68,20.68,20.68,20.68
3898,20.68,20.68,20.68,20.68,20.68,20.68,20.68,20.68,20.68,20.68
3899,20.68,20.68,20.68,20.68,20.68,20.68,20.68,20.68,20.68,20.68
3900,20.68,20.68,20.68,20.68,20.68,20.68,20.68,20.68,20.68,20.68
3901,20.68,20.68,20.68,20.68,20.68,20.68,20.68,20.68,20.68,20.68
3902,20.68,20.68,20.68,20.68,20.68,20.68,20.68,20.68,20.68,20.68
3903,20.68,20.68,20.68,20.68,20.68,20.68,20.68,20.68,20.68,20.68
3904,20.68,20.68,20.68,20.68,20.68,20.68,20.68,20.68,20.68,20.68
3905,20.68,20.68,20.68,20.68,20.68,20.68,20.68,20.68,20.68,20.68
3906,20.68,20.68,20.68,20.68,20.68,20.68,20.68,20.68,20.68,20.68
3907,20.68,20.68,20.68,20.68,20.68,20.68,20.68,20.68,20.68,20.68
3908,20.68,20.68,20.68,20.68,20.68,20.68,20.68,20.68,20.68,20.68
3909,20.68,20.68,20.68,20.68,20.68,20.68,20.68,20.68,20.68,20.68
3910,20.68,20.68,20.68,20.68,20.68,20.68,20.68,20.68,20.68,20.68
3911,20.68,20.68,20.68,20.68,20.68,20.68,20.68,20.68,20.68,20.68
3912,20.68,20.68,20.68,20.68,20.68,20.68,20.68,20.68,20.68,20.68
3913,20.68,20.68,20.68,20.68,20.68,20.68,20.68,20.68,20.68,20.68
3914,20.68,20.68,20.68,20.68,20.68,20.68,20.68,20.68,20.68,20.68
3915,20.68,20.68,20.68,20.68,20.68,20.68,20.68,20.68,20.68,20.68
3916,20.68,20.68,20.68,20.68,20.68,20.68,20.68,20.68,20.68,20.68
3917,20.68,20.68,20.68,20.68,20.68,20.68,20.68,20.68,20.68,20.68
3918,20.68,20.68,20.68,20.68,20.68,20.68,20.68,20.68,20.68,20.68
3919,20.68,20.68,20.68,20.68,20.68,20.68,20.68,20.68,20.68,20.68
3920,20.68,20.68,20.68,20.68,20.68,20.68,20.68,20.68,20.68,20.68
3921,20.68,20.68,20.68,20.68,20.68,20.68,20.68,20.68,20.68,20.68
3922,20.68,20.68,20.68,20.68,20.68,20.68,20.68,20.68,20.68,20.68
3923,20.68,20.68,20.68,20.68,20.68,20.68,20.68,20.68,20.68,20.68
3924,20.68,20.68,20.68,20.68,20.68,20.68,20.68,20.68,20.68,20.68
3925,20.68,20.68,20.68,20.68,20.68,20.68,20.68,20.68,20.68,20.68
3926,20.68,20.68,20.68,20.68,20.68,20.68,20.68,20.68,20.68,20.68
3927,20.68,20.68,20.68,20.68,20.68,20.68,20.68,20.68,20.68,20.68
3928,20.68,20.68,20.68,20.68,20.68,20.68,20.68,20.68,20.68,20.68
3929,20.68,20.68,20.68,20.68,20.68,20.68,20.68,20.68,20.68,20.68
3930,20.68,20.68,20.68,20.68,20.68,20.68,20.68,20.68,20.68,20.68
3931,20.68,20.68,20.68,20.68,20.68,20.68,20.68,20.68,20.68,20.68
3932,20.68,20.68,20.68,20.68,20.68,20.68,20.68,20.68,20.68,20.68
3933,20.68,20.68,20.68,20.68,20.68,20.68,20.68,20.68,20.68,20.68
3934,20.68,20.68,20.68,20.68,20.68,20.68,20.68,20.68,20.68,20.68
3935,20.68,20.68,20.68,20.68,20.68,20.68,20.68,20.68,20.68,20.68
3936,20.68,20.68,20.68,20.68,20.68,20.68,20.68,20.68,20.68,20.68
3937,20.68,20.68,20.68,20.68,20.68,20.68,20.68,20.68,20.68,20.68
3938,20.68,20.68,20.68,20.68,20.68,20.68,20.68,20.68,20.68,20.68
3939,20.68,20.68,20.68,20.68,20.68,20.68,20.68,20.68,20.68,20.68
3940,20.68,20.68,20.68,20.68,20.68,20.68,20.68,20.68,20.68,20.68
3941,20.68,20.68,20.68,20.68,20.68,20.68,20.68,20.68,20.68,20.68
3942,20.68,20.68,20.68,20.68,20.68,20.68,20.68,20.68,20.68,20.68
3943,20.68,20.68,20.68,20.68,20.68,20.68,20.68,20.68,20.68,20.68
3944,20.68,20.68,20.68,20.68,20.68,20.68,20.68,20.68,20.68,20.68
3945,20.68,20.68,20.68,20.68,20.68,20.68,20.68,20.68,20.68,20.68
3946,20.68,20.68,20.68,20.68,20.68,20.68,20.68,20.68,20.68,20.68
3947,20.68,20.68,20.68,20.68,20.68,20.68,20.68,20.68,20.68,20.68
3948,20.68,20.68,20.68,20.68,20.68,20.68,20.68,20.68,20.68,20.68
3949,20.68,20.68,20.68,20.68,20.68,20.68,20.68,20.68,20.68,20.68
3950,20.68,20.68,20.68,20.68,20.68,20.68,20.68,20.68,20.68,20.68
3951,20.68,20.68,20.68,20.68,20.68,20.68,20.68,20.68,20.68,20.68
3952,20.68,20.68,20.68,20.68,20.68,20.68,20.68,20.68,20.68,20.68
3953,20.68,20.68,20.68,20.68,20.68,20.68,20.68,20.68,20.68,20.68
3954,20.68,20.68,20.68,20.68,20.68,20.68,20.68,20.68,20.68,20.68
3955,20.68,20.68,20.68,20.68,20.68,20.68,20.68,20.68,20.68,20.68
3956,20.68,20.68,20.68,20.68,20.68,20.68,20.68,20.68,20.68,20.68
3957,20.68,20.68,20.68,20.68,20.68,20.68,20.68,20.68,20.68,20.68
3958,20.68,20.68,20.68,20.68,20.68,20.68,20.68,20.68,20.68,20.68
3959,20.68,20.68,20.68,20.68,20.68,20.68,20.68,20.68,20.68,20.68
3960,20.68,20.68,20.68,20.68,20.68,20.68,20.68,20.68,20.68,20.68
3961,20.68,20.68,20.68,20.68,20.68,20.68,20.68,20.68,20.68,20.68
3962,20.68,20.68,20.68,20.68,20.68,20.68,20.68,20.68,20.68,20.68
3963,20.68,20.68,20.68,20.68,20.68,20.68,20.68,20.68,20.68,20.68
3964,20.68,20.68,20.68,20.68,20.68,20.68,20.68,20.68,20.68,20.68
3965,20.68,20.68,20.68,20.68,20.68,20.68,20.68,20.68,20.68,20.68
3966,20.68,20.68,20.68,20.68,20.68,20.68,20.68,20.68,20.68,20.68
3967,20.68,20.68,20.68,20.68,20.68,20.68,20.68,20.68,20.68,20.68
3968,20.68,20.68,20.68,20.68,20.68,20.68,20.68,20.68,20.68,20.68
3969,20.68,20.68,20.68,20.68,20.68,20.68,20.68,20.68,20.68,20.68
3970,20.68,20.68,20.68,20.68,20.68,20.68,20.68,20.68,20.68,20.68
3971,20.68,20.68,20.68,20.68,20.68,20.68,20.68,20.68,20.68,20.68
3972,20.68,20.68,20.68,20.68,20.68,20.68,20.68,20.68,20.68,20.68
3973,20.68,20.68,20.68,20.68,20.68,20.68,20.68,20.68,20.68,20.68
3974,20.68,20.68,20.68,20.68,20.68,20.68,20.68,20.68,20.68,20.68
3975,20.68,20.68,20.68,20.68,20.68,20.68,20.68,20.68,20.68,20.68
3976,20.68,20.68,20.68,20.68,20.68,20.68,20.68,20.68,20.68,20.68
3977,20.68,20.68,20.68,20.68,20.68,20.68,20.68,20.68,20.68,20.68
3978,20.68,20.68,20.68,20.68,20.68,20.68,20.68,20.68,20.68,20.68
3979,20.68,20.68,20.68,20.68,20.68,20.68,20.68,20.68,20.68,20.68
3980,20.68,20.68,20.68,20.68,20.68,20.68,20.68,20.68,20.68,20.68
3981,20.68,20.68,20.68,20.68,20.68,20.68,20.68,20.68,20.68,20.68
3982,20.68,20.68,20.68,20.68,20.68,20.68,20.68,20.68,20.68,20.68
3983,20.68,20.68,20.68,20.68,20.68,20.68,20.68,20.68,20.68,20.68
3984,20.68,20.68,20.68,20.68,20.68,20.68,20.68,20.68,20.68,20.68
3985,20.68,20.68,20.68,20.68,20.68,20.68,20.68,20.68,20.68,20.68
3986,20.68,20.68,20.68,20.68,20.68,20.68,20.68,20.68,20.68,20.68
3987,20.68,20.68,20.68,20.68,20.68,20.68,20.68,20.68,20.68,20.68
3988,20.68,20.68,20.68,20.68,20.68,20.68,20.68,20.68,20.68,20.68
3989,20.68,20.68,20.68,20.68,20.68,20.68,20.68,20.68,20.68,20.68
3990,20.68,20.68,20.68,20.68,20.68,20.68,20.68,20.68,20.68,20.68
3991,20.68,20.68,20.68,20.68,20.68,20.68,20.68,20.68,20.68,20.68
3992,20.68,20.68,20.68,20.68,20.68,20.68,20.68,20.68,20.68,20.68
3993,20.68,20.68,20.68,20.68,20.68,20.68,20.68,20.68,20.68,20.68
3994,20.68,20.68,20.68,20.68,20.68,20.68,20.68,20.68,20.68,20.68
3995,20.68,20.68,20.68,20.68,20.68,20.68,20.68,20.68,20.68,20.68
3996,20.68,20.68,20.68,20.68,20.68,20.68,20.68,20.68,20.68,20.68
3997,20.68,20.68,20.68,20.68,20.68,20.68,20.68,20.68,20.68,20.68
3998,20.68,20.68,20.68,20.68,20.68,20.68,20.68,20.68,20.68,20.68
3999,20.68,20.68,20.68,20.68,20.68,20.68,20.68,20.68,20.68,20.68
4000,20.68,20.68,20.68,20.68,20.68,20.68,20.68,20.68,20.68,20.68
4001,20.68,20.68,20.68,20.68,20.68,20.68,20.68,20.68,20.68,20.68
4002,20.68,20.68,20.68,20.68,20.68,20.68,20.68,20.68,20.68,20.68
4003,20.68,20.68,20.68,20.68,20.68,20.68,20.68,20.68,20.68,20.68
4004,20.68,20.68,20.68,20.68,20.68,20.68,20.68,20.68,20.68,20.68
4005,20.68,20.68,20.68,20.68,20.68,20.68,20.68,20.68,20.68,20.68
4006,20.68,20.68,20.68,20.68,20.68,20.68,20.68,20.68,20.68,20.68
4007,20.68,20.68,20.68,20.68,20.68,20.68,20.68,20.68,20.68,20.68
4008,20.68,20.68,20.68,20.68,20.68,20.68,20.68,20.68,20.68,20.68
4009,20.68,20.68,20.68,20.68,20.68,20.68,20.68,20.68,20.68,20.68
4010,20.68,20.68,20.68,20.68,20.68,20.68,20.68,20.68,20.68,20.68
4011,20.68,20.68,20.68,20.68,20.68,20.68,20.68,20.68,20.68,20.68
4012,20.68,20.68,20.68,20.68,20.68,20.68,20.68,20.68,20.68,20.68
4013,20.68,20.68,20.68,20.68,20.68,20.68,20.68,20.68,20.68,20.68
4014,20.68,20.68,20.68,20.68,20.68,20.68,20.68,20.68,20.68,20.68
4015,20.68,20.68,20.68,20.68,20.68,20.68,20.68,20.68,20.68,20.68
4016,20.68,20.68,20.68,20.68,20.68,20.68,20.68,20.68,20.68,20.68
4017,20.68,20.68,20.68,20.68,20.68,20.68,20.68,20.68,20.68,20.68
4018,20.68,20.68,20.68,20.68,20.68,20.68,20.68,20.68,20.68,20.68
4019,20.68,20.68,20.68,20.68,20.68,20.68,20.68,20.68,20.68,20.68
4020,20.68,20.68,20.68,20.68,20.68,20.68,20.68,20.68,20.68,20.68
4021,20.68,20.68,20.68,20.68,20.68,20.68,20.68,20.68,20.68,20.68
4022,20.68,20.68,20.68,20.68,20.68,20.68,20.68,20.68,20.68,20.68
4023,20.68,20.68,20.68,20.68,20.68,20.68,20.68,20.68,20.68,20.68
4024,20.68,20.68,20.68,20.68,20.68,20.68,20.68,20.68,20.68,20.68
4025,20.68,20.68,20.68,20.68,20.68,20.68,20.68,20.68,20.68,20.68
4026,20.68,20.68,20.68,20.68,20.68,20.68,20.68,20.68,20.68,20.68
4027,20.68,20.68,20.68,20.68,20.68,20.68,20.68,20.68,20.68,20.68
4028,20.68,20.68,20.68,20.68,20.68,20.68,20.68,20.68,20.68,20.68
4029,20.68,20.68,20.68,20.68,20.68,20.68,20.68,20.68,20.68,20.68
4030,20.68,20.68,20.68,20.68,20.68,20.68,20.68,20.68,20.68,20.68
4031,20.68,20.68,20.68,20.68,20.68,20.68,20.68,20.68,20.68,20.68
4032,20.68,20.68,20.68,20.68,20.68,20.68,20.68,20.68,20.68,20.68
4033,20.68,20.68,20.68,20.68,20.68,20.68,20.68,20.68,20.68,20.68
4034,20.68,20.68,20.68,20.68,20.68,20.68,20.68,20.68,20.68,20.68
4035,20.68,20.68,20.68,20.68,20.68,20.68,20.68,20.68,20.68,20.68
4036,20.68,20.68,20.68,20.68,20.68,20.68,20.68,20.68,20.68,20.68
4037,20.68,20.68,20.68,20.68,20.68,20.68,20.68,20.68,20.68,20.68
4038,20.68,20.68,20.68,20.68,20.68,20.68,20.68,20.68,20.68,20.68
4039,20.68,20.68,20.68,20.68,20.68,20.68,20.68,20.68,20.68,20.68
4040,20.68,20.68,20.68,20.68,20.68,20.68,20.68,20.68,20.68,20.68
4041,20.68,20.68,20.68,20.68,20.68,20.68,20.68,20.68,20.68,20.68
4042,20.68,20.68,20.68,20.68,20.68,20.68,20.68,20.68,20.68,20.68
4043,20.68,20.68,20.68,20.68,20.68,20.68,20.68,20.68,20.68,20.68
4044,20.68,20.68,20.68,20.68,20.68,20.68,20.68,20.68,20.68,20.68
4045,20.68,20.68,20.68,20.68,20.68,20.68,20.68,20.68,20.68,20.68
4046,20.68,20.68,20.68,20.68,20.68,20.68,20.68,20.68,20.68,20.68
4047,20.68,20.68,20.68,20.68,20.68,20.68,20.68,20.68,20.68,20.68
4048,20.68,20.68,20.68,20.68,20.68,20.68,20.68,20.68,20.68,20.68
4049,20.68,20.68,20.68,20.68,20.68,20.68,20.68,20.68,20.68,20.68
4050,20.68,20.68,20.68,20.68,20.68,20.68,20.68,20.68,20.68,20.68
4051,20.68,20.68,20.68,20.68,20.68,20.68,20.68,20.68,20.68,20.68
4052,20.68,20.68,20.68,20.68,20.68,20.68,20.68,20.68,20.68,20.68
4053,20.68,20.68,20.68,20.68,20.68,20.68,20.68,20.68,20.68,20.68
4054,20.68,20.68,20.68,20.68,20.68,20.68,20.68,20.68,20.68,20.68
4055,20.68,20.68,20.68,20.68,20.68,20.68,20.68,20.68,20.68,20.68
4056,20.68,20.68,20.68,20.68,20.68,20.68,20.68,20.68,20.68,20.68
4057,20.68,20.68,20.68,20.68,20.68,20.68,20.68,20.68,20.68,20.68
4058,20.68,20.68,20.68,20.68,20.68,20.68,20.68,20.68,20.68,20.68
4059,20.68,20.68,20.68,20.68,20.68,20.68,20.68,20.68,20.68,20.68
4060,20.68,20.68,20.68,20.68,20.68,20.68,20.68,20.68,20.68,20.68
4061,20.68,20.68,20.68,20.68,20.68,20.68,20.68,20.68,20.68,20.68
4062,20.68,20.68,20.68,20.68,20.68,20.68,20.68,20.68,20.68,20.68
4063,20.68,20.68,20.68,20.68,20.68,20.68,20.68,20.68,20.68,20.68
4064,20.68,20.68,20.68,20.68,20.68,20.68,20.68,20.68,20.68,20.68
4065,20.68,20.68,20.68,20.68,20.68,20.68,20.68,20.68,20.68,20.68
4066,20.68,20.68,20.68,20.68,20.68,20.68,20.68,20.68,20.68,20.68
4067,20.68,20.68,20.68,20.68,20.68,20.68,20.68,20.68,20.68,20.68
4068,20.68,20.68,20.68,20.68,20.68,20.68,20.68,20.68,20.68,20.68
4069,20.68,20.68,20.68,20.68,20.68,20.68,20.68,20.68,20.68,20.68
4070,20.68,20.68,20.68,20.68,20.68,20.68,20.68,20.68,20.68,20.68
4071,20.68,20.68,20.68,20.68,20.68,20.68,20.68,20.68,20.68,20.68
4072,20.68,20.68,20.68,20.68,20.68,20.68,20.68,20.68,20.68,20.68
4073,20.68,20.68,20.68,20.68,20.68,20.68,20.68,20.68,20.68,20.68
4074,20.68,20.68,20.68,20.68,20.68,20.68,20.68,20.68,20.68,20.68
4075,20.68,20.68,20.68,20.68,20.68,20.68,20.68,20.68,20.68,20.68
4076,20.68,20.68,20.68,20.68,20.68,20.68,20.68,20.68,20.68,20.68
4077,20.68,20.68,20.68,20.68,20.68,20.68,20.68,20.68,20.68,20.68
4078,20.68,20.68,20.68,20.68,20.68,20.68,20.68,20.68,20.68,20.68
4079,20.68,20.68,20.68,20.68,20.68,20.68,20.68,20.68,20.68,20.68
4080,20.68,20.68,20.68,20.68,20.68,20.68,20.68,20.68,20.68,20.68
4081,20.68,20.68,20.68,20.68,20.68,20.68,20.68,20.68,20.68,20.68
4082,20.68,20.68,20.68,20.68,20.68,20.68,20.68,20.68,20.68,20.68
4083,20.68,20.68,20.68,20.68,20.68,20.68,20.68,20.68,20.68,20.68
4084,20.68,20.68,20.68,20.68,20.68,20.68,20.68,20.68,20.68,20.68
4085,20.68,20.68,20.68,20.68,20.68,20.68,20.68,20.68,20.68,20.68
4086,20.68,20.68,20.68,20.68,20.68,20.68,20.68,20.68,20.68,20.68
4087,20.68,20.68,20.68,20.68,20.68,20.68,20.68,20.68,20.68,20.68
4088,20.68,20.68,20.68,20.68,20.68,20.68,20.68,20.68,20.68,20.68
4089,20.68,20.68,20.68,20.68,20.68,20.68,20.68,20.68,20.68,20.68
4090,20.68,20.68,20.68,20.68,20.68,20.68,20.68,20.68,20.68,20.68
4091,20.68,20.68,20.68,20.68,20.68,20.68,20.68,20.68,20.68,20.68
4092,20.68,20.68,20.68,20.68,20.68,20.68,20.68,20.68,20.68,20.68
4093,20.68,20.68,20.68,20.68,20.68,20.68,20.68,20.68,20.68,20.68
4094,20.68,20.68,20.68,20.68,20.68,20.68,20.68,20.68,20.68,20.68
4095,20.68,20.68,20.68,20.68,20.68,20.68,20.68,20.68,20.68,20.68
4096,20.68,20.68,20.68,20.68,20.68,20.68,20.68,20.68,20.68,20.68
4097,20.68,20.68,20.68,20.68,20.68,20.68,20.68,20.68,20.68,20.68
4098,20.68,20.68,20.68,20.68,20.68,20.68,20.68,20.68,20.68,20.68
4099,20.68,20.68,20.68,20.68,20.68,20.68,20.68,20.68,20.68,20.68
4100,20.68,20.68,20.68,20.68,20.68,20.68,20.68,20.68,20.68,20.68
4101,20.68,20.68,20.68,20.68,20.68,20.68,20.68,20.68,20.68,20.68
4102,20.68,20.68,20.68,20.68,20.68,20.68,20.68,20.68,20.68,20.68
4103,20.68,20.68,20.68,20.68,20.68,20.68,20.68,20.68,20.68,20.68
4104,20.68,20.68,20.68,20.68,20.68,20.68,20.68,20.68,20.68,20.68
4105,20.68,20.68,20.68,20.68,20.68,20.68,20.68,20.68,20.68,20.68
4106,20.68,20.68,20.68,20.68,20.68,20.68,20.68,20.68,20.68,20.68
4107,20.68,20.68,20.68,20.68,20.68,20.68,20.68,20.68,20.68,20.68
4108,20.68,20.68,20.68,20.68,20.68,20.68,20.68,20.68,20.68,20.68
4109,20.68,20.68,20.68,20.68,20.68,20.68,20.68,20.68,20.68,20.68
4110,20.68,20.68,20.68,20.68,20.68,20.68,20.68,20.68,20.68,20.68
4111,20.68,20.68,20.68,20.68,20.68,20.68,20.68,20.68,20.68,20.68
4112,20.68,20.68,20.68,20.68,20.68,20.68,20.68,20.68,20.68,20.68
4113,20.68,20.68,20.68,20.68,20.68,20.68,20.68,20.68,20.68,20.68
4114,20.68,20.68,20.68,20.68,20.68,20.68,20.68,20.68,20.68,20.68
4115,20.68,20.68,20.68,20.68,20.68,20.68,20.68,20.68,20.68,20.68
4116,20.68,20.68,20.68,20.68,20.68,20.68,20.68,20.68,20.68,20.68
4117,20.68,20.68,20.68,20.68,20.68,20.68,20.68,20.68,20.68,20.68
4118,20.68,20.68,20.68,20.68,20.68,20.68,20.68,20.68,20.68,20.68
4119,20.68,20.68,20.68,20.68,20.68,20.68,20.68,20.68,20.68,20.68
4120,20.68,20.68,20.68,20.68,20.68,20.68,20.68,20.68,20.68,20.68
4121,20.68,20.68,20.68,20.68,20.68,20.68,20.68,20.68,20.68,20.68
4122,20.68,20.68,20.68,20.68,20.68,20.68,20.68,20.68,20.68,20.68
4123,20.68,20.68,20.68,20.68,20.68,20.68,20.68,20.68,20.68,20.68
4124,20.68,20.68,20.68,20.68,20.68,20.68,20.68,20.68,20.68,20.68
4125,20.68,20.68,20.68,20.68,20.68,20.68,20.68,20.68,20.68,20.68
4126,20.68,20.68,20.68,20.68,20.68,20.68,20.68,20.68,20.68,20.68
4127,20.68,20.68,20.68,20.68,20.68,20.68,20.68,20.68,20.68,20.68
4128,20.68,20.68,20.68,20.68,20.68,20.68,20.68,20.68,20.68,20.68
4129,20.68,20.68,20.68,20.68,20.68,20.68,20.68,20.68,20.68,20.68
4130,20.68,20.68,20.68,20.68,20.68,20.68,20.68,20.68,20.68,20.68
4131,20.68,20.68,20.68,20.68,20.68,20.68,20.68,20.68,20.68,20.68
4132,20.68,20.68,20.68,20.68,20.68,20.68,20.68,20.68,20.68,20.68
4133,20.68,20.68,20.68,20.68,20.68,20.68,20.68,20.68,20.68,20.68
4134,20.68,20.68,20.68,20.68,20.68,20.68,20.68,20.68,20.68,20.68
4135,20.68,20.68,20.68,20.68,20.68,20.68,20.68,20.68,20.68,20.68
4136,20.68,20.68,20.68,20.68,20.68,20.68,20.68,20.68,20.68,20.68
4137,20.68,20.68,20.68,20.68,20.68,20.68,20.68,20.68,20.68,20.68
4138,20.68,20.68,20.68,20.68,20.68,20.68,20.68,20.68,20.68,20.68
4139,20.68,20.68,20.68,20.68,20.68,20.68,20.68,20.68,20.68,20.68
4140,20.68,20.68,20.68,20.68,20.68,20.68,20.68,20.68,20.68,20.68
4141,20.68,20.68,20.68,20.68,20.68,20.68,20.68,20.68,20.68,20.68
4142,20.68,20.68,20.68,20.68,20.68,20.68,20.68,20.68,20.68,20.68
4143,20.68,20.68,20.68,20.68,20.68,20.68,20.68,20.68,20.68,20.68
4144,20.68,20.68,20.68,20.68,20.68,20.68,20.68,20.68,20.68,20.68
4145,20.68,20.68,20.68,20.68,20.68,20.68,20.68,20.68,20.68,20.68
4146,20.68,20.68,20.68,20.68,20.68,20.68,20.68,20.68,20.68,20.68
4147,20.68,20.68,20.68,20.68,20.68,20.68,20.68,20.68,20.68,20.68
4148,20.68,20.68,20.68,20.68,20.68,20.68,20.68,20.68,20.68,20.68
4149,20.68,20.68,20.68,20.68,20.68,20.68,20.68,20.68,20.68,20.68
4150,20.68,20.68,20.68,20.68,20.68,20.68,20.68,20.68,20.68,20.68
4151,20.68,20.68,20.68,20.68,20.68,20.68,20.68,20.68,20.68,20.68
4152,20.68,20.68,20.68,20.68,20.68,20.68,20.68,20.68,20.68,20.68
4153,20.68,20.68,20.68,20.68,20.68,20.68,20.68,20.68,20.68,20.68
4154,20.68,20.68,20.68,20.68,20.68,20.68,20.68,20.68,20.68,20.68
4155,20.68,20.68,20.68,20.68,20.68,20.68,20.68,20.68,20.68,20.68
4156,20.68,20.68,20.68,20.68,20.68,20.68,20.68,20.68,20.68,20.68
4157,20.68,20.68,20.68,20.68,20.68,20.68,20.68,20.68,20.68,20.68
4158,20.68,20.68,20.68,20.68,20.68,20.68,20.68,20.68,20.68,20.68
4159,20.68,20.68,20.68,20.68,20.68,20.68,20.68,20.68,20.68,20.68
4160,20.68,20.68,20.68,20.68,20.68,20.68,20.68,20.68,20.68,20.68
4161,20.68,20.68,20.68,20.68,20.68,20.68,20.68,20.68,20.68,20.68
4162,20.68,20.68,20.68,20.68,20.68,20.68,20.68,20.68,20.68,20.68
4163,20.68,20.68,20.68,20.68,20.68,20.68,20.68,20.68,20.68,20.68
4164,20.68,20.68,20.68,20.68,20.68,20.68,20.68,20.68,20.68,20.68
4165,20.68,20.68,20.68,20.68,20.68,20.68,20.68,20.68,20.68,20.68
4166,20.68,20.68,20.68,20.68,20.68,20.68,20.68,20.68,20.68,20.68
4167,20.68,20.68,20.68,20.68,20.68,20.68,20.68,20.68,20.68,20.68
4168,20.68,20.68,20.68,20.68,20.68,20.68,20.68,20.68,20.68,20.68
4169,20.68,20.68,20.68,20.68,20.68,20.68,20.68,20.68,20.68,20.68
4170,20.68,20.68,20.68,20.68,20.68,20.68,20.68,20.68,20.68,20.68
4171,20.68,20.68,20.68,20.68,20.68,20.68,20.68,20.68,20.68,20.68
4172,20.68,20.68,20.68,20.68,20.68,20.68,20.68,20.68,20.68,20.68
4173,20.68,20.68,20.68,20.68,20.68,20.68,20.68,20.68,20.68,20.68
4174,20.68,20.68,20.68,20.68,20.68,20.68,20.68,20.68,20.68,20.68
4175,20.68,20.68,20.68,20.68,20.68,20.68,20.68,20.68,20.68,20.68
4176,20.68,20.68,20.68,20.68,20.68,20.68,20.68,20.68,20.68,20.68
4177,20.68,20.68,20.68,20.68,20.68,20.68,20.68,20.68,20.68,20.68
4178,20.68,20.68,20.68,20.68,20.68,20.68,20.68,20.68,20.68,20.68
4179,20.68,20.68,20.68,20.68,20.68,20.68,20.68,20.68,20.68,20.68
4180,20.68,20.68,20.68,20.68,20.68,20.68,20.68,20.68,20.68,20.68
4181,20.68,20.68,20.68,20.68,20.68,20.68,20.68,20.68,20.68,20.68
4182,20.68,20.68,20.68,20.68,20.68,20.68,20.68,20.68,20.68,20.68
4183,20.68,20.68,20.68,20.68,20.68,20.68,20.68,20.68,20.68,20.68
4184,20.68,20.68,20.68,20.68,20.68,20.68,20.68,20.68,20.68,20.68
4185,20.68,20.68,20.68,20.68,20.68,20.68,20.68,20.68,20.68,20.68
4186,20.68,20.68,20.68,20.68,20.68,20.68,20.68,20.68,20.68,20.68
4187,20.68,20.68,20.68,20.68,20.68,20.68,20.68,20.68,20.68,20.68
4188,20.68,20.68,20.68,20.68,20.68,20.68,20.68,20.68,20.68,20.68
4189,20.68,20.68,20.68,20.68,20.68,20.68,20.68,20.68,20.68,20.68
4190,20.68,20.68,20.68,20.68,20.68,20.68,20.68,20.68,20.68,20.68
4191,20.68,20.68,20.68,20.68,20.68,20.68,20.68,20.68,20.68,20.68
4192,20.68,20.68,20.68,20.68,20.68,20.68,20.68,20.68,20.68,20.68
4193,20.68,20.68,20.68,20.68,20.68,20.68,20.68,20.68,20.68,20.68
4194,20.68,20.68,20.68,20.68,20.68,20.68,20.68,20.68,20.68,20.68
4195,20.68,20.68,20.68,20.68,20.68,20.68,20.68,20.68,20.68,20.68
4196,20.68,20.68,20.68,20.68,20.68,20.68,20.68,20.68,20.68,20.68
4197,20.68,20.68,20.68,20.68,20.68,20.68,20.68,20.68,20.68,20.68
4198,20.68,20.68,20.68,20.68,20.68,20.68,20.68,20.68,20.68,20.68
4199,20.68,20.68,20.68,20.68,20.68,20.68,20.68,20.68,20.68,20.68
4200,20.68,20.68,20.68,20.68,20.68,20.68,20.68,20.68,20.68,20.68
4201,20.68,20.68,20.68,20.68,20.68,20.68,20.68,20.68,20.68,20.68
4202,20.68,20.68,20.68,20.68,20.68,20.68,20.68,20.68,20.68,20.68
4203,20.68,20.68,20.68,20.68,20.68,20.68,20.68,20.68,20.68,20.68
4204,20.68,20.68,20.68,20.68,20.68,20.68,20.68,20.68,20.68,20.68
4205,20.68,20.68,20.68,20.68,20.68,20.68,20.68,20.68,20.68,20.68
4206,20.68,20.68,20.68,20.68,20.68,20.68,20.68,20.68,20.68,20.68
4207,20.68,20.68,20.68,20.68,20.68,20.68,20.68,20.68,20.68,20.68
4208,20.68,20.68,20.68,20.68,20.68,20.68,20.68,20.68,20.68,20.68
4209,20.68,20.68,20.68,20.68,20.68,20.68,20.68,20.68,20.68,20.68
4210,20.68,20.68,20.68,20.68,20.68,20.68,20.68,20.68,20.68,20.68
4211,20.68,20.68,20.68,20.68,20.68,20.68,20.68,20.68,20.68,20.68
4212,20.68,20.68,20.68,20.68,20.68,20.68,20.68,20.68,20.68,20.68
4213,20.68,20.68,20.68,20.68,20.68,20.68,20.68,20.68,20.68,20.68
4214,20.68,20.68,20.68,20.68,20.68,20.68,20.68,20.68,20.68,20.68
4215,20.68,20.68,20.68,20.68,20.68,20.68,20.68,20.68,20.68,20.68
4216,20.68,20.68,20.68,20.68,20.68,20.68,20.68,20.68,20.68,20.68
4217,20.68,20.68,20.68,20.68,20.68,20.68,20.68,20.68,20.68,20.68
4218,20.68,20.68,20.68,20.68,20.68,20.68,20.68,20.68,20.68,20.68
4219,20.68,20.68,20.68,20.68,20.68,20.68,20.68,20.68,20.68,20.68
4220,20.68,20.68,20.68,20.68,20.68,20.68,20.68,20.68,20.68,20.68
4221,20.68,20.68,20.68,20.68,20.68,20.68,20.68,20.68,20.68,20.68
4222,20.68,20.68,20.68,20.68,20.68,20.68,20.68,20.68,20.68,20.68
4223,20.68,20.68,20.68,20.68,20.68,20.68,20.68,20.68,20.68,20.68
4224,20.68,20.68,20.68,20.68,20.68,20.68,20.68,20.68,20.68,20.68
4225,20.68,20.68,20.68,20.68,20.68,20.68,20.68,20.68,20.68,20.68
4226,20.68,20.68,20.68,20.68,20.68,20.68,20.68,20.68,20.68,20.68
4227,20.68,20.68,20.68,20.68,20.68,20.68,20.68,20.68,20.68,20.68
4228,20.68,20.68,20.68,20.68,20.68,20.68,20.68,20.68,20.68,20.68
4229,20.68,20.68,20.68,20.68,20.68,20.68,20.68,20.68,20.68,20.68
4230,20.68,20.68,20.68,20.68,20.68,20.68,20.68,20.68,20.68,20.68
4231,20.68,20.68,20.68,20.68,20.68,20.68,20.68,20.68,20.68,20.68
4232,20.68,20.68,20.68,20.68,20.68,20.68,20.68,20.68,20.68,20.68
4233,20.68,20.68,20.68,20.68,20.68,20.68,20.68,20.68,20.68,20.68
4234,20.68,20.68,20.68,20.68,20.68,20.68,20.68,20.68,20.68,20.68
4235,20.68,20.68,20.68,20.68,20.68,20.68,20.68,20.68,20.68,20.68
4236,20.68,20.68,20.68,20.68,20.68,20.68,20.68,20.68,20.68,20.68
4237,20.68,20.68,20.68,20.68,20.68,20.68,20.68,20.68,20.68,20.68
4238,20.68,20.68,20.68,20.68,20.68,20.68,20.68,20.68,20.68,20.68
4239,20.68,20.68,20.68,20.68,20.68,20.68,20.68,20.68,20.68,20.68
4240,20.68,20.68,20.68,20.68,20.68,20.68,20.68,20.68,20.68,20.68
4241,20.68,20.68,20.68,20.68,20.68,20.68,20.68,20.68,20.68,20.68
4242,20.68,20.68,20.68,20.68,20.68,20.68,20.68,20.68,20.68,20.68
4243,20.68,20.68,20.68,20.68,20.68,20.68,20.68,20.68,20.68,20.68
4244,20.68,20.68,20.68,20.68,20.68,20.68,20.68,20.68,20.68,20.68
4245,20.68,20.68,20.68,20.68,20.68,20.68,20.68,20.68,20.68,20.68
4246,20.68,20.68,20.68,20.68,20.68,20.68,20.68,20.68,20.68,20.68
4247,20.68,20.68,20.68,20.68,20.68,20.68,20.68,20.68,20.68,20.68
4248,20.68,20.68,20.68,20.68,20.68,20.68,20.68,20.68,20.68,20.68
4249,20.68,20.68,20.68,20.68,20.68,20.68,20.68,20.68,20.68,20.68
4250,20.68,20.68,20.68,20.68,20.68,20.68,20.68,20.68,20.68,20.68
4251,20.68,20.68,20.68,20.68,20.68,20.68,20.68,20.68,20.68,20.68
4252,20.68,20.68,20.68,20.68,20.68,20.68,20.68,20.68,20.68,20.68
4253,20.68,20.68,20.68,20.68,20.68,20.68,20.68,20.68,20.68,20.68
4254,20.68,20.68,20.68,20.68,20.68,20.68,20.68,20.68,20.68,20.68
4255,20.68,20.68,20.68,20.68,20.68,20.68,20.68,20.68,20.68,20.68
4256,20.68,20.68,20.68,20.68,20.68,20.68,20.68,20.68,20.68,20.68
4257,20.68,20.68,20.68,20.68,20.68,20.68,20.68,20.68,20.68,20.68
4258,20.68,20.68,20.68,20.68,20.68,20.68,20.68,20.68,20.68,20.68
4259,20.68,20.68,20.68,20.68,20.68,20.68,20.68,20.68,20.68,20.68
4260,20.68,20.68,20.68,20.68,20.68,20.68,20.68,20.68,20.68,20.68
4261,20.68,20.68,20.68,20.68,20.68,20.68,20.68,20.68,20.68,20.68
4262,20.68,20.68,20.68,20.68,20.68,20.68,20.68,20.68,20.68,20.68
4263,20.68,20.68,20.68,20.68,20.68,20.68,20.68,20.68,20.68,20.68
4264,20.68,20.68,20.68,20.68,20.68,20.68,20.68,20.68,20.68,20.68
4265,20.68,20.68,20.68,20.68,20.68,20.68,20.68,20.68,20.68,20.68
4266,20.68,20.68,20.68,20.68,20.68,20.68,20.68,20.68,20.68,20.68
4267,20.68,20.68,20.68,20.68,20.68,20.68,20.68,20.68,20.68,20.68
4268,20.68,20.68,20.68,20.68,20.68,20.68,20.68,20.68,20.68,20.68
4269,20.68,20.68,20.68,20.68,20.68,20.68,20.68,20.68,20.68,20.68
4270,20.68,20.68,20.68,20.68,20.68,20.68,20.68,20.68,20.68,20.68
4271,20.68,20.68,20.68,20.68,20.68,20.68,20.68,20.68,20.68,20.68
4272,20.68,20.68,20.68,20.68,20.68,20.68,20.68,20.68,20.68,20.68
4273,20.68,20.68,20.68,20.68,20.68,20.68,20.68,20.68,20.68,20.68
4274,20.68,20.68,20.68,20.68,20.68,20.68,20.68,20.68,20.68,20.68
4275,20.68,20.68,20.68,20.68,20.68,20.68,20.68,20.68,20.68,20.68
4276,20.68,20.68,20.68,20.68,20.68,20.68,20.68,20.68,20.68,20.68
4277,20.68,20.68,20.68,20.68,20.68,20.68,20.68,20.68,20.68,20.68
4278,20.68,20.68,20.68,20.68,20.68,20.68,20.68,20.68,20.68,20.68
4279,20.68,20.68,20.68,20.68,20.68,20.68,20.68,20.68,20.68,20.68
4280,20.68,20.68,20.68,20.68,20.68,20.68,20.68,20.68,20.68,20.68
4281,20.68,20.68,20.68,20.68,20.68,20.68,20.68,20.68,20.68,20.68
4282,20.68,20.68,20.68,20.68,20.68,20.68,20.68,20.68,20.68,20.68
4283,20.68,20.68,20.68,20.68,20.68,20.68,20.68,20.68,20.68,20.68
4284,20.68,20.68,20.68,20.68,20.68,20.68,20.68,20.68,20.68,20.68
4285,20.68,20.68,20.68,20.68,20.68,20.68,20.68,20.68,20.68,20.68
4286,20.68,20.68,20.68,20.68,20.68,20.68,20.68,20.68,20.68,20.68
4287,20.68,20.68,20.68,20.68,20.68,20.68,20.68,20.68,20.68,20.68
4288,20.68,20.68,20.68,20.68,20.68,20.68,20.68,20.68,20.68,20.68
4289,20.68,20.68,20.68,20.68,20.68,20.68,20.68,20.68,20.68,20.68
4290,20.68,20.68,20.68,20.68,20.68,20.68,20.68,20.68,20.68,20.68
4291,20.68,20.68,20.68,20.68,20.68,20.68,20.68,20.68,20.68,20.68
4292,20.68,20.68,20.68,20.68,20.68,20.68,20.68,20.68,20.68,20.68
4293,20.68,20.68,20.68,20.68,20.68,20.68,20.68,20.68,20.68,20.68
4294,20.68,20.68,20.68,20.68,20.68,20.68,20.68,20.68,20.68,20.68
4295,20.68,20.68,20.68,20.68,20.68,20.68,20.68,20.68,20.68,20.68
4296,20.68,20.68,20.68,20.68,20.68,20.68,20.68,20.68,20.68,20.68
4297,20.68,20.68,20.68,20.68,20.68,20.68,20.68,20.68,20.68,20.68
4298,20.68,20.68,20.68,20.68,20.68,20.68,20.68,20.68,20.68,20.68
4299,20.68,20.68,20.68,20.68,20.68,20.68,20.68,20.68,20.68,20.68
4300,20.68,20.68,20.68,20.68,20.68,20.68,20.68,20.68,20.68,20.68
4301,20.68,20.68,20.68,20.68,20.68,20.68,20.68,20.68,20.68,20.68
4302,20.68,20.68,20.68,20.68,20.68,20.68,20.68,20.68,20.68,20.68
4303,20.68,20.68,20.68,20.68,20.68,20.68,20.68,20.68,20.68,20.68
4304,20.68,20.68,20.68,20.68,20.68,20.68,20.68,20.68,20.68,20.68
4305,20.68,20.68,20.68,20.68,20.68,20.68,20.68,20.68,20.68,20.68
4306,20.68,20.68,20.68,20.68,20.68,20.68,20.68,20.68,20.68,20.68
4307,20.68,20.68,20.68,20.68,20.68,20.68,20.68,20.68,20.68,20.68
4308,20.68,20.68,20.68,20.68,20.68,20.68,20.68,20.68,20.68,20.68
4309,20.68,20.68,20.68,20.68,20.68,20.68,20.68,20.68,20.68,20.68
4310,20.68,20.68,20.68,20.68,20.68,20.68,20.68,20.68,20.68,20.68
4311,20.68,20.68,20.68,20.68,20.68,20.68,20.68,20.68,20.68,20.68
4312,20.68,20.68,20.68,20.68,20.68,20.68,20.68,20.68,20.68,20.68
4313,20.68,20.68,20.68,20.68,20.68,20.68,20.68,20.68,20.68,20.68
4314,20.68,20.68,20.68,20.68,20.68,20.68,20.68,20.68,20.68,20.68
4315,20.68,20.68,20.68,20.68,20.68,20.68,20.68,20.68,20.68,20.68
4316,20.68,20.68,20.68,20.68,20.68,20.68,20.68,20.68,20.68,20.68
4317,20.68,20.68,20.68,20.68,20.68,20.68,20.68,20.68,20.68,20.68
4318,20.68,20.68,20.68,20.68,20.68,20.68,20.68,20.68,20.68,20.68
4319,20.68,20.68,20.68,20.68,20.68,20.68,20.68,20.68,20.68,20.68
4320,20.68,20.68,20.68,20.68,20.68,20.68,20.68,20.68,20.68,20.68
4321,20.68,20.68,20.68,20.68,20.68,20.68,20.68,20.68,20.68,20.68
4322,20.68,20.68,20.68,20.68,20.68,20.68,20.68,20.68,20.68,20.68
4323,20.68,20.68,20.68,20.68,20.68,20.68,20.68,20.68,20.68,20.68
4324,20.68,20.68,20.68,20.68,20.68,20.68,20.68,20.68,20.68,20.68
4325,20.68,20.68,20.68,20.68,20.68,20.68,20.68,20.68,20.68,20.68
4326,20.68,20.68,20.68,20.68,20.68,20.68,20.68,20.68,20.68,20.68
4327,20.68,20.68,20.68,20.68,20.68,20.68,20.68,20.68,20.68,20.68
4328,20.68,20.68,20.68,20.68,20.68,20.68,20.68,20.68,20.68,20.68
4329,20.68,20.68,20.68,20.68,20.68,20.68,20.68,20.68,20.68,20.68
4330,20.68,20.68,20.68,20.68,20.68,20.68,20.68,20.68,20.68,20.68
4331,20.68,20.68,20.68,20.68,20.68,20.68,20.68,20.68,20.68,20.68
4332,20.68,20.68,20.68,20.68,20.68,20.68,20.68,20.68,20.68,20.68
4333,20.68,20.68,20.68,20.68,20.68,20.68,20.68,20.68,20.68,20.68
4334,20.68,20.68,20.68,20.68,20.68,20.68,20.68,20.68,20.68,20.68
4335,20.68,20.68,20.68,20.68,20.68,20.68,20.68,20.68,20.68,20.68
4336,20.68,20.68,20.68,20.68,20.68,20.68,20.68,20.68,20.68,20.68
4337,20.68,20.68,20.68,20.68,20.68,20.68,20.68,20.68,20.68,20.68
4338,20.68,20.68,20.68,20.68,20.68,20.68,20.68,20.68,20.68,20.68
4339,20.68,20.68,20.68,20.68,20.68,20.68,20.68,20.68,20.68,20.68
4340,20.68,20.68,20.68,20.68,20.68,20.68,20.68,20.68,20.68,20.68
4341,20.68,20.68,20.68,20.68,20.68,20.68,20.68,20.68,20.68,20.68
4342,20.68,20.68,20.68,20.68,20.68,20.68,20.68,20.68,20.68,20.68
4343,20.68,20.68,20.68,20.68,20.68,20.68,20.68,20.68,20.68,20.68
4344,20.68,20.68,20.68,20.68,20.68,20.68,20.68,20.68,20.68,20.68
4345,20.68,20.68,20.68,20.68,20.68,20.68,20.68,20.68,20.68,20.68
4346,20.68,20.68,20.68,20.68,20.68,20.68,20.68,20.68,20.68,20.68
4347,20.68,20.68,20.68,20.68,20.68,20.68,20.68,20.68,20.68,20.68
4348,20.68,20.68,20.68,20.68,20.68,20.68,20.68,20.68,20.68,20.68
4349,20.68,20.68,20.68,20.68,20.68,20.68,20.68,20.68,20.68,20.68
4350,20.68,20.68,20.68,20.68,20.68,20.68,20.68,20.68,20.68,20.68
4351,20.68,20.68,20.68,20.68,20.68,20.68,20.68,20.68,20.68,20.68
4352,20.68,20.68,20.68,20.68,20.68,20.68,20.68,20.68,20.68,20.68
4353,20.68,20.68,20.68,20.68,20.68,20.68,20.68,20.68,20.68,20.68
4354,20.68,20.68,20.68,20.68,20.68,20.68,20.68,20.68,20.68,20.68
4355,20.68,20.68,20.68,20.68,20.68,20.68,20.68,20.68,20.68,20.68
4356,20.68,20.68,20.68,20.68,20.68,20.68,20.68,20.68,20.68,20.68
4357,20.68,20.68,20.68,20.68,20.68,20.68,20.68,20.68,20.68,20.68
4358,20.68,20.68,20.68,20.68,20.68,20.68,20.68,20.68,20.68,20.68
4359,20.68,20.68,20.68,20.68,20.68,20.68,20.68,20.68,20.68,20.68
4360,20.68,20.68,20.68,20.68,20.68,20.68,20.68,20.68,20.68,20.68
4361,20.68,20.68,20.68,20.68,20.68,20.68,20.68,20.68,20.68,20.68
4362,20.68,20.68,20.68,20.68,20.68,20.68,20.68,20.68,20.68,20.68
4363,20.68,20.68,20.68,20.68,20.68,20.68,20.68,20.68,20.68,20.68
4364,20.68,20.68,20.68,20.68,20.68,20.68,20.68,20.68,20.68,20.68
4365,20.68,20.68,20.68,20.68,20.68,20.68,20.68,20.68,20.68,20.68
4366,20.68,20.68,20.68,20.68,20.68,20.68,20.68,20.68,20.68,20.68
4367,20.68,20.68,20.68,20.68,20.68,20.68,20.68,20.68,20.68,20.68
4368,20.68,20.68,20.68,20.68,20.68,20.68,20.68,20.68,20.68,20.68
4369,20.68,20.68,20.68,20.68,20.68,20.68,20.68,20.68,20.68,20.68
4370,20.68,20.68,20.68,20.68,20.68,20.68,20.68,20.68,20.68,20.68
4371,20.68,20.68,20.68,20.68,20.68,20.68,20.68,20.68,20.68,20.68
4372,20.68,20.68,20.68,20.68,20.68,20.68,20.68,20.68,20.68,20.68
4373,20.68,20.68,20.68,20.68,20.68,20.68,20.68,20.68,20.68,20.68
4374,20.68,20.68,20.68,20.68,20.68,20.68,20.68,20.68,20.68,20.68
4375,20.68,20.68,20.68,20.68,20.68,20.68,20.68,20.68,20.68,20.68
4376,20.68,20.68,20.68,20.68,20.68,20.68,20.68,20.68,20.68,20.68
4377,20.68,20.68,20.68,20.68,20.68,20.68,20.68,20.68,20.68,20.68
4378,20.68,20.68,20.68,20.68,20.68,20.68,20.68,20.68,20.68,20.68
4379,20.68,20.68,20.68,20.68,20.68,20.68,20.68,20.68,20.68,20.68
4380,20.68,20.68,20.68,20.68,20.68,20.68,20.68,20.68,20.68,20.68
4381,20.68,20.68,20.68,20.68,20.68,20.68,20.68,20.68,20.68,20.68
4382,20.68,20.68,20.68,20.68,20.68,20.68,20.68,20.68,20.68,20.68
4383,20.68,20.68,20.68,20.68,20.68,20.68,20.68,20.68,20.68,20.68
4384,20.68,20.68,20.68,20.68,20.68,20.68,20.68,20.68,20.68,20.68
4385,20.68,20.68,20.68,20.68,20.68,20.68,20.68,20.68,20.68,20.68
4386,20.68,20.68,20.68,20.68,20.68,20.68,20.68,20.68,20.68,20.68
4387,20.68,20.68,20.68,20.68,20.68,20.68,20.68,20.68,20.68,20.68
4388,20.68,20.68,20.68,20.68,20.68,20.68,20.68,20.68,20.68,20.68
4389,20.68,20.68,20.68,20.68,20.68,20.68,20.68,20.68,20.68,20.68
4390,20.68,20.68,20.68,20.68,20.68,20.68,20.68,20.68,20.68,20.68
4391,20.68,20.68,20.68,20.68,20.68,20.68,20.68,20.68,20.68,20.68
4392,20.68,20.68,20.68,20.68,20.68,20.68,20.68,20.68,20.68,20.68
4393,20.68,20.68,20.68,20.68,20.68,20.68,20.68,20.68,20.68,20.68
4394,20.68,20.68,20.68,20.68,20.68,20.68,20.68,20.68,20.68,20.68
4395,20.68,20.68,20.68,20.68,20.68,20.68,20.68,20.68,20.68,20.68
4396,20.68,20.68,20.68,20.68,20.68,20.68,20.68,20.68,20.68,20.68
4397,20.68,20.68,20.68,20.68,20.68,20.68,20.68,20.68,20.68,20.68
4398,20.68,20.68,20.68,20.68,20.68,20.68,20.68,20.68,20.68,20.68
4399,20.68,20.68,20.68,20.68,20.68,20.68,20.68,20.68,20.68,20.68
4400,20.68,20.68,20.68,20.68,20.68,20.68,20.68,20.68,20.68,20.68
4401,20.68,20.68,20.68,20.68,20.68,20.68,20.68,20.68,20.68,20.68
4402,20.68,20.68,20.68,20.68,20.68,20.68,20.68,20.68,20.68,20.68
4403,20.68,20.68,20.68,20.68,20.68,20.68,20.68,20.68,20.68,20.68
4404,20.68,20.68,20.68,20.68,20.68,20.68,20.68,20.68,20.68,20.68
4405,20.68,20.68,20.68,20.68,20.68,20.68,20.68,20.68,20.68,20.68
4406,20.68,20.68,20.68,20.68,20.68,20.68,20.68,20.68,20.68,20.68
4407,20.68,20.68,20.68,20.68,20.68,20.68,20.68,20.68,20.68,20.68
4408,20.68,20.68,20.68,20.68,20.68,20.68,20.68,20.68,20.68,20.68
4409,20.68,20.68,20.68,20.68,20.68,20.68,20.68,20.68,20.68,20.68
4410,20.68,20.68,20.68,20.68,20.68,20.68,20.68,20.68,20.68,20.68
4411,20.68,20.68,20.68,20.68,20.68,20.68,20.68,20.68,20.68,20.68
4412,20.68,20.68,20.68,20.68,20.68,20.68,20.68,20.68,20.68,20.68
4413,20.68,20.68,20.68,20.68,20.68,20.68,20.68,20.68,20.68,20.68
4414,20.68,20.68,20.68,20.68,20.68,20.68,20.68,20.68,20.68,20.68
4415,20.68,20.68,20.68,20.68,20.68,20.68,20.68,20.68,20.68,20.68
4416,20.68,20.68,20.68,20.68,20.68,20.68,20.68,20.68,20.68,20.68
4417,20.68,20.68,20.68,20.68,20.68,20.68,20.68,20.68,20.68,20.68
4418,20.68,20.68,20.68,20.68,20.68,20.68,20.68,20.68,20.68,20.68
4419,20.68,20.68,20.68,20.68,20.68,20.68,20.68,20.68,20.68,20.68
4420,20.68,20.68,20.68,20.68,20.68,20.68,20.68,20.68,20.68,20.68
4421,20.68,20.68,20.68,20.68,20.68,20.68,20.68,20.68,20.68,20.68
4422,20.68,20.68,20.68,20.68,20.68,20.68,20.68,20.68,20.68,20.68
4423,20.68,20.68,20.68,20.68,20.68,20.68,20.68,20.68,20.68,20.68
4424,20.68,20.68,20.68,20.68,20.68,20.68,20.68,20.68,20.68,20.68
4425,20.68,20.68,20.68,20.68,20.68,20.68,20.68,20.68,20.68,20.68
4426,20.68,20.68,20.68,20.68,20.68,20.68,20.68,20.68,20.68,20.68
4427,20.68,20.68,20.68,20.68,20.68,20.68,20.68,20.68,20.68,20.68
4428,20.68,20.68,20.68,20.68,20.68,20.68,20.68,20.68,20.68,20.68
4429,20.68,20.68,20.68,20.68,20.68,20.68,20.68,20.68,20.68,20.68
4430,20.68,20.68,20.68,20.68,20.68,20.68,20.68,20.68,20.68,20.68
4431,20.68,20.68,20.68,20.68,20.68,20.68,20.68,20.68,20.68,20.68
4432,20.68,20.68,20.68,20.68,20.68,20.68,20.68,20.68,20.68,20.68
4433,20.68,20.68,20.68,20.68,20.68,20.68,20.68,20.68,20.68,20.68
4434,20.68,20.68,20.68,20.68,20.68,20.68,20.68,20.68,20.68,20.68
4435,20.68,20.68,20.68,20.68,20.68,20.68,20.68,20.68,20.68,20.68
4436,20.68,20.68,20.68,20.68,20.68,20.68,20.68,20.68,20.68,20.68
4437,20.68,20.68,20.68,20.68,20.68,20.68,20.68,20.68,20.68,20.68
4438,20.68,20.68,20.68,20.68,20.68,20.68,20.68,20.68,20.68,20.68
4439,20.68,20.68,20.68,20.68,20.68,20.68,20.68,20.68,20.68,20.68
4440,20.68,20.68,20.68,20.68,20.68,20.68,20.68,20.68,20.68,20.68
4441,20.68,20.68,20.68,20.68,20.68,20.68,20.68,20.68,20.68,20.68
4442,20.68,20.68,20.68,20.68,20.68,20.68,20.68,20.68,20.68,20.68
4443,20.68,20.68,20.68,20.68,20.68,20.68,20.68,20.68,20.68,20.68
4444,20.68,20.68,20.68,20.68,20.68,20.68,20.68,20.68,20.68,20.68
4445,20.68,20.68,20.68,20.68,20.68,20.68,20.68,20.68,20.68,20.68
4446,20.68,20.68,20.68,20.68,20.68,20.68,20.68,20.68,20.68,20.68
4447,20.68,20.68,20.68,20.68,20.68,20.68,20.68,20.68,20.68,20.68
4448,20.68,20.68,20.68,20.68,20.68,20.68,20.68,20.68,20.68,20.68
4449,20.68,20.68,20.68,20.68,20.68,20.68,20.68,20.68,20.68,20.68
4450,20.68,20.68,20.68,20.68,20.68,20.68,20.68,20.68,20.68,20.68
4451,20.68,20.68,20.68,20.68,20.68,20.68,20.68,20.68,20.68,20.68
4452,20.68,20.68,20.68,20.68,20.68,20.68,20.68,20.68,20.68,20.68
4453,20.68,20.68,20.68,20.68,20.68,20.68,20.68,20.68,20.68,20.68
4454,20.68,20.68,20.68,20.68,20.68,20.68,20.68,20.68,20.68,20.68
4455,20.68,20.68,20.68,20.68,20.68,20.68,20.68,20.68,20.68,20.68
4456,20.68,20.68,20.68,20.68,20.68,20.68,20.68,20.68,20.68,20.68
4457,20.68,20.68,20.68,20.68,20.68,20.68,20.68,20.68,20.68,20.68
4458,20.68,20.68,20.68,20.68,20.68,20.68,20.68,20.68,20.68,20.68
4459,20.68,20.68,20.68,20.68,20.68,20.68,20.68,20.68,20.68,20.68
4460,20.68,20.68,20.68,20.68,20.68,20.68,20.68,20.68,20.68,20.68
4461,20.68,20.68,20.68,20.68,20.68,20.68,20.68,20.68,20.68,20.68
4462,20.68,20.68,20.68,20.68,20.68,20.68,20.68,20.68,20.68,20.68
4463,20.68,20.68,20.68,20.68,20.68,20.68,20.68,20.68,20.68,20.68
4464,20.68,20.68,20.68,20.68,20.68,20.68,20.68,20.68,20.68,20.68
4465,20.68,20.68,20.68,20.68,20.68,20.68,20.68,20.68,20.68,20.68
4466,20.68,20.68,20.68,20.68,20.68,20.68,20.68,20.68,20.68,20.68
4467,20.68,20.68,20.68,20.68,20.68,20.68,20.68,20.68,20.68,20.68
4468,20.68,20.68,20.68,20.68,20.68,20.68,20.68,20.68,20.68,20.68
4469,20.68,20.68,20.68,20.68,20.68,20.68,20.68,20.68,20.68,20.68
4470,20.68,20.68,20.68,20.68,20.68,20.68,20.68,20.68,20.68,20.68
4471,20.68,20.68,20.68,20.68,20.68,20.68,20.68,20.68,20.68,20.68
4472,20.68,20.68,20.68,20.68,20.68,20.68,20.68,20.68,20.68,20.68
4473,20.68,20.68,20.68,20.68,20.68,20.68,20.68,20.68,20.68,20.68
4474,20.68,20.68,20.68,20.68,20.68,20.68,20.68,20.68,20.68,20.68
4475,20.68,20.68,20.68,20.68,20.68,20.68,20.68,20.68,20.68,20.68
4476,20.68,20.68,20.68,20.68,20.68,20.68,20.68,20.68,20.68,20.68
4477,20.68,20.68,20.68,20.68,20.68,20.68,20.68,20.68,20.68,20.68
4478,20.68,20.68,20.68,20.68,20.68,20.68,20.68,20.68,20.68,20.68
4479,20.68,20.68,20.68,20.68,20.68,20.68,20.68,20.68,20.68,20.68
4480,20.68,20.68,20.68,20.68,20.68,20.68,20.68,20.68,20.68,20.68
4481,20.68,20.68,20.68,20.68,20.68,20.68,20.68,20.68,20.68,20.68
4482,20.68,20.68,20.68,20.68,20.68,20.68,20.68,20.68,20.68,20.68
4483,20.68,20.68,20.68,20.68,20.68,20.68,20.68,20.68,20.68,20.68
4484,20.68,20.68,20.68,20.68,20.68,20.68,20.68,20.68,20.68,20.68
4485,20.68,20.68,20.68,20.68,20.68,20.68,20.68,20.68,20.68,20.68
4486,20.68,20.68,20.68,20.68,20.68,20.68,20.68,20.68,20.68,20.68
4487,20.68,20.68,20.68,20.68,20.68,20.68,20.68,20.68,20.68,20.68
4488,20.68,20.68,20.68,20.68,20.68,20.68,20.68,20.68,20.68,20.68
4489,20.68,20.68,20.68,20.68,20.68,20.68,20.68,20.68,20.68,20.68
4490,20.68,20.68,20.68,20.68,20.68,20.68,20.68,20.68,20.68,20.68
4491,20.68,20.68,20.68,20.68,20.68,20.68,20.68,20.68,20.68,20.68
4492,20.68,20.68,20.68,20.68,20.68,20.68,20.68,20.68,20.68,20.68
4493,20.68,20.68,20.68,20.68,20.68,20.68,20.68,20.68,20.68,20.68
4494,20.68,20.68,20.68,20.68,20.68,20.68,20.68,20.68,20.68,20.68
4495,20.68,20.68,20.68,20.68,20.68,20.68,20.68,20.68,20.68,20.68
4496,20.68,20.68,20.68,20.68,20.68,20.68,20.68,20.68,20.68,20.68
4497,20.68,20.68,20.68,20.68,20.68,20.68,20.68,20.68,20.68,20.68
4498,20.68,20.68,20.68,20.68,20.68,20.68,20.68,20.68,20.68,20.68
4499,20.68,20.68,20.68,20.68,20.68,20.68,20.68,20.68,20.68,20.68
4500,20.68,20.68,20.68,20.68,20.68,20.68,20.68,20.68,20.68,20.68
4501,20.68,20.68,20.68,20.68,20.68,20.68,20.68,20.68,20.68,20.68
4502,20.68,20.68,20.68,20.68,20.68,20.68,20.68,20.68,20.68,20.68
4503,20.68,20.68,20.68,20.68,20.68,20.68,20.68,20.68,20.68,20.68
4504,20.68,20.68,20.68,20.68,20.68,20.68,20.68,20.68,20.68,20.68
4505,20.68,20.68,20.68,20.68,20.68,20.68,20.68,20.68,20.68,20.68
4506,20.68,20.68,20.68,20.68,20.68,20.68,20.68,20.68,20.68,20.68
4507,20.68,20.68,20.68,20.68,20.68,20.68,20.68,20.68,20.68,20.68
4508,20.68,20.68,20.68,20.68,20.68,20.68,20.68,20.68,20.68,20.68
4509,20.68,20.68,20.68,20.68,20.68,20.68,20.68,20.68,20.68,20.68
4510,20.68,20.68,20.68,20.68,20.68,20.68,20.68,20.68,20.68,20.68
4511,20.68,20.68,20.68,20.68,20.68,20.68,20.68,20.68,20.68,20.68
4512,20.68,20.68,20.68,20.68,20.68,20.68,20.68,20.68,20.68,20.68
4513,20.68,20.68,20.68,20.68,20.68,20.68,20.68,20.68,20.68,20.68
4514,20.68,20.68,20.68,20.68,20.68,20.68,20.68,20.68,20.68,20.68
4515,20.68,20.68,20.68,20.68,20.68,20.68,20.68,20.68,20.68,20.68
4516,20.68,20.68,20.68,20.68,20.68,20.68,20.68,20.68,20.68,20.68
4517,20.68,20.68,20.68,20.68,20.68,20.68,20.68,20.68,20.68,20.68
4518,20.68,20.68,20.68,20.68,20.68,20.68,20.68,20.68,20.68,20.68
4519,20.68,20.68,20.68,20.68,20.68,20.68,20.68,20.68,20.68,20.68
4520,20.68,20.68,20.68,20.68,20.68,20.68,20.68,20.68,20.68,20.68
4521,20.68,20.68,20.68,20.68,20.68,20.68,20.68,20.68,20.68,20.68
4522,20.68,20.68,20.68,20.68,20.68,20.68,20.68,20.68,20.68,20.68
4523,20.68,20.68,20.68,20.68,20.68,20.68,20.68,20.68,20.68,20.68
4524,20.68,20.68,20.68,20.68,20.68,20.68,20.68,20.68,20.68,20.68
4525,20.68,20.68,20.68,20.68,20.68,20.68,20.68,20.68,20.68,20.68
4526,20.68,20.68,20.68,20.68,20.68,20.68,20.68,20.68,20.68,20.68
4527,20.68,20.68,20.68,20.68,20.68,20.68,20.68,20.68,20.68,20.68
4528,20.68,20.68,20.68,20.68,20.68,20.68,20.68,20.68,20.68,20.68
4529,20.68,20.68,20.68,20.68,20.68,20.68,20.68,20.68,20.68,20.68
4530,20.68,20.68,20.68,20.68,20.68,20.68,20.68,20.68,20.68,20.68
4531,20.68,20.68,20.68,20.68,20.68,20.68,20.68,20.68,20.68,20.68
4532,20.68,20.68,20.68,20.68,20.68,20.68,20.68,20.68,20.68,20.68
4533,20.68,20.68,20.68,20.68,20.68,20.68,20.68,20.68,20.68,20.68
4534,20.68,20.68,20.68,20.68,20.68,20.68,20.68,20.68,20.68,20.68
4535,20.68,20.68,20.68,20.68,20.68,20.68,20.68,20.68,20.68,20.68
4536,20.68,20.68,20.68,20.68,20.68,20.68,20.68,20.68,20.68,20.68
4537,20.68,20.68,20.68,20.68,20.68,20.68,20.68,20.68,20.68,20.68
4538,20.68,20.68,20.68,20.68,20.68,20.68,20.68,20.68,20.68,20.68
4539,20.68,20.68,20.68,20.68,20.68,20.68,20.68,20.68,20.68,20.68
4540,20.68,20.68,20.68,20.68,20.68,20.68,20.68,20.68,20.68,20.68
4541,20.68,20.68,20.68,20.68,20.68,20.68,20.68,20.68,20.68,20.68
4542,20.68,20.68,20.68,20.68,20.68,20.68,20.68,20.68,20.68,20.68
4543,20.68,20.68,20.68,20.68,20.68,20.68,20.68,20.68,20.68,20.68
4544,20.68,20.68,20.68,20.68,20.68,20.68,20.68,20.68,20.68,20.68
4545,20.68,20.68,20.68,20.68,20.68,20.68,20.68,20.68,20.68,20.68
4546,20.68,20.68,20.68,20.68,20.68,20.68,20.68,20.68,20.68,20.68
4547,20.68,20.68,20.68,20.68,20.68,20.68,20.68,20.68,20.68,20.68
4548,20.68,20.68,20.68,20.68,20.68,20.68,20.68,20.68,20.68,20.68
4549,20.68,20.68,20.68,20.68,20.68,20.68,20.68,20.68,20.68,20.68
4550,20.68,20.68,20.68,20.68,20.68,20.68,20.68,20.68,20.68,20.68
4551,20.68,20.68,20.68,20.68,20.68,20.68,20.68,20.68,20.68,20.68
4552,20.68,20.68,20.68,20.68,20.68,20.68,20.68,20.68,20.68,20.68
4553,20.68,20.68,20.68,20.68,20.68,20.68,20.68,20.68,20.68,20.68
4554,20.68,20.68,20.68,20.68,20.68,20.68,20.68,20.68,20.68,20.68
4555,20.68,20.68,20.68,20.68,20.68,20.68,20.68,20.68,20.68,20.68
4556,20.68,20.68,20.68,20.68,20.68,20.68,20.68,20.68,20.68,20.68
4557,20.68,20.68,20.68,20.68,20.68,20.68,20.68,20.68,20.68,20.68
4558,20.68,20.68,20.68,20.68,20.68,20.68,20.68,20.68,20.68,20.68
4559,20.68,20.68,20.68,20.68,20.68,20.68,20.68,20.68,20.68,20.68
4560,20.68,20.68,20.68,20.68,20.68,20.68,20.68,20.68,20.68,20.68
4561,20.68,20.68,20.68,20.68,20.68,20.68,20.68,20.68,20.68,20.68
4562,20.68,20.68,20.68,20.68,20.68,20.68,20.68,20.68,20.68,20.68
4563,20.68,20.68,20.68,20.68,20.68,20.68,20.68,20.68,20.68,20.68
4564,20.68,20.68,20.68,20.68,20.68,20.68,20.68,20.68,20.68,20.68
4565,20.68,20.68,20.68,20.68,20.68,20.68,20.68,20.68,20.68,20.68
4566,20.68,20.68,20.68,20.68,20.68,20.68,20.68,20.68,20.68,20.68
4567,20.68,20.68,20.68,20.68,20.68,20.68,20.68,20.68,20.68,20.68
4568,20.68,20.68,20.68,20.68,20.68,20.68,20.68,20.68,20.68,20.68
4569,20.68,20.68,20.68,20.68,20.68,20.68,20.68,20.68,20.68,20.68
4570,20.68,20.68,20.68,20.68,20.68,20.68,20.68,20.68,20.68,20.68
4571,20.68,20.68,20.68,20.68,20.68,20.68,20.68,20.68,20.68,20.68
4572,20.68,20.68,20.68,20.68,20.68,20.68,20.68,20.68,20.68,20.68
4573,20.68,20.68,20.68,20.68,20.68,20.68,20.68,20.68,20.68,20.68
4574,20.68,20.68,20.68,20.68,20.68,20.68,20.68,20.68,20.68,20.68
4575,20.68,20.68,20.68,20.68,20.68,20.68,20.68,20.68,20.68,20.68
4576,20.68,20.68,20.68,20.68,20.68,20.68,20.68,20.68,20.68,20.68
4577,20.68,20.68,20.68,20.68,20.68,20.68,20.68,20.68,20.68,20.68
4578,20.68,20.68,20.68,20.68,20.68,20.68,20.68,20.68,20.68,20.68
4579,20.68,20.68,20.68,20.68,20.68,20.68,20.68,20.68,20.68,20.68
4580,20.68,20.68,20.68,20.68,20.68,20.68,20.68,20.68,20.68,20.68
4581,20.68,20.68,20.68,20.68,20.68,20.68,20.68,20.68,20.68,20.68
4582,20.68,20.68,20.68,20.68,20.68,20.68,20.68,20.68,20.68,20.68
4583,20.68,20.68,20.68,20.68,20.68,20.68,20.68,20.68,20.68,20.68
4584,20.68,20.68,20.68,20.68,20.68,20.68,20.68,20.68,20.68,20.68
4585,20.68,20.68,20.68,20.68,20.68,20.68,20.68,20.68,20.68,20.68
4586,20.68,20.68,20.68,20.68,20.68,20.68,20.68,20.68,20.68,20.68
4587,20.68,20.68,20.68,20.68,20.68,20.68,20.68,20.68,20.68,20.68
4588,20.68,20.68,20.68,20.68,20.68,20.68,20.68,20.68,20.68,20.68
4589,20.68,20.68,20.68,20.68,20.68,20.68,20.68,20.68,20.68,20.68
4590,20.68,20.68,20.68,20.68,20.68,20.68,20.68,20.68,20.68,20.68
4591,20.68,20.68,20.68,20.68,20.68,20.68,20.68,20.68,20.68,20.68
4592,20.68,20.68,20.68,20.68,20.68,20.68,20.68,20.68,20.68,20.68
4593,20.68,20.68,20.68,20.68,20.68,20.68,20.68,20.68,20.68,20.68
4594,20.68,20.68,20.68,20.68,20.68,20.68,20.68,20.68,20.68,20.68
4595,20.68,20.68,20.68,20.68,20.68,20.68,20.68,20.68,20.68,20.68
4596,20.68,20.68,20.68,20.68,20.68,20.68,20.68,20.68,20.68,20.68
4597,20.68,20.68,20.68,20.68,20.68,20.68,20.68,20.68,20.68,20.68
4598,20.68,20.68,20.68,20.68,20.68,20.68,20.68,20.68,20.68,20.68
4599,20.68,20.68,20.68,20.68,20.68,20.68,20.68,20.68,20.68,20.68
4600,20.68,20.68,20.68,20.68,20.68,20.68,20.68,20.68,20.68,20.68
4601,20.68,20.68,20.68,20.68,20.68,20.68,20.68,20.68,20.68,20.68
4602,20.68,20.68,20.68,20.68,20.68,20.68,20.68,20.68,20.68,20.68
4603,20.68,20.68,20.68,20.68,20.68,20.68,20.68,20.68,20.68,20.68
4604,20.68,20.68,20.68,20.68,20.68,20.68,20.68,20.68,20.68,20.68
4605,20.68,20.68,20.68,20.68,20.68,20.68,20.68,20.68,20.68,20.68
4606,20.68,20.68,20.68,20.68,20.68,20.68,20.68,20.68,20.68,20.68
4607,20.68,20.68,20.68,20.68,20.68,20.68,20.68,20.68,20.68,20.68
4608,20.68,20.68,20.68,20.68,20.68,20.68,20.68,20.68,20.68,20.68
4609,20.68,20.68,20.68,20.68,20.68,20.68,20.68,20.68,20.68,20.68
4610,20.68,20.68,20.68,20.68,20.68,20.68,20.68,20.68,20.68,20.68
4611,20.68,20.68,20.68,20.68,20.68,20.68,20.68,20.68,20.68,20.68
4612,20.68,20.68,20.68,20.68,20.68,20.68,20.68,20.68,20.68,20.68
4613,20.68,20.68,20.68,20.68,20.68,20.68,20.68,20.68,20.68,20.68
4614,20.68,20.68,20.68,20.68,20.68,20.68,20.68,20.68,20.68,20.68
4615,20.68,20.68,20.68,20.68,20.68,20.68,20.68,20.68,20.68,20.68
4616,20.68,20.68,20.68,20.68,20.68,20.68,20.68,20.68,20.68,20.68
4617,20.68,20.68,20.68,20.68,20.68,20.68,20.68,20.68,20.68,20.68
4618,20.68,20.68,20.68,20.68,20.68,20.68,20.68,20.68,20.68,20.68
4619,20.68,20.68,20.68,20.68,20.68,20.68,20.68,20.68,20.68,20.68
4620,20.68,20.68,20.68,20.68,20.68,20.68,20.68,20.68,20.68,20.68
4621,20.68,20.68,20.68,20.68,20.68,20.68,20.68,20.68,20.68,20.68
4622,20.68,20.68,20.68,20.68,20.68,20.68,20.68,20.68,20.68,20.68
4623,20.68,20.68,20.68,20.68,20.68,20.68,20.68,20.68,20.68,20.68
4624,20.68,20.68,20.68,20.68,20.68,20.68,20.68,20.68,20.68,20.68
4625,20.68,20.68,20.68,20.68,20.68,20.68,20.68,20.68,20.68,20.68
4626,20.68,20.68,20.68,20.68,20.68,20.68,20.68,20.68,20.68,20.68
4627,20.68,20.68,20.68,20.68,20.68,20.68,20.68,20.68,20.68,20.68
4628,20.68,20.68,20.68,20.68,20.68,20.68,20.68,20.68,20.68,20.68
4629,20.68,20.68,20.68,20.68,20.68,20.68,20.68,20.68,20.68,20.68
4630,20.68,20.68,20.68,20.68,20.68,20.68,20.68,20.68,20.68,20.68
4631,20.68,20.68,20.68,20.68,20.68,20.68,20.68,20.68,20.68,20.68
4632,20.68,20.68,20.68,20.68,20.68,20.68,20.68,20.68,20.68,20.68
4633,20.68,20.68,20.68,20.68,20.68,20.68,20.68,20.68,20.68,20.68
4634,20.68,20.68,20.68,20.68,20.68,20.68,20.68,20.68,20.68,20.68
4635,20.68,20.68,20.68,20.68,20.68,20.68,20.68,20.68,20.68,20.68
4636,20.68,20.68,20.68,20.68,20.68,20.68,20.68,20.68,20.68,20.68
4637,20.68,20.68,20.68,20.68,20.68,20.68,20.68,20.68,20.68,20.68
4638,20.68,20.68,20.68,20.68,20.68,20.68,20.68,20.68,20.68,20.68
4639,20.68,20.68,20.68,20.68,20.68,20.68,20.68,20.68,20.68,20.68
4640,20.68,20.68,20.68,20.68,20.68,20.68,20.68,20.68,20.68,20.68
4641,20.68,20.68,20.68,20.68,20.68,20.68,20.68,20.68,20.68,20.68
4642,20.68,20.68,20.68,20.68,20.68,20.68,20.68,20.68,20.68,20.68
4643,20.68,20.68,20.68,20.68,20.68,20.68,20.68,20.68,20.68,20.68
4644,20.68,20.68,20.68,20.68,20.68,20.68,20.68,20.68,20.68,20.68
4645,20.68,20.68,20.68,20.68,20.68,20.68,20.68,20.68,20.68,20.68
4646,20.68,20.68,20.68,20.68,20.68,20.68,20.68,20.68,20.68,20.68
4647,20.68,20.68,20.68,20.68,20.68,20.68,20.68,20.68,20.68,20.68
4648,20.68,20.68,20.68,20.68,20.68,20.68,20.68,20.68,20.68,20.68
4649,20.68,20.68,20.68,20.68,20.68,20.68,20.68,20.68,20.68,20.68
4650,20.68,20.68,20.68,20.68,20.68,20.68,20.68,20.68,20.68,20.68
4651,20.68,20.68,20.68,20.68,20.68,20.68,20.68,20.68,20.68,20.68
4652,20.68,20.68,20.68,20.68,20.68,20.68,20.68,20.68,20.68,20.68
4653,20.68,20.68,20.68,20.68,20.68,20.68,20.68,20.68,20.68,20.68
4654,20.68,20.68,20.68,20.68,20.68,20.68,20.68,20.68,20.68,20.68
4655,20.68,20.68,20.68,20.68,20.68,20.68,20.68,20.68,20.68,20.68
4656,20.68,20.68,20.68,20.68,20.68,20.68,20.68,20.68,20.68,20.68
4657,20.68,20.68,20.68,20.68,20.68,20.68,20.68,20.68,20.68,20.68
4658,20.68,20.68,20.68,20.68,20.68,20.68,20.68,20.68,20.68,20.68
4659,20.68,20.68,20.68,20.68,20.68,20.68,20.68,20.68,20.68,20.68
4660,20.68,20.68,20.68,20.68,20.68,20.68,20.68,20.68,20.68,20.68
4661,20.68,20.68,20.68,20.68,20.68,20.68,20.68,20.68,20.68,20.68
4662,20.68,20.68,20.68,20.68,20.68,20.68,20.68,20.68,20.68,20.68
4663,20.68,20.68,20.68,20.68,20.68,20.68,20.68,20.68,20.68,20.68
4664,20.68,20.68,20.68,20.68,20.68,20.68,20.68,20.68,20.68,20.68
4665,20.68,20.68,20.68,20.68,20.68,20.68,20.68,20.68,20.68,20.68
4666,20.68,20.68,20.68,20.68,20.68,20.68,20.68,20.68,20.68,20.68
4667,20.68,20.68,20.68,20.68,20.68,20.68,20.68,20.68,20.68,20.68
4668,20.68,20.68,20.68,20.68,20.68,20.68,20.68,20.68,20.68,20.68
4669,20.68,20.68,20.68,20.68,20.68,20.68,20.68,20.68,20.68,20.68
4670,20.68,20.68,20.68,20.68,20.68,20.68,20.68,20.68,20.68,20.68
4671,20.68,20.68,20.68,20.68,20.68,20.68,20.68,20.68,20.68,20.68
4672,20.68,20.68,20.68,20.68,20.68,20.68,20.68,20.68,20.68,20.68
4673,20.68,20.68,20.68,20.68,20.68,20.68,20.68,20.68,20.68,20.68
4674,20.68,20.68,20.68,20.68,20.68,20.68,20.68,20.68,20.68,20.68
4675,20.68,20.68,20.68,20.68,20.68,20.68,20.68,20.68,20.68,20.68
4676,20.68,20.68,20.68,20.68,20.68,20.68,20.68,20.68,20.68,20.68
4677,20.68,20.68,20.68,20.68,20.68,20.68,20.68,20.68,20.68,20.68
4678,20.68,20.68,20.68,20.68,20.68,20.68,20.68,20.68,20.68,20.68
4679,20.68,20.68,20.68,20.68,20.68,20.68,20.68,20.68,20.68,20.68
4680,20.68,20.68,20.68,20.68,20.68,20.68,20.68,20.68,20.68,20.68
4681,20.68,20.68,20.68,20.68,20.68,20.68,20.68,20.68,20.68,20.68
4682,20.68,20.68,20.68,20.68,20.68,20.68,20.68,20.68,20.68,20.68
4683,20.68,20.68,20.68,20.68,20.68,20.68,20.68,20.68,20.68,20.68
4684,20.68,20.68,20.68,20.68,20.68,20.68,20.68,20.68,20.68,20.68
4685,20.68,20.68,20.68,20.68,20.68,20.68,20.68,20.68,20.68,20.68
4686,20.68,20.68,20.68,20.68,20.68,20.68,20.68,20.68,20.68,20.68
4687,20.68,20.68,20.68,20.68,20.68,20.68,20.68,20.68,20.68,20.68
4688,20.68,20.68,20.68,20.68,20.68,20.68,20.68,20.68,20.68,20.68
4689,20.68,20.68,20.68,20.68,20.68,20.68,20.68,20.68,20.68,20.68
4690,20.68,20.68,20.68,20.68,20.68,20.68,20.68,20.68,20.68,20.68
4691,20.68,20.68,20.68,20.68,20.68,20.68,20.68,20.68,20.68,20.68
4692,20.68,20.68,20.68,20.68,20.68,20.68,20.68,20.68,20.68,20.68
4693,20.68,20.68,20.68,20.68,20.68,20.68,20.68,20.68,20.68,20.68
4694,20.68,20.68,20.68,20.68,20.68,20.68,20.68,20.68,20.68,20.68
4695,20.68,20.68,20.68,20.68,20.68,20.68,20.68,20.68,20.68,20.68
4696,20.68,20.68,20.68,20.68,20.68,20.68,20.68,20.68,20.68,20.68
4697,20.68,20.68,20.68,20.68,20.68,20.68,20.68,20.68,20.68,20.68
4698,20.68,20.68,20.68,20.68,20.68,20.68,20.68,20.68,20.68,20.68
4699,20.68,20.68,20.68,20.68,20.68,20.68,20.68,20.68,20.68,20.68
4700,20.68,20.68,20.68,20.68,20.68,20.68,20.68,20.68,20.68,20.68
4701,20.68,20.68,20.68,20.68,20.68,20.68,20.68,20.68,20.68,20.68
4702,20.68,20.68,20.68,20.68,20.68,20.68,20.68,20.68,20.68,20.68
4703,20.68,20.68,20.68,20.68,20.68,20.68,20.68,20.68,20.68,20.68
4704,20.68,20.68,20.68,20.68,20.68,20.68,20.68,20.68,20.68,20.68
4705,20.68,20.68,20.68,20.68,20.68,20.68,20.68,20.68,20.68,20.68
4706,20.68,20.68,20.68,20.68,20.68,20.68,20.68,20.68,20.68,20.68
4707,20.68,20.68,20.68,20.68,20.68,20.68,20.68,20.68,20.68,20.68
4708,20.68,20.68,20.68,20.68,20.68,20.68,20.68,20.68,20.68,20.68
4709,20.68,20.68,20.68,20.68,20.68,20.68,20.68,20.68,20.68,20.68
4710,20.68,20.68,20.68,20.68,20.68,20.68,20.68,20.68,20.68,20.68
4711,20.68,20.68,20.68,20.68,20.68,20.68,20.68,20.68,20.68,20.68
4712,20.68,20.68,20.68,20.68,20.68,20.68,20.68,20.68,20.68,20.68
4713,20.68,20.68,20.68,20.68,20.68,20.68,20.68,20.68,20.68,20.68
4714,20.68,20.68,20.68,20.68,20.68,20.68,20.68,20.68,20.68,20.68
4715,20.68,20.68,20.68,20.68,20.68,20.68,20.68,20.68,20.68,20.68
4716,20.68,20.68,20.68,20.68,20.68,20.68,20.68,20.68,20.68,20.68
4717,20.68,20.68,20.68,20.68,20.68,20.68,20.68,20.68,20.68,20.68
4718,20.68,20.68,20.68,20.68,20.68,20.68,20.68,20.68,20.68,20.68
4719,20.68,20.68,20.68,20.68,20.68,20.68,20.68,20.68,20.68,20.68
4720,20.68,20.68,20.68,20.68,20.68,20.68,20.68,20.68,20.68,20.68
4721,20.68,20.68,20.68,20.68,20.68,20.68,20.68,20.68,20.68,20.68
4722,20.68,20.68,20.68,20.68,20.68,20.68,20.68,20.68,20.68,20.68
4723,20.68,20.68,20.68,20.68,20.68,20.68,20.68,20.68,20.68,20.68
4724,20.68,20.68,20.68,20.68,20.68,20.68,20.68,20.68,20.68,20.68
4725,20.68,20.68,20.68,20.68,20.68,20.68,20.68,20.68,20.68,20.68
4726,20.68,20.68,20.68,20.68,20.68,20.68,20.68,20.68,20.68,20.68
4727,20.68,20.68,20.68,20.68,20.68,20.68,20.68,20.68,20.68,20.68
4728,20.68,20.68,20.68,20.68,20.68,20.68,20.68,20.68,20.68,20.68
4729,20.68,20.68,20.68,20.68,20.68,20.68,20.68,20.68,20.68,20.68
4730,20.68,20.68,20.68,20.68,20.68,20.68,20.68,20.68,20.68,20.68
4731,20.68,20.68,20.68,20.68,20.68,20.68,20.68,20.68,20.68,20.68
4732,20.68,20.68,20.68,20.68,20.68,20.68,20.68,20.68,20.68,20.68
4733,20.68,20.68,20.68,20.68,20.68,20.68,20.68,20.68,20.68,20.68
4734,20.68,20.68,20.68,20.68,20.68,20.68,20.68,20.68,20.68,20.68
4735,20.68,20.68,20.68,20.68,20.68,20.68,20.68,20.68,20.68,20.68
4736,20.68,20.68,20.68,20.68,20.68,20.68,20.68,20.68,20.68,20.68
4737,20.68,20.68,20.68,20.68,20.68,20.68,20.68,20.68,20.68,20.68
4738,20.68,20.68,20.68,20.68,20.68,20.68,20.68,20.68,20.68,20.68
4739,20.68,20.68,20.68,20.68,20.68,20.68,20.68,20.68,20.68,20.68
4740,20.68,20.68,20.68,20.68,20.68,20.68,20.68,20.68,20.68,20.68
4741,20.68,20.68,20.68,20.68,20.68,20.68,20.68,20.68,20.68,20.68
4742,20.68,20.68,20.68,20.68,20.68,20.68,20.68,20.68,20.68,20.68
4743,20.68,20.68,20.68,20.68,20.68,20.68,20.68,20.68,20.68,20.68
4744,20.68,20.68,20.68,20.68,20.68,20.68,20.68,20.68,20.68,20.68
4745,20.68,20.68,20.68,20.68,20.68,20.68,20.68,20.68,20.68,20.68
4746,20.68,20.68,20.68,20.68,20.68,20.68,20.68,20.68,20.68,20.68
4747,20.68,20.68,20.68,20.68,20.68,20.68,20.68,20.68,20.68,20.68
4748,20.68,20.68,20.68,20.68,20.68,20.68,20.68,20.68,20.68,20.68
4749,20.68,20.68,20.68,20.68,20.68,20.68,20.68,20.68,20.68,20.68
4750,20.68,20.68,20.68,20.68,20.68,20.68,20.68,20.68,20.68,20.68
4751,20.68,20.68,20.68,20.68,20.68,20.68,20.68,20.68,20.68,20.68
4752,20.68,20.68,20.68,20.68,20.68,20.68,20.68,20.68,20.68,20.68
4753,20.68,20.68,20.68,20.68,20.68,20.68,20.68,20.68,20.68,20.68
4754,20.68,20.68,20.68,20.68,20.68,20.68,20.68,20.68,20.68,20.68
4755,20.68,20.68,20.68,20.68,20.68,20.68,20.68,20.68,20.68,20.68
4756,20.68,20.68,20.68,20.68,20.68,20.68,20.68,20.68,20.68,20.68
4757,20.68,20.68,20.68,20.68,20.68,20.68,20.68,20.68,20.68,20.68
4758,20.68,20.68,20.68,20.68,20.68,20.68,20.68,20.68,20.68,20.68
4759,20.68,20.68,20.68,20.68,20.68,20.68,20.68,20.68,20.68,20.68
4760,20.68,20.68,20.68,20.68,20.68,20.68,20.68,20.68,20.68,20.68
4761,20.68,20.68,20.68,20.68,20.68,20.68,20.68,20.68,20.68,20.68
4762,20.68,20.68,20.68,20.68,20.68,20.68,20.68,20.68,20.68,20.68
4763,20.68,20.68,20.68,20.68,20.68,20.68,20.68,20.68,20.68,20.68
4764,20.68,20.68,20.68,20.68,20.68,20.68,20.68,20.68,20.68,20.68
4765,20.68,20.68,20.68,20.68,20.68,20.68,20.68,20.68,20.68,20.68
4766,20.68,20.68,20.68,20.68,20.68,20.68,20.68,20.68,20.68,20.68
4767,20.68,20.68,20.68,20.68,20.68,20.68,20.68,20.68,20.68,20.68
4768,20.68,20.68,20.68,20.68,20.68,20.68,20.68,20.68,20.68,20.68
4769,20.68,20.68,20.68,20.68,20.68,20.68,20.68,20.68,20.68,20.68
4770,20.68,20.68,20.68,20.68,20.68,20.68,20.68,20.68,20.68,20.68
4771,20.68,20.68,20.68,20.68,20.68,20.68,20.68,20.68,20.68,20.68
4772,20.68,20.68,20.68,20.68,20.68,20.68,20.68,20.68,20.68,20.68
4773,20.68,20.68,20.68,20.68,20.68,20.68,20.68,20.68,20.68,20.68
4774,20.68,20.68,20.68,20.68,20.68,20.68,20.68,20.68,20.68,20.68
4775,20.68,20.68,20.68,20.68,20.68,20.68,20.68,20.68,20.68,20.68
4776,20.68,20.68,20.68,20.68,20.68,20.68,20.68,20.68,20.68,20.68
4777,20.68,20.68,20.68,20.68,20.68,20.68,20.68,20.68,20.68,20.68
4778,20.68,20.68,20.68,20.68,20.68,20.68,20.68,20.68,20.68,20.68
4779,20.68,20.68,20.68,20.68,20.68,20.68,20.68,20.68,20.68,20.68
4780,20.68,20.68,20.68,20.68,20.68,20.68,20.68,20.68,20.68,20.68
4781,20.68,20.68,20.68,20.68,20.68,20.68,20.68,20.68,20.68,20.68
4782,20.68,20.68,20.68,20.68,20.68,20.68,20.68,20.68,20.68,20.68
4783,20.68,20.68,20.68,20.68,20.68,20.68,20.68,20.68,20.68,20.68
4784,20.68,20.68,20.68,20.68,20.68,20.68,20.68,20.68,20.68,20.68
4785,20.68,20.68,20.68,20.68,20.68,20.68,20.68,20.68,20.68,20.68
4786,20.68,20.68,20.68,20.68,20.68,20.68,20.68,20.68,20.68,20.68
4787,20.68,20.68,20.68,20.68,20.68,20.68,20.68,20.68,20.68,20.68
4788,20.68,20.68,20.68,20.68,20.68,20.68,20.68,20.68,20.68,20.68
4789,20.68,20.68,20.68,20.68,20.68,20.68,20.68,20.68,20.68,20.68
4790,20.68,20.68,20.68,20.68,20.68,20.68,20.68,20.68,20.68,20.68
4791,20.68,20.68,20.68,20.68,20.68,20.68,20.68,20.68,20.68,20.68
4792,20.68,20.68,20.68,20.68,20.68,20.68,20.68,20.68,20.68,20.68
4793,20.68,20.68,20.68,20.68,20.68,20.68,20.68,20.68,20.68,20.68
4794,20.68,20.68,20.68,20.68,20.68,20.68,20.68,20.68,20.68,20.68
4795,20.68,20.68,20.68,20.68,20.68,20.68,20.68,20.68,20.68,20.68
4796,20.68,20.68,20.68,20.68,20.68,20.68,20.68,20.68,20.68,20.68
4797,20.68,20.68,20.68,20.68,20.68,20.68,20.68,20.68,20.68,20.68
4798,20.68,20.68,20.68,20.68,20.68,20.68,20.68,20.68,20.68,20.68
4799,20.68,20.68,20.68,20.68,20.68,20.68,20.68,20.68,20.68,20.68
4800,20.68,20.68,20.68,20.68,20.68,20.68,20.68,20.68,20.68,20.68
4801,20.68,20.68,20.68,20.68,20.68,20.68,20.68,20.68,20.68,20.68
4802,20.68,20.68,20.68,20.68,20.68,20.68,20.68,20.68,20.68,20.68
4803,20.68,20.68,20.68,20.68,20.68,20.68,20.68,20.68,20.68,20.68
4804,20.68,20.68,20.68,20.68,20.68,20.68,20.68,20.68,20.68,20.68
4805,20.68,20.68,20.68,20.68,20.68,20.68,20.68,20.68,20.68,20.68
4806,20.68,20.68,20.68,20.68,20.68,20.68,20.68,20.68,20.68,20.68
4807,20.68,20.68,20.68,20.68,20.68,20.68,20.68,20.68,20.68,20.68
4808,20.68,20.68,20.68,20.68,20.68,20.68,20.68,20.68,20.68,20.68
4809,20.68,20.68,20.68,20.68,20.68,20.68,20.68,20.68,20.68,20.68
4810,20.68,20.68,20.68,20.68,20.68,20.68,20.68,20.68,20.68,20.68
4811,20.68,20.68,20.68,20.68,20.68,20.68,20.68,20.68,20.68,20.68
4812,20.68,20.68,20.68,20.68,20.68,20.68,20.68,20.68,20.68,20.68
4813,20.68,20.68,20.68,20.68,20.68,20.68,20.68,20.68,20.68,20.68
4814,20.68,20.68,20.68,20.68,20.68,20.68,20.68,20.68,20.68,20.68
4815,20.68,20.68,20.68,20.68,20.68,20.68,20.68,20.68,20.68,20.68
4816,20.68,20.68,20.68,20.68,20.68,20.68,20.68,20.68,20.68,20.68
4817,20.68,20.68,20.68,20.68,20.68,20.68,20.68,20.68,20.68,20.68
4818,20.68,20.68,20.68,20.68,20.68,20.68,20.68,20.68,20.68,20.68
4819,20.68,20.68,20.68,20.68,20.68,20.68,20.68,20.68,20.68,20.68
4820,20.68,20.68,20.68,20.68,20.68,20.68,20.68,20.68,20.68,20.68
4821,20.68,20.68,20.68,20.68,20.68,20.68,20.68,20.68,20.68,20.68
4822,20.68,20.68,20.68,20.68,20.68,20.68,20.68,20.68,20.68,20.68
4823,20.68,20.68,20.68,20.68,20.68,20.68,20.68,20.68,20.68,20.68
4824,20.68,20.68,20.68,20.68,20.68,20.68,20.68,20.68,20.68,20.68
4825,20.68,20.68,20.68,20.68,20.68,20.68,20.68,20.68,20.68,20.68
4826,20.68,20.68,20.68,20.68,20.68,20.68,20.68,20.68,20.68,20.68
4827,20.68,20.68,20.68,20.68,20.68,20.68,20.68,20.68,20.68,20.68
4828,20.68,20.68,20.68,20.68,20.68,20.68,20.68,20.68,20.68,20.68
4829,20.68,20.68,20.68,20.68,20.68,20.68,20.68,20.68,20.68,20.68
4830,20.68,20.68,20.68,20.68,20.68,20.68,20.68,20.68,20.68,20.68
4831,20.68,20.68,20.68,20.68,20.68,20.68,20.68,20.68,20.68,20.68
4832,20.68,20.68,20.68,20.68,20.68,20.68,20.68,20.68,20.68,20.68
4833,20.68,20.68,20.68,20.68,20.68,20.68,20.68,20.68,20.68,20.68
4834,20.68,20.68,20.68,20.68,20.68,20.68,20.68,20.68,20.68,20.68
4835,20.68,20.68,20.68,20.68,20.68,20.68,20.68,20.68,20.68,20.68
4836,20.68,20.68,20.68,20.68,20.68,20.68,20.68,20.68,20.68,20.68
4837,20.68,20.68,20.68,20.68,20.68,20.68,20.68,20.68,20.68,20.68
4838,20.68,20.68,20.68,20.68,20.68,20.68,20.68,20.68,20.68,20.68
4839,20.68,20.68,20.68,20.68,20.68,20.68,20.68,20.68,20.68,20.68
4840,20.68,20.68,20.68,20.68,20.68,20.68,20.68,20.68,20.68,20.68
4841,20.68,20.68,20.68,20.68,20.68,20.68,20.68,20.68,20.68,20.68
4842,20.68,20.68,20.68,20.68,20.68,20.68,20.68,20.68,20.68,20.68
4843,20.68,20.68,20.68,20.68,20.68,20.68,20.68,20.68,20.68,20.68
4844,20.68,20.68,20.68,20.68,20.68,20.68,20.68,20.68,20.68,20.68
4845,20.68,20.68,20.68,20.68,20.68,20.68,20.68,20.68,20.68,20.68
4846,20.68,20.68,20.68,20.68,20.68,20.68,20.68,20.68,20.68,20.68
4847,20.68,20.68,20.68,20.68,20.68,20.68,20.68,20.68,20.68,20.68
4848,20.68,20.68,20.68,20.68,20.68,20.68,20.68,20.68,20.68,20.68
4849,20.68,20.68,20.68,20.68,20.68,20.68,20.68,20.68,20.68,20.68
4850,20.68,20.68,20.68,20.68,20.68,20.68,20.68,20.68,20.68,20.68
4851,20.68,20.68,20.68,20.68,20.68,20.68,20.68,20.68,20.68,20.68
4852,20.68,20.68,20.68,20.68,20.68,20.68,20.68,20.68,20.68,20.68
4853,20.68,20.68,20.68,20.68,20.68,20.68,20.68,20.68,20.68,20.68
4854,20.68,20.68,20.68,20.68,20.68,20.68,20.68,20.68,20.68,20.68
4855,20.68,20.68,20.68,20.68,20.68,20.68,20.68,20.68,20.68,20.68
4856,20.68,20.68,20.68,20.68,20.68,20.68,20.68,20.68,20.68,20.68
4857,20.68,20.68,20.68,20.68,20.68,20.68,20.68,20.68,20.68,20.68
4858,20.68,20.68,20.68,20.68,20.68,20.68,20.68,20.68,20.68,20.68
4859,20.68,20.68,20.68,20.68,20.68,20.68,20.68,20.68,20.68,20.68
4860,20.68,20.68,20.68,20.68,20.68,20.68,20.68,20.68,20.68,20.68
4861,20.68,20.68,20.68,20.68,20.68,20.68,20.68,20.68,20.68,20.68
4862,20.68,20.68,20.68,20.68,20.68,20.68,20.68,20.68,20.68,20.68
4863,20.68,20.68,20.68,20.68,20.68,20.68,20.68,20.68,20.68,20.68
4864,20.68,20.68,20.68,20.68,20.68,20.68,20.68,20.68,20.68,20.68
4865,20.68,20.68,20.68,20.68,20.68,20.68,20.68,20.68,20.68,20.68
4866,20.68,20.68,20.68,20.68,20.68,20.68,20.68,20.68,20.68,20.68
4867,20.68,20.68,20.68,20.68,20.68,20.68,20.68,20.68,20.68,20.68
4868,20.68,20.68,20.68,20.68,20.68,20.68,20.68,20.68,20.68,20.68
4869,20.68,20.68,20.68,20.68,20.68,20.68,20.68,20.68,20.68,20.68
4870,20.68,20.68,20.68,20.68,20.68,20.68,20.68,20.68,20.68,20.68
4871,20.68,20.68,20.68,20.68,20.68,20.68,20.68,20.68,20.68,20.68
4872,20.68,20.68,20.68,20.68,20.68,20.68,20.68,20.68,20.68,20.68
4873,20.68,20.68,20.68,20.68,20.68,20.68,20.68,20.68,20.68,20.68
4874,20.68,20.68,20.68,20.68,20.68,20.68,20.68,20.68,20.68,20.68
4875,20.68,20.68,20.68,20.68,20.68,20.68,20.68,20.68,20.68,20.68
4876,20.68,20.68,20.68,20.68,20.68,20.68,20.68,20.68,20.68,20.68
4877,20.68,20.68,20.68,20.68,20.68,20.68,20.68,20.68,20.68,20.68
4878,20.68,20.68,20.68,20.68,20.68,20.68,20.68,20.68,20.68,20.68
4879,20.68,20.68,20.68,20.68,20.68,20.68,20.68,20.68,20.68,20.68
4880,20.68,20.68,20.68,20.68,20.68,20.68,20.68,20.68,20.68,20.68
4881,20.68,20.68,20.68,20.68,20.68,20.68,20.68,20.68,20.68,20.68
4882,20.68,20.68,20.68,20.68,20.68,20.68,20.68,20.68,20.68,20.68
4883,20.68,20.68,20.68,20.68,20.68,20.68,20.68,20.68,20.68,20.68
4884,20.68,20.68,20.68,20.68,20.68,20.68,20.68,20.68,20.68,20.68
4885,20.68,20.68,20.68,20.68,20.68,20.68,20.68,20.68,20.68,20.68
4886,20.68,20.68,20.68,20.68,20.68,20.68,20.68,20.68,20.68,20.68
4887,20.68,20.68,20.68,20.68,20.68,20.68,20.68,20.68,20.68,20.68
4888,20.68,20.68,20.68,20.68,20.68,20.68,20.68,20.68,20.68,20.68
4889,20.68,20.68,20.68,20.68,20.68,20.68,20.68,20.68,20.68,20.68
4890,20.68,20.68,20.68,20.68,20.68,20.68,20.68,20.68,20.68,20.68
4891,20.68,20.68,20.68,20.68,20.68,20.68,20.68,20.68,20.68,20.68
4892,20.68,20.68,20.68,20.68,20.68,20.68,20.68,20.68,20.68,20.68
4893,20.68,20.68,20.68,20.68,20.68,20.68,20.68,20.68,20.68,20.68
4894,20.68,20.68,20.68,20.68,20.68,20.68,20.68,20.68,20.68,20.68
4895,20.68,20.68,20.68,20.68,20.68,20.68,20.68,20.68,20.68,20.68
4896,20.68,20.68,20.68,20.68,20.68,20.68,20.68,20.68,20.68,20.68
4897,20.68,20.68,20.68,20.68,20.68,20.68,20.68,20.68,20.68,20.68
4898,20.68,20.68,20.68,20.68,20.68,20.68,20.68,20.68,20.68,20.68
4899,20.68,20.68,20.68,20.68,20.68,20.68,20.68,20.68,20.68,20.68
4900,20.68,20.68,20.68,20.68,20.68,20.68,20.68,20.68,20.68,20.68
4901,20.68,20.68,20.68,20.68,20.68,20.68,20.68,20.68,20.68,20.68
4902,20.68,20.68,20.68,20.68,20.68,20.68,20.68,20.68,20.68,20.68
4903,20.68,20.68,20.68,20.68,20.68,20.68,20.68,20.68,20.68,20.68
4904,20.68,20.68,20.68,20.68,20.68,20.68,20.68,20.68,20.68,20.68
4905,20.68,20.68,20.68,20.68,20.68,20.68,20.68,20.68,20.68,20.68
4906,20.68,20.68,20.68,20.68,20.68,20.68,20.68,20.68,20.68,20.68
4907,20.68,20.68,20.68,20.68,20.68,20.68,20.68,20.68,20.68,20.68
4908,20.68,20.68,20.68,20.68,20.68,20.68,20.68,20.68,20.68,20.68
4909,20.68,20.68,20.68,20.68,20.68,20.68,20.68,20.68,20.68,20.68
4910,20.68,20.68,20.68,20.68,20.68,20.68,20.68,20.68,20.68,20.68
4911,20.68,20.68,20.68,20.68,20.68,20.68,20.68,20.68,20.68,20.68
4912,20.68,20.68,20.68,20.68,20.68,20.68,20.68,20.68,20.68,20.68
4913,20.68,20.68,20.68,20.68,20.68,20.68,20.68,20.68,20.68,20.68
4914,20.68,20.68,20.68,20.68,20.68,20.68,20.68,20.68,20.68,20.68
4915,20.68,20.68,20.68,20.68,20.68,20.68,20.68,20.68,20.68,20.68
4916,20.68,20.68,20.68,20.68,20.68,20.68,20.68,20.68,20.68,20.68
4917,20.68,20.68,20.68,20.68,20.68,20.68,20.68,20.68,20.68,20.68
4918,20.68,20.68,20.68,20.68,20.68,20.68,20.68,20.68,20.68,20.68
4919,20.68,20.68,20.68,20.68,20.68,20.68,20.68,20.68,20.68,20.68
4920,20.68,20.68,20.68,20.68,20.68,20.68,20.68,20.68,20.68,20.68
4921,20.68,20.68,20.68,20.68,20.68,20.68,20.68,20.68,20.68,20.68
4922,20.68,20.68,20.68,20.68,20.68,20.68,20.68,20.68,20.68,20.68
4923,20.68,20.68,20.68,20.68,20.68,20.68,20.68,20.68,20.68,20.68
4924,20.68,20.68,20.68,20.68,20.68,20.68,20.68,20.68,20.68,20.68
4925,20.68,20.68,20.68,20.68,20.68,20.68,20.68,20.68,20.68,20.68
4926,20.68,20.68,20.68,20.68,20.68,20.68,20.68,20.68,20.68,20.68
4927,20.68,20.68,20.68,20.68,20.68,20.68,20.68,20.68,20.68,20.68
4928,20.68,20.68,20.68,20.68,20.68,20.68,20.68,20.68,20.68,20.68
4929,20.68,20.68,20.68,20.68,20.68,20.68,20.68,20.68,20.68,20.68
4930,20.68,20.68,20.68,20.68,20.68,20.68,20.68,20.68,20.68,20.68
4931,20.68,20.68,20.68,20.68,20.68,20.68,20.68,20.68,20.68,20.68
4932,20.68,20.68,20.68,20.68,20.68,20.68,20.68,20.68,20.68,20.68
4933,20.68,20.68,20.68,20.68,20.68,20.68,20.68,20.68,20.68,20.68
4934,20.68,20.68,20.68,20.68,20.68,20.68,20.68,20.68,20.68,20.68
4935,20.68,20.68,20.68,20.68,20.68,20.68,20.68,20.68,20.68,20.68
4936,20.68,20.68,20.68,20.68,20.68,20.68,20.68,20.68,20.68,20.68
4937,20.68,20.68,20.68,20.68,20.68,20.68,20.68,20.68,20.68,20.68
4938,20.68,20.68,20.68,20.68,20.68,20.68,20.68,20.68,20.68,20.68
4939,20.68,20.68,20.68,20.68,20.68,20.68,20.68,20.68,20.68,20.68
4940,20.68,20.68,20.68,20.68,20.68,20.68,20.68,20.68,20.68,20.68
4941,20.68,20.68,20.68,20.68,20.68,20.68,20.68,20.68,20.68,20.68
4942,20.68,20.68,20.68,20.68,20.68,20.68,20.68,20.68,20.68,20.68
4943,20.68,20.68,20.68,20.68,20.68,20.68,20.68,20.68,20.68,20.68
4944,20.68,20.68,20.68,20.68,20.68,20.68,20.68,20.68,20.68,20.68
4945,20.68,20.68,20.68,20.68,20.68,20.68,20.68,20.68,20.68,20.68
4946,20.68,20.68,20.68,20.68,20.68,20.68,20.68,20.68,20.68,20.68
4947,20.68,20.68,20.68,20.68,20.68,20.68,20.68,20.68,20.68,20.68
4948,20.68,20.68,20.68,20.68,20.68,20.68,20.68,20.68,20.68,20.68
4949,20.68,20.68,20.68,20.68,20.68,20.68,20.68,20.68,20.68,20.68
4950,20.68,20.68,20.68,20.68,20.68,20.68,20.68,20.68,20.68,20.68
4951,20.68,20.68,20.68,20.68,20.68,20.68,20.68,20.68,20.68,20.68
4952,20.68,20.68,20.68,20.68,20.68,20.68,20.68,20.68,20.68,20.68
4953,20.68,20.68,20.68,20.68,20.68,20.68,20.68,20.68,20.68,20.68
4954,20.68,20.68,20.68,20.68,20.68,20.68,20.68,20.68,20.68,20.68
4955,20.68,20.68,20.68,20.68,20.68,20.68,20.68,20.68,20.68,20.68
4956,20.68,20.68,20.68,20.68,20.68,20.68,20.68,20.68,20.68,20.68
4957,20.68,20.68,20.68,20.68,20.68,20.68,20.68,20.68,20.68,20.68
4958,20.68,20.68,20.68,20.68,20.68,20.68,20.68,20.68,20.68,20.68
4959,20.68,20.68,20.68,20.68,20.68,20.68,20.68,20.68,20.68,20.68
4960,20.68,20.68,20.68,20.68,20.68,20.68,20.68,20.68,20.68,20.68
4961,20.68,20.68,20.68,20.68,20.68,20.68,20.68,20.68,20.68,20.68
4962,20.68,20.68,20.68,20.68,20.68,20.68,20.68,20.68,20.68,20.68
4963,20.68,20.68,20.68,20.68,20.68,20.68,20.68,20.68,20.68,20.68
4964,20.68,20.68,20.68,20.68,20.68,20.68,20.68,20.68,20.68,20.68
4965,20.68,20.68,20.68,20.68,20.68,20.68,20.68,20.68,20.68,20.68
4966,20.68,20.68,20.68,20.68,20.68,20.68,20.68,20.68,20.68,20.68
4967,20.68,20.68,20.68,20.68,20.68,20.68,20.68,20.68,20.68,20.68
4968,20.68,20.68,20.68,20.68,20.68,20.68,20.68,20.68,20.68,20.68
4969,20.68,20.68,20.68,20.68,20.68,20.68,20.68,20.68,20.68,20.68
4970,20.68,20.68,20.68,20.68,20.68,20.68,20.68,20.68,20.68,20.68
4971,20.68,20.68,20.68,20.68,20.68,20.68,20.68,20.68,20.68,20.68
4972,20.68,20.68,20.68,20.68,20.68,20.68,20.68,20.68,20.68,20.68
4973,20.68,20.68,20.68,20.68,20.68,20.68,20.68,20.68,20.68,20.68
4974,20.68,20.68,20.68,20.68,20.68,20.68,20.68,20.68,20.68,20.68
4975,20.68,20.68,20.68,20.68,20.68,20.68,20.68,20.68,20.68,20.68
4976,20.68,20.68,20.68,20.68,20.68,20.68,20.68,20.68,20.68,20.68
4977,20.68,20.68,20.68,20.68,20.68,20.68,20.68,20.68,20.68,20.68
4978,20.68,20.68,20.68,20.68,20.68,20.68,20.68,20.68,20.68,20.68
4979,20.68,20.68,20.68,20.68,20.68,20.68,20.68,20.68,20.68,20.68
4980,20.68,20.68,20.68,20.68,20.68,20.68,20.68,20.68,20.68,20.68
4981,20.68,20.68,20.68,20.68,20.68,20.68,20.68,20.68,20.68,20.68
4982,20.68,20.68,20.68,20.68,20.68,20.68,20.68,20.68,20.68,20.68
4983,20.68,20.68,20.68,20.68,20.68,20.68,20.68,20.68,20.68,20.68
4984,20.68,20.68,20.68,20.68,20.68,20.68,20.68,20.68,20.68,20.68
4985,20.68,20.68,20.68,20.68,20.68,20.68,20.68,20.68,20.68,20.68
4986,20.68,20.68,20.68,20.68,20.68,20.68,20.68,20.68,20.68,20.68
4987,20.68,20.68,20.68,20.68,20.68,20.68,20.68,20.68,20.68,20.68
4988,20.68,20.68,20.68,20.68,20.68,20.68,20.68,20.68,20.68,20.68
4989,20.68,20.68,20.68,20.68,20.68,20.68,20.68,20.68,20.68,20.68
4990,20.68,20.68,20.68,20.68,20.68,20.68,20.68,20.68,20.68,20.68
4991,20.68,20.68,20.68,20.68,20.68,20.68,20.68,20.68,20.68,20.68
4992,20.68,20.68,20.68,20.68,20.68,20.68,20.68,20.68,20.68,20.68
4993,20.68,20.68,20.68,20.68,20.68,20.68,20.68,20.68,20.68,20.68
4994,20.68,20.68,20.68,20.68,20.68,20.68,20.68,20.68,20.68,20.68
4995,20.68,20.68,20.68,20.68,20.68,20.68,20.68,20.68,20.68,20.68
4996,20.68,20.68,20.68,20.68,20.68,20.68,20.68,20.68,20.68,20.68
4997,20.68,20.68,20.68,20.68,20.68,20.68,20.68,20.68,20.68,20.68
4998,20.68,20.68,20.68,20.68,20.68,20.68,20.68,20.68,20.68,20.68
4999,20.68,20.68,20.68,20.68,20.68,20.68,20.68,20.68,20.68,20.68
5000,20.68,20.68,20.68,20.68,20.68,20.68,20.68,20.68,20.68,20.68
5001,20.68,20.68,20.68,20.68,20.68,20.68,20.68,20.68,20.68,20.68
5002,20.68,20.68,20.68,20.68,20.68,20.68,20.68,20.68,20.68,20.68
5003,20.68,20.68,20.68,20.68,20.68,20.68,20.68,20.68,20.68,20.68
5004,20.68,20.68,20.68,20.68,20.68,20.68,20.68,20.68,20.68,20.68
5005,20.68,20.68,20.68,20.68,20.68,20.68,20.68,20.68,20.68,20.68
5006,20.68,20.68,20.68,20.68,20.68,20.68,20.68,20.68,20.68,20.68
5007,20.68,20.68,20.68,20.68,20.68,20.68,20.68,20.68,20.68,20.68
5008,20.68,20.68,20.68,20.68,20.68,20.68,20.68,20.68,20.68,20.68
5009,20.68,20.68,20.68,20.68,20.68,20.68,20.68,20.68,20.68,20.68
5010,20.68,20.68,20.68,20.68,20.68,20.68,20.68,20.68,20.68,20.68
5011,20.68,20.68,20.68,20.68,20.68,20.68,20.68,20.68,20.68,20.68
5012,20.68,20.68,20.68,20.68,20.68,20.68,20.68,20.68,20.68,20.68
5013,20.68,20.68,20.68,20.68,20.68,20.68,20.68,20.68,20.68,20.68
5014,20.68,20.68,20.68,20.68,20.68,20.68,20.68,20.68,20.68,20.68
5015,20.68,20.68,20.68,20.68,20.68,20.68,20.68,20.68,20.68,20.68
5016,20.68,20.68,20.68,20.68,20.68,20.68,20.68,20.68,20.68,20.68
5017,20.68,20.68,20.68,20.68,20.68,20.68,20.68,20.68,20.68,20.68
5018,20.68,20.68,20.68,20.68,20.68,20.68,20.68,20.68,20.68,20.68
5019,20.68,20.68,20.68,20.68,20.68,20.68,20.68,20.68,20.68,20.68
5020,20.68,20.68,20.68,20.68,20.68,20.68,20.68,20.68,20.68,20.68
5021,20.68,20.68,20.68,20.68,20.68,20.68,20.68,20.68,20.68,20.68
5022,20.68,20.68,20.68,20.68,20.68,20.68,20.68,20.68,20.68,20.68
5023,20.68,20.68,20.68,20.68,20.68,20.68,20.68,20.68,20.68,20.68
5024,20.68,20.68,20.68,20.68,20.68,20.68,20.68,20.68,20.68,20.68
5025,20.68,20.68,20.68,20.68,20.68,20.68,20.68,20.68,20.68,20.68
5026,20.68,20.68,20.68,20.68,20.68,20.68,20.68,20.68,20.68,20.68
5027,20.68,20.68,20.68,20.68,20.68,20.68,20.68,20.68,20.68,20.68
5028,20.68,20.68,20.68,20.68,20.68,20.68,20.68,20.68,20.68,20.68
5029,20.68,20.68,20.68,20.68,20.68,20.68,20.68,20.68,20.68,20.68
5030,20.68,20.68,20.68,20.68,20.68,20.68,20.68,20.68,20.68,20.68
5031,20.68,20.68,20.68,20.68,20.68,20.68,20.68,20.68,20.68,20.68
5032,20.68,20.68,20.68,20.68,20.68,20.68,20.68,20.68,20.68,20.68
5033,20.68,20.68,20.68,20.68,20.68,20.68,20.68,20.68,20.68,20.68
5034,20.68,20.68,20.68,20.68,20.68,20.68,20.68,20.68,20.68,20.68
5035,20.68,20.68,20.68,20.68,20.68,20.68,20.68,20.68,20.68,20.68
5036,20.68,20.68,20.68,20.68,20.68,20.68,20.68,20.68,20.68,20.68
5037,20.68,20.68,20.68,20.68,20.68,20.68,20.68,20.68,20.68,20.68
5038,20.68,20.68,20.68,20.68,20.68,20.68,20.68,20.68,20.68,20.68
5039,20.68,20.68,20.68,20.68,20.68,20.68,20.68,20.68,20.68,20.68
5040,20.68,20.68,20.68,20.68,20.68,20.68,20.68,20.68,20.68,20.68
5041,20.68,20.68,20.68,20.68,20.68,20.68,20.68,20.68,20.68,20.68
5042,20.68,20.68,20.68,20.68,20.68,20.68,20.68,20.68,20.68,20.68
5043,20.68,20.68,20.68,20.68,20.68,20.68,20.68,20.68,20.68,20.68
5044,20.68,20.68,20.68,20.68,20.68,20.68,20.68,20.68,20.68,20.68
5045,20.68,20.68,20.68,20.68,20.68,20.68,20.68,20.68,20.68,20.68
5046,20.68,20.68,20.68,20.68,20.68,20.68,20.68,20.68,20.68,20.68
5047,20.68,20.68,20.68,20.68,20.68,20.68,20.68,20.68,20.68,20.68
5048,20.68,20.68,20.68,20.68,20.68,20.68,20.68,20.68,20.68,20.68
5049,20.68,20.68,20.68,20.68,20.68,20.68,20.68,20.68,20.68,20.68
5050,20.68,20.68,20.68,20.68,20.68,20.68,20.68,20.68,20.68,20.68
5051,20.68,20.68,20.68,20.68,20.68,20.68,20.68,20.68,20.68,20.68
5052,20.68,20.68,20.68,20.68,20.68,20.68,20.68,20.68,20.68,20.68
5053,20.68,20.68,20.68,20.68,20.68,20.68,20.68,20.68,20.68,20.68
5054,20.68,20.68,20.68,20.68,20.68,20.68,20.68,20.68,20.68,20.68
5055,20.68,20.68,20.68,20.68,20.68,20.68,20.68,20.68,20.68,20.68
5056,20.68,20.68,20.68,20.68,20.68,20.68,20.68,20.68,20.68,20.68
5057,20.68,20.68,20.68,20.68,20.68,20.68,20.68,20.68,20.68,20.68
5058,20.68,20.68,20.68,20.68,20.68,20.68,20.68,20.68,20.68,20.68
5059,20.68,20.68,20.68,20.68,20.68,20.68,20.68,20.68,20.68,20.68
5060,20.68,20.68,20.68,20.68,20.68,20.68,20.68,20.68,20.68,20.68
5061,20.68,20.68,20.68,20.68,20.68,20.68,20.68,20.68,20.68,20.68
5062,20.68,20.68,20.68,20.68,20.68,20.68,20.68,20.68,20.68,20.68
5063,20.68,20.68,20.68,20.68,20.68,20.68,20.68,20.68,20.68,20.68
5064,20.68,20.68,20.68,20.68,20.68,20.68,20.68,20.68,20.68,20.68
5065,20.68,20.68,20.68,20.68,20.68,20.68,20.68,20.68,20.68,20.68
5066,20.68,20.68,20.68,20.68,20.68,20.68,20.68,20.68,20.68,20.68
5067,20.68,20.68,20.68,20.68,20.68,20.68,20.68,20.68,20.68,20.68
5068,20.68,20.68,20.68,20.68,20.68,20.68,20.68,20.68,20.68,20.68
5069,20.68,20.68,20.68,20.68,20.68,20.68,20.68,20.68,20.68,20.68
5070,20.68,20.68,20.68,20.68,20.68,20.68,20.68,20.68,20.68,20.68
5071,20.68,20.68,20.68,20.68,20.68,20.68,20.68,20.68,20.68,20.68
5072,20.68,20.68,20.68,20.68,20.68,20.68,20.68,20.68,20.68,20.68
5073,20.68,20.68,20.68,20.68,20.68,20.68,20.68,20.68,20.68,20.68
5074,20.68,20.68,20.68,20.68,20.68,20.68,20.68,20.68,20.68,20.68
5075,20.68,20.68,20.68,20.68,20.68,20.68,20.68,20.68,20.68,20.68
5076,20.68,20.68,20.68,20.68,20.68,20.68,20.68,20.68,20.68,20.68
5077,20.68,20.68,20.68,20.68,20.68,20.68,20.68,20.68,20.68,20.68
5078,20.68,20.68,20.68,20.68,20.68,20.68,20.68,20.68,20.68,20.68
5079,20.68,20.68,20.68,20.68,20.68,20.68,20.68,20.68,20.68,20.68
5080,20.68,20.68,20.68,20.68,20.68,20.68,20.68,20.68,20.68,20.68
5081,20.68,20.68,20.68,20.68,20.68,20.68,20.68,20.68,20.68,20.68
5082,20.68,20.68,20.68,20.68,20.68,20.68,20.68,20.68,20.68,20.68
5083,20.68,20.68,20.68,20.68,20.68,20.68,20.68,20.68,20.68,20.68
5084,20.68,20.68,20.68,20.68,20.68,20.68,20.68,20.68,20.68,20.68
5085,20.68,20.68,20.68,20.68,20.68,20.68,20.68,20.68,20.68,20.68
5086,20.68,20.68,20.68,20.68,20.68,20.68,20.68,20.68,20.68,20.68
5087,20.68,20.68,20.68,20.68,20.68,20.68,20.68,20.68,20.68,20.68
5088,20.68,20.68,20.68,20.68,20.68,20.68,20.68,20.68,20.68,20.68
5089,20.68,20.68,20.68,20.68,20.68,20.68,20.68,20.68,20.68,20.68
5090,20.68,20.68,20.68,20.68,20.68,20.68,20.68,20.68,20.68,20.68
5091,20.68,20.68,20.68,20.68,20.68,20.68,20.68,20.68,20.68,20.68
5092,20.68,20.68,20.68,20.68,20.68,20.68,20.68,20.68,20.68,20.68
5093,20.68,20.68,20.68,20.68,20.68,20.68,20.68,20.68,20.68,20.68
5094,20.68,20.68,20.68,20.68,20.68,20.68,20.68,20.68,20.68,20.68
5095,20.68,20.68,20.68,20.68,20.68,20.68,20.68,20.68,20.68,20.68
5096,20.68,20.68,20.68,20.68,20.68,20.68,20.68,20.68,20.68,20.68
5097,20.68,20.68,20.68,20.68,20.68,20.68,20.68,20.68,20.68,20.68
5098,20.68,20.68,20.68,20.68,20.68,20.68,20.68,20.68,20.68,20.68
5099,20.68,20.68,20.68,20.68,20.68,20.68,20.68,20.68,20.68,20.68
5100,20.68,20.68,20.68,20.68,20.68,20.68,20.68,20.68,20.68,20.68
5101,20.68,20.68,20.68,20.68,20.68,20.68,20.68,20.68,20.68,20.68
5102,20.68,20.68,20.68,20.68,20.68,20.68,20.68,20.68,20.68,20.68
5103,20.68,20.68,20.68,20.68,20.68,20.68,20.68,20.68,20.68,20.68
5104,20.68,20.68,20.68,20.68,20.68,20.68,20.68,20.68,20.68,20.68
5105,20.68,20.68,20.68,20.68,20.68,20.68,20.68,20.68,20.68,20.68
5106,20.68,20.68,20.68,20.68,20.68,20.68,20.68,20.68,20.68,20.68
5107,20.68,20.68,20.68,20.68,20.68,20.68,20.68,20.68,20.68,20.68
5108,20.68,20.68,20.68,20.68,20.68,20.68,20.68,20.68,20.68,20.68
5109,20.68,20.68,20.68,20.68,20.68,20.68,20.68,20.68,20.68,20.68
5110,20.68,20.68,20.68,20.68,20.68,20.68,20.68,20.68,20.68,20.68
5111,20.68,20.68,20.68,20.68,20.68,20.68,20.68,20.68,20.68,20.68
5112,20.68,20.68,20.68,20.68,20.68,20.68,20.68,20.68,20.68,20.68
5113,20.68,20.68,20.68,20.68,20.68,20.68,20.68,20.68,20.68,20.68
5114,20.68,20.68,20.68,20.68,20.68,20.68,20.68,20.68,20.68,20.68
5115,20.68,20.68,20.68,20.68,20.68,20.68,20.68,20.68,20.68,20.68
5116,20.68,20.68,20.68,20.68,20.68,20.68,20.68,20.68,20.68,20.68
5117,20.68,20.68,20.68,20.68,20.68,20.68,20.68,20.68,20.68,20.68
5118,20.68,20.68,20.68,20.68,20.68,20.68,20.68,20.68,20.68,20.68
5119,20.68,20.68,20.68,20.68,20.68,20.68,20.68,20.68,20.68,20.68
5120,20.68,20.68,20.68,20.68,20.68,20.68,20.68,20.68,20.68,20.68
5121,20.68,20.68,20.68,20.68,20.68,20.68,20.68,20.68,20.68,20.68
5122,20.68,20.68,20.68,20.68,20.68,20.68,20.68,20.68,20.68,20.68
5123,20.68,20.68,20.68,20.68,20.68,20.68,20.68,20.68,20.68,20.68
5124,20.68,20.68,20.68,20.68,20.68,20.68,20.68,20.68,20.68,20.68
5125,20.68,20.68,20.68,20.68,20.68,20.68,20.68,20.68,20.68,20.68
5126,20.68,20.68,20.68,20.68,20.68,20.68,20.68,20.68,20.68,20.68
5127,20.68,20.68,20.68,20.68,20.68,20.68,20.68,20.68,20.68,20.68
5128,20.68,20.68,20.68,20.68,20.68,20.68,20.68,20.68,20.68,20.68
5129,20.68,20.68,20.68,20.68,20.68,20.68,20.68,20.68,20.68,20.68
5130,20.68,20.68,20.68,20.68,20.68,20.68,20.68,20.68,20.68,20.68
5131,20.68,20.68,20.68,20.68,20.68,20.68,20.68,20.68,20.68,20.68
5132,20.68,20.68,20.68,20.68,20.68,20.68,20.68,20.68,20.68,20.68
5133,20.68,20.68,20.68,20.68,20.68,20.68,20.68,20.68,20.68,20.68
5134,20.68,20.68,20.68,20.68,20.68,20.68,20.68,20.68,20.68,20.68
5135,20.68,20.68,20.68,20.68,20.68,20.68,20.68,20.68,20.68,20.68
5136,20.68,20.68,20.68,20.68,20.68,20.68,20.68,20.68,20.68,20.68
5137,20.68,20.68,20.68,20.68,20.68,20.68,20.68,20.68,20.68,20.68
5138,20.68,20.68,20.68,20.68,20.68,20.68,20.68,20.68,20.68,20.68
5139,20.68,20.68,20.68,20.68,20.68,20.68,20.68,20.68,20.68,20.68
5140,20.68,20.68,20.68,20.68,20.68,20.68,20.68,20.68,20.68,20.68
5141,20.68,20.68,20.68,20.68,20.68,20.68,20.68,20.68,20.68,20.68
5142,20.68,20.68,20.68,20.68,20.68,20.68,20.68,20.68,20.68,20.68
5143,20.68,20.68,20.68,20.68,20.68,20.68,20.68,20.68,20.68,20.68
5144,20.68,20.68,20.68,20.68,20.68,20.68,20.68,20.68,20.68,20.68
5145,20.68,20.68,20.68,20.68,20.68,20.68,20.68,20.68,20.68,20.68
5146,20.68,20.68,20.68,20.68,20.68,20.68,20.68,20.68,20.68,20.68
5147,20.68,20.68,20.68,20.68,20.68,20.68,20.68,20.68,20.68,20.68
5148,20.68,20.68,20.68,20.68,20.68,20.68,20.68,20.68,20.68,20.68
5149,20.68,20.68,20.68,20.68,20.68,20.68,20.68,20.68,20.68,20.68
5150,20.68,20.68,20.68,20.68,20.68,20.68,20.68,20.68,20.68,20.68
5151,20.68,20.68,20.68,20.68,20.68,20.68,20.68,20.68,20.68,20.68
5152,20.68,20.68,20.68,20.68,20.68,20.68,20.68,20.68,20.68,20.68
5153,20.68,20.68,20.68,20.68,20.68,20.68,20.68,20.68,20.68,20.68
5154,20.68,20.68,20.68,20.68,20.68,20.68,20.68,20.68,20.68,20.68
5155,20.68,20.68,20.68,20.68,20.68,20.68,20.68,20.68,20.68,20.68
5156,20.68,20.68,20.68,20.68,20.68,20.68,20.68,20.68,20.68,20.68
5157,20.68,20.68,20.68,20.68,20.68,20.68,20.68,20.68,20.68,20.68
5158,20.68,20.68,20.68,20.68,20.68,20.68,20.68,20.68,20.68,20.68
5159,20.68,20.68,20.68,20.68,20.68,20.68,20.68,20.68,20.68,20.68
5160,20.68,20.68,20.68,20.68,20.68,20.68,20.68,20.68,20.68,20.68
5161,20.68,20.68,20.68,20.68,20.68,20.68,20.68,20.68,20.68,20.68
5162,20.68,20.68,20.68,20.68,20.68,20.68,20.68,20.68,20.68,20.68
5163,20.68,20.68,20.68,20.68,20.68,20.68,20.68,20.68,20.68,20.68
5164,20.68,20.68,20.68,20.68,20.68,20.68,20.68,20.68,20.68,20.68
5165,20.68,20.68,20.68,20.68,20.68,20.68,20.68,20.68,20.68,20.68
5166,20.68,20.68,20.68,20.68,20.68,20.68,20.68,20.68,20.68,20.68
5167,20.68,20.68,20.68,20.68,20.68,20.68,20.68,20.68,20.68,20.68
5168,20.68,20.68,20.68,20.68,20.68,20.68,20.68,20.68,20.68,20.68
5169,20.68,20.68,20.68,20.68,20.68,20.68,20.68,20.68,20.68,20.68
5170,20.68,20.68,20.68,20.68,20.68,20.68,20.68,20.68,20.68,20.68
5171,20.68,20.68,20.68,20.68,20.68,20.68,20.68,20.68,20.68,20.68
5172,20.68,20.68,20.68,20.68,20.68,20.68,20.68,20.68,20.68,20.68
5173,20.68,20.68,20.68,20.68,20.68,20.68,20.68,20.68,20.68,20.68
5174,20.68,20.68,20.68,20.68,20.68,20.68,20.68,20.68,20.68,20.68
5175,20.68,20.68,20.68,20.68,20.68,20.68,20.68,20.68,20.68,20.68
5176,20.68,20.68,20.68,20.68,20.68,20.68,20.68,20.68,20.68,20.68
5177,20.68,20.68,20.68,20.68,20.68,20.68,20.68,20.68,20.68,20.68
5178,20.68,20.68,20.68,20.68,20.68,20.68,20.68,20.68,20.68,20.68
5179,20.68,20.68,20.68,20.68,20.68,20.68,20.68,20.68,20.68,20.68
5180,20.68,20.68,20.68,20.68,20.68,20.68,20.68,20.68,20.68,20.68
5181,20.68,20.68,20.68,20.68,20.68,20.68,20.68,20.68,20.68,20.68
5182,20.68,20.68,20.68,20.68,20.68,20.68,20.68,20.68,20.68,20.68
5183,20.68,20.68,20.68,20.68,20.68,20.68,20.68,20.68,20.68,20.68
5184,20.68,20.68,20.68,20.68,20.68,20.68,20.68,20.68,20.68,20.68
5185,20.68,20.68,20.68,20.68,20.68,20.68,20.68,20.68,20.68,20.68
5186,20.68,20.68,20.68,20.68,20.68,20.68,20.68,20.68,20.68,20.68
5187,20.68,20.68,20.68,20.68,20.68,20.68,20.68,20.68,20.68,20.68
5188,20.68,20.68,20.68,20.68,20.68,20.68,20.68,20.68,20.68,20.68
5189,20.68,20.68,20.68,20.68,20.68,20.68,20.68,20.68,20.68,20.68
5190,20.68,20.68,20.68,20.68,20.68,20.68,20.68,20.68,20.68,20.68
5191,20.68,20.68,20.68,20.68,20.68,20.68,20.68,20.68,20.68,20.68
5192,20.68,20.68,20.68,20.68,20.68,20.68,20.68,20.68,20.68,20.68
5193,20.68,20.68,20.68,20.68,20.68,20.68,20.68,20.68,20.68,20.68
5194,20.68,20.68,20.68,20.68,20.68,20.68,20.68,20.68,20.68,20.68
5195,20.68,20.68,20.68,20.68,20.68,20.68,20.68,20.68,20.68,20.68
5196,20.68,20.68,20.68,20.68,20.68,20.68,20.68,20.68,20.68,20.68
5197,20.68,20.68,20.68,20.68,20.68,20.68,20.68,20.68,20.68,20.68
5198,20.68,20.68,20.68,20.68,20.68,20.68,20.68,20.68,20.68,20.68
5199,20.68,20.68,20.68,20.68,20.68,20.68,20.68,20.68,20.68,20.68
5200,20.68,20.68,20.68,20.68,20.68,20.68,20.68,20.68,20.68,20.68
5201,20.68,20.68,20.68,20.68,20.68,20.68,20.68,20.68,20.68,20.68
5202,20.68,20.68,20.68,20.68,20.68,20.68,20.68,20.68,20.68,20.68
5203,20.68,20.68,20.68,20.68,20.68,20.68,20.68,20.68,20.68,20.68
5204,20.68,20.68,20.68,20.68,20.68,20.68,20.68,20.68,20.68,20.68
5205,20.68,20.68,20.68,20.68,20.68,20.68,20.68,20.68,20.68,20.68
5206,20.68,20.68,20.68,20.68,20.68,20.68,20.68,20.68,20.68,20.68
5207,20.68,20.68,20.68,20.68,20.68,20.68,20.68,20.68,20.68,20.68
5208,20.68,20.68,20.68,20.68,20.68,20.68,20.68,20.68,20.68,20.68
5209,20.68,20.68,20.68,20.68,20.68,20.68,20.68,20.68,20.68,20.68
5210,20.68,20.68,20.68,20.68,20.68,20.68,20.68,20.68,20.68,20.68
5211,20.68,20.68,20.68,20.68,20.68,20.68,20.68,20.68,20.68,20.68
5212,20.68,20.68,20.68,20.68,20.68,20.68,20.68,20.68,20.68,20.68
5213,20.68,20.68,20.68,20.68,20.68,20.68,20.68,20.68,20.68,20.68
5214,20.68,20.68,20.68,20.68,20.68,20.68,20.68,20.68,20.68,20.68
5215,20.68,20.68,20.68,20.68,20.68,20.68,20.68,20.68,20.68,20.68
5216,20.68,20.68,20.68,20.68,20.68,20.68,20.68,20.68,20.68,20.68
5217,20.68,20.68,20.68,20.68,20.68,20.68,20.68,20.68,20.68,20.68
5218,20.68,20.68,20.68,20.68,20.68,20.68,20.68,20.68,20.68,20.68
5219,20.68,20.68,20.68,20.68,20.68,20.68,20.68,20.68,20.68,20.68
5220,20.68,20.68,20.68,20.68,20.68,20.68,20.68,20.68,20.68,20.68
5221,20.68,20.68,20.68,20.68,20.68,20.68,20.68,20.68,20.68,20.68
5222,20.68,20.68,20.68,20.68,20.68,20.68,20.68,20.68,20.68,20.68
5223,20.68,20.68,20.68,20.68,20.68,20.68,20.68,20.68,20.68,20.68
5224,20.68,20.68,20.68,20.68,20.68,20.68,20.68,20.68,20.68,20.68
5225,20.68,20.68,20.68,20.68,20.68,20.68,20.68,20.68,20.68,20.68
5226,20.68,20.68,20.68,20.68,20.68,20.68,20.68,20.68,20.68,20.68
5227,20.68,20.68,20.68,20.68,20.68,20.68,20.68,20.68,20.68,20.68
5228,20.68,20.68,20.68,20.68,20.68,20.68,20.68,20.68,20.68,20.68
5229,20.68,20.68,20.68,20.68,20.68,20.68,20.68,20.68,20.68,20.68
5230,20.68,20.68,20.68,20.68,20.68,20.68,20.68,20.68,20.68,20.68
5231,20.68,20.68,20.68,20.68,20.68,20.68,20.68,20.68,20.68,20.68
5232,20.68,20.68,20.68,20.68,20.68,20.68,20.68,20.68,20.68,20.68
5233,20.68,20.68,20.68,20.68,20.68,20.68,20.68,20.68,20.68,20.68
5234,20.68,20.68,20.68,20.68,20.68,20.68,20.68,20.68,20.68,20.68
5235,20.68,20.68,20.68,20.68,20.68,20.68,20.68,20.68,20.68,20.68
5236,20.68,20.68,20.68,20.68,20.68,20.68,20.68,20.68,20.68,20.68
5237,20.68,20.68,20.68,20.68,20.68,20.68,20.68,20.68,20.68,20.68
5238,20.68,20.68,20.68,20.68,20.68,20.68,20.68,20.68,20.68,20.68
5239,20.68,20.68,20.68,20.68,20.68,20.68,20.68,20.68,20.68,20.68
5240,20.68,20.68,20.68,20.68,20.68,20.68,20.68,20.68,20.68,20.68
5241,20.68,20.68,20.68,20.68,20.68,20.68,20.68,20.68,20.68,20.68
5242,20.68,20.68,20.68,20.68,20.68,20.68,20.68,20.68,20.68,20.68
5243,20.68,20.68,20.68,20.68,20.68,20.68,20.68,20.68,20.68,20.68
5244,20.68,20.68,20.68,20.68,20.68,20.68,20.68,20.68,20.68,20.68
5245,20.68,20.68,20.68,20.68,20.68,20.68,20.68,20.68,20.68,20.68
5246,20.68,20.68,20.68,20.68,20.68,20.68,20.68,20.68,20.68,20.68
5247,20.68,20.68,20.68,20.68,20.68,20.68,20.68,20.68,20.68,20.68
5248,20.68,20.68,20.68,20.68,20.68,20.68,20.68,20.68,20.68,20.68
5249,20.68,20.68,20.68,20.68,20.68,20.68,20.68,20.68,20.68,20.68
5250,20.68,20.68,20.68,20.68,20.68,20.68,20.68,20.68,20.68,20.68
5251,20.68,20.68,20.68,20.68,20.68,20.68,20.68,20.68,20.68,20.68
5252,20.68,20.68,20.68,20.68,20.68,20.68,20.68,20.68,20.68,20.68
5253,20.68,20.68,20.68,20.68,20.68,20.68,20.68,20.68,20.68,20.68
5254,20.68,20.68,20.68,20.68,20.68,20.68,20.68,20.68,20.68,20.68
5255,20.68,20.68,20.68,20.68,20.68,20.68,20.68,20.68,20.68,20.68
5256,20.68,20.68,20.68,20.68,20.68,20.68,20.68,20.68,20.68,20.68
5257,20.68,20.68,20.68,20.68,20.68,20.68,20.68,20.68,20.68,20.68
5258,20.68,20.68,20.68,20.68,20.68,20.68,20.68,20.68,20.68,20.68
5259,20.68,20.68,20.68,20.68,20.68,20.68,20.68,20.68,20.68,20.68
5260,20.68,20.68,20.68,20.68,20.68,20.68,20.68,20.68,20.68,20.68
5261,20.68,20.68,20.68,20.68,20.68,20.68,20.68,20.68,20.68,20.68
5262,20.68,20.68,20.68,20.68,20.68,20.68,20.68,20.68,20.68,20.68
5263,20.68,20.68,20.68,20.68,20.68,20.68,20.68,20.68,20.68,20.68
5264,20.68,20.68,20.68,20.68,20.68,20.68,20.68,20.68,20.68,20.68
5265,20.68,20.68,20.68,20.68,20.68,20.68,20.68,20.68,20.68,20.68
5266,20.68,20.68,20.68,20.68,20.68,20.68,20.68,20.68,20.68,20.68
5267,20.68,20.68,20.68,20.68,20.68,20.68,20.68,20.68,20.68,20.68
5268,20.68,20.68,20.68,20.68,20.68,20.68,20.68,20.68,20.68,20.68
5269,20.68,20.68,20.68,20.68,20.68,20.68,20.68,20.68,20.68,20.68
5270,20.68,20.68,20.68,20.68,20.68,20.68,20.68,20.68,20.68,20.68
5271,20.68,20.68,20.68,20.68,20.68,20.68,20.68,20.68,20.68,20.68
5272,20.68,20.68,20.68,20.68,20.68,20.68,20.68,20.68,20.68,20.68
5273,20.68,20.68,20.68,20.68,20.68,20.68,20.68,20.68,20.68,20.68
5274,20.68,20.68,20.68,20.68,20.68,20.68,20.68,20.68,20.68,20.68
5275,20.68,20.68,20.68,20.68,20.68,20.68,20.68,20.68,20.68,20.68
5276,20.68,20.68,20.68,20.68,20.68,20.68,20.68,20.68,20.68,20.68
5277,20.68,20.68,20.68,20.68,20.68,20.68,20.68,20.68,20.68,20.68
5278,20.68,20.68,20.68,20.68,20.68,20.68,20.68,20.68,20.68,20.68
5279,20.68,20.68,20.68,20.68,20.68,20.68,20.68,20.68,20.68,20.68
5280,20.68,20.68,20.68,20.68,20.68,20.68,20.68,20.68,20.68,20.68
5281,20.68,20.68,20.68,20.68,20.68,20.68,20.68,20.68,20.68,20.68
5282,20.68,20.68,20.68,20.68,20.68,20.68,20.68,20.68,20.68,20.68
5283,20.68,20.68,20.68,20.68,20.68,20.68,20.68,20.68,20.68,20.68
5284,20.68,20.68,20.68,20.68,20.68,20.68,20.68,20.68,20.68,20.68
5285,20.68,20.68,20.68,20.68,20.68,20.68,20.68,20.68,20.68,20.68
5286,20.68,20.68,20.68,20.68,20.68,20.68,20.68,20.68,20.68,20.68
5287,20.68,20.68,20.68,20.68,20.68,20.68,20.68,20.68,20.68,20.68
5288,20.68,20.68,20.68,20.68,20.68,20.68,20.68,20.68,20.68,20.68
5289,20.68,20.68,20.68,20.68,20.68,20.68,20.68,20.68,20.68,20.68
5290,20.68,20.68,20.68,20.68,20.68,20.68,20.68,20.68,20.68,20.68
5291,20.68,20.68,20.68,20.68,20.68,20.68,20.68,20.68,20.68,20.68
5292,20.68,20.68,20.68,20.68,20.68,20.68,20.68,20.68,20.68,20.68
5293,20.68,20.68,20.68,20.68,20.68,20.68,20.68,20.68,20.68,20.68
5294,20.68,20.68,20.68,20.68,20.68,20.68,20.68,20.68,20.68,20.68
5295,20.68,20.68,20.68,20.68,20.68,20.68,20.68,20.68,20.68,20.68
5296,20.68,20.68,20.68,20.68,20.68,20.68,20.68,20.68,20.68,20.68
5297,20.68,20.68,20.68,20.68,20.68,20.68,20.68,20.68,20.68,20.68
5298,20.68,20.68,20.68,20.68,20.68,20.68,20.68,20.68,20.68,20.68
5299,20.68,20.68,20.68,20.68,20.68,20.68,20.68,20.68,20.68,20.68
5300,20.68,20.68,20.68,20.68,20.68,20.68,20.68,20.68,20.68,20.68
5301,20.68,20.68,20.68,20.68,20.68,20.68,20.68,20.68,20.68,20.68
5302,20.68,20.68,20.68,20.68,20.68,20.68,20.68,20.68,20.68,20.68
5303,20.68,20.68,20.68,20.68,20.68,20.68,20.68,20.68,20.68,20.68
5304,20.68,20.68,20.68,20.68,20.68,20.68,20.68,20.68,20.68,20.68
5305,20.68,20.68,20.68,20.68,20.68,20.68,20.68,20.68,20.68,20.68
5306,20.68,20.68,20.68,20.68,20.68,20.68,20.68,20.68,20.68,20.68
5307,20.68,20.68,20.68,20.68,20.68,20.68,20.68,20.68,20.68,20.68
5308,20.68,20.68,20.68,20.68,20.68,20.68,20.68,20.68,20.68,20.68
5309,20.68,20.68,20.68,20.68,20.68,20.68,20.68,20.68,20.68,20.68
5310,20.68,20.68,20.68,20.68,20.68,20.68,20.68,20.68,20.68,20.68
5311,20.68,20.68,20.68,20.68,20.68,20.68,20.68,20.68,20.68,20.68
5312,20.68,20.68,20.68,20.68,20.68,20.68,20.68,20.68,20.68,20.68
5313,20.68,20.68,20.68,20.68,20.68,20.68,20.68,20.68,20.68,20.68
5314,20.68,20.68,20.68,20.68,20.68,20.68,20.68,20.68,20.68,20.68
5315,20.68,20.68,20.68,20.68,20.68,20.68,20.68,20.68,20.68,20.68
5316,20.68,20.68,20.68,20.68,20.68,20.68,20.68,20.68,20.68,20.68
5317,20.68,20.68,20.68,20.68,20.68,20.68,20.68,20.68,20.68,20.68
5318,20.68,20.68,20.68,20.68,20.68,20.68,20.68,20.68,20.68,20.68
5319,20.68,20.68,20.68,20.68,20.68,20.68,20.68,20.68,20.68,20.68
5320,20.68,20.68,20.68,20.68,20.68,20.68,20.68,20.68,20.68,20.68
5321,20.68,20.68,20.68,20.68,20.68,20.68,20.68,20.68,20.68,20.68
5322,20.68,20.68,20.68,20.68,20.68,20.68,20.68,20.68,20.68,20.68
5323,20.68,20.68,20.68,20.68,20.68,20.68,20.68,20.68,20.68,20.68
5324,20.68,20.68,20.68,20.68,20.68,20.68,20.68,20.68,20.68,20.68
5325,20.68,20.68,20.68,20.68,20.68,20.68,20.68,20.68,20.68,20.68
5326,20.68,20.68,20.68,20.68,20.68,20.68,20.68,20.68,20.68,20.68
5327,20.68,20.68,20.68,20.68,20.68,20.68,20.68,20.68,20.68,20.68
5328,20.68,20.68,20.68,20.68,20.68,20.68,20.68,20.68,20.68,20.68
5329,20.68,20.68,20.68,20.68,20.68,20.68,20.68,20.68,20.68,20.68
5330,20.68,20.68,20.68,20.68,20.68,20.68,20.68,20.68,20.68,20.68
5331,20.68,20.68,20.68,20.68,20.68,20.68,20.68,20.68,20.68,20.68
5332,20.68,20.68,20.68,20.68,20.68,20.68,20.68,20.68,20.68,20.68
5333,20.68,20.68,20.68,20.68,20.68,20.68,20.68,20.68,20.68,20.68
5334,20.68,20.68,20.68,20.68,20.68,20.68,20.68,20.68,20.68,20.68
5335,20.68,20.68,20.68,20.68,20.68,20.68,20.68,20.68,20.68,20.68
5336,20.68,20.68,20.68,20.68,20.68,20.68,20.68,20.68,20.68,20.68
5337,20.68,20.68,20.68,20.68,20.68,20.68,20.68,20.68,20.68,20.68
5338,20.68,20.68,20.68,20.68,20.68,20.68,20.68,20.68,20.68,20.68
5339,20.68,20.68,20.68,20.68,20.68,20.68,20.68,20.68,20.68,20.68
5340,20.68,20.68,20.68,20.68,20.68,20.68,20.68,20.68,20.68,20.68
5341,20.68,20.68,20.68,20.68,20.68,20.68,20.68,20.68,20.68,20.68
5342,20.68,20.68,20.68,20.68,20.68,20.68,20.68,20.68,20.68,20.68
5343,20.68,20.68,20.68,20.68,20.68,20.68,20.68,20.68,20.68,20.68
5344,20.68,20.68,20.68,20.68,20.68,20.68,20.68,20.68,20.68,20.68
5345,20.68,20.68,20.68,20.68,20.68,20.68,20.68,20.68,20.68,20.68
5346,20.68,20.68,20.68,20.68,20.68,20.68,20.68,20.68,20.68,20.68
5347,20.68,20.68,20.68,20.68,20.68,20.68,20.68,20.68,20.68,20.68
5348,20.68,20.68,20.68,20.68,20.68,20.68,20.68,20.68,20.68,20.68
5349,20.68,20.68,20.68,20.68,20.68,20.68,20.68,20.68,20.68,20.68
5350,20.68,20.68,20.68,20.68,20.68,20.68,20.68,20.68,20.68,20.68
5351,20.68,20.68,20.68,20.68,20.68,20.68,20.68,20.68,20.68,20.68
5352,20.68,20.68,20.68,20.68,20.68,20.68,20.68,20.68,20.68,20.68
5353,20.68,20.68,20.68,20.68,20.68,20.68,20.68,20.68,20.68,20.68
5354,20.68,20.68,20.68,20.68,20.68,20.68,20.68,20.68,20.68,20.68
5355,20.68,20.68,20.68,20.68,20.68,20.68,20.68,20.68,20.68,20.68
5356,20.68,20.68,20.68,20.68,20.68,20.68,20.68,20.68,20.68,20.68
5357,20.68,20.68,20.68,20.68,20.68,20.68,20.68,20.68,20.68,20.68
5358,20.68,20.68,20.68,20.68,20.68,20.68,20.68,20.68,20.68,20.68
5359,20.68,20.68,20.68,20.68,20.68,20.68,20.68,20.68,20.68,20.68
5360,20.68,20.68,20.68,20.68,20.68,20.68,20.68,20.68,20.68,20.68
5361,20.68,20.68,20.68,20.68,20.68,20.68,20.68,20.68,20.68,20.68
5362,20.68,20.68,20.68,20.68,20.68,20.68,20.68,20.68,20.68,20.68
5363,20.68,20.68,20.68,20.68,20.68,20.68,20.68,20.68,20.68,20.68
5364,20.68,20.68,20.68,20.68,20.68,20.68,20.68,20.68,20.68,20.68
5365,20.68,20.68,20.68,20.68,20.68,20.68,20.68,20.68,20.68,20.68
5366,20.68,20.68,20.68,20.68,20.68,20.68,20.68,20.68,20.68,20.68
5367,20.68,20.68,20.68,20.68,20.68,20.68,20.68,20.68,20.68,20.68
5368,20.68,20.68,20.68,20.68,20.68,20.68,20.68,20.68,20.68,20.68
5369,20.68,20.68,20.68,20.68,20.68,20.68,20.68,20.68,20.68,20.68
5370,20.68,20.68,20.68,20.68,20.68,20.68,20.68,20.68,20.68,20.68
5371,20.68,20.68,20.68,20.68,20.68,20.68,20.68,20.68,20.68,20.68
5372,20.68,20.68,20.68,20.68,20.68,20.68,20.68,20.68,20.68,20.68
5373,20.68,20.68,20.68,20.68,20.68,20.68,20.68,20.68,20.68,20.68
5374,20.68,20.68,20.68,20.68,20.68,20.68,20.68,20.68,20.68,20.68
5375,20.68,20.68,20.68,20.68,20.68,20.68,20.68,20.68,20.68,20.68
5376,20.68,20.68,20.68,20.68,20.68,20.68,20.68,20.68,20.68,20.68
5377,20.68,20.68,20.68,20.68,20.68,20.68,20.68,20.68,20.68,20.68
5378,20.68,20.68,20.68,20.68,20.68,20.68,20.68,20.68,20.68,20.68
5379,20.68,20.68,20.68,20.68,20.68,20.68,20.68,20.68,20.68,20.68
5380,20.68,20.68,20.68,20.68,20.68,20.68,20.68,20.68,20.68,20.68
5381,20.68,20.68,20.68,20.68,20.68,20.68,20.68,20.68,20.68,20.68
5382,20.68,20.68,20.68,20.68,20.68,20.68,20.68,20.68,20.68,20.68
5383,20.68,20.68,20.68,20.68,20.68,20.68,20.68,20.68,20.68,20.68
5384,20.68,20.68,20.68,20.68,20.68,20.68,20.68,20.68,20.68,20.68
5385,20.68,20.68,20.68,20.68,20.68,20.68,20.68,20.68,20.68,20.68
5386,20.68,20.68,20.68,20.68,20.68,20.68,20.68,20.68,20.68,20.68
5387,20.68,20.68,20.68,20.68,20.68,20.68,20.68,20.68,20.68,20.68
5388,20.68,20.68,20.68,20.68,20.68,20.68,20.68,20.68,20.68,20.68
5389,20.68,20.68,20.68,20.68,20.68,20.68,20.68,20.68,20.68,20.68
5390,20.68,20.68,20.68,20.68,20.68,20.68,20.68,20.68,20.68,20.68
5391,20.68,20.68,20.68,20.68,20.68,20.68,20.68,20.68,20.68,20.68
5392,20.68,20.68,20.68,20.68,20.68,20.68,20.68,20.68,20.68,20.68
5393,20.68,20.68,20.68,20.68,20.68,20.68,20.68,20.68,20.68,20.68
5394,20.68,20.68,20.68,20.68,20.68,20.68,20.68,20.68,20.68,20.68
5395,20.68,20.68,20.68,20.68,20.68,20.68,20.68,20.68,20.68,20.68
5396,20.68,20.68,20.68,20.68,20.68,20.68,20.68,20.68,20.68,20.68
5397,20.68,20.68,20.68,20.68,20.68,20.68,20.68,20.68,20.68,20.68
5398,20.68,20.68,20.68,20.68,20.68,20.68,20.68,20.68,20.68,20.68
5399,20.68,20.68,20.68,20.68,20.68,20.68,20.68,20.68,20.68,20.68
5400,20.68,20.68,20.68,20.68,20.68,20.68,20.68,20.68,20.68,20.68
5401,20.68,20.68,20.68,20.68,20.68,20.68,20.68,20.68,20.68,20.68
5402,20.68,20.68,20.68,20.68,20.68,20.68,20.68,20.68,20.68,20.68
5403,20.68,20.68,20.68,20.68,20.68,20.68,20.68,20.68,20.68,20.68
5404,20.68,20.68,20.68,20.68,20.68,20.68,20.68,20.68,20.68,20.68
5405,20.68,20.68,20.68,20.68,20.68,20.68,20.68,20.68,20.68,20.68
5406,20.68,20.68,20.68,20.68,20.68,20.68,20.68,20.68,20.68,20.68
5407,20.68,20.68,20.68,20.68,20.68,20.68,20.68,20.68,20.68,20.68
5408,20.68,20.68,20.68,20.68,20.68,20.68,20.68,20.68,20.68,20.68
5409,20.68,20.68,20.68,20.68,20.68,20.68,20.68,20.68,20.68,20.68
5410,20.68,20.68,20.68,20.68,20.68,20.68,20.68,20.68,20.68,20.68
5411,20.68,20.68,20.68,20.68,20.68,20.68,20.68,20.68,20.68,20.68
5412,20.68,20.68,20.68,20.68,20.68,20.68,20.68,20.68,20.68,20.68
5413,20.68,20.68,20.68,20.68,20.68,20.68,20.68,20.68,20.68,20.68
5414,20.68,20.68,20.68,20.68,20.68,20.68,20.68,20.68,20.68,20.68
5415,20.68,20.68,20.68,20.68,20.68,20.68,20.68,20.68,20.68,20.68
5416,20.68,20.68,20.68,20.68,20.68,20.68,20.68,20.68,20.68,20.68
5417,20.68,20.68,20.68,20.68,20.68,20.68,20.68,20.68,20.68,20.68
5418,20.68,20.68,20.68,20.68,20.68,20.68,20.68,20.68,20.68,20.68
5419,20.68,20.68,20.68,20.68,20.68,20.68,20.68,20.68,20.68,20.68
5420,20.68,20.68,20.68,20.68,20.68,20.68,20.68,20.68,20.68,20.68
5421,20.68,20.68,20.68,20.68,20.68,20.68,20.68,20.68,20.68,20.68
5422,20.68,20.68,20.68,20.68,20.68,20.68,20.68,20.68,20.68,20.68
5423,20.68,20.68,20.68,20.68,20.68,20.68,20.68,20.68,20.68,20.68
5424,20.68,20.68,20.68,20.68,20.68,20.68,20.68,20.68,20.68,20.68
5425,20.68,20.68,20.68,20.68,20.68,20.68,20.68,20.68,20.68,20.68
5426,20.68,20.68,20.68,20.68,20.68,20.68,20.68,20.68,20.68,20.68
5427,20.68,20.68,20.68,20.68,20.68,20.68,20.68,20.68,20.68,20.68
5428,20.68,20.68,20.68,20.68,20.68,20.68,20.68,20.68,20.68,20.68
5429,20.68,20.68,20.68,20.68,20.68,20.68,20.68,20.68,20.68,20.68
5430,20.68,20.68,20.68,20.68,20.68,20.68,20.68,20.68,20.68,20.68
5431,20.68,20.68,20.68,20.68,20.68,20.68,20.68,20.68,20.68,20.68
5432,20.68,20.68,20.68,20.68,20.68,20.68,20.68,20.68,20.68,20.68
5433,20.68,20.68,20.68,20.68,20.68,20.68,20.68,20.68,20.68,20.68
5434,20.68,20.68,20.68,20.68,20.68,20.68,20.68,20.68,20.68,20.68
5435,20.68,20.68,20.68,20.68,20.68,20.68,20.68,20.68,20.68,20.68
5436,20.68,20.68,20.68,20.68,20.68,20.68,20.68,20.68,20.68,20.68
5437,20.68,20.68,20.68,20.68,20.68,20.68,20.68,20.68,20.68,20.68
5438,20.68,20.68,20.68,20.68,20.68,20.68,20.68,20.68,20.68,20.68
5439,20.68,20.68,20.68,20.68,20.68,20.68,20.68,20.68,20.68,20.68
5440,20.68,20.68,20.68,20.68,20.68,20.68,20.68,20.68,20.68,20.68
5441,20.68,20.68,20.68,20.68,20.68,20.68,20.68,20.68,20.68,20.68
5442,20.68,20.68,20.68,20.68,20.68,20.68,20.68,20.68,20.68,20.68
5443,20.68,20.68,20.68,20.68,20.68,20.68,20.68,20.68,20.68,20.68
5444,20.68,20.68,20.68,20.68,20.68,20.68,20.68,20.68,20.68,20.68
5445,20.68,20.68,20.68,20.68,20.68,20.68,20.68,20.68,20.68,20.68
5446,20.68,20.68,20.68,20.68,20.68,20.68,20.68,20.68,20.68,20.68
5447,20.68,20.68,20.68,20.68,20.68,20.68,20.68,20.68,20.68,20.68
5448,20.68,20.68,20.68,20.68,20.68,20.68,20.68,20.68,20.68,20.68
5449,20.68,20.68,20.68,20.68,20.68,20.68,20.68,20.68,20.68,20.68
5450,20.68,20.68,20.68,20.68,20.68,20.68,20.68,20.68,20.68,20.68
5451,20.68,20.68,20.68,20.68,20.68,20.68,20.68,20.68,20.68,20.68
5452,20.68,20.68,20.68,20.68,20.68,20.68,20.68,20.68,20.68,20.68
5453,20.68,20.68,20.68,20.68,20.68,20.68,20.68,20.68,20.68,20.68
5454,20.68,20.68,20.68,20.68,20.68,20.68,20.68,20.68,20.68,20.68
5455,20.68,20.68,20.68,20.68,20.68,20.68,20.68,20.68,20.68,20.68
5456,20.68,20.68,20.68,20.68,20.68,20.68,20.68,20.68,20.68,20.68
5457,20.68,20.68,20.68,20.68,20.68,20.68,20.68,20.68,20.68,20.68
5458,20.68,20.68,20.68,20.68,20.68,20.68,20.68,20.68,20.68,20.68
5459,20.68,20.68,20.68,20.68,20.68,20.68,20.68,20.68,20.68,20.68
5460,20.68,20.68,20.68,20.68,20.68,20.68,20.68,20.68,20.68,20.68
5461,20.68,20.68,20.68,20.68,20.68,20.68,20.68,20.68,20.68,20.68
5462,20.68,20.68,20.68,20.68,20.68,20.68,20.68,20.68,20.68,20.68
5463,20.68,20.68,20.68,20.68,20.68,20.68,20.68,20.68,20.68,20.68
5464,20.68,20.68,20.68,20.68,20.68,20.68,20.68,20.68,20.68,20.68
5465,20.68,20.68,20.68,20.68,20.68,20.68,20.68,20.68,20.68,20.68
5466,20.68,20.68,20.68,20.68,20.68,20.68,20.68,20.68,20.68,20.68
5467,20.68,20.68,20.68,20.68,20.68,20.68,20.68,20.68,20.68,20.68
5468,20.68,20.68,20.68,20.68,20.68,20.68,20.68,20.68,20.68,20.68
5469,20.68,20.68,20.68,20.68,20.68,20.68,20.68,20.68,20.68,20.68
5470,20.68,20.68,20.68,20.68,20.68,20.68,20.68,20.68,20.68,20.68
5471,20.68,20.68,20.68,20.68,20.68,20.68,20.68,20.68,20.68,20.68
5472,20.68,20.68,20.68,20.68,20.68,20.68,20.68,20.68,20.68,20.68
5473,20.68,20.68,20.68,20.68,20.68,20.68,20.68,20.68,20.68,20.68
5474,20.68,20.68,20.68,20.68,20.68,20.68,20.68,20.68,20.68,20.68
5475,20.68,20.68,20.68,20.68,20.68,20.68,20.68,20.68,20.68,20.68
5476,20.68,20.68,20.68,20.68,20.68,20.68,20.68,20.68,20.68,20.68
5477,20.68,20.68,20.68,20.68,20.68,20.68,20.68,20.68,20.68,20.68
5478,20.68,20.68,20.68,20.68,20.68,20.68,20.68,20.68,20.68,20.68
5479,20.68,20.68,20.68,20.68,20.68,20.68,20.68,20.68,20.68,20.68
5480,20.68,20.68,20.68,20.68,20.68,20.68,20.68,20.68,20.68,20.68
5481,20.68,20.68,20.68,20.68,20.68,20.68,20.68,20.68,20.68,20.68
5482,20.68,20.68,20.68,20.68,20.68,20.68,20.68,20.68,20.68,20.68
5483,20.68,20.68,20.68,20.68,20.68,20.68,20.68,20.68,20.68,20.68
5484,20.68,20.68,20.68,20.68,20.68,20.68,20.68,20.68,20.68,20.68
5485,20.68,20.68,20.68,20.68,20.68,20.68,20.68,20.68,20.68,20.68
5486,20.68,20.68,20.68,20.68,20.68,20.68,20.68,20.68,20.68,20.68
5487,20.68,20.68,20.68,20.68,20.68,20.68,20.68,20.68,20.68,20.68
5488,20.68,20.68,20.68,20.68,20.68,20.68,20.68,20.68,20.68,20.68
5489,20.68,20.68,20.68,20.68,20.68,20.68,20.68,20.68,20.68,20.68
5490,20.68,20.68,20.68,20.68,20.68,20.68,20.68,20.68,20.68,20.68
5491,20.68,20.68,20.68,20.68,20.68,20.68,20.68,20.68,20.68,20.68
5492,20.68,20.68,20.68,20.68,20.68,20.68,20.68,20.68,20.68,20.68
5493,20.68,20.68,20.68,20.68,20.68,20.68,20.68,20.68,20.68,20.68
5494,20.68,20.68,20.68,20.68,20.68,20.68,20.68,20.68,20.68,20.68
5495,20.68,20.68,20.68,20.68,20.68,20.68,20.68,20.68,20.68,20.68
5496,20.68,20.68,20.68,20.68,20.68,20.68,20.68,20.68,20.68,20.68
5497,20.68,20.68,20.68,20.68,20.68,20.68,20.68,20.68,20.68,20.68
5498,20.68,20.68,20.68,20.68,20.68,20.68,20.68,20.68,20.68,20.68
5499,20.68,20.68,20.68,20.68,20.68,20.68,20.68,20.68,20.68,20.68
5500,20.68,20.68,20.68,20.68,20.68,20.68,20.68,20.68,20.68,20.68
5501,20.68,20.68,20.68,20.68,20.68,20.68,20.68,20.68,20.68,20.68
5502,20.68,20.68,20.68,20.68,20.68,20.68,20.68,20.68,20.68,20.68
5503,20.68,20.68,20.68,20.68,20.68,20.68,20.68,20.68,20.68,20.68
5504,20.68,20.68,20.68,20.68,20.68,20.68,20.68,20.68,20.68,20.68
5505,20.68,20.68,20.68,20.68,20.68,20.68,20.68,20.68,20.68,20.68
5506,20.68,20.68,20.68,20.68,20.68,20.68,20.68,20.68,20.68,20.68
5507,20.68,20.68,20.68,20.68,20.68,20.68,20.68,20.68,20.68,20.68
5508,20.68,20.68,20.68,20.68,20.68,20.68,20.68,20.68,20.68,20.68
5509,20.68,20.68,20.68,20.68,20.68,20.68,20.68,20.68,20.68,20.68
5510,20.68,20.68,20.68,20.68,20.68,20.68,20.68,20.68,20.68,20.68
5511,20.68,20.68,20.68,20.68,20.68,20.68,20.68,20.68,20.68,20.68
5512,20.68,20.68,20.68,20.68,20.68,20.68,20.68,20.68,20.68,20.68
5513,20.68,20.68,20.68,20.68,20.68,20.68,20.68,20.68,20.68,20.68
5514,20.68,20.68,20.68,20.68,20.68,20.68,20.68,20.68,20.68,20.68
5515,20.68,20.68,20.68,20.68,20.68,20.68,20.68,20.68,20.68,20.68
5516,20.68,20.68,20.68,20.68,20.68,20.68,20.68,20.68,20.68,20.68
5517,20.68,20.68,20.68,20.68,20.68,20.68,20.68,20.68,20.68,20.68
5518,20.68,20.68,20.68,20.68,20.68,20.68,20.68,20.68,20.68,20.68
5519,20.68,20.68,20.68,20.68,20.68,20.68,20.68,20.68,20.68,20.68
5520,20.68,20.68,20.68,20.68,20.68,20.68,20.68,20.68,20.68,20.68
5521,20.68,20.68,20.68,20.68,20.68,20.68,20.68,20.68,20.68,20.68
5522,20.68,20.68,20.68,20.68,20.68,20.68,20.68,20.68,20.68,20.68
5523,20.68,20.68,20.68,20.68,20.68,20.68,20.68,20.68,20.68,20.68
5524,20.68,20.68,20.68,20.68,20.68,20.68,20.68,20.68,20.68,20.68
5525,20.68,20.68,20.68,20.68,20.68,20.68,20.68,20.68,20.68,20.68
5526,20.68,20.68,20.68,20.68,20.68,20.68,20.68,20.68,20.68,20.68
5527,20.68,20.68,20.68,20.68,20.68,20.68,20.68,20.68,20.68,20.68
5528,20.68,20.68,20.68,20.68,20.68,20.68,20.68,20.68,20.68,20.68
5529,20.68,20.68,20.68,20.68,20.68,20.68,20.68,20.68,20.68,20.68
5530,20.68,20.68,20.68,20.68,20.68,20.68,20.68,20.68,20.68,20.68
5531,20.68,20.68,20.68,20.68,20.68,20.68,20.68,20.68,20.68,20.68
5532,20.68,20.68,20.68,20.68,20.68,20.68,20.68,20.68,20.68,20.68
5533,20.68,20.68,20.68,20.68,20.68,20.68,20.68,20.68,20.68,20.68
5534,20.68,20.68,20.68,20.68,20.68,20.68,20.68,20.68,20.68,20.68
5535,20.68,20.68,20.68,20.68,20.68,20.68,20.68,20.68,20.68,20.68
5536,20.68,20.68,20.68,20.68,20.68,20.68,20.68,20.68,20.68,20.68
5537,20.68,20.68,20.68,20.68,20.68,20.68,20.68,20.68,20.68,20.68
5538,20.68,20.68,20.68,20.68,20.68,20.68,20.68,20.68,20.68,20.68
5539,20.68,20.68,20.68,20.68,20.68,20.68,20.68,20.68,20.68,20.68
5540,20.68,20.68,20.68,20.68,20.68,20.68,20.68,20.68,20.68,20.68
5541,20.68,20.68,20.68,20.68,20.68,20.68,20.68,20.68,20.68,20.68
5542,20.68,20.68,20.68,20.68,20.68,20.68,20.68,20.68,20.68,20.68
5543,20.68,20.68,20.68,20.68,20.68,20.68,20.68,20.68,20.68,20.68
5544,20.68,20.68,20.68,20.68,20.68,20.68,20.68,20.68,20.68,20.68
5545,20.68,20.68,20.68,20.68,20.68,20.68,20.68,20.68,20.68,20.68
5546,20.68,20.68,20.68,20.68,20.68,20.68,20.68,20.68,20.68,20.68
5547,20.68,20.68,20.68,20.68,20.68,20.68,20.68,20.68,20.68,20.68
5548,20.68,20.68,20.68,20.68,20.68,20.68,20.68,20.68,20.68,20.68
5549,20.68,20.68,20.68,20.68,20.68,20.68,20.68,20.68,20.68,20.68
5550,20.68,20.68,20.68,20.68,20.68,20.68,20.68,20.68,20.68,20.68
5551,20.68,20.68,20.68,20.68,20.68,20.68,20.68,20.68,20.68,20.68
5552,20.68,20.68,20.68,20.68,20.68,20.68,20.68,20.68,20.68,20.68
5553,20.68,20.68,20.68,20.68,20.68,20.68,20.68,20.68,20.68,20.68
5554,20.68,20.68,20.68,20.68,20.68,20.68,20.68,20.68,20.68,20.68
5555,20.68,20.68,20.68,20.68,20.68,20.68,20.68,20.68,20.68,20.68
5556,20.68,20.68,20.68,20.68,20.68,20.68,20.68,20.68,20.68,20.68
5557,20.68,20.68,20.68,20.68,20.68,20.68,20.68,20.68,20.68,20.68
5558,20.68,20.68,20.68,20.68,20.68,20.68,20.68,20.68,20.68,20.68
5559,20.68,20.68,20.68,20.68,20.68,20.68,20.68,20.68,20.68,20.68
5560,20.68,20.68,20.68,20.68,20.68,20.68,20.68,20.68,20.68,20.68
5561,20.68,20.68,20.68,20.68,20.68,20.68,20.68,20.68,20.68,20.68
5562,20.68,20.68,20.68,20.68,20.68,20.68,20.68,20.68,20.68,20.68
5563,20.68,20.68,20.68,20.68,20.68,20.68,20.68,20.68,20.68,20.68
5564,20.68,20.68,20.68,20.68,20.68,20.68,20.68,20.68,20.68,20.68
5565,20.68,20.68,20.68,20.68,20.68,20.68,20.68,20.68,20.68,20.68
5566,20.68,20.68,20.68,20.68,20.68,20.68,20.68,20.68,20.68,20.68
5567,20.68,20.68,20.68,20.68,20.68,20.68,20.68,20.68,20.68,20.68
5568,20.68,20.68,20.68,20.68,20.68,20.68,20.68,20.68,20.68,20.68
5569,20.68,20.68,20.68,20.68,20.68,20.68,20.68,20.68,20.68,20.68
5570,20.68,20.68,20.68,20.68,20.68,20.68,20.68,20.68,20.68,20.68
5571,20.68,20.68,20.68,20.68,20.68,20.68,20.68,20.68,20.68,20.68
5572,20.68,20.68,20.68,20.68,20.68,20.68,20.68,20.68,20.68,20.68
5573,20.68,20.68,20.68,20.68,20.68,20.68,20.68,20.68,20.68,20.68
5574,20.68,20.68,20.68,20.68,20.68,20.68,20.68,20.68,20.68,20.68
5575,20.68,20.68,20.68,20.68,20.68,20.68,20.68,20.68,20.68,20.68
5576,20.68,20.68,20.68,20.68,20.68,20.68,20.68,20.68,20.68,20.68
5577,20.68,20.68,20.68,20.68,20.68,20.68,20.68,20.68,20.68,20.68
5578,20.68,20.68,20.68,20.68,20.68,20.68,20.68,20.68,20.68,20.68
5579,20.68,20.68,20.68,20.68,20.68,20.68,20.68,20.68,20.68,20.68
5580,20.68,20.68,20.68,20.68,20.68,20.68,20.68,20.68,20.68,20.68
5581,20.68,20.68,20.68,20.68,20.68,20.68,20.68,20.68,20.68,20.68
5582,20.68,20.68,20.68,20.68,20.68,20.68,20.68,20.68,20.68,20.68
5583,20.68,20.68,20.68,20.68,20.68,20.68,20.68,20.68,20.68,20.68
5584,20.68,20.68,20.68,20.68,20.68,20.68,20.68,20.68,20.68,20.68
5585,20.68,20.68,20.68,20.68,20.68,20.68,20.68,20.68,20.68,20.68
5586,20.68,20.68,20.68,20.68,20.68,20.68,20.68,20.68,20.68,20.68
5587,20.68,20.68,20.68,20.68,20.68,20.68,20.68,20.68,20.68,20.68
5588,20.68,20.68,20.68,20.68,20.68,20.68,20.68,20.68,20.68,20.68
5589,20.68,20.68,20.68,20.68,20.68,20.68,20.68,20.68,20.68,20.68
5590,20.68,20.68,20.68,20.68,20.68,20.68,20.68,20.68,20.68,20.68
5591,20.68,20.68,20.68,20.68,20.68,20.68,20.68,20.68,20.68,20.68
5592,20.68,20.68,20.68,20.68,20.68,20.68,20.68,20.68,20.68,20.68
5593,20.68,20.68,20.68,20.68,20.68,20.68,20.68,20.68,20.68,20.68
5594,20.68,20.68,20.68,20.68,20.68,20.68,20.68,20.68,20.68,20.68
5595,20.68,20.68,20.68,20.68,20.68,20.68,20.68,20.68,20.68,20.68
5596,20.68,20.68,20.68,20.68,20.68,20.68,20.68,20.68,20.68,20.68
5597,20.68,20.68,20.68,20.68,20.68,20.68,20.68,20.68,20.68,20.68
5598,20.68,20.68,20.68,20.68,20.68,20.68,20.68,20.68,20.68,20.68
5599,20.68,20.68,20.68,20.68,20.68,20.68,20.68,20.68,20.68,20.68
5600,20.68,20.68,20.68,20.68,20.68,20.68,20.68,20.68,20.68,20.68
5601,20.68,20.68,20.68,20.68,20.68,20.68,20.68,20.68,20.68,20.68
5602,20.68,20.68,20.68,20.68,20.68,20.68,20.68,20.68,20.68,20.68
5603,20.68,20.68,20.68,20.68,20.68,20.68,20.68,20.68,20.68,20.68
5604,20.68,20.68,20.68,20.68,20.68,20.68,20.68,20.68,20.68,20.68
5605,20.68,20.68,20.68,20.68,20.68,20.68,20.68,20.68,20.68,20.68
5606,20.68,20.68,20.68,20.68,20.68,20.68,20.68,20.68,20.68,20.68
5607,20.68,20.68,20.68,20.68,20.68,20.68,20.68,20.68,20.68,20.68
5608,20.68,20.68,20.68,20.68,20.68,20.68,20.68,20.68,20.68,20.68
5609,20.68,20.68,20.68,20.68,20.68,20.68,20.68,20.68,20.68,20.68
5610,20.68,20.68,20.68,20.68,20.68,20.68,20.68,20.68,20.68,20.68
5611,20.68,20.68,20.68,20.68,20.68,20.68,20.68,20.68,20.68,20.68
5612,20.68,20.68,20.68,20.68,20.68,20.68,20.68,20.68,20.68,20.68
5613,20.68,20.68,20.68,20.68,20.68,20.68,20.68,20.68,20.68,20.68
5614,20.68,20.68,20.68,20.68,20.68,20.68,20.68,20.68,20.68,20.68
5615,20.68,20.68,20.68,20.68,20.68,20.68,20.68,20.68,20.68,20.68
5616,20.68,20.68,20.68,20.68,20.68,20.68,20.68,20.68,20.68,20.68
5617,20.68,20.68,20.68,20.68,20.68,20.68,20.68,20.68,20.68,20.68
5618,20.68,20.68,20.68,20.68,20.68,20.68,20.68,20.68,20.68,20.68
5619,20.68,20.68,20.68,20.68,20.68,20.68,20.68,20.68,20.68,20.68
5620,20.68,20.68,20.68,20.68,20.68,20.68,20.68,20.68,20.68,20.68
5621,20.68,20.68,20.68,20.68,20.68,20.68,20.68,20.68,20.68,20.68
5622,20.68,20.68,20.68,20.68,20.68,20.68,20.68,20.68,20.68,20.68
5623,20.68,20.68,20.68,20.68,20.68,20.68,20.68,20.68,20.68,20.68
5624,20.68,20.68,20.68,20.68,20.68,20.68,20.68,20.68,20.68,20.68
5625,20.68,20.68,20.68,20.68,20.68,20.68,20.68,20.68,20.68,20.68
5626,20.68,20.68,20.68,20.68,20.68,20.68,20.68,20.68,20.68,20.68
5627,20.68,20.68,20.68,20.68,20.68,20.68,20.68,20.68,20.68,20.68
5628,20.68,20.68,20.68,20.68,20.68,20.68,20.68,20.68,20.68,20.68
5629,20.68,20.68,20.68,20.68,20.68,20.68,20.68,20.68,20.68,20.68
5630,20.68,20.68,20.68,20.68,20.68,20.68,20.68,20.68,20.68,20.68
5631,20.68,20.68,20.68,20.68,20.68,20.68,20.68,20.68,20.68,20.68
5632,20.68,20.68,20.68,20.68,20.68,20.68,20.68,20.68,20.68,20.68
5633,20.68,20.68,20.68,20.68,20.68,20.68,20.68,20.68,20.68,20.68
5634,20.68,20.68,20.68,20.68,20.68,20.68,20.68,20.68,20.68,20.68
5635,20.68,20.68,20.68,20.68,20.68,20.68,20.68,20.68,20.68,20.68
5636,20.68,20.68,20.68,20.68,20.68,20.68,20.68,20.68,20.68,20.68
5637,20.68,20.68,20.68,20.68,20.68,20.68,20.68,20.68,20.68,20.68
5638,20.68,20.68,20.68,20.68,20.68,20.68,20.68,20.68,20.68,20.68
5639,20.68,20.68,20.68,20.68,20.68,20.68,20.68,20.68,20.68,20.68
5640,20.68,20.68,20.68,20.68,20.68,20.68,20.68,20.68,20.68,20.68
5641,20.68,20.68,20.68,20.68,20.68,20.68,20.68,20.68,20.68,20.68
5642,20.68,20.68,20.68,20.68,20.68,20.68,20.68,20.68,20.68,20.68
5643,20.68,20.68,20.68,20.68,20.68,20.68,20.68,20.68,20.68,20.68
5644,20.68,20.68,20.68,20.68,20.68,20.68,20.68,20.68,20.68,20.68
5645,20.68,20.68,20.68,20.68,20.68,20.68,20.68,20.68,20.68,20.68
5646,20.68,20.68,20.68,20.68,20.68,20.68,20.68,20.68,20.68,20.68
5647,20.68,20.68,20.68,20.68,20.68,20.68,20.68,20.68,20.68,20.68
5648,20.68,20.68,20.68,20.68,20.68,20.68,20.68,20.68,20.68,20.68
5649,20.68,20.68,20.68,20.68,20.68,20.68,20.68,20.68,20.68,20.68
5650,20.68,20.68,20.68,20.68,20.68,20.68,20.68,20.68,20.68,20.68
5651,20.68,20.68,20.68,20.68,20.68,20.68,20.68,20.68,20.68,20.68
5652,20.68,20.68,20.68,20.68,20.68,20.68,20.68,20.68,20.68,20.68
5653,20.68,20.68,20.68,20.68,20.68,20.68,20.68,20.68,20.68,20.68
5654,20.68,20.68,20.68,20.68,20.68,20.68,20.68,20.68,20.68,20.68
5655,20.68,20.68,20.68,20.68,20.68,20.68,20.68,20.68,20.68,20.68
5656,20.68,20.68,20.68,20.68,20.68,20.68,20.68,20.68,20.68,20.68
5657,20.68,20.68,20.68,20.68,20.68,20.68,20.68,20.68,20.68,20.68
5658,20.68,20.68,20.68,20.68,20.68,20.68,20.68,20.68,20.68,20.68
5659,20.68,20.68,20.68,20.68,20.68,20.68,20.68,20.68,20.68,20.68
5660,20.68,20.68,20.68,20.68,20.68,20.68,20.68,20.68,20.68,20.68
5661,20.68,20.68,20.68,20.68,20.68,20.68,20.68,20.68,20.68,20.68
5662,20.68,20.68,20.68,20.68,20.68,20.68,20.68,20.68,20.68,20.68
5663,20.68,20.68,20.68,20.68,20.68,20.68,20.68,20.68,20.68,20.68
5664,20.68,20.68,20.68,20.68,20.68,20.68,20.68,20.68,20.68,20.68
5665,20.68,20.68,20.68,20.68,20.68,20.68,20.68,20.68,20.68,20.68
5666,20.68,20.68,20.68,20.68,20.68,20.68,20.68,20.68,20.68,20.68
5667,20.68,20.68,20.68,20.68,20.68,20.68,20.68,20.68,20.68,20.68
5668,20.68,20.68,20.68,20.68,20.68,20.68,20.68,20.68,20.68,20.68
5669,20.68,20.68,20.68,20.68,20.68,20.68,20.68,20.68,20.68,20.68
5670,20.68,20.68,20.68,20.68,20.68,20.68,20.68,20.68,20.68,20.68
5671,20.68,20.68,20.68,20.68,20.68,20.68,20.68,20.68,20.68,20.68
5672,20.68,20.68,20.68,20.68,20.68,20.68,20.68,20.68,20.68,20.68
5673,20.68,20.68,20.68,20.68,20.68,20.68,20.68,20.68,20.68,20.68
5674,20.68,20.68,20.68,20.68,20.68,20.68,20.68,20.68,20.68,20.68
5675,20.68,20.68,20.68,20.68,20.68,20.68,20.68,20.68,20.68,20.68
5676,20.68,20.68,20.68,20.68,20.68,20.68,20.68,20.68,20.68,20.68
5677,20.68,20.68,20.68,20.68,20.68,20.68,20.68,20.68,20.68,20.68
5678,20.68,20.68,20.68,20.68,20.68,20.68,20.68,20.68,20.68,20.68
5679,20.68,20.68,20.68,20.68,20.68,20.68,20.68,20.68,20.68,20.68
5680,20.68,20.68,20.68,20.68,20.68,20.68,20.68,20.68,20.68,20.68
5681,20.68,20.68,20.68,20.68,20.68,20.68,20.68,20.68,20.68,20.68
5682,20.68,20.68,20.68,20.68,20.68,20.68,20.68,20.68,20.68,20.68
5683,20.68,20.68,20.68,20.68,20.68,20.68,20.68,20.68,20.68,20.68
5684,20.68,20.68,20.68,20.68,20.68,20.68,20.68,20.68,20.68,20.68
5685,20.68,20.68,20.68,20.68,20.68,20.68,20.68,20.68,20.68,20.68
5686,20.68,20.68,20.68,20.68,20.68,20.68,20.68,20.68,20.68,20.68
5687,20.68,20.68,20.68,20.68,20.68,20.68,20.68,20.68,20.68,20.68
5688,20.68,20.68,20.68,20.68,20.68,20.68,20.68,20.68,20.68,20.68
5689,20.68,20.68,20.68,20.68,20.68,20.68,20.68,20.68,20.68,20.68
5690,20.68,20.68,20.68,20.68,20.68,20.68,20.68,20.68,20.68,20.68
5691,20.68,20.68,20.68,20.68,20.68,20.68,20.68,20.68,20.68,20.68
5692,20.68,20.68,20.68,20.68,20.68,20.68,20.68,20.68,20.68,20.68
5693,20.68,20.68,20.68,20.68,20.68,20.68,20.68,20.68,20.68,20.68
5694,20.68,20.68,20.68,20.68,20.68,20.68,20.68,20.68,20.68,20.68
5695,20.68,20.68,20.68,20.68,20.68,20.68,20.68,20.68,20.68,20.68
5696,20.68,20.68,20.68,20.68,20.68,20.68,20.68,20.68,20.68,20.68
5697,20.68,20.68,20.68,20.68,20.68,20.68,20.68,20.68,20.68,20.68
5698,20.68,20.68,20.68,20.68,20.68,20.68,20.68,20.68,20.68,20.68
5699,20.68,20.68,20.68,20.68,20.68,20.68,20.68,20.68,20.68,20.68
5700,20.68,20.68,20.68,20.68,20.68,20.68,20.68,20.68,20.68,20.68
5701,20.68,20.68,20.68,20.68,20.68,20.68,20.68,20.68,20.68,20.68
5702,20.68,20.68,20.68,20.68,20.68,20.68,20.68,20.68,20.68,20.68
5703,20.68,20.68,20.68,20.68,20.68,20.68,20.68,20.68,20.68,20.68
5704,20.68,20.68,20.68,20.68,20.68,20.68,20.68,20.68,20.68,20.68
5705,20.68,20.68,20.68,20.68,20.68,20.68,20.68,20.68,20.68,20.68
5706,20.68,20.68,20.68,20.68,20.68,20.68,20.68,20.68,20.68,20.68
5707,20.68,20.68,20.68,20.68,20.68,20.68,20.68,20.68,20.68,20.68
5708,20.68,20.68,20.68,20.68,20.68,20.68,20.68,20.68,20.68,20.68
5709,20.68,20.68,20.68,20.68,20.68,20.68,20.68,20.68,20.68,20.68
5710,20.68,20.68,20.68,20.68,20.68,20.68,20.68,20.68,20.68,20.68
5711,20.68,20.68,20.68,20.68,20.68,20.68,20.68,20.68,20.68,20.68
5712,20.68,20.68,20.68,20.68,20.68,20.68,20.68,20.68,20.68,20.68
5713,20.68,20.68,20.68,20.68,20.68,20.68,20.68,20.68,20.68,20.68
5714,20.68,20.68,20.68,20.68,20.68,20.68,20.68,20.68,20.68,20.68
5715,20.68,20.68,20.68,20.68,20.68,20.68,20.68,20.68,20.68,20.68
5716,20.68,20.68,20.68,20.68,20.68,20.68,20.68,20.68,20.68,20.68
5717,20.68,20.68,20.68,20.68,20.68,20.68,20.68,20.68,20.68,20.68
5718,20.68,20.68,20.68,20.68,20.68,20.68,20.68,20.68,20.68,20.68
5719,20.68,20.68,20.68,20.68,20.68,20.68,20.68,20.68,20.68,20.68
5720,20.68,20.68,20.68,20.68,20.68,20.68,20.68,20.68,20.68,20.68
5721,20.68,20.68,20.68,20.68,20.68,20.68,20.68,20.68,20.68,20.68
5722,20.68,20.68,20.68,20.68,20.68,20.68,20.68,20.68,20.68,20.68
5723,20.68,20.68,20.68,20.68,20.68,20.68,20.68,20.68,20.68,20.68
5724,20.68,20.68,20.68,20.68,20.68,20.68,20.68,20.68,20.68,20.68
5725,20.68,20.68,20.68,20.68,20.68,20.68,20.68,20.68,20.68,20.68
5726,20.68,20.68,20.68,20.68,20.68,20.68,20.68,20.68,20.68,20.68
5727,20.68,20.68,20.68,20.68,20.68,20.68,20.68,20.68,20.68,20.68
5728,20.68,20.68,20.68,20.68,20.68,20.68,20.68,20.68,20.68,20.68
5729,20.68,20.68,20.68,20.68,20.68,20.68,20.68,20.68,20.68,20.68
5730,20.68,20.68,20.68,20.68,20.68,20.68,20.68,20.68,20.68,20.68
5731,20.68,20.68,20.68,20.68,20.68,20.68,20.68,20.68,20.68,20.68
5732,20.68,20.68,20.68,20.68,20.68,20.68,20.68,20.68,20.68,20.68
5733,20.68,20.68,20.68,20.68,20.68,20.68,20.68,20.68,20.68,20.68
5734,20.68,20.68,20.68,20.68,20.68,20.68,20.68,20.68,20.68,20.68
5735,20.68,20.68,20.68,20.68,20.68,20.68,20.68,20.68,20.68,20.68
5736,20.68,20.68,20.68,20.68,20.68,20.68,20.68,20.68,20.68,20.68
5737,20.68,20.68,20.68,20.68,20.68,20.68,20.68,20.68,20.68,20.68
5738,20.68,20.68,20.68,20.68,20.68,20.68,20.68,20.68,20.68,20.68
5739,20.68,20.68,20.68,20.68,20.68,20.68,20.68,20.68,20.68,20.68
5740,20.68,20.68,20.68,20.68,20.68,20.68,20.68,20.68,20.68,20.68
5741,20.68,20.68,20.68,20.68,20.68,20.68,20.68,20.68,20.68,20.68
5742,20.68,20.68,20.68,20.68,20.68,20.68,20.68,20.68,20.68,20.68
5743,20.68,20.68,20.68,20.68,20.68,20.68,20.68,20.68,20.68,20.68
5744,20.68,20.68,20.68,20.68,20.68,20.68,20.68,20.68,20.68,20.68
5745,20.68,20.68,20.68,20.68,20.68,20.68,20.68,20.68,20.68,20.68
5746,20.68,20.68,20.68,20.68,20.68,20.68,20.68,20.68,20.68,20.68
5747,20.68,20.68,20.68,20.68,20.68,20.68,20.68,20.68,20.68,20.68
5748,20.68,20.68,20.68,20.68,20.68,20.68,20.68,20.68,20.68,20.68
5749,20.68,20.68,20.68,20.68,20.68,20.68,20.68,20.68,20.68,20.68
5750,20.68,20.68,20.68,20.68,20.68,20.68,20.68,20.68,20.68,20.68
5751,20.68,20.68,20.68,20.68,20.68,20.68,20.68,20.68,20.68,20.68
5752,20.68,20.68,20.68,20.68,20.68,20.68,20.68,20.68,20.68,20.68
5753,20.68,20.68,20.68,20.68,20.68,20.68,20.68,20.68,20.68,20.68
5754,20.68,20.68,20.68,20.68,20.68,20.68,20.68,20.68,20.68,20.68
5755,20.68,20.68,20.68,20.68,20.68,20.68,20.68,20.68,20.68,20.68
5756,20.68,20.68,20.68,20.68,20.68,20.68,20.68,20.68,20.68,20.68
5757,20.68,20.68,20.68,20.68,20.68,20.68,20.68,20.68,20.68,20.68
5758,20.68,20.68,20.68,20.68,20.68,20.68,20.68,20.68,20.68,20.68
5759,20.68,20.68,20.68,20.68,20.68,20.68,20.68,20.68,20.68,20.68
5760,20.68,20.68,20.68,20.68,20.68,20.68,20.68,20.68,20.68,20.68
5761,20.68,20.68,20.68,20.68,20.68,20.68,20.68,20.68,20.68,20.68
5762,20.68,20.68,20.68,20.68,20.68,20.68,20.68,20.68,20.68,20.68
5763,20.68,20.68,20.68,20.68,20.68,20.68,20.68,20.68,20.68,20.68
5764,20.68,20.68,20.68,20.68,20.68,20.68,20.68,20.68,20.68,20.68
5765,20.68,20.68,20.68,20.68,20.68,20.68,20.68,20.68,20.68,20.68
5766,20.68,20.68,20.68,20.68,20.68,20.68,20.68,20.68,20.68,20.68
5767,20.68,20.68,20.68,20.68,20.68,20.68,20.68,20.68,20.68,20.68
5768,20.68,20.68,20.68,20.68,20.68,20.68,20.68,20.68,20.68,20.68
5769,20.68,20.68,20.68,20.68,20.68,20.68,20.68,20.68,20.68,20.68
5770,20.68,20.68,20.68,20.68,20.68,20.68,20.68,20.68,20.68,20.68
5771,20.68,20.68,20.68,20.68,20.68,20.68,20.68,20.68,20.68,20.68
5772,20.68,20.68,20.68,20.68,20.68,20.68,20.68,20.68,20.68,20.68
5773,20.68,20.68,20.68,20.68,20.68,20.68,20.68,20.68,20.68,20.68
5774,20.68,20.68,20.68,20.68,20.68,20.68,20.68,20.68,20.68,20.68
5775,20.68,20.68,20.68,20.68,20.68,20.68,20.68,20.68,20.68,20.68
5776,20.68,20.68,20.68,20.68,20.68,20.68,20.68,20.68,20.68,20.68
5777,20.68,20.68,20.68,20.68,20.68,20.68,20.68,20.68,20.68,20.68
5778,20.68,20.68,20.68,20.68,20.68,20.68,20.68,20.68,20.68,20.68
5779,20.68,20.68,20.68,20.68,20.68,20.68,20.68,20.68,20.68,20.68
5780,20.68,20.68,20.68,20.68,20.68,20.68,20.68,20.68,20.68,20.68
5781,20.68,20.68,20.68,20.68,20.68,20.68,20.68,20.68,20.68,20.68
5782,20.68,20.68,20.68,20.68,20.68,20.68,20.68,20.68,20.68,20.68
5783,20.68,20.68,20.68,20.68,20.68,20.68,20.68,20.68,20.68,20.68
5784,20.68,20.68,20.68,20.68,20.68,20.68,20.68,20.68,20.68,20.68
5785,20.68,20.68,20.68,20.68,20.68,20.68,20.68,20.68,20.68,20.68
5786,20.68,20.68,20.68,20.68,20.68,20.68,20.68,20.68,20.68,20.68
5787,20.68,20.68,20.68,20.68,20.68,20.68,20.68,20.68,20.68,20.68
5788,20.68,20.68,20.68,20.68,20.68,20.68,20.68,20.68,20.68,20.68
5789,20.68,20.68,20.68,20.68,20.68,20.68,20.68,20.68,20.68,20.68
5790,20.68,20.68,20.68,20.68,20.68,20.68,20.68,20.68,20.68,20.68
5791,20.68,20.68,20.68,20.68,20.68,20.68,20.68,20.68,20.68,20.68
5792,20.68,20.68,20.68,20.68,20.68,20.68,20.68,20.68,20.68,20.68
5793,20.68,20.68,20.68,20.68,20.68,20.68,20.68,20.68,20.68,20.68
5794,20.68,20.68,20.68,20.68,20.68,20.68,20.68,20.68,20.68,20.68
5795,20.68,20.68,20.68,20.68,20.68,20.68,20.68,20.68,20.68,20.68
5796,20.68,20.68,20.68,20.68,20.68,20.68,20.68,20.68,20.68,20.68
5797,20.68,20.68,20.68,20.68,20.68,20.68,20.68,20.68,20.68,20.68
5798,20.68,20.68,20.68,20.68,20.68,20.68,20.68,20.68,20.68,20.68
5799,20.68,20.68,20.68,20.68,20.68,20.68,20.68,20.68,20.68,20.68
5800,20.68,20.68,20.68,20.68,20.68,20.68,20.68,20.68,20.68,20.68
5801,20.68,20.68,20.68,20.68,20.68,20.68,20.68,20.68,20.68,20.68
5802,20.68,20.68,20.68,20.68,20.68,20.68,20.68,20.68,20.68,20.68
5803,20.68,20.68,20.68,20.68,20.68,20.68,20.68,20.68,20.68,20.68
5804,20.68,20.68,20.68,20.68,20.68,20.68,20.68,20.68,20.68,20.68
5805,20.68,20.68,20.68,20.68,20.68,20.68,20.68,20.68,20.68,20.68
5806,20.68,20.68,20.68,20.68,20.68,20.68,20.68,20.68,20.68,20.68
5807,20.68,20.68,20.68,20.68,20.68,20.68,20.68,20.68,20.68,20.68
5808,20.68,20.68,20.68,20.68,20.68,20.68,20.68,20.68,20.68,20.68
5809,20.68,20.68,20.68,20.68,20.68,20.68,20.68,20.68,20.68,20.68
5810,20.68,20.68,20.68,20.68,20.68,20.68,20.68,20.68,20.68,20.68
5811,20.68,20.68,20.68,20.68,20.68,20.68,20.68,20.68,20.68,20.68
5812,20.68,20.68,20.68,20.68,20.68,20.68,20.68,20.68,20.68,20.68
5813,20.68,20.68,20.68,20.68,20.68,20.68,20.68,20.68,20.68,20.68
5814,20.68,20.68,20.68,20.68,20.68,20.68,20.68,20.68,20.68,20.68
5815,20.68,20.68,20.68,20.68,20.68,20.68,20.68,20.68,20.68,20.68
5816,20.68,20.68,20.68,20.68,20.68,20.68,20.68,20.68,20.68,20.68
5817,20.68,20.68,20.68,20.68,20.68,20.68,20.68,20.68,20.68,20.68
5818,20.68,20.68,20.68,20.68,20.68,20.68,20.68,20.68,20.68,20.68
5819,20.68,20.68,20.68,20.68,20.68,20.68,20.68,20.68,20.68,20.68
5820,20.68,20.68,20.68,20.68,20.68,20.68,20.68,20.68,20.68,20.68
5821,20.68,20.68,20.68,20.68,20.68,20.68,20.68,20.68,20.68,20.68
5822,20.68,20.68,20.68,20.68,20.68,20.68,20.68,20.68,20.68,20.68
5823,20.68,20.68,20.68,20.68,20.68,20.68,20.68,20.68,20.68,20.68
5824,20.68,20.68,20.68,20.68,20.68,20.68,20.68,20.68,20.68,20.68
5825,20.68,20.68,20.68,20.68,20.68,20.68,20.68,20.68,20.68,20.68
5826,20.68,20.68,20.68,20.68,20.68,20.68,20.68,20.68,20.68,20.68
5827,20.68,20.68,20.68,20.68,20.68,20.68,20.68,20.68,20.68,20.68
5828,20.68,20.68,20.68,20.68,20.68,20.68,20.68,20.68,20.68,20.68
5829,20.68,20.68,20.68,20.68,20.68,20.68,20.68,20.68,20.68,20.68
5830,20.68,20.68,20.68,20.68,20.68,20.68,20.68,20.68,20.68,20.68
5831,20.68,20.68,20.68,20.68,20.68,20.68,20.68,20.68,20.68,20.68
5832,20.68,20.68,20.68,20.68,20.68,20.68,20.68,20.68,20.68,20.68
5833,20.68,20.68,20.68,20.68,20.68,20.68,20.68,20.68,20.68,20.68
5834,20.68,20.68,20.68,20.68,20.68,20.68,20.68,20.68,20.68,20.68
5835,20.68,20.68,20.68,20.68,20.68,20.68,20.68,20.68,20.68,20.68
5836,20.68,20.68,20.68,20.68,20.68,20.68,20.68,20.68,20.68,20.68
5837,20.68,20.68,20.68,20.68,20.68,20.68,20.68,20.68,20.68,20.68
5838,20.68,20.68,20.68,20.68,20.68,20.68,20.68,20.68,20.68,20.68
5839,20.68,20.68,20.68,20.68,20.68,20.68,20.68,20.68,20.68,20.68
5840,20.68,20.68,20.68,20.68,20.68,20.68,20.68,20.68,20.68,20.68
5841,20.68,20.68,20.68,20.68,20.68,20.68,20.68,20.68,20.68,20.68
5842,20.68,20.68,20.68,20.68,20.68,20.68,20.68,20.68,20.68,20.68
5843,20.68,20.68,20.68,20.68,20.68,20.68,20.68,20.68,20.68,20.68
5844,20.68,20.68,20.68,20.68,20.68,20.68,20.68,20.68,20.68,20.68
5845,20.68,20.68,20.68,20.68,20.68,20.68,20.68,20.68,20.68,20.68
5846,20.68,20.68,20.68,20.68,20.68,20.68,20.68,20.68,20.68,20.68
5847,20.68,20.68,20.68,20.68,20.68,20.68,20.68,20.68,20.68,20.68
5848,20.68,20.68,20.68,20.68,20.68,20.68,20.68,20.68,20.68,20.68
5849,20.68,20.68,20.68,20.68,20.68,20.68,20.68,20.68,20.68,20.68
5850,20.68,20.68,20.68,20.68,20.68,20.68,20.68,20.68,20.68,20.68
5851,20.68,20.68,20.68,20.68,20.68,20.68,20.68,20.68,20.68,20.68
5852,20.68,20.68,20.68,20.68,20.68,20.68,20.68,20.68,20.68,20.68
5853,20.68,20.68,20.68,20.68,20.68,20.68,20.68,20.68,20.68,20.68
5854,20.68,20.68,20.68,20.68,20.68,20.68,20.68,20.68,20.68,20.68
5855,20.68,20.68,20.68,20.68,20.68,20.68,20.68,20.68,20.68,20.68
5856,20.68,20.68,20.68,20.68,20.68,20.68,20.68,20.68,20.68,20.68
5857,20.68,20.68,20.68,20.68,20.68,20.68,20.68,20.68,20.68,20.68
5858,20.68,20.68,20.68,20.68,20.68,20.68,20.68,20.68,20.68,20.68
5859,20.68,20.68,20.68,20.68,20.68,20.68,20.68,20.68,20.68,20.68
5860,20.68,20.68,20.68,20.68,20.68,20.68,20.68,20.68,20.68,20.68
5861,20.68,20.68,20.68,20.68,20.68,20.68,20.68,20.68,20.68,20.68
5862,20.68,20.68,20.68,20.68,20.68,20.68,20.68,20.68,20.68,20.68
5863,20.68,20.68,20.68,20.68,20.68,20.68,20.68,20.68,20.68,20.68
5864,20.68,20.68,20.68,20.68,20.68,20.68,20.68,20.68,20.68,20.68
5865,20.68,20.68,20.68,20.68,20.68,20.68,20.68,20.68,20.68,20.68
5866,20.68,20.68,20.68,20.68,20.68,20.68,20.68,20.68,20.68,20.68
5867,20.68,20.68,20.68,20.68,20.68,20.68,20.68,20.68,20.68,20.68
5868,20.68,20.68,20.68,20.68,20.68,20.68,20.68,20.68,20.68,20.68
5869,20.68,20.68,20.68,20.68,20.68,20.68,20.68,20.68,20.68,20.68
5870,20.68,20.68,20.68,20.68,20.68,20.68,20.68,20.68,20.68,20.68
5871,20.68,20.68,20.68,20.68,20.68,20.68,20.68,20.68,20.68,20.68
5872,20.68,20.68,20.68,20.68,20.68,20.68,20.68,20.68,20.68,20.68
5873,20.68,20.68,20.68,20.68,20.68,20.68,20.68,20.68,20.68,20.68
5874,20.68,20.68,20.68,20.68,20.68,20.68,20.68,20.68,20.68,20.68
5875,20.68,20.68,20.68,20.68,20.68,20.68,20.68,20.68,20.68,20.68
5876,20.68,20.68,20.68,20.68,20.68,20.68,20.68,20.68,20.68,20.68
5877,20.68,20.68,20.68,20.68,20.68,20.68,20.68,20.68,20.68,20.68
5878,20.68,20.68,20.68,20.68,20.68,20.68,20.68,20.68,20.68,20.68
5879,20.68,20.68,20.68,20.68,20.68,20.68,20.68,20.68,20.68,20.68
5880,20.68,20.68,20.68,20.68,20.68,20.68,20.68,20.68,20.68,20.68
5881,20.68,20.68,20.68,20.68,20.68,20.68,20.68,20.68,20.68,20.68
5882,20.68,20.68,20.68,20.68,20.68,20.68,20.68,20.68,20.68,20.68
5883,20.68,20.68,20.68,20.68,20.68,20.68,20.68,20.68,20.68,20.68
5884,20.68,20.68,20.68,20.68,20.68,20.68,20.68,20.68,20.68,20.68
5885,20.68,20.68,20.68,20.68,20.68,20.68,20.68,20.68,20.68,20.68
5886,20.68,20.68,20.68,20.68,20.68,20.68,20.68,20.68,20.68,20.68
5887,20.68,20.68,20.68,20.68,20.68,20.68,20.68,20.68,20.68,20.68
5888,20.68,20.68,20.68,20.68,20.68,20.68,20.68,20.68,20.68,20.68
5889,20.68,20.68,20.68,20.68,20.68,20.68,20.68,20.68,20.68,20.68
5890,20.68,20.68,20.68,20.68,20.68,20.68,20.68,20.68,20.68,20.68
5891,20.68,20.68,20.68,20.68,20.68,20.68,20.68,20.68,20.68,20.68
5892,20.68,20.68,20.68,20.68,20.68,20.68,20.68,20.68,20.68,20.68
5893,20.68,20.68,20.68,20.68,20.68,20.68,20.68,20.68,20.68,20.68
5894,20.68,20.68,20.68,20.68,20.68,20.68,20.68,20.68,20.68,20.68
5895,20.68,20.68,20.68,20.68,20.68,20.68,20.68,20.68,20.68,20.68
5896,20.68,20.68,20.68,20.68,20.68,20.68,20.68,20.68,20.68,20.68
5897,20.68,20.68,20.68,20.68,20.68,20.68,20.68,20.68,20.68,20.68
5898,20.68,20.68,20.68,20.68,20.68,20.68,20.68,20.68,20.68,20.68
5899,20.68,20.68,20.68,20.68,20.68,20.68,20.68,20.68,20.68,20.68
5900,20.68,20.68,20.68,20.68,20.68,20.68,20.68,20.68,20.68,20.68
5901,20.68,20.68,20.68,20.68,20.68,20.68,20.68,20.68,20.68,20.68
5902,20.68,20.68,20.68,20.68,20.68,20.68,20.68,20.68,20.68,20.68
5903,20.68,20.68,20.68,20.68,20.68,20.68,20.68,20.68,20.68,20.68
5904,20.68,20.68,20.68,20.68,20.68,20.68,20.68,20.68,20.68,20.68
5905,20.68,20.68,20.68,20.68,20.68,20.68,20.68,20.68,20.68,20.68
5906,20.68,20.68,20.68,20.68,20.68,20.68,20.68,20.68,20.68,20.68
5907,20.68,20.68,20.68,20.68,20.68,20.68,20.68,20.68,20.68,20.68
5908,20.68,20.68,20.68,20.68,20.68,20.68,20.68,20.68,20.68,20.68
5909,20.68,20.68,20.68,20.68,20.68,20.68,20.68,20.68,20.68,20.68
5910,20.68,20.68,20.68,20.68,20.68,20.68,20.68,20.68,20.68,20.68
5911,20.68,20.68,20.68,20.68,20.68,20.68,20.68,20.68,20.68,20.68
5912,20.68,20.68,20.68,20.68,20.68,20.68,20.68,20.68,20.68,20.68
5913,20.68,20.68,20.68,20.68,20.68,20.68,20.68,20.68,20.68,20.68
5914,20.68,20.68,20.68,20.68,20.68,20.68,20.68,20.68,20.68,20.68
5915,20.68,20.68,20.68,20.68,20.68,20.68,20.68,20.68,20.68,20.68
5916,20.68,20.68,20.68,20.68,20.68,20.68,20.68,20.68,20.68,20.68
5917,20.68,20.68,20.68,20.68,20.68,20.68,20.68,20.68,20.68,20.68
5918,20.68,20.68,20.68,20.68,20.68,20.68,20.68,20.68,20.68,20.68
5919,20.68,20.68,20.68,20.68,20.68,20.68,20.68,20.68,20.68,20.68
5920,20.68,20.68,20.68,20.68,20.68,20.68,20.68,20.68,20.68,20.68
5921,20.68,20.68,20.68,20.68,20.68,20.68,20.68,20.68,20.68,20.68
5922,20.68,20.68,20.68,20.68,20.68,20.68,20.68,20.68,20.68,20.68
5923,20.68,20.68,20.68,20.68,20.68,20.68,20.68,20.68,20.68,20.68
5924,20.68,20.68,20.68,20.68,20.68,20.68,20.68,20.68,20.68,20.68
5925,20.68,20.68,20.68,20.68,20.68,20.68,20.68,20.68,20.68,20.68
5926,20.68,20.68,20.68,20.68,20.68,20.68,20.68,20.68,20.68,20.68
5927,20.68,20.68,20.68,20.68,20.68,20.68,20.68,20.68,20.68,20.68
5928,20.68,20.68,20.68,20.68,20.68,20.68,20.68,20.68,20.68,20.68
5929,20.68,20.68,20.68,20.68,20.68,20.68,20.68,20.68,20.68,20.68
5930,20.68,20.68,20.68,20.68,20.68,20.68,20.68,20.68,20.68,20.68
5931,20.68,20.68,20.68,20.68,20.68,20.68,20.68,20.68,20.68,20.68
5932,20.68,20.68,20.68,20.68,20.68,20.68,20.68,20.68,20.68,20.68
5933,20.68,20.68,20.68,20.68,20.68,20.68,20.68,20.68,20.68,20.68
5934,20.68,20.68,20.68,20.68,20.68,20.68,20.68,20.68,20.68,20.68
5935,20.68,20.68,20.68,20.68,20.68,20.68,20.68,20.68,20.68,20.68
5936,20.68,20.68,20.68,20.68,20.68,20.68,20.68,20.68,20.68,20.68
5937,20.68,20.68,20.68,20.68,20.68,20.68,20.68,20.68,20.68,20.68
5938,20.68,20.68,20.68,20.68,20.68,20.68,20.68,20.68,20.68,20.68
5939,20.68,20.68,20.68,20.68,20.68,20.68,20.68,20.68,20.68,20.68
5940,20.68,20.68,20.68,20.68,20.68,20.68,20.68,20.68,20.68,20.68
5941,20.68,20.68,20.68,20.68,20.68,20.68,20.68,20.68,20.68,20.68
5942,20.68,20.68,20.68,20.68,20.68,20.68,20.68,20.68,20.68,20.68
5943,20.68,20.68,20.68,20.68,20.68,20.68,20.68,20.68,20.68,20.68
5944,20.68,20.68,20.68,20.68,20.68,20.68,20.68,20.68,20.68,20.68
5945,20.68,20.68,20.68,20.68,20.68,20.68,20.68,20.68,20.68,20.68
5946,20.68,20.68,20.68,20.68,20.68,20.68,20.68,20.68,20.68,20.68
5947,20.68,20.68,20.68,20.68,20.68,20.68,20.68,20.68,20.68,20.68
5948,20.68,20.68,20.68,20.68,20.68,20.68,20.68,20.68,20.68,20.68
5949,20.68,20.68,20.68,20.68,20.68,20.68,20.68,20.68,20.68,20.68
5950,20.68,20.68,20.68,20.68,20.68,20.68,20.68,20.68,20.68,20.68
5951,20.68,20.68,20.68,20.68,20.68,20.68,20.68,20.68,20.68,20.68
5952,20.68,20.68,20.68,20.68,20.68,20.68,20.68,20.68,20.68,20.68
5953,20.68,20.68,20.68,20.68,20.68,20.68,20.68,20.68,20.68,20.68
5954,20.68,20.68,20.68,20.68,20.68,20.68,20.68,20.68,20.68,20.68
5955,20.68,20.68,20.68,20.68,20.68,20.68,20.68,20.68,20.68,20.68
5956,20.68,20.68,20.68,20.68,20.68,20.68,20.68,20.68,20.68,20.68
5957,20.68,20.68,20.68,20.68,20.68,20.68,20.68,20.68,20.68,20.68
5958,20.68,20.68,20.68,20.68,20.68,20.68,20.68,20.68,20.68,20.68
5959,20.68,20.68,20.68,20.68,20.68,20.68,20.68,20.68,20.68,20.68
5960,20.68,20.68,20.68,20.68,20.68,20.68,20.68,20.68,20.68,20.68
5961,20.68,20.68,20.68,20.68,20.68,20.68,20.68,20.68,20.68,20.68
5962,20.68,20.68,20.68,20.68,20.68,20.68,20.68,20.68,20.68,20.68
5963,20.68,20.68,20.68,20.68,20.68,20.68,20.68,20.68,20.68,20.68
5964,20.68,20.68,20.68,20.68,20.68,20.68,20.68,20.68,20.68,20.68
5965,20.68,20.68,20.68,20.68,20.68,20.68,20.68,20.68,20.68,20.68
5966,20.68,20.68,20.68,20.68,20.68,20.68,20.68,20.68,20.68,20.68
5967,20.68,20.68,20.68,20.68,20.68,20.68,20.68,20.68,20.68,20.68
5968,20.68,20.68,20.68,20.68,20.68,20.68,20.68,20.68,20.68,20.68
5969,20.68,20.68,20.68,20.68,20.68,20.68,20.68,20.68,20.68,20.68
5970,20.68,20.68,20.68,20.68,20.68,20.68,20.68,20.68,20.68,20.68
5971,20.68,20.68,20.68,20.68,20.68,20.68,20.68,20.68,20.68,20.68
5972,20.68,20.68,20.68,20.68,20.68,20.68,20.68,20.68,20.68,20.68
5973,20.68,20.68,20.68,20.68,20.68,20.68,20.68,20.68,20.68,20.68
5974,20.68,20.68,20.68,20.68,20.68,20.68,20.68,20.68,20.68,20.68
5975,20.68,20.68,20.68,20.68,20.68,20.68,20.68,20.68,20.68,20.68
5976,20.68,20.68,20.68,20.68,20.68,20.68,20.68,20.68,20.68,20.68
5977,20.68,20.68,20.68,20.68,20.68,20.68,20.68,20.68,20.68,20.68
5978,20.68,20.68,20.68,20.68,20.68,20.68,20.68,20.68,20.68,20.68
5979,20.68,20.68,20.68,20.68,20.68,20.68,20.68,20.68,20.68,20.68
5980,20.68,20.68,20.68,20.68,20.68,20.68,20.68,20.68,20.68,20.68
5981,20.68,20.68,20.68,20.68,20.68,20.68,20.68,20.68,20.68,20.68
5982,20.68,20.68,20.68,20.68,20.68,20.68,20.68,20.68,20.68,20.68
5983,20.68,20.68,20.68,20.68,20.68,20.68,20.68,20.68,20.68,20.68
5984,20.68,20.68,20.68,20.68,20.68,20.68,20.68,20.68,20.68,20.68
5985,20.68,20.68,20.68,20.68,20.68,20.68,20.68,20.68,20.68,20.68
5986,20.68,20.68,20.68,20.68,20.68,20.68,20.68,20.68,20.68,20.68
5987,20.68,20.68,20.68,20.68,20.68,20.68,20.68,20.68,20.68,20.68
5988,20.68,20.68,20.68,20.68,20.68,20.68,20.68,20.68,20.68,20.68
5989,20.68,20.68,20.68,20.68,20.68,20.68,20.68,20.68,20.68,20.68
5990,20.68,20.68,20.68,20.68,20.68,20.68,20.68,20.68,20.68,20.68
5991,20.68,20.68,20.68,20.68,20.68,20.68,20.68,20.68,20.68,20.68
5992,20.68,20.68,20.68,20.68,20.68,20.68,20.68,20.68,20.68,20.68
5993,20.68,20.68,20.68,20.68,20.68,20.68,20.68,20.68,20.68,20.68
5994,20.68,20.68,20.68,20.68,20.68,20.68,20.68,20.68,20.68,20.68
5995,20.68,20.68,20.68,20.68,20.68,20.68,20.68,20.68,20.68,20.68
5996,20.68,20.68,20.68,20.68,20.68,20.68,20.68,20.68,20.68,20.68
5997,20.68,20.68,20.68,20.68,20.68,20.68,20.68,20.68,20.68,20.68
5998,20.68,20.68,20.68,20.68,20.68,20.68,20.68,20.68,20.68,20.68
5999,20.68,20.68,20.68,20.68,20.68,20.68,20.68,20.68,20.68,20.68
6000,20.68,20.68,20.68,20.68,20.68,20.68,20.68,20.68,20.68,20.68
6001,20.68,20.68,20.68,20.68,20.68,20.68,20.68,20.68,20.68,20.68
6002,20.68,20.68,20.68,20.68,20.68,20.68,20.68,20.68,20.68,20.68
6003,20.68,20.68,20.68,20.68,20.68,20.68,20.68,20.68,20.68,20.68
6004,20.68,20.68,20.68,20.68,20.68,20.68,20.68,20.68,20.68,20.68
6005,20.68,20.68,20.68,20.68,20.68,20.68,20.68,20.68,20.68,20.68
6006,20.68,20.68,20.68,20.68,20.68,20.68,20.68,20.68,20.68,20.68
6007,20.68,20.68,20.68,20.68,20.68,20.68,20.68,20.68,20.68,20.68
6008,20.68,20.68,20.68,20.68,20.68,20.68,20.68,20.68,20.68,20.68
6009,20.68,20.68,20.68,20.68,20.68,20.68,20.68,20.68,20.68,20.68
6010,20.68,20.68,20.68,20.68,20.68,20.68,20.68,20.68,20.68,20.68
6011,20.68,20.68,20.68,20.68,20.68,20.68,20.68,20.68,20.68,20.68
6012,20.68,20.68,20.68,20.68,20.68,20.68,20.68,20.68,20.68,20.68
6013,20.68,20.68,20.68,20.68,20.68,20.68,20.68,20.68,20.68,20.68
6014,20.68,20.68,20.68,20.68,20.68,20.68,20.68,20.68,20.68,20.68
6015,20.68,20.68,20.68,20.68,20.68,20.68,20.68,20.68,20.68,20.68
6016,20.68,20.68,20.68,20.68,20.68,20.68,20.68,20.68,20.68,20.68
6017,20.68,20.68,20.68,20.68,20.68,20.68,20.68,20.68,20.68,20.68
6018,20.68,20.68,20.68,20.68,20.68,20.68,20.68,20.68,20.68,20.68
6019,20.68,20.68,20.68,20.68,20.68,20.68,20.68,20.68,20.68,20.68
6020,20.68,20.68,20.68,20.68,20.68,20.68,20.68,20.68,20.68,20.68
6021,20.68,20.68,20.68,20.68,20.68,20.68,20.68,20.68,20.68,20.68
6022,20.68,20.68,20.68,20.68,20.68,20.68,20.68,20.68,20.68,20.68
6023,20.68,20.68,20.68,20.68,20.68,20.68,20.68,20.68,20.68,20.68
6024,20.68,20.68,20.68,20.68,20.68,20.68,20.68,20.68,20.68,20.68
6025,20.68,20.68,20.68,20.68,20.68,20.68,20.68,20.68,20.68,20.68
6026,20.68,20.68,20.68,20.68,20.68,20.68,20.68,20.68,20.68,20.68
6027,20.68,20.68,20.68,20.68,20.68,20.68,20.68,20.68,20.68,20.68
6028,20.68,20.68,20.68,20.68,20.68,20.68,20.68,20.68,20.68,20.68
6029,20.68,20.68,20.68,20.68,20.68,20.68,20.68,20.68,20.68,20.68
6030,20.68,20.68,20.68,20.68,20.68,20.68,20.68,20.68,20.68,20.68
6031,20.68,20.68,20.68,20.68,20.68,20.68,20.68,20.68,20.68,20.68
6032,20.68,20.68,20.68,20.68,20.68,20.68,20.68,20.68,20.68,20.68
6033,20.68,20.68,20.68,20.68,20.68,20.68,20.68,20.68,20.68,20.68
6034,20.68,20.68,20.68,20.68,20.68,20.68,20.68,20.68,20.68,20.68
6035,20.68,20.68,20.68,20.68,20.68,20.68,20.68,20.68,20.68,20.68
6036,20.68,20.68,20.68,20.68,20.68,20.68,20.68,20.68,20.68,20.68
6037,20.68,20.68,20.68,20.68,20.68,20.68,20.68,20.68,20.68,20.68
6038,20.68,20.68,20.68,20.68,20.68,20.68,20.68,20.68,20.68,20.68
6039,20.68,20.68,20.68,20.68,20.68,20.68,20.68,20.68,20.68,20.68
6040,20.68,20.68,20.68,20.68,20.68,20.68,20.68,20.68,20.68,20.68
6041,20.68,20.68,20.68,20.68,20.68,20.68,20.68,20.68,20.68,20.68
6042,20.68,20.68,20.68,20.68,20.68,20.68,20.68,20.68,20.68,20.68
6043,20.68,20.68,20.68,20.68,20.68,20.68,20.68,20.68,20.68,20.68
6044,20.68,20.68,20.68,20.68,20.68,20.68,20.68,20.68,20.68,20.68
6045,20.68,20.68,20.68,20.68,20.68,20.68,20.68,20.68,20.68,20.68
6046,20.68,20.68,20.68,20.68,20.68,20.68,20.68,20.68,20.68,20.68
6047,20.68,20.68,20.68,20.68,20.68,20.68,20.68,20.68,20.68,20.68
6048,20.68,20.68,20.68,20.68,20.68,20.68,20.68,20.68,20.68,20.68
6049,20.68,20.68,20.68,20.68,20.68,20.68,20.68,20.68,20.68,20.68
6050,20.68,20.68,20.68,20.68,20.68,20.68,20.68,20.68,20.68,20.68
6051,20.68,20.68,20.68,20.68,20.68,20.68,20.68,20.68,20.68,20.68
6052,20.68,20.68,20.68,20.68,20.68,20.68,20.68,20.68,20.68,20.68
6053,20.68,20.68,20.68,20.68,20.68,20.68,20.68,20.68,20.68,20.68
6054,20.68,20.68,20.68,20.68,20.68,20.68,20.68,20.68,20.68,20.68
6055,20.68,20.68,20.68,20.68,20.68,20.68,20.68,20.68,20.68,20.68
6056,20.68,20.68,20.68,20.68,20.68,20.68,20.68,20.68,20.68,20.68
6057,20.68,20.68,20.68,20.68,20.68,20.68,20.68,20.68,20.68,20.68
6058,20.68,20.68,20.68,20.68,20.68,20.68,20.68,20.68,20.68,20.68
6059,20.68,20.68,20.68,20.68,20.68,20.68,20.68,20.68,20.68,20.68
6060,20.68,20.68,20.68,20.68,20.68,20.68,20.68,20.68,20.68,20.68
6061,20.68,20.68,20.68,20.68,20.68,20.68,20.68,20.68,20.68,20.68
6062,20.68,20.68,20.68,20.68,20.68,20.68,20.68,20.68,20.68,20.68
6063,20.68,20.68,20.68,20.68,20.68,20.68,20.68,20.68,20.68,20.68
6064,20.68,20.68,20.68,20.68,20.68,20.68,20.68,20.68,20.68,20.68
6065,20.68,20.68,20.68,20.68,20.68,20.68,20.68,20.68,20.68,20.68
6066,20.68,20.68,20.68,20.68,20.68,20.68,20.68,20.68,20.68,20.68
6067,20.68,20.68,20.68,20.68,20.68,20.68,20.68,20.68,20.68,20.68
6068,20.68,20.68,20.68,20.68,20.68,20.68,20.68,20.68,20.68,20.68
6069,20.68,20.68,20.68,20.68,20.68,20.68,20.68,20.68,20.68,20.68
6070,20.68,20.68,20.68,20.68,20.68,20.68,20.68,20.68,20.68,20.68
6071,20.68,20.68,20.68,20.68,20.68,20.68,20.68,20.68,20.68,20.68
6072,20.68,20.68,20.68,20.68,20.68,20.68,20.68,20.68,20.68,20.68
6073,20.68,20.68,20.68,20.68,20.68,20.68,20.68,20.68,20.68,20.68
6074,20.68,20.68,20.68,20.68,20.68,20.68,20.68,20.68,20.68,20.68
6075,20.68,20.68,20.68,20.68,20.68,20.68,20.68,20.68,20.68,20.68
6076,20.68,20.68,20.68,20.68,20.68,20.68,20.68,20.68,20.68,20.68
6077,20.68,20.68,20.68,20.68,20.68,20.68,20.68,20.68,20.68,20.68
6078,20.68,20.68,20.68,20.68,20.68,20.68,20.68,20.68,20.68,20.68
6079,20.68,20.68,20.68,20.68,20.68,20.68,20.68,20.68,20.68,20.68
6080,20.68,20.68,20.68,20.68,20.68,20.68,20.68,20.68,20.68,20.68
6081,20.68,20.68,20.68,20.68,20.68,20.68,20.68,20.68,20.68,20.68
6082,20.68,20.68,20.68,20.68,20.68,20.68,20.68,20.68,20.68,20.68
6083,20.68,20.68,20.68,20.68,20.68,20.68,20.68,20.68,20.68,20.68
6084,20.68,20.68,20.68,20.68,20.68,20.68,20.68,20.68,20.68,20.68
6085,20.68,20.68,20.68,20.68,20.68,20.68,20.68,20.68,20.68,20.68
6086,20.68,20.68,20.68,20.68,20.68,20.68,20.68,20.68,20.68,20.68
6087,20.68,20.68,20.68,20.68,20.68,20.68,20.68,20.68,20.68,20.68
6088,20.68,20.68,20.68,20.68,20.68,20.68,20.68,20.68,20.68,20.68
6089,20.68,20.68,20.68,20.68,20.68,20.68,20.68,20.68,20.68,20.68
6090,20.68,20.68,20.68,20.68,20.68,20.68,20.68,20.68,20.68,20.68
6091,20.68,20.68,20.68,20.68,20.68,20.68,20.68,20.68,20.68,20.68
6092,20.68,20.68,20.68,20.68,20.68,20.68,20.68,20.68,20.68,20.68
6093,20.68,20.68,20.68,20.68,20.68,20.68,20.68,20.68,20.68,20.68
6094,20.68,20.68,20.68,20.68,20.68,20.68,20.68,20.68,20.68,20.68
6095,20.68,20.68,20.68,20.68,20.68,20.68,20.68,20.68,20.68,20.68
6096,20.68,20.68,20.68,20.68,20.68,20.68,20.68,20.68,20.68,20.68
6097,20.68,20.68,20.68,20.68,20.68,20.68,20.68,20.68,20.68,20.68
6098,20.68,20.68,20.68,20.68,20.68,20.68,20.68,20.68,20.68,20.68
6099,20.68,20.68,20.68,20.68,20.68,20.68,20.68,20.68,20.68,20.68
6100,20.68,20.68,20.68,20.68,20.68,20.68,20.68,20.68,20.68,20.68
6101,20.68,20.68,20.68,20.68,20.68,20.68,20.68,20.68,20.68,20.68
6102,20.68,20.68,20.68,20.68,20.68,20.68,20.68,20.68,20.68,20.68
6103,20.68,20.68,20.68,20.68,20.68,20.68,20.68,20.68,20.68,20.68
6104,20.68,20.68,20.68,20.68,20.68,20.68,20.68,20.68,20.68,20.68
6105,20.68,20.68,20.68,20.68,20.68,20.68,20.68,20.68,20.68,20.68
6106,20.68,20.68,20.68,20.68,20.68,20.68,20.68,20.68,20.68,20.68
6107,20.68,20.68,20.68,20.68,20.68,20.68,20.68,20.68,20.68,20.68
6108,20.68,20.68,20.68,20.68,20.68,20.68,20.68,20.68,20.68,20.68
6109,20.68,20.68,20.68,20.68,20.68,20.68,20.68,20.68,20.68,20.68
6110,20.68,20.68,20.68,20.68,20.68,20.68,20.68,20.68,20.68,20.68
6111,20.68,20.68,20.68,20.68,20.68,20.68,20.68,20.68,20.68,20.68
6112,20.68,20.68,20.68,20.68,20.68,20.68,20.68,20.68,20.68,20.68
6113,20.68,20.68,20.68,20.68,20.68,20.68,20.68,20.68,20.68,20.68
6114,20.68,20.68,20.68,20.68,20.68,20.68,20.68,20.68,20.68,20.68
6115,20.68,20.68,20.68,20.68,20.68,20.68,20.68,20.68,20.68,20.68
6116,20.68,20.68,20.68,20.68,20.68,20.68,20.68,20.68,20.68,20.68
6117,20.68,20.68,20.68,20.68,20.68,20.68,20.68,20.68,20.68,20.68
6118,20.68,20.68,20.68,20.68,20.68,20.68,20.68,20.68,20.68,20.68
6119,20.68,20.68,20.68,20.68,20.68,20.68,20.68,20.68,20.68,20.68
6120,20.68,20.68,20.68,20.68,20.68,20.68,20.68,20.68,20.68,20.68
6121,20.68,20.68,20.68,20.68,20.68,20.68,20.68,20.68,20.68,20.68
6122,20.68,20.68,20.68,20.68,20.68,20.68,20.68,20.68,20.68,20.68
6123,20.68,20.68,20.68,20.68,20.68,20.68,20.68,20.68,20.68,20.68
6124,20.68,20.68,20.68,20.68,20.68,20.68,20.68,20.68,20.68,20.68
6125,20.68,20.68,20.68,20.68,20.68,20.68,20.68,20.68,20.68,20.68
6126,20.68,20.68,20.68,20.68,20.68,20.68,20.68,20.68,20.68,20.68
6127,20.68,20.68,20.68,20.68,20.68,20.68,20.68,20.68,20.68,20.68
6128,20.68,20.68,20.68,20.68,20.68,20.68,20.68,20.68,20.68,20.68
6129,20.68,20.68,20.68,20.68,20.68,20.68,20.68,20.68,20.68,20.68
6130,20.68,20.68,20.68,20.68,20.68,20.68,20.68,20.68,20.68,20.68
6131,20.68,20.68,20.68,20.68,20.68,20.68,20.68,20.68,20.68,20.68
6132,20.68,20.68,20.68,20.68,20.68,20.68,20.68,20.68,20.68,20.68
6133,20.68,20.68,20.68,20.68,20.68,20.68,20.68,20.68,20.68,20.68
6134,20.68,20.68,20.68,20.68,20.68,20.68,20.68,20.68,20.68,20.68
6135,20.68,20.68,20.68,20.68,20.68,20.68,20.68,20.68,20.68,20.68
6136,20.68,20.68,20.68,20.68,20.68,20.68,20.68,20.68,20.68,20.68
6137,20.68,20.68,20.68,20.68,20.68,20.68,20.68,20.68,20.68,20.68
6138,20.68,20.68,20.68,20.68,20.68,20.68,20.68,20.68,20.68,20.68
6139,20.68,20.68,20.68,20.68,20.68,20.68,20.68,20.68,20.68,20.68
6140,20.68,20.68,20.68,20.68,20.68,20.68,20.68,20.68,20.68,20.68
6141,20.68,20.68,20.68,20.68,20.68,20.68,20.68,20.68,20.68,20.68
6142,20.68,20.68,20.68,20.68,20.68,20.68,20.68,20.68,20.68,20.68
6143,20.68,20.68,20.68,20.68,20.68,20.68,20.68,20.68,20.68,20.68
6144,20.68,20.68,20.68,20.68,20.68,20.68,20.68,20.68,20.68,20.68
6145,20.68,20.68,20.68,20.68,20.68,20.68,20.68,20.68,20.68,20.68
6146,20.68,20.68,20.68,20.68,20.68,20.68,20.68,20.68,20.68,20.68
6147,20.68,20.68,20.68,20.68,20.68,20.68,20.68,20.68,20.68,20.68
6148,20.68,20.68,20.68,20.68,20.68,20.68,20.68,20.68,20.68,20.68
6149,20.68,20.68,20.68,20.68,20.68,20.68,20.68,20.68,20.68,20.68
6150,20.68,20.68,20.68,20.68,20.68,20.68,20.68,20.68,20.68,20.68
6151,20.68,20.68,20.68,20.68,20.68,20.68,20.68,20.68,20.68,20.68
6152,20.68,20.68,20.68,20.68,20.68,20.68,20.68,20.68,20.68,20.68
6153,20.68,20.68,20.68,20.68,20.68,20.68,20.68,20.68,20.68,20.68
6154,20.68,20.68,20.68,20.68,20.68,20.68,20.68,20.68,20.68,20.68
6155,20.68,20.68,20.68,20.68,20.68,20.68,20.68,20.68,20.68,20.68
6156,20.68,20.68,20.68,20.68,20.68,20.68,20.68,20.68,20.68,20.68
6157,20.68,20.68,20.68,20.68,20.68,20.68,20.68,20.68,20.68,20.68
6158,20.68,20.68,20.68,20.68,20.68,20.68,20.68,20.68,20.68,20.68
6159,20.68,20.68,20.68,20.68,20.68,20.68,20.68,20.68,20.68,20.68
6160,20.68,20.68,20.68,20.68,20.68,20.68,20.68,20.68,20.68,20.68
6161,20.68,20.68,20.68,20.68,20.68,20.68,20.68,20.68,20.68,20.68
6162,20.68,20.68,20.68,20.68,20.68,20.68,20.68,20.68,20.68,20.68
6163,20.68,20.68,20.68,20.68,20.68,20.68,20.68,20.68,20.68,20.68
6164,20.68,20.68,20.68,20.68,20.68,20.68,20.68,20.68,20.68,20.68
6165,20.68,20.68,20.68,20.68,20.68,20.68,20.68,20.68,20.68,20.68
6166,20.68,20.68,20.68,20.68,20.68,20.68,20.68,20.68,20.68,20.68
6167,20.68,20.68,20.68,20.68,20.68,20.68,20.68,20.68,20.68,20.68
6168,20.68,20.68,20.68,20.68,20.68,20.68,20.68,20.68,20.68,20.68
6169,20.68,20.68,20.68,20.68,20.68,20.68,20.68,20.68,20.68,20.68
6170,20.68,20.68,20.68,20.68,20.68,20.68,20.68,20.68,20.68,20.68
6171,20.68,20.68,20.68,20.68,20.68,20.68,20.68,20.68,20.68,20.68
6172,20.68,20.68,20.68,20.68,20.68,20.68,20.68,20.68,20.68,20.68
6173,20.68,20.68,20.68,20.68,20.68,20.68,20.68,20.68,20.68,20.68
6174,20.68,20.68,20.68,20.68,20.68,20.68,20.68,20.68,20.68,20.68
6175,20.68,20.68,20.68,20.68,20.68,20.68,20.68,20.68,20.68,20.68
6176,20.68,20.68,20.68,20.68,20.68,20.68,20.68,20.68,20.68,20.68
6177,20.68,20.68,20.68,20.68,20.68,20.68,20.68,20.68,20.68,20.68
6178,20.68,20.68,20.68,20.68,20.68,20.68,20.68,20.68,20.68,20.68
6179,20.68,20.68,20.68,20.68,20.68,20.68,20.68,20.68,20.68,20.68
6180,20.68,20.68,20.68,20.68,20.68,20.68,20.68,20.68,20.68,20.68
6181,20.68,20.68,20.68,20.68,20.68,20.68,20.68,20.68,20.68,20.68
6182,20.68,20.68,20.68,20.68,20.68,20.68,20.68,20.68,20.68,20.68
6183,20.68,20.68,20.68,20.68,20.68,20.68,20.68,20.68,20.68,20.68
6184,20.68,20.68,20.68,20.68,20.68,20.68,20.68,20.68,20.68,20.68
6185,20.68,20.68,20.68,20.68,20.68,20.68,20.68,20.68,20.68,20.68
6186,20.68,20.68,20.68,20.68,20.68,20.68,20.68,20.68,20.68,20.68
6187,20.68,20.68,20.68,20.68,20.68,20.68,20.68,20.68,20.68,20.68
6188,20.68,20.68,20.68,20.68,20.68,20.68,20.68,20.68,20.68,20.68
6189,20.68,20.68,20.68,20.68,20.68,20.68,20.68,20.68,20.68,20.68
6190,20.68,20.68,20.68,20.68,20.68,20.68,20.68,20.68,20.68,20.68
6191,20.68,20.68,20.68,20.68,20.68,20.68,20.68,20.68,20.68,20.68
6192,20.68,20.68,20.68,20.68,20.68,20.68,20.68,20.68,20.68,20.68
6193,20.68,20.68,20.68,20.68,20.68,20.68,20.68,20.68,20.68,20.68
6194,20.68,20.68,20.68,20.68,20.68,20.68,20.68,20.68,20.68,20.68
6195,20.68,20.68,20.68,20.68,20.68,20.68,20.68,20.68,20.68,20.68
6196,20.68,20.68,20.68,20.68,20.68,20.68,20.68,20.68,20.68,20.68
6197,20.68,20.68,20.68,20.68,20.68,20.68,20.68,20.68,20.68,20.68
6198,20.68,20.68,20.68,20.68,20.68,20.68,20.68,20.68,20.68,20.68
6199,20.68,20.68,20.68,20.68,20.68,20.68,20.68,20.68,20.68,20.68
6200,20.68,20.68,20.68,20.68,20.68,20.68,20.68,20.68,20.68,20.68
6201,20.68,20.68,20.68,20.68,20.68,20.68,20.68,20.68,20.68,20.68
6202,20.68,20.68,20.68,20.68,20.68,20.68,20.68,20.68,20.68,20.68
6203,20.68,20.68,20.68,20.68,20.68,20.68,20.68,20.68,20.68,20.68
6204,20.68,20.68,20.68,20.68,20.68,20.68,20.68,20.68,20.68,20.68
6205,20.68,20.68,20.68,20.68,20.68,20.68,20.68,20.68,20.68,20.68
6206,20.68,20.68,20.68,20.68,20.68,20.68,20.68,20.68,20.68,20.68
6207,20.68,20.68,20.68,20.68,20.68,20.68,20.68,20.68,20.68,20.68
6208,20.68,20.68,20.68,20.68,20.68,20.68,20.68,20.68,20.68,20.68
6209,20.68,20.68,20.68,20.68,20.68,20.68,20.68,20.68,20.68,20.68
6210,20.68,20.68,20.68,20.68,20.68,20.68,20.68,20.68,20.68,20.68
6211,20.68,20.68,20.68,20.68,20.68,20.68,20.68,20.68,20.68,20.68
6212,20.68,20.68,20.68,20.68,20.68,20.68,20.68,20.68,20.68,20.68
6213,20.68,20.68,20.68,20.68,20.68,20.68,20.68,20.68,20.68,20.68
6214,20.68,20.68,20.68,20.68,20.68,20.68,20.68,20.68,20.68,20.68
6215,20.68,20.68,20.68,20.68,20.68,20.68,20.68,20.68,20.68,20.68
6216,20.68,20.68,20.68,20.68,20.68,20.68,20.68,20.68,20.68,20.68
6217,20.68,20.68,20.68,20.68,20.68,20.68,20.68,20.68,20.68,20.68
6218,20.68,20.68,20.68,20.68,20.68,20.68,20.68,20.68,20.68,20.68
6219,20.68,20.68,20.68,20.68,20.68,20.68,20.68,20.68,20.68,20.68
6220,20.68,20.68,20.68,20.68,20.68,20.68,20.68,20.68,20.68,20.68
6221,20.68,20.68,20.68,20.68,20.68,20.68,20.68,20.68,20.68,20.68
6222,20.68,20.68,20.68,20.68,20.68,20.68,20.68,20.68,20.68,20.68
6223,20.68,20.68,20.68,20.68,20.68,20.68,20.68,20.68,20.68,20.68
6224,20.68,20.68,20.68,20.68,20.68,20.68,20.68,20.68,20.68,20.68
6225,20.68,20.68,20.68,20.68,20.68,20.68,20.68,20.68,20.68,20.68
6226,20.68,20.68,20.68,20.68,20.68,20.68,20.68,20.68,20.68,20.68
6227,20.68,20.68,20.68,20.68,20.68,20.68,20.68,20.68,20.68,20.68
6228,20.68,20.68,20.68,20.68,20.68,20.68,20.68,20.68,20.68,20.68
6229,20.68,20.68,20.68,20.68,20.68,20.68,20.68,20.68,20.68,20.68
6230,20.68,20.68,20.68,20.68,20.68,20.68,20.68,20.68,20.68,20.68
6231,20.68,20.68,20.68,20.68,20.68,20.68,20.68,20.68,20.68,20.68
6232,20.68,20.68,20.68,20.68,20.68,20.68,20.68,20.68,20.68,20.68
6233,20.68,20.68,20.68,20.68,20.68,20.68,20.68,20.68,20.68,20.68
6234,20.68,20.68,20.68,20.68,20.68,20.68,20.68,20.68,20.68,20.68
6235,20.68,20.68,20.68,20.68,20.68,20.68,20.68,20.68,20.68,20.68
6236,20.68,20.68,20.68,20.68,20.68,20.68,20.68,20.68,20.68,20.68
6237,20.68,20.68,20.68,20.68,20.68,20.68,20.68,20.68,20.68,20.68
6238,20.68,20.68,20.68,20.68,20.68,20.68,20.68,20.68,20.68,20.68
6239,20.68,20.68,20.68,20.68,20.68,20.68,20.68,20.68,20.68,20.68
6240,20.68,20.68,20.68,20.68,20.68,20.68,20.68,20.68,20.68,20.68
6241,20.68,20.68,20.68,20.68,20.68,20.68,20.68,20.68,20.68,20.68
6242,20.68,20.68,20.68,20.68,20.68,20.68,20.68,20.68,20.68,20.68
6243,20.68,20.68,20.68,20.68,20.68,20.68,20.68,20.68,20.68,20.68
6244,20.68,20.68,20.68,20.68,20.68,20.68,20.68,20.68,20.68,20.68
6245,20.68,20.68,20.68,20.68,20.68,20.68,20.68,20.68,20.68,20.68
6246,20.68,20.68,20.68,20.68,20.68,20.68,20.68,20.68,20.68,20.68
6247,20.68,20.68,20.68,20.68,20.68,20.68,20.68,20.68,20.68,20.68
6248,20.68,20.68,20.68,20.68,20.68,20.68,20.68,20.68,20.68,20.68
6249,20.68,20.68,20.68,20.68,20.68,20.68,20.68,20.68,20.68,20.68
6250,20.68,20.68,20.68,20.68,20.68,20.68,20.68,20.68,20.68,20.68
6251,20.68,20.68,20.68,20.68,20.68,20.68,20.68,20.68,20.68,20.68
6252,20.68,20.68,20.68,20.68,20.68,20.68,20.68,20.68,20.68,20.68
6253,20.68,20.68,20.68,20.68,20.68,20.68,20.68,20.68,20.68,20.68
6254,20.68,20.68,20.68,20.68,20.68,20.68,20.68,20.68,20.68,20.68
6255,20.68,20.68,20.68,20.68,20.68,20.68,20.68,20.68,20.68,20.68
6256,20.68,20.68,20.68,20.68,20.68,20.68,20.68,20.68,20.68,20.68
6257,20.68,20.68,20.68,20.68,20.68,20.68,20.68,20.68,20.68,20.68
6258,20.68,20.68,20.68,20.68,20.68,20.68,20.68,20.68,20.68,20.68
6259,20.68,20.68,20.68,20.68,20.68,20.68,20.68,20.68,20.68,20.68
6260,20.68,20.68,20.68,20.68,20.68,20.68,20.68,20.68,20.68,20.68
6261,20.68,20.68,20.68,20.68,20.68,20.68,20.68,20.68,20.68,20.68
6262,20.68,20.68,20.68,20.68,20.68,20.68,20.68,20.68,20.68,20.68
6263,20.68,20.68,20.68,20.68,20.68,20.68,20.68,20.68,20.68,20.68
6264,20.68,20.68,20.68,20.68,20.68,20.68,20.68,20.68,20.68,20.68
6265,20.68,20.68,20.68,20.68,20.68,20.68,20.68,20.68,20.68,20.68
6266,20.68,20.68,20.68,20.68,20.68,20.68,20.68,20.68,20.68,20.68
6267,20.68,20.68,20.68,20.68,20.68,20.68,20.68,20.68,20.68,20.68
6268,20.68,20.68,20.68,20.68,20.68,20.68,20.68,20.68,20.68,20.68
6269,20.68,20.68,20.68,20.68,20.68,20.68,20.68,20.68,20.68,20.68
6270,20.68,20.68,20.68,20.68,20.68,20.68,20.68,20.68,20.68,20.68
6271,20.68,20.68,20.68,20.68,20.68,20.68,20.68,20.68,20.68,20.68
6272,20.68,20.68,20.68,20.68,20.68,20.68,20.68,20.68,20.68,20.68
6273,20.68,20.68,20.68,20.68,20.68,20.68,20.68,20.68,20.68,20.68
6274,20.68,20.68,20.68,20.68,20.68,20.68,20.68,20.68,20.68,20.68
6275,20.68,20.68,20.68,20.68,20.68,20.68,20.68,20.68,20.68,20.68
6276,20.68,20.68,20.68,20.68,20.68,20.68,20.68,20.68,20.68,20.68
6277,20.68,20.68,20.68,20.68,20.68,20.68,20.68,20.68,20.68,20.68
6278,20.68,20.68,20.68,20.68,20.68,20.68,20.68,20.68,20.68,20.68
6279,20.68,20.68,20.68,20.68,20.68,20.68,20.68,20.68,20.68,20.68
6280,20.68,20.68,20.68,20.68,20.68,20.68,20.68,20.68,20.68,20.68
6281,20.68,20.68,20.68,20.68,20.68,20.68,20.68,20.68,20.68,20.68
6282,20.68,20.68,20.68,20.68,20.68,20.68,20.68,20.68,20.68,20.68
6283,20.68,20.68,20.68,20.68,20.68,20.68,20.68,20.68,20.68,20.68
6284,20.68,20.68,20.68,20.68,20.68,20.68,20.68,20.68,20.68,20.68
6285,20.68,20.68,20.68,20.68,20.68,20.68,20.68,20.68,20.68,20.68
6286,20.68,20.68,20.68,20.68,20.68,20.68,20.68,20.68,20.68,20.68
6287,20.68,20.68,20.68,20.68,20.68,20.68,20.68,20.68,20.68,20.68
6288,20.68,20.68,20.68,20.68,20.68,20.68,20.68,20.68,20.68,20.68
6289,20.68,20.68,20.68,20.68,20.68,20.68,20.68,20.68,20.68,20.68
6290,20.68,20.68,20.68,20.68,20.68,20.68,20.68,20.68,20.68,20.68
6291,20.68,20.68,20.68,20.68,20.68,20.68,20.68,20.68,20.68,20.68
6292,20.68,20.68,20.68,20.68,20.68,20.68,20.68,20.68,20.68,20.68
6293,20.68,20.68,20.68,20.68,20.68,20.68,20.68,20.68,20.68,20.68
6294,20.68,20.68,20.68,20.68,20.68,20.68,20.68,20.68,20.68,20.68
6295,20.68,20.68,20.68,20.68,20.68,20.68,20.68,20.68,20.68,20.68
6296,20.68,20.68,20.68,20.68,20.68,20.68,20.68,20.68,20.68,20.68
6297,20.68,20.68,20.68,20.68,20.68,20.68,20.68,20.68,20.68,20.68
6298,20.68,20.68,20.68,20.68,20.68,20.68,20.68,20.68,20.68,20.68
6299,20.68,20.68,20.68,20.68,20.68,20.68,20.68,20.68,20.68,20.68
6300,20.68,20.68,20.68,20.68,20.68,20.68,20.68,20.68,20.68,20.68
6301,20.68,20.68,20.68,20.68,20.68,20.68,20.68,20.68,20.68,20.68
6302,20.68,20.68,20.68,20.68,20.68,20.68,20.68,20.68,20.68,20.68
6303,20.68,20.68,20.68,20.68,20.68,20.68,20.68,20.68,20.68,20.68
6304,20.68,20.68,20.68,20.68,20.68,20.68,20.68,20.68,20.68,20.68
6305,20.68,20.68,20.68,20.68,20.68,20.68,20.68,20.68,20.68,20.68
6306,20.68,20.68,20.68,20.68,20.68,20.68,20.68,20.68,20.68,20.68
6307,20.68,20.68,20.68,20.68,20.68,20.68,20.68,20.68,20.68,20.68
6308,20.68,20.68,20.68,20.68,20.68,20.68,20.68,20.68,20.68,20.68
6309,20.68,20.68,20.68,20.68,20.68,20.68,20.68,20.68,20.68,20.68
6310,20.68,20.68,20.68,20.68,20.68,20.68,20.68,20.68,20.68,20.68
6311,20.68,20.68,20.68,20.68,20.68,20.68,20.68,20.68,20.68,20.68
6312,20.68,20.68,20.68,20.68,20.68,20.68,20.68,20.68,20.68,20.68
6313,20.68,20.68,20.68,20.68,20.68,20.68,20.68,20.68,20.68,20.68
6314,20.68,20.68,20.68,20.68,20.68,20.68,20.68,20.68,20.68,20.68
6315,20.68,20.68,20.68,20.68,20.68,20.68,20.68,20.68,20.68,20.68
6316,20.68,20.68,20.68,20.68,20.68,20.68,20.68,20.68,20.68,20.68
6317,20.68,20.68,20.68,20.68,20.68,20.68,20.68,20.68,20.68,20.68
6318,20.68,20.68,20.68,20.68,20.68,20.68,20.68,20.68,20.68,20.68
6319,20.68,20.68,20.68,20.68,20.68,20.68,20.68,20.68,20.68,20.68
6320,20.68,20.68,20.68,20.68,20.68,20.68,20.68,20.68,20.68,20.68
6321,20.68,20.68,20.68,20.68,20.68,20.68,20.68,20.68,20.68,20.68
6322,20.68,20.68,20.68,20.68,20.68,20.68,20.68,20.68,20.68,20.68
6323,20.68,20.68,20.68,20.68,20.68,20.68,20.68,20.68,20.68,20.68
6324,20.68,20.68,20.68,20.68,20.68,20.68,20.68,20.68,20.68,20.68
6325,20.68,20.68,20.68,20.68,20.68,20.68,20.68,20.68,20.68,20.68
6326,20.68,20.68,20.68,20.68,20.68,20.68,20.68,20.68,20.68,20.68
6327,20.68,20.68,20.68,20.68,20.68,20.68,20.68,20.68,20.68,20.68
6328,20.68,20.68,20.68,20.68,20.68,20.68,20.68,20.68,20.68,20.68
6329,20.68,20.68,20.68,20.68,20.68,20.68,20.68,20.68,20.68,20.68
6330,20.68,20.68,20.68,20.68,20.68,20.68,20.68,20.68,20.68,20.68
6331,20.68,20.68,20.68,20.68,20.68,20.68,20.68,20.68,20.68,20.68
6332,20.68,20.68,20.68,20.68,20.68,20.68,20.68,20.68,20.68,20.68
6333,20.68,20.68,20.68,20.68,20.68,20.68,20.68,20.68,20.68,20.68
6334,20.68,20.68,20.68,20.68,20.68,20.68,20.68,20.68,20.68,20.68
6335,20.68,20.68,20.68,20.68,20.68,20.68,20.68,20.68,20.68,20.68
6336,20.68,20.68,20.68,20.68,20.68,20.68,20.68,20.68,20.68,20.68
6337,20.68,20.68,20.68,20.68,20.68,20.68,20.68,20.68,20.68,20.68
6338,20.68,20.68,20.68,20.68,20.68,20.68,20.68,20.68,20.68,20.68
6339,20.68,20.68,20.68,20.68,20.68,20.68,20.68,20.68,20.68,20.68
6340,20.68,20.68,20.68,20.68,20.68,20.68,20.68,20.68,20.68,20.68
6341,20.68,20.68,20.68,20.68,20.68,20.68,20.68,20.68,20.68,20.68
6342,20.68,20.68,20.68,20.68,20.68,20.68,20.68,20.68,20.68,20.68
6343,20.68,20.68,20.68,20.68,20.68,20.68,20.68,20.68,20.68,20.68
6344,20.68,20.68,20.68,20.68,20.68,20.68,20.68,20.68,20.68,20.68
6345,20.68,20.68,20.68,20.68,20.68,20.68,20.68,20.68,20.68,20.68
6346,20.68,20.68,20.68,20.68,20.68,20.68,20.68,20.68,20.68,20.68
6347,20.68,20.68,20.68,20.68,20.68,20.68,20.68,20.68,20.68,20.68
6348,20.68,20.68,20.68,20.68,20.68,20.68,20.68,20.68,20.68,20.68
6349,20.68,20.68,20.68,20.68,20.68,20.68,20.68,20.68,20.68,20.68
6350,20.68,20.68,20.68,20.68,20.68,20.68,20.68,20.68,20.68,20.68
6351,20.68,20.68,20.68,20.68,20.68,20.68,20.68,20.68,20.68,20.68
6352,20.68,20.68,20.68,20.68,20.68,20.68,20.68,20.68,20.68,20.68
6353,20.68,20.68,20.68,20.68,20.68,20.68,20.68,20.68,20.68,20.68
6354,20.68,20.68,20.68,20.68,20.68,20.68,20.68,20.68,20.68,20.68
6355,20.68,20.68,20.68,20.68,20.68,20.68,20.68,20.68,20.68,20.68
6356,20.68,20.68,20.68,20.68,20.68,20.68,20.68,20.68,20.68,20.68
6357,20.68,20.68,20.68,20.68,20.68,20.68,20.68,20.68,20.68,20.68
6358,20.68,20.68,20.68,20.68,20.68,20.68,20.68,20.68,20.68,20.68
6359,20.68,20.68,20.68,20.68,20.68,20.68,20.68,20.68,20.68,20.68
6360,20.68,20.68,20.68,20.68,20.68,20.68,20.68,20.68,20.68,20.68
6361,20.68,20.68,20.68,20.68,20.68,20.68,20.68,20.68,20.68,20.68
6362,20.68,20.68,20.68,20.68,20.68,20.68,20.68,20.68,20.68,20.68
6363,20.68,20.68,20.68,20.68,20.68,20.68,20.68,20.68,20.68,20.68
6364,20.68,20.68,20.68,20.68,20.68,20.68,20.68,20.68,20.68,20.68
6365,20.68,20.68,20.68,20.68,20.68,20.68,20.68,20.68,20.68,20.68
6366,20.68,20.68,20.68,20.68,20.68,20.68,20.68,20.68,20.68,20.68
6367,20.68,20.68,20.68,20.68,20.68,20.68,20.68,20.68,20.68,20.68
6368,20.68,20.68,20.68,20.68,20.68,20.68,20.68,20.68,20.68,20.68
6369,20.68,20.68,20.68,20.68,20.68,20.68,20.68,20.68,20.68,20.68
6370,20.68,20.68,20.68,20.68,20.68,20.68,20.68,20.68,20.68,20.68
6371,20.68,20.68,20.68,20.68,20.68,20.68,20.68,20.68,20.68,20.68
6372,20.68,20.68,20.68,20.68,20.68,20.68,20.68,20.68,20.68,20.68
6373,20.68,20.68,20.68,20.68,20.68,20.68,20.68,20.68,20.68,20.68
6374,20.68,20.68,20.68,20.68,20.68,20.68,20.68,20.68,20.68,20.68
6375,20.68,20.68,20.68,20.68,20.68,20.68,20.68,20.68,20.68,20.68
6376,20.68,20.68,20.68,20.68,20.68,20.68,20.68,20.68,20.68,20.68
6377,20.68,20.68,20.68,20.68,20.68,20.68,20.68,20.68,20.68,20.68
6378,20.68,20.68,20.68,20.68,20.68,20.68,20.68,20.68,20.68,20.68
6379,20.68,20.68,20.68,20.68,20.68,20.68,20.68,20.68,20.68,20.68
6380,20.68,20.68,20.68,20.68,20.68,20.68,20.68,20.68,20.68,20.68
6381,20.68,20.68,20.68,20.68,20.68,20.68,20.68,20.68,20.68,20.68
6382,20.68,20.68,20.68,20.68,20.68,20.68,20.68,20.68,20.68,20.68
6383,20.68,20.68,20.68,20.68,20.68,20.68,20.68,20.68,20.68,20.68
6384,20.68,20.68,20.68,20.68,20.68,20.68,20.68,20.68,20.68,20.68
6385,20.68,20.68,20.68,20.68,20.68,20.68,20.68,20.68,20.68,20.68
6386,20.68,20.68,20.68,20.68,20.68,20.68,20.68,20.68,20.68,20.68
6387,20.68,20.68,20.68,20.68,20.68,20.68,20.68,20.68,20.68,20.68
6388,20.68,20.68,20.68,20.68,20.68,20.68,20.68,20.68,20.68,20.68
6389,20.68,20.68,20.68,20.68,20.68,20.68,20.68,20.68,20.68,20.68
6390,20.68,20.68,20.68,20.68,20.68,20.68,20.68,20.68,20.68,20.68
6391,20.68,20.68,20.68,20.68,20.68,20.68,20.68,20.68,20.68,20.68
6392,20.68,20.68,20.68,20.68,20.68,20.68,20.68,20.68,20.68,20.68
6393,20.68,20.68,20.68,20.68,20.68,20.68,20.68,20.68,20.68,20.68
6394,20.68,20.68,20.68,20.68,20.68,20.68,20.68,20.68,20.68,20.68
6395,20.68,20.68,20.68,20.68,20.68,20.68,20.68,20.68,20.68,20.68
6396,20.68,20.68,20.68,20.68,20.68,20.68,20.68,20.68,20.68,20.68
6397,20.68,20.68,20.68,20.68,20.68,20.68,20.68,20.68,20.68,20.68
6398,20.68,20.68,20.68,20.68,20.68,20.68,20.68,20.68,20.68,20.68
6399,20.68,20.68,20.68,20.68,20.68,20.68,20.68,20.68,20.68,20.68
6400,20.68,20.68,20.68,20.68,20.68,20.68,20.68,20.68,20.68,20.68
6401,20.68,20.68,20.68,20.68,20.68,20.68,20.68,20.68,20.68,20.68
6402,20.68,20.68,20.68,20.68,20.68,20.68,20.68,20.68,20.68,20.68
6403,20.68,20.68,20.68,20.68,20.68,20.68,20.68,20.68,20.68,20.68
6404,20.68,20.68,20.68,20.68,20.68,20.68,20.68,20.68,20.68,20.68
6405,20.68,20.68,20.68,20.68,20.68,20.68,20.68,20.68,20.68,20.68
6406,20.68,20.68,20.68,20.68,20.68,20.68,20.68,20.68,20.68,20.68
6407,20.68,20.68,20.68,20.68,20.68,20.68,20.68,20.68,20.68,20.68
6408,20.68,20.68,20.68,20.68,20.68,20.68,20.68,20.68,20.68,20.68
6409,20.68,20.68,20.68,20.68,20.68,20.68,20.68,20.68,20.68,20.68
6410,20.68,20.68,20.68,20.68,20.68,20.68,20.68,20.68,20.68,20.68
6411,20.68,20.68,20.68,20.68,20.68,20.68,20.68,20.68,20.68,20.68
6412,20.68,20.68,20.68,20.68,20.68,20.68,20.68,20.68,20.68,20.68
6413,20.68,20.68,20.68,20.68,20.68,20.68,20.68,20.68,20.68,20.68
6414,20.68,20.68,20.68,20.68,20.68,20.68,20.68,20.68,20.68,20.68
6415,20.68,20.68,20.68,20.68,20.68,20.68,20.68,20.68,20.68,20.68
6416,20.68,20.68,20.68,20.68,20.68,20.68,20.68,20.68,20.68,20.68
6417,20.68,20.68,20.68,20.68,20.68,20.68,20.68,20.68,20.68,20.68
6418,20.68,20.68,20.68,20.68,20.68,20.68,20.68,20.68,20.68,20.68
6419,20.68,20.68,20.68,20.68,20.68,20.68,20.68,20.68,20.68,20.68
6420,20.68,20.68,20.68,20.68,20.68,20.68,20.68,20.68,20.68,20.68
6421,20.68,20.68,20.68,20.68,20.68,20.68,20.68,20.68,20.68,20.68
6422,20.68,20.68,20.68,20.68,20.68,20.68,20.68,20.68,20.68,20.68
6423,20.68,20.68,20.68,20.68,20.68,20.68,20.68,20.68,20.68,20.68
6424,20.68,20.68,20.68,20.68,20.68,20.68,20.68,20.68,20.68,20.68
6425,20.68,20.68,20.68,20.68,20.68,20.68,20.68,20.68,20.68,20.68
6426,20.68,20.68,20.68,20.68,20.68,20.68,20.68,20.68,20.68,20.68
6427,20.68,20.68,20.68,20.68,20.68,20.68,20.68,20.68,20.68,20.68
6428,20.68,20.68,20.68,20.68,20.68,20.68,20.68,20.68,20.68,20.68
6429,20.68,20.68,20.68,20.68,20.68,20.68,20.68,20.68,20.68,20.68
6430,20.68,20.68,20.68,20.68,20.68,20.68,20.68,20.68,20.68,20.68
6431,20.68,20.68,20.68,20.68,20.68,20.68,20.68,20.68,20.68,20.68
6432,20.68,20.68,20.68,20.68,20.68,20.68,20.68,20.68,20.68,20.68
6433,20.68,20.68,20.68,20.68,20.68,20.68,20.68,20.68,20.68,20.68
6434,20.68,20.68,20.68,20.68,20.68,20.68,20.68,20.68,20.68,20.68
6435,20.68,20.68,20.68,20.68,20.68,20.68,20.68,20.68,20.68,20.68
6436,20.68,20.68,20.68,20.68,20.68,20.68,20.68,20.68,20.68,20.68
6437,20.68,20.68,20.68,20.68,20.68,20.68,20.68,20.68,20.68,20.68
6438,20.68,20.68,20.68,20.68,20.68,20.68,20.68,20.68,20.68,20.68
6439,20.68,20.68,20.68,20.68,20.68,20.68,20.68,20.68,20.68,20.68
6440,20.68,20.68,20.68,20.68,20.68,20.68,20.68,20.68,20.68,20.68
6441,20.68,20.68,20.68,20.68,20.68,20.68,20.68,20.68,20.68,20.68
6442,20.68,20.68,20.68,20.68,20.68,20.68,20.68,20.68,20.68,20.68
6443,20.68,20.68,20.68,20.68,20.68,20.68,20.68,20.68,20.68,20.68
6444,20.68,20.68,20.68,20.68,20.68,20.68,20.68,20.68,20.68,20.68
6445,20.68,20.68,20.68,20.68,20.68,20.68,20.68,20.68,20.68,20.68
6446,20.68,20.68,20.68,20.68,20.68,20.68,20.68,20.68,20.68,20.68
6447,20.68,20.68,20.68,20.68,20.68,20.68,20.68,20.68,20.68,20.68
6448,20.68,20.68,20.68,20.68,20.68,20.68,20.68,20.68,20.68,20.68
6449,20.68,20.68,20.68,20.68,20.68,20.68,20.68,20.68,20.68,20.68
6450,20.68,20.68,20.68,20.68,20.68,20.68,20.68,20.68,20.68,20.68
6451,20.68,20.68,20.68,20.68,20.68,20.68,20.68,20.68,20.68,20.68
6452,20.68,20.68,20.68,20.68,20.68,20.68,20.68,20.68,20.68,20.68
6453,20.68,20.68,20.68,20.68,20.68,20.68,20.68,20.68,20.68,20.68
6454,20.68,20.68,20.68,20.68,20.68,20.68,20.68,20.68,20.68,20.68
6455,20.68,20.68,20.68,20.68,20.68,20.68,20.68,20.68,20.68,20.68
6456,20.68,20.68,20.68,20.68,20.68,20.68,20.68,20.68,20.68,20.68
6457,20.68,20.68,20.68,20.68,20.68,20.68,20.68,20.68,20.68,20.68
6458,20.68,20.68,20.68,20.68,20.68,20.68,20.68,20.68,20.68,20.68
6459,20.68,20.68,20.68,20.68,20.68,20.68,20.68,20.68,20.68,20.68
6460,20.68,20.68,20.68,20.68,20.68,20.68,20.68,20.68,20.68,20.68
6461,20.68,20.68,20.68,20.68,20.68,20.68,20.68,20.68,20.68,20.68
6462,20.68,20.68,20.68,20.68,20.68,20.68,20.68,20.68,20.68,20.68
6463,20.68,20.68,20.68,20.68,20.68,20.68,20.68,20.68,20.68,20.68
6464,20.68,20.68,20.68,20.68,20.68,20.68,20.68,20.68,20.68,20.68
6465,20.68,20.68,20.68,20.68,20.68,20.68,20.68,20.68,20.68,20.68
6466,20.68,20.68,20.68,20.68,20.68,20.68,20.68,20.68,20.68,20.68
6467,20.68,20.68,20.68,20.68,20.68,20.68,20.68,20.68,20.68,20.68
6468,20.68,20.68,20.68,20.68,20.68,20.68,20.68,20.68,20.68,20.68
6469,20.68,20.68,20.68,20.68,20.68,20.68,20.68,20.68,20.68,20.68
6470,20.68,20.68,20.68,20.68,20.68,20.68,20.68,20.68,20.68,20.68
6471,20.68,20.68,20.68,20.68,20.68,20.68,20.68,20.68,20.68,20.68
6472,20.68,20.68,20.68,20.68,20.68,20.68,20.68,20.68,20.68,20.68
6473,20.68,20.68,20.68,20.68,20.68,20.68,20.68,20.68,20.68,20.68
6474,20.68,20.68,20.68,20.68,20.68,20.68,20.68,20.68,20.68,20.68
6475,20.68,20.68,20.68,20.68,20.68,20.68,20.68,20.68,20.68,20.68
6476,20.68,20.68,20.68,20.68,20.68,20.68,20.68,20.68,20.68,20.68
6477,20.68,20.68,20.68,20.68,20.68,20.68,20.68,20.68,20.68,20.68
6478,20.68,20.68,20.68,20.68,20.68,20.68,20.68,20.68,20.68,20.68
6479,20.68,20.68,20.68,20.68,20.68,20.68,20.68,20.68,20.68,20.68
6480,20.68,20.68,20.68,20.68,20.68,20.68,20.68,20.68,20.68,20.68
6481,20.68,20.68,20.68,20.68,20.68,20.68,20.68,20.68,20.68,20.68
6482,20.68,20.68,20.68,20.68,20.68,20.68,20.68,20.68,20.68,20.68
6483,20.68,20.68,20.68,20.68,20.68,20.68,20.68,20.68,20.68,20.68
6484,20.68,20.68,20.68,20.68,20.68,20.68,20.68,20.68,20.68,20.68
6485,20.68,20.68,20.68,20.68,20.68,20.68,20.68,20.68,20.68,20.68
6486,20.68,20.68,20.68,20.68,20.68,20.68,20.68,20.68,20.68,20.68
6487,20.68,20.68,20.68,20.68,20.68,20.68,20.68,20.68,20.68,20.68
6488,20.68,20.68,20.68,20.68,20.68,20.68,20.68,20.68,20.68,20.68
6489,20.68,20.68,20.68,20.68,20.68,20.68,20.68,20.68,20.68,20.68
6490,20.68,20.68,20.68,20.68,20.68,20.68,20.68,20.68,20.68,20.68
6491,20.68,20.68,20.68,20.68,20.68,20.68,20.68,20.68,20.68,20.68
6492,20.68,20.68,20.68,20.68,20.68,20.68,20.68,20.68,20.68,20.68
6493,20.68,20.68,20.68,20.68,20.68,20.68,20.68,20.68,20.68,20.68
6494,20.68,20.68,20.68,20.68,20.68,20.68,20.68,20.68,20.68,20.68
6495,20.68,20.68,20.68,20.68,20.68,20.68,20.68,20.68,20.68,20.68
6496,20.68,20.68,20.68,20.68,20.68,20.68,20.68,20.68,20.68,20.68
6497,20.68,20.68,20.68,20.68,20.68,20.68,20.68,20.68,20.68,20.68
6498,20.68,20.68,20.68,20.68,20.68,20.68,20.68,20.68,20.68,20.68
6499,20.68,20.68,20.68,20.68,20.68,20.68,20.68,20.68,20.68,20.68
6500,20.68,20.68,20.68,20.68,20.68,20.68,20.68,20.68,20.68,20.68
6501,20.68,20.68,20.68,20.68,20.68,20.68,20.68,20.68,20.68,20.68
6502,20.68,20.68,20.68,20.68,20.68,20.68,20.68,20.68,20.68,20.68
6503,20.68,20.68,20.68,20.68,20.68,20.68,20.68,20.68,20.68,20.68
6504,20.68,20.68,20.68,20.68,20.68,20.68,20.68,20.68,20.68,20.68
6505,20.68,20.68,20.68,20.68,20.68,20.68,20.68,20.68,20.68,20.68
6506,20.68,20.68,20.68,20.68,20.68,20.68,20.68,20.68,20.68,20.68
6507,20.68,20.68,20.68,20.68,20.68,20.68,20.68,20.68,20.68,20.68
6508,20.68,20.68,20.68,20.68,20.68,20.68,20.68,20.68,20.68,20.68
6509,20.68,20.68,20.68,20.68,20.68,20.68,20.68,20.68,20.68,20.68
6510,20.68,20.68,20.68,20.68,20.68,20.68,20.68,20.68,20.68,20.68
6511,20.68,20.68,20.68,20.68,20.68,20.68,20.68,20.68,20.68,20.68
6512,20.68,20.68,20.68,20.68,20.68,20.68,20.68,20.68,20.68,20.68
6513,20.68,20.68,20.68,20.68,20.68,20.68,20.68,20.68,20.68,20.68
6514,20.68,20.68,20.68,20.68,20.68,20.68,20.68,20.68,20.68,20.68
6515,20.68,20.68,20.68,20.68,20.68,20.68,20.68,20.68,20.68,20.68
6516,20.68,20.68,20.68,20.68,20.68,20.68,20.68,20.68,20.68,20.68
6517,20.68,20.68,20.68,20.68,20.68,20.68,20.68,20.68,20.68,20.68
6518,20.68,20.68,20.68,20.68,20.68,20.68,20.68,20.68,20.68,20.68
6519,20.68,20.68,20.68,20.68,20.68,20.68,20.68,20.68,20.68,20.68
6520,20.68,20.68,20.68,20.68,20.68,20.68,20.68,20.68,20.68,20.68
6521,20.68,20.68,20.68,20.68,20.68,20.68,20.68,20.68,20.68,20.68
6522,20.68,20.68,20.68,20.68,20.68,20.68,20.68,20.68,20.68,20.68
6523,20.68,20.68,20.68,20.68,20.68,20.68,20.68,20.68,20.68,20.68
6524,20.68,20.68,20.68,20.68,20.68,20.68,20.68,20.68,20.68,20.68
6525,20.68,20.68,20.68,20.68,20.68,20.68,20.68,20.68,20.68,20.68
6526,20.68,20.68,20.68,20.68,20.68,20.68,20.68,20.68,20.68,20.68
6527,20.68,20.68,20.68,20.68,20.68,20.68,20.68,20.68,20.68,20.68
6528,20.68,20.68,20.68,20.68,20.68,20.68,20.68,20.68,20.68,20.68
6529,20.68,20.68,20.68,20.68,20.68,20.68,20.68,20.68,20.68,20.68
6530,20.68,20.68,20.68,20.68,20.68,20.68,20.68,20.68,20.68,20.68
6531,20.68,20.68,20.68,20.68,20.68,20.68,20.68,20.68,20.68,20.68
6532,20.68,20.68,20.68,20.68,20.68,20.68,20.68,20.68,20.68,20.68
6533,20.68,20.68,20.68,20.68,20.68,20.68,20.68,20.68,20.68,20.68
6534,20.68,20.68,20.68,20.68,20.68,20.68,20.68,20.68,20.68,20.68
6535,20.68,20.68,20.68,20.68,20.68,20.68,20.68,20.68,20.68,20.68
6536,20.68,20.68,20.68,20.68,20.68,20.68,20.68,20.68,20.68,20.68
6537,20.68,20.68,20.68,20.68,20.68,20.68,20.68,20.68,20.68,20.68
6538,20.68,20.68,20.68,20.68,20.68,20.68,20.68,20.68,20.68,20.68
6539,20.68,20.68,20.68,20.68,20.68,20.68,20.68,20.68,20.68,20.68
6540,20.68,20.68,20.68,20.68,20.68,20.68,20.68,20.68,20.68,20.68
6541,20.68,20.68,20.68,20.68,20.68,20.68,20.68,20.68,20.68,20.68
6542,20.68,20.68,20.68,20.68,20.68,20.68,20.68,20.68,20.68,20.68
6543,20.68,20.68,20.68,20.68,20.68,20.68,20.68,20.68,20.68,20.68
6544,20.68,20.68,20.68,20.68,20.68,20.68,20.68,20.68,20.68,20.68
6545,20.68,20.68,20.68,20.68,20.68,20.68,20.68,20.68,20.68,20.68
6546,20.68,20.68,20.68,20.68,20.68,20.68,20.68,20.68,20.68,20.68
6547,20.68,20.68,20.68,20.68,20.68,20.68,20.68,20.68,20.68,20.68
6548,20.68,20.68,20.68,20.68,20.68,20.68,20.68,20.68,20.68,20.68
6549,20.68,20.68,20.68,20.68,20.68,20.68,20.68,20.68,20.68,20.68
6550,20.68,20.68,20.68,20.68,20.68,20.68,20.68,20.68,20.68,20.68
6551,20.68,20.68,20.68,20.68,20.68,20.68,20.68,20.68,20.68,20.68
6552,20.68,20.68,20.68,20.68,20.68,20.68,20.68,20.68,20.68,20.68
6553,20.68,20.68,20.68,20.68,20.68,20.68,20.68,20.68,20.68,20.68
6554,20.68,20.68,20.68,20.68,20.68,20.68,20.68,20.68,20.68,20.68
6555,20.68,20.68,20.68,20.68,20.68,20.68,20.68,20.68,20.68,20.68
6556,20.68,20.68,20.68,20.68,20.68,20.68,20.68,20.68,20.68,20.68
6557,20.68,20.68,20.68,20.68,20.68,20.68,20.68,20.68,20.68,20.68
6558,20.68,20.68,20.68,20.68,20.68,20.68,20.68,20.68,20.68,20.68
6559,20.68,20.68,20.68,20.68,20.68,20.68,20.68,20.68,20.68,20.68
6560,20.68,20.68,20.68,20.68,20.68,20.68,20.68,20.68,20.68,20.68
6561,20.68,20.68,20.68,20.68,20.68,20.68,20.68,20.68,20.68,20.68
6562,20.68,20.68,20.68,20.68,20.68,20.68,20.68,20.68,20.68,20.68
6563,20.68,20.68,20.68,20.68,20.68,20.68,20.68,20.68,20.68,20.68
6564,20.68,20.68,20.68,20.68,20.68,20.68,20.68,20.68,20.68,20.68
6565,20.68,20.68,20.68,20.68,20.68,20.68,20.68,20.68,20.68,20.68
6566,20.68,20.68,20.68,20.68,20.68,20.68,20.68,20.68,20.68,20.68
6567,20.68,20.68,20.68,20.68,20.68,20.68,20.68,20.68,20.68,20.68
6568,20.68,20.68,20.68,20.68,20.68,20.68,20.68,20.68,20.68,20.68
6569,20.68,20.68,20.68,20.68,20.68,20.68,20.68,20.68,20.68,20.68
6570,20.68,20.68,20.68,20.68,20.68,20.68,20.68,20.68,20.68,20.68
6571,20.68,20.68,20.68,20.68,20.68,20.68,20.68,20.68,20.68,20.68
6572,20.68,20.68,20.68,20.68,20.68,20.68,20.68,20.68,20.68,20.68
6573,20.68,20.68,20.68,20.68,20.68,20.68,20.68,20.68,20.68,20.68
6574,20.68,20.68,20.68,20.68,20.68,20.68,20.68,20.68,20.68,20.68
6575,20.68,20.68,20.68,20.68,20.68,20.68,20.68,20.68,20.68,20.68
6576,20.68,20.68,20.68,20.68,20.68,20.68,20.68,20.68,20.68,20.68
6577,20.68,20.68,20.68,20.68,20.68,20.68,20.68,20.68,20.68,20.68
6578,20.68,20.68,20.68,20.68,20.68,20.68,20.68,20.68,20.68,20.68
6579,20.68,20.68,20.68,20.68,20.68,20.68,20.68,20.68,20.68,20.68
6580,20.68,20.68,20.68,20.68,20.68,20.68,20.68,20.68,20.68,20.68
6581,20.68,20.68,20.68,20.68,20.68,20.68,20.68,20.68,20.68,20.68
6582,20.68,20.68,20.68,20.68,20.68,20.68,20.68,20.68,20.68,20.68
6583,20.68,20.68,20.68,20.68,20.68,20.68,20.68,20.68,20.68,20.68
6584,20.68,20.68,20.68,20.68,20.68,20.68,20.68,20.68,20.68,20.68
6585,20.68,20.68,20.68,20.68,20.68,20.68,20.68,20.68,20.68,20.68
6586,20.68,20.68,20.68,20.68,20.68,20.68,20.68,20.68,20.68,20.68
6587,20.68,20.68,20.68,20.68,20.68,20.68,20.68,20.68,20.68,20.68
6588,20.68,20.68,20.68,20.68,20.68,20.68,20.68,20.68,20.68,20.68
6589,20.68,20.68,20.68,20.68,20.68,20.68,20.68,20.68,20.68,20.68
6590,20.68,20.68,20.68,20.68,20.68,20.68,20.68,20.68,20.68,20.68
6591,20.68,20.68,20.68,20.68,20.68,20.68,20.68,20.68,20.68,20.68
6592,20.68,20.68,20.68,20.68,20.68,20.68,20.68,20.68,20.68,20.68
6593,20.68,20.68,20.68,20.68,20.68,20.68,20.68,20.68,20.68,20.68
6594,20.68,20.68,20.68,20.68,20.68,20.68,20.68,20.68,20.68,20.68
6595,20.68,20.68,20.68,20.68,20.68,20.68,20.68,20.68,20.68,20.68
6596,20.68,20.68,20.68,20.68,20.68,20.68,20.68,20.68,20.68,20.68
6597,20.68,20.68,20.68,20.68,20.68,20.68,20.68,20.68,20.68,20.68
6598,20.68,20.68,20.68,20.68,20.68,20.68,20.68,20.68,20.68,20.68
6599,20.68,20.68,20.68,20.68,20.68,20.68,20.68,20.68,20.68,20.68
6600,20.68,20.68,20.68,20.68,20.68,20.68,20.68,20.68,20.68,20.68
6601,20.68,20.68,20.68,20.68,20.68,20.68,20.68,20.68,20.68,20.68
6602,20.68,20.68,20.68,20.68,20.68,20.68,20.68,20.68,20.68,20.68
6603,20.68,20.68,20.68,20.68,20.68,20.68,20.68,20.68,20.68,20.68
6604,20.68,20.68,20.68,20.68,20.68,20.68,20.68,20.68,20.68,20.68
6605,20.68,20.68,20.68,20.68,20.68,20.68,20.68,20.68,20.68,20.68
6606,20.68,20.68,20.68,20.68,20.68,20.68,20.68,20.68,20.68,20.68
6607,20.68,20.68,20.68,20.68,20.68,20.68,20.68,20.68,20.68,20.68
6608,20.68,20.68,20.68,20.68,20.68,20.68,20.68,20.68,20.68,20.68
6609,20.68,20.68,20.68,20.68,20.68,20.68,20.68,20.68,20.68,20.68
6610,20.68,20.68,20.68,20.68,20.68,20.68,20.68,20.68,20.68,20.68
6611,20.68,20.68,20.68,20.68,20.68,20.68,20.68,20.68,20.68,20.68
6612,20.68,20.68,20.68,20.68,20.68,20.68,20.68,20.68,20.68,20.68
6613,20.68,20.68,20.68,20.68,20.68,20.68,20.68,20.68,20.68,20.68
6614,20.68,20.68,20.68,20.68,20.68,20.68,20.68,20.68,20.68,20.68
6615,20.68,20.68,20.68,20.68,20.68,20.68,20.68,20.68,20.68,20.68
6616,20.68,20.68,20.68,20.68,20.68,20.68,20.68,20.68,20.68,20.68
6617,20.68,20.68,20.68,20.68,20.68,20.68,20.68,20.68,20.68,20.68
6618,20.68,20.68,20.68,20.68,20.68,20.68,20.68,20.68,20.68,20.68
6619,20.68,20.68,20.68,20.68,20.68,20.68,20.68,20.68,20.68,20.68
6620,20.68,20.68,20.68,20.68,20.68,20.68,20.68,20.68,20.68,20.68
6621,20.68,20.68,20.68,20.68,20.68,20.68,20.68,20.68,20.68,20.68
6622,20.68,20.68,20.68,20.68,20.68,20.68,20.68,20.68,20.68,20.68
6623,20.68,20.68,20.68,20.68,20.68,20.68,20.68,20.68,20.68,20.68
6624,20.68,20.68,20.68,20.68,20.68,20.68,20.68,20.68,20.68,20.68
6625,20.68,20.68,20.68,20.68,20.68,20.68,20.68,20.68,20.68,20.68
6626,20.68,20.68,20.68,20.68,20.68,20.68,20.68,20.68,20.68,20.68
6627,20.68,20.68,20.68,20.68,20.68,20.68,20.68,20.68,20.68,20.68
6628,20.68,20.68,20.68,20.68,20.68,20.68,20.68,20.68,20.68,20.68
6629,20.68,20.68,20.68,20.68,20.68,20.68,20.68,20.68,20.68,20.68
6630,20.68,20.68,20.68,20.68,20.68,20.68,20.68,20.68,20.68,20.68
6631,20.68,20.68,20.68,20.68,20.68,20.68,20.68,20.68,20.68,20.68
6632,20.68,20.68,20.68,20.68,20.68,20.68,20.68,20.68,20.68,20.68
6633,20.68,20.68,20.68,20.68,20.68,20.68,20.68,20.68,20.68,20.68
6634,20.68,20.68,20.68,20.68,20.68,20.68,20.68,20.68,20.68,20.68
6635,20.68,20.68,20.68,20.68,20.68,20.68,20.68,20.68,20.68,20.68
6636,20.68,20.68,20.68,20.68,20.68,20.68,20.68,20.68,20.68,20.68
6637,20.68,20.68,20.68,20.68,20.68,20.68,20.68,20.68,20.68,20.68
6638,20.68,20.68,20.68,20.68,20.68,20.68,20.68,20.68,20.68,20.68
6639,20.68,20.68,20.68,20.68,20.68,20.68,20.68,20.68,20.68,20.68
6640,20.68,20.68,20.68,20.68,20.68,20.68,20.68,20.68,20.68,20.68
6641,20.68,20.68,20.68,20.68,20.68,20.68,20.68,20.68,20.68,20.68
6642,20.68,20.68,20.68,20.68,20.68,20.68,20.68,20.68,20.68,20.68
6643,20.68,20.68,20.68,20.68,20.68,20.68,20.68,20.68,20.68,20.68
6644,20.68,20.68,20.68,20.68,20.68,20.68,20.68,20.68,20.68,20.68
6645,20.68,20.68,20.68,20.68,20.68,20.68,20.68,20.68,20.68,20.68
6646,20.68,20.68,20.68,20.68,20.68,20.68,20.68,20.68,20.68,20.68
6647,20.68,20.68,20.68,20.68,20.68,20.68,20.68,20.68,20.68,20.68
6648,20.68,20.68,20.68,20.68,20.68,20.68,20.68,20.68,20.68,20.68
6649,20.68,20.68,20.68,20.68,20.68,20.68,20.68,20.68,20.68,20.68
6650,20.68,20.68,20.68,20.68,20.68,20.68,20.68,20.68,20.68,20.68
6651,20.68,20.68,20.68,20.68,20.68,20.68,20.68,20.68,20.68,20.68
6652,20.68,20.68,20.68,20.68,20.68,20.68,20.68,20.68,20.68,20.68
6653,20.68,20.68,20.68,20.68,20.68,20.68,20.68,20.68,20.68,20.68
6654,20.68,20.68,20.68,20.68,20.68,20.68,20.68,20.68,20.68,20.68
6655,20.68,20.68,20.68,20.68,20.68,20.68,20.68,20.68,20.68,20.68
6656,20.68,20.68,20.68,20.68,20.68,20.68,20.68,20.68,20.68,20.68
6657,20.68,20.68,20.68,20.68,20.68,20.68,20.68,20.68,20.68,20.68
6658,20.68,20.68,20.68,20.68,20.68,20.68,20.68,20.68,20.68,20.68
6659,20.68,20.68,20.68,20.68,20.68,20.68,20.68,20.68,20.68,20.68
6660,20.68,20.68,20.68,20.68,20.68,20.68,20.68,20.68,20.68,20.68
6661,20.68,20.68,20.68,20.68,20.68,20.68,20.68,20.68,20.68,20.68
6662,20.68,20.68,20.68,20.68,20.68,20.68,20.68,20.68,20.68,20.68
6663,20.68,20.68,20.68,20.68,20.68,20.68,20.68,20.68,20.68,20.68
6664,20.68,20.68,20.68,20.68,20.68,20.68,20.68,20.68,20.68,20.68
6665,20.68,20.68,20.68,20.68,20.68,20.68,20.68,20.68,20.68,20.68
6666,20.68,20.68,20.68,20.68,20.68,20.68,20.68,20.68,20.68,20.68
6667,20.68,20.68,20.68,20.68,20.68,20.68,20.68,20.68,20.68,20.68
6668,20.68,20.68,20.68,20.68,20.68,20.68,20.68,20.68,20.68,20.68
6669,20.68,20.68,20.68,20.68,20.68,20.68,20.68,20.68,20.68,20.68
6670,20.68,20.68,20.68,20.68,20.68,20.68,20.68,20.68,20.68,20.68
6671,20.68,20.68,20.68,20.68,20.68,20.68,20.68,20.68,20.68,20.68
6672,20.68,20.68,20.68,20.68,20.68,20.68,20.68,20.68,20.68,20.68
6673,20.68,20.68,20.68,20.68,20.68,20.68,20.68,20.68,20.68,20.68
6674,20.68,20.68,20.68,20.68,20.68,20.68,20.68,20.68,20.68,20.68
6675,20.68,20.68,20.68,20.68,20.68,20.68,20.68,20.68,20.68,20.68
6676,20.68,20.68,20.68,20.68,20.68,20.68,20.68,20.68,20.68,20.68
6677,20.68,20.68,20.68,20.68,20.68,20.68,20.68,20.68,20.68,20.68
6678,20.68,20.68,20.68,20.68,20.68,20.68,20.68,20.68,20.68,20.68
6679,20.68,20.68,20.68,20.68,20.68,20.68,20.68,20.68,20.68,20.68
6680,20.68,20.68,20.68,20.68,20.68,20.68,20.68,20.68,20.68,20.68
6681,20.68,20.68,20.68,20.68,20.68,20.68,20.68,20.68,20.68,20.68
6682,20.68,20.68,20.68,20.68,20.68,20.68,20.68,20.68,20.68,20.68
6683,20.68,20.68,20.68,20.68,20.68,20.68,20.68,20.68,20.68,20.68
6684,20.68,20.68,20.68,20.68,20.68,20.68,20.68,20.68,20.68,20.68
6685,20.68,20.68,20.68,20.68,20.68,20.68,20.68,20.68,20.68,20.68
6686,20.68,20.68,20.68,20.68,20.68,20.68,20.68,20.68,20.68,20.68
6687,20.68,20.68,20.68,20.68,20.68,20.68,20.68,20.68,20.68,20.68
6688,20.68,20.68,20.68,20.68,20.68,20.68,20.68,20.68,20.68,20.68
6689,20.68,20.68,20.68,20.68,20.68,20.68,20.68,20.68,20.68,20.68
6690,20.68,20.68,20.68,20.68,20.68,20.68,20.68,20.68,20.68,20.68
6691,20.68,20.68,20.68,20.68,20.68,20.68,20.68,20.68,20.68,20.68
6692,20.68,20.68,20.68,20.68,20.68,20.68,20.68,20.68,20.68,20.68
6693,20.68,20.68,20.68,20.68,20.68,20.68,20.68,20.68,20.68,20.68
6694,20.68,20.68,20.68,20.68,20.68,20.68,20.68,20.68,20.68,20.68
6695,20.68,20.68,20.68,20.68,20.68,20.68,20.68,20.68,20.68,20.68
6696,20.68,20.68,20.68,20.68,20.68,20.68,20.68,20.68,20.68,20.68
6697,20.68,20.68,20.68,20.68,20.68,20.68,20.68,20.68,20.68,20.68
6698,20.68,20.68,20.68,20.68,20.68,20.68,20.68,20.68,20.68,20.68
6699,20.68,20.68,20.68,20.68,20.68,20.68,20.68,20.68,20.68,20.68
6700,20.68,20.68,20.68,20.68,20.68,20.68,20.68,20.68,20.68,20.68
6701,20.68,20.68,20.68,20.68,20.68,20.68,20.68,20.68,20.68,20.68
6702,20.68,20.68,20.68,20.68,20.68,20.68,20.68,20.68,20.68,20.68
6703,20.68,20.68,20.68,20.68,20.68,20.68,20.68,20.68,20.68,20.68
6704,20.68,20.68,20.68,20.68,20.68,20.68,20.68,20.68,20.68,20.68
6705,20.68,20.68,20.68,20.68,20.68,20.68,20.68,20.68,20.68,20.68
6706,20.68,20.68,20.68,20.68,20.68,20.68,20.68,20.68,20.68,20.68
6707,20.68,20.68,20.68,20.68,20.68,20.68,20.68,20.68,20.68,20.68
6708,20.68,20.68,20.68,20.68,20.68,20.68,20.68,20.68,20.68,20.68
6709,20.68,20.68,20.68,20.68,20.68,20.68,20.68,20.68,20.68,20.68
6710,20.68,20.68,20.68,20.68,20.68,20.68,20.68,20.68,20.68,20.68
6711,20.68,20.68,20.68,20.68,20.68,20.68,20.68,20.68,20.68,20.68
6712,20.68,20.68,20.68,20.68,20.68,20.68,20.68,20.68,20.68,20.68
6713,20.68,20.68,20.68,20.68,20.68,20.68,20.68,20.68,20.68,20.68
6714,20.68,20.68,20.68,20.68,20.68,20.68,20.68,20.68,20.68,20.68
6715,20.68,20.68,20.68,20.68,20.68,20.68,20.68,20.68,20.68,20.68
6716,20.68,20.68,20.68,20.68,20.68,20.68,20.68,20.68,20.68,20.68
6717,20.68,20.68,20.68,20.68,20.68,20.68,20.68,20.68,20.68,20.68
6718,20.68,20.68,20.68,20.68,20.68,20.68,20.68,20.68,20.68,20.68
6719,20.68,20.68,20.68,20.68,20.68,20.68,20.68,20.68,20.68,20.68
6720,20.68,20.68,20.68,20.68,20.68,20.68,20.68,20.68,20.68,20.68
6721,20.68,20.68,20.68,20.68,20.68,20.68,20.68,20.68,20.68,20.68
6722,20.68,20.68,20.68,20.68,20.68,20.68,20.68,20.68,20.68,20.68
6723,20.68,20.68,20.68,20.68,20.68,20.68,20.68,20.68,20.68,20.68
6724,20.68,20.68,20.68,20.68,20.68,20.68,20.68,20.68,20.68,20.68
6725,20.68,20.68,20.68,20.68,20.68,20.68,20.68,20.68,20.68,20.68
6726,20.68,20.68,20.68,20.68,20.68,20.68,20.68,20.68,20.68,20.68
6727,20.68,20.68,20.68,20.68,20.68,20.68,20.68,20.68,20.68,20.68
6728,20.68,20.68,20.68,20.68,20.68,20.68,20.68,20.68,20.68,20.68
6729,20.68,20.68,20.68,20.68,20.68,20.68,20.68,20.68,20.68,20.68
6730,20.68,20.68,20.68,20.68,20.68,20.68,20.68,20.68,20.68,20.68
6731,20.68,20.68,20.68,20.68,20.68,20.68,20.68,20.68,20.68,20.68
6732,20.68,20.68,20.68,20.68,20.68,20.68,20.68,20.68,20.68,20.68
6733,20.68,20.68,20.68,20.68,20.68,20.68,20.68,20.68,20.68,20.68
6734,20.68,20.68,20.68,20.68,20.68,20.68,20.68,20.68,20.68,20.68
6735,20.68,20.68,20.68,20.68,20.68,20.68,20.68,20.68,20.68,20.68
6736,20.68,20.68,20.68,20.68,20.68,20.68,20.68,20.68,20.68,20.68
6737,20.68,20.68,20.68,20.68,20.68,20.68,20.68,20.68,20.68,20.68
6738,20.68,20.68,20.68,20.68,20.68,20.68,20.68,20.68,20.68,20.68
6739,20.68,20.68,20.68,20.68,20.68,20.68,20.68,20.68,20.68,20.68
6740,20.68,20.68,20.68,20.68,20.68,20.68,20.68,20.68,20.68,20.68
6741,20.68,20.68,20.68,20.68,20.68,20.68,20.68,20.68,20.68,20.68
6742,20.68,20.68,20.68,20.68,20.68,20.68,20.68,20.68,20.68,20.68
6743,20.68,20.68,20.68,20.68,20.68,20.68,20.68,20.68,20.68,20.68
6744,20.68,20.68,20.68,20.68,20.68,20.68,20.68,20.68,20.68,20.68
6745,20.68,20.68,20.68,20.68,20.68,20.68,20.68,20.68,20.68,20.68
6746,20.68,20.68,20.68,20.68,20.68,20.68,20.68,20.68,20.68,20.68
6747,20.68,20.68,20.68,20.68,20.68,20.68,20.68,20.68,20.68,20.68
6748,20.68,20.68,20.68,20.68,20.68,20.68,20.68,20.68,20.68,20.68
6749,20.68,20.68,20.68,20.68,20.68,20.68,20.68,20.68,20.68,20.68
6750,20.68,20.68,20.68,20.68,20.68,20.68,20.68,20.68,20.68,20.68
6751,20.68,20.68,20.68,20.68,20.68,20.68,20.68,20.68,20.68,20.68
6752,20.68,20.68,20.68,20.68,20.68,20.68,20.68,20.68,20.68,20.68
6753,20.68,20.68,20.68,20.68,20.68,20.68,20.68,20.68,20.68,20.68
6754,20.68,20.68,20.68,20.68,20.68,20.68,20.68,20.68,20.68,20.68
6755,20.68,20.68,20.68,20.68,20.68,20.68,20.68,20.68,20.68,20.68
6756,20.68,20.68,20.68,20.68,20.68,20.68,20.68,20.68,20.68,20.68
6757,20.68,20.68,20.68,20.68,20.68,20.68,20.68,20.68,20.68,20.68
6758,20.68,20.68,20.68,20.68,20.68,20.68,20.68,20.68,20.68,20.68
6759,20.68,20.68,20.68,20.68,20.68,20.68,20.68,20.68,20.68,20.68
6760,20.68,20.68,20.68,20.68,20.68,20.68,20.68,20.68,20.68,20.68
6761,20.68,20.68,20.68,20.68,20.68,20.68,20.68,20.68,20.68,20.68
6762,20.68,20.68,20.68,20.68,20.68,20.68,20.68,20.68,20.68,20.68
6763,20.68,20.68,20.68,20.68,20.68,20.68,20.68,20.68,20.68,20.68
6764,20.68,20.68,20.68,20.68,20.68,20.68,20.68,20.68,20.68,20.68
6765,20.68,20.68,20.68,20.68,20.68,20.68,20.68,20.68,20.68,20.68
6766,20.68,20.68,20.68,20.68,20.68,20.68,20.68,20.68,20.68,20.68
6767,20.68,20.68,20.68,20.68,20.68,20.68,20.68,20.68,20.68,20.68
6768,20.68,20.68,20.68,20.68,20.68,20.68,20.68,20.68,20.68,20.68
6769,20.68,20.68,20.68,20.68,20.68,20.68,20.68,20.68,20.68,20.68
6770,20.68,20.68,20.68,20.68,20.68,20.68,20.68,20.68,20.68,20.68
6771,20.68,20.68,20.68,20.68,20.68,20.68,20.68,20.68,20.68,20.68
6772,20.68,20.68,20.68,20.68,20.68,20.68,20.68,20.68,20.68,20.68
6773,20.68,20.68,20.68,20.68,20.68,20.68,20.68,20.68,20.68,20.68
6774,20.68,20.68,20.68,20.68,20.68,20.68,20.68,20.68,20.68,20.68
6775,20.68,20.68,20.68,20.68,20.68,20.68,20.68,20.68,20.68,20.68
6776,20.68,20.68,20.68,20.68,20.68,20.68,20.68,20.68,20.68,20.68
6777,20.68,20.68,20.68,20.68,20.68,20.68,20.68,20.68,20.68,20.68
6778,20.68,20.68,20.68,20.68,20.68,20.68,20.68,20.68,20.68,20.68
6779,20.68,20.68,20.68,20.68,20.68,20.68,20.68,20.68,20.68,20.68
6780,20.68,20.68,20.68,20.68,20.68,20.68,20.68,20.68,20.68,20.68
6781,20.68,20.68,20.68,20.68,20.68,20.68,20.68,20.68,20.68,20.68
6782,20.68,20.68,20.68,20.68,20.68,20.68,20.68,20.68,20.68,20.68
6783,20.68,20.68,20.68,20.68,20.68,20.68,20.68,20.68,20.68,20.68
6784,20.68,20.68,20.68,20.68,20.68,20.68,20.68,20.68,20.68,20.68
6785,20.68,20.68,20.68,20.68,20.68,20.68,20.68,20.68,20.68,20.68
6786,20.68,20.68,20.68,20.68,20.68,20.68,20.68,20.68,20.68,20.68
6787,20.68,20.68,20.68,20.68,20.68,20.68,20.68,20.68,20.68,20.68
6788,20.68,20.68,20.68,20.68,20.68,20.68,20.68,20.68,20.68,20.68
6789,20.68,20.68,20.68,20.68,20.68,20.68,20.68,20.68,20.68,20.68
6790,20.68,20.68,20.68,20.68,20.68,20.68,20.68,20.68,20.68,20.68
6791,20.68,20.68,20.68,20.68,20.68,20.68,20.68,20.68,20.68,20.68
6792,20.68,20.68,20.68,20.68,20.68,20.68,20.68,20.68,20.68,20.68
6793,20.68,20.68,20.68,20.68,20.68,20.68,20.68,20.68,20.68,20.68
6794,20.68,20.68,20.68,20.68,20.68,20.68,20.68,20.68,20.68,20.68
6795,20.68,20.68,20.68,20.68,20.68,20.68,20.68,20.68,20.68,20.68
6796,20.68,20.68,20.68,20.68,20.68,20.68,20.68,20.68,20.68,20.68
6797,20.68,20.68,20.68,20.68,20.68,20.68,20.68,20.68,20.68,20.68
6798,20.68,20.68,20.68,20.68,20.68,20.68,20.68,20.68,20.68,20.68
6799,20.68,20.68,20.68,20.68,20.68,20.68,20.68,20.68,20.68,20.68
6800,20.68,20.68,20.68,20.68,20.68,20.68,20.68,20.68,20.68,20.68
6801,20.68,20.68,20.68,20.68,20.68,20.68,20.68,20.68,20.68,20.68
6802,20.68,20.68,20.68,20.68,20.68,20.68,20.68,20.68,20.68,20.68
6803,20.68,20.68,20.68,20.68,20.68,20.68,20.68,20.68,20.68,20.68
6804,20.68,20.68,20.68,20.68,20.68,20.68,20.68,20.68,20.68,20.68
6805,20.68,20.68,20.68,20.68,20.68,20.68,20.68,20.68,20.68,20.68
6806,20.68,20.68,20.68,20.68,20.68,20.68,20.68,20.68,20.68,20.68
6807,20.68,20.68,20.68,20.68,20.68,20.68,20.68,20.68,20.68,20.68
6808,20.68,20.68,20.68,20.68,20.68,20.68,20.68,20.68,20.68,20.68
6809,20.68,20.68,20.68,20.68,20.68,20.68,20.68,20.68,20.68,20.68
6810,20.68,20.68,20.68,20.68,20.68,20.68,20.68,20.68,20.68,20.68
6811,20.68,20.68,20.68,20.68,20.68,20.68,20.68,20.68,20.68,20.68
6812,20.68,20.68,20.68,20.68,20.68,20.68,20.68,20.68,20.68,20.68
6813,20.68,20.68,20.68,20.68,20.68,20.68,20.68,20.68,20.68,20.68
6814,20.68,20.68,20.68,20.68,20.68,20.68,20.68,20.68,20.68,20.68
6815,20.68,20.68,20.68,20.68,20.68,20.68,20.68,20.68,20.68,20.68
6816,20.68,20.68,20.68,20.68,20.68,20.68,20.68,20.68,20.68,20.68
6817,20.68,20.68,20.68,20.68,20.68,20.68,20.68,20.68,20.68,20.68
6818,20.68,20.68,20.68,20.68,20.68,20.68,20.68,20.68,20.68,20.68
6819,20.68,20.68,20.68,20.68,20.68,20.68,20.68,20.68,20.68,20.68
6820,20.68,20.68,20.68,20.68,20.68,20.68,20.68,20.68,20.68,20.68
6821,20.68,20.68,20.68,20.68,20.68,20.68,20.68,20.68,20.68,20.68
6822,20.68,20.68,20.68,20.68,20.68,20.68,20.68,20.68,20.68,20.68
6823,20.68,20.68,20.68,20.68,20.68,20.68,20.68,20.68,20.68,20.68
6824,20.68,20.68,20.68,20.68,20.68,20.68,20.68,20.68,20.68,20.68
6825,20.68,20.68,20.68,20.68,20.68,20.68,20.68,20.68,20.68,20.68
6826,20.68,20.68,20.68,20.68,20.68,20.68,20.68,20.68,20.68,20.68
6827,20.68,20.68,20.68,20.68,20.68,20.68,20.68,20.68,20.68,20.68
6828,20.68,20.68,20.68,20.68,20.68,20.68,20.68,20.68,20.68,20.68
6829,20.68,20.68,20.68,20.68,20.68,20.68,20.68,20.68,20.68,20.68
6830,20.68,20.68,20.68,20.68,20.68,20.68,20.68,20.68,20.68,20.68
6831,20.68,20.68,20.68,20.68,20.68,20.68,20.68,20.68,20.68,20.68
6832,20.68,20.68,20.68,20.68,20.68,20.68,20.68,20.68,20.68,20.68
6833,20.68,20.68,20.68,20.68,20.68,20.68,20.68,20.68,20.68,20.68
6834,20.68,20.68,20.68,20.68,20.68,20.68,20.68,20.68,20.68,20.68
6835,20.68,20.68,20.68,20.68,20.68,20.68,20.68,20.68,20.68,20.68
6836,20.68,20.68,20.68,20.68,20.68,20.68,20.68,20.68,20.68,20.68
6837,20.68,20.68,20.68,20.68,20.68,20.68,20.68,20.68,20.68,20.68
6838,20.68,20.68,20.68,20.68,20.68,20.68,20.68,20.68,20.68,20.68
6839,20.68,20.68,20.68,20.68,20.68,20.68,20.68,20.68,20.68,20.68
6840,20.68,20.68,20.68,20.68,20.68,20.68,20.68,20.68,20.68,20.68
6841,20.68,20.68,20.68,20.68,20.68,20.68,20.68,20.68,20.68,20.68
6842,20.68,20.68,20.68,20.68,20.68,20.68,20.68,20.68,20.68,20.68
6843,20.68,20.68,20.68,20.68,20.68,20.68,20.68,20.68,20.68,20.68
6844,20.68,20.68,20.68,20.68,20.68,20.68,20.68,20.68,20.68,20.68
6845,20.68,20.68,20.68,20.68,20.68,20.68,20.68,20.68,20.68,20.68
6846,20.68,20.68,20.68,20.68,20.68,20.68,20.68,20.68,20.68,20.68
6847,20.68,20.68,20.68,20.68,20.68,20.68,20.68,20.68,20.68,20.68
6848,20.68,20.68,20.68,20.68,20.68,20.68,20.68,20.68,20.68,20.68
6849,20.68,20.68,20.68,20.68,20.68,20.68,20.68,20.68,20.68,20.68
6850,20.68,20.68,20.68,20.68,20.68,20.68,20.68,20.68,20.68,20.68
6851,20.68,20.68,20.68,20.68,20.68,20.68,20.68,20.68,20.68,20.68
6852,20.68,20.68,20.68,20.68,20.68,20.68,20.68,20.68,20.68,20.68
6853,20.68,20.68,20.68,20.68,20.68,20.68,20.68,20.68,20.68,20.68
6854,20.68,20.68,20.68,20.68,20.68,20.68,20.68,20.68,20.68,20.68
6855,20.68,20.68,20.68,20.68,20.68,20.68,20.68,20.68,20.68,20.68
6856,20.68,20.68,20.68,20.68,20.68,20.68,20.68,20.68,20.68,20.68
6857,20.68,20.68,20.68,20.68,20.68,20.68,20.68,20.68,20.68,20.68
6858,20.68,20.68,20.68,20.68,20.68,20.68,20.68,20.68,20.68,20.68
6859,20.68,20.68,20.68,20.68,20.68,20.68,20.68,20.68,20.68,20.68
6860,20.68,20.68,20.68,20.68,20.68,20.68,20.68,20.68,20.68,20.68
6861,20.68,20.68,20.68,20.68,20.68,20.68,20.68,20.68,20.68,20.68
6862,20.68,20.68,20.68,20.68,20.68,20.68,20.68,20.68,20.68,20.68
6863,20.68,20.68,20.68,20.68,20.68,20.68,20.68,20.68,20.68,20.68
6864,20.68,20.68,20.68,20.68,20.68,20.68,20.68,20.68,20.68,20.68
6865,20.68,20.68,20.68,20.68,20.68,20.68,20.68,20.68,20.68,20.68
6866,20.68,20.68,20.68,20.68,20.68,20.68,20.68,20.68,20.68,20.68
6867,20.68,20.68,20.68,20.68,20.68,20.68,20.68,20.68,20.68,20.68
6868,20.68,20.68,20.68,20.68,20.68,20.68,20.68,20.68,20.68,20.68
6869,20.68,20.68,20.68,20.68,20.68,20.68,20.68,20.68,20.68,20.68
6870,20.68,20.68,20.68,20.68,20.68,20.68,20.68,20.68,20.68,20.68
6871,20.68,20.68,20.68,20.68,20.68,20.68,20.68,20.68,20.68,20.68
6872,20.68,20.68,20.68,20.68,20.68,20.68,20.68,20.68,20.68,20.68
6873,20.68,20.68,20.68,20.68,20.68,20.68,20.68,20.68,20.68,20.68
6874,20.68,20.68,20.68,20.68,20.68,20.68,20.68,20.68,20.68,20.68
6875,20.68,20.68,20.68,20.68,20.68,20.68,20.68,20.68,20.68,20.68
6876,20.68,20.68,20.68,20.68,20.68,20.68,20.68,20.68,20.68,20.68
6877,20.68,20.68,20.68,20.68,20.68,20.68,20.68,20.68,20.68,20.68
6878,20.68,20.68,20.68,20.68,20.68,20.68,20.68,20.68,20.68,20.68
6879,20.68,20.68,20.68,20.68,20.68,20.68,20.68,20.68,20.68,20.68
6880,20.68,20.68,20.68,20.68,20.68,20.68,20.68,20.68,20.68,20.68
6881,20.68,20.68,20.68,20.68,20.68,20.68,20.68,20.68,20.68,20.68
6882,20.68,20.68,20.68,20.68,20.68,20.68,20.68,20.68,20.68,20.68
6883,20.68,20.68,20.68,20.68,20.68,20.68,20.68,20.68,20.68,20.68
6884,20.68,20.68,20.68,20.68,20.68,20.68,20.68,20.68,20.68,20.68
6885,20.68,20.68,20.68,20.68,20.68,20.68,20.68,20.68,20.68,20.68
6886,20.68,20.68,20.68,20.68,20.68,20.68,20.68,20.68,20.68,20.68
6887,20.68,20.68,20.68,20.68,20.68,20.68,20.68,20.68,20.68,20.68
6888,20.68,20.68,20.68,20.68,20.68,20.68,20.68,20.68,20.68,20.68
6889,20.68,20.68,20.68,20.68,20.68,20.68,20.68,20.68,20.68,20.68
6890,20.68,20.68,20.68,20.68,20.68,20.68,20.68,20.68,20.68,20.68
6891,20.68,20.68,20.68,20.68,20.68,20.68,20.68,20.68,20.68,20.68
6892,20.68,20.68,20.68,20.68,20.68,20.68,20.68,20.68,20.68,20.68
6893,20.68,20.68,20.68,20.68,20.68,20.68,20.68,20.68,20.68,20.68
6894,20.68,20.68,20.68,20.68,20.68,20.68,20.68,20.68,20.68,20.68
6895,20.68,20.68,20.68,20.68,20.68,20.68,20.68,20.68,20.68,20.68
6896,20.68,20.68,20.68,20.68,20.68,20.68,20.68,20.68,20.68,20.68
6897,20.68,20.68,20.68,20.68,20.68,20.68,20.68,20.68,20.68,20.68
6898,20.68,20.68,20.68,20.68,20.68,20.68,20.68,20.68,20.68,20.68
6899,20.68,20.68,20.68,20.68,20.68,20.68,20.68,20.68,20.68,20.68
6900,20.68,20.68,20.68,20.68,20.68,20.68,20.68,20.68,20.68,20.68
6901,20.68,20.68,20.68,20.68,20.68,20.68,20.68,20.68,20.68,20.68
6902,20.68,20.68,20.68,20.68,20.68,20.68,20.68,20.68,20.68,20.68
6903,20.68,20.68,20.68,20.68,20.68,20.68,20.68,20.68,20.68,20.68
6904,20.68,20.68,20.68,20.68,20.68,20.68,20.68,20.68,20.68,20.68
6905,20.68,20.68,20.68,20.68,20.68,20.68,20.68,20.68,20.68,20.68
6906,20.68,20.68,20.68,20.68,20.68,20.68,20.68,20.68,20.68,20.68
6907,20.68,20.68,20.68,20.68,20.68,20.68,20.68,20.68,20.68,20.68
6908,20.68,20.68,20.68,20.68,20.68,20.68,20.68,20.68,20.68,20.68
6909,20.68,20.68,20.68,20.68,20.68,20.68,20.68,20.68,20.68,20.68
6910,20.68,20.68,20.68,20.68,20.68,20.68,20.68,20.68,20.68,20.68
6911,20.68,20.68,20.68,20.68,20.68,20.68,20.68,20.68,20.68,20.68
6912,20.68,20.68,20.68,20.68,20.68,20.68,20.68,20.68,20.68,20.68
6913,20.68,20.68,20.68,20.68,20.68,20.68,20.68,20.68,20.68,20.68
6914,20.68,20.68,20.68,20.68,20.68,20.68,20.68,20.68,20.68,20.68
6915,20.68,20.68,20.68,20.68,20.68,20.68,20.68,20.68,20.68,20.68
6916,20.68,20.68,20.68,20.68,20.68,20.68,20.68,20.68,20.68,20.68
6917,20.68,20.68,20.68,20.68,20.68,20.68,20.68,20.68,20.68,20.68
6918,20.68,20.68,20.68,20.68,20.68,20.68,20.68,20.68,20.68,20.68
6919,20.68,20.68,20.68,20.68,20.68,20.68,20.68,20.68,20.68,20.68
6920,20.68,20.68,20.68,20.68,20.68,20.68,20.68,20.68,20.68,20.68
6921,20.68,20.68,20.68,20.68,20.68,20.68,20.68,20.68,20.68,20.68
6922,20.68,20.68,20.68,20.68,20.68,20.68,20.68,20.68,20.68,20.68
6923,20.68,20.68,20.68,20.68,20.68,20.68,20.68,20.68,20.68,20.68
6924,20.68,20.68,20.68,20.68,20.68,20.68,20.68,20.68,20.68,20.68
6925,20.68,20.68,20.68,20.68,20.68,20.68,20.68,20.68,20.68,20.68
6926,20.68,20.68,20.68,20.68,20.68,20.68,20.68,20.68,20.68,20.68
6927,20.68,20.68,20.68,20.68,20.68,20.68,20.68,20.68,20.68,20.68
6928,20.68,20.68,20.68,20.68,20.68,20.68,20.68,20.68,20.68,20.68
6929,20.68,20.68,20.68,20.68,20.68,20.68,20.68,20.68,20.68,20.68
6930,20.68,20.68,20.68,20.68,20.68,20.68,20.68,20.68,20.68,20.68
6931,20.68,20.68,20.68,20.68,20.68,20.68,20.68,20.68,20.68,20.68
6932,20.68,20.68,20.68,20.68,20.68,20.68,20.68,20.68,20.68,20.68
6933,20.68,20.68,20.68,20.68,20.68,20.68,20.68,20.68,20.68,20.68
6934,20.68,20.68,20.68,20.68,20.68,20.68,20.68,20.68,20.68,20.68
6935,20.68,20.68,20.68,20.68,20.68,20.68,20.68,20.68,20.68,20.68
6936,20.68,20.68,20.68,20.68,20.68,20.68,20.68,20.68,20.68,20.68
6937,20.68,20.68,20.68,20.68,20.68,20.68,20.68,20.68,20.68,20.68
6938,20.68,20.68,20.68,20.68,20.68,20.68,20.68,20.68,20.68,20.68
6939,20.68,20.68,20.68,20.68,20.68,20.68,20.68,20.68,20.68,20.68
6940,20.68,20.68,20.68,20.68,20.68,20.68,20.68,20.68,20.68,20.68
6941,20.68,20.68,20.68,20.68,20.68,20.68,20.68,20.68,20.68,20.68
6942,20.68,20.68,20.68,20.68,20.68,20.68,20.68,20.68,20.68,20.68
6943,20.68,20.68,20.68,20.68,20.68,20.68,20.68,20.68,20.68,20.68
6944,20.68,20.68,20.68,20.68,20.68,20.68,20.68,20.68,20.68,20.68
6945,20.68,20.68,20.68,20.68,20.68,20.68,20.68,20.68,20.68,20.68
6946,20.68,20.68,20.68,20.68,20.68,20.68,20.68,20.68,20.68,20.68
6947,20.68,20.68,20.68,20.68,20.68,20.68,20.68,20.68,20.68,20.68
6948,20.68,20.68,20.68,20.68,20.68,20.68,20.68,20.68,20.68,20.68
6949,20.68,20.68,20.68,20.68,20.68,20.68,20.68,20.68,20.68,20.68
6950,20.68,20.68,20.68,20.68,20.68,20.68,20.68,20.68,20.68,20.68
6951,20.68,20.68,20.68,20.68,20.68,20.68,20.68,20.68,20.68,20.68
6952,20.68,20.68,20.68,20.68,20.68,20.68,20.68,20.68,20.68,20.68
6953,20.68,20.68,20.68,20.68,20.68,20.68,20.68,20.68,20.68,20.68
6954,20.68,20.68,20.68,20.68,20.68,20.68,20.68,20.68,20.68,20.68
6955,20.68,20.68,20.68,20.68,20.68,20.68,20.68,20.68,20.68,20.68
6956,20.68,20.68,20.68,20.68,20.68,20.68,20.68,20.68,20.68,20.68
6957,20.68,20.68,20.68,20.68,20.68,20.68,20.68,20.68,20.68,20.68
6958,20.68,20.68,20.68,20.68,20.68,20.68,20.68,20.68,20.68,20.68
6959,20.68,20.68,20.68,20.68,20.68,20.68,20.68,20.68,20.68,20.68
6960,20.68,20.68,20.68,20.68,20.68,20.68,20.68,20.68,20.68,20.68
6961,20.68,20.68,20.68,20.68,20.68,20.68,20.68,20.68,20.68,20.68
6962,20.68,20.68,20.68,20.68,20.68,20.68,20.68,20.68,20.68,20.68
6963,20.68,20.68,20.68,20.68,20.68,20.68,20.68,20.68,20.68,20.68
6964,20.68,20.68,20.68,20.68,20.68,20.68,20.68,20.68,20.68,20.68
6965,20.68,20.68,20.68,20.68,20.68,20.68,20.68,20.68,20.68,20.68
6966,20.68,20.68,20.68,20.68,20.68,20.68,20.68,20.68,20.68,20.68
6967,20.68,20.68,20.68,20.68,20.68,20.68,20.68,20.68,20.68,20.68
6968,20.68,20.68,20.68,20.68,20.68,20.68,20.68,20.68,20.68,20.68
6969,20.68,20.68,20.68,20.68,20.68,20.68,20.68,20.68,20.68,20.68
6970,20.68,20.68,20.68,20.68,20.68,20.68,20.68,20.68,20.68,20.68
6971,20.68,20.68,20.68,20.68,20.68,20.68,20.68,20.68,20.68,20.68
6972,20.68,20.68,20.68,20.68,20.68,20.68,20.68,20.68,20.68,20.68
6973,20.68,20.68,20.68,20.68,20.68,20.68,20.68,20.68,20.68,20.68
6974,20.68,20.68,20.68,20.68,20.68,20.68,20.68,20.68,20.68,20.68
6975,20.68,20.68,20.68,20.68,20.68,20.68,20.68,20.68,20.68,20.68
6976,20.68,20.68,20.68,20.68,20.68,20.68,20.68,20.68,20.68,20.68
6977,20.68,20.68,20.68,20.68,20.68,20.68,20.68,20.68,20.68,20.68
6978,20.68,20.68,20.68,20.68,20.68,20.68,20.68,20.68,20.68,20.68
6979,20.68,20.68,20.68,20.68,20.68,20.68,20.68,20.68,20.68,20.68
6980,20.68,20.68,20.68,20.68,20.68,20.68,20.68,20.68,20.68,20.68
6981,20.68,20.68,20.68,20.68,20.68,20.68,20.68,20.68,20.68,20.68
6982,20.68,20.68,20.68,20.68,20.68,20.68,20.68,20.68,20.68,20.68
6983,20.68,20.68,20.68,20.68,20.68,20.68,20.68,20.68,20.68,20.68
6984,20.68,20.68,20.68,20.68,20.68,20.68,20.68,20.68,20.68,20.68
6985,20.68,20.68,20.68,20.68,20.68,20.68,20.68,20.68,20.68,20.68
6986,20.68,20.68,20.68,20.68,20.68,20.68,20.68,20.68,20.68,20.68
6987,20.68,20.68,20.68,20.68,20.68,20.68,20.68,20.68,20.68,20.68
6988,20.68,20.68,20.68,20.68,20.68,20.68,20.68,20.68,20.68,20.68
6989,20.68,20.68,20.68,20.68,20.68,20.68,20.68,20.68,20.68,20.68
6990,20.68,20.68,20.68,20.68,20.68,20.68,20.68,20.68,20.68,20.68
6991,20.68,20.68,20.68,20.68,20.68,20.68,20.68,20.68,20.68,20.68
6992,20.68,20.68,20.68,20.68,20.68,20.68,20.68,20.68,20.68,20.68
6993,20.68,20.68,20.68,20.68,20.68,20.68,20.68,20.68,20.68,20.68
6994,20.68,20.68,20.68,20.68,20.68,20.68,20.68,20.68,20.68,20.68
6995,20.68,20.68,20.68,20.68,20.68,20.68,20.68,20.68,20.68,20.68
6996,20.68,20.68,20.68,20.68,20.68,20.68,20.68,20.68,20.68,20.68
6997,20.68,20.68,20.68,20.68,20.68,20.68,20.68,20.68,20.68,20.68
6998,20.68,20.68,20.68,20.68,20.68,20.68,20.68,20.68,20.68,20.68
6999,20.68,20.68,20.68,20.68,20.68,20.68,20.68,20.68,20.68,20.68
7000,20.68,20.68,20.68,20.68,20.68,20.68,20.68,20.68,20.68,20.68
7001,20.68,20.68,20.68,20.68,20.68,20.68,20.68,20.68,20.68,20.68
7002,20.68,20.68,20.68,20.68,20.68,20.68,20.68,20.68,20.68,20.68
7003,20.68,20.68,20.68,20.68,20.68,20.68,20.68,20.68,20.68,20.68
7004,20.68,20.68,20.68,20.68,20.68,20.68,20.68,20.68,20.68,20.68
7005,20.68,20.68,20.68,20.68,20.68,20.68,20.68,20.68,20.68,20.68
7006,20.68,20.68,20.68,20.68,20.68,20.68,20.68,20.68,20.68,20.68
7007,20.68,20.68,20.68,20.68,20.68,20.68,20.68,20.68,20.68,20.68
7008,20.68,20.68,20.68,20.68,20.68,20.68,20.68,20.68,20.68,20.68
7009,20.68,20.68,20.68,20.68,20.68,20.68,20.68,20.68,20.68,20.68
7010,20.68,20.68,20.68,20.68,20.68,20.68,20.68,20.68,20.68,20.68
7011,20.68,20.68,20.68,20.68,20.68,20.68,20.68,20.68,20.68,20.68
7012,20.68,20.68,20.68,20.68,20.68,20.68,20.68,20.68,20.68,20.68
7013,20.68,20.68,20.68,20.68,20.68,20.68,20.68,20.68,20.68,20.68
7014,20.68,20.68,20.68,20.68,20.68,20.68,20.68,20.68,20.68,20.68
7015,20.68,20.68,20.68,20.68,20.68,20.68,20.68,20.68,20.68,20.68
7016,20.68,20.68,20.68,20.68,20.68,20.68,20.68,20.68,20.68,20.68
7017,20.68,20.68,20.68,20.68,20.68,20.68,20.68,20.68,20.68,20.68
7018,20.68,20.68,20.68,20.68,20.68,20.68,20.68,20.68,20.68,20.68
7019,20.68,20.68,20.68,20.68,20.68,20.68,20.68,20.68,20.68,20.68
7020,20.68,20.68,20.68,20.68,20.68,20.68,20.68,20.68,20.68,20.68
7021,20.68,20.68,20.68,20.68,20.68,20.68,20.68,20.68,20.68,20.68
7022,20.68,20.68,20.68,20.68,20.68,20.68,20.68,20.68,20.68,20.68
7023,20.68,20.68,20.68,20.68,20.68,20.68,20.68,20.68,20.68,20.68
7024,20.68,20.68,20.68,20.68,20.68,20.68,20.68,20.68,20.68,20.68
7025,20.68,20.68,20.68,20.68,20.68,20.68,20.68,20.68,20.68,20.68
7026,20.68,20.68,20.68,20.68,20.68,20.68,20.68,20.68,20.68,20.68
7027,20.68,20.68,20.68,20.68,20.68,20.68,20.68,20.68,20.68,20.68
7028,20.68,20.68,20.68,20.68,20.68,20.68,20.68,20.68,20.68,20.68
7029,20.68,20.68,20.68,20.68,20.68,20.68,20.68,20.68,20.68,20.68
7030,20.68,20.68,20.68,20.68,20.68,20.68,20.68,20.68,20.68,20.68
7031,20.68,20.68,20.68,20.68,20.68,20.68,20.68,20.68,20.68,20.68
7032,20.68,20.68,20.68,20.68,20.68,20.68,20.68,20.68,20.68,20.68
7033,20.68,20.68,20.68,20.68,20.68,20.68,20.68,20.68,20.68,20.68
7034,20.68,20.68,20.68,20.68,20.68,20.68,20.68,20.68,20.68,20.68
7035,20.68,20.68,20.68,20.68,20.68,20.68,20.68,20.68,20.68,20.68
7036,20.68,20.68,20.68,20.68,20.68,20.68,20.68,20.68,20.68,20.68
7037,20.68,20.68,20.68,20.68,20.68,20.68,20.68,20.68,20.68,20.68
7038,20.68,20.68,20.68,20.68,20.68,20.68,20.68,20.68,20.68,20.68
7039,20.68,20.68,20.68,20.68,20.68,20.68,20.68,20.68,20.68,20.68
7040,20.68,20.68,20.68,20.68,20.68,20.68,20.68,20.68,20.68,20.68
7041,20.68,20.68,20.68,20.68,20.68,20.68,20.68,20.68,20.68,20.68
7042,20.68,20.68,20.68,20.68,20.68,20.68,20.68,20.68,20.68,20.68
7043,20.68,20.68,20.68,20.68,20.68,20.68,20.68,20.68,20.68,20.68
7044,20.68,20.68,20.68,20.68,20.68,20.68,20.68,20.68,20.68,20.68
7045,20.68,20.68,20.68,20.68,20.68,20.68,20.68,20.68,20.68,20.68
7046,20.68,20.68,20.68,20.68,20.68,20.68,20.68,20.68,20.68,20.68
7047,20.68,20.68,20.68,20.68,20.68,20.68,20.68,20.68,20.68,20.68
7048,20.68,20.68,20.68,20.68,20.68,20.68,20.68,20.68,20.68,20.68
7049,20.68,20.68,20.68,20.68,20.68,20.68,20.68,20.68,20.68,20.68
7050,20.68,20.68,20.68,20.68,20.68,20.68,20.68,20.68,20.68,20.68
7051,20.68,20.68,20.68,20.68,20.68,20.68,20.68,20.68,20.68,20.68
7052,20.68,20.68,20.68,20.68,20.68,20.68,20.68,20.68,20.68,20.68
7053,20.68,20.68,20.68,20.68,20.68,20.68,20.68,20.68,20.68,20.68
7054,20.68,20.68,20.68,20.68,20.68,20.68,20.68,20.68,20.68,20.68
7055,20.68,20.68,20.68,20.68,20.68,20.68,20.68,20.68,20.68,20.68
7056,20.68,20.68,20.68,20.68,20.68,20.68,20.68,20.68,20.68,20.68
7057,20.68,20.68,20.68,20.68,20.68,20.68,20.68,20.68,20.68,20.68
7058,20.68,20.68,20.68,20.68,20.68,20.68,20.68,20.68,20.68,20.68
7059,20.68,20.68,20.68,20.68,20.68,20.68,20.68,20.68,20.68,20.68
7060,20.68,20.68,20.68,20.68,20.68,20.68,20.68,20.68,20.68,20.68
7061,20.68,20.68,20.68,20.68,20.68,20.68,20.68,20.68,20.68,20.68
7062,20.68,20.68,20.68,20.68,20.68,20.68,20.68,20.68,20.68,20.68
7063,20.68,20.68,20.68,20.68,20.68,20.68,20.68,20.68,20.68,20.68
7064,20.68,20.68,20.68,20.68,20.68,20.68,20.68,20.68,20.68,20.68
7065,20.68,20.68,20.68,20.68,20.68,20.68,20.68,20.68,20.68,20.68
7066,20.68,20.68,20.68,20.68,20.68,20.68,20.68,20.68,20.68,20.68
7067,20.68,20.68,20.68,20.68,20.68,20.68,20.68,20.68,20.68,20.68
7068,20.68,20.68,20.68,20.68,20.68,20.68,20.68,20.68,20.68,20.68
7069,20.68,20.68,20.68,20.68,20.68,20.68,20.68,20.68,20.68,20.68
7070,20.68,20.68,20.68,20.68,20.68,20.68,20.68,20.68,20.68,20.68
7071,20.68,20.68,20.68,20.68,20.68,20.68,20.68,20.68,20.68,20.68
7072,20.68,20.68,20.68,20.68,20.68,20.68,20.68,20.68,20.68,20.68
7073,20.68,20.68,20.68,20.68,20.68,20.68,20.68,20.68,20.68,20.68
7074,20.68,20.68,20.68,20.68,20.68,20.68,20.68,20.68,20.68,20.68
7075,20.68,20.68,20.68,20.68,20.68,20.68,20.68,20.68,20.68,20.68
7076,20.68,20.68,20.68,20.68,20.68,20.68,20.68,20.68,20.68,20.68
7077,20.68,20.68,20.68,20.68,20.68,20.68,20.68,20.68,20.68,20.68
7078,20.68,20.68,20.68,20.68,20.68,20.68,20.68,20.68,20.68,20.68
7079,20.68,20.68,20.68,20.68,20.68,20.68,20.68,20.68,20.68,20.68
7080,20.68,20.68,20.68,20.68,20.68,20.68,20.68,20.68,20.68,20.68
7081,20.68,20.68,20.68,20.68,20.68,20.68,20.68,20.68,20.68,20.68
7082,20.68,20.68,20.68,20.68,20.68,20.68,20.68,20.68,20.68,20.68
7083,20.68,20.68,20.68,20.68,20.68,20.68,20.68,20.68,20.68,20.68
7084,20.68,20.68,20.68,20.68,20.68,20.68,20.68,20.68,20.68,20.68
7085,20.68,20.68,20.68,20.68,20.68,20.68,20.68,20.68,20.68,20.68
7086,20.68,20.68,20.68,20.68,20.68,20.68,20.68,20.68,20.68,20.68
7087,20.68,20.68,20.68,20.68,20.68,20.68,20.68,20.68,20.68,20.68
7088,20.68,20.68,20.68,20.68,20.68,20.68,20.68,20.68,20.68,20.68
7089,20.68,20.68,20.68,20.68,20.68,20.68,20.68,20.68,20.68,20.68
7090,20.68,20.68,20.68,20.68,20.68,20.68,20.68,20.68,20.68,20.68
7091,20.68,20.68,20.68,20.68,20.68,20.68,20.68,20.68,20.68,20.68
7092,20.68,20.68,20.68,20.68,20.68,20.68,20.68,20.68,20.68,20.68
7093,20.68,20.68,20.68,20.68,20.68,20.68,20.68,20.68,20.68,20.68
7094,20.68,20.68,20.68,20.68,20.68,20.68,20.68,20.68,20.68,20.68
7095,20.68,20.68,20.68,20.68,20.68,20.68,20.68,20.68,20.68,20.68
7096,20.68,20.68,20.68,20.68,20.68,20.68,20.68,20.68,20.68,20.68
7097,20.68,20.68,20.68,20.68,20.68,20.68,20.68,20.68,20.68,20.68
7098,20.68,20.68,20.68,20.68,20.68,20.68,20.68,20.68,20.68,20.68
7099,20.68,20.68,20.68,20.68,20.68,20.68,20.68,20.68,20.68,20.68
7100,20.68,20.68,20.68,20.68,20.68,20.68,20.68,20.68,20.68,20.68
7101,20.68,20.68,20.68,20.68,20.68,20.68,20.68,20.68,20.68,20.68
7102,20.68,20.68,20.68,20.68,20.68,20.68,20.68,20.68,20.68,20.68
7103,20.68,20.68,20.68,20.68,20.68,20.68,20.68,20.68,20.68,20.68
7104,20.68,20.68,20.68,20.68,20.68,20.68,20.68,20.68,20.68,20.68
7105,20.68,20.68,20.68,20.68,20.68,20.68,20.68,20.68,20.68,20.68
7106,20.68,20.68,20.68,20.68,20.68,20.68,20.68,20.68,20.68,20.68
7107,20.68,20.68,20.68,20.68,20.68,20.68,20.68,20.68,20.68,20.68
7108,20.68,20.68,20.68,20.68,20.68,20.68,20.68,20.68,20.68,20.68
7109,20.68,20.68,20.68,20.68,20.68,20.68,20.68,20.68,20.68,20.68
7110,20.68,20.68,20.68,20.68,20.68,20.68,20.68,20.68,20.68,20.68
7111,20.68,20.68,20.68,20.68,20.68,20.68,20.68,20.68,20.68,20.68
7112,20.68,20.68,20.68,20.68,20.68,20.68,20.68,20.68,20.68,20.68
7113,20.68,20.68,20.68,20.68,20.68,20.68,20.68,20.68,20.68,20.68
7114,20.68,20.68,20.68,20.68,20.68,20.68,20.68,20.68,20.68,20.68
7115,20.68,20.68,20.68,20.68,20.68,20.68,20.68,20.68,20.68,20.68
7116,20.68,20.68,20.68,20.68,20.68,20.68,20.68,20.68,20.68,20.68
7117,20.68,20.68,20.68,20.68,20.68,20.68,20.68,20.68,20.68,20.68
7118,20.68,20.68,20.68,20.68,20.68,20.68,20.68,20.68,20.68,20.68
7119,20.68,20.68,20.68,20.68,20.68,20.68,20.68,20.68,20.68,20.68
7120,20.68,20.68,20.68,20.68,20.68,20.68,20.68,20.68,20.68,20.68
7121,20.68,20.68,20.68,20.68,20.68,20.68,20.68,20.68,20.68,20.68
7122,20.68,20.68,20.68,20.68,20.68,20.68,20.68,20.68,20.68,20.68
7123,20.68,20.68,20.68,20.68,20.68,20.68,20.68,20.68,20.68,20.68
7124,20.68,20.68,20.68,20.68,20.68,20.68,20.68,20.68,20.68,20.68
7125,20.68,20.68,20.68,20.68,20.68,20.68,20.68,20.68,20.68,20.68
7126,20.68,20.68,20.68,20.68,20.68,20.68,20.68,20.68,20.68,20.68
7127,20.68,20.68,20.68,20.68,20.68,20.68,20.68,20.68,20.68,20.68
7128,20.68,20.68,20.68,20.68,20.68,20.68,20.68,20.68,20.68,20.68
7129,20.68,20.68,20.68,20.68,20.68,20.68,20.68,20.68,20.68,20.68
7130,20.68,20.68,20.68,20.68,20.68,20.68,20.68,20.68,20.68,20.68
7131,20.68,20.68,20.68,20.68,20.68,20.68,20.68,20.68,20.68,20.68
7132,20.68,20.68,20.68,20.68,20.68,20.68,20.68,20.68,20.68,20.68
7133,20.68,20.68,20.68,20.68,20.68,20.68,20.68,20.68,20.68,20.68
7134,20.68,20.68,20.68,20.68,20.68,20.68,20.68,20.68,20.68,20.68
7135,20.68,20.68,20.68,20.68,20.68,20.68,20.68,20.68,20.68,20.68
7136,20.68,20.68,20.68,20.68,20.68,20.68,20.68,20.68,20.68,20.68
7137,20.68,20.68,20.68,20.68,20.68,20.68,20.68,20.68,20.68,20.68
7138,20.68,20.68,20.68,20.68,20.68,20.68,20.68,20.68,20.68,20.68
7139,20.68,20.68,20.68,20.68,20.68,20.68,20.68,20.68,20.68,20.68
7140,20.68,20.68,20.68,20.68,20.68,20.68,20.68,20.68,20.68,20.68
7141,20.68,20.68,20.68,20.68,20.68,20.68,20.68,20.68,20.68,20.68
7142,20.68,20.68,20.68,20.68,20.68,20.68,20.68,20.68,20.68,20.68
7143,20.68,20.68,20.68,20.68,20.68,20.68,20.68,20.68,20.68,20.68
7144,20.68,20.68,20.68,20.68,20.68,20.68,20.68,20.68,20.68,20.68
7145,20.68,20.68,20.68,20.68,20.68,20.68,20.68,20.68,20.68,20.68
7146,20.68,20.68,20.68,20.68,20.68,20.68,20.68,20.68,20.68,20.68
7147,20.68,20.68,20.68,20.68,20.68,20.68,20.68,20.68,20.68,20.68
7148,20.68,20.68,20.68,20.68,20.68,20.68,20.68,20.68,20.68,20.68
7149,20.68,20.68,20.68,20.68,20.68,20.68,20.68,20.68,20.68,20.68
7150,20.68,20.68,20.68,20.68,20.68,20.68,20.68,20.68,20.68,20.68
7151,20.68,20.68,20.68,20.68,20.68,20.68,20.68,20.68,20.68,20.68
7152,20.68,20.68,20.68,20.68,20.68,20.68,20.68,20.68,20.68,20.68
7153,20.68,20.68,20.68,20.68,20.68,20.68,20.68,20.68,20.68,20.68
7154,20.68,20.68,20.68,20.68,20.68,20.68,20.68,20.68,20.68,20.68
7155,20.68,20.68,20.68,20.68,20.68,20.68,20.68,20.68,20.68,20.68
7156,20.68,20.68,20.68,20.68,20.68,20.68,20.68,20.68,20.68,20.68
7157,20.68,20.68,20.68,20.68,20.68,20.68,20.68,20.68,20.68,20.68
7158,20.68,20.68,20.68,20.68,20.68,20.68,20.68,20.68,20.68,20.68
7159,20.68,20.68,20.68,20.68,20.68,20.68,20.68,20.68,20.68,20.68
7160,20.68,20.68,20.68,20.68,20.68,20.68,20.68,20.68,20.68,20.68
7161,20.68,20.68,20.68,20.68,20.68,20.68,20.68,20.68,20.68,20.68
7162,20.68,20.68,20.68,20.68,20.68,20.68,20.68,20.68,20.68,20.68
7163,20.68,20.68,20.68,20.68,20.68,20.68,20.68,20.68,20.68,20.68
7164,20.68,20.68,20.68,20.68,20.68,20.68,20.68,20.68,20.68,20.68
7165,20.68,20.68,20.68,20.68,20.68,20.68,20.68,20.68,20.68,20.68
7166,20.68,20.68,20.68,20.68,20.68,20.68,20.68,20.68,20.68,20.68
7167,20.68,20.68,20.68,20.68,20.68,20.68,20.68,20.68,20.68,20.68
7168,20.68,20.68,20.68,20.68,20.68,20.68,20.68,20.68,20.68,20.68
7169,20.68,20.68,20.68,20.68,20.68,20.68,20.68,20.68,20.68,20.68
7170,20.68,20.68,20.68,20.68,20.68,20.68,20.68,20.68,20.68,20.68
7171,20.68,20.68,20.68,20.68,20.68,20.68,20.68,20.68,20.68,20.68
7172,20.68,20.68,20.68,20.68,20.68,20.68,20.68,20.68,20.68,20.68
7173,20.68,20.68,20.68,20.68,20.68,20.68,20.68,20.68,20.68,20.68
7174,20.68,20.68,20.68,20.68,20.68,20.68,20.68,20.68,20.68,20.68
7175,20.68,20.68,20.68,20.68,20.68,20.68,20.68,20.68,20.68,20.68
7176,20.68,20.68,20.68,20.68,20.68,20.68,20.68,20.68,20.68,20.68
7177,20.68,20.68,20.68,20.68,20.68,20.68,20.68,20.68,20.68,20.68
7178,20.68,20.68,20.68,20.68,20.68,20.68,20.68,20.68,20.68,20.68
7179,20.68,20.68,20.68,20.68,20.68,20.68,20.68,20.68,20.68,20.68
7180,20.68,20.68,20.68,20.68,20.68,20.68,20.68,20.68,20.68,20.68
7181,20.68,20.68,20.68,20.68,20.68,20.68,20.68,20.68,20.68,20.68
7182,20.68,20.68,20.68,20.68,20.68,20.68,20.68,20.68,20.68,20.68
7183,20.68,20.68,20.68,20.68,20.68,20.68,20.68,20.68,20.68,20.68
7184,20.68,20.68,20.68,20.68,20.68,20.68,20.68,20.68,20.68,20.68
7185,20.68,20.68,20.68,20.68,20.68,20.68,20.68,20.68,20.68,20.68
7186,20.68,20.68,20.68,20.68,20.68,20.68,20.68,20.68,20.68,20.68
7187,20.68,20.68,20.68,20.68,20.68,20.68,20.68,20.68,20.68,20.68
7188,20.68,20.68,20.68,20.68,20.68,20.68,20.68,20.68,20.68,20.68
7189,20.68,20.68,20.68,20.68,20.68,20.68,20.68,20.68,20.68,20.68
7190,20.68,20.68,20.68,20.68,20.68,20.68,20.68,20.68,20.68,20.68
7191,20.68,20.68,20.68,20.68,20.68,20.68,20.68,20.68,20.68,20.68
7192,20.68,20.68,20.68,20.68,20.68,20.68,20.68,20.68,20.68,20.68
7193,20.68,20.68,20.68,20.68,20.68,20.68,20.68,20.68,20.68,20.68
7194,20.68,20.68,20.68,20.68,20.68,20.68,20.68,20.68,20.68,20.68
7195,20.68,20.68,20.68,20.68,20.68,20.68,20.68,20.68,20.68,20.68
7196,20.68,20.68,20.68,20.68,20.68,20.68,20.68,20.68,20.68,20.68
7197,20.68,20.68,20.68,20.68,20.68,20.68,20.68,20.68,20.68,20.68
7198,20.68,20.68,20.68,20.68,20.68,20.68,20.68,20.68,20.68,20.68
7199,20.68,20.68,20.68,20.68,20.68,20.68,20.68,20.68,20.68,20.68
7200,20.68,20.68,20.68,20.68,20.68,20.68,20.68,20.68,20.68,20.68
7201,20.68,20.68,20.68,20.68,20.68,20.68,20.68,20.68,20.68,20.68
7202,20.68,20.68,20.68,20.68,20.68,20.68,20.68,20.68,20.68,20.68
7203,20.68,20.68,20.68,20.68,20.68,20.68,20.68,20.68,20.68,20.68
7204,20.68,20.68,20.68,20.68,20.68,20.68,20.68,20.68,20.68,20.68
7205,20.68,20.68,20.68,20.68,20.68,20.68,20.68,20.68,20.68,20.68
7206,20.68,20.68,20.68,20.68,20.68,20.68,20.68,20.68,20.68,20.68
7207,20.68,20.68,20.68,20.68,20.68,20.68,20.68,20.68,20.68,20.68
7208,20.68,20.68,20.68,20.68,20.68,20.68,20.68,20.68,20.68,20.68
7209,20.68,20.68,20.68,20.68,20.68,20.68,20.68,20.68,20.68,20.68
7210,20.68,20.68,20.68,20.68,20.68,20.68,20.68,20.68,20.68,20.68
7211,20.68,20.68,20.68,20.68,20.68,20.68,20.68,20.68,20.68,20.68
7212,20.68,20.68,20.68,20.68,20.68,20.68,20.68,20.68,20.68,20.68
7213,20.68,20.68,20.68,20.68,20.68,20.68,20.68,20.68,20.68,20.68
7214,20.68,20.68,20.68,20.68,20.68,20.68,20.68,20.68,20.68,20.68
7215,20.68,20.68,20.68,20.68,20.68,20.68,20.68,20.68,20.68,20.68
7216,20.68,20.68,20.68,20.68,20.68,20.68,20.68,20.68,20.68,20.68
7217,20.68,20.68,20.68,20.68,20.68,20.68,20.68,20.68,20.68,20.68
7218,20.68,20.68,20.68,20.68,20.68,20.68,20.68,20.68,20.68,20.68
7219,20.68,20.68,20.68,20.68,20.68,20.68,20.68,20.68,20.68,20.68
7220,20.68,20.68,20.68,20.68,20.68,20.68,20.68,20.68,20.68,20.68
7221,20.68,20.68,20.68,20.68,20.68,20.68,20.68,20.68,20.68,20.68
7222,20.68,20.68,20.68,20.68,20.68,20.68,20.68,20.68,20.68,20.68
7223,20.68,20.68,20.68,20.68,20.68,20.68,20.68,20.68,20.68,20.68
7224,20.68,20.68,20.68,20.68,20.68,20.68,20.68,20.68,20.68,20.68
7225,20.68,20.68,20.68,20.68,20.68,20.68,20.68,20.68,20.68,20.68
7226,20.68,20.68,20.68,20.68,20.68,20.68,20.68,20.68,20.68,20.68
7227,20.68,20.68,20.68,20.68,20.68,20.68,20.68,20.68,20.68,20.68
7228,20.68,20.68,20.68,20.68,20.68,20.68,20.68,20.68,20.68,20.68
7229,20.68,20.68,20.68,20.68,20.68,20.68,20.68,20.68,20.68,20.68
7230,20.68,20.68,20.68,20.68,20.68,20.68,20.68,20.68,20.68,20.68
7231,20.68,20.68,20.68,20.68,20.68,20.68,20.68,20.68,20.68,20.68
7232,20.68,20.68,20.68,20.68,20.68,20.68,20.68,20.68,20.68,20.68
7233,20.68,20.68,20.68,20.68,20.68,20.68,20.68,20.68,20.68,20.68
7234,20.68,20.68,20.68,20.68,20.68,20.68,20.68,20.68,20.68,20.68
7235,20.68,20.68,20.68,20.68,20.68,20.68,20.68,20.68,20.68,20.68
7236,20.68,20.68,20.68,20.68,20.68,20.68,20.68,20.68,20.68,20.68
7237,20.68,20.68,20.68,20.68,20.68,20.68,20.68,20.68,20.68,20.68
7238,20.68,20.68,20.68,20.68,20.68,20.68,20.68,20.68,20.68,20.68
7239,20.68,20.68,20.68,20.68,20.68,20.68,20.68,20.68,20.68,20.68
7240,20.68,20.68,20.68,20.68,20.68,20.68,20.68,20.68,20.68,20.68
7241,20.68,20.68,20.68,20.68,20.68,20.68,20.68,20.68,20.68,20.68
7242,20.68,20.68,20.68,20.68,20.68,20.68,20.68,20.68,20.68,20.68
7243,20.68,20.68,20.68,20.68,20.68,20.68,20.68,20.68,20.68,20.68
7244,20.68,20.68,20.68,20.68,20.68,20.68,20.68,20.68,20.68,20.68
7245,20.68,20.68,20.68,20.68,20.68,20.68,20.68,20.68,20.68,20.68
7246,20.68,20.68,20.68,20.68,20.68,20.68,20.68,20.68,20.68,20.68
7247,20.68,20.68,20.68,20.68,20.68,20.68,20.68,20.68,20.68,20.68
7248,20.68,20.68,20.68,20.68,20.68,20.68,20.68,20.68,20.68,20.68
7249,20.68,20.68,20.68,20.68,20.68,20.68,20.68,20.68,20.68,20.68
7250,20.68,20.68,20.68,20.68,20.68,20.68,20.68,20.68,20.68,20.68
7251,20.68,20.68,20.68,20.68,20.68,20.68,20.68,20.68,20.68,20.68
7252,20.68,20.68,20.68,20.68,20.68,20.68,20.68,20.68,20.68,20.68
7253,20.68,20.68,20.68,20.68,20.68,20.68,20.68,20.68,20.68,20.68
7254,20.68,20.68,20.68,20.68,20.68,20.68,20.68,20.68,20.68,20.68
7255,20.68,20.68,20.68,20.68,20.68,20.68,20.68,20.68,20.68,20.68
7256,20.68,20.68,20.68,20.68,20.68,20.68,20.68,20.68,20.68,20.68
7257,20.68,20.68,20.68,20.68,20.68,20.68,20.68,20.68,20.68,20.68
7258,20.68,20.68,20.68,20.68,20.68,20.68,20.68,20.68,20.68,20.68
7259,20.68,20.68,20.68,20.68,20.68,20.68,20.68,20.68,20.68,20.68
7260,20.68,20.68,20.68,20.68,20.68,20.68,20.68,20.68,20.68,20.68
7261,20.68,20.68,20.68,20.68,20.68,20.68,20.68,20.68,20.68,20.68
7262,20.68,20.68,20.68,20.68,20.68,20.68,20.68,20.68,20.68,20.68
7263,20.68,20.68,20.68,20.68,20.68,20.68,20.68,20.68,20.68,20.68
7264,20.68,20.68,20.68,20.68,20.68,20.68,20.68,20.68,20.68,20.68
7265,20.68,20.68,20.68,20.68,20.68,20.68,20.68,20.68,20.68,20.68
7266,20.68,20.68,20.68,20.68,20.68,20.68,20.68,20.68,20.68,20.68
7267,20.68,20.68,20.68,20.68,20.68,20.68,20.68,20.68,20.68,20.68
7268,20.68,20.68,20.68,20.68,20.68,20.68,20.68,20.68,20.68,20.68
7269,20.68,20.68,20.68,20.68,20.68,20.68,20.68,20.68,20.68,20.68
7270,20.68,20.68,20.68,20.68,20.68,20.68,20.68,20.68,20.68,20.68
7271,20.68,20.68,20.68,20.68,20.68,20.68,20.68,20.68,20.68,20.68
7272,20.68,20.68,20.68,20.68,20.68,20.68,20.68,20.68,20.68,20.68
7273,20.68,20.68,20.68,20.68,20.68,20.68,20.68,20.68,20.68,20.68
7274,20.68,20.68,20.68,20.68,20.68,20.68,20.68,20.68,20.68,20.68
7275,20.68,20.68,20.68,20.68,20.68,20.68,20.68,20.68,20.68,20.68
7276,20.68,20.68,20.68,20.68,20.68,20.68,20.68,20.68,20.68,20.68
7277,20.68,20.68,20.68,20.68,20.68,20.68,20.68,20.68,20.68,20.68
7278,20.68,20.68,20.68,20.68,20.68,20.68,20.68,20.68,20.68,20.68
7279,20.68,20.68,20.68,20.68,20.68,20.68,20.68,20.68,20.68,20.68
7280,20.68,20.68,20.68,20.68,20.68,20.68,20.68,20.68,20.68,20.68
7281,20.68,20.68,20.68,20.68,20.68,20.68,20.68,20.68,20.68,20.68
7282,20.68,20.68,20.68,20.68,20.68,20.68,20.68,20.68,20.68,20.68
7283,20.68,20.68,20.68,20.68,20.68,20.68,20.68,20.68,20.68,20.68
7284,20.68,20.68,20.68,20.68,20.68,20.68,20.68,20.68,20.68,20.68
7285,20.68,20.68,20.68,20.68,20.68,20.68,20.68,20.68,20.68,20.68
7286,20.68,20.68,20.68,20.68,20.68,20.68,20.68,20.68,20.68,20.68
7287,20.68,20.68,20.68,20.68,20.68,20.68,20.68,20.68,20.68,20.68
7288,20.68,20.68,20.68,20.68,20.68,20.68,20.68,20.68,20.68,20.68
7289,20.68,20.68,20.68,20.68,20.68,20.68,20.68,20.68,20.68,20.68
7290,20.68,20.68,20.68,20.68,20.68,20.68,20.68,20.68,20.68,20.68
7291,20.68,20.68,20.68,20.68,20.68,20.68,20.68,20.68,20.68,20.68
7292,20.68,20.68,20.68,20.68,20.68,20.68,20.68,20.68,20.68,20.68
7293,20.68,20.68,20.68,20.68,20.68,20.68,20.68,20.68,20.68,20.68
7294,20.68,20.68,20.68,20.68,20.68,20.68,20.68,20.68,20.68,20.68
7295,20.68,20.68,20.68,20.68,20.68,20.68,20.68,20.68,20.68,20.68
7296,20.68,20.68,20.68,20.68,20.68,20.68,20.68,20.68,20.68,20.68
7297,20.68,20.68,20.68,20.68,20.68,20.68,20.68,20.68,20.68,20.68
7298,20.68,20.68,20.68,20.68,20.68,20.68,20.68,20.68,20.68,20.68
7299,20.68,20.68,20.68,20.68,20.68,20.68,20.68,20.68,20.68,20.68
7300,20.68,20.68,20.68,20.68,20.68,20.68,20.68,20.68,20.68,20.68
7301,20.68,20.68,20.68,20.68,20.68,20.68,20.68,20.68,20.68,20.68
7302,20.68,20.68,20.68,20.68,20.68,20.68,20.68,20.68,20.68,20.68
7303,20.68,20.68,20.68,20.68,20.68,20.68,20.68,20.68,20.68,20.68
7304,20.68,20.68,20.68,20.68,20.68,20.68,20.68,20.68,20.68,20.68
7305,20.68,20.68,20.68,20.68,20.68,20.68,20.68,20.68,20.68,20.68
7306,20.68,20.68,20.68,20.68,20.68,20.68,20.68,20.68,20.68,20.68
7307,20.68,20.68,20.68,20.68,20.68,20.68,20.68,20.68,20.68,20.68
7308,20.68,20.68,20.68,20.68,20.68,20.68,20.68,20.68,20.68,20.68
7309,20.68,20.68,20.68,20.68,20.68,20.68,20.68,20.68,20.68,20.68
7310,20.68,20.68,20.68,20.68,20.68,20.68,20.68,20.68,20.68,20.68
7311,20.68,20.68,20.68,20.68,20.68,20.68,20.68,20.68,20.68,20.68
7312,20.68,20.68,20.68,20.68,20.68,20.68,20.68,20.68,20.68,20.68
7313,20.68,20.68,20.68,20.68,20.68,20.68,20.68,20.68,20.68,20.68
7314,20.68,20.68,20.68,20.68,20.68,20.68,20.68,20.68,20.68,20.68
7315,20.68,20.68,20.68,20.68,20.68,20.68,20.68,20.68,20.68,20.68
7316,20.68,20.68,20.68,20.68,20.68,20.68,20.68,20.68,20.68,20.68
7317,20.68,20.68,20.68,20.68,20.68,20.68,20.68,20.68,20.68,20.68
7318,20.68,20.68,20.68,20.68,20.68,20.68,20.68,20.68,20.68,20.68
7319,20.68,20.68,20.68,20.68,20.68,20.68,20.68,20.68,20.68,20.68
7320,20.68,20.68,20.68,20.68,20.68,20.68,20.68,20.68,20.68,20.68
7321,20.68,20.68,20.68,20.68,20.68,20.68,20.68,20.68,20.68,20.68
7322,20.68,20.68,20.68,20.68,20.68,20.68,20.68,20.68,20.68,20.68
7323,20.68,20.68,20.68,20.68,20.68,20.68,20.68,20.68,20.68,20.68
7324,20.68,20.68,20.68,20.68,20.68,20.68,20.68,20.68,20.68,20.68
7325,20.68,20.68,20.68,20.68,20.68,20.68,20.68,20.68,20.68,20.68
7326,20.68,20.68,20.68,20.68,20.68,20.68,20.68,20.68,20.68,20.68
7327,20.68,20.68,20.68,20.68,20.68,20.68,20.68,20.68,20.68,20.68
7328,20.68,20.68,20.68,20.68,20.68,20.68,20.68,20.68,20.68,20.68
7329,20.68,20.68,20.68,20.68,20.68,20.68,20.68,20.68,20.68,20.68
7330,20.68,20.68,20.68,20.68,20.68,20.68,20.68,20.68,20.68,20.68
7331,20.68,20.68,20.68,20.68,20.68,20.68,20.68,20.68,20.68,20.68
7332,20.68,20.68,20.68,20.68,20.68,20.68,20.68,20.68,20.68,20.68
7333,20.68,20.68,20.68,20.68,20.68,20.68,20.68,20.68,20.68,20.68
7334,20.68,20.68,20.68,20.68,20.68,20.68,20.68,20.68,20.68,20.68
7335,20.68,20.68,20.68,20.68,20.68,20.68,20.68,20.68,20.68,20.68
7336,20.68,20.68,20.68,20.68,20.68,20.68,20.68,20.68,20.68,20.68
7337,20.68,20.68,20.68,20.68,20.68,20.68,20.68,20.68,20.68,20.68
7338,20.68,20.68,20.68,20.68,20.68,20.68,20.68,20.68,20.68,20.68
7339,20.68,20.68,20.68,20.68,20.68,20.68,20.68,20.68,20.68,20.68
7340,20.68,20.68,20.68,20.68,20.68,20.68,20.68,20.68,20.68,20.68
7341,20.68,20.68,20.68,20.68,20.68,20.68,20.68,20.68,20.68,20.68
7342,20.68,20.68,20.68,20.68,20.68,20.68,20.68,20.68,20.68,20.68
7343,20.68,20.68,20.68,20.68,20.68,20.68,20.68,20.68,20.68,20.68
7344,20.68,20.68,20.68,20.68,20.68,20.68,20.68,20.68,20.68,20.68
7345,20.68,20.68,20.68,20.68,20.68,20.68,20.68,20.68,20.68,20.68
7346,20.68,20.68,20.68,20.68,20.68,20.68,20.68,20.68,20.68,20.68
7347,20.68,20.68,20.68,20.68,20.68,20.68,20.68,20.68,20.68,20.68
7348,20.68,20.68,20.68,20.68,20.68,20.68,20.68,20.68,20.68,20.68
7349,20.68,20.68,20.68,20.68,20.68,20.68,20.68,20.68,20.68,20.68
7350,20.68,20.68,20.68,20.68,20.68,20.68,20.68,20.68,20.68,20.68
7351,20.68,20.68,20.68,20.68,20.68,20.68,20.68,20.68,20.68,20.68
7352,20.68,20.68,20.68,20.68,20.68,20.68,20.68,20.68,20.68,20.68
7353,20.68,20.68,20.68,20.68,20.68,20.68,20.68,20.68,20.68,20.68
7354,20.68,20.68,20.68,20.68,20.68,20.68,20.68,20.68,20.68,20.68
7355,20.68,20.68,20.68,20.68,20.68,20.68,20.68,20.68,20.68,20.68
7356,20.68,20.68,20.68,20.68,20.68,20.68,20.68,20.68,20.68,20.68
7357,20.68,20.68,20.68,20.68,20.68,20.68,20.68,20.68,20.68,20.68
7358,20.68,20.68,20.68,20.68,20.68,20.68,20.68,20.68,20.68,20.68
7359,20.68,20.68,20.68,20.68,20.68,20.68,20.68,20.68,20.68,20.68
7360,20.68,20.68,20.68,20.68,20.68,20.68,20.68,20.68,20.68,20.68
7361,20.68,20.68,20.68,20.68,20.68,20.68,20.68,20.68,20.68,20.68
7362,20.68,20.68,20.68,20.68,20.68,20.68,20.68,20.68,20.68,20.68
7363,20.68,20.68,20.68,20.68,20.68,20.68,20.68,20.68,20.68,20.68
7364,20.68,20.68,20.68,20.68,20.68,20.68,20.68,20.68,20.68,20.68
7365,20.68,20.68,20.68,20.68,20.68,20.68,20.68,20.68,20.68,20.68
7366,20.68,20.68,20.68,20.68,20.68,20.68,20.68,20.68,20.68,20.68
7367,20.68,20.68,20.68,20.68,20.68,20.68,20.68,20.68,20.68,20.68
7368,20.68,20.68,20.68,20.68,20.68,20.68,20.68,20.68,20.68,20.68
7369,20.68,20.68,20.68,20.68,20.68,20.68,20.68,20.68,20.68,20.68
7370,20.68,20.68,20.68,20.68,20.68,20.68,20.68,20.68,20.68,20.68
7371,20.68,20.68,20.68,20.68,20.68,20.68,20.68,20.68,20.68,20.68
7372,20.68,20.68,20.68,20.68,20.68,20.68,20.68,20.68,20.68,20.68
7373,20.68,20.68,20.68,20.68,20.68,20.68,20.68,20.68,20.68,20.68
7374,20.68,20.68,20.68,20.68,20.68,20.68,20.68,20.68,20.68,20.68
7375,20.68,20.68,20.68,20.68,20.68,20.68,20.68,20.68,20.68,20.68
7376,20.68,20.68,20.68,20.68,20.68,20.68,20.68,20.68,20.68,20.68
7377,20.68,20.68,20.68,20.68,20.68,20.68,20.68,20.68,20.68,20.68
7378,20.68,20.68,20.68,20.68,20.68,20.68,20.68,20.68,20.68,20.68
7379,20.68,20.68,20.68,20.68,20.68,20.68,20.68,20.68,20.68,20.68
7380,20.68,20.68,20.68,20.68,20.68,20.68,20.68,20.68,20.68,20.68
7381,20.68,20.68,20.68,20.68,20.68,20.68,20.68,20.68,20.68,20.68
7382,20.68,20.68,20.68,20.68,20.68,20.68,20.68,20.68,20.68,20.68
7383,20.68,20.68,20.68,20.68,20.68,20.68,20.68,20.68,20.68,20.68
7384,20.68,20.68,20.68,20.68,20.68,20.68,20.68,20.68,20.68,20.68
7385,20.68,20.68,20.68,20.68,20.68,20.68,20.68,20.68,20.68,20.68
7386,20.68,20.68,20.68,20.68,20.68,20.68,20.68,20.68,20.68,20.68
7387,20.68,20.68,20.68,20.68,20.68,20.68,20.68,20.68,20.68,20.68
7388,20.68,20.68,20.68,20.68,20.68,20.68,20.68,20.68,20.68,20.68
7389,20.68,20.68,20.68,20.68,20.68,20.68,20.68,20.68,20.68,20.68
7390,20.68,20.68,20.68,20.68,20.68,20.68,20.68,20.68,20.68,20.68
7391,20.68,20.68,20.68,20.68,20.68,20.68,20.68,20.68,20.68,20.68
7392,20.68,20.68,20.68,20.68,20.68,20.68,20.68,20.68,20.68,20.68
7393,20.68,20.68,20.68,20.68,20.68,20.68,20.68,20.68,20.68,20.68
7394,20.68,20.68,20.68,20.68,20.68,20.68,20.68,20.68,20.68,20.68
7395,20.68,20.68,20.68,20.68,20.68,20.68,20.68,20.68,20.68,20.68
7396,20.68,20.68,20.68,20.68,20.68,20.68,20.68,20.68,20.68,20.68
7397,20.68,20.68,20.68,20.68,20.68,20.68,20.68,20.68,20.68,20.68
7398,20.68,20.68,20.68,20.68,20.68,20.68,20.68,20.68,20.68,20.68
7399,20.68,20.68,20.68,20.68,20.68,20.68,20.68,20.68,20.68,20.68
7400,20.68,20.68,20.68,20.68,20.68,20.68,20.68,20.68,20.68,20.68
7401,20.68,20.68,20.68,20.68,20.68,20.68,20.68,20.68,20.68,20.68
7402,20.68,20.68,20.68,20.68,20.68,20.68,20.68,20.68,20.68,20.68
7403,20.68,20.68,20.68,20.68,20.68,20.68,20.68,20.68,20.68,20.68
7404,20.68,20.68,20.68,20.68,20.68,20.68,20.68,20.68,20.68,20.68
7405,20.68,20.68,20.68,20.68,20.68,20.68,20.68,20.68,20.68,20.68
7406,20.68,20.68,20.68,20.68,20.68,20.68,20.68,20.68,20.68,20.68
7407,20.68,20.68,20.68,20.68,20.68,20.68,20.68,20.68,20.68,20.68
7408,20.68,20.68,20.68,20.68,20.68,20.68,20.68,20.68,20.68,20.68
7409,20.68,20.68,20.68,20.68,20.68,20.68,20.68,20.68,20.68,20.68
7410,20.68,20.68,20.68,20.68,20.68,20.68,20.68,20.68,20.68,20.68
7411,20.68,20.68,20.68,20.68,20.68,20.68,20.68,20.68,20.68,20.68
7412,20.68,20.68,20.68,20.68,20.68,20.68,20.68,20.68,20.68,20.68
7413,20.68,20.68,20.68,20.68,20.68,20.68,20.68,20.68,20.68,20.68
7414,20.68,20.68,20.68,20.68,20.68,20.68,20.68,20.68,20.68,20.68
7415,20.68,20.68,20.68,20.68,20.68,20.68,20.68,20.68,20.68,20.68
7416,20.68,20.68,20.68,20.68,20.68,20.68,20.68,20.68,20.68,20.68
7417,20.68,20.68,20.68,20.68,20.68,20.68,20.68,20.68,20.68,20.68
7418,20.68,20.68,20.68,20.68,20.68,20.68,20.68,20.68,20.68,20.68
7419,20.68,20.68,20.68,20.68,20.68,20.68,20.68,20.68,20.68,20.68
7420,20.68,20.68,20.68,20.68,20.68,20.68,20.68,20.68,20.68,20.68
7421,20.68,20.68,20.68,20.68,20.68,20.68,20.68,20.68,20.68,20.68
7422,20.68,20.68,20.68,20.68,20.68,20.68,20.68,20.68,20.68,20.68
7423,20.68,20.68,20.68,20.68,20.68,20.68,20.68,20.68,20.68,20.68
7424,20.68,20.68,20.68,20.68,20.68,20.68,20.68,20.68,20.68,20.68
7425,20.68,20.68,20.68,20.68,20.68,20.68,20.68,20.68,20.68,20.68
7426,20.68,20.68,20.68,20.68,20.68,20.68,20.68,20.68,20.68,20.68
7427,20.68,20.68,20.68,20.68,20.68,20.68,20.68,20.68,20.68,20.68
7428,20.68,20.68,20.68,20.68,20.68,20.68,20.68,20.68,20.68,20.68
7429,20.68,20.68,20.68,20.68,20.68,20.68,20.68,20.68,20.68,20.68
7430,20.68,20.68,20.68,20.68,20.68,20.68,20.68,20.68,20.68,20.68
7431,20.68,20.68,20.68,20.68,20.68,20.68,20.68,20.68,20.68,20.68
7432,20.68,20.68,20.68,20.68,20.68,20.68,20.68,20.68,20.68,20.68
7433,20.68,20.68,20.68,20.68,20.68,20.68,20.68,20.68,20.68,20.68
7434,20.68,20.68,20.68,20.68,20.68,20.68,20.68,20.68,20.68,20.68
7435,20.68,20.68,20.68,20.68,20.68,20.68,20.68,20.68,20.68,20.68
7436,20.68,20.68,20.68,20.68,20.68,20.68,20.68,20.68,20.68,20.68
7437,20.68,20.68,20.68,20.68,20.68,20.68,20.68,20.68,20.68,20.68
7438,20.68,20.68,20.68,20.68,20.68,20.68,20.68,20.68,20.68,20.68
7439,20.68,20.68,20.68,20.68,20.68,20.68,20.68,20.68,20.68,20.68
7440,20.68,20.68,20.68,20.68,20.68,20.68,20.68,20.68,20.68,20.68
7441,20.68,20.68,20.68,20.68,20.68,20.68,20.68,20.68,20.68,20.68
7442,20.68,20.68,20.68,20.68,20.68,20.68,20.68,20.68,20.68,20.68
7443,20.68,20.68,20.68,20.68,20.68,20.68,20.68,20.68,20.68,20.68
7444,20.68,20.68,20.68,20.68,20.68,20.68,20.68,20.68,20.68,20.68
7445,20.68,20.68,20.68,20.68,20.68,20.68,20.68,20.68,20.68,20.68
7446,20.68,20.68,20.68,20.68,20.68,20.68,20.68,20.68,20.68,20.68
7447,20.68,20.68,20.68,20.68,20.68,20.68,20.68,20.68,20.68,20.68
7448,20.68,20.68,20.68,20.68,20.68,20.68,20.68,20.68,20.68,20.68
7449,20.68,20.68,20.68,20.68,20.68,20.68,20.68,20.68,20.68,20.68
7450,20.68,20.68,20.68,20.68,20.68,20.68,20.68,20.68,20.68,20.68
7451,20.68,20.68,20.68,20.68,20.68,20.68,20.68,20.68,20.68,20.68
7452,20.68,20.68,20.68,20.68,20.68,20.68,20.68,20.68,20.68,20.68
7453,20.68,20.68,20.68,20.68,20.68,20.68,20.68,20.68,20.68,20.68
7454,20.68,20.68,20.68,20.68,20.68,20.68,20.68,20.68,20.68,20.68
7455,20.68,20.68,20.68,20.68,20.68,20.68,20.68,20.68,20.68,20.68
7456,20.68,20.68,20.68,20.68,20.68,20.68,20.68,20.68,20.68,20.68
7457,20.68,20.68,20.68,20.68,20.68,20.68,20.68,20.68,20.68,20.68
7458,20.68,20.68,20.68,20.68,20.68,20.68,20.68,20.68,20.68,20.68
7459,20.68,20.68,20.68,20.68,20.68,20.68,20.68,20.68,20.68,20.68
7460,20.68,20.68,20.68,20.68,20.68,20.68,20.68,20.68,20.68,20.68
7461,20.68,20.68,20.68,20.68,20.68,20.68,20.68,20.68,20.68,20.68
7462,20.68,20.68,20.68,20.68,20.68,20.68,20.68,20.68,20.68,20.68
7463,20.68,20.68,20.68,20.68,20.68,20.68,20.68,20.68,20.68,20.68
7464,20.68,20.68,20.68,20.68,20.68,20.68,20.68,20.68,20.68,20.68
7465,20.68,20.68,20.68,20.68,20.68,20.68,20.68,20.68,20.68,20.68
7466,20.68,20.68,20.68,20.68,20.68,20.68,20.68,20.68,20.68,20.68
7467,20.68,20.68,20.68,20.68,20.68,20.68,20.68,20.68,20.68,20.68
7468,20.68,20.68,20.68,20.68,20.68,20.68,20.68,20.68,20.68,20.68
7469,20.68,20.68,20.68,20.68,20.68,20.68,20.68,20.68,20.68,20.68
7470,20.68,20.68,20.68,20.68,20.68,20.68,20.68,20.68,20.68,20.68
7471,20.68,20.68,20.68,20.68,20.68,20.68,20.68,20.68,20.68,20.68
7472,20.68,20.68,20.68,20.68,20.68,20.68,20.68,20.68,20.68,20.68
7473,20.68,20.68,20.68,20.68,20.68,20.68,20.68,20.68,20.68,20.68
7474,20.68,20.68,20.68,20.68,20.68,20.68,20.68,20.68,20.68,20.68
7475,20.68,20.68,20.68,20.68,20.68,20.68,20.68,20.68,20.68,20.68
7476,20.68,20.68,20.68,20.68,20.68,20.68,20.68,20.68,20.68,20.68
7477,20.68,20.68,20.68,20.68,20.68,20.68,20.68,20.68,20.68,20.68
7478,20.68,20.68,20.68,20.68,20.68,20.68,20.68,20.68,20.68,20.68
7479,20.68,20.68,20.68,20.68,20.68,20.68,20.68,20.68,20.68,20.68
7480,20.68,20.68,20.68,20.68,20.68,20.68,20.68,20.68,20.68,20.68
7481,20.68,20.68,20.68,20.68,20.68,20.68,20.68,20.68,20.68,20.68
7482,20.68,20.68,20.68,20.68,20.68,20.68,20.68,20.68,20.68,20.68
7483,20.68,20.68,20.68,20.68,20.68,20.68,20.68,20.68,20.68,20.68
7484,20.68,20.68,20.68,20.68,20.68,20.68,20.68,20.68,20.68,20.68
7485,20.68,20.68,20.68,20.68,20.68,20.68,20.68,20.68,20.68,20.68
7486,20.68,20.68,20.68,20.68,20.68,20.68,20.68,20.68,20.68,20.68
7487,20.68,20.68,20.68,20.68,20.68,20.68,20.68,20.68,20.68,20.68
7488,20.68,20.68,20.68,20.68,20.68,20.68,20.68,20.68,20.68,20.68
7489,20.68,20.68,20.68,20.68,20.68,20.68,20.68,20.68,20.68,20.68
7490,20.68,20.68,20.68,20.68,20.68,20.68,20.68,20.68,20.68,20.68
7491,20.68,20.68,20.68,20.68,20.68,20.68,20.68,20.68,20.68,20.68
7492,20.68,20.68,20.68,20.68,20.68,20.68,20.68,20.68,20.68,20.68
7493,20.68,20.68,20.68,20.68,20.68,20.68,20.68,20.68,20.68,20.68
7494,20.68,20.68,20.68,20.68,20.68,20.68,20.68,20.68,20.68,20.68
7495,20.68,20.68,20.68,20.68,20.68,20.68,20.68,20.68,20.68,20.68
7496,20.68,20.68,20.68,20.68,20.68,20.68,20.68,20.68,20.68,20.68
7497,20.68,20.68,20.68,20.68,20.68,20.68,20.68,20.68,20.68,20.68
7498,20.68,20.68,20.68,20.68,20.68,20.68,20.68,20.68,20.68,20.68
7499,20.68,20.68,20.68,20.68,20.68,20.68,20.68,20.68,20.68,20.68
7500,20.68,20.68,20.68,20.68,20.68,20.68,20.68,20.68,20.68,20.68
7501,20.68,20.68,20.68,20.68,20.68,20.68,20.68,20.68,20.68,20.68
7502,20.68,20.68,20.68,20.68,20.68,20.68,20.68,20.68,20.68,20.68
7503,20.68,20.68,20.68,20.68,20.68,20.68,20.68,20.68,20.68,20.68
7504,20.68,20.68,20.68,20.68,20.68,20.68,20.68,20.68,20.68,20.68
7505,20.68,20.68,20.68,20.68,20.68,20.68,20.68,20.68,20.68,20.68
7506,20.68,20.68,20.68,20.68,20.68,20.68,20.68,20.68,20.68,20.68
7507,20.68,20.68,20.68,20.68,20.68,20.68,20.68,20.68,20.68,20.68
7508,20.68,20.68,20.68,20.68,20.68,20.68,20.68,20.68,20.68,20.68
7509,20.68,20.68,20.68,20.68,20.68,20.68,20.68,20.68,20.68,20.68
7510,20.68,20.68,20.68,20.68,20.68,20.68,20.68,20.68,20.68,20.68
7511,20.68,20.68,20.68,20.68,20.68,20.68,20.68,20.68,20.68,20.68
7512,20.68,20.68,20.68,20.68,20.68,20.68,20.68,20.68,20.68,20.68
7513,20.68,20.68,20.68,20.68,20.68,20.68,20.68,20.68,20.68,20.68
7514,20.68,20.68,20.68,20.68,20.68,20.68,20.68,20.68,20.68,20.68
7515,20.68,20.68,20.68,20.68,20.68,20.68,20.68,20.68,20.68,20.68
7516,20.68,20.68,20.68,20.68,20.68,20.68,20.68,20.68,20.68,20.68
7517,20.68,20.68,20.68,20.68,20.68,20.68,20.68,20.68,20.68,20.68
7518,20.68,20.68,20.68,20.68,20.68,20.68,20.68,20.68,20.68,20.68
7519,20.68,20.68,20.68,20.68,20.68,20.68,20.68,20.68,20.68,20.68
7520,20.68,20.68,20.68,20.68,20.68,20.68,20.68,20.68,20.68,20.68
7521,20.68,20.68,20.68,20.68,20.68,20.68,20.68,20.68,20.68,20.68
7522,20.68,20.68,20.68,20.68,20.68,20.68,20.68,20.68,20.68,20.68
7523,20.68,20.68,20.68,20.68,20.68,20.68,20.68,20.68,20.68,20.68
7524,20.68,20.68,20.68,20.68,20.68,20.68,20.68,20.68,20.68,20.68
7525,20.68,20.68,20.68,20.68,20.68,20.68,20.68,20.68,20.68,20.68
7526,20.68,20.68,20.68,20.68,20.68,20.68,20.68,20.68,20.68,20.68
7527,20.68,20.68,20.68,20.68,20.68,20.68,20.68,20.68,20.68,20.68
7528,20.68,20.68,20.68,20.68,20.68,20.68,20.68,20.68,20.68,20.68
7529,20.68,20.68,20.68,20.68,20.68,20.68,20.68,20.68,20.68,20.68
7530,20.68,20.68,20.68,20.68,20.68,20.68,20.68,20.68,20.68,20.68
7531,20.68,20.68,20.68,20.68,20.68,20.68,20.68,20.68,20.68,20.68
7532,20.68,20.68,20.68,20.68,20.68,20.68,20.68,20.68,20.68,20.68
7533,20.68,20.68,20.68,20.68,20.68,20.68,20.68,20.68,20.68,20.68
7534,20.68,20.68,20.68,20.68,20.68,20.68,20.68,20.68,20.68,20.68
7535,20.68,20.68,20.68,20.68,20.68,20.68,20.68,20.68,20.68,20.68
7536,20.68,20.68,20.68,20.68,20.68,20.68,20.68,20.68,20.68,20.68
7537,20.68,20.68,20.68,20.68,20.68,20.68,20.68,20.68,20.68,20.68
7538,20.68,20.68,20.68,20.68,20.68,20.68,20.68,20.68,20.68,20.68
7539,20.68,20.68,20.68,20.68,20.68,20.68,20.68,20.68,20.68,20.68
7540,20.68,20.68,20.68,20.68,20.68,20.68,20.68,20.68,20.68,20.68
7541,20.68,20.68,20.68,20.68,20.68,20.68,20.68,20.68,20.68,20.68
7542,20.68,20.68,20.68,20.68,20.68,20.68,20.68,20.68,20.68,20.68
7543,20.68,20.68,20.68,20.68,20.68,20.68,20.68,20.68,20.68,20.68
7544,20.68,20.68,20.68,20.68,20.68,20.68,20.68,20.68,20.68,20.68
7545,20.68,20.68,20.68,20.68,20.68,20.68,20.68,20.68,20.68,20.68
7546,20.68,20.68,20.68,20.68,20.68,20.68,20.68,20.68,20.68,20.68
7547,20.68,20.68,20.68,20.68,20.68,20.68,20.68,20.68,20.68,20.68
7548,20.68,20.68,20.68,20.68,20.68,20.68,20.68,20.68,20.68,20.68
7549,20.68,20.68,20.68,20.68,20.68,20.68,20.68,20.68,20.68,20.68
7550,20.68,20.68,20.68,20.68,20.68,20.68,20.68,20.68,20.68,20.68
7551,20.68,20.68,20.68,20.68,20.68,20.68,20.68,20.68,20.68,20.68
7552,20.68,20.68,20.68,20.68,20.68,20.68,20.68,20.68,20.68,20.68
7553,20.68,20.68,20.68,20.68,20.68,20.68,20.68,20.68,20.68,20.68
7554,20.68,20.68,20.68,20.68,20.68,20.68,20.68,20.68,20.68,20.68
7555,20.68,20.68,20.68,20.68,20.68,20.68,20.68,20.68,20.68,20.68
7556,20.68,20.68,20.68,20.68,20.68,20.68,20.68,20.68,20.68,20.68
7557,20.68,20.68,20.68,20.68,20.68,20.68,20.68,20.68,20.68,20.68
7558,20.68,20.68,20.68,20.68,20.68,20.68,20.68,20.68,20.68,20.68
7559,20.68,20.68,20.68,20.68,20.68,20.68,20.68,20.68,20.68,20.68
7560,20.68,20.68,20.68,20.68,20.68,20.68,20.68,20.68,20.68,20.68
7561,20.68,20.68,20.68,20.68,20.68,20.68,20.68,20.68,20.68,20.68
7562,20.68,20.68,20.68,20.68,20.68,20.68,20.68,20.68,20.68,20.68
7563,20.68,20.68,20.68,20.68,20.68,20.68,20.68,20.68,20.68,20.68
7564,20.68,20.68,20.68,20.68,20.68,20.68,20.68,20.68,20.68,20.68
7565,20.68,20.68,20.68,20.68,20.68,20.68,20.68,20.68,20.68,20.68
7566,20.68,20.68,20.68,20.68,20.68,20.68,20.68,20.68,20.68,20.68
7567,20.68,20.68,20.68,20.68,20.68,20.68,20.68,20.68,20.68,20.68
7568,20.68,20.68,20.68,20.68,20.68,20.68,20.68,20.68,20.68,20.68
7569,20.68,20.68,20.68,20.68,20.68,20.68,20.68,20.68,20.68,20.68
7570,20.68,20.68,20.68,20.68,20.68,20.68,20.68,20.68,20.68,20.68
7571,20.68,20.68,20.68,20.68,20.68,20.68,20.68,20.68,20.68,20.68
7572,20.68,20.68,20.68,20.68,20.68,20.68,20.68,20.68,20.68,20.68
7573,20.68,20.68,20.68,20.68,20.68,20.68,20.68,20.68,20.68,20.68
7574,20.68,20.68,20.68,20.68,20.68,20.68,20.68,20.68,20.68,20.68
7575,20.68,20.68,20.68,20.68,20.68,20.68,20.68,20.68,20.68,20.68
7576,20.68,20.68,20.68,20.68,20.68,20.68,20.68,20.68,20.68,20.68
7577,20.68,20.68,20.68,20.68,20.68,20.68,20.68,20.68,20.68,20.68
7578,20.68,20.68,20.68,20.68,20.68,20.68,20.68,20.68,20.68,20.68
7579,20.68,20.68,20.68,20.68,20.68,20.68,20.68,20.68,20.68,20.68
7580,20.68,20.68,20.68,20.68,20.68,20.68,20.68,20.68,20.68,20.68
7581,20.68,20.68,20.68,20.68,20.68,20.68,20.68,20.68,20.68,20.68
7582,20.68,20.68,20.68,20.68,20.68,20.68,20.68,20.68,20.68,20.68
7583,20.68,20.68,20.68,20.68,20.68,20.68,20.68,20.68,20.68,20.68
7584,20.68,20.68,20.68,20.68,20.68,20.68,20.68,20.68,20.68,20.68
7585,20.68,20.68,20.68,20.68,20.68,20.68,20.68,20.68,20.68,20.68
7586,20.68,20.68,20.68,20.68,20.68,20.68,20.68,20.68,20.68,20.68
7587,20.68,20.68,20.68,20.68,20.68,20.68,20.68,20.68,20.68,20.68
7588,20.68,20.68,20.68,20.68,20.68,20.68,20.68,20.68,20.68,20.68
7589,20.68,20.68,20.68,20.68,20.68,20.68,20.68,20.68,20.68,20.68
7590,20.68,20.68,20.68,20.68,20.68,20.68,20.68,20.68,20.68,20.68
7591,20.68,20.68,20.68,20.68,20.68,20.68,20.68,20.68,20.68,20.68
7592,20.68,20.68,20.68,20.68,20.68,20.68,20.68,20.68,20.68,20.68
7593,20.68,20.68,20.68,20.68,20.68,20.68,20.68,20.68,20.68,20.68
7594,20.68,20.68,20.68,20.68,20.68,20.68,20.68,20.68,20.68,20.68
7595,20.68,20.68,20.68,20.68,20.68,20.68,20.68,20.68,20.68,20.68
7596,20.68,20.68,20.68,20.68,20.68,20.68,20.68,20.68,20.68,20.68
7597,20.68,20.68,20.68,20.68,20.68,20.68,20.68,20.68,20.68,20.68
7598,20.68,20.68,20.68,20.68,20.68,20.68,20.68,20.68,20.68,20.68
7599,20.68,20.68,20.68,20.68,20.68,20.68,20.68,20.68,20.68,20.68
7600,20.68,20.68,20.68,20.68,20.68,20.68,20.68,20.68,20.68,20.68
7601,20.68,20.68,20.68,20.68,20.68,20.68,20.68,20.68,20.68,20.68
7602,20.68,20.68,20.68,20.68,20.68,20.68,20.68,20.68,20.68,20.68
7603,20.68,20.68,20.68,20.68,20.68,20.68,20.68,20.68,20.68,20.68
7604,20.68,20.68,20.68,20.68,20.68,20.68,20.68,20.68,20.68,20.68
7605,20.68,20.68,20.68,20.68,20.68,20.68,20.68,20.68,20.68,20.68
7606,20.68,20.68,20.68,20.68,20.68,20.68,20.68,20.68,20.68,20.68
7607,20.68,20.68,20.68,20.68,20.68,20.68,20.68,20.68,20.68,20.68
7608,20.68,20.68,20.68,20.68,20.68,20.68,20.68,20.68,20.68,20.68
7609,20.68,20.68,20.68,20.68,20.68,20.68,20.68,20.68,20.68,20.68
7610,20.68,20.68,20.68,20.68,20.68,20.68,20.68,20.68,20.68,20.68
7611,20.68,20.68,20.68,20.68,20.68,20.68,20.68,20.68,20.68,20.68
7612,20.68,20.68,20.68,20.68,20.68,20.68,20.68,20.68,20.68,20.68
7613,20.68,20.68,20.68,20.68,20.68,20.68,20.68,20.68,20.68,20.68
7614,20.68,20.68,20.68,20.68,20.68,20.68,20.68,20.68,20.68,20.68
7615,20.68,20.68,20.68,20.68,20.68,20.68,20.68,20.68,20.68,20.68
7616,20.68,20.68,20.68,20.68,20.68,20.68,20.68,20.68,20.68,20.68
7617,20.68,20.68,20.68,20.68,20.68,20.68,20.68,20.68,20.68,20.68
7618,20.68,20.68,20.68,20.68,20.68,20.68,20.68,20.68,20.68,20.68
7619,20.68,20.68,20.68,20.68,20.68,20.68,20.68,20.68,20.68,20.68
7620,20.68,20.68,20.68,20.68,20.68,20.68,20.68,20.68,20.68,20.68
7621,20.68,20.68,20.68,20.68,20.68,20.68,20.68,20.68,20.68,20.68
7622,20.68,20.68,20.68,20.68,20.68,20.68,20.68,20.68,20.68,20.68
7623,20.68,20.68,20.68,20.68,20.68,20.68,20.68,20.68,20.68,20.68
7624,20.68,20.68,20.68,20.68,20.68,20.68,20.68,20.68,20.68,20.68
7625,20.68,20.68,20.68,20.68,20.68,20.68,20.68,20.68,20.68,20.68
7626,20.68,20.68,20.68,20.68,20.68,20.68,20.68,20.68,20.68,20.68
7627,20.68,20.68,20.68,20.68,20.68,20.68,20.68,20.68,20.68,20.68
7628,20.68,20.68,20.68,20.68,20.68,20.68,20.68,20.68,20.68,20.68
7629,20.68,20.68,20.68,20.68,20.68,20.68,20.68,20.68,20.68,20.68
7630,20.68,20.68,20.68,20.68,20.68,20.68,20.68,20.68,20.68,20.68
7631,20.68,20.68,20.68,20.68,20.68,20.68,20.68,20.68,20.68,20.68
7632,20.68,20.68,20.68,20.68,20.68,20.68,20.68,20.68,20.68,20.68
7633,20.68,20.68,20.68,20.68,20.68,20.68,20.68,20.68,20.68,20.68
7634,20.68,20.68,20.68,20.68,20.68,20.68,20.68,20.68,20.68,20.68
7635,20.68,20.68,20.68,20.68,20.68,20.68,20.68,20.68,20.68,20.68
7636,20.68,20.68,20.68,20.68,20.68,20.68,20.68,20.68,20.68,20.68
7637,20.68,20.68,20.68,20.68,20.68,20.68,20.68,20.68,20.68,20.68
7638,20.68,20.68,20.68,20.68,20.68,20.68,20.68,20.68,20.68,20.68
7639,20.68,20.68,20.68,20.68,20.68,20.68,20.68,20.68,20.68,20.68
7640,20.68,20.68,20.68,20.68,20.68,20.68,20.68,20.68,20.68,20.68
7641,20.68,20.68,20.68,20.68,20.68,20.68,20.68,20.68,20.68,20.68
7642,20.68,20.68,20.68,20.68,20.68,20.68,20.68,20.68,20.68,20.68
7643,20.68,20.68,20.68,20.68,20.68,20.68,20.68,20.68,20.68,20.68
7644,20.68,20.68,20.68,20.68,20.68,20.68,20.68,20.68,20.68,20.68
7645,20.68,20.68,20.68,20.68,20.68,20.68,20.68,20.68,20.68,20.68
7646,20.68,20.68,20.68,20.68,20.68,20.68,20.68,20.68,20.68,20.68
7647,20.68,20.68,20.68,20.68,20.68,20.68,20.68,20.68,20.68,20.68
7648,20.68,20.68,20.68,20.68,20.68,20.68,20.68,20.68,20.68,20.68
7649,20.68,20.68,20.68,20.68,20.68,20.68,20.68,20.68,20.68,20.68
7650,20.68,20.68,20.68,20.68,20.68,20.68,20.68,20.68,20.68,20.68
7651,20.68,20.68,20.68,20.68,20.68,20.68,20.68,20.68,20.68,20.68
7652,20.68,20.68,20.68,20.68,20.68,20.68,20.68,20.68,20.68,20.68
7653,20.68,20.68,20.68,20.68,20.68,20.68,20.68,20.68,20.68,20.68
7654,20.68,20.68,20.68,20.68,20.68,20.68,20.68,20.68,20.68,20.68
7655,20.68,20.68,20.68,20.68,20.68,20.68,20.68,20.68,20.68,20.68
7656,20.68,20.68,20.68,20.68,20.68,20.68,20.68,20.68,20.68,20.68
7657,20.68,20.68,20.68,20.68,20.68,20.68,20.68,20.68,20.68,20.68
7658,20.68,20.68,20.68,20.68,20.68,20.68,20.68,20.68,20.68,20.68
7659,20.68,20.68,20.68,20.68,20.68,20.68,20.68,20.68,20.68,20.68
7660,20.68,20.68,20.68,20.68,20.68,20.68,20.68,20.68,20.68,20.68
7661,20.68,20.68,20.68,20.68,20.68,20.68,20.68,20.68,20.68,20.68
7662,20.68,20.68,20.68,20.68,20.68,20.68,20.68,20.68,20.68,20.68
7663,20.68,20.68,20.68,20.68,20.68,20.68,20.68,20.68,20.68,20.68
7664,20.68,20.68,20.68,20.68,20.68,20.68,20.68,20.68,20.68,20.68
7665,20.68,20.68,20.68,20.68,20.68,20.68,20.68,20.68,20.68,20.68
7666,20.68,20.68,20.68,20.68,20.68,20.68,20.68,20.68,20.68,20.68
7667,20.68,20.68,20.68,20.68,20.68,20.68,20.68,20.68,20.68,20.68
7668,20.68,20.68,20.68,20.68,20.68,20.68,20.68,20.68,20.68,20.68
7669,20.68,20.68,20.68,20.68,20.68,20.68,20.68,20.68,20.68,20.68
7670,20.68,20.68,20.68,20.68,20.68,20.68,20.68,20.68,20.68,20.68
7671,20.68,20.68,20.68,20.68,20.68,20.68,20.68,20.68,20.68,20.68
7672,20.68,20.68,20.68,20.68,20.68,20.68,20.68,20.68,20.68,20.68
7673,20.68,20.68,20.68,20.68,20.68,20.68,20.68,20.68,20.68,20.68
7674,20.68,20.68,20.68,20.68,20.68,20.68,20.68,20.68,20.68,20.68
7675,20.68,20.68,20.68,20.68,20.68,20.68,20.68,20.68,20.68,20.68
7676,20.68,20.68,20.68,20.68,20.68,20.68,20.68,20.68,20.68,20.68
7677,20.68,20.68,20.68,20.68,20.68,20.68,20.68,20.68,20.68,20.68
7678,20.68,20.68,20.68,20.68,20.68,20.68,20.68,20.68,20.68,20.68
7679,20.68,20.68,20.68,20.68,20.68,20.68,20.68,20.68,20.68,20.68
7680,20.68,20.68,20.68,20.68,20.68,20.68,20.68,20.68,20.68,20.68
7681,20.68,20.68,20.68,20.68,20.68,20.68,20.68,20.68,20.68,20.68
7682,20.68,20.68,20.68,20.68,20.68,20.68,20.68,20.68,20.68,20.68
7683,20.68,20.68,20.68,20.68,20.68,20.68,20.68,20.68,20.68,20.68
7684,20.68,20.68,20.68,20.68,20.68,20.68,20.68,20.68,20.68,20.68
7685,20.68,20.68,20.68,20.68,20.68,20.68,20.68,20.68,20.68,20.68
7686,20.68,20.68,20.68,20.68,20.68,20.68,20.68,20.68,20.68,20.68
7687,20.68,20.68,20.68,20.68,20.68,20.68,20.68,20.68,20.68,20.68
7688,20.68,20.68,20.68,20.68,20.68,20.68,20.68,20.68,20.68,20.68
7689,20.68,20.68,20.68,20.68,20.68,20.68,20.68,20.68,20.68,20.68
7690,20.68,20.68,20.68,20.68,20.68,20.68,20.68,20.68,20.68,20.68
7691,20.68,20.68,20.68,20.68,20.68,20.68,20.68,20.68,20.68,20.68
7692,20.68,20.68,20.68,20.68,20.68,20.68,20.68,20.68,20.68,20.68
7693,20.68,20.68,20.68,20.68,20.68,20.68,20.68,20.68,20.68,20.68
7694,20.68,20.68,20.68,20.68,20.68,20.68,20.68,20.68,20.68,20.68
7695,20.68,20.68,20.68,20.68,20.68,20.68,20.68,20.68,20.68,20.68
7696,20.68,20.68,20.68,20.68,20.68,20.68,20.68,20.68,20.68,20.68
7697,20.68,20.68,20.68,20.68,20.68,20.68,20.68,20.68,20.68,20.68
7698,20.68,20.68,20.68,20.68,20.68,20.68,20.68,20.68,20.68,20.68
7699,20.68,20.68,20.68,20.68,20.68,20.68,20.68,20.68,20.68,20.68
7700,20.68,20.68,20.68,20.68,20.68,20.68,20.68,20.68,20.68,20.68
7701,20.68,20.68,20.68,20.68,20.68,20.68,20.68,20.68,20.68,20.68
7702,20.68,20.68,20.68,20.68,20.68,20.68,20.68,20.68,20.68,20.68
7703,20.68,20.68,20.68,20.68,20.68,20.68,20.68,20.68,20.68,20.68
7704,20.68,20.68,20.68,20.68,20.68,20.68,20.68,20.68,20.68,20.68
7705,20.68,20.68,20.68,20.68,20.68,20.68,20.68,20.68,20.68,20.68
7706,20.68,20.68,20.68,20.68,20.68,20.68,20.68,20.68,20.68,20.68
7707,20.68,20.68,20.68,20.68,20.68,20.68,20.68,20.68,20.68,20.68
7708,20.68,20.68,20.68,20.68,20.68,20.68,20.68,20.68,20.68,20.68
7709,20.68,20.68,20.68,20.68,20.68,20.68,20.68,20.68,20.68,20.68
7710,20.68,20.68,20.68,20.68,20.68,20.68,20.68,20.68,20.68,20.68
7711,20.68,20.68,20.68,20.68,20.68,20.68,20.68,20.68,20.68,20.68
7712,20.68,20.68,20.68,20.68,20.68,20.68,20.68,20.68,20.68,20.68
7713,20.68,20.68,20.68,20.68,20.68,20.68,20.68,20.68,20.68,20.68
7714,20.68,20.68,20.68,20.68,20.68,20.68,20.68,20.68,20.68,20.68
7715,20.68,20.68,20.68,20.68,20.68,20.68,20.68,20.68,20.68,20.68
7716,20.68,20.68,20.68,20.68,20.68,20.68,20.68,20.68,20.68,20.68
7717,20.68,20.68,20.68,20.68,20.68,20.68,20.68,20.68,20.68,20.68
7718,20.68,20.68,20.68,20.68,20.68,20.68,20.68,20.68,20.68,20.68
7719,20.68,20.68,20.68,20.68,20.68,20.68,20.68,20.68,20.68,20.68
7720,20.68,20.68,20.68,20.68,20.68,20.68,20.68,20.68,20.68,20.68
7721,20.68,20.68,20.68,20.68,20.68,20.68,20.68,20.68,20.68,20.68
7722,20.68,20.68,20.68,20.68,20.68,20.68,20.68,20.68,20.68,20.68
7723,20.68,20.68,20.68,20.68,20.68,20.68,20.68,20.68,20.68,20.68
7724,20.68,20.68,20.68,20.68,20.68,20.68,20.68,20.68,20.68,20.68
7725,20.68,20.68,20.68,20.68,20.68,20.68,20.68,20.68,20.68,20.68
7726,20.68,20.68,20.68,20.68,20.68,20.68,20.68,20.68,20.68,20.68
7727,20.68,20.68,20.68,20.68,20.68,20.68,20.68,20.68,20.68,20.68
7728,20.68,20.68,20.68,20.68,20.68,20.68,20.68,20.68,20.68,20.68
7729,20.68,20.68,20.68,20.68,20.68,20.68,20.68,20.68,20.68,20.68
7730,20.68,20.68,20.68,20.68,20.68,20.68,20.68,20.68,20.68,20.68
7731,20.68,20.68,20.68,20.68,20.68,20.68,20.68,20.68,20.68,20.68
7732,20.68,20.68,20.68,20.68,20.68,20.68,20.68,20.68,20.68,20.68
7733,20.68,20.68,20.68,20.68,20.68,20.68,20.68,20.68,20.68,20.68
7734,20.68,20.68,20.68,20.68,20.68,20.68,20.68,20.68,20.68,20.68
7735,20.68,20.68,20.68,20.68,20.68,20.68,20.68,20.68,20.68,20.68
7736,20.68,20.68,20.68,20.68,20.68,20.68,20.68,20.68,20.68,20.68
7737,20.68,20.68,20.68,20.68,20.68,20.68,20.68,20.68,20.68,20.68
7738,20.68,20.68,20.68,20.68,20.68,20.68,20.68,20.68,20.68,20.68
7739,20.68,20.68,20.68,20.68,20.68,20.68,20.68,20.68,20.68,20.68
7740,20.68,20.68,20.68,20.68,20.68,20.68,20.68,20.68,20.68,20.68
7741,20.68,20.68,20.68,20.68,20.68,20.68,20.68,20.68,20.68,20.68
7742,20.68,20.68,20.68,20.68,20.68,20.68,20.68,20.68,20.68,20.68
7743,20.68,20.68,20.68,20.68,20.68,20.68,20.68,20.68,20.68,20.68
7744,20.68,20.68,20.68,20.68,20.68,20.68,20.68,20.68,20.68,20.68
7745,20.68,20.68,20.68,20.68,20.68,20.68,20.68,20.68,20.68,20.68
7746,20.68,20.68,20.68,20.68,20.68,20.68,20.68,20.68,20.68,20.68
7747,20.68,20.68,20.68,20.68,20.68,20.68,20.68,20.68,20.68,20.68
7748,20.68,20.68,20.68,20.68,20.68,20.68,20.68,20.68,20.68,20.68
7749,20.68,20.68,20.68,20.68,20.68,20.68,20.68,20.68,20.68,20.68
7750,20.68,20.68,20.68,20.68,20.68,20.68,20.68,20.68,20.68,20.68
7751,20.68,20.68,20.68,20.68,20.68,20.68,20.68,20.68,20.68,20.68
7752,20.68,20.68,20.68,20.68,20.68,20.68,20.68,20.68,20.68,20.68
7753,20.68,20.68,20.68,20.68,20.68,20.68,20.68,20.68,20.68,20.68
7754,20.68,20.68,20.68,20.68,20.68,20.68,20.68,20.68,20.68,20.68
7755,20.68,20.68,20.68,20.68,20.68,20.68,20.68,20.68,20.68,20.68
7756,20.68,20.68,20.68,20.68,20.68,20.68,20.68,20.68,20.68,20.68
7757,20.68,20.68,20.68,20.68,20.68,20.68,20.68,20.68,20.68,20.68
7758,20.68,20.68,20.68,20.68,20.68,20.68,20.68,20.68,20.68,20.68
7759,20.68,20.68,20.68,20.68,20.68,20.68,20.68,20.68,20.68,20.68
7760,20.68,20.68,20.68,20.68,20.68,20.68,20.68,20.68,20.68,20.68
7761,20.68,20.68,20.68,20.68,20.68,20.68,20.68,20.68,20.68,20.68
7762,20.68,20.68,20.68,20.68,20.68,20.68,20.68,20.68,20.68,20.68
7763,20.68,20.68,20.68,20.68,20.68,20.68,20.68,20.68,20.68,20.68
7764,20.68,20.68,20.68,20.68,20.68,20.68,20.68,20.68,20.68,20.68
7765,20.68,20.68,20.68,20.68,20.68,20.68,20.68,20.68,20.68,20.68
7766,20.68,20.68,20.68,20.68,20.68,20.68,20.68,20.68,20.68,20.68
7767,20.68,20.68,20.68,20.68,20.68,20.68,20.68,20.68,20.68,20.68
7768,20.68,20.68,20.68,20.68,20.68,20.68,20.68,20.68,20.68,20.68
7769,20.68,20.68,20.68,20.68,20.68,20.68,20.68,20.68,20.68,20.68
7770,20.68,20.68,20.68,20.68,20.68,20.68,20.68,20.68,20.68,20.68
7771,20.68,20.68,20.68,20.68,20.68,20.68,20.68,20.68,20.68,20.68
7772,20.68,20.68,20.68,20.68,20.68,20.68,20.68,20.68,20.68,20.68
7773,20.68,20.68,20.68,20.68,20.68,20.68,20.68,20.68,20.68,20.68
7774,20.68,20.68,20.68,20.68,20.68,20.68,20.68,20.68,20.68,20.68
7775,20.68,20.68,20.68,20.68,20.68,20.68,20.68,20.68,20.68,20.68
7776,20.68,20.68,20.68,20.68,20.68,20.68,20.68,20.68,20.68,20.68
7777,20.68,20.68,20.68,20.68,20.68,20.68,20.68,20.68,20.68,20.68
7778,20.68,20.68,20.68,20.68,20.68,20.68,20.68,20.68,20.68,20.68
7779,20.68,20.68,20.68,20.68,20.68,20.68,20.68,20.68,20.68,20.68
7780,20.68,20.68,20.68,20.68,20.68,20.68,20.68,20.68,20.68,20.68
7781,20.68,20.68,20.68,20.68,20.68,20.68,20.68,20.68,20.68,20.68
7782,20.68,20.68,20.68,20.68,20.68,20.68,20.68,20.68,20.68,20.68
7783,20.68,20.68,20.68,20.68,20.68,20.68,20.68,20.68,20.68,20.68
7784,20.68,20.68,20.68,20.68,20.68,20.68,20.68,20.68,20.68,20.68
7785,20.68,20.68,20.68,20.68,20.68,20.68,20.68,20.68,20.68,20.68
7786,20.68,20.68,20.68,20.68,20.68,20.68,20.68,20.68,20.68,20.68
7787,20.68,20.68,20.68,20.68,20.68,20.68,20.68,20.68,20.68,20.68
7788,20.68,20.68,20.68,20.68,20.68,20.68,20.68,20.68,20.68,20.68
7789,20.68,20.68,20.68,20.68,20.68,20.68,20.68,20.68,20.68,20.68
7790,20.68,20.68,20.68,20.68,20.68,20.68,20.68,20.68,20.68,20.68
7791,20.68,20.68,20.68,20.68,20.68,20.68,20.68,20.68,20.68,20.68
7792,20.68,20.68,20.68,20.68,20.68,20.68,20.68,20.68,20.68,20.68
7793,20.68,20.68,20.68,20.68,20.68,20.68,20.68,20.68,20.68,20.68
7794,20.68,20.68,20.68,20.68,20.68,20.68,20.68,20.68,20.68,20.68
7795,20.68,20.68,20.68,20.68,20.68,20.68,20.68,20.68,20.68,20.68
7796,20.68,20.68,20.68,20.68,20.68,20.68,20.68,20.68,20.68,20.68
7797,20.68,20.68,20.68,20.68,20.68,20.68,20.68,20.68,20.68,20.68
7798,20.68,20.68,20.68,20.68,20.68,20.68,20.68,20.68,20.68,20.68
7799,20.68,20.68,20.68,20.68,20.68,20.68,20.68,20.68,20.68,20.68
7800,20.68,20.68,20.68,20.68,20.68,20.68,20.68,20.68,20.68,20.68
7801,20.68,20.68,20.68,20.68,20.68,20.68,20.68,20.68,20.68,20.68
7802,20.68,20.68,20.68,20.68,20.68,20.68,20.68,20.68,20.68,20.68
7803,20.68,20.68,20.68,20.68,20.68,20.68,20.68,20.68,20.68,20.68
7804,20.68,20.68,20.68,20.68,20.68,20.68,20.68,20.68,20.68,20.68
7805,20.68,20.68,20.68,20.68,20.68,20.68,20.68,20.68,20.68,20.68
7806,20.68,20.68,20.68,20.68,20.68,20.68,20.68,20.68,20.68,20.68
7807,20.68,20.68,20.68,20.68,20.68,20.68,20.68,20.68,20.68,20.68
7808,20.68,20.68,20.68,20.68,20.68,20.68,20.68,20.68,20.68,20.68
7809,20.68,20.68,20.68,20.68,20.68,20.68,20.68,20.68,20.68,20.68
7810,20.68,20.68,20.68,20.68,20.68,20.68,20.68,20.68,20.68,20.68
7811,20.68,20.68,20.68,20.68,20.68,20.68,20.68,20.68,20.68,20.68
7812,20.68,20.68,20.68,20.68,20.68,20.68,20.68,20.68,20.68,20.68
7813,20.68,20.68,20.68,20.68,20.68,20.68,20.68,20.68,20.68,20.68
7814,20.68,20.68,20.68,20.68,20.68,20.68,20.68,20.68,20.68,20.68
7815,20.68,20.68,20.68,20.68,20.68,20.68,20.68,20.68,20.68,20.68
7816,20.68,20.68,20.68,20.68,20.68,20.68,20.68,20.68,20.68,20.68
7817,20.68,20.68,20.68,20.68,20.68,20.68,20.68,20.68,20.68,20.68
7818,20.68,20.68,20.68,20.68,20.68,20.68,20.68,20.68,20.68,20.68
7819,20.68,20.68,20.68,20.68,20.68,20.68,20.68,20.68,20.68,20.68
7820,20.68,20.68,20.68,20.68,20.68,20.68,20.68,20.68,20.68,20.68
7821,20.68,20.68,20.68,20.68,20.68,20.68,20.68,20.68,20.68,20.68
7822,20.68,20.68,20.68,20.68,20.68,20.68,20.68,20.68,20.68,20.68
7823,20.68,20.68,20.68,20.68,20.68,20.68,20.68,20.68,20.68,20.68
7824,20.68,20.68,20.68,20.68,20.68,20.68,20.68,20.68,20.68,20.68
7825,20.68,20.68,20.68,20.68,20.68,20.68,20.68,20.68,20.68,20.68
7826,20.68,20.68,20.68,20.68,20.68,20.68,20.68,20.68,20.68,20.68
7827,20.68,20.68,20.68,20.68,20.68,20.68,20.68,20.68,20.68,20.68
7828,20.68,20.68,20.68,20.68,20.68,20.68,20.68,20.68,20.68,20.68
7829,20.68,20.68,20.68,20.68,20.68,20.68,20.68,20.68,20.68,20.68
7830,20.68,20.68,20.68,20.68,20.68,20.68,20.68,20.68,20.68,20.68
7831,20.68,20.68,20.68,20.68,20.68,20.68,20.68,20.68,20.68,20.68
7832,20.68,20.68,20.68,20.68,20.68,20.68,20.68,20.68,20.68,20.68
7833,20.68,20.68,20.68,20.68,20.68,20.68,20.68,20.68,20.68,20.68
7834,20.68,20.68,20.68,20.68,20.68,20.68,20.68,20.68,20.68,20.68
7835,20.68,20.68,20.68,20.68,20.68,20.68,20.68,20.68,20.68,20.68
7836,20.68,20.68,20.68,20.68,20.68,20.68,20.68,20.68,20.68,20.68
7837,20.68,20.68,20.68,20.68,20.68,20.68,20.68,20.68,20.68,20.68
7838,20.68,20.68,20.68,20.68,20.68,20.68,20.68,20.68,20.68,20.68
7839,20.68,20.68,20.68,20.68,20.68,20.68,20.68,20.68,20.68,20.68
7840,20.68,20.68,20.68,20.68,20.68,20.68,20.68,20.68,20.68,20.68
7841,20.68,20.68,20.68,20.68,20.68,20.68,20.68,20.68,20.68,20.68
7842,20.68,20.68,20.68,20.68,20.68,20.68,20.68,20.68,20.68,20.68
7843,20.68,20.68,20.68,20.68,20.68,20.68,20.68,20.68,20.68,20.68
7844,20.68,20.68,20.68,20.68,20.68,20.68,20.68,20.68,20.68,20.68
7845,20.68,20.68,20.68,20.68,20.68,20.68,20.68,20.68,20.68,20.68
7846,20.68,20.68,20.68,20.68,20.68,20.68,20.68,20.68,20.68,20.68
7847,20.68,20.68,20.68,20.68,20.68,20.68,20.68,20.68,20.68,20.68
7848,20.68,20.68,20.68,20.68,20.68,20.68,20.68,20.68,20.68,20.68
7849,20.68,20.68,20.68,20.68,20.68,20.68,20.68,20.68,20.68,20.68
7850,20.68,20.68,20.68,20.68,20.68,20.68,20.68,20.68,20.68,20.68
7851,20.68,20.68,20.68,20.68,20.68,20.68,20.68,20.68,20.68,20.68
7852,20.68,20.68,20.68,20.68,20.68,20.68,20.68,20.68,20.68,20.68
7853,20.68,20.68,20.68,20.68,20.68,20.68,20.68,20.68,20.68,20.68
7854,20.68,20.68,20.68,20.68,20.68,20.68,20.68,20.68,20.68,20.68
7855,20.68,20.68,20.68,20.68,20.68,20.68,20.68,20.68,20.68,20.68
7856,20.68,20.68,20.68,20.68,20.68,20.68,20.68,20.68,20.68,20.68
7857,20.68,20.68,20.68,20.68,20.68,20.68,20.68,20.68,20.68,20.68
7858,20.68,20.68,20.68,20.68,20.68,20.68,20.68,20.68,20.68,20.68
7859,20.68,20.68,20.68,20.68,20.68,20.68,20.68,20.68,20.68,20.68
7860,20.68,20.68,20.68,20.68,20.68,20.68,20.68,20.68,20.68,20.68
7861,20.68,20.68,20.68,20.68,20.68,20.68,20.68,20.68,20.68,20.68
7862,20.68,20.68,20.68,20.68,20.68,20.68,20.68,20.68,20.68,20.68
7863,20.68,20.68,20.68,20.68,20.68,20.68,20.68,20.68,20.68,20.68
7864,20.68,20.68,20.68,20.68,20.68,20.68,20.68,20.68,20.68,20.68
7865,20.68,20.68,20.68,20.68,20.68,20.68,20.68,20.68,20.68,20.68
7866,20.68,20.68,20.68,20.68,20.68,20.68,20.68,20.68,20.68,20.68
7867,20.68,20.68,20.68,20.68,20.68,20.68,20.68,20.68,20.68,20.68
7868,20.68,20.68,20.68,20.68,20.68,20.68,20.68,20.68,20.68,20.68
7869,20.68,20.68,20.68,20.68,20.68,20.68,20.68,20.68,20.68,20.68
7870,20.68,20.68,20.68,20.68,20.68,20.68,20.68,20.68,20.68,20.68
7871,20.68,20.68,20.68,20.68,20.68,20.68,20.68,20.68,20.68,20.68
7872,20.68,20.68,20.68,20.68,20.68,20.68,20.68,20.68,20.68,20.68
7873,20.68,20.68,20.68,20.68,20.68,20.68,20.68,20.68,20.68,20.68
7874,20.68,20.68,20.68,20.68,20.68,20.68,20.68,20.68,20.68,20.68
7875,20.68,20.68,20.68,20.68,20.68,20.68,20.68,20.68,20.68,20.68
7876,20.68,20.68,20.68,20.68,20.68,20.68,20.68,20.68,20.68,20.68
7877,20.68,20.68,20.68,20.68,20.68,20.68,20.68,20.68,20.68,20.68
7878,20.68,20.68,20.68,20.68,20.68,20.68,20.68,20.68,20.68,20.68
7879,20.68,20.68,20.68,20.68,20.68,20.68,20.68,20.68,20.68,20.68
7880,20.68,20.68,20.68,20.68,20.68,20.68,20.68,20.68,20.68,20.68
7881,20.68,20.68,20.68,20.68,20.68,20.68,20.68,20.68,20.68,20.68
7882,20.68,20.68,20.68,20.68,20.68,20.68,20.68,20.68,20.68,20.68
7883,20.68,20.68,20.68,20.68,20.68,20.68,20.68,20.68,20.68,20.68
7884,20.68,20.68,20.68,20.68,20.68,20.68,20.68,20.68,20.68,20.68
7885,20.68,20.68,20.68,20.68,20.68,20.68,20.68,20.68,20.68,20.68
7886,20.68,20.68,20.68,20.68,20.68,20.68,20.68,20.68,20.68,20.68
7887,20.68,20.68,20.68,20.68,20.68,20.68,20.68,20.68,20.68,20.68
7888,20.68,20.68,20.68,20.68,20.68,20.68,20.68,20.68,20.68,20.68
7889,20.68,20.68,20.68,20.68,20.68,20.68,20.68,20.68,20.68,20.68
7890,20.68,20.68,20.68,20.68,20.68,20.68,20.68,20.68,20.68,20.68
7891,20.68,20.68,20.68,20.68,20.68,20.68,20.68,20.68,20.68,20.68
7892,20.68,20.68,20.68,20.68,20.68,20.68,20.68,20.68,20.68,20.68
7893,20.68,20.68,20.68,20.68,20.68,20.68,20.68,20.68,20.68,20.68
7894,20.68,20.68,20.68,20.68,20.68,20.68,20.68,20.68,20.68,20.68
7895,20.68,20.68,20.68,20.68,20.68,20.68,20.68,20.68,20.68,20.68
7896,20.68,20.68,20.68,20.68,20.68,20.68,20.68,20.68,20.68,20.68
7897,20.68,20.68,20.68,20.68,20.68,20.68,20.68,20.68,20.68,20.68
7898,20.68,20.68,20.68,20.68,20.68,20.68,20.68,20.68,20.68,20.68
7899,20.68,20.68,20.68,20.68,20.68,20.68,20.68,20.68,20.68,20.68
7900,20.68,20.68,20.68,20.68,20.68,20.68,20.68,20.68,20.68,20.68
7901,20.68,20.68,20.68,20.68,20.68,20.68,20.68,20.68,20.68,20.68
7902,20.68,20.68,20.68,20.68,20.68,20.68,20.68,20.68,20.68,20.68
7903,20.68,20.68,20.68,20.68,20.68,20.68,20.68,20.68,20.68,20.68
7904,20.68,20.68,20.68,20.68,20.68,20.68,20.68,20.68,20.68,20.68
7905,20.68,20.68,20.68,20.68,20.68,20.68,20.68,20.68,20.68,20.68
7906,20.68,20.68,20.68,20.68,20.68,20.68,20.68,20.68,20.68,20.68
7907,20.68,20.68,20.68,20.68,20.68,20.68,20.68,20.68,20.68,20.68
7908,20.68,20.68,20.68,20.68,20.68,20.68,20.68,20.68,20.68,20.68
7909,20.68,20.68,20.68,20.68,20.68,20.68,20.68,20.68,20.68,20.68
7910,20.68,20.68,20.68,20.68,20.68,20.68,20.68,20.68,20.68,20.68
7911,20.68,20.68,20.68,20.68,20.68,20.68,20.68,20.68,20.68,20.68
7912,20.68,20.68,20.68,20.68,20.68,20.68,20.68,20.68,20.68,20.68
7913,20.68,20.68,20.68,20.68,20.68,20.68,20.68,20.68,20.68,20.68
7914,20.68,20.68,20.68,20.68,20.68,20.68,20.68,20.68,20.68,20.68
7915,20.68,20.68,20.68,20.68,20.68,20.68,20.68,20.68,20.68,20.68
7916,20.68,20.68,20.68,20.68,20.68,20.68,20.68,20.68,20.68,20.68
7917,20.68,20.68,20.68,20.68,20.68,20.68,20.68,20.68,20.68,20.68
7918,20.68,20.68,20.68,20.68,20.68,20.68,20.68,20.68,20.68,20.68
7919,20.68,20.68,20.68,20.68,20.68,20.68,20.68,20.68,20.68,20.68
7920,20.68,20.68,20.68,20.68,20.68,20.68,20.68,20.68,20.68,20.68
7921,20.68,20.68,20.68,20.68,20.68,20.68,20.68,20.68,20.68,20.68
7922,20.68,20.68,20.68,20.68,20.68,20.68,20.68,20.68,20.68,20.68
7923,20.68,20.68,20.68,20.68,20.68,20.68,20.68,20.68,20.68,20.68
7924,20.68,20.68,20.68,20.68,20.68,20.68,20.68,20.68,20.68,20.68
7925,20.68,20.68,20.68,20.68,20.68,20.68,20.68,20.68,20.68,20.68
7926,20.68,20.68,20.68,20.68,20.68,20.68,20.68,20.68,20.68,20.68
7927,20.68,20.68,20.68,20.68,20.68,20.68,20.68,20.68,20.68,20.68
7928,20.68,20.68,20.68,20.68,20.68,20.68,20.68,20.68,20.68,20.68
7929,20.68,20.68,20.68,20.68,20.68,20.68,20.68,20.68,20.68,20.68
7930,20.68,20.68,20.68,20.68,20.68,20.68,20.68,20.68,20.68,20.68
7931,20.68,20.68,20.68,20.68,20.68,20.68,20.68,20.68,20.68,20.68
7932,20.68,20.68,20.68,20.68,20.68,20.68,20.68,20.68,20.68,20.68
7933,20.68,20.68,20.68,20.68,20.68,20.68,20.68,20.68,20.68,20.68
7934,20.68,20.68,20.68,20.68,20.68,20.68,20.68,20.68,20.68,20.68
7935,20.68,20.68,20.68,20.68,20.68,20.68,20.68,20.68,20.68,20.68
7936,20.68,20.68,20.68,20.68,20.68,20.68,20.68,20.68,20.68,20.68
7937,20.68,20.68,20.68,20.68,20.68,20.68,20.68,20.68,20.68,20.68
7938,20.68,20.68,20.68,20.68,20.68,20.68,20.68,20.68,20.68,20.68
7939,20.68,20.68,20.68,20.68,20.68,20.68,20.68,20.68,20.68,20.68
7940,20.68,20.68,20.68,20.68,20.68,20.68,20.68,20.68,20.68,20.68
7941,20.68,20.68,20.68,20.68,20.68,20.68,20.68,20.68,20.68,20.68
7942,20.68,20.68,20.68,20.68,20.68,20.68,20.68,20.68,20.68,20.68
7943,20.68,20.68,20.68,20.68,20.68,20.68,20.68,20.68,20.68,20.68
7944,20.68,20.68,20.68,20.68,20.68,20.68,20.68,20.68,20.68,20.68
7945,20.68,20.68,20.68,20.68,20.68,20.68,20.68,20.68,20.68,20.68
7946,20.68,20.68,20.68,20.68,20.68,20.68,20.68,20.68,20.68,20.68
7947,20.68,20.68,20.68,20.68,20.68,20.68,20.68,20.68,20.68,20.68
7948,20.68,20.68,20.68,20.68,20.68,20.68,20.68,20.68,20.68,20.68
7949,20.68,20.68,20.68,20.68,20.68,20.68,20.68,20.68,20.68,20.68
7950,20.68,20.68,20.68,20.68,20.68,20.68,20.68,20.68,20.68,20.68
7951,20.68,20.68,20.68,20.68,20.68,20.68,20.68,20.68,20.68,20.68
7952,20.68,20.68,20.68,20.68,20.68,20.68,20.68,20.68,20.68,20.68
7953,20.68,20.68,20.68,20.68,20.68,20.68,20.68,20.68,20.68,20.68
7954,20.68,20.68,20.68,20.68,20.68,20.68,20.68,20.68,20.68,20.68
7955,20.68,20.68,20.68,20.68,20.68,20.68,20.68,20.68,20.68,20.68
7956,20.68,20.68,20.68,20.68,20.68,20.68,20.68,20.68,20.68,20.68
7957,20.68,20.68,20.68,20.68,20.68,20.68,20.68,20.68,20.68,20.68
7958,20.68,20.68,20.68,20.68,20.68,20.68,20.68,20.68,20.68,20.68
7959,20.68,20.68,20.68,20.68,20.68,20.68,20.68,20.68,20.68,20.68
7960,20.68,20.68,20.68,20.68,20.68,20.68,20.68,20.68,20.68,20.68
7961,20.68,20.68,20.68,20.68,20.68,20.68,20.68,20.68,20.68,20.68
7962,20.68,20.68,20.68,20.68,20.68,20.68,20.68,20.68,20.68,20.68
7963,20.68,20.68,20.68,20.68,20.68,20.68,20.68,20.68,20.68,20.68
7964,20.68,20.68,20.68,20.68,20.68,20.68,20.68,20.68,20.68,20.68
7965,20.68,20.68,20.68,20.68,20.68,20.68,20.68,20.68,20.68,20.68
7966,20.68,20.68,20.68,20.68,20.68,20.68,20.68,20.68,20.68,20.68
7967,20.68,20.68,20.68,20.68,20.68,20.68,20.68,20.68,20.68,20.68
7968,20.68,20.68,20.68,20.68,20.68,20.68,20.68,20.68,20.68,20.68
7969,20.68,20.68,20.68,20.68,20.68,20.68,20.68,20.68,20.68,20.68
7970,20.68,20.68,20.68,20.68,20.68,20.68,20.68,20.68,20.68,20.68
7971,20.68,20.68,20.68,20.68,20.68,20.68,20.68,20.68,20.68,20.68
7972,20.68,20.68,20.68,20.68,20.68,20.68,20.68,20.68,20.68,20.68
7973,20.68,20.68,20.68,20.68,20.68,20.68,20.68,20.68,20.68,20.68
7974,20.68,20.68,20.68,20.68,20.68,20.68,20.68,20.68,20.68,20.68
7975,20.68,20.68,20.68,20.68,20.68,20.68,20.68,20.68,20.68,20.68
7976,20.68,20.68,20.68,20.68,20.68,20.68,20.68,20.68,20.68,20.68
7977,20.68,20.68,20.68,20.68,20.68,20.68,20.68,20.68,20.68,20.68
7978,20.68,20.68,20.68,20.68,20.68,20.68,20.68,20.68,20.68,20.68
7979,20.68,20.68,20.68,20.68,20.68,20.68,20.68,20.68,20.68,20.68
7980,20.68,20.68,20.68,20.68,20.68,20.68,20.68,20.68,20.68,20.68
7981,20.68,20.68,20.68,20.68,20.68,20.68,20.68,20.68,20.68,20.68
7982,20.68,20.68,20.68,20.68,20.68,20.68,20.68,20.68,20.68,20.68
7983,20.68,20.68,20.68,20.68,20.68,20.68,20.68,20.68,20.68,20.68
7984,20.68,20.68,20.68,20.68,20.68,20.68,20.68,20.68,20.68,20.68
7985,20.68,20.68,20.68,20.68,20.68,20.68,20.68,20.68,20.68,20.68
7986,20.68,20.68,20.68,20.68,20.68,20.68,20.68,20.68,20.68,20.68
7987,20.68,20.68,20.68,20.68,20.68,20.68,20.68,20.68,20.68,20.68
7988,20.68,20.68,20.68,20.68,20.68,20.68,20.68,20.68,20.68,20.68
7989,20.68,20.68,20.68,20.68,20.68,20.68,20.68,20.68,20.68,20.68
7990,20.68,20.68,20.68,20.68,20.68,20.68,20.68,20.68,20.68,20.68
7991,20.68,20.68,20.68,20.68,20.68,20.68,20.68,20.68,20.68,20.68
7992,20.68,20.68,20.68,20.68,20.68,20.68,20.68,20.68,20.68,20.68
7993,20.68,20.68,20.68,20.68,20.68,20.68,20.68,20.68,20.68,20.68
7994,20.68,20.68,20.68,20.68,20.68,20.68,20.68,20.68,20.68,20.68
7995,20.68,20.68,20.68,20.68,20.68,20.68,20.68,20.68,20.68,20.68
7996,20.68,20.68,20.68,20.68,20.68,20.68,20.68,20.68,20.68,20.68
7997,20.68,20.68,20.68,20.68,20.68,20.68,20.68,20.68,20.68,20.68
7998,20.68,20.68,20.68,20.68,20.68,20.68,20.68,20.68,20.68,20.68
7999,20.68,20.68,20.68,20.68,20.68,20.68,20.68,20.68,20.68,20.68
8000,20.68,20.68,20.68,20.68,20.68,20.68,20.68,20.68,20.68,20.68
8001,20.68,20.68,20.68,20.68,20.68,20.68,20.68,20.68,20.68,20.68
8002,20.68,20.68,20.68,20.68,20.68,20.68,20.68,20.68,20.68,20.68
8003,20.68,20.68,20.68,20.68,20.68,20.68,20.68,20.68,20.68,20.68
8004,20.68,20.68,20.68,20.68,20.68,20.68,20.68,20.68,20.68,20.68
8005,20.68,20.68,20.68,20.68,20.68,20.68,20.68,20.68,20.68,20.68
8006,20.68,20.68,20.68,20.68,20.68,20.68,20.68,20.68,20.68,20.68
8007,20.68,20.68,20.68,20.68,20.68,20.68,20.68,20.68,20.68,20.68
8008,20.68,20.68,20.68,20.68,20.68,20.68,20.68,20.68,20.68,20.68
8009,20.68,20.68,20.68,20.68,20.68,20.68,20.68,20.68,20.68,20.68
8010,20.68,20.68,20.68,20.68,20.68,20.68,20.68,20.68,20.68,20.68
8011,20.68,20.68,20.68,20.68,20.68,20.68,20.68,20.68,20.68,20.68
8012,20.68,20.68,20.68,20.68,20.68,20.68,20.68,20.68,20.68,20.68
8013,20.68,20.68,20.68,20.68,20.68,20.68,20.68,20.68,20.68,20.68
8014,20.68,20.68,20.68,20.68,20.68,20.68,20.68,20.68,20.68,20.68
8015,20.68,20.68,20.68,20.68,20.68,20.68,20.68,20.68,20.68,20.68
8016,20.68,20.68,20.68,20.68,20.68,20.68,20.68,20.68,20.68,20.68
8017,20.68,20.68,20.68,20.68,20.68,20.68,20.68,20.68,20.68,20.68
8018,20.68,20.68,20.68,20.68,20.68,20.68,20.68,20.68,20.68,20.68
8019,20.68,20.68,20.68,20.68,20.68,20.68,20.68,20.68,20.68,20.68
8020,20.68,20.68,20.68,20.68,20.68,20.68,20.68,20.68,20.68,20.68
8021,20.68,20.68,20.68,20.68,20.68,20.68,20.68,20.68,20.68,20.68
8022,20.68,20.68,20.68,20.68,20.68,20.68,20.68,20.68,20.68,20.68
8023,20.68,20.68,20.68,20.68,20.68,20.68,20.68,20.68,20.68,20.68
8024,20.68,20.68,20.68,20.68,20.68,20.68,20.68,20.68,20.68,20.68
8025,20.68,20.68,20.68,20.68,20.68,20.68,20.68,20.68,20.68,20.68
8026,20.68,20.68,20.68,20.68,20.68,20.68,20.68,20.68,20.68,20.68
8027,20.68,20.68,20.68,20.68,20.68,20.68,20.68,20.68,20.68,20.68
8028,20.68,20.68,20.68,20.68,20.68,20.68,20.68,20.68,20.68,20.68
8029,20.68,20.68,20.68,20.68,20.68,20.68,20.68,20.68,20.68,20.68
8030,20.68,20.68,20.68,20.68,20.68,20.68,20.68,20.68,20.68,20.68
8031,20.68,20.68,20.68,20.68,20.68,20.68,20.68,20.68,20.68,20.68
8032,20.68,20.68,20.68,20.68,20.68,20.68,20.68,20.68,20.68,20.68
8033,20.68,20.68,20.68,20.68,20.68,20.68,20.68,20.68,20.68,20.68
8034,20.68,20.68,20.68,20.68,20.68,20.68,20.68,20.68,20.68,20.68
8035,20.68,20.68,20.68,20.68,20.68,20.68,20.68,20.68,20.68,20.68
8036,20.68,20.68,20.68,20.68,20.68,20.68,20.68,20.68,20.68,20.68
8037,20.68,20.68,20.68,20.68,20.68,20.68,20.68,20.68,20.68,20.68
8038,20.68,20.68,20.68,20.68,20.68,20.68,20.68,20.68,20.68,20.68
8039,20.68,20.68,20.68,20.68,20.68,20.68,20.68,20.68,20.68,20.68
8040,20.68,20.68,20.68,20.68,20.68,20.68,20.68,20.68,20.68,20.68
8041,20.68,20.68,20.68,20.68,20.68,20.68,20.68,20.68,20.68,20.68
8042,20.68,20.68,20.68,20.68,20.68,20.68,20.68,20.68,20.68,20.68
8043,20.68,20.68,20.68,20.68,20.68,20.68,20.68,20.68,20.68,20.68
8044,20.68,20.68,20.68,20.68,20.68,20.68,20.68,20.68,20.68,20.68
8045,20.68,20.68,20.68,20.68,20.68,20.68,20.68,20.68,20.68,20.68
8046,20.68,20.68,20.68,20.68,20.68,20.68,20.68,20.68,20.68,20.68
8047,20.68,20.68,20.68,20.68,20.68,20.68,20.68,20.68,20.68,20.68
8048,20.68,20.68,20.68,20.68,20.68,20.68,20.68,20.68,20.68,20.68
8049,20.68,20.68,20.68,20.68,20.68,20.68,20.68,20.68,20.68,20.68
8050,20.68,20.68,20.68,20.68,20.68,20.68,20.68,20.68,20.68,20.68
8051,20.68,20.68,20.68,20.68,20.68,20.68,20.68,20.68,20.68,20.68
8052,20.68,20.68,20.68,20.68,20.68,20.68,20.68,20.68,20.68,20.68
8053,20.68,20.68,20.68,20.68,20.68,20.68,20.68,20.68,20.68,20.68
8054,20.68,20.68,20.68,20.68,20.68,20.68,20.68,20.68,20.68,20.68
8055,20.68,20.68,20.68,20.68,20.68,20.68,20.68,20.68,20.68,20.68
8056,20.68,20.68,20.68,20.68,20.68,20.68,20.68,20.68,20.68,20.68
8057,20.68,20.68,20.68,20.68,20.68,20.68,20.68,20.68,20.68,20.68
8058,20.68,20.68,20.68,20.68,20.68,20.68,20.68,20.68,20.68,20.68
8059,20.68,20.68,20.68,20.68,20.68,20.68,20.68,20.68,20.68,20.68
8060,20.68,20.68,20.68,20.68,20.68,20.68,20.68,20.68,20.68,20.68
8061,20.68,20.68,20.68,20.68,20.68,20.68,20.68,20.68,20.68,20.68
8062,20.68,20.68,20.68,20.68,20.68,20.68,20.68,20.68,20.68,20.68
8063,20.68,20.68,20.68,20.68,20.68,20.68,20.68,20.68,20.68,20.68
8064,20.68,20.68,20.68,20.68,20.68,20.68,20.68,20.68,20.68,20.68
8065,20.68,20.68,20.68,20.68,20.68,20.68,20.68,20.68,20.68,20.68
8066,20.68,20.68,20.68,20.68,20.68,20.68,20.68,20.68,20.68,20.68
8067,20.68,20.68,20.68,20.68,20.68,20.68,20.68,20.68,20.68,20.68
8068,20.68,20.68,20.68,20.68,20.68,20.68,20.68,20.68,20.68,20.68
8069,20.68,20.68,20.68,20.68,20.68,20.68,20.68,20.68,20.68,20.68
8070,20.68,20.68,20.68,20.68,20.68,20.68,20.68,20.68,20.68,20.68
8071,20.68,20.68,20.68,20.68,20.68,20.68,20.68,20.68,20.68,20.68
8072,20.68,20.68,20.68,20.68,20.68,20.68,20.68,20.68,20.68,20.68
8073,20.68,20.68,20.68,20.68,20.68,20.68,20.68,20.68,20.68,20.68
8074,20.68,20.68,20.68,20.68,20.68,20.68,20.68,20.68,20.68,20.68
8075,20.68,20.68,20.68,20.68,20.68,20.68,20.68,20.68,20.68,20.68
8076,20.68,20.68,20.68,20.68,20.68,20.68,20.68,20.68,20.68,20.68
8077,20.68,20.68,20.68,20.68,20.68,20.68,20.68,20.68,20.68,20.68
8078,20.68,20.68,20.68,20.68,20.68,20.68,20.68,20.68,20.68,20.68
8079,20.68,20.68,20.68,20.68,20.68,20.68,20.68,20.68,20.68,20.68
8080,20.68,20.68,20.68,20.68,20.68,20.68,20.68,20.68,20.68,20.68
8081,20.68,20.68,20.68,20.68,20.68,20.68,20.68,20.68,20.68,20.68
8082,20.68,20.68,20.68,20.68,20.68,20.68,20.68,20.68,20.68,20.68
8083,20.68,20.68,20.68,20.68,20.68,20.68,20.68,20.68,20.68,20.68
8084,20.68,20.68,20.68,20.68,20.68,20.68,20.68,20.68,20.68,20.68
8085,20.68,20.68,20.68,20.68,20.68,20.68,20.68,20.68,20.68,20.68
8086,20.68,20.68,20.68,20.68,20.68,20.68,20.68,20.68,20.68,20.68
8087,20.68,20.68,20.68,20.68,20.68,20.68,20.68,20.68,20.68,20.68
8088,20.68,20.68,20.68,20.68,20.68,20.68,20.68,20.68,20.68,20.68
8089,20.68,20.68,20.68,20.68,20.68,20.68,20.68,20.68,20.68,20.68
8090,20.68,20.68,20.68,20.68,20.68,20.68,20.68,20.68,20.68,20.68
8091,20.68,20.68,20.68,20.68,20.68,20.68,20.68,20.68,20.68,20.68
8092,20.68,20.68,20.68,20.68,20.68,20.68,20.68,20.68,20.68,20.68
8093,20.68,20.68,20.68,20.68,20.68,20.68,20.68,20.68,20.68,20.68
8094,20.68,20.68,20.68,20.68,20.68,20.68,20.68,20.68,20.68,20.68
8095,20.68,20.68,20.68,20.68,20.68,20.68,20.68,20.68,20.68,20.68
8096,20.68,20.68,20.68,20.68,20.68,20.68,20.68,20.68,20.68,20.68
8097,20.68,20.68,20.68,20.68,20.68,20.68,20.68,20.68,20.68,20.68
8098,20.68,20.68,20.68,20.68,20.68,20.68,20.68,20.68,20.68,20.68
8099,20.68,20.68,20.68,20.68,20.68,20.68,20.68,20.68,20.68,20.68
8100,20.68,20.68,20.68,20.68,20.68,20.68,20.68,20.68,20.68,20.68
8101,20.68,20.68,20.68,20.68,20.68,20.68,20.68,20.68,20.68,20.68
8102,20.68,20.68,20.68,20.68,20.68,20.68,20.68,20.68,20.68,20.68
8103,20.68,20.68,20.68,20.68,20.68,20.68,20.68,20.68,20.68,20.68
8104,20.68,20.68,20.68,20.68,20.68,20.68,20.68,20.68,20.68,20.68
8105,20.68,20.68,20.68,20.68,20.68,20.68,20.68,20.68,20.68,20.68
8106,20.68,20.68,20.68,20.68,20.68,20.68,20.68,20.68,20.68,20.68
8107,20.68,20.68,20.68,20.68,20.68,20.68,20.68,20.68,20.68,20.68
8108,20.68,20.68,20.68,20.68,20.68,20.68,20.68,20.68,20.68,20.68
8109,20.68,20.68,20.68,20.68,20.68,20.68,20.68,20.68,20.68,20.68
8110,20.68,20.68,20.68,20.68,20.68,20.68,20.68,20.68,20.68,20.68
8111,20.68,20.68,20.68,20.68,20.68,20.68,20.68,20.68,20.68,20.68
8112,20.68,20.68,20.68,20.68,20.68,20.68,20.68,20.68,20.68,20.68
8113,20.68,20.68,20.68,20.68,20.68,20.68,20.68,20.68,20.68,20.68
8114,20.68,20.68,20.68,20.68,20.68,20.68,20.68,20.68,20.68,20.68
8115,20.68,20.68,20.68,20.68,20.68,20.68,20.68,20.68,20.68,20.68
8116,20.68,20.68,20.68,20.68,20.68,20.68,20.68,20.68,20.68,20.68
8117,20.68,20.68,20.68,20.68,20.68,20.68,20.68,20.68,20.68,20.68
8118,20.68,20.68,20.68,20.68,20.68,20.68,20.68,20.68,20.68,20.68
8119,20.68,20.68,20.68,20.68,20.68,20.68,20.68,20.68,20.68,20.68
8120,20.68,20.68,20.68,20.68,20.68,20.68,20.68,20.68,20.68,20.68
8121,20.68,20.68,20.68,20.68,20.68,20.68,20.68,20.68,20.68,20.68
8122,20.68,20.68,20.68,20.68,20.68,20.68,20.68,20.68,20.68,20.68
8123,20.68,20.68,20.68,20.68,20.68,20.68,20.68,20.68,20.68,20.68
8124,20.68,20.68,20.68,20.68,20.68,20.68,20.68,20.68,20.68,20.68
8125,20.68,20.68,20.68,20.68,20.68,20.68,20.68,20.68,20.68,20.68
8126,20.68,20.68,20.68,20.68,20.68,20.68,20.68,20.68,20.68,20.68
8127,20.68,20.68,20.68,20.68,20.68,20.68,20.68,20.68,20.68,20.68
8128,20.68,20.68,20.68,20.68,20.68,20.68,20.68,20.68,20.68,20.68
8129,20.68,20.68,20.68,20.68,20.68,20.68,20.68,20.68,20.68,20.68
8130,20.68,20.68,20.68,20.68,20.68,20.68,20.68,20.68,20.68,20.68
8131,20.68,20.68,20.68,20.68,20.68,20.68,20.68,20.68,20.68,20.68
8132,20.68,20.68,20.68,20.68,20.68,20.68,20.68,20.68,20.68,20.68
8133,20.68,20.68,20.68,20.68,20.68,20.68,20.68,20.68,20.68,20.68
8134,20.68,20.68,20.68,20.68,20.68,20.68,20.68,20.68,20.68,20.68
8135,20.68,20.68,20.68,20.68,20.68,20.68,20.68,20.68,20.68,20.68
8136,20.68,20.68,20.68,20.68,20.68,20.68,20.68,20.68,20.68,20.68
8137,20.68,20.68,20.68,20.68,20.68,20.68,20.68,20.68,20.68,20.68
8138,20.68,20.68,20.68,20.68,20.68,20.68,20.68,20.68,20.68,20.68
8139,20.68,20.68,20.68,20.68,20.68,20.68,20.68,20.68,20.68,20.68
8140,20.68,20.68,20.68,20.68,20.68,20.68,20.68,20.68,20.68,20.68
8141,20.68,20.68,20.68,20.68,20.68,20.68,20.68,20.68,20.68,20.68
8142,20.68,20.68,20.68,20.68,20.68,20.68,20.68,20.68,20.68,20.68
8143,20.68,20.68,20.68,20.68,20.68,20.68,20.68,20.68,20.68,20.68
8144,20.68,20.68,20.68,20.68,20.68,20.68,20.68,20.68,20.68,20.68
8145,20.68,20.68,20.68,20.68,20.68,20.68,20.68,20.68,20.68,20.68
8146,20.68,20.68,20.68,20.68,20.68,20.68,20.68,20.68,20.68,20.68
8147,20.68,20.68,20.68,20.68,20.68,20.68,20.68,20.68,20.68,20.68
8148,20.68,20.68,20.68,20.68,20.68,20.68,20.68,20.68,20.68,20.68
8149,20.68,20.68,20.68,20.68,20.68,20.68,20.68,20.68,20.68,20.68
8150,20.68,20.68,20.68,20.68,20.68,20.68,20.68,20.68,20.68,20.68
8151,20.68,20.68,20.68,20.68,20.68,20.68,20.68,20.68,20.68,20.68
8152,20.68,20.68,20.68,20.68,20.68,20.68,20.68,20.68,20.68,20.68
8153,20.68,20.68,20.68,20.68,20.68,20.68,20.68,20.68,20.68,20.68
8154,20.68,20.68,20.68,20.68,20.68,20.68,20.68,20.68,20.68,20.68
8155,20.68,20.68,20.68,20.68,20.68,20.68,20.68,20.68,20.68,20.68
8156,20.68,20.68,20.68,20.68,20.68,20.68,20.68,20.68,20.68,20.68
8157,20.68,20.68,20.68,20.68,20.68,20.68,20.68,20.68,20.68,20.68
8158,20.68,20.68,20.68,20.68,20.68,20.68,20.68,20.68,20.68,20.68
8159,20.68,20.68,20.68,20.68,20.68,20.68,20.68,20.68,20.68,20.68
8160,20.68,20.68,20.68,20.68,20.68,20.68,20.68,20.68,20.68,20.68
8161,20.68,20.68,20.68,20.68,20.68,20.68,20.68,20.68,20.68,20.68
8162,20.68,20.68,20.68,20.68,20.68,20.68,20.68,20.68,20.68,20.68
8163,20.68,20.68,20.68,20.68,20.68,20.68,20.68,20.68,20.68,20.68
8164,20.68,20.68,20.68,20.68,20.68,20.68,20.68,20.68,20.68,20.68
8165,20.68,20.68,20.68,20.68,20.68,20.68,20.68,20.68,20.68,20.68
8166,20.68,20.68,20.68,20.68,20.68,20.68,20.68,20.68,20.68,20.68
8167,20.68,20.68,20.68,20.68,20.68,20.68,20.68,20.68,20.68,20.68
8168,20.68,20.68,20.68,20.68,20.68,20.68,20.68,20.68,20.68,20.68
8169,20.68,20.68,20.68,20.68,20.68,20.68,20.68,20.68,20.68,20.68
8170,20.68,20.68,20.68,20.68,20.68,20.68,20.68,20.68,20.68,20.68
8171,20.68,20.68,20.68,20.68,20.68,20.68,20.68,20.68,20.68,20.68
8172,20.68,20.68,20.68,20.68,20.68,20.68,20.68,20.68,20.68,20.68
8173,20.68,20.68,20.68,20.68,20.68,20.68,20.68,20.68,20.68,20.68
8174,20.68,20.68,20.68,20.68,20.68,20.68,20.68,20.68,20.68,20.68
8175,20.68,20.68,20.68,20.68,20.68,20.68,20.68,20.68,20.68,20.68
8176,20.68,20.68,20.68,20.68,20.68,20.68,20.68,20.68,20.68,20.68
8177,20.68,20.68,20.68,20.68,20.68,20.68,20.68,20.68,20.68,20.68
8178,20.68,20.68,20.68,20.68,20.68,20.68,20.68,20.68,20.68,20.68
8179,20.68,20.68,20.68,20.68,20.68,20.68,20.68,20.68,20.68,20.68
8180,20.68,20.68,20.68,20.68,20.68,20.68,20.68,20.68,20.68,20.68
8181,20.68,20.68,20.68,20.68,20.68,20.68,20.68,20.68,20.68,20.68
8182,20.68,20.68,20.68,20.68,20.68,20.68,20.68,20.68,20.68,20.68
8183,20.68,20.68,20.68,20.68,20.68,20.68,20.68,20.68,20.68,20.68
8184,20.68,20.68,20.68,20.68,20.68,20.68,20.68,20.68,20.68,20.68
8185,20.68,20.68,20.68,20.68,20.68,20.68,20.68,20.68,20.68,20.68
8186,20.68,20.68,20.68,20.68,20.68,20.68,20.68,20.68,20.68,20.68
8187,20.68,20.68,20.68,20.68,20.68,20.68,20.68,20.68,20.68,20.68
8188,20.68,20.68,20.68,20.68,20.68,20.68,20.68,20.68,20.68,20.68
8189,20.68,20.68,20.68,20.68,20.68,20.68,20.68,20.68,20.68,20.68
8190,20.68,20.68,20.68,20.68,20.68,20.68,20.68,20.68,20.68,20.68
8191,20.68,20.68,20.68,20.68,20.68,20.68,20.68,20.68,20.68,20.68
8192,20.68,20.68,20.68,20.68,20.68,20.68,20.68,20.68,20.68,20.68
8193,20.68,20.68,20.68,20.68,20.68,20.68,20.68,20.68,20.68,20.68
8194,20.68,20.68,20.68,20.68,20.68,20.68,20.68,20.68,20.68,20.68
8195,20.68,20.68,20.68,20.68,20.68,20.68,20.68,20.68,20.68,20.68
8196,20.68,20.68,20.68,20.68,20.68,20.68,20.68,20.68,20.68,20.68
8197,20.68,20.68,20.68,20.68,20.68,20.68,20.68,20.68,20.68,20.68
8198,20.68,20.68,20.68,20.68,20.68,20.68,20.68,20.68,20.68,20.68
8199,20.68,20.68,20.68,20.68,20.68,20.68,20.68,20.68,20.68,20.68
8200,20.68,20.68,20.68,20.68,20.68,20.68,20.68,20.68,20.68,20.68
8201,20.68,20.68,20.68,20.68,20.68,20.68,20.68,20.68,20.68,20.68
8202,20.68,20.68,20.68,20.68,20.68,20.68,20.68,20.68,20.68,20.68
8203,20.68,20.68,20.68,20.68,20.68,20.68,20.68,20.68,20.68,20.68
8204,20.68,20.68,20.68,20.68,20.68,20.68,20.68,20.68,20.68,20.68
8205,20.68,20.68,20.68,20.68,20.68,20.68,20.68,20.68,20.68,20.68
8206,20.68,20.68,20.68,20.68,20.68,20.68,20.68,20.68,20.68,20.68
8207,20.68,20.68,20.68,20.68,20.68,20.68,20.68,20.68,20.68,20.68
8208,20.68,20.68,20.68,20.68,20.68,20.68,20.68,20.68,20.68,20.68
8209,20.68,20.68,20.68,20.68,20.68,20.68,20.68,20.68,20.68,20.68
8210,20.68,20.68,20.68,20.68,20.68,20.68,20.68,20.68,20.68,20.68
8211,20.68,20.68,20.68,20.68,20.68,20.68,20.68,20.68,20.68,20.68
8212,20.68,20.68,20.68,20.68,20.68,20.68,20.68,20.68,20.68,20.68
8213,20.68,20.68,20.68,20.68,20.68,20.68,20.68,20.68,20.68,20.68
8214,20.68,20.68,20.68,20.68,20.68,20.68,20.68,20.68,20.68,20.68
8215,20.68,20.68,20.68,20.68,20.68,20.68,20.68,20.68,20.68,20.68
8216,20.68,20.68,20.68,20.68,20.68,20.68,20.68,20.68,20.68,20.68
8217,20.68,20.68,20.68,20.68,20.68,20.68,20.68,20.68,20.68,20.68
8218,20.68,20.68,20.68,20.68,20.68,20.68,20.68,20.68,20.68,20.68
8219,20.68,20.68,20.68,20.68,20.68,20.68,20.68,20.68,20.68,20.68
8220,20.68,20.68,20.68,20.68,20.68,20.68,20.68,20.68,20.68,20.68
8221,20.68,20.68,20.68,20.68,20.68,20.68,20.68,20.68,20.68,20.68
8222,20.68,20.68,20.68,20.68,20.68,20.68,20.68,20.68,20.68,20.68
8223,20.68,20.68,20.68,20.68,20.68,20.68,20.68,20.68,20.68,20.68
8224,20.68,20.68,20.68,20.68,20.68,20.68,20.68,20.68,20.68,20.68
8225,20.68,20.68,20.68,20.68,20.68,20.68,20.68,20.68,20.68,20.68
8226,20.68,20.68,20.68,20.68,20.68,20.68,20.68,20.68,20.68,20.68
8227,20.68,20.68,20.68,20.68,20.68,20.68,20.68,20.68,20.68,20.68
8228,20.68,20.68,20.68,20.68,20.68,20.68,20.68,20.68,20.68,20.68
8229,20.68,20.68,20.68,20.68,20.68,20.68,20.68,20.68,20.68,20.68
8230,20.68,20.68,20.68,20.68,20.68,20.68,20.68,20.68,20.68,20.68
8231,20.68,20.68,20.68,20.68,20.68,20.68,20.68,20.68,20.68,20.68
8232,20.68,20.68,20.68,20.68,20.68,20.68,20.68,20.68,20.68,20.68
8233,20.68,20.68,20.68,20.68,20.68,20.68,20.68,20.68,20.68,20.68
8234,20.68,20.68,20.68,20.68,20.68,20.68,20.68,20.68,20.68,20.68
8235,20.68,20.68,20.68,20.68,20.68,20.68,20.68,20.68,20.68,20.68
8236,20.68,20.68,20.68,20.68,20.68,20.68,20.68,20.68,20.68,20.68
8237,20.68,20.68,20.68,20.68,20.68,20.68,20.68,20.68,20.68,20.68
8238,20.68,20.68,20.68,20.68,20.68,20.68,20.68,20.68,20.68,20.68
8239,20.68,20.68,20.68,20.68,20.68,20.68,20.68,20.68,20.68,20.68
8240,20.68,20.68,20.68,20.68,20.68,20.68,20.68,20.68,20.68,20.68
8241,20.68,20.68,20.68,20.68,20.68,20.68,20.68,20.68,20.68,20.68
8242,20.68,20.68,20.68,20.68,20.68,20.68,20.68,20.68,20.68,20.68
8243,20.68,20.68,20.68,20.68,20.68,20.68,20.68,20.68,20.68,20.68
8244,20.68,20.68,20.68,20.68,20.68,20.68,20.68,20.68,20.68,20.68
8245,20.68,20.68,20.68,20.68,20.68,20.68,20.68,20.68,20.68,20.68
8246,20.68,20.68,20.68,20.68,20.68,20.68,20.68,20.68,20.68,20.68
8247,20.68,20.68,20.68,20.68,20.68,20.68,20.68,20.68,20.68,20.68
8248,20.68,20.68,20.68,20.68,20.68,20.68,20.68,20.68,20.68,20.68
8249,20.68,20.68,20.68,20.68,20.68,20.68,20.68,20.68,20.68,20.68
8250,20.68,20.68,20.68,20.68,20.68,20.68,20.68,20.68,20.68,20.68
8251,20.68,20.68,20.68,20.68,20.68,20.68,20.68,20.68,20.68,20.68
8252,20.68,20.68,20.68,20.68,20.68,20.68,20.68,20.68,20.68,20.68
8253,20.68,20.68,20.68,20.68,20.68,20.68,20.68,20.68,20.68,20.68
8254,20.68,20.68,20.68,20.68,20.68,20.68,20.68,20.68,20.68,20.68
8255,20.68,20.68,20.68,20.68,20.68,20.68,20.68,20.68,20.68,20.68
8256,20.68,20.68,20.68,20.68,20.68,20.68,20.68,20.68,20.68,20.68
8257,20.68,20.68,20.68,20.68,20.68,20.68,20.68,20.68,20.68,20.68
8258,20.68,20.68,20.68,20.68,20.68,20.68,20.68,20.68,20.68,20.68
8259,20.68,20.68,20.68,20.68,20.68,20.68,20.68,20.68,20.68,20.68
8260,20.68,20.68,20.68,20.68,20.68,20.68,20.68,20.68,20.68,20.68
8261,20.68,20.68,20.68,20.68,20.68,20.68,20.68,20.68,20.68,20.68
8262,20.68,20.68,20.68,20.68,20.68,20.68,20.68,20.68,20.68,20.68
8263,20.68,20.68,20.68,20.68,20.68,20.68,20.68,20.68,20.68,20.68
8264,20.68,20.68,20.68,20.68,20.68,20.68,20.68,20.68,20.68,20.68
8265,20.68,20.68,20.68,20.68,20.68,20.68,20.68,20.68,20.68,20.68
8266,20.68,20.68,20.68,20.68,20.68,20.68,20.68,20.68,20.68,20.68
8267,20.68,20.68,20.68,20.68,20.68,20.68,20.68,20.68,20.68,20.68
8268,20.68,20.68,20.68,20.68,20.68,20.68,20.68,20.68,20.68,20.68
8269,20.68,20.68,20.68,20.68,20.68,20.68,20.68,20.68,20.68,20.68
8270,20.68,20.68,20.68,20.68,20.68,20.68,20.68,20.68,20.68,20.68
8271,20.68,20.68,20.68,20.68,20.68,20.68,20.68,20.68,20.68,20.68
8272,20.68,20.68,20.68,20.68,20.68,20.68,20.68,20.68,20.68,20.68
8273,20.68,20.68,20.68,20.68,20.68,20.68,20.68,20.68,20.68,20.68
8274,20.68,20.68,20.68,20.68,20.68,20.68,20.68,20.68,20.68,20.68
8275,20.68,20.68,20.68,20.68,20.68,20.68,20.68,20.68,20.68,20.68
8276,20.68,20.68,20.68,20.68,20.68,20.68,20.68,20.68,20.68,20.68
8277,20.68,20.68,20.68,20.68,20.68,20.68,20.68,20.68,20.68,20.68
8278,20.68,20.68,20.68,20.68,20.68,20.68,20.68,20.68,20.68,20.68
8279,20.68,20.68,20.68,20.68,20.68,20.68,20.68,20.68,20.68,20.68
8280,20.68,20.68,20.68,20.68,20.68,20.68,20.68,20.68,20.68,20.68
8281,20.68,20.68,20.68,20.68,20.68,20.68,20.68,20.68,20.68,20.68
8282,20.68,20.68,20.68,20.68,20.68,20.68,20.68,20.68,20.68,20.68
8283,20.68,20.68,20.68,20.68,20.68,20.68,20.68,20.68,20.68,20.68
8284,20.68,20.68,20.68,20.68,20.68,20.68,20.68,20.68,20.68,20.68
8285,20.68,20.68,20.68,20.68,20.68,20.68,20.68,20.68,20.68,20.68
8286,20.68,20.68,20.68,20.68,20.68,20.68,20.68,20.68,20.68,20.68
8287,20.68,20.68,20.68,20.68,20.68,20.68,20.68,20.68,20.68,20.68
8288,20.68,20.68,20.68,20.68,20.68,20.68,20.68,20.68,20.68,20.68
8289,20.68,20.68,20.68,20.68,20.68,20.68,20.68,20.68,20.68,20.68
8290,20.68,20.68,20.68,20.68,20.68,20.68,20.68,20.68,20.68,20.68
8291,20.68,20.68,20.68,20.68,20.68,20.68,20.68,20.68,20.68,20.68
8292,20.68,20.68,20.68,20.68,20.68,20.68,20.68,20.68,20.68,20.68
8293,20.68,20.68,20.68,20.68,20.68,20.68,20.68,20.68,20.68,20.68
8294,20.68,20.68,20.68,20.68,20.68,20.68,20.68,20.68,20.68,20.68
8295,20.68,20.68,20.68,20.68,20.68,20.68,20.68,20.68,20.68,20.68
8296,20.68,20.68,20.68,20.68,20.68,20.68,20.68,20.68,20.68,20.68
8297,20.68,20.68,20.68,20.68,20.68,20.68,20.68,20.68,20.68,20.68
8298,20.68,20.68,20.68,20.68,20.68,20.68,20.68,20.68,20.68,20.68
8299,20.68,20.68,20.68,20.68,20.68,20.68,20.68,20.68,20.68,20.68
8300,20.68,20.68,20.68,20.68,20.68,20.68,20.68,20.68,20.68,20.68
8301,20.68,20.68,20.68,20.68,20.68,20.68,20.68,20.68,20.68,20.68
8302,20.68,20.68,20.68,20.68,20.68,20.68,20.68,20.68,20.68,20.68
8303,20.68,20.68,20.68,20.68,20.68,20.68,20.68,20.68,20.68,20.68
8304,20.68,20.68,20.68,20.68,20.68,20.68,20.68,20.68,20.68,20.68
8305,20.68,20.68,20.68,20.68,20.68,20.68,20.68,20.68,20.68,20.68
8306,20.68,20.68,20.68,20.68,20.68,20.68,20.68,20.68,20.68,20.68
8307,20.68,20.68,20.68,20.68,20.68,20.68,20.68,20.68,20.68,20.68
8308,20.68,20.68,20.68,20.68,20.68,20.68,20.68,20.68,20.68,20.68
8309,20.68,20.68,20.68,20.68,20.68,20.68,20.68,20.68,20.68,20.68
8310,20.68,20.68,20.68,20.68,20.68,20.68,20.68,20.68,20.68,20.68
8311,20.68,20.68,20.68,20.68,20.68,20.68,20.68,20.68,20.68,20.68
8312,20.68,20.68,20.68,20.68,20.68,20.68,20.68,20.68,20.68,20.68
8313,20.68,20.68,20.68,20.68,20.68,20.68,20.68,20.68,20.68,20.68
8314,20.68,20.68,20.68,20.68,20.68,20.68,20.68,20.68,20.68,20.68
8315,20.68,20.68,20.68,20.68,20.68,20.68,20.68,20.68,20.68,20.68
8316,20.68,20.68,20.68,20.68,20.68,20.68,20.68,20.68,20.68,20.68
8317,20.68,20.68,20.68,20.68,20.68,20.68,20.68,20.68,20.68,20.68
8318,20.68,20.68,20.68,20.68,20.68,20.68,20.68,20.68,20.68,20.68
8319,20.68,20.68,20.68,20.68,20.68,20.68,20.68,20.68,20.68,20.68
8320,20.68,20.68,20.68,20.68,20.68,20.68,20.68,20.68,20.68,20.68
8321,20.68,20.68,20.68,20.68,20.68,20.68,20.68,20.68,20.68,20.68
8322,20.68,20.68,20.68,20.68,20.68,20.68,20.68,20.68,20.68,20.68
8323,20.68,20.68,20.68,20.68,20.68,20.68,20.68,20.68,20.68,20.68
8324,20.68,20.68,20.68,20.68,20.68,20.68,20.68,20.68,20.68,20.68
8325,20.68,20.68,20.68,20.68,20.68,20.68,20.68,20.68,20.68,20.68
8326,20.68,20.68,20.68,20.68,20.68,20.68,20.68,20.68,20.68,20.68
8327,20.68,20.68,20.68,20.68,20.68,20.68,20.68,20.68,20.68,20.68
8328,20.68,20.68,20.68,20.68,20.68,20.68,20.68,20.68,20.68,20.68
8329,20.68,20.68,20.68,20.68,20.68,20.68,20.68,20.68,20.68,20.68
8330,20.68,20.68,20.68,20.68,20.68,20.68,20.68,20.68,20.68,20.68
8331,20.68,20.68,20.68,20.68,20.68,20.68,20.68,20.68,20.68,20.68
8332,20.68,20.68,20.68,20.68,20.68,20.68,20.68,20.68,20.68,20.68
8333,20.68,20.68,20.68,20.68,20.68,20.68,20.68,20.68,20.68,20.68
8334,20.68,20.68,20.68,20.68,20.68,20.68,20.68,20.68,20.68,20.68
8335,20.68,20.68,20.68,20.68,20.68,20.68,20.68,20.68,20.68,20.68
8336,20.68,20.68,20.68,20.68,20.68,20.68,20.68,20.68,20.68,20.68
8337,20.68,20.68,20.68,20.68,20.68,20.68,20.68,20.68,20.68,20.68
8338,20.68,20.68,20.68,20.68,20.68,20.68,20.68,20.68,20.68,20.68
8339,20.68,20.68,20.68,20.68,20.68,20.68,20.68,20.68,20.68,20.68
8340,20.68,20.68,20.68,20.68,20.68,20.68,20.68,20.68,20.68,20.68
8341,20.68,20.68,20.68,20.68,20.68,20.68,20.68,20.68,20.68,20.68
8342,20.68,20.68,20.68,20.68,20.68,20.68,20.68,20.68,20.68,20.68
8343,20.68,20.68,20.68,20.68,20.68,20.68,20.68,20.68,20.68,20.68
8344,20.68,20.68,20.68,20.68,20.68,20.68,20.68,20.68,20.68,20.68
8345,20.68,20.68,20.68,20.68,20.68,20.68,20.68,20.68,20.68,20.68
8346,20.68,20.68,20.68,20.68,20.68,20.68,20.68,20.68,20.68,20.68
8347,20.68,20.68,20.68,20.68,20.68,20.68,20.68,20.68,20.68,20.68
8348,20.68,20.68,20.68,20.68,20.68,20.68,20.68,20.68,20.68,20.68
8349,20.68,20.68,20.68,20.68,20.68,20.68,20.68,20.68,20.68,20.68
8350,20.68,20.68,20.68,20.68,20.68,20.68,20.68,20.68,20.68,20.68
8351,20.68,20.68,20.68,20.68,20.68,20.68,20.68,20.68,20.68,20.68
8352,20.68,20.68,20.68,20.68,20.68,20.68,20.68,20.68,20.68,20.68
8353,20.68,20.68,20.68,20.68,20.68,20.68,20.68,20.68,20.68,20.68
8354,20.68,20.68,20.68,20.68,20.68,20.68,20.68,20.68,20.68,20.68
8355,20.68,20.68,20.68,20.68,20.68,20.68,20.68,20.68,20.68,20.68
8356,20.68,20.68,20.68,20.68,20.68,20.68,20.68,20.68,20.68,20.68
8357,20.68,20.68,20.68,20.68,20.68,20.68,20.68,20.68,20.68,20.68
8358,20.68,20.68,20.68,20.68,20.68,20.68,20.68,20.68,20.68,20.68
8359,20.68,20.68,20.68,20.68,20.68,20.68,20.68,20.68,20.68,20.68
8360,20.68,20.68,20.68,20.68,20.68,20.68,20.68,20.68,20.68,20.68
8361,20.68,20.68,20.68,20.68,20.68,20.68,20.68,20.68,20.68,20.68
8362,20.68,20.68,20.68,20.68,20.68,20.68,20.68,20.68,20.68,20.68
8363,20.68,20.68,20.68,20.68,20.68,20.68,20.68,20.68,20.68,20.68
8364,20.68,20.68,20.68,20.68,20.68,20.68,20.68,20.68,20.68,20.68
8365,20.68,20.68,20.68,20.68,20.68,20.68,20.68,20.68,20.68,20.68
8366,20.68,20.68,20.68,20.68,20.68,20.68,20.68,20.68,20.68,20.68
8367,20.68,20.68,20.68,20.68,20.68,20.68,20.68,20.68,20.68,20.68
8368,20.68,20.68,20.68,20.68,20.68,20.68,20.68,20.68,20.68,20.68
8369,20.68,20.68,20.68,20.68,20.68,20.68,20.68,20.68,20.68,20.68
8370,20.68,20.68,20.68,20.68,20.68,20.68,20.68,20.68,20.68,20.68
8371,20.68,20.68,20.68,20.68,20.68,20.68,20.68,20.68,20.68,20.68
8372,20.68,20.68,20.68,20.68,20.68,20.68,20.68,20.68,20.68,20.68
8373,20.68,20.68,20.68,20.68,20.68,20.68,20.68,20.68,20.68,20.68
8374,20.68,20.68,20.68,20.68,20.68,20.68,20.68,20.68,20.68,20.68
8375,20.68,20.68,20.68,20.68,20.68,20.68,20.68,20.68,20.68,20.68
8376,20.68,20.68,20.68,20.68,20.68,20.68,20.68,20.68,20.68,20.68
8377,20.68,20.68,20.68,20.68,20.68,20.68,20.68,20.68,20.68,20.68
8378,20.68,20.68,20.68,20.68,20.68,20.68,20.68,20.68,20.68,20.68
8379,20.68,20.68,20.68,20.68,20.68,20.68,20.68,20.68,20.68,20.68
8380,20.68,20.68,20.68,20.68,20.68,20.68,20.68,20.68,20.68,20.68
8381,20.68,20.68,20.68,20.68,20.68,20.68,20.68,20.68,20.68,20.68
8382,20.68,20.68,20.68,20.68,20.68,20.68,20.68,20.68,20.68,20.68
8383,20.68,20.68,20.68,20.68,20.68,20.68,20.68,20.68,20.68,20.68
8384,20.68,20.68,20.68,20.68,20.68,20.68,20.68,20.68,20.68,20.68
8385,20.68,20.68,20.68,20.68,20.68,20.68,20.68,20.68,20.68,20.68
8386,20.68,20.68,20.68,20.68,20.68,20.68,20.68,20.68,20.68,20.68
8387,20.68,20.68,20.68,20.68,20.68,20.68,20.68,20.68,20.68,20.68
8388,20.68,20.68,20.68,20.68,20.68,20.68,20.68,20.68,20.68,20.68
8389,20.68,20.68,20.68,20.68,20.68,20.68,20.68,20.68,20.68,20.68
8390,20.68,20.68,20.68,20.68,20.68,20.68,20.68,20.68,20.68,20.68
8391,20.68,20.68,20.68,20.68,20.68,20.68,20.68,20.68,20.68,20.68
8392,20.68,20.68,20.68,20.68,20.68,20.68,20.68,20.68,20.68,20.68
8393,20.68,20.68,20.68,20.68,20.68,20.68,20.68,20.68,20.68,20.68
8394,20.68,20.68,20.68,20.68,20.68,20.68,20.68,20.68,20.68,20.68
8395,20.68,20.68,20.68,20.68,20.68,20.68,20.68,20.68,20.68,20.68
8396,20.68,20.68,20.68,20.68,20.68,20.68,20.68,20.68,20.68,20.68
8397,20.68,20.68,20.68,20.68,20.68,20.68,20.68,20.68,20.68,20.68
8398,20.68,20.68,20.68,20.68,20.68,20.68,20.68,20.68,20.68,20.68
8399,20.68,20.68,20.68,20.68,20.68,20.68,20.68,20.68,20.68,20.68
8400,20.68,20.68,20.68,20.68,20.68,20.68,20.68,20.68,20.68,20.68
8401,20.68,20.68,20.68,20.68,20.68,20.68,20.68,20.68,20.68,20.68
8402,20.68,20.68,20.68,20.68,20.68,20.68,20.68,20.68,20.68,20.68
8403,20.68,20.68,20.68,20.68,20.68,20.68,20.68,20.68,20.68,20.68
8404,20.68,20.68,20.68,20.68,20.68,20.68,20.68,20.68,20.68,20.68
8405,20.68,20.68,20.68,20.68,20.68,20.68,20.68,20.68,20.68,20.68
8406,20.68,20.68,20.68,20.68,20.68,20.68,20.68,20.68,20.68,20.68
8407,20.68,20.68,20.68,20.68,20.68,20.68,20.68,20.68,20.68,20.68
8408,20.68,20.68,20.68,20.68,20.68,20.68,20.68,20.68,20.68,20.68
8409,20.68,20.68,20.68,20.68,20.68,20.68,20.68,20.68,20.68,20.68
8410,20.68,20.68,20.68,20.68,20.68,20.68,20.68,20.68,20.68,20.68
8411,20.68,20.68,20.68,20.68,20.68,20.68,20.68,20.68,20.68,20.68
8412,20.68,20.68,20.68,20.68,20.68,20.68,20.68,20.68,20.68,20.68
8413,20.68,20.68,20.68,20.68,20.68,20.68,20.68,20.68,20.68,20.68
8414,20.68,20.68,20.68,20.68,20.68,20.68,20.68,20.68,20.68,20.68
8415,20.68,20.68,20.68,20.68,20.68,20.68,20.68,20.68,20.68,20.68
8416,20.68,20.68,20.68,20.68,20.68,20.68,20.68,20.68,20.68,20.68
8417,20.68,20.68,20.68,20.68,20.68,20.68,20.68,20.68,20.68,20.68
8418,20.68,20.68,20.68,20.68,20.68,20.68,20.68,20.68,20.68,20.68
8419,20.68,20.68,20.68,20.68,20.68,20.68,20.68,20.68,20.68,20.68
8420,20.68,20.68,20.68,20.68,20.68,20.68,20.68,20.68,20.68,20.68
8421,20.68,20.68,20.68,20.68,20.68,20.68,20.68,20.68,20.68,20.68
8422,20.68,20.68,20.68,20.68,20.68,20.68,20.68,20.68,20.68,20.68
8423,20.68,20.68,20.68,20.68,20.68,20.68,20.68,20.68,20.68,20.68
8424,20.68,20.68,20.68,20.68,20.68,20.68,20.68,20.68,20.68,20.68
8425,20.68,20.68,20.68,20.68,20.68,20.68,20.68,20.68,20.68,20.68
8426,20.68,20.68,20.68,20.68,20.68,20.68,20.68,20.68,20.68,20.68
8427,20.68,20.68,20.68,20.68,20.68,20.68,20.68,20.68,20.68,20.68
8428,20.68,20.68,20.68,20.68,20.68,20.68,20.68,20.68,20.68,20.68
8429,20.68,20.68,20.68,20.68,20.68,20.68,20.68,20.68,20.68,20.68
8430,20.68,20.68,20.68,20.68,20.68,20.68,20.68,20.68,20.68,20.68
8431,20.68,20.68,20.68,20.68,20.68,20.68,20.68,20.68,20.68,20.68
8432,20.68,20.68,20.68,20.68,20.68,20.68,20.68,20.68,20.68,20.68
8433,20.68,20.68,20.68,20.68,20.68,20.68,20.68,20.68,20.68,20.68
8434,20.68,20.68,20.68,20.68,20.68,20.68,20.68,20.68,20.68,20.68
8435,20.68,20.68,20.68,20.68,20.68,20.68,20.68,20.68,20.68,20.68
8436,20.68,20.68,20.68,20.68,20.68,20.68,20.68,20.68,20.68,20.68
8437,20.68,20.68,20.68,20.68,20.68,20.68,20.68,20.68,20.68,20.68
8438,20.68,20.68,20.68,20.68,20.68,20.68,20.68,20.68,20.68,20.68
8439,20.68,20.68,20.68,20.68,20.68,20.68,20.68,20.68,20.68,20.68
8440,20.68,20.68,20.68,20.68,20.68,20.68,20.68,20.68,20.68,20.68
8441,20.68,20.68,20.68,20.68,20.68,20.68,20.68,20.68,20.68,20.68
8442,20.68,20.68,20.68,20.68,20.68,20.68,20.68,20.68,20.68,20.68
8443,20.68,20.68,20.68,20.68,20.68,20.68,20.68,20.68,20.68,20.68
8444,20.68,20.68,20.68,20.68,20.68,20.68,20.68,20.68,20.68,20.68
8445,20.68,20.68,20.68,20.68,20.68,20.68,20.68,20.68,20.68,20.68
8446,20.68,20.68,20.68,20.68,20.68,20.68,20.68,20.68,20.68,20.68
8447,20.68,20.68,20.68,20.68,20.68,20.68,20.68,20.68,20.68,20.68
8448,20.68,20.68,20.68,20.68,20.68,20.68,20.68,20.68,20.68,20.68
8449,20.68,20.68,20.68,20.68,20.68,20.68,20.68,20.68,20.68,20.68
8450,20.68,20.68,20.68,20.68,20.68,20.68,20.68,20.68,20.68,20.68
8451,20.68,20.68,20.68,20.68,20.68,20.68,20.68,20.68,20.68,20.68
8452,20.68,20.68,20.68,20.68,20.68,20.68,20.68,20.68,20.68,20.68
8453,20.68,20.68,20.68,20.68,20.68,20.68,20.68,20.68,20.68,20.68
8454,20.68,20.68,20.68,20.68,20.68,20.68,20.68,20.68,20.68,20.68
8455,20.68,20.68,20.68,20.68,20.68,20.68,20.68,20.68,20.68,20.68
8456,20.68,20.68,20.68,20.68,20.68,20.68,20.68,20.68,20.68,20.68
8457,20.68,20.68,20.68,20.68,20.68,20.68,20.68,20.68,20.68,20.68
8458,20.68,20.68,20.68,20.68,20.68,20.68,20.68,20.68,20.68,20.68
8459,20.68,20.68,20.68,20.68,20.68,20.68,20.68,20.68,20.68,20.68
8460,20.68,20.68,20.68,20.68,20.68,20.68,20.68,20.68,20.68,20.68
8461,20.68,20.68,20.68,20.68,20.68,20.68,20.68,20.68,20.68,20.68
8462,20.68,20.68,20.68,20.68,20.68,20.68,20.68,20.68,20.68,20.68
8463,20.68,20.68,20.68,20.68,20.68,20.68,20.68,20.68,20.68,20.68
8464,20.68,20.68,20.68,20.68,20.68,20.68,20.68,20.68,20.68,20.68
8465,20.68,20.68,20.68,20.68,20.68,20.68,20.68,20.68,20.68,20.68
8466,20.68,20.68,20.68,20.68,20.68,20.68,20.68,20.68,20.68,20.68
8467,20.68,20.68,20.68,20.68,20.68,20.68,20.68,20.68,20.68,20.68
8468,20.68,20.68,20.68,20.68,20.68,20.68,20.68,20.68,20.68,20.68
8469,20.68,20.68,20.68,20.68,20.68,20.68,20.68,20.68,20.68,20.68
8470,20.68,20.68,20.68,20.68,20.68,20.68,20.68,20.68,20.68,20.68
8471,20.68,20.68,20.68,20.68,20.68,20.68,20.68,20.68,20.68,20.68
8472,20.68,20.68,20.68,20.68,20.68,20.68,20.68,20.68,20.68,20.68
8473,20.68,20.68,20.68,20.68,20.68,20.68,20.68,20.68,20.68,20.68
8474,20.68,20.68,20.68,20.68,20.68,20.68,20.68,20.68,20.68,20.68
8475,20.68,20.68,20.68,20.68,20.68,20.68,20.68,20.68,20.68,20.68
8476,20.68,20.68,20.68,20.68,20.68,20.68,20.68,20.68,20.68,20.68
8477,20.68,20.68,20.68,20.68,20.68,20.68,20.68,20.68,20.68,20.68
8478,20.68,20.68,20.68,20.68,20.68,20.68,20.68,20.68,20.68,20.68
8479,20.68,20.68,20.68,20.68,20.68,20.68,20.68,20.68,20.68,20.68
8480,20.68,20.68,20.68,20.68,20.68,20.68,20.68,20.68,20.68,20.68
8481,20.68,20.68,20.68,20.68,20.68,20.68,20.68,20.68,20.68,20.68
8482,20.68,20.68,20.68,20.68,20.68,20.68,20.68,20.68,20.68,20.68
8483,20.68,20.68,20.68,20.68,20.68,20.68,20.68,20.68,20.68,20.68
8484,20.68,20.68,20.68,20.68,20.68,20.68,20.68,20.68,20.68,20.68
8485,20.68,20.68,20.68,20.68,20.68,20.68,20.68,20.68,20.68,20.68
8486,20.68,20.68,20.68,20.68,20.68,20.68,20.68,20.68,20.68,20.68
8487,20.68,20.68,20.68,20.68,20.68,20.68,20.68,20.68,20.68,20.68
8488,20.68,20.68,20.68,20.68,20.68,20.68,20.68,20.68,20.68,20.68
8489,20.68,20.68,20.68,20.68,20.68,20.68,20.68,20.68,20.68,20.68
8490,20.68,20.68,20.68,20.68,20.68,20.68,20.68,20.68,20.68,20.68
8491,20.68,20.68,20.68,20.68,20.68,20.68,20.68,20.68,20.68,20.68
8492,20.68,20.68,20.68,20.68,20.68,20.68,20.68,20.68,20.68,20.68
8493,20.68,20.68,20.68,20.68,20.68,20.68,20.68,20.68,20.68,20.68
8494,20.68,20.68,20.68,20.68,20.68,20.68,20.68,20.68,20.68,20.68
8495,20.68,20.68,20.68,20.68,20.68,20.68,20.68,20.68,20.68,20.68
8496,20.68,20.68,20.68,20.68,20.68,20.68,20.68,20.68,20.68,20.68
8497,20.68,20.68,20.68,20.68,20.68,20.68,20.68,20.68,20.68,20.68
8498,20.68,20.68,20.68,20.68,20.68,20.68,20.68,20.68,20.68,20.68
8499,20.68,20.68,20.68,20.68,20.68,20.68,20.68,20.68,20.68,20.68
8500,20.68,20.68,20.68,20.68,20.68,20.68,20.68,20.68,20.68,20.68
8501,20.68,20.68,20.68,20.68,20.68,20.68,20.68,20.68,20.68,20.68
8502,20.68,20.68,20.68,20.68,20.68,20.68,20.68,20.68,20.68,20.68
8503,20.68,20.68,20.68,20.68,20.68,20.68,20.68,20.68,20.68,20.68
8504,20.68,20.68,20.68,20.68,20.68,20.68,20.68,20.68,20.68,20.68
8505,20.68,20.68,20.68,20.68,20.68,20.68,20.68,20.68,20.68,20.68
8506,20.68,20.68,20.68,20.68,20.68,20.68,20.68,20.68,20.68,20.68
8507,20.68,20.68,20.68,20.68,20.68,20.68,20.68,20.68,20.68,20.68
8508,20.68,20.68,20.68,20.68,20.68,20.68,20.68,20.68,20.68,20.68
8509,20.68,20.68,20.68,20.68,20.68,20.68,20.68,20.68,20.68,20.68
8510,20.68,20.68,20.68,20.68,20.68,20.68,20.68,20.68,20.68,20.68
8511,20.68,20.68,20.68,20.68,20.68,20.68,20.68,20.68,20.68,20.68
8512,20.68,20.68,20.68,20.68,20.68,20.68,20.68,20.68,20.68,20.68
8513,20.68,20.68,20.68,20.68,20.68,20.68,20.68,20.68,20.68,20.68
8514,20.68,20.68,20.68,20.68,20.68,20.68,20.68,20.68,20.68,20.68
8515,20.68,20.68,20.68,20.68,20.68,20.68,20.68,20.68,20.68,20.68
8516,20.68,20.68,20.68,20.68,20.68,20.68,20.68,20.68,20.68,20.68
8517,20.68,20.68,20.68,20.68,20.68,20.68,20.68,20.68,20.68,20.68
8518,20.68,20.68,20.68,20.68,20.68,20.68,20.68,20.68,20.68,20.68
8519,20.68,20.68,20.68,20.68,20.68,20.68,20.68,20.68,20.68,20.68
8520,20.68,20.68,20.68,20.68,20.68,20.68,20.68,20.68,20.68,20.68
8521,20.68,20.68,20.68,20.68,20.68,20.68,20.68,20.68,20.68,20.68
8522,20.68,20.68,20.68,20.68,20.68,20.68,20.68,20.68,20.68,20.68
8523,20.68,20.68,20.68,20.68,20.68,20.68,20.68,20.68,20.68,20.68
8524,20.68,20.68,20.68,20.68,20.68,20.68,20.68,20.68,20.68,20.68
8525,20.68,20.68,20.68,20.68,20.68,20.68,20.68,20.68,20.68,20.68
8526,20.68,20.68,20.68,20.68,20.68,20.68,20.68,20.68,20.68,20.68
8527,20.68,20.68,20.68,20.68,20.68,20.68,20.68,20.68,20.68,20.68
8528,20.68,20.68,20.68,20.68,20.68,20.68,20.68,20.68,20.68,20.68
8529,20.68,20.68,20.68,20.68,20.68,20.68,20.68,20.68,20.68,20.68
8530,20.68,20.68,20.68,20.68,20.68,20.68,20.68,20.68,20.68,20.68
8531,20.68,20.68,20.68,20.68,20.68,20.68,20.68,20.68,20.68,20.68
8532,20.68,20.68,20.68,20.68,20.68,20.68,20.68,20.68,20.68,20.68
8533,20.68,20.68,20.68,20.68,20.68,20.68,20.68,20.68,20.68,20.68
8534,20.68,20.68,20.68,20.68,20.68,20.68,20.68,20.68,20.68,20.68
8535,20.68,20.68,20.68,20.68,20.68,20.68,20.68,20.68,20.68,20.68
8536,20.68,20.68,20.68,20.68,20.68,20.68,20.68,20.68,20.68,20.68
8537,20.68,20.68,20.68,20.68,20.68,20.68,20.68,20.68,20.68,20.68
8538,20.68,20.68,20.68,20.68,20.68,20.68,20.68,20.68,20.68,20.68
8539,20.68,20.68,20.68,20.68,20.68,20.68,20.68,20.68,20.68,20.68
8540,20.68,20.68,20.68,20.68,20.68,20.68,20.68,20.68,20.68,20.68
8541,20.68,20.68,20.68,20.68,20.68,20.68,20.68,20.68,20.68,20.68
8542,20.68,20.68,20.68,20.68,20.68,20.68,20.68,20.68,20.68,20.68
8543,20.68,20.68,20.68,20.68,20.68,20.68,20.68,20.68,20.68,20.68
8544,20.68,20.68,20.68,20.68,20.68,20.68,20.68,20.68,20.68,20.68
8545,20.68,20.68,20.68,20.68,20.68,20.68,20.68,20.68,20.68,20.68
8546,20.68,20.68,20.68,20.68,20.68,20.68,20.68,20.68,20.68,20.68
8547,20.68,20.68,20.68,20.68,20.68,20.68,20.68,20.68,20.68,20.68
8548,20.68,20.68,20.68,20.68,20.68,20.68,20.68,20.68,20.68,20.68
8549,20.68,20.68,20.68,20.68,20.68,20.68,20.68,20.68,20.68,20.68
8550,20.68,20.68,20.68,20.68,20.68,20.68,20.68,20.68,20.68,20.68
8551,20.68,20.68,20.68,20.68,20.68,20.68,20.68,20.68,20.68,20.68
8552,20.68,20.68,20.68,20.68,20.68,20.68,20.68,20.68,20.68,20.68
8553,20.68,20.68,20.68,20.68,20.68,20.68,20.68,20.68,20.68,20.68
8554,20.68,20.68,20.68,20.68,20.68,20.68,20.68,20.68,20.68,20.68
8555,20.68,20.68,20.68,20.68,20.68,20.68,20.68,20.68,20.68,20.68
8556,20.68,20.68,20.68,20.68,20.68,20.68,20.68,20.68,20.68,20.68
8557,20.68,20.68,20.68,20.68,20.68,20.68,20.68,20.68,20.68,20.68
8558,20.68,20.68,20.68,20.68,20.68,20.68,20.68,20.68,20.68,20.68
8559,20.68,20.68,20.68,20.68,20.68,20.68,20.68,20.68,20.68,20.68
8560,20.68,20.68,20.68,20.68,20.68,20.68,20.68,20.68,20.68,20.68
8561,20.68,20.68,20.68,20.68,20.68,20.68,20.68,20.68,20.68,20.68
8562,20.68,20.68,20.68,20.68,20.68,20.68,20.68,20.68,20.68,20.68
8563,20.68,20.68,20.68,20.68,20.68,20.68,20.68,20.68,20.68,20.68
8564,20.68,20.68,20.68,20.68,20.68,20.68,20.68,20.68,20.68,20.68
8565,20.68,20.68,20.68,20.68,20.68,20.68,20.68,20.68,20.68,20.68
8566,20.68,20.68,20.68,20.68,20.68,20.68,20.68,20.68,20.68,20.68
8567,20.68,20.68,20.68,20.68,20.68,20.68,20.68,20.68,20.68,20.68
8568,20.68,20.68,20.68,20.68,20.68,20.68,20.68,20.68,20.68,20.68
8569,20.68,20.68,20.68,20.68,20.68,20.68,20.68,20.68,20.68,20.68
8570,20.68,20.68,20.68,20.68,20.68,20.68,20.68,20.68,20.68,20.68
8571,20.68,20.68,20.68,20.68,20.68,20.68,20.68,20.68,20.68,20.68
8572,20.68,20.68,20.68,20.68,20.68,20.68,20.68,20.68,20.68,20.68
8573,20.68,20.68,20.68,20.68,20.68,20.68,20.68,20.68,20.68,20.68
8574,20.68,20.68,20.68,20.68,20.68,20.68,20.68,20.68,20.68,20.68
8575,20.68,20.68,20.68,20.68,20.68,20.68,20.68,20.68,20.68,20.68
8576,20.68,20.68,20.68,20.68,20.68,20.68,20.68,20.68,20.68,20.68
8577,20.68,20.68,20.68,20.68,20.68,20.68,20.68,20.68,20.68,20.68
8578,20.68,20.68,20.68,20.68,20.68,20.68,20.68,20.68,20.68,20.68
8579,20.68,20.68,20.68,20.68,20.68,20.68,20.68,20.68,20.68,20.68
8580,20.68,20.68,20.68,20.68,20.68,20.68,20.68,20.68,20.68,20.68
8581,20.68,20.68,20.68,20.68,20.68,20.68,20.68,20.68,20.68,20.68
8582,20.68,20.68,20.68,20.68,20.68,20.68,20.68,20.68,20.68,20.68
8583,20.68,20.68,20.68,20.68,20.68,20.68,20.68,20.68,20.68,20.68
8584,20.68,20.68,20.68,20.68,20.68,20.68,20.68,20.68,20.68,20.68
8585,20.68,20.68,20.68,20.68,20.68,20.68,20.68,20.68,20.68,20.68
8586,20.68,20.68,20.68,20.68,20.68,20.68,20.68,20.68,20.68,20.68
8587,20.68,20.68,20.68,20.68,20.68,20.68,20.68,20.68,20.68,20.68
8588,20.68,20.68,20.68,20.68,20.68,20.68,20.68,20.68,20.68,20.68
8589,20.68,20.68,20.68,20.68,20.68,20.68,20.68,20.68,20.68,20.68
8590,20.68,20.68,20.68,20.68,20.68,20.68,20.68,20.68,20.68,20.68
8591,20.68,20.68,20.68,20.68,20.68,20.68,20.68,20.68,20.68,20.68
8592,20.68,20.68,20.68,20.68,20.68,20.68,20.68,20.68,20.68,20.68
8593,20.68,20.68,20.68,20.68,20.68,20.68,20.68,20.68,20.68,20.68
8594,20.68,20.68,20.68,20.68,20.68,20.68,20.68,20.68,20.68,20.68
8595,20.68,20.68,20.68,20.68,20.68,20.68,20.68,20.68,20.68,20.68
8596,20.68,20.68,20.68,20.68,20.68,20.68,20.68,20.68,20.68,20.68
8597,20.68,20.68,20.68,20.68,20.68,20.68,20.68,20.68,20.68,20.68
8598,20.68,20.68,20.68,20.68,20.68,20.68,20.68,20.68,20.68,20.68
8599,20.68,20.68,20.68,20.68,20.68,20.68,20.68,20.68,20.68,20.68
8600,20.68,20.68,20.68,20.68,20.68,20.68,20.68,20.68,20.68,20.68
8601,20.68,20.68,20.68,20.68,20.68,20.68,20.68,20.68,20.68,20.68
8602,20.68,20.68,20.68,20.68,20.68,20.68,20.68,20.68,20.68,20.68
8603,20.68,20.68,20.68,20.68,20.68,20.68,20.68,20.68,20.68,20.68
8604,20.68,20.68,20.68,20.68,20.68,20.68,20.68,20.68,20.68,20.68
8605,20.68,20.68,20.68,20.68,20.68,20.68,20.68,20.68,20.68,20.68
8606,20.68,20.68,20.68,20.68,20.68,20.68,20.68,20.68,20.68,20.68
8607,20.68,20.68,20.68,20.68,20.68,20.68,20.68,20.68,20.68,20.68
8608,20.68,20.68,20.68,20.68,20.68,20.68,20.68,20.68,20.68,20.68
8609,20.68,20.68,20.68,20.68,20.68,20.68,20.68,20.68,20.68,20.68
8610,20.68,20.68,20.68,20.68,20.68,20.68,20.68,20.68,20.68,20.68
8611,20.68,20.68,20.68,20.68,20.68,20.68,20.68,20.68,20.68,20.68
8612,20.68,20.68,20.68,20.68,20.68,20.68,20.68,20.68,20.68,20.68
8613,20.68,20.68,20.68,20.68,20.68,20.68,20.68,20.68,20.68,20.68
8614,20.68,20.68,20.68,20.68,20.68,20.68,20.68,20.68,20.68,20.68
8615,20.68,20.68,20.68,20.68,20.68,20.68,20.68,20.68,20.68,20.68
8616,20.68,20.68,20.68,20.68,20.68,20.68,20.68,20.68,20.68,20.68
8617,20.68,20.68,20.68,20.68,20.68,20.68,20.68,20.68,20.68,20.68
8618,20.68,20.68,20.68,20.68,20.68,20.68,20.68,20.68,20.68,20.68
8619,20.68,20.68,20.68,20.68,20.68,20.68,20.68,20.68,20.68,20.68
8620,20.68,20.68,20.68,20.68,20.68,20.68,20.68,20.68,20.68,20.68
8621,20.68,20.68,20.68,20.68,20.68,20.68,20.68,20.68,20.68,20.68
8622,20.68,20.68,20.68,20.68,20.68,20.68,20.68,20.68,20.68,20.68
8623,20.68,20.68,20.68,20.68,20.68,20.68,20.68,20.68,20.68,20.68
8624,20.68,20.68,20.68,20.68,20.68,20.68,20.68,20.68,20.68,20.68
8625,20.68,20.68,20.68,20.68,20.68,20.68,20.68,20.68,20.68,20.68
8626,20.68,20.68,20.68,20.68,20.68,20.68,20.68,20.68,20.68,20.68
8627,20.68,20.68,20.68,20.68,20.68,20.68,20.68,20.68,20.68,20.68
8628,20.68,20.68,20.68,20.68,20.68,20.68,20.68,20.68,20.68,20.68
8629,20.68,20.68,20.68,20.68,20.68,20.68,20.68,20.68,20.68,20.68
8630,20.68,20.68,20.68,20.68,20.68,20.68,20.68,20.68,20.68,20.68
8631,20.68,20.68,20.68,20.68,20.68,20.68,20.68,20.68,20.68,20.68
8632,20.68,20.68,20.68,20.68,20.68,20.68,20.68,20.68,20.68,20.68
8633,20.68,20.68,20.68,20.68,20.68,20.68,20.68,20.68,20.68,20.68
8634,20.68,20.68,20.68,20.68,20.68,20.68,20.68,20.68,20.68,20.68
8635,20.68,20.68,20.68,20.68,20.68,20.68,20.68,20.68,20.68,20.68
8636,20.68,20.68,20.68,20.68,20.68,20.68,20.68,20.68,20.68,20.68
8637,20.68,20.68,20.68,20.68,20.68,20.68,20.68,20.68,20.68,20.68
8638,20.68,20.68,20.68,20.68,20.68,20.68,20.68,20.68,20.68,20.68
8639,20.68,20.68,20.68,20.68,20.68,20.68,20.68,20.68,20.68,20.68
8640,20.68,20.68,20.68,20.68,20.68,20.68,20.68,20.68,20.68,20.68
8641,20.68,20.68,20.68,20.68,20.68,20.68,20.68,20.68,20.68,20.68
8642,20.68,20.68,20.68,20.68,20.68,20.68,20.68,20.68,20.68,20.68
8643,20.68,20.68,20.68,20.68,20.68,20.68,20.68,20.68,20.68,20.68
8644,20.68,20.68,20.68,20.68,20.68,20.68,20.68,20.68,20.68,20.68
8645,20.68,20.68,20.68,20.68,20.68,20.68,20.68,20.68,20.68,20.68
8646,20.68,20.68,20.68,20.68,20.68,20.68,20.68,20.68,20.68,20.68
8647,20.68,20.68,20.68,20.68,20.68,20.68,20.68,20.68,20.68,20.68
8648,20.68,20.68,20.68,20.68,20.68,20.68,20.68,20.68,20.68,20.68
8649,20.68,20.68,20.68,20.68,20.68,20.68,20.68,20.68,20.68,20.68
8650,20.68,20.68,20.68,20.68,20.68,20.68,20.68,20.68,20.68,20.68
8651,20.68,20.68,20.68,20.68,20.68,20.68,20.68,20.68,20.68,20.68
8652,20.68,20.68,20.68,20.68,20.68,20.68,20.68,20.68,20.68,20.68
8653,20.68,20.68,20.68,20.68,20.68,20.68,20.68,20.68,20.68,20.68
8654,20.68,20.68,20.68,20.68,20.68,20.68,20.68,20.68,20.68,20.68
8655,20.68,20.68,20.68,20.68,20.68,20.68,20.68,20.68,20.68,20.68
8656,20.68,20.68,20.68,20.68,20.68,20.68,20.68,20.68,20.68,20.68
8657,20.68,20.68,20.68,20.68,20.68,20.68,20.68,20.68,20.68,20.68
8658,20.68,20.68,20.68,20.68,20.68,20.68,20.68,20.68,20.68,20.68
8659,20.68,20.68,20.68,20.68,20.68,20.68,20.68,20.68,20.68,20.68
8660,20.68,20.68,20.68,20.68,20.68,20.68,20.68,20.68,20.68,20.68
8661,20.68,20.68,20.68,20.68,20.68,20.68,20.68,20.68,20.68,20.68
8662,20.68,20.68,20.68,20.68,20.68,20.68,20.68,20.68,20.68,20.68
8663,20.68,20.68,20.68,20.68,20.68,20.68,20.68,20.68,20.68,20.68
8664,20.68,20.68,20.68,20.68,20.68,20.68,20.68,20.68,20.68,20.68
8665,20.68,20.68,20.68,20.68,20.68,20.68,20.68,20.68,20.68,20.68
8666,20.68,20.68,20.68,20.68,20.68,20.68,20.68,20.68,20.68,20.68
8667,20.68,20.68,20.68,20.68,20.68,20.68,20.68,20.68,20.68,20.68
8668,20.68,20.68,20.68,20.68,20.68,20.68,20.68,20.68,20.68,20.68
8669,20.68,20.68,20.68,20.68,20.68,20.68,20.68,20.68,20.68,20.68
8670,20.68,20.68,20.68,20.68,20.68,20.68,20.68,20.68,20.68,20.68
8671,20.68,20.68,20.68,20.68,20.68,20.68,20.68,20.68,20.68,20.68
8672,20.68,20.68,20.68,20.68,20.68,20.68,20.68,20.68,20.68,20.68
8673,20.68,20.68,20.68,20.68,20.68,20.68,20.68,20.68,20.68,20.68
8674,20.68,20.68,20.68,20.68,20.68,20.68,20.68,20.68,20.68,20.68
8675,20.68,20.68,20.68,20.68,20.68,20.68,20.68,20.68,20.68,20.68
8676,20.68,20.68,20.68,20.68,20.68,20.68,20.68,20.68,20.68,20.68
8677,20.68,20.68,20.68,20.68,20.68,20.68,20.68,20.68,20.68,20.68
8678,20.68,20.68,20.68,20.68,20.68,20.68,20.68,20.68,20.68,20.68
8679,20.68,20.68,20.68,20.68,20.68,20.68,20.68,20.68,20.68,20.68
8680,20.68,20.68,20.68,20.68,20.68,20.68,20.68,20.68,20.68,20.68
8681,20.68,20.68,20.68,20.68,20.68,20.68,20.68,20.68,20.68,20.68
8682,20.68,20.68,20.68,20.68,20.68,20.68,20.68,20.68,20.68,20.68
8683,20.68,20.68,20.68,20.68,20.68,20.68,20.68,20.68,20.68,20.68
8684,20.68,20.68,20.68,20.68,20.68,20.68,20.68,20.68,20.68,20.68
8685,20.68,20.68,20.68,20.68,20.68,20.68,20.68,20.68,20.68,20.68
8686,20.68,20.68,20.68,20.68,20.68,20.68,20.68,20.68,20.68,20.68
8687,20.68,20.68,20.68,20.68,20.68,20.68,20.68,20.68,20.68,20.68
8688,20.68,20.68,20.68,20.68,20.68,20.68,20.68,20.68,20.68,20.68
8689,20.68,20.68,20.68,20.68,20.68,20.68,20.68,20.68,20.68,20.68
8690,20.68,20.68,20.68,20.68,20.68,20.68,20.68,20.68,20.68,20.68
8691,20.68,20.68,20.68,20.68,20.68,20.68,20.68,20.68,20.68,20.68
8692,20.68,20.68,20.68,20.68,20.68,20.68,20.68,20.68,20.68,20.68
8693,20.68,20.68,20.68,20.68,20.68,20.68,20.68,20.68,20.68,20.68
8694,20.68,20.68,20.68,20.68,20.68,20.68,20.68,20.68,20.68,20.68
8695,20.68,20.68,20.68,20.68,20.68,20.68,20.68,20.68,20.68,20.68
8696,20.68,20.68,20.68,20.68,20.68,20.68,20.68,20.68,20.68,20.68
8697,20.68,20.68,20.68,20.68,20.68,20.68,20.68,20.68,20.68,20.68
8698,20.68,20.68,20.68,20.68,20.68,20.68,20.68,20.68,20.68,20.68
8699,20.68,20.68,20.68,20.68,20.68,20.68,20.68,20.68,20.68,20.68
8700,20.68,20.68,20.68,20.68,20.68,20.68,20.68,20.68,20.68,20.68
8701,20.68,20.68,20.68,20.68,20.68,20.68,20.68,20.68,20.68,20.68
8702,20.68,20.68,20.68,20.68,20.68,20.68,20.68,20.68,20.68,20.68
8703,20.68,20.68,20.68,20.68,20.68,20.68,20.68,20.68,20.68,20.68
8704,20.68,20.68,20.68,20.68,20.68,20.68,20.68,20.68,20.68,20.68
8705,20.68,20.68,20.68,20.68,20.68,20.68,20.68,20.68,20.68,20.68
8706,20.68,20.68,20.68,20.68,20.68,20.68,20.68,20.68,20.68,20.68
8707,20.68,20.68,20.68,20.68,20.68,20.68,20.68,20.68,20.68,20.68
8708,20.68,20.68,20.68,20.68,20.68,20.68,20.68,20.68,20.68,20.68
8709,20.68,20.68,20.68,20.68,20.68,20.68,20.68,20.68,20.68,20.68
8710,20.68,20.68,20.68,20.68,20.68,20.68,20.68,20.68,20.68,20.68
8711,20.68,20.68,20.68,20.68,20.68,20.68,20.68,20.68,20.68,20.68
8712,20.68,20.68,20.68,20.68,20.68,20.68,20.68,20.68,20.68,20.68
8713,20.68,20.68,20.68,20.68,20.68,20.68,20.68,20.68,20.68,20.68
8714,20.68,20.68,20.68,20.68,20.68,20.68,20.68,20.68,20.68,20.68
8715,20.68,20.68,20.68,20.68,20.68,20.68,20.68,20.68,20.68,20.68
8716,20.68,20.68,20.68,20.68,20.68,20.68,20.68,20.68,20.68,20.68
8717,20.68,20.68,20.68,20.68,20.68,20.68,20.68,20.68,20.68,20.68
8718,20.68,20.68,20.68,20.68,20.68,20.68,20.68,20.68,20.68,20.68
8719,20.68,20.68,20.68,20.68,20.68,20.68,20.68,20.68,20.68,20.68
8720,20.68,20.68,20.68,20.68,20.68,20.68,20.68,20.68,20.68,20.68
8721,20.68,20.68,20.68,20.68,20.68,20.68,20.68,20.68,20.68,20.68
8722,20.68,20.68,20.68,20.68,20.68,20.68,20.68,20.68,20.68,20.68
8723,20.68,20.68,20.68,20.68,20.68,20.68,20.68,20.68,20.68,20.68
8724,20.68,20.68,20.68,20.68,20.68,20.68,20.68,20.68,20.68,20.68
8725,20.68,20.68,20.68,20.68,20.68,20.68,20.68,20.68,20.68,20.68
8726,20.68,20.68,20.68,20.68,20.68,20.68,20.68,20.68,20.68,20.68
8727,20.68,20.68,20.68,20.68,20.68,20.68,20.68,20.68,20.68,20.68
8728,20.68,20.68,20.68,20.68,20.68,20.68,20.68,20.68,20.68,20.68
8729,20.68,20.68,20.68,20.68,20.68,20.68,20.68,20.68,20.68,20.68
8730,20.68,20.68,20.68,20.68,20.68,20.68,20.68,20.68,20.68,20.68
8731,20.68,20.68,20.68,20.68,20.68,20.68,20.68,20.68,20.68,20.68
8732,20.68,20.68,20.68,20.68,20.68,20.68,20.68,20.68,20.68,20.68
8733,20.68,20.68,20.68,20.68,20.68,20.68,20.68,20.68,20.68,20.68
8734,20.68,20.68,20.68,20.68,20.68,20.68,20.68,20.68,20.68,20.68
8735,20.68,20.68,20.68,20.68,20.68,20.68,20.68,20.68,20.68,20.68
8736,20.68,20.68,20.68,20.68,20.68,20.68,20.68,20.68,20.68,20.68
8737,20.68,20.68,20.68,20.68,20.68,20.68,20.68,20.68,20.68,20.68
8738,20.68,20.68,20.68,20.68,20.68,20.68,20.68,20.68,20.68,20.68
8739,20.68,20.68,20.68,20.68,20.68,20.68,20.68,20.68,20.68,20.68
8740,20.68,20.68,20.68,20.68,20.68,20.68,20.68,20.68,20.68,20.68
8741,20.68,20.68,20.68,20.68,20.68,20.68,20.68,20.68,20.68,20.68
8742,20.68,20.68,20.68,20.68,20.68,20.68,20.68,20.68,20.68,20.68
8743,20.68,20.68,20.68,20.68,20.68,20.68,20.68,20.68,20.68,20.68
8744,20.68,20.68,20.68,20.68,20.68,20.68,20.68,20.68,20.68,20.68
8745,20.68,20.68,20.68,20.68,20.68,20.68,20.68,20.68,20.68,20.68
8746,20.68,20.68,20.68,20.68,20.68,20.68,20.68,20.68,20.68,20.68
8747,20.68,20.68,20.68,20.68,20.68,20.68,20.68,20.68,20.68,20.68
8748,20.68,20.68,20.68,20.68,20.68,20.68,20.68,20.68,20.68,20.68
8749,20.68,20.68,20.68,20.68,20.68,20.68,20.68,20.68,20.68,20.68
8750,20.68,20.68,20.68,20.68,20.68,20.68,20.68,20.68,20.68,20.68
8751,20.68,20.68,20.68,20.68,20.68,20.68,20.68,20.68,20.68,20.68
8752,20.68,20.68,20.68,20.68,20.68,20.68,20.68,20.68,20.68,20.68
8753,20.68,20.68,20.68,20.68,20.68,20.68,20.68,20.68,20.68,20.68
8754,20.68,20.68,20.68,20.68,20.68,20.68,20.68,20.68,20.68,20.68
8755,20.68,20.68,20.68,20.68,20.68,20.68,20.68,20.68,20.68,20.68
8756,20.68,20.68,20.68,20.68,20.68,20.68,20.68,20.68,20.68,20.68
8757,20.68,20.68,20.68,20.68,20.68,20.68,20.68,20.68,20.68,20.68
8758,20.68,20.68,20.68,20.68,20.68,20.68,20.68,20.68,20.68,20.68
8759,20.68,20.68,20.68,20.68,20.68,20.68,20.68,20.68,20.68,20.68
8760,20.68,20.68,20.68,20.68,20.68,20.68,20.68,20.68,20.68,20.68
