Time_Index,Price_mmbtu_z1,Price_mmbtu_z2,Price_mmbtu_z3,Price_mmbtu_z4,Price_mmbtu_z5,Price_mmbtu_z6,Price_mmbtu_z7,Price_mmbtu_z8,Price_mmbtu_z9
1,5.708775313,5.328411794,4.696239151,3.905496625,4.859578106,4.141613376,4.743400084,5.28652395,6.177789228
2,5.708775313,5.328411794,4.696239151,3.905496625,4.859578106,4.141613376,4.743400084,5.28652395,6.177789228
3,5.708775313,5.328411794,4.696239151,3.905496625,4.859578106,4.141613376,4.743400084,5.28652395,6.177789228
4,5.708775313,5.328411794,4.696239151,3.905496625,4.859578106,4.141613376,4.743400084,5.28652395,6.177789228
5,5.708775313,5.328411794,4.696239151,3.905496625,4.859578106,4.141613376,4.743400084,5.28652395,6.177789228
6,5.708775313,5.328411794,4.696239151,3.905496625,4.859578106,4.141613376,4.743400084,5.28652395,6.177789228
7,5.708775313,5.328411794,4.696239151,3.905496625,4.859578106,4.141613376,4.743400084,5.28652395,6.177789228
8,5.708775313,5.328411794,4.696239151,3.905496625,4.859578106,4.141613376,4.743400084,5.28652395,6.177789228
9,5.708775313,5.328411794,4.696239151,3.905496625,4.859578106,4.141613376,4.743400084,5.28652395,6.177789228
10,5.708775313,5.328411794,4.696239151,3.905496625,4.859578106,4.141613376,4.743400084,5.28652395,6.177789228
11,5.708775313,5.328411794,4.696239151,3.905496625,4.859578106,4.141613376,4.743400084,5.28652395,6.177789228
12,5.708775313,5.328411794,4.696239151,3.905496625,4.859578106,4.141613376,4.743400084,5.28652395,6.177789228
13,5.708775313,5.328411794,4.696239151,3.905496625,4.859578106,4.141613376,4.743400084,5.28652395,6.177789228
14,5.708775313,5.328411794,4.696239151,3.905496625,4.859578106,4.141613376,4.743400084,5.28652395,6.177789228
15,5.708775313,5.328411794,4.696239151,3.905496625,4.859578106,4.141613376,4.743400084,5.28652395,6.177789228
16,5.708775313,5.328411794,4.696239151,3.905496625,4.859578106,4.141613376,4.743400084,5.28652395,6.177789228
17,5.708775313,5.328411794,4.696239151,3.905496625,4.859578106,4.141613376,4.743400084,5.28652395,6.177789228
18,5.708775313,5.328411794,4.696239151,3.905496625,4.859578106,4.141613376,4.743400084,5.28652395,6.177789228
19,5.708775313,5.328411794,4.696239151,3.905496625,4.859578106,4.141613376,4.743400084,5.28652395,6.177789228
20,5.708775313,5.328411794,4.696239151,3.905496625,4.859578106,4.141613376,4.743400084,5.28652395,6.177789228
21,5.708775313,5.328411794,4.696239151,3.905496625,4.859578106,4.141613376,4.743400084,5.28652395,6.177789228
22,5.708775313,5.328411794,4.696239151,3.905496625,4.859578106,4.141613376,4.743400084,5.28652395,6.177789228
23,5.708775313,5.328411794,4.696239151,3.905496625,4.859578106,4.141613376,4.743400084,5.28652395,6.177789228
24,5.708775313,5.328411794,4.696239151,3.905496625,4.859578106,4.141613376,4.743400084,5.28652395,6.177789228
25,5.708775313,5.328411794,4.696239151,3.905496625,4.859578106,4.141613376,4.743400084,5.28652395,6.177789228
26,5.708775313,5.328411794,4.696239151,3.905496625,4.859578106,4.141613376,4.743400084,5.28652395,6.177789228
27,5.708775313,5.328411794,4.696239151,3.905496625,4.859578106,4.141613376,4.743400084,5.28652395,6.177789228
28,5.708775313,5.328411794,4.696239151,3.905496625,4.859578106,4.141613376,4.743400084,5.28652395,6.177789228
29,5.708775313,5.328411794,4.696239151,3.905496625,4.859578106,4.141613376,4.743400084,5.28652395,6.177789228
30,5.708775313,5.328411794,4.696239151,3.905496625,4.859578106,4.141613376,4.743400084,5.28652395,6.177789228
31,5.708775313,5.328411794,4.696239151,3.905496625,4.859578106,4.141613376,4.743400084,5.28652395,6.177789228
32,5.708775313,5.328411794,4.696239151,3.905496625,4.859578106,4.141613376,4.743400084,5.28652395,6.177789228
33,5.708775313,5.328411794,4.696239151,3.905496625,4.859578106,4.141613376,4.743400084,5.28652395,6.177789228
34,5.708775313,5.328411794,4.696239151,3.905496625,4.859578106,4.141613376,4.743400084,5.28652395,6.177789228
35,5.708775313,5.328411794,4.696239151,3.905496625,4.859578106,4.141613376,4.743400084,5.28652395,6.177789228
36,5.708775313,5.328411794,4.696239151,3.905496625,4.859578106,4.141613376,4.743400084,5.28652395,6.177789228
37,5.708775313,5.328411794,4.696239151,3.905496625,4.859578106,4.141613376,4.743400084,5.28652395,6.177789228
38,5.708775313,5.328411794,4.696239151,3.905496625,4.859578106,4.141613376,4.743400084,5.28652395,6.177789228
39,5.708775313,5.328411794,4.696239151,3.905496625,4.859578106,4.141613376,4.743400084,5.28652395,6.177789228
40,5.708775313,5.328411794,4.696239151,3.905496625,4.859578106,4.141613376,4.743400084,5.28652395,6.177789228
41,5.708775313,5.328411794,4.696239151,3.905496625,4.859578106,4.141613376,4.743400084,5.28652395,6.177789228
42,5.708775313,5.328411794,4.696239151,3.905496625,4.859578106,4.141613376,4.743400084,5.28652395,6.177789228
43,5.708775313,5.328411794,4.696239151,3.905496625,4.859578106,4.141613376,4.743400084,5.28652395,6.177789228
44,5.708775313,5.328411794,4.696239151,3.905496625,4.859578106,4.141613376,4.743400084,5.28652395,6.177789228
45,5.708775313,5.328411794,4.696239151,3.905496625,4.859578106,4.141613376,4.743400084,5.28652395,6.177789228
46,5.708775313,5.328411794,4.696239151,3.905496625,4.859578106,4.141613376,4.743400084,5.28652395,6.177789228
47,5.708775313,5.328411794,4.696239151,3.905496625,4.859578106,4.141613376,4.743400084,5.28652395,6.177789228
48,5.708775313,5.328411794,4.696239151,3.905496625,4.859578106,4.141613376,4.743400084,5.28652395,6.177789228
49,5.708775313,5.328411794,4.696239151,3.905496625,4.859578106,4.141613376,4.743400084,5.28652395,6.177789228
50,5.708775313,5.328411794,4.696239151,3.905496625,4.859578106,4.141613376,4.743400084,5.28652395,6.177789228
51,5.708775313,5.328411794,4.696239151,3.905496625,4.859578106,4.141613376,4.743400084,5.28652395,6.177789228
52,5.708775313,5.328411794,4.696239151,3.905496625,4.859578106,4.141613376,4.743400084,5.28652395,6.177789228
53,5.708775313,5.328411794,4.696239151,3.905496625,4.859578106,4.141613376,4.743400084,5.28652395,6.177789228
54,5.708775313,5.328411794,4.696239151,3.905496625,4.859578106,4.141613376,4.743400084,5.28652395,6.177789228
55,5.708775313,5.328411794,4.696239151,3.905496625,4.859578106,4.141613376,4.743400084,5.28652395,6.177789228
56,5.708775313,5.328411794,4.696239151,3.905496625,4.859578106,4.141613376,4.743400084,5.28652395,6.177789228
57,5.708775313,5.328411794,4.696239151,3.905496625,4.859578106,4.141613376,4.743400084,5.28652395,6.177789228
58,5.708775313,5.328411794,4.696239151,3.905496625,4.859578106,4.141613376,4.743400084,5.28652395,6.177789228
59,5.708775313,5.328411794,4.696239151,3.905496625,4.859578106,4.141613376,4.743400084,5.28652395,6.177789228
60,5.708775313,5.328411794,4.696239151,3.905496625,4.859578106,4.141613376,4.743400084,5.28652395,6.177789228
61,5.708775313,5.328411794,4.696239151,3.905496625,4.859578106,4.141613376,4.743400084,5.28652395,6.177789228
62,5.708775313,5.328411794,4.696239151,3.905496625,4.859578106,4.141613376,4.743400084,5.28652395,6.177789228
63,5.708775313,5.328411794,4.696239151,3.905496625,4.859578106,4.141613376,4.743400084,5.28652395,6.177789228
64,5.708775313,5.328411794,4.696239151,3.905496625,4.859578106,4.141613376,4.743400084,5.28652395,6.177789228
65,5.708775313,5.328411794,4.696239151,3.905496625,4.859578106,4.141613376,4.743400084,5.28652395,6.177789228
66,5.708775313,5.328411794,4.696239151,3.905496625,4.859578106,4.141613376,4.743400084,5.28652395,6.177789228
67,5.708775313,5.328411794,4.696239151,3.905496625,4.859578106,4.141613376,4.743400084,5.28652395,6.177789228
68,5.708775313,5.328411794,4.696239151,3.905496625,4.859578106,4.141613376,4.743400084,5.28652395,6.177789228
69,5.708775313,5.328411794,4.696239151,3.905496625,4.859578106,4.141613376,4.743400084,5.28652395,6.177789228
70,5.708775313,5.328411794,4.696239151,3.905496625,4.859578106,4.141613376,4.743400084,5.28652395,6.177789228
71,5.708775313,5.328411794,4.696239151,3.905496625,4.859578106,4.141613376,4.743400084,5.28652395,6.177789228
72,5.708775313,5.328411794,4.696239151,3.905496625,4.859578106,4.141613376,4.743400084,5.28652395,6.177789228
73,5.708775313,5.328411794,4.696239151,3.905496625,4.859578106,4.141613376,4.743400084,5.28652395,6.177789228
74,5.708775313,5.328411794,4.696239151,3.905496625,4.859578106,4.141613376,4.743400084,5.28652395,6.177789228
75,5.708775313,5.328411794,4.696239151,3.905496625,4.859578106,4.141613376,4.743400084,5.28652395,6.177789228
76,5.708775313,5.328411794,4.696239151,3.905496625,4.859578106,4.141613376,4.743400084,5.28652395,6.177789228
77,5.708775313,5.328411794,4.696239151,3.905496625,4.859578106,4.141613376,4.743400084,5.28652395,6.177789228
78,5.708775313,5.328411794,4.696239151,3.905496625,4.859578106,4.141613376,4.743400084,5.28652395,6.177789228
79,5.708775313,5.328411794,4.696239151,3.905496625,4.859578106,4.141613376,4.743400084,5.28652395,6.177789228
80,5.708775313,5.328411794,4.696239151,3.905496625,4.859578106,4.141613376,4.743400084,5.28652395,6.177789228
81,5.708775313,5.328411794,4.696239151,3.905496625,4.859578106,4.141613376,4.743400084,5.28652395,6.177789228
82,5.708775313,5.328411794,4.696239151,3.905496625,4.859578106,4.141613376,4.743400084,5.28652395,6.177789228
83,5.708775313,5.328411794,4.696239151,3.905496625,4.859578106,4.141613376,4.743400084,5.28652395,6.177789228
84,5.708775313,5.328411794,4.696239151,3.905496625,4.859578106,4.141613376,4.743400084,5.28652395,6.177789228
85,5.708775313,5.328411794,4.696239151,3.905496625,4.859578106,4.141613376,4.743400084,5.28652395,6.177789228
86,5.708775313,5.328411794,4.696239151,3.905496625,4.859578106,4.141613376,4.743400084,5.28652395,6.177789228
87,5.708775313,5.328411794,4.696239151,3.905496625,4.859578106,4.141613376,4.743400084,5.28652395,6.177789228
88,5.708775313,5.328411794,4.696239151,3.905496625,4.859578106,4.141613376,4.743400084,5.28652395,6.177789228
89,5.708775313,5.328411794,4.696239151,3.905496625,4.859578106,4.141613376,4.743400084,5.28652395,6.177789228
90,5.708775313,5.328411794,4.696239151,3.905496625,4.859578106,4.141613376,4.743400084,5.28652395,6.177789228
91,5.708775313,5.328411794,4.696239151,3.905496625,4.859578106,4.141613376,4.743400084,5.28652395,6.177789228
92,5.708775313,5.328411794,4.696239151,3.905496625,4.859578106,4.141613376,4.743400084,5.28652395,6.177789228
93,5.708775313,5.328411794,4.696239151,3.905496625,4.859578106,4.141613376,4.743400084,5.28652395,6.177789228
94,5.708775313,5.328411794,4.696239151,3.905496625,4.859578106,4.141613376,4.743400084,5.28652395,6.177789228
95,5.708775313,5.328411794,4.696239151,3.905496625,4.859578106,4.141613376,4.743400084,5.28652395,6.177789228
96,5.708775313,5.328411794,4.696239151,3.905496625,4.859578106,4.141613376,4.743400084,5.28652395,6.177789228
97,5.708775313,5.328411794,4.696239151,3.905496625,4.859578106,4.141613376,4.743400084,5.28652395,6.177789228
98,5.708775313,5.328411794,4.696239151,3.905496625,4.859578106,4.141613376,4.743400084,5.28652395,6.177789228
99,5.708775313,5.328411794,4.696239151,3.905496625,4.859578106,4.141613376,4.743400084,5.28652395,6.177789228
100,5.708775313,5.328411794,4.696239151,3.905496625,4.859578106,4.141613376,4.743400084,5.28652395,6.177789228
101,5.708775313,5.328411794,4.696239151,3.905496625,4.859578106,4.141613376,4.743400084,5.28652395,6.177789228
102,5.708775313,5.328411794,4.696239151,3.905496625,4.859578106,4.141613376,4.743400084,5.28652395,6.177789228
103,5.708775313,5.328411794,4.696239151,3.905496625,4.859578106,4.141613376,4.743400084,5.28652395,6.177789228
104,5.708775313,5.328411794,4.696239151,3.905496625,4.859578106,4.141613376,4.743400084,5.28652395,6.177789228
105,5.708775313,5.328411794,4.696239151,3.905496625,4.859578106,4.141613376,4.743400084,5.28652395,6.177789228
106,5.708775313,5.328411794,4.696239151,3.905496625,4.859578106,4.141613376,4.743400084,5.28652395,6.177789228
107,5.708775313,5.328411794,4.696239151,3.905496625,4.859578106,4.141613376,4.743400084,5.28652395,6.177789228
108,5.708775313,5.328411794,4.696239151,3.905496625,4.859578106,4.141613376,4.743400084,5.28652395,6.177789228
109,5.708775313,5.328411794,4.696239151,3.905496625,4.859578106,4.141613376,4.743400084,5.28652395,6.177789228
110,5.708775313,5.328411794,4.696239151,3.905496625,4.859578106,4.141613376,4.743400084,5.28652395,6.177789228
111,5.708775313,5.328411794,4.696239151,3.905496625,4.859578106,4.141613376,4.743400084,5.28652395,6.177789228
112,5.708775313,5.328411794,4.696239151,3.905496625,4.859578106,4.141613376,4.743400084,5.28652395,6.177789228
113,5.708775313,5.328411794,4.696239151,3.905496625,4.859578106,4.141613376,4.743400084,5.28652395,6.177789228
114,5.708775313,5.328411794,4.696239151,3.905496625,4.859578106,4.141613376,4.743400084,5.28652395,6.177789228
115,5.708775313,5.328411794,4.696239151,3.905496625,4.859578106,4.141613376,4.743400084,5.28652395,6.177789228
116,5.708775313,5.328411794,4.696239151,3.905496625,4.859578106,4.141613376,4.743400084,5.28652395,6.177789228
117,5.708775313,5.328411794,4.696239151,3.905496625,4.859578106,4.141613376,4.743400084,5.28652395,6.177789228
118,5.708775313,5.328411794,4.696239151,3.905496625,4.859578106,4.141613376,4.743400084,5.28652395,6.177789228
119,5.708775313,5.328411794,4.696239151,3.905496625,4.859578106,4.141613376,4.743400084,5.28652395,6.177789228
120,5.708775313,5.328411794,4.696239151,3.905496625,4.859578106,4.141613376,4.743400084,5.28652395,6.177789228
121,5.708775313,5.328411794,4.696239151,3.905496625,4.859578106,4.141613376,4.743400084,5.28652395,6.177789228
122,5.708775313,5.328411794,4.696239151,3.905496625,4.859578106,4.141613376,4.743400084,5.28652395,6.177789228
123,5.708775313,5.328411794,4.696239151,3.905496625,4.859578106,4.141613376,4.743400084,5.28652395,6.177789228
124,5.708775313,5.328411794,4.696239151,3.905496625,4.859578106,4.141613376,4.743400084,5.28652395,6.177789228
125,5.708775313,5.328411794,4.696239151,3.905496625,4.859578106,4.141613376,4.743400084,5.28652395,6.177789228
126,5.708775313,5.328411794,4.696239151,3.905496625,4.859578106,4.141613376,4.743400084,5.28652395,6.177789228
127,5.708775313,5.328411794,4.696239151,3.905496625,4.859578106,4.141613376,4.743400084,5.28652395,6.177789228
128,5.708775313,5.328411794,4.696239151,3.905496625,4.859578106,4.141613376,4.743400084,5.28652395,6.177789228
129,5.708775313,5.328411794,4.696239151,3.905496625,4.859578106,4.141613376,4.743400084,5.28652395,6.177789228
130,5.708775313,5.328411794,4.696239151,3.905496625,4.859578106,4.141613376,4.743400084,5.28652395,6.177789228
131,5.708775313,5.328411794,4.696239151,3.905496625,4.859578106,4.141613376,4.743400084,5.28652395,6.177789228
132,5.708775313,5.328411794,4.696239151,3.905496625,4.859578106,4.141613376,4.743400084,5.28652395,6.177789228
133,5.708775313,5.328411794,4.696239151,3.905496625,4.859578106,4.141613376,4.743400084,5.28652395,6.177789228
134,5.708775313,5.328411794,4.696239151,3.905496625,4.859578106,4.141613376,4.743400084,5.28652395,6.177789228
135,5.708775313,5.328411794,4.696239151,3.905496625,4.859578106,4.141613376,4.743400084,5.28652395,6.177789228
136,5.708775313,5.328411794,4.696239151,3.905496625,4.859578106,4.141613376,4.743400084,5.28652395,6.177789228
137,5.708775313,5.328411794,4.696239151,3.905496625,4.859578106,4.141613376,4.743400084,5.28652395,6.177789228
138,5.708775313,5.328411794,4.696239151,3.905496625,4.859578106,4.141613376,4.743400084,5.28652395,6.177789228
139,5.708775313,5.328411794,4.696239151,3.905496625,4.859578106,4.141613376,4.743400084,5.28652395,6.177789228
140,5.708775313,5.328411794,4.696239151,3.905496625,4.859578106,4.141613376,4.743400084,5.28652395,6.177789228
141,5.708775313,5.328411794,4.696239151,3.905496625,4.859578106,4.141613376,4.743400084,5.28652395,6.177789228
142,5.708775313,5.328411794,4.696239151,3.905496625,4.859578106,4.141613376,4.743400084,5.28652395,6.177789228
143,5.708775313,5.328411794,4.696239151,3.905496625,4.859578106,4.141613376,4.743400084,5.28652395,6.177789228
144,5.708775313,5.328411794,4.696239151,3.905496625,4.859578106,4.141613376,4.743400084,5.28652395,6.177789228
145,5.708775313,5.328411794,4.696239151,3.905496625,4.859578106,4.141613376,4.743400084,5.28652395,6.177789228
146,5.708775313,5.328411794,4.696239151,3.905496625,4.859578106,4.141613376,4.743400084,5.28652395,6.177789228
147,5.708775313,5.328411794,4.696239151,3.905496625,4.859578106,4.141613376,4.743400084,5.28652395,6.177789228
148,5.708775313,5.328411794,4.696239151,3.905496625,4.859578106,4.141613376,4.743400084,5.28652395,6.177789228
149,5.708775313,5.328411794,4.696239151,3.905496625,4.859578106,4.141613376,4.743400084,5.28652395,6.177789228
150,5.708775313,5.328411794,4.696239151,3.905496625,4.859578106,4.141613376,4.743400084,5.28652395,6.177789228
151,5.708775313,5.328411794,4.696239151,3.905496625,4.859578106,4.141613376,4.743400084,5.28652395,6.177789228
152,5.708775313,5.328411794,4.696239151,3.905496625,4.859578106,4.141613376,4.743400084,5.28652395,6.177789228
153,5.708775313,5.328411794,4.696239151,3.905496625,4.859578106,4.141613376,4.743400084,5.28652395,6.177789228
154,5.708775313,5.328411794,4.696239151,3.905496625,4.859578106,4.141613376,4.743400084,5.28652395,6.177789228
155,5.708775313,5.328411794,4.696239151,3.905496625,4.859578106,4.141613376,4.743400084,5.28652395,6.177789228
156,5.708775313,5.328411794,4.696239151,3.905496625,4.859578106,4.141613376,4.743400084,5.28652395,6.177789228
157,5.708775313,5.328411794,4.696239151,3.905496625,4.859578106,4.141613376,4.743400084,5.28652395,6.177789228
158,5.708775313,5.328411794,4.696239151,3.905496625,4.859578106,4.141613376,4.743400084,5.28652395,6.177789228
159,5.708775313,5.328411794,4.696239151,3.905496625,4.859578106,4.141613376,4.743400084,5.28652395,6.177789228
160,5.708775313,5.328411794,4.696239151,3.905496625,4.859578106,4.141613376,4.743400084,5.28652395,6.177789228
161,5.708775313,5.328411794,4.696239151,3.905496625,4.859578106,4.141613376,4.743400084,5.28652395,6.177789228
162,5.708775313,5.328411794,4.696239151,3.905496625,4.859578106,4.141613376,4.743400084,5.28652395,6.177789228
163,5.708775313,5.328411794,4.696239151,3.905496625,4.859578106,4.141613376,4.743400084,5.28652395,6.177789228
164,5.708775313,5.328411794,4.696239151,3.905496625,4.859578106,4.141613376,4.743400084,5.28652395,6.177789228
165,5.708775313,5.328411794,4.696239151,3.905496625,4.859578106,4.141613376,4.743400084,5.28652395,6.177789228
166,5.708775313,5.328411794,4.696239151,3.905496625,4.859578106,4.141613376,4.743400084,5.28652395,6.177789228
167,5.708775313,5.328411794,4.696239151,3.905496625,4.859578106,4.141613376,4.743400084,5.28652395,6.177789228
168,5.708775313,5.328411794,4.696239151,3.905496625,4.859578106,4.141613376,4.743400084,5.28652395,6.177789228
169,5.708775313,5.328411794,4.696239151,3.905496625,4.859578106,4.141613376,4.743400084,5.28652395,6.177789228
170,5.708775313,5.328411794,4.696239151,3.905496625,4.859578106,4.141613376,4.743400084,5.28652395,6.177789228
171,5.708775313,5.328411794,4.696239151,3.905496625,4.859578106,4.141613376,4.743400084,5.28652395,6.177789228
172,5.708775313,5.328411794,4.696239151,3.905496625,4.859578106,4.141613376,4.743400084,5.28652395,6.177789228
173,5.708775313,5.328411794,4.696239151,3.905496625,4.859578106,4.141613376,4.743400084,5.28652395,6.177789228
174,5.708775313,5.328411794,4.696239151,3.905496625,4.859578106,4.141613376,4.743400084,5.28652395,6.177789228
175,5.708775313,5.328411794,4.696239151,3.905496625,4.859578106,4.141613376,4.743400084,5.28652395,6.177789228
176,5.708775313,5.328411794,4.696239151,3.905496625,4.859578106,4.141613376,4.743400084,5.28652395,6.177789228
177,5.708775313,5.328411794,4.696239151,3.905496625,4.859578106,4.141613376,4.743400084,5.28652395,6.177789228
178,5.708775313,5.328411794,4.696239151,3.905496625,4.859578106,4.141613376,4.743400084,5.28652395,6.177789228
179,5.708775313,5.328411794,4.696239151,3.905496625,4.859578106,4.141613376,4.743400084,5.28652395,6.177789228
180,5.708775313,5.328411794,4.696239151,3.905496625,4.859578106,4.141613376,4.743400084,5.28652395,6.177789228
181,5.708775313,5.328411794,4.696239151,3.905496625,4.859578106,4.141613376,4.743400084,5.28652395,6.177789228
182,5.708775313,5.328411794,4.696239151,3.905496625,4.859578106,4.141613376,4.743400084,5.28652395,6.177789228
183,5.708775313,5.328411794,4.696239151,3.905496625,4.859578106,4.141613376,4.743400084,5.28652395,6.177789228
184,5.708775313,5.328411794,4.696239151,3.905496625,4.859578106,4.141613376,4.743400084,5.28652395,6.177789228
185,5.708775313,5.328411794,4.696239151,3.905496625,4.859578106,4.141613376,4.743400084,5.28652395,6.177789228
186,5.708775313,5.328411794,4.696239151,3.905496625,4.859578106,4.141613376,4.743400084,5.28652395,6.177789228
187,5.708775313,5.328411794,4.696239151,3.905496625,4.859578106,4.141613376,4.743400084,5.28652395,6.177789228
188,5.708775313,5.328411794,4.696239151,3.905496625,4.859578106,4.141613376,4.743400084,5.28652395,6.177789228
189,5.708775313,5.328411794,4.696239151,3.905496625,4.859578106,4.141613376,4.743400084,5.28652395,6.177789228
190,5.708775313,5.328411794,4.696239151,3.905496625,4.859578106,4.141613376,4.743400084,5.28652395,6.177789228
191,5.708775313,5.328411794,4.696239151,3.905496625,4.859578106,4.141613376,4.743400084,5.28652395,6.177789228
192,5.708775313,5.328411794,4.696239151,3.905496625,4.859578106,4.141613376,4.743400084,5.28652395,6.177789228
193,5.708775313,5.328411794,4.696239151,3.905496625,4.859578106,4.141613376,4.743400084,5.28652395,6.177789228
194,5.708775313,5.328411794,4.696239151,3.905496625,4.859578106,4.141613376,4.743400084,5.28652395,6.177789228
195,5.708775313,5.328411794,4.696239151,3.905496625,4.859578106,4.141613376,4.743400084,5.28652395,6.177789228
196,5.708775313,5.328411794,4.696239151,3.905496625,4.859578106,4.141613376,4.743400084,5.28652395,6.177789228
197,5.708775313,5.328411794,4.696239151,3.905496625,4.859578106,4.141613376,4.743400084,5.28652395,6.177789228
198,5.708775313,5.328411794,4.696239151,3.905496625,4.859578106,4.141613376,4.743400084,5.28652395,6.177789228
199,5.708775313,5.328411794,4.696239151,3.905496625,4.859578106,4.141613376,4.743400084,5.28652395,6.177789228
200,5.708775313,5.328411794,4.696239151,3.905496625,4.859578106,4.141613376,4.743400084,5.28652395,6.177789228
201,5.708775313,5.328411794,4.696239151,3.905496625,4.859578106,4.141613376,4.743400084,5.28652395,6.177789228
202,5.708775313,5.328411794,4.696239151,3.905496625,4.859578106,4.141613376,4.743400084,5.28652395,6.177789228
203,5.708775313,5.328411794,4.696239151,3.905496625,4.859578106,4.141613376,4.743400084,5.28652395,6.177789228
204,5.708775313,5.328411794,4.696239151,3.905496625,4.859578106,4.141613376,4.743400084,5.28652395,6.177789228
205,5.708775313,5.328411794,4.696239151,3.905496625,4.859578106,4.141613376,4.743400084,5.28652395,6.177789228
206,5.708775313,5.328411794,4.696239151,3.905496625,4.859578106,4.141613376,4.743400084,5.28652395,6.177789228
207,5.708775313,5.328411794,4.696239151,3.905496625,4.859578106,4.141613376,4.743400084,5.28652395,6.177789228
208,5.708775313,5.328411794,4.696239151,3.905496625,4.859578106,4.141613376,4.743400084,5.28652395,6.177789228
209,5.708775313,5.328411794,4.696239151,3.905496625,4.859578106,4.141613376,4.743400084,5.28652395,6.177789228
210,5.708775313,5.328411794,4.696239151,3.905496625,4.859578106,4.141613376,4.743400084,5.28652395,6.177789228
211,5.708775313,5.328411794,4.696239151,3.905496625,4.859578106,4.141613376,4.743400084,5.28652395,6.177789228
212,5.708775313,5.328411794,4.696239151,3.905496625,4.859578106,4.141613376,4.743400084,5.28652395,6.177789228
213,5.708775313,5.328411794,4.696239151,3.905496625,4.859578106,4.141613376,4.743400084,5.28652395,6.177789228
214,5.708775313,5.328411794,4.696239151,3.905496625,4.859578106,4.141613376,4.743400084,5.28652395,6.177789228
215,5.708775313,5.328411794,4.696239151,3.905496625,4.859578106,4.141613376,4.743400084,5.28652395,6.177789228
216,5.708775313,5.328411794,4.696239151,3.905496625,4.859578106,4.141613376,4.743400084,5.28652395,6.177789228
217,5.708775313,5.328411794,4.696239151,3.905496625,4.859578106,4.141613376,4.743400084,5.28652395,6.177789228
218,5.708775313,5.328411794,4.696239151,3.905496625,4.859578106,4.141613376,4.743400084,5.28652395,6.177789228
219,5.708775313,5.328411794,4.696239151,3.905496625,4.859578106,4.141613376,4.743400084,5.28652395,6.177789228
220,5.708775313,5.328411794,4.696239151,3.905496625,4.859578106,4.141613376,4.743400084,5.28652395,6.177789228
221,5.708775313,5.328411794,4.696239151,3.905496625,4.859578106,4.141613376,4.743400084,5.28652395,6.177789228
222,5.708775313,5.328411794,4.696239151,3.905496625,4.859578106,4.141613376,4.743400084,5.28652395,6.177789228
223,5.708775313,5.328411794,4.696239151,3.905496625,4.859578106,4.141613376,4.743400084,5.28652395,6.177789228
224,5.708775313,5.328411794,4.696239151,3.905496625,4.859578106,4.141613376,4.743400084,5.28652395,6.177789228
225,5.708775313,5.328411794,4.696239151,3.905496625,4.859578106,4.141613376,4.743400084,5.28652395,6.177789228
226,5.708775313,5.328411794,4.696239151,3.905496625,4.859578106,4.141613376,4.743400084,5.28652395,6.177789228
227,5.708775313,5.328411794,4.696239151,3.905496625,4.859578106,4.141613376,4.743400084,5.28652395,6.177789228
228,5.708775313,5.328411794,4.696239151,3.905496625,4.859578106,4.141613376,4.743400084,5.28652395,6.177789228
229,5.708775313,5.328411794,4.696239151,3.905496625,4.859578106,4.141613376,4.743400084,5.28652395,6.177789228
230,5.708775313,5.328411794,4.696239151,3.905496625,4.859578106,4.141613376,4.743400084,5.28652395,6.177789228
231,5.708775313,5.328411794,4.696239151,3.905496625,4.859578106,4.141613376,4.743400084,5.28652395,6.177789228
232,5.708775313,5.328411794,4.696239151,3.905496625,4.859578106,4.141613376,4.743400084,5.28652395,6.177789228
233,5.708775313,5.328411794,4.696239151,3.905496625,4.859578106,4.141613376,4.743400084,5.28652395,6.177789228
234,5.708775313,5.328411794,4.696239151,3.905496625,4.859578106,4.141613376,4.743400084,5.28652395,6.177789228
235,5.708775313,5.328411794,4.696239151,3.905496625,4.859578106,4.141613376,4.743400084,5.28652395,6.177789228
236,5.708775313,5.328411794,4.696239151,3.905496625,4.859578106,4.141613376,4.743400084,5.28652395,6.177789228
237,5.708775313,5.328411794,4.696239151,3.905496625,4.859578106,4.141613376,4.743400084,5.28652395,6.177789228
238,5.708775313,5.328411794,4.696239151,3.905496625,4.859578106,4.141613376,4.743400084,5.28652395,6.177789228
239,5.708775313,5.328411794,4.696239151,3.905496625,4.859578106,4.141613376,4.743400084,5.28652395,6.177789228
240,5.708775313,5.328411794,4.696239151,3.905496625,4.859578106,4.141613376,4.743400084,5.28652395,6.177789228
241,5.708775313,5.328411794,4.696239151,3.905496625,4.859578106,4.141613376,4.743400084,5.28652395,6.177789228
242,5.708775313,5.328411794,4.696239151,3.905496625,4.859578106,4.141613376,4.743400084,5.28652395,6.177789228
243,5.708775313,5.328411794,4.696239151,3.905496625,4.859578106,4.141613376,4.743400084,5.28652395,6.177789228
244,5.708775313,5.328411794,4.696239151,3.905496625,4.859578106,4.141613376,4.743400084,5.28652395,6.177789228
245,5.708775313,5.328411794,4.696239151,3.905496625,4.859578106,4.141613376,4.743400084,5.28652395,6.177789228
246,5.708775313,5.328411794,4.696239151,3.905496625,4.859578106,4.141613376,4.743400084,5.28652395,6.177789228
247,5.708775313,5.328411794,4.696239151,3.905496625,4.859578106,4.141613376,4.743400084,5.28652395,6.177789228
248,5.708775313,5.328411794,4.696239151,3.905496625,4.859578106,4.141613376,4.743400084,5.28652395,6.177789228
249,5.708775313,5.328411794,4.696239151,3.905496625,4.859578106,4.141613376,4.743400084,5.28652395,6.177789228
250,5.708775313,5.328411794,4.696239151,3.905496625,4.859578106,4.141613376,4.743400084,5.28652395,6.177789228
251,5.708775313,5.328411794,4.696239151,3.905496625,4.859578106,4.141613376,4.743400084,5.28652395,6.177789228
252,5.708775313,5.328411794,4.696239151,3.905496625,4.859578106,4.141613376,4.743400084,5.28652395,6.177789228
253,5.708775313,5.328411794,4.696239151,3.905496625,4.859578106,4.141613376,4.743400084,5.28652395,6.177789228
254,5.708775313,5.328411794,4.696239151,3.905496625,4.859578106,4.141613376,4.743400084,5.28652395,6.177789228
255,5.708775313,5.328411794,4.696239151,3.905496625,4.859578106,4.141613376,4.743400084,5.28652395,6.177789228
256,5.708775313,5.328411794,4.696239151,3.905496625,4.859578106,4.141613376,4.743400084,5.28652395,6.177789228
257,5.708775313,5.328411794,4.696239151,3.905496625,4.859578106,4.141613376,4.743400084,5.28652395,6.177789228
258,5.708775313,5.328411794,4.696239151,3.905496625,4.859578106,4.141613376,4.743400084,5.28652395,6.177789228
259,5.708775313,5.328411794,4.696239151,3.905496625,4.859578106,4.141613376,4.743400084,5.28652395,6.177789228
260,5.708775313,5.328411794,4.696239151,3.905496625,4.859578106,4.141613376,4.743400084,5.28652395,6.177789228
261,5.708775313,5.328411794,4.696239151,3.905496625,4.859578106,4.141613376,4.743400084,5.28652395,6.177789228
262,5.708775313,5.328411794,4.696239151,3.905496625,4.859578106,4.141613376,4.743400084,5.28652395,6.177789228
263,5.708775313,5.328411794,4.696239151,3.905496625,4.859578106,4.141613376,4.743400084,5.28652395,6.177789228
264,5.708775313,5.328411794,4.696239151,3.905496625,4.859578106,4.141613376,4.743400084,5.28652395,6.177789228
265,5.708775313,5.328411794,4.696239151,3.905496625,4.859578106,4.141613376,4.743400084,5.28652395,6.177789228
266,5.708775313,5.328411794,4.696239151,3.905496625,4.859578106,4.141613376,4.743400084,5.28652395,6.177789228
267,5.708775313,5.328411794,4.696239151,3.905496625,4.859578106,4.141613376,4.743400084,5.28652395,6.177789228
268,5.708775313,5.328411794,4.696239151,3.905496625,4.859578106,4.141613376,4.743400084,5.28652395,6.177789228
269,5.708775313,5.328411794,4.696239151,3.905496625,4.859578106,4.141613376,4.743400084,5.28652395,6.177789228
270,5.708775313,5.328411794,4.696239151,3.905496625,4.859578106,4.141613376,4.743400084,5.28652395,6.177789228
271,5.708775313,5.328411794,4.696239151,3.905496625,4.859578106,4.141613376,4.743400084,5.28652395,6.177789228
272,5.708775313,5.328411794,4.696239151,3.905496625,4.859578106,4.141613376,4.743400084,5.28652395,6.177789228
273,5.708775313,5.328411794,4.696239151,3.905496625,4.859578106,4.141613376,4.743400084,5.28652395,6.177789228
274,5.708775313,5.328411794,4.696239151,3.905496625,4.859578106,4.141613376,4.743400084,5.28652395,6.177789228
275,5.708775313,5.328411794,4.696239151,3.905496625,4.859578106,4.141613376,4.743400084,5.28652395,6.177789228
276,5.708775313,5.328411794,4.696239151,3.905496625,4.859578106,4.141613376,4.743400084,5.28652395,6.177789228
277,5.708775313,5.328411794,4.696239151,3.905496625,4.859578106,4.141613376,4.743400084,5.28652395,6.177789228
278,5.708775313,5.328411794,4.696239151,3.905496625,4.859578106,4.141613376,4.743400084,5.28652395,6.177789228
279,5.708775313,5.328411794,4.696239151,3.905496625,4.859578106,4.141613376,4.743400084,5.28652395,6.177789228
280,5.708775313,5.328411794,4.696239151,3.905496625,4.859578106,4.141613376,4.743400084,5.28652395,6.177789228
281,5.708775313,5.328411794,4.696239151,3.905496625,4.859578106,4.141613376,4.743400084,5.28652395,6.177789228
282,5.708775313,5.328411794,4.696239151,3.905496625,4.859578106,4.141613376,4.743400084,5.28652395,6.177789228
283,5.708775313,5.328411794,4.696239151,3.905496625,4.859578106,4.141613376,4.743400084,5.28652395,6.177789228
284,5.708775313,5.328411794,4.696239151,3.905496625,4.859578106,4.141613376,4.743400084,5.28652395,6.177789228
285,5.708775313,5.328411794,4.696239151,3.905496625,4.859578106,4.141613376,4.743400084,5.28652395,6.177789228
286,5.708775313,5.328411794,4.696239151,3.905496625,4.859578106,4.141613376,4.743400084,5.28652395,6.177789228
287,5.708775313,5.328411794,4.696239151,3.905496625,4.859578106,4.141613376,4.743400084,5.28652395,6.177789228
288,5.708775313,5.328411794,4.696239151,3.905496625,4.859578106,4.141613376,4.743400084,5.28652395,6.177789228
289,5.708775313,5.328411794,4.696239151,3.905496625,4.859578106,4.141613376,4.743400084,5.28652395,6.177789228
290,5.708775313,5.328411794,4.696239151,3.905496625,4.859578106,4.141613376,4.743400084,5.28652395,6.177789228
291,5.708775313,5.328411794,4.696239151,3.905496625,4.859578106,4.141613376,4.743400084,5.28652395,6.177789228
292,5.708775313,5.328411794,4.696239151,3.905496625,4.859578106,4.141613376,4.743400084,5.28652395,6.177789228
293,5.708775313,5.328411794,4.696239151,3.905496625,4.859578106,4.141613376,4.743400084,5.28652395,6.177789228
294,5.708775313,5.328411794,4.696239151,3.905496625,4.859578106,4.141613376,4.743400084,5.28652395,6.177789228
295,5.708775313,5.328411794,4.696239151,3.905496625,4.859578106,4.141613376,4.743400084,5.28652395,6.177789228
296,5.708775313,5.328411794,4.696239151,3.905496625,4.859578106,4.141613376,4.743400084,5.28652395,6.177789228
297,5.708775313,5.328411794,4.696239151,3.905496625,4.859578106,4.141613376,4.743400084,5.28652395,6.177789228
298,5.708775313,5.328411794,4.696239151,3.905496625,4.859578106,4.141613376,4.743400084,5.28652395,6.177789228
299,5.708775313,5.328411794,4.696239151,3.905496625,4.859578106,4.141613376,4.743400084,5.28652395,6.177789228
300,5.708775313,5.328411794,4.696239151,3.905496625,4.859578106,4.141613376,4.743400084,5.28652395,6.177789228
301,5.708775313,5.328411794,4.696239151,3.905496625,4.859578106,4.141613376,4.743400084,5.28652395,6.177789228
302,5.708775313,5.328411794,4.696239151,3.905496625,4.859578106,4.141613376,4.743400084,5.28652395,6.177789228
303,5.708775313,5.328411794,4.696239151,3.905496625,4.859578106,4.141613376,4.743400084,5.28652395,6.177789228
304,5.708775313,5.328411794,4.696239151,3.905496625,4.859578106,4.141613376,4.743400084,5.28652395,6.177789228
305,5.708775313,5.328411794,4.696239151,3.905496625,4.859578106,4.141613376,4.743400084,5.28652395,6.177789228
306,5.708775313,5.328411794,4.696239151,3.905496625,4.859578106,4.141613376,4.743400084,5.28652395,6.177789228
307,5.708775313,5.328411794,4.696239151,3.905496625,4.859578106,4.141613376,4.743400084,5.28652395,6.177789228
308,5.708775313,5.328411794,4.696239151,3.905496625,4.859578106,4.141613376,4.743400084,5.28652395,6.177789228
309,5.708775313,5.328411794,4.696239151,3.905496625,4.859578106,4.141613376,4.743400084,5.28652395,6.177789228
310,5.708775313,5.328411794,4.696239151,3.905496625,4.859578106,4.141613376,4.743400084,5.28652395,6.177789228
311,5.708775313,5.328411794,4.696239151,3.905496625,4.859578106,4.141613376,4.743400084,5.28652395,6.177789228
312,5.708775313,5.328411794,4.696239151,3.905496625,4.859578106,4.141613376,4.743400084,5.28652395,6.177789228
313,5.708775313,5.328411794,4.696239151,3.905496625,4.859578106,4.141613376,4.743400084,5.28652395,6.177789228
314,5.708775313,5.328411794,4.696239151,3.905496625,4.859578106,4.141613376,4.743400084,5.28652395,6.177789228
315,5.708775313,5.328411794,4.696239151,3.905496625,4.859578106,4.141613376,4.743400084,5.28652395,6.177789228
316,5.708775313,5.328411794,4.696239151,3.905496625,4.859578106,4.141613376,4.743400084,5.28652395,6.177789228
317,5.708775313,5.328411794,4.696239151,3.905496625,4.859578106,4.141613376,4.743400084,5.28652395,6.177789228
318,5.708775313,5.328411794,4.696239151,3.905496625,4.859578106,4.141613376,4.743400084,5.28652395,6.177789228
319,5.708775313,5.328411794,4.696239151,3.905496625,4.859578106,4.141613376,4.743400084,5.28652395,6.177789228
320,5.708775313,5.328411794,4.696239151,3.905496625,4.859578106,4.141613376,4.743400084,5.28652395,6.177789228
321,5.708775313,5.328411794,4.696239151,3.905496625,4.859578106,4.141613376,4.743400084,5.28652395,6.177789228
322,5.708775313,5.328411794,4.696239151,3.905496625,4.859578106,4.141613376,4.743400084,5.28652395,6.177789228
323,5.708775313,5.328411794,4.696239151,3.905496625,4.859578106,4.141613376,4.743400084,5.28652395,6.177789228
324,5.708775313,5.328411794,4.696239151,3.905496625,4.859578106,4.141613376,4.743400084,5.28652395,6.177789228
325,5.708775313,5.328411794,4.696239151,3.905496625,4.859578106,4.141613376,4.743400084,5.28652395,6.177789228
326,5.708775313,5.328411794,4.696239151,3.905496625,4.859578106,4.141613376,4.743400084,5.28652395,6.177789228
327,5.708775313,5.328411794,4.696239151,3.905496625,4.859578106,4.141613376,4.743400084,5.28652395,6.177789228
328,5.708775313,5.328411794,4.696239151,3.905496625,4.859578106,4.141613376,4.743400084,5.28652395,6.177789228
329,5.708775313,5.328411794,4.696239151,3.905496625,4.859578106,4.141613376,4.743400084,5.28652395,6.177789228
330,5.708775313,5.328411794,4.696239151,3.905496625,4.859578106,4.141613376,4.743400084,5.28652395,6.177789228
331,5.708775313,5.328411794,4.696239151,3.905496625,4.859578106,4.141613376,4.743400084,5.28652395,6.177789228
332,5.708775313,5.328411794,4.696239151,3.905496625,4.859578106,4.141613376,4.743400084,5.28652395,6.177789228
333,5.708775313,5.328411794,4.696239151,3.905496625,4.859578106,4.141613376,4.743400084,5.28652395,6.177789228
334,5.708775313,5.328411794,4.696239151,3.905496625,4.859578106,4.141613376,4.743400084,5.28652395,6.177789228
335,5.708775313,5.328411794,4.696239151,3.905496625,4.859578106,4.141613376,4.743400084,5.28652395,6.177789228
336,5.708775313,5.328411794,4.696239151,3.905496625,4.859578106,4.141613376,4.743400084,5.28652395,6.177789228
337,5.708775313,5.328411794,4.696239151,3.905496625,4.859578106,4.141613376,4.743400084,5.28652395,6.177789228
338,5.708775313,5.328411794,4.696239151,3.905496625,4.859578106,4.141613376,4.743400084,5.28652395,6.177789228
339,5.708775313,5.328411794,4.696239151,3.905496625,4.859578106,4.141613376,4.743400084,5.28652395,6.177789228
340,5.708775313,5.328411794,4.696239151,3.905496625,4.859578106,4.141613376,4.743400084,5.28652395,6.177789228
341,5.708775313,5.328411794,4.696239151,3.905496625,4.859578106,4.141613376,4.743400084,5.28652395,6.177789228
342,5.708775313,5.328411794,4.696239151,3.905496625,4.859578106,4.141613376,4.743400084,5.28652395,6.177789228
343,5.708775313,5.328411794,4.696239151,3.905496625,4.859578106,4.141613376,4.743400084,5.28652395,6.177789228
344,5.708775313,5.328411794,4.696239151,3.905496625,4.859578106,4.141613376,4.743400084,5.28652395,6.177789228
345,5.708775313,5.328411794,4.696239151,3.905496625,4.859578106,4.141613376,4.743400084,5.28652395,6.177789228
346,5.708775313,5.328411794,4.696239151,3.905496625,4.859578106,4.141613376,4.743400084,5.28652395,6.177789228
347,5.708775313,5.328411794,4.696239151,3.905496625,4.859578106,4.141613376,4.743400084,5.28652395,6.177789228
348,5.708775313,5.328411794,4.696239151,3.905496625,4.859578106,4.141613376,4.743400084,5.28652395,6.177789228
349,5.708775313,5.328411794,4.696239151,3.905496625,4.859578106,4.141613376,4.743400084,5.28652395,6.177789228
350,5.708775313,5.328411794,4.696239151,3.905496625,4.859578106,4.141613376,4.743400084,5.28652395,6.177789228
351,5.708775313,5.328411794,4.696239151,3.905496625,4.859578106,4.141613376,4.743400084,5.28652395,6.177789228
352,5.708775313,5.328411794,4.696239151,3.905496625,4.859578106,4.141613376,4.743400084,5.28652395,6.177789228
353,5.708775313,5.328411794,4.696239151,3.905496625,4.859578106,4.141613376,4.743400084,5.28652395,6.177789228
354,5.708775313,5.328411794,4.696239151,3.905496625,4.859578106,4.141613376,4.743400084,5.28652395,6.177789228
355,5.708775313,5.328411794,4.696239151,3.905496625,4.859578106,4.141613376,4.743400084,5.28652395,6.177789228
356,5.708775313,5.328411794,4.696239151,3.905496625,4.859578106,4.141613376,4.743400084,5.28652395,6.177789228
357,5.708775313,5.328411794,4.696239151,3.905496625,4.859578106,4.141613376,4.743400084,5.28652395,6.177789228
358,5.708775313,5.328411794,4.696239151,3.905496625,4.859578106,4.141613376,4.743400084,5.28652395,6.177789228
359,5.708775313,5.328411794,4.696239151,3.905496625,4.859578106,4.141613376,4.743400084,5.28652395,6.177789228
360,5.708775313,5.328411794,4.696239151,3.905496625,4.859578106,4.141613376,4.743400084,5.28652395,6.177789228
361,5.708775313,5.328411794,4.696239151,3.905496625,4.859578106,4.141613376,4.743400084,5.28652395,6.177789228
362,5.708775313,5.328411794,4.696239151,3.905496625,4.859578106,4.141613376,4.743400084,5.28652395,6.177789228
363,5.708775313,5.328411794,4.696239151,3.905496625,4.859578106,4.141613376,4.743400084,5.28652395,6.177789228
364,5.708775313,5.328411794,4.696239151,3.905496625,4.859578106,4.141613376,4.743400084,5.28652395,6.177789228
365,5.708775313,5.328411794,4.696239151,3.905496625,4.859578106,4.141613376,4.743400084,5.28652395,6.177789228
366,5.708775313,5.328411794,4.696239151,3.905496625,4.859578106,4.141613376,4.743400084,5.28652395,6.177789228
367,5.708775313,5.328411794,4.696239151,3.905496625,4.859578106,4.141613376,4.743400084,5.28652395,6.177789228
368,5.708775313,5.328411794,4.696239151,3.905496625,4.859578106,4.141613376,4.743400084,5.28652395,6.177789228
369,5.708775313,5.328411794,4.696239151,3.905496625,4.859578106,4.141613376,4.743400084,5.28652395,6.177789228
370,5.708775313,5.328411794,4.696239151,3.905496625,4.859578106,4.141613376,4.743400084,5.28652395,6.177789228
371,5.708775313,5.328411794,4.696239151,3.905496625,4.859578106,4.141613376,4.743400084,5.28652395,6.177789228
372,5.708775313,5.328411794,4.696239151,3.905496625,4.859578106,4.141613376,4.743400084,5.28652395,6.177789228
373,5.708775313,5.328411794,4.696239151,3.905496625,4.859578106,4.141613376,4.743400084,5.28652395,6.177789228
374,5.708775313,5.328411794,4.696239151,3.905496625,4.859578106,4.141613376,4.743400084,5.28652395,6.177789228
375,5.708775313,5.328411794,4.696239151,3.905496625,4.859578106,4.141613376,4.743400084,5.28652395,6.177789228
376,5.708775313,5.328411794,4.696239151,3.905496625,4.859578106,4.141613376,4.743400084,5.28652395,6.177789228
377,5.708775313,5.328411794,4.696239151,3.905496625,4.859578106,4.141613376,4.743400084,5.28652395,6.177789228
378,5.708775313,5.328411794,4.696239151,3.905496625,4.859578106,4.141613376,4.743400084,5.28652395,6.177789228
379,5.708775313,5.328411794,4.696239151,3.905496625,4.859578106,4.141613376,4.743400084,5.28652395,6.177789228
380,5.708775313,5.328411794,4.696239151,3.905496625,4.859578106,4.141613376,4.743400084,5.28652395,6.177789228
381,5.708775313,5.328411794,4.696239151,3.905496625,4.859578106,4.141613376,4.743400084,5.28652395,6.177789228
382,5.708775313,5.328411794,4.696239151,3.905496625,4.859578106,4.141613376,4.743400084,5.28652395,6.177789228
383,5.708775313,5.328411794,4.696239151,3.905496625,4.859578106,4.141613376,4.743400084,5.28652395,6.177789228
384,5.708775313,5.328411794,4.696239151,3.905496625,4.859578106,4.141613376,4.743400084,5.28652395,6.177789228
385,5.708775313,5.328411794,4.696239151,3.905496625,4.859578106,4.141613376,4.743400084,5.28652395,6.177789228
386,5.708775313,5.328411794,4.696239151,3.905496625,4.859578106,4.141613376,4.743400084,5.28652395,6.177789228
387,5.708775313,5.328411794,4.696239151,3.905496625,4.859578106,4.141613376,4.743400084,5.28652395,6.177789228
388,5.708775313,5.328411794,4.696239151,3.905496625,4.859578106,4.141613376,4.743400084,5.28652395,6.177789228
389,5.708775313,5.328411794,4.696239151,3.905496625,4.859578106,4.141613376,4.743400084,5.28652395,6.177789228
390,5.708775313,5.328411794,4.696239151,3.905496625,4.859578106,4.141613376,4.743400084,5.28652395,6.177789228
391,5.708775313,5.328411794,4.696239151,3.905496625,4.859578106,4.141613376,4.743400084,5.28652395,6.177789228
392,5.708775313,5.328411794,4.696239151,3.905496625,4.859578106,4.141613376,4.743400084,5.28652395,6.177789228
393,5.708775313,5.328411794,4.696239151,3.905496625,4.859578106,4.141613376,4.743400084,5.28652395,6.177789228
394,5.708775313,5.328411794,4.696239151,3.905496625,4.859578106,4.141613376,4.743400084,5.28652395,6.177789228
395,5.708775313,5.328411794,4.696239151,3.905496625,4.859578106,4.141613376,4.743400084,5.28652395,6.177789228
396,5.708775313,5.328411794,4.696239151,3.905496625,4.859578106,4.141613376,4.743400084,5.28652395,6.177789228
397,5.708775313,5.328411794,4.696239151,3.905496625,4.859578106,4.141613376,4.743400084,5.28652395,6.177789228
398,5.708775313,5.328411794,4.696239151,3.905496625,4.859578106,4.141613376,4.743400084,5.28652395,6.177789228
399,5.708775313,5.328411794,4.696239151,3.905496625,4.859578106,4.141613376,4.743400084,5.28652395,6.177789228
400,5.708775313,5.328411794,4.696239151,3.905496625,4.859578106,4.141613376,4.743400084,5.28652395,6.177789228
401,5.708775313,5.328411794,4.696239151,3.905496625,4.859578106,4.141613376,4.743400084,5.28652395,6.177789228
402,5.708775313,5.328411794,4.696239151,3.905496625,4.859578106,4.141613376,4.743400084,5.28652395,6.177789228
403,5.708775313,5.328411794,4.696239151,3.905496625,4.859578106,4.141613376,4.743400084,5.28652395,6.177789228
404,5.708775313,5.328411794,4.696239151,3.905496625,4.859578106,4.141613376,4.743400084,5.28652395,6.177789228
405,5.708775313,5.328411794,4.696239151,3.905496625,4.859578106,4.141613376,4.743400084,5.28652395,6.177789228
406,5.708775313,5.328411794,4.696239151,3.905496625,4.859578106,4.141613376,4.743400084,5.28652395,6.177789228
407,5.708775313,5.328411794,4.696239151,3.905496625,4.859578106,4.141613376,4.743400084,5.28652395,6.177789228
408,5.708775313,5.328411794,4.696239151,3.905496625,4.859578106,4.141613376,4.743400084,5.28652395,6.177789228
409,5.708775313,5.328411794,4.696239151,3.905496625,4.859578106,4.141613376,4.743400084,5.28652395,6.177789228
410,5.708775313,5.328411794,4.696239151,3.905496625,4.859578106,4.141613376,4.743400084,5.28652395,6.177789228
411,5.708775313,5.328411794,4.696239151,3.905496625,4.859578106,4.141613376,4.743400084,5.28652395,6.177789228
412,5.708775313,5.328411794,4.696239151,3.905496625,4.859578106,4.141613376,4.743400084,5.28652395,6.177789228
413,5.708775313,5.328411794,4.696239151,3.905496625,4.859578106,4.141613376,4.743400084,5.28652395,6.177789228
414,5.708775313,5.328411794,4.696239151,3.905496625,4.859578106,4.141613376,4.743400084,5.28652395,6.177789228
415,5.708775313,5.328411794,4.696239151,3.905496625,4.859578106,4.141613376,4.743400084,5.28652395,6.177789228
416,5.708775313,5.328411794,4.696239151,3.905496625,4.859578106,4.141613376,4.743400084,5.28652395,6.177789228
417,5.708775313,5.328411794,4.696239151,3.905496625,4.859578106,4.141613376,4.743400084,5.28652395,6.177789228
418,5.708775313,5.328411794,4.696239151,3.905496625,4.859578106,4.141613376,4.743400084,5.28652395,6.177789228
419,5.708775313,5.328411794,4.696239151,3.905496625,4.859578106,4.141613376,4.743400084,5.28652395,6.177789228
420,5.708775313,5.328411794,4.696239151,3.905496625,4.859578106,4.141613376,4.743400084,5.28652395,6.177789228
421,5.708775313,5.328411794,4.696239151,3.905496625,4.859578106,4.141613376,4.743400084,5.28652395,6.177789228
422,5.708775313,5.328411794,4.696239151,3.905496625,4.859578106,4.141613376,4.743400084,5.28652395,6.177789228
423,5.708775313,5.328411794,4.696239151,3.905496625,4.859578106,4.141613376,4.743400084,5.28652395,6.177789228
424,5.708775313,5.328411794,4.696239151,3.905496625,4.859578106,4.141613376,4.743400084,5.28652395,6.177789228
425,5.708775313,5.328411794,4.696239151,3.905496625,4.859578106,4.141613376,4.743400084,5.28652395,6.177789228
426,5.708775313,5.328411794,4.696239151,3.905496625,4.859578106,4.141613376,4.743400084,5.28652395,6.177789228
427,5.708775313,5.328411794,4.696239151,3.905496625,4.859578106,4.141613376,4.743400084,5.28652395,6.177789228
428,5.708775313,5.328411794,4.696239151,3.905496625,4.859578106,4.141613376,4.743400084,5.28652395,6.177789228
429,5.708775313,5.328411794,4.696239151,3.905496625,4.859578106,4.141613376,4.743400084,5.28652395,6.177789228
430,5.708775313,5.328411794,4.696239151,3.905496625,4.859578106,4.141613376,4.743400084,5.28652395,6.177789228
431,5.708775313,5.328411794,4.696239151,3.905496625,4.859578106,4.141613376,4.743400084,5.28652395,6.177789228
432,5.708775313,5.328411794,4.696239151,3.905496625,4.859578106,4.141613376,4.743400084,5.28652395,6.177789228
433,5.708775313,5.328411794,4.696239151,3.905496625,4.859578106,4.141613376,4.743400084,5.28652395,6.177789228
434,5.708775313,5.328411794,4.696239151,3.905496625,4.859578106,4.141613376,4.743400084,5.28652395,6.177789228
435,5.708775313,5.328411794,4.696239151,3.905496625,4.859578106,4.141613376,4.743400084,5.28652395,6.177789228
436,5.708775313,5.328411794,4.696239151,3.905496625,4.859578106,4.141613376,4.743400084,5.28652395,6.177789228
437,5.708775313,5.328411794,4.696239151,3.905496625,4.859578106,4.141613376,4.743400084,5.28652395,6.177789228
438,5.708775313,5.328411794,4.696239151,3.905496625,4.859578106,4.141613376,4.743400084,5.28652395,6.177789228
439,5.708775313,5.328411794,4.696239151,3.905496625,4.859578106,4.141613376,4.743400084,5.28652395,6.177789228
440,5.708775313,5.328411794,4.696239151,3.905496625,4.859578106,4.141613376,4.743400084,5.28652395,6.177789228
441,5.708775313,5.328411794,4.696239151,3.905496625,4.859578106,4.141613376,4.743400084,5.28652395,6.177789228
442,5.708775313,5.328411794,4.696239151,3.905496625,4.859578106,4.141613376,4.743400084,5.28652395,6.177789228
443,5.708775313,5.328411794,4.696239151,3.905496625,4.859578106,4.141613376,4.743400084,5.28652395,6.177789228
444,5.708775313,5.328411794,4.696239151,3.905496625,4.859578106,4.141613376,4.743400084,5.28652395,6.177789228
445,5.708775313,5.328411794,4.696239151,3.905496625,4.859578106,4.141613376,4.743400084,5.28652395,6.177789228
446,5.708775313,5.328411794,4.696239151,3.905496625,4.859578106,4.141613376,4.743400084,5.28652395,6.177789228
447,5.708775313,5.328411794,4.696239151,3.905496625,4.859578106,4.141613376,4.743400084,5.28652395,6.177789228
448,5.708775313,5.328411794,4.696239151,3.905496625,4.859578106,4.141613376,4.743400084,5.28652395,6.177789228
449,5.708775313,5.328411794,4.696239151,3.905496625,4.859578106,4.141613376,4.743400084,5.28652395,6.177789228
450,5.708775313,5.328411794,4.696239151,3.905496625,4.859578106,4.141613376,4.743400084,5.28652395,6.177789228
451,5.708775313,5.328411794,4.696239151,3.905496625,4.859578106,4.141613376,4.743400084,5.28652395,6.177789228
452,5.708775313,5.328411794,4.696239151,3.905496625,4.859578106,4.141613376,4.743400084,5.28652395,6.177789228
453,5.708775313,5.328411794,4.696239151,3.905496625,4.859578106,4.141613376,4.743400084,5.28652395,6.177789228
454,5.708775313,5.328411794,4.696239151,3.905496625,4.859578106,4.141613376,4.743400084,5.28652395,6.177789228
455,5.708775313,5.328411794,4.696239151,3.905496625,4.859578106,4.141613376,4.743400084,5.28652395,6.177789228
456,5.708775313,5.328411794,4.696239151,3.905496625,4.859578106,4.141613376,4.743400084,5.28652395,6.177789228
457,5.708775313,5.328411794,4.696239151,3.905496625,4.859578106,4.141613376,4.743400084,5.28652395,6.177789228
458,5.708775313,5.328411794,4.696239151,3.905496625,4.859578106,4.141613376,4.743400084,5.28652395,6.177789228
459,5.708775313,5.328411794,4.696239151,3.905496625,4.859578106,4.141613376,4.743400084,5.28652395,6.177789228
460,5.708775313,5.328411794,4.696239151,3.905496625,4.859578106,4.141613376,4.743400084,5.28652395,6.177789228
461,5.708775313,5.328411794,4.696239151,3.905496625,4.859578106,4.141613376,4.743400084,5.28652395,6.177789228
462,5.708775313,5.328411794,4.696239151,3.905496625,4.859578106,4.141613376,4.743400084,5.28652395,6.177789228
463,5.708775313,5.328411794,4.696239151,3.905496625,4.859578106,4.141613376,4.743400084,5.28652395,6.177789228
464,5.708775313,5.328411794,4.696239151,3.905496625,4.859578106,4.141613376,4.743400084,5.28652395,6.177789228
465,5.708775313,5.328411794,4.696239151,3.905496625,4.859578106,4.141613376,4.743400084,5.28652395,6.177789228
466,5.708775313,5.328411794,4.696239151,3.905496625,4.859578106,4.141613376,4.743400084,5.28652395,6.177789228
467,5.708775313,5.328411794,4.696239151,3.905496625,4.859578106,4.141613376,4.743400084,5.28652395,6.177789228
468,5.708775313,5.328411794,4.696239151,3.905496625,4.859578106,4.141613376,4.743400084,5.28652395,6.177789228
469,5.708775313,5.328411794,4.696239151,3.905496625,4.859578106,4.141613376,4.743400084,5.28652395,6.177789228
470,5.708775313,5.328411794,4.696239151,3.905496625,4.859578106,4.141613376,4.743400084,5.28652395,6.177789228
471,5.708775313,5.328411794,4.696239151,3.905496625,4.859578106,4.141613376,4.743400084,5.28652395,6.177789228
472,5.708775313,5.328411794,4.696239151,3.905496625,4.859578106,4.141613376,4.743400084,5.28652395,6.177789228
473,5.708775313,5.328411794,4.696239151,3.905496625,4.859578106,4.141613376,4.743400084,5.28652395,6.177789228
474,5.708775313,5.328411794,4.696239151,3.905496625,4.859578106,4.141613376,4.743400084,5.28652395,6.177789228
475,5.708775313,5.328411794,4.696239151,3.905496625,4.859578106,4.141613376,4.743400084,5.28652395,6.177789228
476,5.708775313,5.328411794,4.696239151,3.905496625,4.859578106,4.141613376,4.743400084,5.28652395,6.177789228
477,5.708775313,5.328411794,4.696239151,3.905496625,4.859578106,4.141613376,4.743400084,5.28652395,6.177789228
478,5.708775313,5.328411794,4.696239151,3.905496625,4.859578106,4.141613376,4.743400084,5.28652395,6.177789228
479,5.708775313,5.328411794,4.696239151,3.905496625,4.859578106,4.141613376,4.743400084,5.28652395,6.177789228
480,5.708775313,5.328411794,4.696239151,3.905496625,4.859578106,4.141613376,4.743400084,5.28652395,6.177789228
481,5.708775313,5.328411794,4.696239151,3.905496625,4.859578106,4.141613376,4.743400084,5.28652395,6.177789228
482,5.708775313,5.328411794,4.696239151,3.905496625,4.859578106,4.141613376,4.743400084,5.28652395,6.177789228
483,5.708775313,5.328411794,4.696239151,3.905496625,4.859578106,4.141613376,4.743400084,5.28652395,6.177789228
484,5.708775313,5.328411794,4.696239151,3.905496625,4.859578106,4.141613376,4.743400084,5.28652395,6.177789228
485,5.708775313,5.328411794,4.696239151,3.905496625,4.859578106,4.141613376,4.743400084,5.28652395,6.177789228
486,5.708775313,5.328411794,4.696239151,3.905496625,4.859578106,4.141613376,4.743400084,5.28652395,6.177789228
487,5.708775313,5.328411794,4.696239151,3.905496625,4.859578106,4.141613376,4.743400084,5.28652395,6.177789228
488,5.708775313,5.328411794,4.696239151,3.905496625,4.859578106,4.141613376,4.743400084,5.28652395,6.177789228
489,5.708775313,5.328411794,4.696239151,3.905496625,4.859578106,4.141613376,4.743400084,5.28652395,6.177789228
490,5.708775313,5.328411794,4.696239151,3.905496625,4.859578106,4.141613376,4.743400084,5.28652395,6.177789228
491,5.708775313,5.328411794,4.696239151,3.905496625,4.859578106,4.141613376,4.743400084,5.28652395,6.177789228
492,5.708775313,5.328411794,4.696239151,3.905496625,4.859578106,4.141613376,4.743400084,5.28652395,6.177789228
493,5.708775313,5.328411794,4.696239151,3.905496625,4.859578106,4.141613376,4.743400084,5.28652395,6.177789228
494,5.708775313,5.328411794,4.696239151,3.905496625,4.859578106,4.141613376,4.743400084,5.28652395,6.177789228
495,5.708775313,5.328411794,4.696239151,3.905496625,4.859578106,4.141613376,4.743400084,5.28652395,6.177789228
496,5.708775313,5.328411794,4.696239151,3.905496625,4.859578106,4.141613376,4.743400084,5.28652395,6.177789228
497,5.708775313,5.328411794,4.696239151,3.905496625,4.859578106,4.141613376,4.743400084,5.28652395,6.177789228
498,5.708775313,5.328411794,4.696239151,3.905496625,4.859578106,4.141613376,4.743400084,5.28652395,6.177789228
499,5.708775313,5.328411794,4.696239151,3.905496625,4.859578106,4.141613376,4.743400084,5.28652395,6.177789228
500,5.708775313,5.328411794,4.696239151,3.905496625,4.859578106,4.141613376,4.743400084,5.28652395,6.177789228
501,5.708775313,5.328411794,4.696239151,3.905496625,4.859578106,4.141613376,4.743400084,5.28652395,6.177789228
502,5.708775313,5.328411794,4.696239151,3.905496625,4.859578106,4.141613376,4.743400084,5.28652395,6.177789228
503,5.708775313,5.328411794,4.696239151,3.905496625,4.859578106,4.141613376,4.743400084,5.28652395,6.177789228
504,5.708775313,5.328411794,4.696239151,3.905496625,4.859578106,4.141613376,4.743400084,5.28652395,6.177789228
505,5.708775313,5.328411794,4.696239151,3.905496625,4.859578106,4.141613376,4.743400084,5.28652395,6.177789228
506,5.708775313,5.328411794,4.696239151,3.905496625,4.859578106,4.141613376,4.743400084,5.28652395,6.177789228
507,5.708775313,5.328411794,4.696239151,3.905496625,4.859578106,4.141613376,4.743400084,5.28652395,6.177789228
508,5.708775313,5.328411794,4.696239151,3.905496625,4.859578106,4.141613376,4.743400084,5.28652395,6.177789228
509,5.708775313,5.328411794,4.696239151,3.905496625,4.859578106,4.141613376,4.743400084,5.28652395,6.177789228
510,5.708775313,5.328411794,4.696239151,3.905496625,4.859578106,4.141613376,4.743400084,5.28652395,6.177789228
511,5.708775313,5.328411794,4.696239151,3.905496625,4.859578106,4.141613376,4.743400084,5.28652395,6.177789228
512,5.708775313,5.328411794,4.696239151,3.905496625,4.859578106,4.141613376,4.743400084,5.28652395,6.177789228
513,5.708775313,5.328411794,4.696239151,3.905496625,4.859578106,4.141613376,4.743400084,5.28652395,6.177789228
514,5.708775313,5.328411794,4.696239151,3.905496625,4.859578106,4.141613376,4.743400084,5.28652395,6.177789228
515,5.708775313,5.328411794,4.696239151,3.905496625,4.859578106,4.141613376,4.743400084,5.28652395,6.177789228
516,5.708775313,5.328411794,4.696239151,3.905496625,4.859578106,4.141613376,4.743400084,5.28652395,6.177789228
517,5.708775313,5.328411794,4.696239151,3.905496625,4.859578106,4.141613376,4.743400084,5.28652395,6.177789228
518,5.708775313,5.328411794,4.696239151,3.905496625,4.859578106,4.141613376,4.743400084,5.28652395,6.177789228
519,5.708775313,5.328411794,4.696239151,3.905496625,4.859578106,4.141613376,4.743400084,5.28652395,6.177789228
520,5.708775313,5.328411794,4.696239151,3.905496625,4.859578106,4.141613376,4.743400084,5.28652395,6.177789228
521,5.708775313,5.328411794,4.696239151,3.905496625,4.859578106,4.141613376,4.743400084,5.28652395,6.177789228
522,5.708775313,5.328411794,4.696239151,3.905496625,4.859578106,4.141613376,4.743400084,5.28652395,6.177789228
523,5.708775313,5.328411794,4.696239151,3.905496625,4.859578106,4.141613376,4.743400084,5.28652395,6.177789228
524,5.708775313,5.328411794,4.696239151,3.905496625,4.859578106,4.141613376,4.743400084,5.28652395,6.177789228
525,5.708775313,5.328411794,4.696239151,3.905496625,4.859578106,4.141613376,4.743400084,5.28652395,6.177789228
526,5.708775313,5.328411794,4.696239151,3.905496625,4.859578106,4.141613376,4.743400084,5.28652395,6.177789228
527,5.708775313,5.328411794,4.696239151,3.905496625,4.859578106,4.141613376,4.743400084,5.28652395,6.177789228
528,5.708775313,5.328411794,4.696239151,3.905496625,4.859578106,4.141613376,4.743400084,5.28652395,6.177789228
529,5.708775313,5.328411794,4.696239151,3.905496625,4.859578106,4.141613376,4.743400084,5.28652395,6.177789228
530,5.708775313,5.328411794,4.696239151,3.905496625,4.859578106,4.141613376,4.743400084,5.28652395,6.177789228
531,5.708775313,5.328411794,4.696239151,3.905496625,4.859578106,4.141613376,4.743400084,5.28652395,6.177789228
532,5.708775313,5.328411794,4.696239151,3.905496625,4.859578106,4.141613376,4.743400084,5.28652395,6.177789228
533,5.708775313,5.328411794,4.696239151,3.905496625,4.859578106,4.141613376,4.743400084,5.28652395,6.177789228
534,5.708775313,5.328411794,4.696239151,3.905496625,4.859578106,4.141613376,4.743400084,5.28652395,6.177789228
535,5.708775313,5.328411794,4.696239151,3.905496625,4.859578106,4.141613376,4.743400084,5.28652395,6.177789228
536,5.708775313,5.328411794,4.696239151,3.905496625,4.859578106,4.141613376,4.743400084,5.28652395,6.177789228
537,5.708775313,5.328411794,4.696239151,3.905496625,4.859578106,4.141613376,4.743400084,5.28652395,6.177789228
538,5.708775313,5.328411794,4.696239151,3.905496625,4.859578106,4.141613376,4.743400084,5.28652395,6.177789228
539,5.708775313,5.328411794,4.696239151,3.905496625,4.859578106,4.141613376,4.743400084,5.28652395,6.177789228
540,5.708775313,5.328411794,4.696239151,3.905496625,4.859578106,4.141613376,4.743400084,5.28652395,6.177789228
541,5.708775313,5.328411794,4.696239151,3.905496625,4.859578106,4.141613376,4.743400084,5.28652395,6.177789228
542,5.708775313,5.328411794,4.696239151,3.905496625,4.859578106,4.141613376,4.743400084,5.28652395,6.177789228
543,5.708775313,5.328411794,4.696239151,3.905496625,4.859578106,4.141613376,4.743400084,5.28652395,6.177789228
544,5.708775313,5.328411794,4.696239151,3.905496625,4.859578106,4.141613376,4.743400084,5.28652395,6.177789228
545,5.708775313,5.328411794,4.696239151,3.905496625,4.859578106,4.141613376,4.743400084,5.28652395,6.177789228
546,5.708775313,5.328411794,4.696239151,3.905496625,4.859578106,4.141613376,4.743400084,5.28652395,6.177789228
547,5.708775313,5.328411794,4.696239151,3.905496625,4.859578106,4.141613376,4.743400084,5.28652395,6.177789228
548,5.708775313,5.328411794,4.696239151,3.905496625,4.859578106,4.141613376,4.743400084,5.28652395,6.177789228
549,5.708775313,5.328411794,4.696239151,3.905496625,4.859578106,4.141613376,4.743400084,5.28652395,6.177789228
550,5.708775313,5.328411794,4.696239151,3.905496625,4.859578106,4.141613376,4.743400084,5.28652395,6.177789228
551,5.708775313,5.328411794,4.696239151,3.905496625,4.859578106,4.141613376,4.743400084,5.28652395,6.177789228
552,5.708775313,5.328411794,4.696239151,3.905496625,4.859578106,4.141613376,4.743400084,5.28652395,6.177789228
553,5.708775313,5.328411794,4.696239151,3.905496625,4.859578106,4.141613376,4.743400084,5.28652395,6.177789228
554,5.708775313,5.328411794,4.696239151,3.905496625,4.859578106,4.141613376,4.743400084,5.28652395,6.177789228
555,5.708775313,5.328411794,4.696239151,3.905496625,4.859578106,4.141613376,4.743400084,5.28652395,6.177789228
556,5.708775313,5.328411794,4.696239151,3.905496625,4.859578106,4.141613376,4.743400084,5.28652395,6.177789228
557,5.708775313,5.328411794,4.696239151,3.905496625,4.859578106,4.141613376,4.743400084,5.28652395,6.177789228
558,5.708775313,5.328411794,4.696239151,3.905496625,4.859578106,4.141613376,4.743400084,5.28652395,6.177789228
559,5.708775313,5.328411794,4.696239151,3.905496625,4.859578106,4.141613376,4.743400084,5.28652395,6.177789228
560,5.708775313,5.328411794,4.696239151,3.905496625,4.859578106,4.141613376,4.743400084,5.28652395,6.177789228
561,5.708775313,5.328411794,4.696239151,3.905496625,4.859578106,4.141613376,4.743400084,5.28652395,6.177789228
562,5.708775313,5.328411794,4.696239151,3.905496625,4.859578106,4.141613376,4.743400084,5.28652395,6.177789228
563,5.708775313,5.328411794,4.696239151,3.905496625,4.859578106,4.141613376,4.743400084,5.28652395,6.177789228
564,5.708775313,5.328411794,4.696239151,3.905496625,4.859578106,4.141613376,4.743400084,5.28652395,6.177789228
565,5.708775313,5.328411794,4.696239151,3.905496625,4.859578106,4.141613376,4.743400084,5.28652395,6.177789228
566,5.708775313,5.328411794,4.696239151,3.905496625,4.859578106,4.141613376,4.743400084,5.28652395,6.177789228
567,5.708775313,5.328411794,4.696239151,3.905496625,4.859578106,4.141613376,4.743400084,5.28652395,6.177789228
568,5.708775313,5.328411794,4.696239151,3.905496625,4.859578106,4.141613376,4.743400084,5.28652395,6.177789228
569,5.708775313,5.328411794,4.696239151,3.905496625,4.859578106,4.141613376,4.743400084,5.28652395,6.177789228
570,5.708775313,5.328411794,4.696239151,3.905496625,4.859578106,4.141613376,4.743400084,5.28652395,6.177789228
571,5.708775313,5.328411794,4.696239151,3.905496625,4.859578106,4.141613376,4.743400084,5.28652395,6.177789228
572,5.708775313,5.328411794,4.696239151,3.905496625,4.859578106,4.141613376,4.743400084,5.28652395,6.177789228
573,5.708775313,5.328411794,4.696239151,3.905496625,4.859578106,4.141613376,4.743400084,5.28652395,6.177789228
574,5.708775313,5.328411794,4.696239151,3.905496625,4.859578106,4.141613376,4.743400084,5.28652395,6.177789228
575,5.708775313,5.328411794,4.696239151,3.905496625,4.859578106,4.141613376,4.743400084,5.28652395,6.177789228
576,5.708775313,5.328411794,4.696239151,3.905496625,4.859578106,4.141613376,4.743400084,5.28652395,6.177789228
577,5.708775313,5.328411794,4.696239151,3.905496625,4.859578106,4.141613376,4.743400084,5.28652395,6.177789228
578,5.708775313,5.328411794,4.696239151,3.905496625,4.859578106,4.141613376,4.743400084,5.28652395,6.177789228
579,5.708775313,5.328411794,4.696239151,3.905496625,4.859578106,4.141613376,4.743400084,5.28652395,6.177789228
580,5.708775313,5.328411794,4.696239151,3.905496625,4.859578106,4.141613376,4.743400084,5.28652395,6.177789228
581,5.708775313,5.328411794,4.696239151,3.905496625,4.859578106,4.141613376,4.743400084,5.28652395,6.177789228
582,5.708775313,5.328411794,4.696239151,3.905496625,4.859578106,4.141613376,4.743400084,5.28652395,6.177789228
583,5.708775313,5.328411794,4.696239151,3.905496625,4.859578106,4.141613376,4.743400084,5.28652395,6.177789228
584,5.708775313,5.328411794,4.696239151,3.905496625,4.859578106,4.141613376,4.743400084,5.28652395,6.177789228
585,5.708775313,5.328411794,4.696239151,3.905496625,4.859578106,4.141613376,4.743400084,5.28652395,6.177789228
586,5.708775313,5.328411794,4.696239151,3.905496625,4.859578106,4.141613376,4.743400084,5.28652395,6.177789228
587,5.708775313,5.328411794,4.696239151,3.905496625,4.859578106,4.141613376,4.743400084,5.28652395,6.177789228
588,5.708775313,5.328411794,4.696239151,3.905496625,4.859578106,4.141613376,4.743400084,5.28652395,6.177789228
589,5.708775313,5.328411794,4.696239151,3.905496625,4.859578106,4.141613376,4.743400084,5.28652395,6.177789228
590,5.708775313,5.328411794,4.696239151,3.905496625,4.859578106,4.141613376,4.743400084,5.28652395,6.177789228
591,5.708775313,5.328411794,4.696239151,3.905496625,4.859578106,4.141613376,4.743400084,5.28652395,6.177789228
592,5.708775313,5.328411794,4.696239151,3.905496625,4.859578106,4.141613376,4.743400084,5.28652395,6.177789228
593,5.708775313,5.328411794,4.696239151,3.905496625,4.859578106,4.141613376,4.743400084,5.28652395,6.177789228
594,5.708775313,5.328411794,4.696239151,3.905496625,4.859578106,4.141613376,4.743400084,5.28652395,6.177789228
595,5.708775313,5.328411794,4.696239151,3.905496625,4.859578106,4.141613376,4.743400084,5.28652395,6.177789228
596,5.708775313,5.328411794,4.696239151,3.905496625,4.859578106,4.141613376,4.743400084,5.28652395,6.177789228
597,5.708775313,5.328411794,4.696239151,3.905496625,4.859578106,4.141613376,4.743400084,5.28652395,6.177789228
598,5.708775313,5.328411794,4.696239151,3.905496625,4.859578106,4.141613376,4.743400084,5.28652395,6.177789228
599,5.708775313,5.328411794,4.696239151,3.905496625,4.859578106,4.141613376,4.743400084,5.28652395,6.177789228
600,5.708775313,5.328411794,4.696239151,3.905496625,4.859578106,4.141613376,4.743400084,5.28652395,6.177789228
601,5.708775313,5.328411794,4.696239151,3.905496625,4.859578106,4.141613376,4.743400084,5.28652395,6.177789228
602,5.708775313,5.328411794,4.696239151,3.905496625,4.859578106,4.141613376,4.743400084,5.28652395,6.177789228
603,5.708775313,5.328411794,4.696239151,3.905496625,4.859578106,4.141613376,4.743400084,5.28652395,6.177789228
604,5.708775313,5.328411794,4.696239151,3.905496625,4.859578106,4.141613376,4.743400084,5.28652395,6.177789228
605,5.708775313,5.328411794,4.696239151,3.905496625,4.859578106,4.141613376,4.743400084,5.28652395,6.177789228
606,5.708775313,5.328411794,4.696239151,3.905496625,4.859578106,4.141613376,4.743400084,5.28652395,6.177789228
607,5.708775313,5.328411794,4.696239151,3.905496625,4.859578106,4.141613376,4.743400084,5.28652395,6.177789228
608,5.708775313,5.328411794,4.696239151,3.905496625,4.859578106,4.141613376,4.743400084,5.28652395,6.177789228
609,5.708775313,5.328411794,4.696239151,3.905496625,4.859578106,4.141613376,4.743400084,5.28652395,6.177789228
610,5.708775313,5.328411794,4.696239151,3.905496625,4.859578106,4.141613376,4.743400084,5.28652395,6.177789228
611,5.708775313,5.328411794,4.696239151,3.905496625,4.859578106,4.141613376,4.743400084,5.28652395,6.177789228
612,5.708775313,5.328411794,4.696239151,3.905496625,4.859578106,4.141613376,4.743400084,5.28652395,6.177789228
613,5.708775313,5.328411794,4.696239151,3.905496625,4.859578106,4.141613376,4.743400084,5.28652395,6.177789228
614,5.708775313,5.328411794,4.696239151,3.905496625,4.859578106,4.141613376,4.743400084,5.28652395,6.177789228
615,5.708775313,5.328411794,4.696239151,3.905496625,4.859578106,4.141613376,4.743400084,5.28652395,6.177789228
616,5.708775313,5.328411794,4.696239151,3.905496625,4.859578106,4.141613376,4.743400084,5.28652395,6.177789228
617,5.708775313,5.328411794,4.696239151,3.905496625,4.859578106,4.141613376,4.743400084,5.28652395,6.177789228
618,5.708775313,5.328411794,4.696239151,3.905496625,4.859578106,4.141613376,4.743400084,5.28652395,6.177789228
619,5.708775313,5.328411794,4.696239151,3.905496625,4.859578106,4.141613376,4.743400084,5.28652395,6.177789228
620,5.708775313,5.328411794,4.696239151,3.905496625,4.859578106,4.141613376,4.743400084,5.28652395,6.177789228
621,5.708775313,5.328411794,4.696239151,3.905496625,4.859578106,4.141613376,4.743400084,5.28652395,6.177789228
622,5.708775313,5.328411794,4.696239151,3.905496625,4.859578106,4.141613376,4.743400084,5.28652395,6.177789228
623,5.708775313,5.328411794,4.696239151,3.905496625,4.859578106,4.141613376,4.743400084,5.28652395,6.177789228
624,5.708775313,5.328411794,4.696239151,3.905496625,4.859578106,4.141613376,4.743400084,5.28652395,6.177789228
625,5.708775313,5.328411794,4.696239151,3.905496625,4.859578106,4.141613376,4.743400084,5.28652395,6.177789228
626,5.708775313,5.328411794,4.696239151,3.905496625,4.859578106,4.141613376,4.743400084,5.28652395,6.177789228
627,5.708775313,5.328411794,4.696239151,3.905496625,4.859578106,4.141613376,4.743400084,5.28652395,6.177789228
628,5.708775313,5.328411794,4.696239151,3.905496625,4.859578106,4.141613376,4.743400084,5.28652395,6.177789228
629,5.708775313,5.328411794,4.696239151,3.905496625,4.859578106,4.141613376,4.743400084,5.28652395,6.177789228
630,5.708775313,5.328411794,4.696239151,3.905496625,4.859578106,4.141613376,4.743400084,5.28652395,6.177789228
631,5.708775313,5.328411794,4.696239151,3.905496625,4.859578106,4.141613376,4.743400084,5.28652395,6.177789228
632,5.708775313,5.328411794,4.696239151,3.905496625,4.859578106,4.141613376,4.743400084,5.28652395,6.177789228
633,5.708775313,5.328411794,4.696239151,3.905496625,4.859578106,4.141613376,4.743400084,5.28652395,6.177789228
634,5.708775313,5.328411794,4.696239151,3.905496625,4.859578106,4.141613376,4.743400084,5.28652395,6.177789228
635,5.708775313,5.328411794,4.696239151,3.905496625,4.859578106,4.141613376,4.743400084,5.28652395,6.177789228
636,5.708775313,5.328411794,4.696239151,3.905496625,4.859578106,4.141613376,4.743400084,5.28652395,6.177789228
637,5.708775313,5.328411794,4.696239151,3.905496625,4.859578106,4.141613376,4.743400084,5.28652395,6.177789228
638,5.708775313,5.328411794,4.696239151,3.905496625,4.859578106,4.141613376,4.743400084,5.28652395,6.177789228
639,5.708775313,5.328411794,4.696239151,3.905496625,4.859578106,4.141613376,4.743400084,5.28652395,6.177789228
640,5.708775313,5.328411794,4.696239151,3.905496625,4.859578106,4.141613376,4.743400084,5.28652395,6.177789228
641,5.708775313,5.328411794,4.696239151,3.905496625,4.859578106,4.141613376,4.743400084,5.28652395,6.177789228
642,5.708775313,5.328411794,4.696239151,3.905496625,4.859578106,4.141613376,4.743400084,5.28652395,6.177789228
643,5.708775313,5.328411794,4.696239151,3.905496625,4.859578106,4.141613376,4.743400084,5.28652395,6.177789228
644,5.708775313,5.328411794,4.696239151,3.905496625,4.859578106,4.141613376,4.743400084,5.28652395,6.177789228
645,5.708775313,5.328411794,4.696239151,3.905496625,4.859578106,4.141613376,4.743400084,5.28652395,6.177789228
646,5.708775313,5.328411794,4.696239151,3.905496625,4.859578106,4.141613376,4.743400084,5.28652395,6.177789228
647,5.708775313,5.328411794,4.696239151,3.905496625,4.859578106,4.141613376,4.743400084,5.28652395,6.177789228
648,5.708775313,5.328411794,4.696239151,3.905496625,4.859578106,4.141613376,4.743400084,5.28652395,6.177789228
649,5.708775313,5.328411794,4.696239151,3.905496625,4.859578106,4.141613376,4.743400084,5.28652395,6.177789228
650,5.708775313,5.328411794,4.696239151,3.905496625,4.859578106,4.141613376,4.743400084,5.28652395,6.177789228
651,5.708775313,5.328411794,4.696239151,3.905496625,4.859578106,4.141613376,4.743400084,5.28652395,6.177789228
652,5.708775313,5.328411794,4.696239151,3.905496625,4.859578106,4.141613376,4.743400084,5.28652395,6.177789228
653,5.708775313,5.328411794,4.696239151,3.905496625,4.859578106,4.141613376,4.743400084,5.28652395,6.177789228
654,5.708775313,5.328411794,4.696239151,3.905496625,4.859578106,4.141613376,4.743400084,5.28652395,6.177789228
655,5.708775313,5.328411794,4.696239151,3.905496625,4.859578106,4.141613376,4.743400084,5.28652395,6.177789228
656,5.708775313,5.328411794,4.696239151,3.905496625,4.859578106,4.141613376,4.743400084,5.28652395,6.177789228
657,5.708775313,5.328411794,4.696239151,3.905496625,4.859578106,4.141613376,4.743400084,5.28652395,6.177789228
658,5.708775313,5.328411794,4.696239151,3.905496625,4.859578106,4.141613376,4.743400084,5.28652395,6.177789228
659,5.708775313,5.328411794,4.696239151,3.905496625,4.859578106,4.141613376,4.743400084,5.28652395,6.177789228
660,5.708775313,5.328411794,4.696239151,3.905496625,4.859578106,4.141613376,4.743400084,5.28652395,6.177789228
661,5.708775313,5.328411794,4.696239151,3.905496625,4.859578106,4.141613376,4.743400084,5.28652395,6.177789228
662,5.708775313,5.328411794,4.696239151,3.905496625,4.859578106,4.141613376,4.743400084,5.28652395,6.177789228
663,5.708775313,5.328411794,4.696239151,3.905496625,4.859578106,4.141613376,4.743400084,5.28652395,6.177789228
664,5.708775313,5.328411794,4.696239151,3.905496625,4.859578106,4.141613376,4.743400084,5.28652395,6.177789228
665,5.708775313,5.328411794,4.696239151,3.905496625,4.859578106,4.141613376,4.743400084,5.28652395,6.177789228
666,5.708775313,5.328411794,4.696239151,3.905496625,4.859578106,4.141613376,4.743400084,5.28652395,6.177789228
667,5.708775313,5.328411794,4.696239151,3.905496625,4.859578106,4.141613376,4.743400084,5.28652395,6.177789228
668,5.708775313,5.328411794,4.696239151,3.905496625,4.859578106,4.141613376,4.743400084,5.28652395,6.177789228
669,5.708775313,5.328411794,4.696239151,3.905496625,4.859578106,4.141613376,4.743400084,5.28652395,6.177789228
670,5.708775313,5.328411794,4.696239151,3.905496625,4.859578106,4.141613376,4.743400084,5.28652395,6.177789228
671,5.708775313,5.328411794,4.696239151,3.905496625,4.859578106,4.141613376,4.743400084,5.28652395,6.177789228
672,5.708775313,5.328411794,4.696239151,3.905496625,4.859578106,4.141613376,4.743400084,5.28652395,6.177789228
673,5.708775313,5.328411794,4.696239151,3.905496625,4.859578106,4.141613376,4.743400084,5.28652395,6.177789228
674,5.708775313,5.328411794,4.696239151,3.905496625,4.859578106,4.141613376,4.743400084,5.28652395,6.177789228
675,5.708775313,5.328411794,4.696239151,3.905496625,4.859578106,4.141613376,4.743400084,5.28652395,6.177789228
676,5.708775313,5.328411794,4.696239151,3.905496625,4.859578106,4.141613376,4.743400084,5.28652395,6.177789228
677,5.708775313,5.328411794,4.696239151,3.905496625,4.859578106,4.141613376,4.743400084,5.28652395,6.177789228
678,5.708775313,5.328411794,4.696239151,3.905496625,4.859578106,4.141613376,4.743400084,5.28652395,6.177789228
679,5.708775313,5.328411794,4.696239151,3.905496625,4.859578106,4.141613376,4.743400084,5.28652395,6.177789228
680,5.708775313,5.328411794,4.696239151,3.905496625,4.859578106,4.141613376,4.743400084,5.28652395,6.177789228
681,5.708775313,5.328411794,4.696239151,3.905496625,4.859578106,4.141613376,4.743400084,5.28652395,6.177789228
682,5.708775313,5.328411794,4.696239151,3.905496625,4.859578106,4.141613376,4.743400084,5.28652395,6.177789228
683,5.708775313,5.328411794,4.696239151,3.905496625,4.859578106,4.141613376,4.743400084,5.28652395,6.177789228
684,5.708775313,5.328411794,4.696239151,3.905496625,4.859578106,4.141613376,4.743400084,5.28652395,6.177789228
685,5.708775313,5.328411794,4.696239151,3.905496625,4.859578106,4.141613376,4.743400084,5.28652395,6.177789228
686,5.708775313,5.328411794,4.696239151,3.905496625,4.859578106,4.141613376,4.743400084,5.28652395,6.177789228
687,5.708775313,5.328411794,4.696239151,3.905496625,4.859578106,4.141613376,4.743400084,5.28652395,6.177789228
688,5.708775313,5.328411794,4.696239151,3.905496625,4.859578106,4.141613376,4.743400084,5.28652395,6.177789228
689,5.708775313,5.328411794,4.696239151,3.905496625,4.859578106,4.141613376,4.743400084,5.28652395,6.177789228
690,5.708775313,5.328411794,4.696239151,3.905496625,4.859578106,4.141613376,4.743400084,5.28652395,6.177789228
691,5.708775313,5.328411794,4.696239151,3.905496625,4.859578106,4.141613376,4.743400084,5.28652395,6.177789228
692,5.708775313,5.328411794,4.696239151,3.905496625,4.859578106,4.141613376,4.743400084,5.28652395,6.177789228
693,5.708775313,5.328411794,4.696239151,3.905496625,4.859578106,4.141613376,4.743400084,5.28652395,6.177789228
694,5.708775313,5.328411794,4.696239151,3.905496625,4.859578106,4.141613376,4.743400084,5.28652395,6.177789228
695,5.708775313,5.328411794,4.696239151,3.905496625,4.859578106,4.141613376,4.743400084,5.28652395,6.177789228
696,5.708775313,5.328411794,4.696239151,3.905496625,4.859578106,4.141613376,4.743400084,5.28652395,6.177789228
697,5.708775313,5.328411794,4.696239151,3.905496625,4.859578106,4.141613376,4.743400084,5.28652395,6.177789228
698,5.708775313,5.328411794,4.696239151,3.905496625,4.859578106,4.141613376,4.743400084,5.28652395,6.177789228
699,5.708775313,5.328411794,4.696239151,3.905496625,4.859578106,4.141613376,4.743400084,5.28652395,6.177789228
700,5.708775313,5.328411794,4.696239151,3.905496625,4.859578106,4.141613376,4.743400084,5.28652395,6.177789228
701,5.708775313,5.328411794,4.696239151,3.905496625,4.859578106,4.141613376,4.743400084,5.28652395,6.177789228
702,5.708775313,5.328411794,4.696239151,3.905496625,4.859578106,4.141613376,4.743400084,5.28652395,6.177789228
703,5.708775313,5.328411794,4.696239151,3.905496625,4.859578106,4.141613376,4.743400084,5.28652395,6.177789228
704,5.708775313,5.328411794,4.696239151,3.905496625,4.859578106,4.141613376,4.743400084,5.28652395,6.177789228
705,5.708775313,5.328411794,4.696239151,3.905496625,4.859578106,4.141613376,4.743400084,5.28652395,6.177789228
706,5.708775313,5.328411794,4.696239151,3.905496625,4.859578106,4.141613376,4.743400084,5.28652395,6.177789228
707,5.708775313,5.328411794,4.696239151,3.905496625,4.859578106,4.141613376,4.743400084,5.28652395,6.177789228
708,5.708775313,5.328411794,4.696239151,3.905496625,4.859578106,4.141613376,4.743400084,5.28652395,6.177789228
709,5.708775313,5.328411794,4.696239151,3.905496625,4.859578106,4.141613376,4.743400084,5.28652395,6.177789228
710,5.708775313,5.328411794,4.696239151,3.905496625,4.859578106,4.141613376,4.743400084,5.28652395,6.177789228
711,5.708775313,5.328411794,4.696239151,3.905496625,4.859578106,4.141613376,4.743400084,5.28652395,6.177789228
712,5.708775313,5.328411794,4.696239151,3.905496625,4.859578106,4.141613376,4.743400084,5.28652395,6.177789228
713,5.708775313,5.328411794,4.696239151,3.905496625,4.859578106,4.141613376,4.743400084,5.28652395,6.177789228
714,5.708775313,5.328411794,4.696239151,3.905496625,4.859578106,4.141613376,4.743400084,5.28652395,6.177789228
715,5.708775313,5.328411794,4.696239151,3.905496625,4.859578106,4.141613376,4.743400084,5.28652395,6.177789228
716,5.708775313,5.328411794,4.696239151,3.905496625,4.859578106,4.141613376,4.743400084,5.28652395,6.177789228
717,5.708775313,5.328411794,4.696239151,3.905496625,4.859578106,4.141613376,4.743400084,5.28652395,6.177789228
718,5.708775313,5.328411794,4.696239151,3.905496625,4.859578106,4.141613376,4.743400084,5.28652395,6.177789228
719,5.708775313,5.328411794,4.696239151,3.905496625,4.859578106,4.141613376,4.743400084,5.28652395,6.177789228
720,5.708775313,5.328411794,4.696239151,3.905496625,4.859578106,4.141613376,4.743400084,5.28652395,6.177789228
721,5.708775313,5.328411794,4.696239151,3.905496625,4.859578106,4.141613376,4.743400084,5.28652395,6.177789228
722,5.708775313,5.328411794,4.696239151,3.905496625,4.859578106,4.141613376,4.743400084,5.28652395,6.177789228
723,5.708775313,5.328411794,4.696239151,3.905496625,4.859578106,4.141613376,4.743400084,5.28652395,6.177789228
724,5.708775313,5.328411794,4.696239151,3.905496625,4.859578106,4.141613376,4.743400084,5.28652395,6.177789228
725,5.708775313,5.328411794,4.696239151,3.905496625,4.859578106,4.141613376,4.743400084,5.28652395,6.177789228
726,5.708775313,5.328411794,4.696239151,3.905496625,4.859578106,4.141613376,4.743400084,5.28652395,6.177789228
727,5.708775313,5.328411794,4.696239151,3.905496625,4.859578106,4.141613376,4.743400084,5.28652395,6.177789228
728,5.708775313,5.328411794,4.696239151,3.905496625,4.859578106,4.141613376,4.743400084,5.28652395,6.177789228
729,5.708775313,5.328411794,4.696239151,3.905496625,4.859578106,4.141613376,4.743400084,5.28652395,6.177789228
730,5.708775313,5.328411794,4.696239151,3.905496625,4.859578106,4.141613376,4.743400084,5.28652395,6.177789228
731,5.708775313,5.328411794,4.696239151,3.905496625,4.859578106,4.141613376,4.743400084,5.28652395,6.177789228
732,5.708775313,5.328411794,4.696239151,3.905496625,4.859578106,4.141613376,4.743400084,5.28652395,6.177789228
733,5.708775313,5.328411794,4.696239151,3.905496625,4.859578106,4.141613376,4.743400084,5.28652395,6.177789228
734,5.708775313,5.328411794,4.696239151,3.905496625,4.859578106,4.141613376,4.743400084,5.28652395,6.177789228
735,5.708775313,5.328411794,4.696239151,3.905496625,4.859578106,4.141613376,4.743400084,5.28652395,6.177789228
736,5.708775313,5.328411794,4.696239151,3.905496625,4.859578106,4.141613376,4.743400084,5.28652395,6.177789228
737,5.708775313,5.328411794,4.696239151,3.905496625,4.859578106,4.141613376,4.743400084,5.28652395,6.177789228
738,5.708775313,5.328411794,4.696239151,3.905496625,4.859578106,4.141613376,4.743400084,5.28652395,6.177789228
739,5.708775313,5.328411794,4.696239151,3.905496625,4.859578106,4.141613376,4.743400084,5.28652395,6.177789228
740,5.708775313,5.328411794,4.696239151,3.905496625,4.859578106,4.141613376,4.743400084,5.28652395,6.177789228
741,5.708775313,5.328411794,4.696239151,3.905496625,4.859578106,4.141613376,4.743400084,5.28652395,6.177789228
742,5.708775313,5.328411794,4.696239151,3.905496625,4.859578106,4.141613376,4.743400084,5.28652395,6.177789228
743,5.708775313,5.328411794,4.696239151,3.905496625,4.859578106,4.141613376,4.743400084,5.28652395,6.177789228
744,5.708775313,5.328411794,4.696239151,3.905496625,4.859578106,4.141613376,4.743400084,5.28652395,6.177789228
745,5.708775313,5.328411794,4.696239151,3.905496625,4.859578106,4.141613376,4.743400084,5.28652395,6.177789228
746,5.708775313,5.328411794,4.696239151,3.905496625,4.859578106,4.141613376,4.743400084,5.28652395,6.177789228
747,5.708775313,5.328411794,4.696239151,3.905496625,4.859578106,4.141613376,4.743400084,5.28652395,6.177789228
748,5.708775313,5.328411794,4.696239151,3.905496625,4.859578106,4.141613376,4.743400084,5.28652395,6.177789228
749,5.708775313,5.328411794,4.696239151,3.905496625,4.859578106,4.141613376,4.743400084,5.28652395,6.177789228
750,5.708775313,5.328411794,4.696239151,3.905496625,4.859578106,4.141613376,4.743400084,5.28652395,6.177789228
751,5.708775313,5.328411794,4.696239151,3.905496625,4.859578106,4.141613376,4.743400084,5.28652395,6.177789228
752,5.708775313,5.328411794,4.696239151,3.905496625,4.859578106,4.141613376,4.743400084,5.28652395,6.177789228
753,5.708775313,5.328411794,4.696239151,3.905496625,4.859578106,4.141613376,4.743400084,5.28652395,6.177789228
754,5.708775313,5.328411794,4.696239151,3.905496625,4.859578106,4.141613376,4.743400084,5.28652395,6.177789228
755,5.708775313,5.328411794,4.696239151,3.905496625,4.859578106,4.141613376,4.743400084,5.28652395,6.177789228
756,5.708775313,5.328411794,4.696239151,3.905496625,4.859578106,4.141613376,4.743400084,5.28652395,6.177789228
757,5.708775313,5.328411794,4.696239151,3.905496625,4.859578106,4.141613376,4.743400084,5.28652395,6.177789228
758,5.708775313,5.328411794,4.696239151,3.905496625,4.859578106,4.141613376,4.743400084,5.28652395,6.177789228
759,5.708775313,5.328411794,4.696239151,3.905496625,4.859578106,4.141613376,4.743400084,5.28652395,6.177789228
760,5.708775313,5.328411794,4.696239151,3.905496625,4.859578106,4.141613376,4.743400084,5.28652395,6.177789228
761,5.708775313,5.328411794,4.696239151,3.905496625,4.859578106,4.141613376,4.743400084,5.28652395,6.177789228
762,5.708775313,5.328411794,4.696239151,3.905496625,4.859578106,4.141613376,4.743400084,5.28652395,6.177789228
763,5.708775313,5.328411794,4.696239151,3.905496625,4.859578106,4.141613376,4.743400084,5.28652395,6.177789228
764,5.708775313,5.328411794,4.696239151,3.905496625,4.859578106,4.141613376,4.743400084,5.28652395,6.177789228
765,5.708775313,5.328411794,4.696239151,3.905496625,4.859578106,4.141613376,4.743400084,5.28652395,6.177789228
766,5.708775313,5.328411794,4.696239151,3.905496625,4.859578106,4.141613376,4.743400084,5.28652395,6.177789228
767,5.708775313,5.328411794,4.696239151,3.905496625,4.859578106,4.141613376,4.743400084,5.28652395,6.177789228
768,5.708775313,5.328411794,4.696239151,3.905496625,4.859578106,4.141613376,4.743400084,5.28652395,6.177789228
769,5.708775313,5.328411794,4.696239151,3.905496625,4.859578106,4.141613376,4.743400084,5.28652395,6.177789228
770,5.708775313,5.328411794,4.696239151,3.905496625,4.859578106,4.141613376,4.743400084,5.28652395,6.177789228
771,5.708775313,5.328411794,4.696239151,3.905496625,4.859578106,4.141613376,4.743400084,5.28652395,6.177789228
772,5.708775313,5.328411794,4.696239151,3.905496625,4.859578106,4.141613376,4.743400084,5.28652395,6.177789228
773,5.708775313,5.328411794,4.696239151,3.905496625,4.859578106,4.141613376,4.743400084,5.28652395,6.177789228
774,5.708775313,5.328411794,4.696239151,3.905496625,4.859578106,4.141613376,4.743400084,5.28652395,6.177789228
775,5.708775313,5.328411794,4.696239151,3.905496625,4.859578106,4.141613376,4.743400084,5.28652395,6.177789228
776,5.708775313,5.328411794,4.696239151,3.905496625,4.859578106,4.141613376,4.743400084,5.28652395,6.177789228
777,5.708775313,5.328411794,4.696239151,3.905496625,4.859578106,4.141613376,4.743400084,5.28652395,6.177789228
778,5.708775313,5.328411794,4.696239151,3.905496625,4.859578106,4.141613376,4.743400084,5.28652395,6.177789228
779,5.708775313,5.328411794,4.696239151,3.905496625,4.859578106,4.141613376,4.743400084,5.28652395,6.177789228
780,5.708775313,5.328411794,4.696239151,3.905496625,4.859578106,4.141613376,4.743400084,5.28652395,6.177789228
781,5.708775313,5.328411794,4.696239151,3.905496625,4.859578106,4.141613376,4.743400084,5.28652395,6.177789228
782,5.708775313,5.328411794,4.696239151,3.905496625,4.859578106,4.141613376,4.743400084,5.28652395,6.177789228
783,5.708775313,5.328411794,4.696239151,3.905496625,4.859578106,4.141613376,4.743400084,5.28652395,6.177789228
784,5.708775313,5.328411794,4.696239151,3.905496625,4.859578106,4.141613376,4.743400084,5.28652395,6.177789228
785,5.708775313,5.328411794,4.696239151,3.905496625,4.859578106,4.141613376,4.743400084,5.28652395,6.177789228
786,5.708775313,5.328411794,4.696239151,3.905496625,4.859578106,4.141613376,4.743400084,5.28652395,6.177789228
787,5.708775313,5.328411794,4.696239151,3.905496625,4.859578106,4.141613376,4.743400084,5.28652395,6.177789228
788,5.708775313,5.328411794,4.696239151,3.905496625,4.859578106,4.141613376,4.743400084,5.28652395,6.177789228
789,5.708775313,5.328411794,4.696239151,3.905496625,4.859578106,4.141613376,4.743400084,5.28652395,6.177789228
790,5.708775313,5.328411794,4.696239151,3.905496625,4.859578106,4.141613376,4.743400084,5.28652395,6.177789228
791,5.708775313,5.328411794,4.696239151,3.905496625,4.859578106,4.141613376,4.743400084,5.28652395,6.177789228
792,5.708775313,5.328411794,4.696239151,3.905496625,4.859578106,4.141613376,4.743400084,5.28652395,6.177789228
793,5.708775313,5.328411794,4.696239151,3.905496625,4.859578106,4.141613376,4.743400084,5.28652395,6.177789228
794,5.708775313,5.328411794,4.696239151,3.905496625,4.859578106,4.141613376,4.743400084,5.28652395,6.177789228
795,5.708775313,5.328411794,4.696239151,3.905496625,4.859578106,4.141613376,4.743400084,5.28652395,6.177789228
796,5.708775313,5.328411794,4.696239151,3.905496625,4.859578106,4.141613376,4.743400084,5.28652395,6.177789228
797,5.708775313,5.328411794,4.696239151,3.905496625,4.859578106,4.141613376,4.743400084,5.28652395,6.177789228
798,5.708775313,5.328411794,4.696239151,3.905496625,4.859578106,4.141613376,4.743400084,5.28652395,6.177789228
799,5.708775313,5.328411794,4.696239151,3.905496625,4.859578106,4.141613376,4.743400084,5.28652395,6.177789228
800,5.708775313,5.328411794,4.696239151,3.905496625,4.859578106,4.141613376,4.743400084,5.28652395,6.177789228
801,5.708775313,5.328411794,4.696239151,3.905496625,4.859578106,4.141613376,4.743400084,5.28652395,6.177789228
802,5.708775313,5.328411794,4.696239151,3.905496625,4.859578106,4.141613376,4.743400084,5.28652395,6.177789228
803,5.708775313,5.328411794,4.696239151,3.905496625,4.859578106,4.141613376,4.743400084,5.28652395,6.177789228
804,5.708775313,5.328411794,4.696239151,3.905496625,4.859578106,4.141613376,4.743400084,5.28652395,6.177789228
805,5.708775313,5.328411794,4.696239151,3.905496625,4.859578106,4.141613376,4.743400084,5.28652395,6.177789228
806,5.708775313,5.328411794,4.696239151,3.905496625,4.859578106,4.141613376,4.743400084,5.28652395,6.177789228
807,5.708775313,5.328411794,4.696239151,3.905496625,4.859578106,4.141613376,4.743400084,5.28652395,6.177789228
808,5.708775313,5.328411794,4.696239151,3.905496625,4.859578106,4.141613376,4.743400084,5.28652395,6.177789228
809,5.708775313,5.328411794,4.696239151,3.905496625,4.859578106,4.141613376,4.743400084,5.28652395,6.177789228
810,5.708775313,5.328411794,4.696239151,3.905496625,4.859578106,4.141613376,4.743400084,5.28652395,6.177789228
811,5.708775313,5.328411794,4.696239151,3.905496625,4.859578106,4.141613376,4.743400084,5.28652395,6.177789228
812,5.708775313,5.328411794,4.696239151,3.905496625,4.859578106,4.141613376,4.743400084,5.28652395,6.177789228
813,5.708775313,5.328411794,4.696239151,3.905496625,4.859578106,4.141613376,4.743400084,5.28652395,6.177789228
814,5.708775313,5.328411794,4.696239151,3.905496625,4.859578106,4.141613376,4.743400084,5.28652395,6.177789228
815,5.708775313,5.328411794,4.696239151,3.905496625,4.859578106,4.141613376,4.743400084,5.28652395,6.177789228
816,5.708775313,5.328411794,4.696239151,3.905496625,4.859578106,4.141613376,4.743400084,5.28652395,6.177789228
817,5.708775313,5.328411794,4.696239151,3.905496625,4.859578106,4.141613376,4.743400084,5.28652395,6.177789228
818,5.708775313,5.328411794,4.696239151,3.905496625,4.859578106,4.141613376,4.743400084,5.28652395,6.177789228
819,5.708775313,5.328411794,4.696239151,3.905496625,4.859578106,4.141613376,4.743400084,5.28652395,6.177789228
820,5.708775313,5.328411794,4.696239151,3.905496625,4.859578106,4.141613376,4.743400084,5.28652395,6.177789228
821,5.708775313,5.328411794,4.696239151,3.905496625,4.859578106,4.141613376,4.743400084,5.28652395,6.177789228
822,5.708775313,5.328411794,4.696239151,3.905496625,4.859578106,4.141613376,4.743400084,5.28652395,6.177789228
823,5.708775313,5.328411794,4.696239151,3.905496625,4.859578106,4.141613376,4.743400084,5.28652395,6.177789228
824,5.708775313,5.328411794,4.696239151,3.905496625,4.859578106,4.141613376,4.743400084,5.28652395,6.177789228
825,5.708775313,5.328411794,4.696239151,3.905496625,4.859578106,4.141613376,4.743400084,5.28652395,6.177789228
826,5.708775313,5.328411794,4.696239151,3.905496625,4.859578106,4.141613376,4.743400084,5.28652395,6.177789228
827,5.708775313,5.328411794,4.696239151,3.905496625,4.859578106,4.141613376,4.743400084,5.28652395,6.177789228
828,5.708775313,5.328411794,4.696239151,3.905496625,4.859578106,4.141613376,4.743400084,5.28652395,6.177789228
829,5.708775313,5.328411794,4.696239151,3.905496625,4.859578106,4.141613376,4.743400084,5.28652395,6.177789228
830,5.708775313,5.328411794,4.696239151,3.905496625,4.859578106,4.141613376,4.743400084,5.28652395,6.177789228
831,5.708775313,5.328411794,4.696239151,3.905496625,4.859578106,4.141613376,4.743400084,5.28652395,6.177789228
832,5.708775313,5.328411794,4.696239151,3.905496625,4.859578106,4.141613376,4.743400084,5.28652395,6.177789228
833,5.708775313,5.328411794,4.696239151,3.905496625,4.859578106,4.141613376,4.743400084,5.28652395,6.177789228
834,5.708775313,5.328411794,4.696239151,3.905496625,4.859578106,4.141613376,4.743400084,5.28652395,6.177789228
835,5.708775313,5.328411794,4.696239151,3.905496625,4.859578106,4.141613376,4.743400084,5.28652395,6.177789228
836,5.708775313,5.328411794,4.696239151,3.905496625,4.859578106,4.141613376,4.743400084,5.28652395,6.177789228
837,5.708775313,5.328411794,4.696239151,3.905496625,4.859578106,4.141613376,4.743400084,5.28652395,6.177789228
838,5.708775313,5.328411794,4.696239151,3.905496625,4.859578106,4.141613376,4.743400084,5.28652395,6.177789228
839,5.708775313,5.328411794,4.696239151,3.905496625,4.859578106,4.141613376,4.743400084,5.28652395,6.177789228
840,5.708775313,5.328411794,4.696239151,3.905496625,4.859578106,4.141613376,4.743400084,5.28652395,6.177789228
841,5.708775313,5.328411794,4.696239151,3.905496625,4.859578106,4.141613376,4.743400084,5.28652395,6.177789228
842,5.708775313,5.328411794,4.696239151,3.905496625,4.859578106,4.141613376,4.743400084,5.28652395,6.177789228
843,5.708775313,5.328411794,4.696239151,3.905496625,4.859578106,4.141613376,4.743400084,5.28652395,6.177789228
844,5.708775313,5.328411794,4.696239151,3.905496625,4.859578106,4.141613376,4.743400084,5.28652395,6.177789228
845,5.708775313,5.328411794,4.696239151,3.905496625,4.859578106,4.141613376,4.743400084,5.28652395,6.177789228
846,5.708775313,5.328411794,4.696239151,3.905496625,4.859578106,4.141613376,4.743400084,5.28652395,6.177789228
847,5.708775313,5.328411794,4.696239151,3.905496625,4.859578106,4.141613376,4.743400084,5.28652395,6.177789228
848,5.708775313,5.328411794,4.696239151,3.905496625,4.859578106,4.141613376,4.743400084,5.28652395,6.177789228
849,5.708775313,5.328411794,4.696239151,3.905496625,4.859578106,4.141613376,4.743400084,5.28652395,6.177789228
850,5.708775313,5.328411794,4.696239151,3.905496625,4.859578106,4.141613376,4.743400084,5.28652395,6.177789228
851,5.708775313,5.328411794,4.696239151,3.905496625,4.859578106,4.141613376,4.743400084,5.28652395,6.177789228
852,5.708775313,5.328411794,4.696239151,3.905496625,4.859578106,4.141613376,4.743400084,5.28652395,6.177789228
853,5.708775313,5.328411794,4.696239151,3.905496625,4.859578106,4.141613376,4.743400084,5.28652395,6.177789228
854,5.708775313,5.328411794,4.696239151,3.905496625,4.859578106,4.141613376,4.743400084,5.28652395,6.177789228
855,5.708775313,5.328411794,4.696239151,3.905496625,4.859578106,4.141613376,4.743400084,5.28652395,6.177789228
856,5.708775313,5.328411794,4.696239151,3.905496625,4.859578106,4.141613376,4.743400084,5.28652395,6.177789228
857,5.708775313,5.328411794,4.696239151,3.905496625,4.859578106,4.141613376,4.743400084,5.28652395,6.177789228
858,5.708775313,5.328411794,4.696239151,3.905496625,4.859578106,4.141613376,4.743400084,5.28652395,6.177789228
859,5.708775313,5.328411794,4.696239151,3.905496625,4.859578106,4.141613376,4.743400084,5.28652395,6.177789228
860,5.708775313,5.328411794,4.696239151,3.905496625,4.859578106,4.141613376,4.743400084,5.28652395,6.177789228
861,5.708775313,5.328411794,4.696239151,3.905496625,4.859578106,4.141613376,4.743400084,5.28652395,6.177789228
862,5.708775313,5.328411794,4.696239151,3.905496625,4.859578106,4.141613376,4.743400084,5.28652395,6.177789228
863,5.708775313,5.328411794,4.696239151,3.905496625,4.859578106,4.141613376,4.743400084,5.28652395,6.177789228
864,5.708775313,5.328411794,4.696239151,3.905496625,4.859578106,4.141613376,4.743400084,5.28652395,6.177789228
865,5.708775313,5.328411794,4.696239151,3.905496625,4.859578106,4.141613376,4.743400084,5.28652395,6.177789228
866,5.708775313,5.328411794,4.696239151,3.905496625,4.859578106,4.141613376,4.743400084,5.28652395,6.177789228
867,5.708775313,5.328411794,4.696239151,3.905496625,4.859578106,4.141613376,4.743400084,5.28652395,6.177789228
868,5.708775313,5.328411794,4.696239151,3.905496625,4.859578106,4.141613376,4.743400084,5.28652395,6.177789228
869,5.708775313,5.328411794,4.696239151,3.905496625,4.859578106,4.141613376,4.743400084,5.28652395,6.177789228
870,5.708775313,5.328411794,4.696239151,3.905496625,4.859578106,4.141613376,4.743400084,5.28652395,6.177789228
871,5.708775313,5.328411794,4.696239151,3.905496625,4.859578106,4.141613376,4.743400084,5.28652395,6.177789228
872,5.708775313,5.328411794,4.696239151,3.905496625,4.859578106,4.141613376,4.743400084,5.28652395,6.177789228
873,5.708775313,5.328411794,4.696239151,3.905496625,4.859578106,4.141613376,4.743400084,5.28652395,6.177789228
874,5.708775313,5.328411794,4.696239151,3.905496625,4.859578106,4.141613376,4.743400084,5.28652395,6.177789228
875,5.708775313,5.328411794,4.696239151,3.905496625,4.859578106,4.141613376,4.743400084,5.28652395,6.177789228
876,5.708775313,5.328411794,4.696239151,3.905496625,4.859578106,4.141613376,4.743400084,5.28652395,6.177789228
877,5.708775313,5.328411794,4.696239151,3.905496625,4.859578106,4.141613376,4.743400084,5.28652395,6.177789228
878,5.708775313,5.328411794,4.696239151,3.905496625,4.859578106,4.141613376,4.743400084,5.28652395,6.177789228
879,5.708775313,5.328411794,4.696239151,3.905496625,4.859578106,4.141613376,4.743400084,5.28652395,6.177789228
880,5.708775313,5.328411794,4.696239151,3.905496625,4.859578106,4.141613376,4.743400084,5.28652395,6.177789228
881,5.708775313,5.328411794,4.696239151,3.905496625,4.859578106,4.141613376,4.743400084,5.28652395,6.177789228
882,5.708775313,5.328411794,4.696239151,3.905496625,4.859578106,4.141613376,4.743400084,5.28652395,6.177789228
883,5.708775313,5.328411794,4.696239151,3.905496625,4.859578106,4.141613376,4.743400084,5.28652395,6.177789228
884,5.708775313,5.328411794,4.696239151,3.905496625,4.859578106,4.141613376,4.743400084,5.28652395,6.177789228
885,5.708775313,5.328411794,4.696239151,3.905496625,4.859578106,4.141613376,4.743400084,5.28652395,6.177789228
886,5.708775313,5.328411794,4.696239151,3.905496625,4.859578106,4.141613376,4.743400084,5.28652395,6.177789228
887,5.708775313,5.328411794,4.696239151,3.905496625,4.859578106,4.141613376,4.743400084,5.28652395,6.177789228
888,5.708775313,5.328411794,4.696239151,3.905496625,4.859578106,4.141613376,4.743400084,5.28652395,6.177789228
889,5.708775313,5.328411794,4.696239151,3.905496625,4.859578106,4.141613376,4.743400084,5.28652395,6.177789228
890,5.708775313,5.328411794,4.696239151,3.905496625,4.859578106,4.141613376,4.743400084,5.28652395,6.177789228
891,5.708775313,5.328411794,4.696239151,3.905496625,4.859578106,4.141613376,4.743400084,5.28652395,6.177789228
892,5.708775313,5.328411794,4.696239151,3.905496625,4.859578106,4.141613376,4.743400084,5.28652395,6.177789228
893,5.708775313,5.328411794,4.696239151,3.905496625,4.859578106,4.141613376,4.743400084,5.28652395,6.177789228
894,5.708775313,5.328411794,4.696239151,3.905496625,4.859578106,4.141613376,4.743400084,5.28652395,6.177789228
895,5.708775313,5.328411794,4.696239151,3.905496625,4.859578106,4.141613376,4.743400084,5.28652395,6.177789228
896,5.708775313,5.328411794,4.696239151,3.905496625,4.859578106,4.141613376,4.743400084,5.28652395,6.177789228
897,5.708775313,5.328411794,4.696239151,3.905496625,4.859578106,4.141613376,4.743400084,5.28652395,6.177789228
898,5.708775313,5.328411794,4.696239151,3.905496625,4.859578106,4.141613376,4.743400084,5.28652395,6.177789228
899,5.708775313,5.328411794,4.696239151,3.905496625,4.859578106,4.141613376,4.743400084,5.28652395,6.177789228
900,5.708775313,5.328411794,4.696239151,3.905496625,4.859578106,4.141613376,4.743400084,5.28652395,6.177789228
901,5.708775313,5.328411794,4.696239151,3.905496625,4.859578106,4.141613376,4.743400084,5.28652395,6.177789228
902,5.708775313,5.328411794,4.696239151,3.905496625,4.859578106,4.141613376,4.743400084,5.28652395,6.177789228
903,5.708775313,5.328411794,4.696239151,3.905496625,4.859578106,4.141613376,4.743400084,5.28652395,6.177789228
904,5.708775313,5.328411794,4.696239151,3.905496625,4.859578106,4.141613376,4.743400084,5.28652395,6.177789228
905,5.708775313,5.328411794,4.696239151,3.905496625,4.859578106,4.141613376,4.743400084,5.28652395,6.177789228
906,5.708775313,5.328411794,4.696239151,3.905496625,4.859578106,4.141613376,4.743400084,5.28652395,6.177789228
907,5.708775313,5.328411794,4.696239151,3.905496625,4.859578106,4.141613376,4.743400084,5.28652395,6.177789228
908,5.708775313,5.328411794,4.696239151,3.905496625,4.859578106,4.141613376,4.743400084,5.28652395,6.177789228
909,5.708775313,5.328411794,4.696239151,3.905496625,4.859578106,4.141613376,4.743400084,5.28652395,6.177789228
910,5.708775313,5.328411794,4.696239151,3.905496625,4.859578106,4.141613376,4.743400084,5.28652395,6.177789228
911,5.708775313,5.328411794,4.696239151,3.905496625,4.859578106,4.141613376,4.743400084,5.28652395,6.177789228
912,5.708775313,5.328411794,4.696239151,3.905496625,4.859578106,4.141613376,4.743400084,5.28652395,6.177789228
913,5.708775313,5.328411794,4.696239151,3.905496625,4.859578106,4.141613376,4.743400084,5.28652395,6.177789228
914,5.708775313,5.328411794,4.696239151,3.905496625,4.859578106,4.141613376,4.743400084,5.28652395,6.177789228
915,5.708775313,5.328411794,4.696239151,3.905496625,4.859578106,4.141613376,4.743400084,5.28652395,6.177789228
916,5.708775313,5.328411794,4.696239151,3.905496625,4.859578106,4.141613376,4.743400084,5.28652395,6.177789228
917,5.708775313,5.328411794,4.696239151,3.905496625,4.859578106,4.141613376,4.743400084,5.28652395,6.177789228
918,5.708775313,5.328411794,4.696239151,3.905496625,4.859578106,4.141613376,4.743400084,5.28652395,6.177789228
919,5.708775313,5.328411794,4.696239151,3.905496625,4.859578106,4.141613376,4.743400084,5.28652395,6.177789228
920,5.708775313,5.328411794,4.696239151,3.905496625,4.859578106,4.141613376,4.743400084,5.28652395,6.177789228
921,5.708775313,5.328411794,4.696239151,3.905496625,4.859578106,4.141613376,4.743400084,5.28652395,6.177789228
922,5.708775313,5.328411794,4.696239151,3.905496625,4.859578106,4.141613376,4.743400084,5.28652395,6.177789228
923,5.708775313,5.328411794,4.696239151,3.905496625,4.859578106,4.141613376,4.743400084,5.28652395,6.177789228
924,5.708775313,5.328411794,4.696239151,3.905496625,4.859578106,4.141613376,4.743400084,5.28652395,6.177789228
925,5.708775313,5.328411794,4.696239151,3.905496625,4.859578106,4.141613376,4.743400084,5.28652395,6.177789228
926,5.708775313,5.328411794,4.696239151,3.905496625,4.859578106,4.141613376,4.743400084,5.28652395,6.177789228
927,5.708775313,5.328411794,4.696239151,3.905496625,4.859578106,4.141613376,4.743400084,5.28652395,6.177789228
928,5.708775313,5.328411794,4.696239151,3.905496625,4.859578106,4.141613376,4.743400084,5.28652395,6.177789228
929,5.708775313,5.328411794,4.696239151,3.905496625,4.859578106,4.141613376,4.743400084,5.28652395,6.177789228
930,5.708775313,5.328411794,4.696239151,3.905496625,4.859578106,4.141613376,4.743400084,5.28652395,6.177789228
931,5.708775313,5.328411794,4.696239151,3.905496625,4.859578106,4.141613376,4.743400084,5.28652395,6.177789228
932,5.708775313,5.328411794,4.696239151,3.905496625,4.859578106,4.141613376,4.743400084,5.28652395,6.177789228
933,5.708775313,5.328411794,4.696239151,3.905496625,4.859578106,4.141613376,4.743400084,5.28652395,6.177789228
934,5.708775313,5.328411794,4.696239151,3.905496625,4.859578106,4.141613376,4.743400084,5.28652395,6.177789228
935,5.708775313,5.328411794,4.696239151,3.905496625,4.859578106,4.141613376,4.743400084,5.28652395,6.177789228
936,5.708775313,5.328411794,4.696239151,3.905496625,4.859578106,4.141613376,4.743400084,5.28652395,6.177789228
937,5.708775313,5.328411794,4.696239151,3.905496625,4.859578106,4.141613376,4.743400084,5.28652395,6.177789228
938,5.708775313,5.328411794,4.696239151,3.905496625,4.859578106,4.141613376,4.743400084,5.28652395,6.177789228
939,5.708775313,5.328411794,4.696239151,3.905496625,4.859578106,4.141613376,4.743400084,5.28652395,6.177789228
940,5.708775313,5.328411794,4.696239151,3.905496625,4.859578106,4.141613376,4.743400084,5.28652395,6.177789228
941,5.708775313,5.328411794,4.696239151,3.905496625,4.859578106,4.141613376,4.743400084,5.28652395,6.177789228
942,5.708775313,5.328411794,4.696239151,3.905496625,4.859578106,4.141613376,4.743400084,5.28652395,6.177789228
943,5.708775313,5.328411794,4.696239151,3.905496625,4.859578106,4.141613376,4.743400084,5.28652395,6.177789228
944,5.708775313,5.328411794,4.696239151,3.905496625,4.859578106,4.141613376,4.743400084,5.28652395,6.177789228
945,5.708775313,5.328411794,4.696239151,3.905496625,4.859578106,4.141613376,4.743400084,5.28652395,6.177789228
946,5.708775313,5.328411794,4.696239151,3.905496625,4.859578106,4.141613376,4.743400084,5.28652395,6.177789228
947,5.708775313,5.328411794,4.696239151,3.905496625,4.859578106,4.141613376,4.743400084,5.28652395,6.177789228
948,5.708775313,5.328411794,4.696239151,3.905496625,4.859578106,4.141613376,4.743400084,5.28652395,6.177789228
949,5.708775313,5.328411794,4.696239151,3.905496625,4.859578106,4.141613376,4.743400084,5.28652395,6.177789228
950,5.708775313,5.328411794,4.696239151,3.905496625,4.859578106,4.141613376,4.743400084,5.28652395,6.177789228
951,5.708775313,5.328411794,4.696239151,3.905496625,4.859578106,4.141613376,4.743400084,5.28652395,6.177789228
952,5.708775313,5.328411794,4.696239151,3.905496625,4.859578106,4.141613376,4.743400084,5.28652395,6.177789228
953,5.708775313,5.328411794,4.696239151,3.905496625,4.859578106,4.141613376,4.743400084,5.28652395,6.177789228
954,5.708775313,5.328411794,4.696239151,3.905496625,4.859578106,4.141613376,4.743400084,5.28652395,6.177789228
955,5.708775313,5.328411794,4.696239151,3.905496625,4.859578106,4.141613376,4.743400084,5.28652395,6.177789228
956,5.708775313,5.328411794,4.696239151,3.905496625,4.859578106,4.141613376,4.743400084,5.28652395,6.177789228
957,5.708775313,5.328411794,4.696239151,3.905496625,4.859578106,4.141613376,4.743400084,5.28652395,6.177789228
958,5.708775313,5.328411794,4.696239151,3.905496625,4.859578106,4.141613376,4.743400084,5.28652395,6.177789228
959,5.708775313,5.328411794,4.696239151,3.905496625,4.859578106,4.141613376,4.743400084,5.28652395,6.177789228
960,5.708775313,5.328411794,4.696239151,3.905496625,4.859578106,4.141613376,4.743400084,5.28652395,6.177789228
961,5.708775313,5.328411794,4.696239151,3.905496625,4.859578106,4.141613376,4.743400084,5.28652395,6.177789228
962,5.708775313,5.328411794,4.696239151,3.905496625,4.859578106,4.141613376,4.743400084,5.28652395,6.177789228
963,5.708775313,5.328411794,4.696239151,3.905496625,4.859578106,4.141613376,4.743400084,5.28652395,6.177789228
964,5.708775313,5.328411794,4.696239151,3.905496625,4.859578106,4.141613376,4.743400084,5.28652395,6.177789228
965,5.708775313,5.328411794,4.696239151,3.905496625,4.859578106,4.141613376,4.743400084,5.28652395,6.177789228
966,5.708775313,5.328411794,4.696239151,3.905496625,4.859578106,4.141613376,4.743400084,5.28652395,6.177789228
967,5.708775313,5.328411794,4.696239151,3.905496625,4.859578106,4.141613376,4.743400084,5.28652395,6.177789228
968,5.708775313,5.328411794,4.696239151,3.905496625,4.859578106,4.141613376,4.743400084,5.28652395,6.177789228
969,5.708775313,5.328411794,4.696239151,3.905496625,4.859578106,4.141613376,4.743400084,5.28652395,6.177789228
970,5.708775313,5.328411794,4.696239151,3.905496625,4.859578106,4.141613376,4.743400084,5.28652395,6.177789228
971,5.708775313,5.328411794,4.696239151,3.905496625,4.859578106,4.141613376,4.743400084,5.28652395,6.177789228
972,5.708775313,5.328411794,4.696239151,3.905496625,4.859578106,4.141613376,4.743400084,5.28652395,6.177789228
973,5.708775313,5.328411794,4.696239151,3.905496625,4.859578106,4.141613376,4.743400084,5.28652395,6.177789228
974,5.708775313,5.328411794,4.696239151,3.905496625,4.859578106,4.141613376,4.743400084,5.28652395,6.177789228
975,5.708775313,5.328411794,4.696239151,3.905496625,4.859578106,4.141613376,4.743400084,5.28652395,6.177789228
976,5.708775313,5.328411794,4.696239151,3.905496625,4.859578106,4.141613376,4.743400084,5.28652395,6.177789228
977,5.708775313,5.328411794,4.696239151,3.905496625,4.859578106,4.141613376,4.743400084,5.28652395,6.177789228
978,5.708775313,5.328411794,4.696239151,3.905496625,4.859578106,4.141613376,4.743400084,5.28652395,6.177789228
979,5.708775313,5.328411794,4.696239151,3.905496625,4.859578106,4.141613376,4.743400084,5.28652395,6.177789228
980,5.708775313,5.328411794,4.696239151,3.905496625,4.859578106,4.141613376,4.743400084,5.28652395,6.177789228
981,5.708775313,5.328411794,4.696239151,3.905496625,4.859578106,4.141613376,4.743400084,5.28652395,6.177789228
982,5.708775313,5.328411794,4.696239151,3.905496625,4.859578106,4.141613376,4.743400084,5.28652395,6.177789228
983,5.708775313,5.328411794,4.696239151,3.905496625,4.859578106,4.141613376,4.743400084,5.28652395,6.177789228
984,5.708775313,5.328411794,4.696239151,3.905496625,4.859578106,4.141613376,4.743400084,5.28652395,6.177789228
985,5.708775313,5.328411794,4.696239151,3.905496625,4.859578106,4.141613376,4.743400084,5.28652395,6.177789228
986,5.708775313,5.328411794,4.696239151,3.905496625,4.859578106,4.141613376,4.743400084,5.28652395,6.177789228
987,5.708775313,5.328411794,4.696239151,3.905496625,4.859578106,4.141613376,4.743400084,5.28652395,6.177789228
988,5.708775313,5.328411794,4.696239151,3.905496625,4.859578106,4.141613376,4.743400084,5.28652395,6.177789228
989,5.708775313,5.328411794,4.696239151,3.905496625,4.859578106,4.141613376,4.743400084,5.28652395,6.177789228
990,5.708775313,5.328411794,4.696239151,3.905496625,4.859578106,4.141613376,4.743400084,5.28652395,6.177789228
991,5.708775313,5.328411794,4.696239151,3.905496625,4.859578106,4.141613376,4.743400084,5.28652395,6.177789228
992,5.708775313,5.328411794,4.696239151,3.905496625,4.859578106,4.141613376,4.743400084,5.28652395,6.177789228
993,5.708775313,5.328411794,4.696239151,3.905496625,4.859578106,4.141613376,4.743400084,5.28652395,6.177789228
994,5.708775313,5.328411794,4.696239151,3.905496625,4.859578106,4.141613376,4.743400084,5.28652395,6.177789228
995,5.708775313,5.328411794,4.696239151,3.905496625,4.859578106,4.141613376,4.743400084,5.28652395,6.177789228
996,5.708775313,5.328411794,4.696239151,3.905496625,4.859578106,4.141613376,4.743400084,5.28652395,6.177789228
997,5.708775313,5.328411794,4.696239151,3.905496625,4.859578106,4.141613376,4.743400084,5.28652395,6.177789228
998,5.708775313,5.328411794,4.696239151,3.905496625,4.859578106,4.141613376,4.743400084,5.28652395,6.177789228
999,5.708775313,5.328411794,4.696239151,3.905496625,4.859578106,4.141613376,4.743400084,5.28652395,6.177789228
1000,5.708775313,5.328411794,4.696239151,3.905496625,4.859578106,4.141613376,4.743400084,5.28652395,6.177789228
1001,5.708775313,5.328411794,4.696239151,3.905496625,4.859578106,4.141613376,4.743400084,5.28652395,6.177789228
1002,5.708775313,5.328411794,4.696239151,3.905496625,4.859578106,4.141613376,4.743400084,5.28652395,6.177789228
1003,5.708775313,5.328411794,4.696239151,3.905496625,4.859578106,4.141613376,4.743400084,5.28652395,6.177789228
1004,5.708775313,5.328411794,4.696239151,3.905496625,4.859578106,4.141613376,4.743400084,5.28652395,6.177789228
1005,5.708775313,5.328411794,4.696239151,3.905496625,4.859578106,4.141613376,4.743400084,5.28652395,6.177789228
1006,5.708775313,5.328411794,4.696239151,3.905496625,4.859578106,4.141613376,4.743400084,5.28652395,6.177789228
1007,5.708775313,5.328411794,4.696239151,3.905496625,4.859578106,4.141613376,4.743400084,5.28652395,6.177789228
1008,5.708775313,5.328411794,4.696239151,3.905496625,4.859578106,4.141613376,4.743400084,5.28652395,6.177789228
1009,5.708775313,5.328411794,4.696239151,3.905496625,4.859578106,4.141613376,4.743400084,5.28652395,6.177789228
1010,5.708775313,5.328411794,4.696239151,3.905496625,4.859578106,4.141613376,4.743400084,5.28652395,6.177789228
1011,5.708775313,5.328411794,4.696239151,3.905496625,4.859578106,4.141613376,4.743400084,5.28652395,6.177789228
1012,5.708775313,5.328411794,4.696239151,3.905496625,4.859578106,4.141613376,4.743400084,5.28652395,6.177789228
1013,5.708775313,5.328411794,4.696239151,3.905496625,4.859578106,4.141613376,4.743400084,5.28652395,6.177789228
1014,5.708775313,5.328411794,4.696239151,3.905496625,4.859578106,4.141613376,4.743400084,5.28652395,6.177789228
1015,5.708775313,5.328411794,4.696239151,3.905496625,4.859578106,4.141613376,4.743400084,5.28652395,6.177789228
1016,5.708775313,5.328411794,4.696239151,3.905496625,4.859578106,4.141613376,4.743400084,5.28652395,6.177789228
1017,5.708775313,5.328411794,4.696239151,3.905496625,4.859578106,4.141613376,4.743400084,5.28652395,6.177789228
1018,5.708775313,5.328411794,4.696239151,3.905496625,4.859578106,4.141613376,4.743400084,5.28652395,6.177789228
1019,5.708775313,5.328411794,4.696239151,3.905496625,4.859578106,4.141613376,4.743400084,5.28652395,6.177789228
1020,5.708775313,5.328411794,4.696239151,3.905496625,4.859578106,4.141613376,4.743400084,5.28652395,6.177789228
1021,5.708775313,5.328411794,4.696239151,3.905496625,4.859578106,4.141613376,4.743400084,5.28652395,6.177789228
1022,5.708775313,5.328411794,4.696239151,3.905496625,4.859578106,4.141613376,4.743400084,5.28652395,6.177789228
1023,5.708775313,5.328411794,4.696239151,3.905496625,4.859578106,4.141613376,4.743400084,5.28652395,6.177789228
1024,5.708775313,5.328411794,4.696239151,3.905496625,4.859578106,4.141613376,4.743400084,5.28652395,6.177789228
1025,5.708775313,5.328411794,4.696239151,3.905496625,4.859578106,4.141613376,4.743400084,5.28652395,6.177789228
1026,5.708775313,5.328411794,4.696239151,3.905496625,4.859578106,4.141613376,4.743400084,5.28652395,6.177789228
1027,5.708775313,5.328411794,4.696239151,3.905496625,4.859578106,4.141613376,4.743400084,5.28652395,6.177789228
1028,5.708775313,5.328411794,4.696239151,3.905496625,4.859578106,4.141613376,4.743400084,5.28652395,6.177789228
1029,5.708775313,5.328411794,4.696239151,3.905496625,4.859578106,4.141613376,4.743400084,5.28652395,6.177789228
1030,5.708775313,5.328411794,4.696239151,3.905496625,4.859578106,4.141613376,4.743400084,5.28652395,6.177789228
1031,5.708775313,5.328411794,4.696239151,3.905496625,4.859578106,4.141613376,4.743400084,5.28652395,6.177789228
1032,5.708775313,5.328411794,4.696239151,3.905496625,4.859578106,4.141613376,4.743400084,5.28652395,6.177789228
1033,5.708775313,5.328411794,4.696239151,3.905496625,4.859578106,4.141613376,4.743400084,5.28652395,6.177789228
1034,5.708775313,5.328411794,4.696239151,3.905496625,4.859578106,4.141613376,4.743400084,5.28652395,6.177789228
1035,5.708775313,5.328411794,4.696239151,3.905496625,4.859578106,4.141613376,4.743400084,5.28652395,6.177789228
1036,5.708775313,5.328411794,4.696239151,3.905496625,4.859578106,4.141613376,4.743400084,5.28652395,6.177789228
1037,5.708775313,5.328411794,4.696239151,3.905496625,4.859578106,4.141613376,4.743400084,5.28652395,6.177789228
1038,5.708775313,5.328411794,4.696239151,3.905496625,4.859578106,4.141613376,4.743400084,5.28652395,6.177789228
1039,5.708775313,5.328411794,4.696239151,3.905496625,4.859578106,4.141613376,4.743400084,5.28652395,6.177789228
1040,5.708775313,5.328411794,4.696239151,3.905496625,4.859578106,4.141613376,4.743400084,5.28652395,6.177789228
1041,5.708775313,5.328411794,4.696239151,3.905496625,4.859578106,4.141613376,4.743400084,5.28652395,6.177789228
1042,5.708775313,5.328411794,4.696239151,3.905496625,4.859578106,4.141613376,4.743400084,5.28652395,6.177789228
1043,5.708775313,5.328411794,4.696239151,3.905496625,4.859578106,4.141613376,4.743400084,5.28652395,6.177789228
1044,5.708775313,5.328411794,4.696239151,3.905496625,4.859578106,4.141613376,4.743400084,5.28652395,6.177789228
1045,5.708775313,5.328411794,4.696239151,3.905496625,4.859578106,4.141613376,4.743400084,5.28652395,6.177789228
1046,5.708775313,5.328411794,4.696239151,3.905496625,4.859578106,4.141613376,4.743400084,5.28652395,6.177789228
1047,5.708775313,5.328411794,4.696239151,3.905496625,4.859578106,4.141613376,4.743400084,5.28652395,6.177789228
1048,5.708775313,5.328411794,4.696239151,3.905496625,4.859578106,4.141613376,4.743400084,5.28652395,6.177789228
1049,5.708775313,5.328411794,4.696239151,3.905496625,4.859578106,4.141613376,4.743400084,5.28652395,6.177789228
1050,5.708775313,5.328411794,4.696239151,3.905496625,4.859578106,4.141613376,4.743400084,5.28652395,6.177789228
1051,5.708775313,5.328411794,4.696239151,3.905496625,4.859578106,4.141613376,4.743400084,5.28652395,6.177789228
1052,5.708775313,5.328411794,4.696239151,3.905496625,4.859578106,4.141613376,4.743400084,5.28652395,6.177789228
1053,5.708775313,5.328411794,4.696239151,3.905496625,4.859578106,4.141613376,4.743400084,5.28652395,6.177789228
1054,5.708775313,5.328411794,4.696239151,3.905496625,4.859578106,4.141613376,4.743400084,5.28652395,6.177789228
1055,5.708775313,5.328411794,4.696239151,3.905496625,4.859578106,4.141613376,4.743400084,5.28652395,6.177789228
1056,5.708775313,5.328411794,4.696239151,3.905496625,4.859578106,4.141613376,4.743400084,5.28652395,6.177789228
1057,5.708775313,5.328411794,4.696239151,3.905496625,4.859578106,4.141613376,4.743400084,5.28652395,6.177789228
1058,5.708775313,5.328411794,4.696239151,3.905496625,4.859578106,4.141613376,4.743400084,5.28652395,6.177789228
1059,5.708775313,5.328411794,4.696239151,3.905496625,4.859578106,4.141613376,4.743400084,5.28652395,6.177789228
1060,5.708775313,5.328411794,4.696239151,3.905496625,4.859578106,4.141613376,4.743400084,5.28652395,6.177789228
1061,5.708775313,5.328411794,4.696239151,3.905496625,4.859578106,4.141613376,4.743400084,5.28652395,6.177789228
1062,5.708775313,5.328411794,4.696239151,3.905496625,4.859578106,4.141613376,4.743400084,5.28652395,6.177789228
1063,5.708775313,5.328411794,4.696239151,3.905496625,4.859578106,4.141613376,4.743400084,5.28652395,6.177789228
1064,5.708775313,5.328411794,4.696239151,3.905496625,4.859578106,4.141613376,4.743400084,5.28652395,6.177789228
1065,5.708775313,5.328411794,4.696239151,3.905496625,4.859578106,4.141613376,4.743400084,5.28652395,6.177789228
1066,5.708775313,5.328411794,4.696239151,3.905496625,4.859578106,4.141613376,4.743400084,5.28652395,6.177789228
1067,5.708775313,5.328411794,4.696239151,3.905496625,4.859578106,4.141613376,4.743400084,5.28652395,6.177789228
1068,5.708775313,5.328411794,4.696239151,3.905496625,4.859578106,4.141613376,4.743400084,5.28652395,6.177789228
1069,5.708775313,5.328411794,4.696239151,3.905496625,4.859578106,4.141613376,4.743400084,5.28652395,6.177789228
1070,5.708775313,5.328411794,4.696239151,3.905496625,4.859578106,4.141613376,4.743400084,5.28652395,6.177789228
1071,5.708775313,5.328411794,4.696239151,3.905496625,4.859578106,4.141613376,4.743400084,5.28652395,6.177789228
1072,5.708775313,5.328411794,4.696239151,3.905496625,4.859578106,4.141613376,4.743400084,5.28652395,6.177789228
1073,5.708775313,5.328411794,4.696239151,3.905496625,4.859578106,4.141613376,4.743400084,5.28652395,6.177789228
1074,5.708775313,5.328411794,4.696239151,3.905496625,4.859578106,4.141613376,4.743400084,5.28652395,6.177789228
1075,5.708775313,5.328411794,4.696239151,3.905496625,4.859578106,4.141613376,4.743400084,5.28652395,6.177789228
1076,5.708775313,5.328411794,4.696239151,3.905496625,4.859578106,4.141613376,4.743400084,5.28652395,6.177789228
1077,5.708775313,5.328411794,4.696239151,3.905496625,4.859578106,4.141613376,4.743400084,5.28652395,6.177789228
1078,5.708775313,5.328411794,4.696239151,3.905496625,4.859578106,4.141613376,4.743400084,5.28652395,6.177789228
1079,5.708775313,5.328411794,4.696239151,3.905496625,4.859578106,4.141613376,4.743400084,5.28652395,6.177789228
1080,5.708775313,5.328411794,4.696239151,3.905496625,4.859578106,4.141613376,4.743400084,5.28652395,6.177789228
1081,5.708775313,5.328411794,4.696239151,3.905496625,4.859578106,4.141613376,4.743400084,5.28652395,6.177789228
1082,5.708775313,5.328411794,4.696239151,3.905496625,4.859578106,4.141613376,4.743400084,5.28652395,6.177789228
1083,5.708775313,5.328411794,4.696239151,3.905496625,4.859578106,4.141613376,4.743400084,5.28652395,6.177789228
1084,5.708775313,5.328411794,4.696239151,3.905496625,4.859578106,4.141613376,4.743400084,5.28652395,6.177789228
1085,5.708775313,5.328411794,4.696239151,3.905496625,4.859578106,4.141613376,4.743400084,5.28652395,6.177789228
1086,5.708775313,5.328411794,4.696239151,3.905496625,4.859578106,4.141613376,4.743400084,5.28652395,6.177789228
1087,5.708775313,5.328411794,4.696239151,3.905496625,4.859578106,4.141613376,4.743400084,5.28652395,6.177789228
1088,5.708775313,5.328411794,4.696239151,3.905496625,4.859578106,4.141613376,4.743400084,5.28652395,6.177789228
1089,5.708775313,5.328411794,4.696239151,3.905496625,4.859578106,4.141613376,4.743400084,5.28652395,6.177789228
1090,5.708775313,5.328411794,4.696239151,3.905496625,4.859578106,4.141613376,4.743400084,5.28652395,6.177789228
1091,5.708775313,5.328411794,4.696239151,3.905496625,4.859578106,4.141613376,4.743400084,5.28652395,6.177789228
1092,5.708775313,5.328411794,4.696239151,3.905496625,4.859578106,4.141613376,4.743400084,5.28652395,6.177789228
1093,5.708775313,5.328411794,4.696239151,3.905496625,4.859578106,4.141613376,4.743400084,5.28652395,6.177789228
1094,5.708775313,5.328411794,4.696239151,3.905496625,4.859578106,4.141613376,4.743400084,5.28652395,6.177789228
1095,5.708775313,5.328411794,4.696239151,3.905496625,4.859578106,4.141613376,4.743400084,5.28652395,6.177789228
1096,5.708775313,5.328411794,4.696239151,3.905496625,4.859578106,4.141613376,4.743400084,5.28652395,6.177789228
1097,5.708775313,5.328411794,4.696239151,3.905496625,4.859578106,4.141613376,4.743400084,5.28652395,6.177789228
1098,5.708775313,5.328411794,4.696239151,3.905496625,4.859578106,4.141613376,4.743400084,5.28652395,6.177789228
1099,5.708775313,5.328411794,4.696239151,3.905496625,4.859578106,4.141613376,4.743400084,5.28652395,6.177789228
1100,5.708775313,5.328411794,4.696239151,3.905496625,4.859578106,4.141613376,4.743400084,5.28652395,6.177789228
1101,5.708775313,5.328411794,4.696239151,3.905496625,4.859578106,4.141613376,4.743400084,5.28652395,6.177789228
1102,5.708775313,5.328411794,4.696239151,3.905496625,4.859578106,4.141613376,4.743400084,5.28652395,6.177789228
1103,5.708775313,5.328411794,4.696239151,3.905496625,4.859578106,4.141613376,4.743400084,5.28652395,6.177789228
1104,5.708775313,5.328411794,4.696239151,3.905496625,4.859578106,4.141613376,4.743400084,5.28652395,6.177789228
1105,5.708775313,5.328411794,4.696239151,3.905496625,4.859578106,4.141613376,4.743400084,5.28652395,6.177789228
1106,5.708775313,5.328411794,4.696239151,3.905496625,4.859578106,4.141613376,4.743400084,5.28652395,6.177789228
1107,5.708775313,5.328411794,4.696239151,3.905496625,4.859578106,4.141613376,4.743400084,5.28652395,6.177789228
1108,5.708775313,5.328411794,4.696239151,3.905496625,4.859578106,4.141613376,4.743400084,5.28652395,6.177789228
1109,5.708775313,5.328411794,4.696239151,3.905496625,4.859578106,4.141613376,4.743400084,5.28652395,6.177789228
1110,5.708775313,5.328411794,4.696239151,3.905496625,4.859578106,4.141613376,4.743400084,5.28652395,6.177789228
1111,5.708775313,5.328411794,4.696239151,3.905496625,4.859578106,4.141613376,4.743400084,5.28652395,6.177789228
1112,5.708775313,5.328411794,4.696239151,3.905496625,4.859578106,4.141613376,4.743400084,5.28652395,6.177789228
1113,5.708775313,5.328411794,4.696239151,3.905496625,4.859578106,4.141613376,4.743400084,5.28652395,6.177789228
1114,5.708775313,5.328411794,4.696239151,3.905496625,4.859578106,4.141613376,4.743400084,5.28652395,6.177789228
1115,5.708775313,5.328411794,4.696239151,3.905496625,4.859578106,4.141613376,4.743400084,5.28652395,6.177789228
1116,5.708775313,5.328411794,4.696239151,3.905496625,4.859578106,4.141613376,4.743400084,5.28652395,6.177789228
1117,5.708775313,5.328411794,4.696239151,3.905496625,4.859578106,4.141613376,4.743400084,5.28652395,6.177789228
1118,5.708775313,5.328411794,4.696239151,3.905496625,4.859578106,4.141613376,4.743400084,5.28652395,6.177789228
1119,5.708775313,5.328411794,4.696239151,3.905496625,4.859578106,4.141613376,4.743400084,5.28652395,6.177789228
1120,5.708775313,5.328411794,4.696239151,3.905496625,4.859578106,4.141613376,4.743400084,5.28652395,6.177789228
1121,5.708775313,5.328411794,4.696239151,3.905496625,4.859578106,4.141613376,4.743400084,5.28652395,6.177789228
1122,5.708775313,5.328411794,4.696239151,3.905496625,4.859578106,4.141613376,4.743400084,5.28652395,6.177789228
1123,5.708775313,5.328411794,4.696239151,3.905496625,4.859578106,4.141613376,4.743400084,5.28652395,6.177789228
1124,5.708775313,5.328411794,4.696239151,3.905496625,4.859578106,4.141613376,4.743400084,5.28652395,6.177789228
1125,5.708775313,5.328411794,4.696239151,3.905496625,4.859578106,4.141613376,4.743400084,5.28652395,6.177789228
1126,5.708775313,5.328411794,4.696239151,3.905496625,4.859578106,4.141613376,4.743400084,5.28652395,6.177789228
1127,5.708775313,5.328411794,4.696239151,3.905496625,4.859578106,4.141613376,4.743400084,5.28652395,6.177789228
1128,5.708775313,5.328411794,4.696239151,3.905496625,4.859578106,4.141613376,4.743400084,5.28652395,6.177789228
1129,5.708775313,5.328411794,4.696239151,3.905496625,4.859578106,4.141613376,4.743400084,5.28652395,6.177789228
1130,5.708775313,5.328411794,4.696239151,3.905496625,4.859578106,4.141613376,4.743400084,5.28652395,6.177789228
1131,5.708775313,5.328411794,4.696239151,3.905496625,4.859578106,4.141613376,4.743400084,5.28652395,6.177789228
1132,5.708775313,5.328411794,4.696239151,3.905496625,4.859578106,4.141613376,4.743400084,5.28652395,6.177789228
1133,5.708775313,5.328411794,4.696239151,3.905496625,4.859578106,4.141613376,4.743400084,5.28652395,6.177789228
1134,5.708775313,5.328411794,4.696239151,3.905496625,4.859578106,4.141613376,4.743400084,5.28652395,6.177789228
1135,5.708775313,5.328411794,4.696239151,3.905496625,4.859578106,4.141613376,4.743400084,5.28652395,6.177789228
1136,5.708775313,5.328411794,4.696239151,3.905496625,4.859578106,4.141613376,4.743400084,5.28652395,6.177789228
1137,5.708775313,5.328411794,4.696239151,3.905496625,4.859578106,4.141613376,4.743400084,5.28652395,6.177789228
1138,5.708775313,5.328411794,4.696239151,3.905496625,4.859578106,4.141613376,4.743400084,5.28652395,6.177789228
1139,5.708775313,5.328411794,4.696239151,3.905496625,4.859578106,4.141613376,4.743400084,5.28652395,6.177789228
1140,5.708775313,5.328411794,4.696239151,3.905496625,4.859578106,4.141613376,4.743400084,5.28652395,6.177789228
1141,5.708775313,5.328411794,4.696239151,3.905496625,4.859578106,4.141613376,4.743400084,5.28652395,6.177789228
1142,5.708775313,5.328411794,4.696239151,3.905496625,4.859578106,4.141613376,4.743400084,5.28652395,6.177789228
1143,5.708775313,5.328411794,4.696239151,3.905496625,4.859578106,4.141613376,4.743400084,5.28652395,6.177789228
1144,5.708775313,5.328411794,4.696239151,3.905496625,4.859578106,4.141613376,4.743400084,5.28652395,6.177789228
1145,5.708775313,5.328411794,4.696239151,3.905496625,4.859578106,4.141613376,4.743400084,5.28652395,6.177789228
1146,5.708775313,5.328411794,4.696239151,3.905496625,4.859578106,4.141613376,4.743400084,5.28652395,6.177789228
1147,5.708775313,5.328411794,4.696239151,3.905496625,4.859578106,4.141613376,4.743400084,5.28652395,6.177789228
1148,5.708775313,5.328411794,4.696239151,3.905496625,4.859578106,4.141613376,4.743400084,5.28652395,6.177789228
1149,5.708775313,5.328411794,4.696239151,3.905496625,4.859578106,4.141613376,4.743400084,5.28652395,6.177789228
1150,5.708775313,5.328411794,4.696239151,3.905496625,4.859578106,4.141613376,4.743400084,5.28652395,6.177789228
1151,5.708775313,5.328411794,4.696239151,3.905496625,4.859578106,4.141613376,4.743400084,5.28652395,6.177789228
1152,5.708775313,5.328411794,4.696239151,3.905496625,4.859578106,4.141613376,4.743400084,5.28652395,6.177789228
1153,5.708775313,5.328411794,4.696239151,3.905496625,4.859578106,4.141613376,4.743400084,5.28652395,6.177789228
1154,5.708775313,5.328411794,4.696239151,3.905496625,4.859578106,4.141613376,4.743400084,5.28652395,6.177789228
1155,5.708775313,5.328411794,4.696239151,3.905496625,4.859578106,4.141613376,4.743400084,5.28652395,6.177789228
1156,5.708775313,5.328411794,4.696239151,3.905496625,4.859578106,4.141613376,4.743400084,5.28652395,6.177789228
1157,5.708775313,5.328411794,4.696239151,3.905496625,4.859578106,4.141613376,4.743400084,5.28652395,6.177789228
1158,5.708775313,5.328411794,4.696239151,3.905496625,4.859578106,4.141613376,4.743400084,5.28652395,6.177789228
1159,5.708775313,5.328411794,4.696239151,3.905496625,4.859578106,4.141613376,4.743400084,5.28652395,6.177789228
1160,5.708775313,5.328411794,4.696239151,3.905496625,4.859578106,4.141613376,4.743400084,5.28652395,6.177789228
1161,5.708775313,5.328411794,4.696239151,3.905496625,4.859578106,4.141613376,4.743400084,5.28652395,6.177789228
1162,5.708775313,5.328411794,4.696239151,3.905496625,4.859578106,4.141613376,4.743400084,5.28652395,6.177789228
1163,5.708775313,5.328411794,4.696239151,3.905496625,4.859578106,4.141613376,4.743400084,5.28652395,6.177789228
1164,5.708775313,5.328411794,4.696239151,3.905496625,4.859578106,4.141613376,4.743400084,5.28652395,6.177789228
1165,5.708775313,5.328411794,4.696239151,3.905496625,4.859578106,4.141613376,4.743400084,5.28652395,6.177789228
1166,5.708775313,5.328411794,4.696239151,3.905496625,4.859578106,4.141613376,4.743400084,5.28652395,6.177789228
1167,5.708775313,5.328411794,4.696239151,3.905496625,4.859578106,4.141613376,4.743400084,5.28652395,6.177789228
1168,5.708775313,5.328411794,4.696239151,3.905496625,4.859578106,4.141613376,4.743400084,5.28652395,6.177789228
1169,5.708775313,5.328411794,4.696239151,3.905496625,4.859578106,4.141613376,4.743400084,5.28652395,6.177789228
1170,5.708775313,5.328411794,4.696239151,3.905496625,4.859578106,4.141613376,4.743400084,5.28652395,6.177789228
1171,5.708775313,5.328411794,4.696239151,3.905496625,4.859578106,4.141613376,4.743400084,5.28652395,6.177789228
1172,5.708775313,5.328411794,4.696239151,3.905496625,4.859578106,4.141613376,4.743400084,5.28652395,6.177789228
1173,5.708775313,5.328411794,4.696239151,3.905496625,4.859578106,4.141613376,4.743400084,5.28652395,6.177789228
1174,5.708775313,5.328411794,4.696239151,3.905496625,4.859578106,4.141613376,4.743400084,5.28652395,6.177789228
1175,5.708775313,5.328411794,4.696239151,3.905496625,4.859578106,4.141613376,4.743400084,5.28652395,6.177789228
1176,5.708775313,5.328411794,4.696239151,3.905496625,4.859578106,4.141613376,4.743400084,5.28652395,6.177789228
1177,5.708775313,5.328411794,4.696239151,3.905496625,4.859578106,4.141613376,4.743400084,5.28652395,6.177789228
1178,5.708775313,5.328411794,4.696239151,3.905496625,4.859578106,4.141613376,4.743400084,5.28652395,6.177789228
1179,5.708775313,5.328411794,4.696239151,3.905496625,4.859578106,4.141613376,4.743400084,5.28652395,6.177789228
1180,5.708775313,5.328411794,4.696239151,3.905496625,4.859578106,4.141613376,4.743400084,5.28652395,6.177789228
1181,5.708775313,5.328411794,4.696239151,3.905496625,4.859578106,4.141613376,4.743400084,5.28652395,6.177789228
1182,5.708775313,5.328411794,4.696239151,3.905496625,4.859578106,4.141613376,4.743400084,5.28652395,6.177789228
1183,5.708775313,5.328411794,4.696239151,3.905496625,4.859578106,4.141613376,4.743400084,5.28652395,6.177789228
1184,5.708775313,5.328411794,4.696239151,3.905496625,4.859578106,4.141613376,4.743400084,5.28652395,6.177789228
1185,5.708775313,5.328411794,4.696239151,3.905496625,4.859578106,4.141613376,4.743400084,5.28652395,6.177789228
1186,5.708775313,5.328411794,4.696239151,3.905496625,4.859578106,4.141613376,4.743400084,5.28652395,6.177789228
1187,5.708775313,5.328411794,4.696239151,3.905496625,4.859578106,4.141613376,4.743400084,5.28652395,6.177789228
1188,5.708775313,5.328411794,4.696239151,3.905496625,4.859578106,4.141613376,4.743400084,5.28652395,6.177789228
1189,5.708775313,5.328411794,4.696239151,3.905496625,4.859578106,4.141613376,4.743400084,5.28652395,6.177789228
1190,5.708775313,5.328411794,4.696239151,3.905496625,4.859578106,4.141613376,4.743400084,5.28652395,6.177789228
1191,5.708775313,5.328411794,4.696239151,3.905496625,4.859578106,4.141613376,4.743400084,5.28652395,6.177789228
1192,5.708775313,5.328411794,4.696239151,3.905496625,4.859578106,4.141613376,4.743400084,5.28652395,6.177789228
1193,5.708775313,5.328411794,4.696239151,3.905496625,4.859578106,4.141613376,4.743400084,5.28652395,6.177789228
1194,5.708775313,5.328411794,4.696239151,3.905496625,4.859578106,4.141613376,4.743400084,5.28652395,6.177789228
1195,5.708775313,5.328411794,4.696239151,3.905496625,4.859578106,4.141613376,4.743400084,5.28652395,6.177789228
1196,5.708775313,5.328411794,4.696239151,3.905496625,4.859578106,4.141613376,4.743400084,5.28652395,6.177789228
1197,5.708775313,5.328411794,4.696239151,3.905496625,4.859578106,4.141613376,4.743400084,5.28652395,6.177789228
1198,5.708775313,5.328411794,4.696239151,3.905496625,4.859578106,4.141613376,4.743400084,5.28652395,6.177789228
1199,5.708775313,5.328411794,4.696239151,3.905496625,4.859578106,4.141613376,4.743400084,5.28652395,6.177789228
1200,5.708775313,5.328411794,4.696239151,3.905496625,4.859578106,4.141613376,4.743400084,5.28652395,6.177789228
1201,5.708775313,5.328411794,4.696239151,3.905496625,4.859578106,4.141613376,4.743400084,5.28652395,6.177789228
1202,5.708775313,5.328411794,4.696239151,3.905496625,4.859578106,4.141613376,4.743400084,5.28652395,6.177789228
1203,5.708775313,5.328411794,4.696239151,3.905496625,4.859578106,4.141613376,4.743400084,5.28652395,6.177789228
1204,5.708775313,5.328411794,4.696239151,3.905496625,4.859578106,4.141613376,4.743400084,5.28652395,6.177789228
1205,5.708775313,5.328411794,4.696239151,3.905496625,4.859578106,4.141613376,4.743400084,5.28652395,6.177789228
1206,5.708775313,5.328411794,4.696239151,3.905496625,4.859578106,4.141613376,4.743400084,5.28652395,6.177789228
1207,5.708775313,5.328411794,4.696239151,3.905496625,4.859578106,4.141613376,4.743400084,5.28652395,6.177789228
1208,5.708775313,5.328411794,4.696239151,3.905496625,4.859578106,4.141613376,4.743400084,5.28652395,6.177789228
1209,5.708775313,5.328411794,4.696239151,3.905496625,4.859578106,4.141613376,4.743400084,5.28652395,6.177789228
1210,5.708775313,5.328411794,4.696239151,3.905496625,4.859578106,4.141613376,4.743400084,5.28652395,6.177789228
1211,5.708775313,5.328411794,4.696239151,3.905496625,4.859578106,4.141613376,4.743400084,5.28652395,6.177789228
1212,5.708775313,5.328411794,4.696239151,3.905496625,4.859578106,4.141613376,4.743400084,5.28652395,6.177789228
1213,5.708775313,5.328411794,4.696239151,3.905496625,4.859578106,4.141613376,4.743400084,5.28652395,6.177789228
1214,5.708775313,5.328411794,4.696239151,3.905496625,4.859578106,4.141613376,4.743400084,5.28652395,6.177789228
1215,5.708775313,5.328411794,4.696239151,3.905496625,4.859578106,4.141613376,4.743400084,5.28652395,6.177789228
1216,5.708775313,5.328411794,4.696239151,3.905496625,4.859578106,4.141613376,4.743400084,5.28652395,6.177789228
1217,5.708775313,5.328411794,4.696239151,3.905496625,4.859578106,4.141613376,4.743400084,5.28652395,6.177789228
1218,5.708775313,5.328411794,4.696239151,3.905496625,4.859578106,4.141613376,4.743400084,5.28652395,6.177789228
1219,5.708775313,5.328411794,4.696239151,3.905496625,4.859578106,4.141613376,4.743400084,5.28652395,6.177789228
1220,5.708775313,5.328411794,4.696239151,3.905496625,4.859578106,4.141613376,4.743400084,5.28652395,6.177789228
1221,5.708775313,5.328411794,4.696239151,3.905496625,4.859578106,4.141613376,4.743400084,5.28652395,6.177789228
1222,5.708775313,5.328411794,4.696239151,3.905496625,4.859578106,4.141613376,4.743400084,5.28652395,6.177789228
1223,5.708775313,5.328411794,4.696239151,3.905496625,4.859578106,4.141613376,4.743400084,5.28652395,6.177789228
1224,5.708775313,5.328411794,4.696239151,3.905496625,4.859578106,4.141613376,4.743400084,5.28652395,6.177789228
1225,5.708775313,5.328411794,4.696239151,3.905496625,4.859578106,4.141613376,4.743400084,5.28652395,6.177789228
1226,5.708775313,5.328411794,4.696239151,3.905496625,4.859578106,4.141613376,4.743400084,5.28652395,6.177789228
1227,5.708775313,5.328411794,4.696239151,3.905496625,4.859578106,4.141613376,4.743400084,5.28652395,6.177789228
1228,5.708775313,5.328411794,4.696239151,3.905496625,4.859578106,4.141613376,4.743400084,5.28652395,6.177789228
1229,5.708775313,5.328411794,4.696239151,3.905496625,4.859578106,4.141613376,4.743400084,5.28652395,6.177789228
1230,5.708775313,5.328411794,4.696239151,3.905496625,4.859578106,4.141613376,4.743400084,5.28652395,6.177789228
1231,5.708775313,5.328411794,4.696239151,3.905496625,4.859578106,4.141613376,4.743400084,5.28652395,6.177789228
1232,5.708775313,5.328411794,4.696239151,3.905496625,4.859578106,4.141613376,4.743400084,5.28652395,6.177789228
1233,5.708775313,5.328411794,4.696239151,3.905496625,4.859578106,4.141613376,4.743400084,5.28652395,6.177789228
1234,5.708775313,5.328411794,4.696239151,3.905496625,4.859578106,4.141613376,4.743400084,5.28652395,6.177789228
1235,5.708775313,5.328411794,4.696239151,3.905496625,4.859578106,4.141613376,4.743400084,5.28652395,6.177789228
1236,5.708775313,5.328411794,4.696239151,3.905496625,4.859578106,4.141613376,4.743400084,5.28652395,6.177789228
1237,5.708775313,5.328411794,4.696239151,3.905496625,4.859578106,4.141613376,4.743400084,5.28652395,6.177789228
1238,5.708775313,5.328411794,4.696239151,3.905496625,4.859578106,4.141613376,4.743400084,5.28652395,6.177789228
1239,5.708775313,5.328411794,4.696239151,3.905496625,4.859578106,4.141613376,4.743400084,5.28652395,6.177789228
1240,5.708775313,5.328411794,4.696239151,3.905496625,4.859578106,4.141613376,4.743400084,5.28652395,6.177789228
1241,5.708775313,5.328411794,4.696239151,3.905496625,4.859578106,4.141613376,4.743400084,5.28652395,6.177789228
1242,5.708775313,5.328411794,4.696239151,3.905496625,4.859578106,4.141613376,4.743400084,5.28652395,6.177789228
1243,5.708775313,5.328411794,4.696239151,3.905496625,4.859578106,4.141613376,4.743400084,5.28652395,6.177789228
1244,5.708775313,5.328411794,4.696239151,3.905496625,4.859578106,4.141613376,4.743400084,5.28652395,6.177789228
1245,5.708775313,5.328411794,4.696239151,3.905496625,4.859578106,4.141613376,4.743400084,5.28652395,6.177789228
1246,5.708775313,5.328411794,4.696239151,3.905496625,4.859578106,4.141613376,4.743400084,5.28652395,6.177789228
1247,5.708775313,5.328411794,4.696239151,3.905496625,4.859578106,4.141613376,4.743400084,5.28652395,6.177789228
1248,5.708775313,5.328411794,4.696239151,3.905496625,4.859578106,4.141613376,4.743400084,5.28652395,6.177789228
1249,5.708775313,5.328411794,4.696239151,3.905496625,4.859578106,4.141613376,4.743400084,5.28652395,6.177789228
1250,5.708775313,5.328411794,4.696239151,3.905496625,4.859578106,4.141613376,4.743400084,5.28652395,6.177789228
1251,5.708775313,5.328411794,4.696239151,3.905496625,4.859578106,4.141613376,4.743400084,5.28652395,6.177789228
1252,5.708775313,5.328411794,4.696239151,3.905496625,4.859578106,4.141613376,4.743400084,5.28652395,6.177789228
1253,5.708775313,5.328411794,4.696239151,3.905496625,4.859578106,4.141613376,4.743400084,5.28652395,6.177789228
1254,5.708775313,5.328411794,4.696239151,3.905496625,4.859578106,4.141613376,4.743400084,5.28652395,6.177789228
1255,5.708775313,5.328411794,4.696239151,3.905496625,4.859578106,4.141613376,4.743400084,5.28652395,6.177789228
1256,5.708775313,5.328411794,4.696239151,3.905496625,4.859578106,4.141613376,4.743400084,5.28652395,6.177789228
1257,5.708775313,5.328411794,4.696239151,3.905496625,4.859578106,4.141613376,4.743400084,5.28652395,6.177789228
1258,5.708775313,5.328411794,4.696239151,3.905496625,4.859578106,4.141613376,4.743400084,5.28652395,6.177789228
1259,5.708775313,5.328411794,4.696239151,3.905496625,4.859578106,4.141613376,4.743400084,5.28652395,6.177789228
1260,5.708775313,5.328411794,4.696239151,3.905496625,4.859578106,4.141613376,4.743400084,5.28652395,6.177789228
1261,5.708775313,5.328411794,4.696239151,3.905496625,4.859578106,4.141613376,4.743400084,5.28652395,6.177789228
1262,5.708775313,5.328411794,4.696239151,3.905496625,4.859578106,4.141613376,4.743400084,5.28652395,6.177789228
1263,5.708775313,5.328411794,4.696239151,3.905496625,4.859578106,4.141613376,4.743400084,5.28652395,6.177789228
1264,5.708775313,5.328411794,4.696239151,3.905496625,4.859578106,4.141613376,4.743400084,5.28652395,6.177789228
1265,5.708775313,5.328411794,4.696239151,3.905496625,4.859578106,4.141613376,4.743400084,5.28652395,6.177789228
1266,5.708775313,5.328411794,4.696239151,3.905496625,4.859578106,4.141613376,4.743400084,5.28652395,6.177789228
1267,5.708775313,5.328411794,4.696239151,3.905496625,4.859578106,4.141613376,4.743400084,5.28652395,6.177789228
1268,5.708775313,5.328411794,4.696239151,3.905496625,4.859578106,4.141613376,4.743400084,5.28652395,6.177789228
1269,5.708775313,5.328411794,4.696239151,3.905496625,4.859578106,4.141613376,4.743400084,5.28652395,6.177789228
1270,5.708775313,5.328411794,4.696239151,3.905496625,4.859578106,4.141613376,4.743400084,5.28652395,6.177789228
1271,5.708775313,5.328411794,4.696239151,3.905496625,4.859578106,4.141613376,4.743400084,5.28652395,6.177789228
1272,5.708775313,5.328411794,4.696239151,3.905496625,4.859578106,4.141613376,4.743400084,5.28652395,6.177789228
1273,5.708775313,5.328411794,4.696239151,3.905496625,4.859578106,4.141613376,4.743400084,5.28652395,6.177789228
1274,5.708775313,5.328411794,4.696239151,3.905496625,4.859578106,4.141613376,4.743400084,5.28652395,6.177789228
1275,5.708775313,5.328411794,4.696239151,3.905496625,4.859578106,4.141613376,4.743400084,5.28652395,6.177789228
1276,5.708775313,5.328411794,4.696239151,3.905496625,4.859578106,4.141613376,4.743400084,5.28652395,6.177789228
1277,5.708775313,5.328411794,4.696239151,3.905496625,4.859578106,4.141613376,4.743400084,5.28652395,6.177789228
1278,5.708775313,5.328411794,4.696239151,3.905496625,4.859578106,4.141613376,4.743400084,5.28652395,6.177789228
1279,5.708775313,5.328411794,4.696239151,3.905496625,4.859578106,4.141613376,4.743400084,5.28652395,6.177789228
1280,5.708775313,5.328411794,4.696239151,3.905496625,4.859578106,4.141613376,4.743400084,5.28652395,6.177789228
1281,5.708775313,5.328411794,4.696239151,3.905496625,4.859578106,4.141613376,4.743400084,5.28652395,6.177789228
1282,5.708775313,5.328411794,4.696239151,3.905496625,4.859578106,4.141613376,4.743400084,5.28652395,6.177789228
1283,5.708775313,5.328411794,4.696239151,3.905496625,4.859578106,4.141613376,4.743400084,5.28652395,6.177789228
1284,5.708775313,5.328411794,4.696239151,3.905496625,4.859578106,4.141613376,4.743400084,5.28652395,6.177789228
1285,5.708775313,5.328411794,4.696239151,3.905496625,4.859578106,4.141613376,4.743400084,5.28652395,6.177789228
1286,5.708775313,5.328411794,4.696239151,3.905496625,4.859578106,4.141613376,4.743400084,5.28652395,6.177789228
1287,5.708775313,5.328411794,4.696239151,3.905496625,4.859578106,4.141613376,4.743400084,5.28652395,6.177789228
1288,5.708775313,5.328411794,4.696239151,3.905496625,4.859578106,4.141613376,4.743400084,5.28652395,6.177789228
1289,5.708775313,5.328411794,4.696239151,3.905496625,4.859578106,4.141613376,4.743400084,5.28652395,6.177789228
1290,5.708775313,5.328411794,4.696239151,3.905496625,4.859578106,4.141613376,4.743400084,5.28652395,6.177789228
1291,5.708775313,5.328411794,4.696239151,3.905496625,4.859578106,4.141613376,4.743400084,5.28652395,6.177789228
1292,5.708775313,5.328411794,4.696239151,3.905496625,4.859578106,4.141613376,4.743400084,5.28652395,6.177789228
1293,5.708775313,5.328411794,4.696239151,3.905496625,4.859578106,4.141613376,4.743400084,5.28652395,6.177789228
1294,5.708775313,5.328411794,4.696239151,3.905496625,4.859578106,4.141613376,4.743400084,5.28652395,6.177789228
1295,5.708775313,5.328411794,4.696239151,3.905496625,4.859578106,4.141613376,4.743400084,5.28652395,6.177789228
1296,5.708775313,5.328411794,4.696239151,3.905496625,4.859578106,4.141613376,4.743400084,5.28652395,6.177789228
1297,5.708775313,5.328411794,4.696239151,3.905496625,4.859578106,4.141613376,4.743400084,5.28652395,6.177789228
1298,5.708775313,5.328411794,4.696239151,3.905496625,4.859578106,4.141613376,4.743400084,5.28652395,6.177789228
1299,5.708775313,5.328411794,4.696239151,3.905496625,4.859578106,4.141613376,4.743400084,5.28652395,6.177789228
1300,5.708775313,5.328411794,4.696239151,3.905496625,4.859578106,4.141613376,4.743400084,5.28652395,6.177789228
1301,5.708775313,5.328411794,4.696239151,3.905496625,4.859578106,4.141613376,4.743400084,5.28652395,6.177789228
1302,5.708775313,5.328411794,4.696239151,3.905496625,4.859578106,4.141613376,4.743400084,5.28652395,6.177789228
1303,5.708775313,5.328411794,4.696239151,3.905496625,4.859578106,4.141613376,4.743400084,5.28652395,6.177789228
1304,5.708775313,5.328411794,4.696239151,3.905496625,4.859578106,4.141613376,4.743400084,5.28652395,6.177789228
1305,5.708775313,5.328411794,4.696239151,3.905496625,4.859578106,4.141613376,4.743400084,5.28652395,6.177789228
1306,5.708775313,5.328411794,4.696239151,3.905496625,4.859578106,4.141613376,4.743400084,5.28652395,6.177789228
1307,5.708775313,5.328411794,4.696239151,3.905496625,4.859578106,4.141613376,4.743400084,5.28652395,6.177789228
1308,5.708775313,5.328411794,4.696239151,3.905496625,4.859578106,4.141613376,4.743400084,5.28652395,6.177789228
1309,5.708775313,5.328411794,4.696239151,3.905496625,4.859578106,4.141613376,4.743400084,5.28652395,6.177789228
1310,5.708775313,5.328411794,4.696239151,3.905496625,4.859578106,4.141613376,4.743400084,5.28652395,6.177789228
1311,5.708775313,5.328411794,4.696239151,3.905496625,4.859578106,4.141613376,4.743400084,5.28652395,6.177789228
1312,5.708775313,5.328411794,4.696239151,3.905496625,4.859578106,4.141613376,4.743400084,5.28652395,6.177789228
1313,5.708775313,5.328411794,4.696239151,3.905496625,4.859578106,4.141613376,4.743400084,5.28652395,6.177789228
1314,5.708775313,5.328411794,4.696239151,3.905496625,4.859578106,4.141613376,4.743400084,5.28652395,6.177789228
1315,5.708775313,5.328411794,4.696239151,3.905496625,4.859578106,4.141613376,4.743400084,5.28652395,6.177789228
1316,5.708775313,5.328411794,4.696239151,3.905496625,4.859578106,4.141613376,4.743400084,5.28652395,6.177789228
1317,5.708775313,5.328411794,4.696239151,3.905496625,4.859578106,4.141613376,4.743400084,5.28652395,6.177789228
1318,5.708775313,5.328411794,4.696239151,3.905496625,4.859578106,4.141613376,4.743400084,5.28652395,6.177789228
1319,5.708775313,5.328411794,4.696239151,3.905496625,4.859578106,4.141613376,4.743400084,5.28652395,6.177789228
1320,5.708775313,5.328411794,4.696239151,3.905496625,4.859578106,4.141613376,4.743400084,5.28652395,6.177789228
1321,5.708775313,5.328411794,4.696239151,3.905496625,4.859578106,4.141613376,4.743400084,5.28652395,6.177789228
1322,5.708775313,5.328411794,4.696239151,3.905496625,4.859578106,4.141613376,4.743400084,5.28652395,6.177789228
1323,5.708775313,5.328411794,4.696239151,3.905496625,4.859578106,4.141613376,4.743400084,5.28652395,6.177789228
1324,5.708775313,5.328411794,4.696239151,3.905496625,4.859578106,4.141613376,4.743400084,5.28652395,6.177789228
1325,5.708775313,5.328411794,4.696239151,3.905496625,4.859578106,4.141613376,4.743400084,5.28652395,6.177789228
1326,5.708775313,5.328411794,4.696239151,3.905496625,4.859578106,4.141613376,4.743400084,5.28652395,6.177789228
1327,5.708775313,5.328411794,4.696239151,3.905496625,4.859578106,4.141613376,4.743400084,5.28652395,6.177789228
1328,5.708775313,5.328411794,4.696239151,3.905496625,4.859578106,4.141613376,4.743400084,5.28652395,6.177789228
1329,5.708775313,5.328411794,4.696239151,3.905496625,4.859578106,4.141613376,4.743400084,5.28652395,6.177789228
1330,5.708775313,5.328411794,4.696239151,3.905496625,4.859578106,4.141613376,4.743400084,5.28652395,6.177789228
1331,5.708775313,5.328411794,4.696239151,3.905496625,4.859578106,4.141613376,4.743400084,5.28652395,6.177789228
1332,5.708775313,5.328411794,4.696239151,3.905496625,4.859578106,4.141613376,4.743400084,5.28652395,6.177789228
1333,5.708775313,5.328411794,4.696239151,3.905496625,4.859578106,4.141613376,4.743400084,5.28652395,6.177789228
1334,5.708775313,5.328411794,4.696239151,3.905496625,4.859578106,4.141613376,4.743400084,5.28652395,6.177789228
1335,5.708775313,5.328411794,4.696239151,3.905496625,4.859578106,4.141613376,4.743400084,5.28652395,6.177789228
1336,5.708775313,5.328411794,4.696239151,3.905496625,4.859578106,4.141613376,4.743400084,5.28652395,6.177789228
1337,5.708775313,5.328411794,4.696239151,3.905496625,4.859578106,4.141613376,4.743400084,5.28652395,6.177789228
1338,5.708775313,5.328411794,4.696239151,3.905496625,4.859578106,4.141613376,4.743400084,5.28652395,6.177789228
1339,5.708775313,5.328411794,4.696239151,3.905496625,4.859578106,4.141613376,4.743400084,5.28652395,6.177789228
1340,5.708775313,5.328411794,4.696239151,3.905496625,4.859578106,4.141613376,4.743400084,5.28652395,6.177789228
1341,5.708775313,5.328411794,4.696239151,3.905496625,4.859578106,4.141613376,4.743400084,5.28652395,6.177789228
1342,5.708775313,5.328411794,4.696239151,3.905496625,4.859578106,4.141613376,4.743400084,5.28652395,6.177789228
1343,5.708775313,5.328411794,4.696239151,3.905496625,4.859578106,4.141613376,4.743400084,5.28652395,6.177789228
1344,5.708775313,5.328411794,4.696239151,3.905496625,4.859578106,4.141613376,4.743400084,5.28652395,6.177789228
1345,5.708775313,5.328411794,4.696239151,3.905496625,4.859578106,4.141613376,4.743400084,5.28652395,6.177789228
1346,5.708775313,5.328411794,4.696239151,3.905496625,4.859578106,4.141613376,4.743400084,5.28652395,6.177789228
1347,5.708775313,5.328411794,4.696239151,3.905496625,4.859578106,4.141613376,4.743400084,5.28652395,6.177789228
1348,5.708775313,5.328411794,4.696239151,3.905496625,4.859578106,4.141613376,4.743400084,5.28652395,6.177789228
1349,5.708775313,5.328411794,4.696239151,3.905496625,4.859578106,4.141613376,4.743400084,5.28652395,6.177789228
1350,5.708775313,5.328411794,4.696239151,3.905496625,4.859578106,4.141613376,4.743400084,5.28652395,6.177789228
1351,5.708775313,5.328411794,4.696239151,3.905496625,4.859578106,4.141613376,4.743400084,5.28652395,6.177789228
1352,5.708775313,5.328411794,4.696239151,3.905496625,4.859578106,4.141613376,4.743400084,5.28652395,6.177789228
1353,5.708775313,5.328411794,4.696239151,3.905496625,4.859578106,4.141613376,4.743400084,5.28652395,6.177789228
1354,5.708775313,5.328411794,4.696239151,3.905496625,4.859578106,4.141613376,4.743400084,5.28652395,6.177789228
1355,5.708775313,5.328411794,4.696239151,3.905496625,4.859578106,4.141613376,4.743400084,5.28652395,6.177789228
1356,5.708775313,5.328411794,4.696239151,3.905496625,4.859578106,4.141613376,4.743400084,5.28652395,6.177789228
1357,5.708775313,5.328411794,4.696239151,3.905496625,4.859578106,4.141613376,4.743400084,5.28652395,6.177789228
1358,5.708775313,5.328411794,4.696239151,3.905496625,4.859578106,4.141613376,4.743400084,5.28652395,6.177789228
1359,5.708775313,5.328411794,4.696239151,3.905496625,4.859578106,4.141613376,4.743400084,5.28652395,6.177789228
1360,5.708775313,5.328411794,4.696239151,3.905496625,4.859578106,4.141613376,4.743400084,5.28652395,6.177789228
1361,5.708775313,5.328411794,4.696239151,3.905496625,4.859578106,4.141613376,4.743400084,5.28652395,6.177789228
1362,5.708775313,5.328411794,4.696239151,3.905496625,4.859578106,4.141613376,4.743400084,5.28652395,6.177789228
1363,5.708775313,5.328411794,4.696239151,3.905496625,4.859578106,4.141613376,4.743400084,5.28652395,6.177789228
1364,5.708775313,5.328411794,4.696239151,3.905496625,4.859578106,4.141613376,4.743400084,5.28652395,6.177789228
1365,5.708775313,5.328411794,4.696239151,3.905496625,4.859578106,4.141613376,4.743400084,5.28652395,6.177789228
1366,5.708775313,5.328411794,4.696239151,3.905496625,4.859578106,4.141613376,4.743400084,5.28652395,6.177789228
1367,5.708775313,5.328411794,4.696239151,3.905496625,4.859578106,4.141613376,4.743400084,5.28652395,6.177789228
1368,5.708775313,5.328411794,4.696239151,3.905496625,4.859578106,4.141613376,4.743400084,5.28652395,6.177789228
1369,5.708775313,5.328411794,4.696239151,3.905496625,4.859578106,4.141613376,4.743400084,5.28652395,6.177789228
1370,5.708775313,5.328411794,4.696239151,3.905496625,4.859578106,4.141613376,4.743400084,5.28652395,6.177789228
1371,5.708775313,5.328411794,4.696239151,3.905496625,4.859578106,4.141613376,4.743400084,5.28652395,6.177789228
1372,5.708775313,5.328411794,4.696239151,3.905496625,4.859578106,4.141613376,4.743400084,5.28652395,6.177789228
1373,5.708775313,5.328411794,4.696239151,3.905496625,4.859578106,4.141613376,4.743400084,5.28652395,6.177789228
1374,5.708775313,5.328411794,4.696239151,3.905496625,4.859578106,4.141613376,4.743400084,5.28652395,6.177789228
1375,5.708775313,5.328411794,4.696239151,3.905496625,4.859578106,4.141613376,4.743400084,5.28652395,6.177789228
1376,5.708775313,5.328411794,4.696239151,3.905496625,4.859578106,4.141613376,4.743400084,5.28652395,6.177789228
1377,5.708775313,5.328411794,4.696239151,3.905496625,4.859578106,4.141613376,4.743400084,5.28652395,6.177789228
1378,5.708775313,5.328411794,4.696239151,3.905496625,4.859578106,4.141613376,4.743400084,5.28652395,6.177789228
1379,5.708775313,5.328411794,4.696239151,3.905496625,4.859578106,4.141613376,4.743400084,5.28652395,6.177789228
1380,5.708775313,5.328411794,4.696239151,3.905496625,4.859578106,4.141613376,4.743400084,5.28652395,6.177789228
1381,5.708775313,5.328411794,4.696239151,3.905496625,4.859578106,4.141613376,4.743400084,5.28652395,6.177789228
1382,5.708775313,5.328411794,4.696239151,3.905496625,4.859578106,4.141613376,4.743400084,5.28652395,6.177789228
1383,5.708775313,5.328411794,4.696239151,3.905496625,4.859578106,4.141613376,4.743400084,5.28652395,6.177789228
1384,5.708775313,5.328411794,4.696239151,3.905496625,4.859578106,4.141613376,4.743400084,5.28652395,6.177789228
1385,5.708775313,5.328411794,4.696239151,3.905496625,4.859578106,4.141613376,4.743400084,5.28652395,6.177789228
1386,5.708775313,5.328411794,4.696239151,3.905496625,4.859578106,4.141613376,4.743400084,5.28652395,6.177789228
1387,5.708775313,5.328411794,4.696239151,3.905496625,4.859578106,4.141613376,4.743400084,5.28652395,6.177789228
1388,5.708775313,5.328411794,4.696239151,3.905496625,4.859578106,4.141613376,4.743400084,5.28652395,6.177789228
1389,5.708775313,5.328411794,4.696239151,3.905496625,4.859578106,4.141613376,4.743400084,5.28652395,6.177789228
1390,5.708775313,5.328411794,4.696239151,3.905496625,4.859578106,4.141613376,4.743400084,5.28652395,6.177789228
1391,5.708775313,5.328411794,4.696239151,3.905496625,4.859578106,4.141613376,4.743400084,5.28652395,6.177789228
1392,5.708775313,5.328411794,4.696239151,3.905496625,4.859578106,4.141613376,4.743400084,5.28652395,6.177789228
1393,5.708775313,5.328411794,4.696239151,3.905496625,4.859578106,4.141613376,4.743400084,5.28652395,6.177789228
1394,5.708775313,5.328411794,4.696239151,3.905496625,4.859578106,4.141613376,4.743400084,5.28652395,6.177789228
1395,5.708775313,5.328411794,4.696239151,3.905496625,4.859578106,4.141613376,4.743400084,5.28652395,6.177789228
1396,5.708775313,5.328411794,4.696239151,3.905496625,4.859578106,4.141613376,4.743400084,5.28652395,6.177789228
1397,5.708775313,5.328411794,4.696239151,3.905496625,4.859578106,4.141613376,4.743400084,5.28652395,6.177789228
1398,5.708775313,5.328411794,4.696239151,3.905496625,4.859578106,4.141613376,4.743400084,5.28652395,6.177789228
1399,5.708775313,5.328411794,4.696239151,3.905496625,4.859578106,4.141613376,4.743400084,5.28652395,6.177789228
1400,5.708775313,5.328411794,4.696239151,3.905496625,4.859578106,4.141613376,4.743400084,5.28652395,6.177789228
1401,5.708775313,5.328411794,4.696239151,3.905496625,4.859578106,4.141613376,4.743400084,5.28652395,6.177789228
1402,5.708775313,5.328411794,4.696239151,3.905496625,4.859578106,4.141613376,4.743400084,5.28652395,6.177789228
1403,5.708775313,5.328411794,4.696239151,3.905496625,4.859578106,4.141613376,4.743400084,5.28652395,6.177789228
1404,5.708775313,5.328411794,4.696239151,3.905496625,4.859578106,4.141613376,4.743400084,5.28652395,6.177789228
1405,5.708775313,5.328411794,4.696239151,3.905496625,4.859578106,4.141613376,4.743400084,5.28652395,6.177789228
1406,5.708775313,5.328411794,4.696239151,3.905496625,4.859578106,4.141613376,4.743400084,5.28652395,6.177789228
1407,5.708775313,5.328411794,4.696239151,3.905496625,4.859578106,4.141613376,4.743400084,5.28652395,6.177789228
1408,5.708775313,5.328411794,4.696239151,3.905496625,4.859578106,4.141613376,4.743400084,5.28652395,6.177789228
1409,5.708775313,5.328411794,4.696239151,3.905496625,4.859578106,4.141613376,4.743400084,5.28652395,6.177789228
1410,5.708775313,5.328411794,4.696239151,3.905496625,4.859578106,4.141613376,4.743400084,5.28652395,6.177789228
1411,5.708775313,5.328411794,4.696239151,3.905496625,4.859578106,4.141613376,4.743400084,5.28652395,6.177789228
1412,5.708775313,5.328411794,4.696239151,3.905496625,4.859578106,4.141613376,4.743400084,5.28652395,6.177789228
1413,5.708775313,5.328411794,4.696239151,3.905496625,4.859578106,4.141613376,4.743400084,5.28652395,6.177789228
1414,5.708775313,5.328411794,4.696239151,3.905496625,4.859578106,4.141613376,4.743400084,5.28652395,6.177789228
1415,5.708775313,5.328411794,4.696239151,3.905496625,4.859578106,4.141613376,4.743400084,5.28652395,6.177789228
1416,5.708775313,5.328411794,4.696239151,3.905496625,4.859578106,4.141613376,4.743400084,5.28652395,6.177789228
1417,5.708775313,5.328411794,4.696239151,3.905496625,4.859578106,4.141613376,4.743400084,5.28652395,6.177789228
1418,5.708775313,5.328411794,4.696239151,3.905496625,4.859578106,4.141613376,4.743400084,5.28652395,6.177789228
1419,5.708775313,5.328411794,4.696239151,3.905496625,4.859578106,4.141613376,4.743400084,5.28652395,6.177789228
1420,5.708775313,5.328411794,4.696239151,3.905496625,4.859578106,4.141613376,4.743400084,5.28652395,6.177789228
1421,5.708775313,5.328411794,4.696239151,3.905496625,4.859578106,4.141613376,4.743400084,5.28652395,6.177789228
1422,5.708775313,5.328411794,4.696239151,3.905496625,4.859578106,4.141613376,4.743400084,5.28652395,6.177789228
1423,5.708775313,5.328411794,4.696239151,3.905496625,4.859578106,4.141613376,4.743400084,5.28652395,6.177789228
1424,5.708775313,5.328411794,4.696239151,3.905496625,4.859578106,4.141613376,4.743400084,5.28652395,6.177789228
1425,5.708775313,5.328411794,4.696239151,3.905496625,4.859578106,4.141613376,4.743400084,5.28652395,6.177789228
1426,5.708775313,5.328411794,4.696239151,3.905496625,4.859578106,4.141613376,4.743400084,5.28652395,6.177789228
1427,5.708775313,5.328411794,4.696239151,3.905496625,4.859578106,4.141613376,4.743400084,5.28652395,6.177789228
1428,5.708775313,5.328411794,4.696239151,3.905496625,4.859578106,4.141613376,4.743400084,5.28652395,6.177789228
1429,5.708775313,5.328411794,4.696239151,3.905496625,4.859578106,4.141613376,4.743400084,5.28652395,6.177789228
1430,5.708775313,5.328411794,4.696239151,3.905496625,4.859578106,4.141613376,4.743400084,5.28652395,6.177789228
1431,5.708775313,5.328411794,4.696239151,3.905496625,4.859578106,4.141613376,4.743400084,5.28652395,6.177789228
1432,5.708775313,5.328411794,4.696239151,3.905496625,4.859578106,4.141613376,4.743400084,5.28652395,6.177789228
1433,5.708775313,5.328411794,4.696239151,3.905496625,4.859578106,4.141613376,4.743400084,5.28652395,6.177789228
1434,5.708775313,5.328411794,4.696239151,3.905496625,4.859578106,4.141613376,4.743400084,5.28652395,6.177789228
1435,5.708775313,5.328411794,4.696239151,3.905496625,4.859578106,4.141613376,4.743400084,5.28652395,6.177789228
1436,5.708775313,5.328411794,4.696239151,3.905496625,4.859578106,4.141613376,4.743400084,5.28652395,6.177789228
1437,5.708775313,5.328411794,4.696239151,3.905496625,4.859578106,4.141613376,4.743400084,5.28652395,6.177789228
1438,5.708775313,5.328411794,4.696239151,3.905496625,4.859578106,4.141613376,4.743400084,5.28652395,6.177789228
1439,5.708775313,5.328411794,4.696239151,3.905496625,4.859578106,4.141613376,4.743400084,5.28652395,6.177789228
1440,5.708775313,5.328411794,4.696239151,3.905496625,4.859578106,4.141613376,4.743400084,5.28652395,6.177789228
1441,5.708775313,5.328411794,4.696239151,3.905496625,4.859578106,4.141613376,4.743400084,5.28652395,6.177789228
1442,5.708775313,5.328411794,4.696239151,3.905496625,4.859578106,4.141613376,4.743400084,5.28652395,6.177789228
1443,5.708775313,5.328411794,4.696239151,3.905496625,4.859578106,4.141613376,4.743400084,5.28652395,6.177789228
1444,5.708775313,5.328411794,4.696239151,3.905496625,4.859578106,4.141613376,4.743400084,5.28652395,6.177789228
1445,5.708775313,5.328411794,4.696239151,3.905496625,4.859578106,4.141613376,4.743400084,5.28652395,6.177789228
1446,5.708775313,5.328411794,4.696239151,3.905496625,4.859578106,4.141613376,4.743400084,5.28652395,6.177789228
1447,5.708775313,5.328411794,4.696239151,3.905496625,4.859578106,4.141613376,4.743400084,5.28652395,6.177789228
1448,5.708775313,5.328411794,4.696239151,3.905496625,4.859578106,4.141613376,4.743400084,5.28652395,6.177789228
1449,5.708775313,5.328411794,4.696239151,3.905496625,4.859578106,4.141613376,4.743400084,5.28652395,6.177789228
1450,5.708775313,5.328411794,4.696239151,3.905496625,4.859578106,4.141613376,4.743400084,5.28652395,6.177789228
1451,5.708775313,5.328411794,4.696239151,3.905496625,4.859578106,4.141613376,4.743400084,5.28652395,6.177789228
1452,5.708775313,5.328411794,4.696239151,3.905496625,4.859578106,4.141613376,4.743400084,5.28652395,6.177789228
1453,5.708775313,5.328411794,4.696239151,3.905496625,4.859578106,4.141613376,4.743400084,5.28652395,6.177789228
1454,5.708775313,5.328411794,4.696239151,3.905496625,4.859578106,4.141613376,4.743400084,5.28652395,6.177789228
1455,5.708775313,5.328411794,4.696239151,3.905496625,4.859578106,4.141613376,4.743400084,5.28652395,6.177789228
1456,5.708775313,5.328411794,4.696239151,3.905496625,4.859578106,4.141613376,4.743400084,5.28652395,6.177789228
1457,5.708775313,5.328411794,4.696239151,3.905496625,4.859578106,4.141613376,4.743400084,5.28652395,6.177789228
1458,5.708775313,5.328411794,4.696239151,3.905496625,4.859578106,4.141613376,4.743400084,5.28652395,6.177789228
1459,5.708775313,5.328411794,4.696239151,3.905496625,4.859578106,4.141613376,4.743400084,5.28652395,6.177789228
1460,5.708775313,5.328411794,4.696239151,3.905496625,4.859578106,4.141613376,4.743400084,5.28652395,6.177789228
1461,5.708775313,5.328411794,4.696239151,3.905496625,4.859578106,4.141613376,4.743400084,5.28652395,6.177789228
1462,5.708775313,5.328411794,4.696239151,3.905496625,4.859578106,4.141613376,4.743400084,5.28652395,6.177789228
1463,5.708775313,5.328411794,4.696239151,3.905496625,4.859578106,4.141613376,4.743400084,5.28652395,6.177789228
1464,5.708775313,5.328411794,4.696239151,3.905496625,4.859578106,4.141613376,4.743400084,5.28652395,6.177789228
1465,5.708775313,5.328411794,4.696239151,3.905496625,4.859578106,4.141613376,4.743400084,5.28652395,6.177789228
1466,5.708775313,5.328411794,4.696239151,3.905496625,4.859578106,4.141613376,4.743400084,5.28652395,6.177789228
1467,5.708775313,5.328411794,4.696239151,3.905496625,4.859578106,4.141613376,4.743400084,5.28652395,6.177789228
1468,5.708775313,5.328411794,4.696239151,3.905496625,4.859578106,4.141613376,4.743400084,5.28652395,6.177789228
1469,5.708775313,5.328411794,4.696239151,3.905496625,4.859578106,4.141613376,4.743400084,5.28652395,6.177789228
1470,5.708775313,5.328411794,4.696239151,3.905496625,4.859578106,4.141613376,4.743400084,5.28652395,6.177789228
1471,5.708775313,5.328411794,4.696239151,3.905496625,4.859578106,4.141613376,4.743400084,5.28652395,6.177789228
1472,5.708775313,5.328411794,4.696239151,3.905496625,4.859578106,4.141613376,4.743400084,5.28652395,6.177789228
1473,5.708775313,5.328411794,4.696239151,3.905496625,4.859578106,4.141613376,4.743400084,5.28652395,6.177789228
1474,5.708775313,5.328411794,4.696239151,3.905496625,4.859578106,4.141613376,4.743400084,5.28652395,6.177789228
1475,5.708775313,5.328411794,4.696239151,3.905496625,4.859578106,4.141613376,4.743400084,5.28652395,6.177789228
1476,5.708775313,5.328411794,4.696239151,3.905496625,4.859578106,4.141613376,4.743400084,5.28652395,6.177789228
1477,5.708775313,5.328411794,4.696239151,3.905496625,4.859578106,4.141613376,4.743400084,5.28652395,6.177789228
1478,5.708775313,5.328411794,4.696239151,3.905496625,4.859578106,4.141613376,4.743400084,5.28652395,6.177789228
1479,5.708775313,5.328411794,4.696239151,3.905496625,4.859578106,4.141613376,4.743400084,5.28652395,6.177789228
1480,5.708775313,5.328411794,4.696239151,3.905496625,4.859578106,4.141613376,4.743400084,5.28652395,6.177789228
1481,5.708775313,5.328411794,4.696239151,3.905496625,4.859578106,4.141613376,4.743400084,5.28652395,6.177789228
1482,5.708775313,5.328411794,4.696239151,3.905496625,4.859578106,4.141613376,4.743400084,5.28652395,6.177789228
1483,5.708775313,5.328411794,4.696239151,3.905496625,4.859578106,4.141613376,4.743400084,5.28652395,6.177789228
1484,5.708775313,5.328411794,4.696239151,3.905496625,4.859578106,4.141613376,4.743400084,5.28652395,6.177789228
1485,5.708775313,5.328411794,4.696239151,3.905496625,4.859578106,4.141613376,4.743400084,5.28652395,6.177789228
1486,5.708775313,5.328411794,4.696239151,3.905496625,4.859578106,4.141613376,4.743400084,5.28652395,6.177789228
1487,5.708775313,5.328411794,4.696239151,3.905496625,4.859578106,4.141613376,4.743400084,5.28652395,6.177789228
1488,5.708775313,5.328411794,4.696239151,3.905496625,4.859578106,4.141613376,4.743400084,5.28652395,6.177789228
1489,5.708775313,5.328411794,4.696239151,3.905496625,4.859578106,4.141613376,4.743400084,5.28652395,6.177789228
1490,5.708775313,5.328411794,4.696239151,3.905496625,4.859578106,4.141613376,4.743400084,5.28652395,6.177789228
1491,5.708775313,5.328411794,4.696239151,3.905496625,4.859578106,4.141613376,4.743400084,5.28652395,6.177789228
1492,5.708775313,5.328411794,4.696239151,3.905496625,4.859578106,4.141613376,4.743400084,5.28652395,6.177789228
1493,5.708775313,5.328411794,4.696239151,3.905496625,4.859578106,4.141613376,4.743400084,5.28652395,6.177789228
1494,5.708775313,5.328411794,4.696239151,3.905496625,4.859578106,4.141613376,4.743400084,5.28652395,6.177789228
1495,5.708775313,5.328411794,4.696239151,3.905496625,4.859578106,4.141613376,4.743400084,5.28652395,6.177789228
1496,5.708775313,5.328411794,4.696239151,3.905496625,4.859578106,4.141613376,4.743400084,5.28652395,6.177789228
1497,5.708775313,5.328411794,4.696239151,3.905496625,4.859578106,4.141613376,4.743400084,5.28652395,6.177789228
1498,5.708775313,5.328411794,4.696239151,3.905496625,4.859578106,4.141613376,4.743400084,5.28652395,6.177789228
1499,5.708775313,5.328411794,4.696239151,3.905496625,4.859578106,4.141613376,4.743400084,5.28652395,6.177789228
1500,5.708775313,5.328411794,4.696239151,3.905496625,4.859578106,4.141613376,4.743400084,5.28652395,6.177789228
1501,5.708775313,5.328411794,4.696239151,3.905496625,4.859578106,4.141613376,4.743400084,5.28652395,6.177789228
1502,5.708775313,5.328411794,4.696239151,3.905496625,4.859578106,4.141613376,4.743400084,5.28652395,6.177789228
1503,5.708775313,5.328411794,4.696239151,3.905496625,4.859578106,4.141613376,4.743400084,5.28652395,6.177789228
1504,5.708775313,5.328411794,4.696239151,3.905496625,4.859578106,4.141613376,4.743400084,5.28652395,6.177789228
1505,5.708775313,5.328411794,4.696239151,3.905496625,4.859578106,4.141613376,4.743400084,5.28652395,6.177789228
1506,5.708775313,5.328411794,4.696239151,3.905496625,4.859578106,4.141613376,4.743400084,5.28652395,6.177789228
1507,5.708775313,5.328411794,4.696239151,3.905496625,4.859578106,4.141613376,4.743400084,5.28652395,6.177789228
1508,5.708775313,5.328411794,4.696239151,3.905496625,4.859578106,4.141613376,4.743400084,5.28652395,6.177789228
1509,5.708775313,5.328411794,4.696239151,3.905496625,4.859578106,4.141613376,4.743400084,5.28652395,6.177789228
1510,5.708775313,5.328411794,4.696239151,3.905496625,4.859578106,4.141613376,4.743400084,5.28652395,6.177789228
1511,5.708775313,5.328411794,4.696239151,3.905496625,4.859578106,4.141613376,4.743400084,5.28652395,6.177789228
1512,5.708775313,5.328411794,4.696239151,3.905496625,4.859578106,4.141613376,4.743400084,5.28652395,6.177789228
1513,5.708775313,5.328411794,4.696239151,3.905496625,4.859578106,4.141613376,4.743400084,5.28652395,6.177789228
1514,5.708775313,5.328411794,4.696239151,3.905496625,4.859578106,4.141613376,4.743400084,5.28652395,6.177789228
1515,5.708775313,5.328411794,4.696239151,3.905496625,4.859578106,4.141613376,4.743400084,5.28652395,6.177789228
1516,5.708775313,5.328411794,4.696239151,3.905496625,4.859578106,4.141613376,4.743400084,5.28652395,6.177789228
1517,5.708775313,5.328411794,4.696239151,3.905496625,4.859578106,4.141613376,4.743400084,5.28652395,6.177789228
1518,5.708775313,5.328411794,4.696239151,3.905496625,4.859578106,4.141613376,4.743400084,5.28652395,6.177789228
1519,5.708775313,5.328411794,4.696239151,3.905496625,4.859578106,4.141613376,4.743400084,5.28652395,6.177789228
1520,5.708775313,5.328411794,4.696239151,3.905496625,4.859578106,4.141613376,4.743400084,5.28652395,6.177789228
1521,5.708775313,5.328411794,4.696239151,3.905496625,4.859578106,4.141613376,4.743400084,5.28652395,6.177789228
1522,5.708775313,5.328411794,4.696239151,3.905496625,4.859578106,4.141613376,4.743400084,5.28652395,6.177789228
1523,5.708775313,5.328411794,4.696239151,3.905496625,4.859578106,4.141613376,4.743400084,5.28652395,6.177789228
1524,5.708775313,5.328411794,4.696239151,3.905496625,4.859578106,4.141613376,4.743400084,5.28652395,6.177789228
1525,5.708775313,5.328411794,4.696239151,3.905496625,4.859578106,4.141613376,4.743400084,5.28652395,6.177789228
1526,5.708775313,5.328411794,4.696239151,3.905496625,4.859578106,4.141613376,4.743400084,5.28652395,6.177789228
1527,5.708775313,5.328411794,4.696239151,3.905496625,4.859578106,4.141613376,4.743400084,5.28652395,6.177789228
1528,5.708775313,5.328411794,4.696239151,3.905496625,4.859578106,4.141613376,4.743400084,5.28652395,6.177789228
1529,5.708775313,5.328411794,4.696239151,3.905496625,4.859578106,4.141613376,4.743400084,5.28652395,6.177789228
1530,5.708775313,5.328411794,4.696239151,3.905496625,4.859578106,4.141613376,4.743400084,5.28652395,6.177789228
1531,5.708775313,5.328411794,4.696239151,3.905496625,4.859578106,4.141613376,4.743400084,5.28652395,6.177789228
1532,5.708775313,5.328411794,4.696239151,3.905496625,4.859578106,4.141613376,4.743400084,5.28652395,6.177789228
1533,5.708775313,5.328411794,4.696239151,3.905496625,4.859578106,4.141613376,4.743400084,5.28652395,6.177789228
1534,5.708775313,5.328411794,4.696239151,3.905496625,4.859578106,4.141613376,4.743400084,5.28652395,6.177789228
1535,5.708775313,5.328411794,4.696239151,3.905496625,4.859578106,4.141613376,4.743400084,5.28652395,6.177789228
1536,5.708775313,5.328411794,4.696239151,3.905496625,4.859578106,4.141613376,4.743400084,5.28652395,6.177789228
1537,5.708775313,5.328411794,4.696239151,3.905496625,4.859578106,4.141613376,4.743400084,5.28652395,6.177789228
1538,5.708775313,5.328411794,4.696239151,3.905496625,4.859578106,4.141613376,4.743400084,5.28652395,6.177789228
1539,5.708775313,5.328411794,4.696239151,3.905496625,4.859578106,4.141613376,4.743400084,5.28652395,6.177789228
1540,5.708775313,5.328411794,4.696239151,3.905496625,4.859578106,4.141613376,4.743400084,5.28652395,6.177789228
1541,5.708775313,5.328411794,4.696239151,3.905496625,4.859578106,4.141613376,4.743400084,5.28652395,6.177789228
1542,5.708775313,5.328411794,4.696239151,3.905496625,4.859578106,4.141613376,4.743400084,5.28652395,6.177789228
1543,5.708775313,5.328411794,4.696239151,3.905496625,4.859578106,4.141613376,4.743400084,5.28652395,6.177789228
1544,5.708775313,5.328411794,4.696239151,3.905496625,4.859578106,4.141613376,4.743400084,5.28652395,6.177789228
1545,5.708775313,5.328411794,4.696239151,3.905496625,4.859578106,4.141613376,4.743400084,5.28652395,6.177789228
1546,5.708775313,5.328411794,4.696239151,3.905496625,4.859578106,4.141613376,4.743400084,5.28652395,6.177789228
1547,5.708775313,5.328411794,4.696239151,3.905496625,4.859578106,4.141613376,4.743400084,5.28652395,6.177789228
1548,5.708775313,5.328411794,4.696239151,3.905496625,4.859578106,4.141613376,4.743400084,5.28652395,6.177789228
1549,5.708775313,5.328411794,4.696239151,3.905496625,4.859578106,4.141613376,4.743400084,5.28652395,6.177789228
1550,5.708775313,5.328411794,4.696239151,3.905496625,4.859578106,4.141613376,4.743400084,5.28652395,6.177789228
1551,5.708775313,5.328411794,4.696239151,3.905496625,4.859578106,4.141613376,4.743400084,5.28652395,6.177789228
1552,5.708775313,5.328411794,4.696239151,3.905496625,4.859578106,4.141613376,4.743400084,5.28652395,6.177789228
1553,5.708775313,5.328411794,4.696239151,3.905496625,4.859578106,4.141613376,4.743400084,5.28652395,6.177789228
1554,5.708775313,5.328411794,4.696239151,3.905496625,4.859578106,4.141613376,4.743400084,5.28652395,6.177789228
1555,5.708775313,5.328411794,4.696239151,3.905496625,4.859578106,4.141613376,4.743400084,5.28652395,6.177789228
1556,5.708775313,5.328411794,4.696239151,3.905496625,4.859578106,4.141613376,4.743400084,5.28652395,6.177789228
1557,5.708775313,5.328411794,4.696239151,3.905496625,4.859578106,4.141613376,4.743400084,5.28652395,6.177789228
1558,5.708775313,5.328411794,4.696239151,3.905496625,4.859578106,4.141613376,4.743400084,5.28652395,6.177789228
1559,5.708775313,5.328411794,4.696239151,3.905496625,4.859578106,4.141613376,4.743400084,5.28652395,6.177789228
1560,5.708775313,5.328411794,4.696239151,3.905496625,4.859578106,4.141613376,4.743400084,5.28652395,6.177789228
1561,5.708775313,5.328411794,4.696239151,3.905496625,4.859578106,4.141613376,4.743400084,5.28652395,6.177789228
1562,5.708775313,5.328411794,4.696239151,3.905496625,4.859578106,4.141613376,4.743400084,5.28652395,6.177789228
1563,5.708775313,5.328411794,4.696239151,3.905496625,4.859578106,4.141613376,4.743400084,5.28652395,6.177789228
1564,5.708775313,5.328411794,4.696239151,3.905496625,4.859578106,4.141613376,4.743400084,5.28652395,6.177789228
1565,5.708775313,5.328411794,4.696239151,3.905496625,4.859578106,4.141613376,4.743400084,5.28652395,6.177789228
1566,5.708775313,5.328411794,4.696239151,3.905496625,4.859578106,4.141613376,4.743400084,5.28652395,6.177789228
1567,5.708775313,5.328411794,4.696239151,3.905496625,4.859578106,4.141613376,4.743400084,5.28652395,6.177789228
1568,5.708775313,5.328411794,4.696239151,3.905496625,4.859578106,4.141613376,4.743400084,5.28652395,6.177789228
1569,5.708775313,5.328411794,4.696239151,3.905496625,4.859578106,4.141613376,4.743400084,5.28652395,6.177789228
1570,5.708775313,5.328411794,4.696239151,3.905496625,4.859578106,4.141613376,4.743400084,5.28652395,6.177789228
1571,5.708775313,5.328411794,4.696239151,3.905496625,4.859578106,4.141613376,4.743400084,5.28652395,6.177789228
1572,5.708775313,5.328411794,4.696239151,3.905496625,4.859578106,4.141613376,4.743400084,5.28652395,6.177789228
1573,5.708775313,5.328411794,4.696239151,3.905496625,4.859578106,4.141613376,4.743400084,5.28652395,6.177789228
1574,5.708775313,5.328411794,4.696239151,3.905496625,4.859578106,4.141613376,4.743400084,5.28652395,6.177789228
1575,5.708775313,5.328411794,4.696239151,3.905496625,4.859578106,4.141613376,4.743400084,5.28652395,6.177789228
1576,5.708775313,5.328411794,4.696239151,3.905496625,4.859578106,4.141613376,4.743400084,5.28652395,6.177789228
1577,5.708775313,5.328411794,4.696239151,3.905496625,4.859578106,4.141613376,4.743400084,5.28652395,6.177789228
1578,5.708775313,5.328411794,4.696239151,3.905496625,4.859578106,4.141613376,4.743400084,5.28652395,6.177789228
1579,5.708775313,5.328411794,4.696239151,3.905496625,4.859578106,4.141613376,4.743400084,5.28652395,6.177789228
1580,5.708775313,5.328411794,4.696239151,3.905496625,4.859578106,4.141613376,4.743400084,5.28652395,6.177789228
1581,5.708775313,5.328411794,4.696239151,3.905496625,4.859578106,4.141613376,4.743400084,5.28652395,6.177789228
1582,5.708775313,5.328411794,4.696239151,3.905496625,4.859578106,4.141613376,4.743400084,5.28652395,6.177789228
1583,5.708775313,5.328411794,4.696239151,3.905496625,4.859578106,4.141613376,4.743400084,5.28652395,6.177789228
1584,5.708775313,5.328411794,4.696239151,3.905496625,4.859578106,4.141613376,4.743400084,5.28652395,6.177789228
1585,5.708775313,5.328411794,4.696239151,3.905496625,4.859578106,4.141613376,4.743400084,5.28652395,6.177789228
1586,5.708775313,5.328411794,4.696239151,3.905496625,4.859578106,4.141613376,4.743400084,5.28652395,6.177789228
1587,5.708775313,5.328411794,4.696239151,3.905496625,4.859578106,4.141613376,4.743400084,5.28652395,6.177789228
1588,5.708775313,5.328411794,4.696239151,3.905496625,4.859578106,4.141613376,4.743400084,5.28652395,6.177789228
1589,5.708775313,5.328411794,4.696239151,3.905496625,4.859578106,4.141613376,4.743400084,5.28652395,6.177789228
1590,5.708775313,5.328411794,4.696239151,3.905496625,4.859578106,4.141613376,4.743400084,5.28652395,6.177789228
1591,5.708775313,5.328411794,4.696239151,3.905496625,4.859578106,4.141613376,4.743400084,5.28652395,6.177789228
1592,5.708775313,5.328411794,4.696239151,3.905496625,4.859578106,4.141613376,4.743400084,5.28652395,6.177789228
1593,5.708775313,5.328411794,4.696239151,3.905496625,4.859578106,4.141613376,4.743400084,5.28652395,6.177789228
1594,5.708775313,5.328411794,4.696239151,3.905496625,4.859578106,4.141613376,4.743400084,5.28652395,6.177789228
1595,5.708775313,5.328411794,4.696239151,3.905496625,4.859578106,4.141613376,4.743400084,5.28652395,6.177789228
1596,5.708775313,5.328411794,4.696239151,3.905496625,4.859578106,4.141613376,4.743400084,5.28652395,6.177789228
1597,5.708775313,5.328411794,4.696239151,3.905496625,4.859578106,4.141613376,4.743400084,5.28652395,6.177789228
1598,5.708775313,5.328411794,4.696239151,3.905496625,4.859578106,4.141613376,4.743400084,5.28652395,6.177789228
1599,5.708775313,5.328411794,4.696239151,3.905496625,4.859578106,4.141613376,4.743400084,5.28652395,6.177789228
1600,5.708775313,5.328411794,4.696239151,3.905496625,4.859578106,4.141613376,4.743400084,5.28652395,6.177789228
1601,5.708775313,5.328411794,4.696239151,3.905496625,4.859578106,4.141613376,4.743400084,5.28652395,6.177789228
1602,5.708775313,5.328411794,4.696239151,3.905496625,4.859578106,4.141613376,4.743400084,5.28652395,6.177789228
1603,5.708775313,5.328411794,4.696239151,3.905496625,4.859578106,4.141613376,4.743400084,5.28652395,6.177789228
1604,5.708775313,5.328411794,4.696239151,3.905496625,4.859578106,4.141613376,4.743400084,5.28652395,6.177789228
1605,5.708775313,5.328411794,4.696239151,3.905496625,4.859578106,4.141613376,4.743400084,5.28652395,6.177789228
1606,5.708775313,5.328411794,4.696239151,3.905496625,4.859578106,4.141613376,4.743400084,5.28652395,6.177789228
1607,5.708775313,5.328411794,4.696239151,3.905496625,4.859578106,4.141613376,4.743400084,5.28652395,6.177789228
1608,5.708775313,5.328411794,4.696239151,3.905496625,4.859578106,4.141613376,4.743400084,5.28652395,6.177789228
1609,5.708775313,5.328411794,4.696239151,3.905496625,4.859578106,4.141613376,4.743400084,5.28652395,6.177789228
1610,5.708775313,5.328411794,4.696239151,3.905496625,4.859578106,4.141613376,4.743400084,5.28652395,6.177789228
1611,5.708775313,5.328411794,4.696239151,3.905496625,4.859578106,4.141613376,4.743400084,5.28652395,6.177789228
1612,5.708775313,5.328411794,4.696239151,3.905496625,4.859578106,4.141613376,4.743400084,5.28652395,6.177789228
1613,5.708775313,5.328411794,4.696239151,3.905496625,4.859578106,4.141613376,4.743400084,5.28652395,6.177789228
1614,5.708775313,5.328411794,4.696239151,3.905496625,4.859578106,4.141613376,4.743400084,5.28652395,6.177789228
1615,5.708775313,5.328411794,4.696239151,3.905496625,4.859578106,4.141613376,4.743400084,5.28652395,6.177789228
1616,5.708775313,5.328411794,4.696239151,3.905496625,4.859578106,4.141613376,4.743400084,5.28652395,6.177789228
1617,5.708775313,5.328411794,4.696239151,3.905496625,4.859578106,4.141613376,4.743400084,5.28652395,6.177789228
1618,5.708775313,5.328411794,4.696239151,3.905496625,4.859578106,4.141613376,4.743400084,5.28652395,6.177789228
1619,5.708775313,5.328411794,4.696239151,3.905496625,4.859578106,4.141613376,4.743400084,5.28652395,6.177789228
1620,5.708775313,5.328411794,4.696239151,3.905496625,4.859578106,4.141613376,4.743400084,5.28652395,6.177789228
1621,5.708775313,5.328411794,4.696239151,3.905496625,4.859578106,4.141613376,4.743400084,5.28652395,6.177789228
1622,5.708775313,5.328411794,4.696239151,3.905496625,4.859578106,4.141613376,4.743400084,5.28652395,6.177789228
1623,5.708775313,5.328411794,4.696239151,3.905496625,4.859578106,4.141613376,4.743400084,5.28652395,6.177789228
1624,5.708775313,5.328411794,4.696239151,3.905496625,4.859578106,4.141613376,4.743400084,5.28652395,6.177789228
1625,5.708775313,5.328411794,4.696239151,3.905496625,4.859578106,4.141613376,4.743400084,5.28652395,6.177789228
1626,5.708775313,5.328411794,4.696239151,3.905496625,4.859578106,4.141613376,4.743400084,5.28652395,6.177789228
1627,5.708775313,5.328411794,4.696239151,3.905496625,4.859578106,4.141613376,4.743400084,5.28652395,6.177789228
1628,5.708775313,5.328411794,4.696239151,3.905496625,4.859578106,4.141613376,4.743400084,5.28652395,6.177789228
1629,5.708775313,5.328411794,4.696239151,3.905496625,4.859578106,4.141613376,4.743400084,5.28652395,6.177789228
1630,5.708775313,5.328411794,4.696239151,3.905496625,4.859578106,4.141613376,4.743400084,5.28652395,6.177789228
1631,5.708775313,5.328411794,4.696239151,3.905496625,4.859578106,4.141613376,4.743400084,5.28652395,6.177789228
1632,5.708775313,5.328411794,4.696239151,3.905496625,4.859578106,4.141613376,4.743400084,5.28652395,6.177789228
1633,5.708775313,5.328411794,4.696239151,3.905496625,4.859578106,4.141613376,4.743400084,5.28652395,6.177789228
1634,5.708775313,5.328411794,4.696239151,3.905496625,4.859578106,4.141613376,4.743400084,5.28652395,6.177789228
1635,5.708775313,5.328411794,4.696239151,3.905496625,4.859578106,4.141613376,4.743400084,5.28652395,6.177789228
1636,5.708775313,5.328411794,4.696239151,3.905496625,4.859578106,4.141613376,4.743400084,5.28652395,6.177789228
1637,5.708775313,5.328411794,4.696239151,3.905496625,4.859578106,4.141613376,4.743400084,5.28652395,6.177789228
1638,5.708775313,5.328411794,4.696239151,3.905496625,4.859578106,4.141613376,4.743400084,5.28652395,6.177789228
1639,5.708775313,5.328411794,4.696239151,3.905496625,4.859578106,4.141613376,4.743400084,5.28652395,6.177789228
1640,5.708775313,5.328411794,4.696239151,3.905496625,4.859578106,4.141613376,4.743400084,5.28652395,6.177789228
1641,5.708775313,5.328411794,4.696239151,3.905496625,4.859578106,4.141613376,4.743400084,5.28652395,6.177789228
1642,5.708775313,5.328411794,4.696239151,3.905496625,4.859578106,4.141613376,4.743400084,5.28652395,6.177789228
1643,5.708775313,5.328411794,4.696239151,3.905496625,4.859578106,4.141613376,4.743400084,5.28652395,6.177789228
1644,5.708775313,5.328411794,4.696239151,3.905496625,4.859578106,4.141613376,4.743400084,5.28652395,6.177789228
1645,5.708775313,5.328411794,4.696239151,3.905496625,4.859578106,4.141613376,4.743400084,5.28652395,6.177789228
1646,5.708775313,5.328411794,4.696239151,3.905496625,4.859578106,4.141613376,4.743400084,5.28652395,6.177789228
1647,5.708775313,5.328411794,4.696239151,3.905496625,4.859578106,4.141613376,4.743400084,5.28652395,6.177789228
1648,5.708775313,5.328411794,4.696239151,3.905496625,4.859578106,4.141613376,4.743400084,5.28652395,6.177789228
1649,5.708775313,5.328411794,4.696239151,3.905496625,4.859578106,4.141613376,4.743400084,5.28652395,6.177789228
1650,5.708775313,5.328411794,4.696239151,3.905496625,4.859578106,4.141613376,4.743400084,5.28652395,6.177789228
1651,5.708775313,5.328411794,4.696239151,3.905496625,4.859578106,4.141613376,4.743400084,5.28652395,6.177789228
1652,5.708775313,5.328411794,4.696239151,3.905496625,4.859578106,4.141613376,4.743400084,5.28652395,6.177789228
1653,5.708775313,5.328411794,4.696239151,3.905496625,4.859578106,4.141613376,4.743400084,5.28652395,6.177789228
1654,5.708775313,5.328411794,4.696239151,3.905496625,4.859578106,4.141613376,4.743400084,5.28652395,6.177789228
1655,5.708775313,5.328411794,4.696239151,3.905496625,4.859578106,4.141613376,4.743400084,5.28652395,6.177789228
1656,5.708775313,5.328411794,4.696239151,3.905496625,4.859578106,4.141613376,4.743400084,5.28652395,6.177789228
1657,5.708775313,5.328411794,4.696239151,3.905496625,4.859578106,4.141613376,4.743400084,5.28652395,6.177789228
1658,5.708775313,5.328411794,4.696239151,3.905496625,4.859578106,4.141613376,4.743400084,5.28652395,6.177789228
1659,5.708775313,5.328411794,4.696239151,3.905496625,4.859578106,4.141613376,4.743400084,5.28652395,6.177789228
1660,5.708775313,5.328411794,4.696239151,3.905496625,4.859578106,4.141613376,4.743400084,5.28652395,6.177789228
1661,5.708775313,5.328411794,4.696239151,3.905496625,4.859578106,4.141613376,4.743400084,5.28652395,6.177789228
1662,5.708775313,5.328411794,4.696239151,3.905496625,4.859578106,4.141613376,4.743400084,5.28652395,6.177789228
1663,5.708775313,5.328411794,4.696239151,3.905496625,4.859578106,4.141613376,4.743400084,5.28652395,6.177789228
1664,5.708775313,5.328411794,4.696239151,3.905496625,4.859578106,4.141613376,4.743400084,5.28652395,6.177789228
1665,5.708775313,5.328411794,4.696239151,3.905496625,4.859578106,4.141613376,4.743400084,5.28652395,6.177789228
1666,5.708775313,5.328411794,4.696239151,3.905496625,4.859578106,4.141613376,4.743400084,5.28652395,6.177789228
1667,5.708775313,5.328411794,4.696239151,3.905496625,4.859578106,4.141613376,4.743400084,5.28652395,6.177789228
1668,5.708775313,5.328411794,4.696239151,3.905496625,4.859578106,4.141613376,4.743400084,5.28652395,6.177789228
1669,5.708775313,5.328411794,4.696239151,3.905496625,4.859578106,4.141613376,4.743400084,5.28652395,6.177789228
1670,5.708775313,5.328411794,4.696239151,3.905496625,4.859578106,4.141613376,4.743400084,5.28652395,6.177789228
1671,5.708775313,5.328411794,4.696239151,3.905496625,4.859578106,4.141613376,4.743400084,5.28652395,6.177789228
1672,5.708775313,5.328411794,4.696239151,3.905496625,4.859578106,4.141613376,4.743400084,5.28652395,6.177789228
1673,5.708775313,5.328411794,4.696239151,3.905496625,4.859578106,4.141613376,4.743400084,5.28652395,6.177789228
1674,5.708775313,5.328411794,4.696239151,3.905496625,4.859578106,4.141613376,4.743400084,5.28652395,6.177789228
1675,5.708775313,5.328411794,4.696239151,3.905496625,4.859578106,4.141613376,4.743400084,5.28652395,6.177789228
1676,5.708775313,5.328411794,4.696239151,3.905496625,4.859578106,4.141613376,4.743400084,5.28652395,6.177789228
1677,5.708775313,5.328411794,4.696239151,3.905496625,4.859578106,4.141613376,4.743400084,5.28652395,6.177789228
1678,5.708775313,5.328411794,4.696239151,3.905496625,4.859578106,4.141613376,4.743400084,5.28652395,6.177789228
1679,5.708775313,5.328411794,4.696239151,3.905496625,4.859578106,4.141613376,4.743400084,5.28652395,6.177789228
1680,5.708775313,5.328411794,4.696239151,3.905496625,4.859578106,4.141613376,4.743400084,5.28652395,6.177789228
1681,5.708775313,5.328411794,4.696239151,3.905496625,4.859578106,4.141613376,4.743400084,5.28652395,6.177789228
1682,5.708775313,5.328411794,4.696239151,3.905496625,4.859578106,4.141613376,4.743400084,5.28652395,6.177789228
1683,5.708775313,5.328411794,4.696239151,3.905496625,4.859578106,4.141613376,4.743400084,5.28652395,6.177789228
1684,5.708775313,5.328411794,4.696239151,3.905496625,4.859578106,4.141613376,4.743400084,5.28652395,6.177789228
1685,5.708775313,5.328411794,4.696239151,3.905496625,4.859578106,4.141613376,4.743400084,5.28652395,6.177789228
1686,5.708775313,5.328411794,4.696239151,3.905496625,4.859578106,4.141613376,4.743400084,5.28652395,6.177789228
1687,5.708775313,5.328411794,4.696239151,3.905496625,4.859578106,4.141613376,4.743400084,5.28652395,6.177789228
1688,5.708775313,5.328411794,4.696239151,3.905496625,4.859578106,4.141613376,4.743400084,5.28652395,6.177789228
1689,5.708775313,5.328411794,4.696239151,3.905496625,4.859578106,4.141613376,4.743400084,5.28652395,6.177789228
1690,5.708775313,5.328411794,4.696239151,3.905496625,4.859578106,4.141613376,4.743400084,5.28652395,6.177789228
1691,5.708775313,5.328411794,4.696239151,3.905496625,4.859578106,4.141613376,4.743400084,5.28652395,6.177789228
1692,5.708775313,5.328411794,4.696239151,3.905496625,4.859578106,4.141613376,4.743400084,5.28652395,6.177789228
1693,5.708775313,5.328411794,4.696239151,3.905496625,4.859578106,4.141613376,4.743400084,5.28652395,6.177789228
1694,5.708775313,5.328411794,4.696239151,3.905496625,4.859578106,4.141613376,4.743400084,5.28652395,6.177789228
1695,5.708775313,5.328411794,4.696239151,3.905496625,4.859578106,4.141613376,4.743400084,5.28652395,6.177789228
1696,5.708775313,5.328411794,4.696239151,3.905496625,4.859578106,4.141613376,4.743400084,5.28652395,6.177789228
1697,5.708775313,5.328411794,4.696239151,3.905496625,4.859578106,4.141613376,4.743400084,5.28652395,6.177789228
1698,5.708775313,5.328411794,4.696239151,3.905496625,4.859578106,4.141613376,4.743400084,5.28652395,6.177789228
1699,5.708775313,5.328411794,4.696239151,3.905496625,4.859578106,4.141613376,4.743400084,5.28652395,6.177789228
1700,5.708775313,5.328411794,4.696239151,3.905496625,4.859578106,4.141613376,4.743400084,5.28652395,6.177789228
1701,5.708775313,5.328411794,4.696239151,3.905496625,4.859578106,4.141613376,4.743400084,5.28652395,6.177789228
1702,5.708775313,5.328411794,4.696239151,3.905496625,4.859578106,4.141613376,4.743400084,5.28652395,6.177789228
1703,5.708775313,5.328411794,4.696239151,3.905496625,4.859578106,4.141613376,4.743400084,5.28652395,6.177789228
1704,5.708775313,5.328411794,4.696239151,3.905496625,4.859578106,4.141613376,4.743400084,5.28652395,6.177789228
1705,5.708775313,5.328411794,4.696239151,3.905496625,4.859578106,4.141613376,4.743400084,5.28652395,6.177789228
1706,5.708775313,5.328411794,4.696239151,3.905496625,4.859578106,4.141613376,4.743400084,5.28652395,6.177789228
1707,5.708775313,5.328411794,4.696239151,3.905496625,4.859578106,4.141613376,4.743400084,5.28652395,6.177789228
1708,5.708775313,5.328411794,4.696239151,3.905496625,4.859578106,4.141613376,4.743400084,5.28652395,6.177789228
1709,5.708775313,5.328411794,4.696239151,3.905496625,4.859578106,4.141613376,4.743400084,5.28652395,6.177789228
1710,5.708775313,5.328411794,4.696239151,3.905496625,4.859578106,4.141613376,4.743400084,5.28652395,6.177789228
1711,5.708775313,5.328411794,4.696239151,3.905496625,4.859578106,4.141613376,4.743400084,5.28652395,6.177789228
1712,5.708775313,5.328411794,4.696239151,3.905496625,4.859578106,4.141613376,4.743400084,5.28652395,6.177789228
1713,5.708775313,5.328411794,4.696239151,3.905496625,4.859578106,4.141613376,4.743400084,5.28652395,6.177789228
1714,5.708775313,5.328411794,4.696239151,3.905496625,4.859578106,4.141613376,4.743400084,5.28652395,6.177789228
1715,5.708775313,5.328411794,4.696239151,3.905496625,4.859578106,4.141613376,4.743400084,5.28652395,6.177789228
1716,5.708775313,5.328411794,4.696239151,3.905496625,4.859578106,4.141613376,4.743400084,5.28652395,6.177789228
1717,5.708775313,5.328411794,4.696239151,3.905496625,4.859578106,4.141613376,4.743400084,5.28652395,6.177789228
1718,5.708775313,5.328411794,4.696239151,3.905496625,4.859578106,4.141613376,4.743400084,5.28652395,6.177789228
1719,5.708775313,5.328411794,4.696239151,3.905496625,4.859578106,4.141613376,4.743400084,5.28652395,6.177789228
1720,5.708775313,5.328411794,4.696239151,3.905496625,4.859578106,4.141613376,4.743400084,5.28652395,6.177789228
1721,5.708775313,5.328411794,4.696239151,3.905496625,4.859578106,4.141613376,4.743400084,5.28652395,6.177789228
1722,5.708775313,5.328411794,4.696239151,3.905496625,4.859578106,4.141613376,4.743400084,5.28652395,6.177789228
1723,5.708775313,5.328411794,4.696239151,3.905496625,4.859578106,4.141613376,4.743400084,5.28652395,6.177789228
1724,5.708775313,5.328411794,4.696239151,3.905496625,4.859578106,4.141613376,4.743400084,5.28652395,6.177789228
1725,5.708775313,5.328411794,4.696239151,3.905496625,4.859578106,4.141613376,4.743400084,5.28652395,6.177789228
1726,5.708775313,5.328411794,4.696239151,3.905496625,4.859578106,4.141613376,4.743400084,5.28652395,6.177789228
1727,5.708775313,5.328411794,4.696239151,3.905496625,4.859578106,4.141613376,4.743400084,5.28652395,6.177789228
1728,5.708775313,5.328411794,4.696239151,3.905496625,4.859578106,4.141613376,4.743400084,5.28652395,6.177789228
1729,5.708775313,5.328411794,4.696239151,3.905496625,4.859578106,4.141613376,4.743400084,5.28652395,6.177789228
1730,5.708775313,5.328411794,4.696239151,3.905496625,4.859578106,4.141613376,4.743400084,5.28652395,6.177789228
1731,5.708775313,5.328411794,4.696239151,3.905496625,4.859578106,4.141613376,4.743400084,5.28652395,6.177789228
1732,5.708775313,5.328411794,4.696239151,3.905496625,4.859578106,4.141613376,4.743400084,5.28652395,6.177789228
1733,5.708775313,5.328411794,4.696239151,3.905496625,4.859578106,4.141613376,4.743400084,5.28652395,6.177789228
1734,5.708775313,5.328411794,4.696239151,3.905496625,4.859578106,4.141613376,4.743400084,5.28652395,6.177789228
1735,5.708775313,5.328411794,4.696239151,3.905496625,4.859578106,4.141613376,4.743400084,5.28652395,6.177789228
1736,5.708775313,5.328411794,4.696239151,3.905496625,4.859578106,4.141613376,4.743400084,5.28652395,6.177789228
1737,5.708775313,5.328411794,4.696239151,3.905496625,4.859578106,4.141613376,4.743400084,5.28652395,6.177789228
1738,5.708775313,5.328411794,4.696239151,3.905496625,4.859578106,4.141613376,4.743400084,5.28652395,6.177789228
1739,5.708775313,5.328411794,4.696239151,3.905496625,4.859578106,4.141613376,4.743400084,5.28652395,6.177789228
1740,5.708775313,5.328411794,4.696239151,3.905496625,4.859578106,4.141613376,4.743400084,5.28652395,6.177789228
1741,5.708775313,5.328411794,4.696239151,3.905496625,4.859578106,4.141613376,4.743400084,5.28652395,6.177789228
1742,5.708775313,5.328411794,4.696239151,3.905496625,4.859578106,4.141613376,4.743400084,5.28652395,6.177789228
1743,5.708775313,5.328411794,4.696239151,3.905496625,4.859578106,4.141613376,4.743400084,5.28652395,6.177789228
1744,5.708775313,5.328411794,4.696239151,3.905496625,4.859578106,4.141613376,4.743400084,5.28652395,6.177789228
1745,5.708775313,5.328411794,4.696239151,3.905496625,4.859578106,4.141613376,4.743400084,5.28652395,6.177789228
1746,5.708775313,5.328411794,4.696239151,3.905496625,4.859578106,4.141613376,4.743400084,5.28652395,6.177789228
1747,5.708775313,5.328411794,4.696239151,3.905496625,4.859578106,4.141613376,4.743400084,5.28652395,6.177789228
1748,5.708775313,5.328411794,4.696239151,3.905496625,4.859578106,4.141613376,4.743400084,5.28652395,6.177789228
1749,5.708775313,5.328411794,4.696239151,3.905496625,4.859578106,4.141613376,4.743400084,5.28652395,6.177789228
1750,5.708775313,5.328411794,4.696239151,3.905496625,4.859578106,4.141613376,4.743400084,5.28652395,6.177789228
1751,5.708775313,5.328411794,4.696239151,3.905496625,4.859578106,4.141613376,4.743400084,5.28652395,6.177789228
1752,5.708775313,5.328411794,4.696239151,3.905496625,4.859578106,4.141613376,4.743400084,5.28652395,6.177789228
1753,5.708775313,5.328411794,4.696239151,3.905496625,4.859578106,4.141613376,4.743400084,5.28652395,6.177789228
1754,5.708775313,5.328411794,4.696239151,3.905496625,4.859578106,4.141613376,4.743400084,5.28652395,6.177789228
1755,5.708775313,5.328411794,4.696239151,3.905496625,4.859578106,4.141613376,4.743400084,5.28652395,6.177789228
1756,5.708775313,5.328411794,4.696239151,3.905496625,4.859578106,4.141613376,4.743400084,5.28652395,6.177789228
1757,5.708775313,5.328411794,4.696239151,3.905496625,4.859578106,4.141613376,4.743400084,5.28652395,6.177789228
1758,5.708775313,5.328411794,4.696239151,3.905496625,4.859578106,4.141613376,4.743400084,5.28652395,6.177789228
1759,5.708775313,5.328411794,4.696239151,3.905496625,4.859578106,4.141613376,4.743400084,5.28652395,6.177789228
1760,5.708775313,5.328411794,4.696239151,3.905496625,4.859578106,4.141613376,4.743400084,5.28652395,6.177789228
1761,5.708775313,5.328411794,4.696239151,3.905496625,4.859578106,4.141613376,4.743400084,5.28652395,6.177789228
1762,5.708775313,5.328411794,4.696239151,3.905496625,4.859578106,4.141613376,4.743400084,5.28652395,6.177789228
1763,5.708775313,5.328411794,4.696239151,3.905496625,4.859578106,4.141613376,4.743400084,5.28652395,6.177789228
1764,5.708775313,5.328411794,4.696239151,3.905496625,4.859578106,4.141613376,4.743400084,5.28652395,6.177789228
1765,5.708775313,5.328411794,4.696239151,3.905496625,4.859578106,4.141613376,4.743400084,5.28652395,6.177789228
1766,5.708775313,5.328411794,4.696239151,3.905496625,4.859578106,4.141613376,4.743400084,5.28652395,6.177789228
1767,5.708775313,5.328411794,4.696239151,3.905496625,4.859578106,4.141613376,4.743400084,5.28652395,6.177789228
1768,5.708775313,5.328411794,4.696239151,3.905496625,4.859578106,4.141613376,4.743400084,5.28652395,6.177789228
1769,5.708775313,5.328411794,4.696239151,3.905496625,4.859578106,4.141613376,4.743400084,5.28652395,6.177789228
1770,5.708775313,5.328411794,4.696239151,3.905496625,4.859578106,4.141613376,4.743400084,5.28652395,6.177789228
1771,5.708775313,5.328411794,4.696239151,3.905496625,4.859578106,4.141613376,4.743400084,5.28652395,6.177789228
1772,5.708775313,5.328411794,4.696239151,3.905496625,4.859578106,4.141613376,4.743400084,5.28652395,6.177789228
1773,5.708775313,5.328411794,4.696239151,3.905496625,4.859578106,4.141613376,4.743400084,5.28652395,6.177789228
1774,5.708775313,5.328411794,4.696239151,3.905496625,4.859578106,4.141613376,4.743400084,5.28652395,6.177789228
1775,5.708775313,5.328411794,4.696239151,3.905496625,4.859578106,4.141613376,4.743400084,5.28652395,6.177789228
1776,5.708775313,5.328411794,4.696239151,3.905496625,4.859578106,4.141613376,4.743400084,5.28652395,6.177789228
1777,5.708775313,5.328411794,4.696239151,3.905496625,4.859578106,4.141613376,4.743400084,5.28652395,6.177789228
1778,5.708775313,5.328411794,4.696239151,3.905496625,4.859578106,4.141613376,4.743400084,5.28652395,6.177789228
1779,5.708775313,5.328411794,4.696239151,3.905496625,4.859578106,4.141613376,4.743400084,5.28652395,6.177789228
1780,5.708775313,5.328411794,4.696239151,3.905496625,4.859578106,4.141613376,4.743400084,5.28652395,6.177789228
1781,5.708775313,5.328411794,4.696239151,3.905496625,4.859578106,4.141613376,4.743400084,5.28652395,6.177789228
1782,5.708775313,5.328411794,4.696239151,3.905496625,4.859578106,4.141613376,4.743400084,5.28652395,6.177789228
1783,5.708775313,5.328411794,4.696239151,3.905496625,4.859578106,4.141613376,4.743400084,5.28652395,6.177789228
1784,5.708775313,5.328411794,4.696239151,3.905496625,4.859578106,4.141613376,4.743400084,5.28652395,6.177789228
1785,5.708775313,5.328411794,4.696239151,3.905496625,4.859578106,4.141613376,4.743400084,5.28652395,6.177789228
1786,5.708775313,5.328411794,4.696239151,3.905496625,4.859578106,4.141613376,4.743400084,5.28652395,6.177789228
1787,5.708775313,5.328411794,4.696239151,3.905496625,4.859578106,4.141613376,4.743400084,5.28652395,6.177789228
1788,5.708775313,5.328411794,4.696239151,3.905496625,4.859578106,4.141613376,4.743400084,5.28652395,6.177789228
1789,5.708775313,5.328411794,4.696239151,3.905496625,4.859578106,4.141613376,4.743400084,5.28652395,6.177789228
1790,5.708775313,5.328411794,4.696239151,3.905496625,4.859578106,4.141613376,4.743400084,5.28652395,6.177789228
1791,5.708775313,5.328411794,4.696239151,3.905496625,4.859578106,4.141613376,4.743400084,5.28652395,6.177789228
1792,5.708775313,5.328411794,4.696239151,3.905496625,4.859578106,4.141613376,4.743400084,5.28652395,6.177789228
1793,5.708775313,5.328411794,4.696239151,3.905496625,4.859578106,4.141613376,4.743400084,5.28652395,6.177789228
1794,5.708775313,5.328411794,4.696239151,3.905496625,4.859578106,4.141613376,4.743400084,5.28652395,6.177789228
1795,5.708775313,5.328411794,4.696239151,3.905496625,4.859578106,4.141613376,4.743400084,5.28652395,6.177789228
1796,5.708775313,5.328411794,4.696239151,3.905496625,4.859578106,4.141613376,4.743400084,5.28652395,6.177789228
1797,5.708775313,5.328411794,4.696239151,3.905496625,4.859578106,4.141613376,4.743400084,5.28652395,6.177789228
1798,5.708775313,5.328411794,4.696239151,3.905496625,4.859578106,4.141613376,4.743400084,5.28652395,6.177789228
1799,5.708775313,5.328411794,4.696239151,3.905496625,4.859578106,4.141613376,4.743400084,5.28652395,6.177789228
1800,5.708775313,5.328411794,4.696239151,3.905496625,4.859578106,4.141613376,4.743400084,5.28652395,6.177789228
1801,5.708775313,5.328411794,4.696239151,3.905496625,4.859578106,4.141613376,4.743400084,5.28652395,6.177789228
1802,5.708775313,5.328411794,4.696239151,3.905496625,4.859578106,4.141613376,4.743400084,5.28652395,6.177789228
1803,5.708775313,5.328411794,4.696239151,3.905496625,4.859578106,4.141613376,4.743400084,5.28652395,6.177789228
1804,5.708775313,5.328411794,4.696239151,3.905496625,4.859578106,4.141613376,4.743400084,5.28652395,6.177789228
1805,5.708775313,5.328411794,4.696239151,3.905496625,4.859578106,4.141613376,4.743400084,5.28652395,6.177789228
1806,5.708775313,5.328411794,4.696239151,3.905496625,4.859578106,4.141613376,4.743400084,5.28652395,6.177789228
1807,5.708775313,5.328411794,4.696239151,3.905496625,4.859578106,4.141613376,4.743400084,5.28652395,6.177789228
1808,5.708775313,5.328411794,4.696239151,3.905496625,4.859578106,4.141613376,4.743400084,5.28652395,6.177789228
1809,5.708775313,5.328411794,4.696239151,3.905496625,4.859578106,4.141613376,4.743400084,5.28652395,6.177789228
1810,5.708775313,5.328411794,4.696239151,3.905496625,4.859578106,4.141613376,4.743400084,5.28652395,6.177789228
1811,5.708775313,5.328411794,4.696239151,3.905496625,4.859578106,4.141613376,4.743400084,5.28652395,6.177789228
1812,5.708775313,5.328411794,4.696239151,3.905496625,4.859578106,4.141613376,4.743400084,5.28652395,6.177789228
1813,5.708775313,5.328411794,4.696239151,3.905496625,4.859578106,4.141613376,4.743400084,5.28652395,6.177789228
1814,5.708775313,5.328411794,4.696239151,3.905496625,4.859578106,4.141613376,4.743400084,5.28652395,6.177789228
1815,5.708775313,5.328411794,4.696239151,3.905496625,4.859578106,4.141613376,4.743400084,5.28652395,6.177789228
1816,5.708775313,5.328411794,4.696239151,3.905496625,4.859578106,4.141613376,4.743400084,5.28652395,6.177789228
1817,5.708775313,5.328411794,4.696239151,3.905496625,4.859578106,4.141613376,4.743400084,5.28652395,6.177789228
1818,5.708775313,5.328411794,4.696239151,3.905496625,4.859578106,4.141613376,4.743400084,5.28652395,6.177789228
1819,5.708775313,5.328411794,4.696239151,3.905496625,4.859578106,4.141613376,4.743400084,5.28652395,6.177789228
1820,5.708775313,5.328411794,4.696239151,3.905496625,4.859578106,4.141613376,4.743400084,5.28652395,6.177789228
1821,5.708775313,5.328411794,4.696239151,3.905496625,4.859578106,4.141613376,4.743400084,5.28652395,6.177789228
1822,5.708775313,5.328411794,4.696239151,3.905496625,4.859578106,4.141613376,4.743400084,5.28652395,6.177789228
1823,5.708775313,5.328411794,4.696239151,3.905496625,4.859578106,4.141613376,4.743400084,5.28652395,6.177789228
1824,5.708775313,5.328411794,4.696239151,3.905496625,4.859578106,4.141613376,4.743400084,5.28652395,6.177789228
1825,5.708775313,5.328411794,4.696239151,3.905496625,4.859578106,4.141613376,4.743400084,5.28652395,6.177789228
1826,5.708775313,5.328411794,4.696239151,3.905496625,4.859578106,4.141613376,4.743400084,5.28652395,6.177789228
1827,5.708775313,5.328411794,4.696239151,3.905496625,4.859578106,4.141613376,4.743400084,5.28652395,6.177789228
1828,5.708775313,5.328411794,4.696239151,3.905496625,4.859578106,4.141613376,4.743400084,5.28652395,6.177789228
1829,5.708775313,5.328411794,4.696239151,3.905496625,4.859578106,4.141613376,4.743400084,5.28652395,6.177789228
1830,5.708775313,5.328411794,4.696239151,3.905496625,4.859578106,4.141613376,4.743400084,5.28652395,6.177789228
1831,5.708775313,5.328411794,4.696239151,3.905496625,4.859578106,4.141613376,4.743400084,5.28652395,6.177789228
1832,5.708775313,5.328411794,4.696239151,3.905496625,4.859578106,4.141613376,4.743400084,5.28652395,6.177789228
1833,5.708775313,5.328411794,4.696239151,3.905496625,4.859578106,4.141613376,4.743400084,5.28652395,6.177789228
1834,5.708775313,5.328411794,4.696239151,3.905496625,4.859578106,4.141613376,4.743400084,5.28652395,6.177789228
1835,5.708775313,5.328411794,4.696239151,3.905496625,4.859578106,4.141613376,4.743400084,5.28652395,6.177789228
1836,5.708775313,5.328411794,4.696239151,3.905496625,4.859578106,4.141613376,4.743400084,5.28652395,6.177789228
1837,5.708775313,5.328411794,4.696239151,3.905496625,4.859578106,4.141613376,4.743400084,5.28652395,6.177789228
1838,5.708775313,5.328411794,4.696239151,3.905496625,4.859578106,4.141613376,4.743400084,5.28652395,6.177789228
1839,5.708775313,5.328411794,4.696239151,3.905496625,4.859578106,4.141613376,4.743400084,5.28652395,6.177789228
1840,5.708775313,5.328411794,4.696239151,3.905496625,4.859578106,4.141613376,4.743400084,5.28652395,6.177789228
1841,5.708775313,5.328411794,4.696239151,3.905496625,4.859578106,4.141613376,4.743400084,5.28652395,6.177789228
1842,5.708775313,5.328411794,4.696239151,3.905496625,4.859578106,4.141613376,4.743400084,5.28652395,6.177789228
1843,5.708775313,5.328411794,4.696239151,3.905496625,4.859578106,4.141613376,4.743400084,5.28652395,6.177789228
1844,5.708775313,5.328411794,4.696239151,3.905496625,4.859578106,4.141613376,4.743400084,5.28652395,6.177789228
1845,5.708775313,5.328411794,4.696239151,3.905496625,4.859578106,4.141613376,4.743400084,5.28652395,6.177789228
1846,5.708775313,5.328411794,4.696239151,3.905496625,4.859578106,4.141613376,4.743400084,5.28652395,6.177789228
1847,5.708775313,5.328411794,4.696239151,3.905496625,4.859578106,4.141613376,4.743400084,5.28652395,6.177789228
1848,5.708775313,5.328411794,4.696239151,3.905496625,4.859578106,4.141613376,4.743400084,5.28652395,6.177789228
1849,5.708775313,5.328411794,4.696239151,3.905496625,4.859578106,4.141613376,4.743400084,5.28652395,6.177789228
1850,5.708775313,5.328411794,4.696239151,3.905496625,4.859578106,4.141613376,4.743400084,5.28652395,6.177789228
1851,5.708775313,5.328411794,4.696239151,3.905496625,4.859578106,4.141613376,4.743400084,5.28652395,6.177789228
1852,5.708775313,5.328411794,4.696239151,3.905496625,4.859578106,4.141613376,4.743400084,5.28652395,6.177789228
1853,5.708775313,5.328411794,4.696239151,3.905496625,4.859578106,4.141613376,4.743400084,5.28652395,6.177789228
1854,5.708775313,5.328411794,4.696239151,3.905496625,4.859578106,4.141613376,4.743400084,5.28652395,6.177789228
1855,5.708775313,5.328411794,4.696239151,3.905496625,4.859578106,4.141613376,4.743400084,5.28652395,6.177789228
1856,5.708775313,5.328411794,4.696239151,3.905496625,4.859578106,4.141613376,4.743400084,5.28652395,6.177789228
1857,5.708775313,5.328411794,4.696239151,3.905496625,4.859578106,4.141613376,4.743400084,5.28652395,6.177789228
1858,5.708775313,5.328411794,4.696239151,3.905496625,4.859578106,4.141613376,4.743400084,5.28652395,6.177789228
1859,5.708775313,5.328411794,4.696239151,3.905496625,4.859578106,4.141613376,4.743400084,5.28652395,6.177789228
1860,5.708775313,5.328411794,4.696239151,3.905496625,4.859578106,4.141613376,4.743400084,5.28652395,6.177789228
1861,5.708775313,5.328411794,4.696239151,3.905496625,4.859578106,4.141613376,4.743400084,5.28652395,6.177789228
1862,5.708775313,5.328411794,4.696239151,3.905496625,4.859578106,4.141613376,4.743400084,5.28652395,6.177789228
1863,5.708775313,5.328411794,4.696239151,3.905496625,4.859578106,4.141613376,4.743400084,5.28652395,6.177789228
1864,5.708775313,5.328411794,4.696239151,3.905496625,4.859578106,4.141613376,4.743400084,5.28652395,6.177789228
1865,5.708775313,5.328411794,4.696239151,3.905496625,4.859578106,4.141613376,4.743400084,5.28652395,6.177789228
1866,5.708775313,5.328411794,4.696239151,3.905496625,4.859578106,4.141613376,4.743400084,5.28652395,6.177789228
1867,5.708775313,5.328411794,4.696239151,3.905496625,4.859578106,4.141613376,4.743400084,5.28652395,6.177789228
1868,5.708775313,5.328411794,4.696239151,3.905496625,4.859578106,4.141613376,4.743400084,5.28652395,6.177789228
1869,5.708775313,5.328411794,4.696239151,3.905496625,4.859578106,4.141613376,4.743400084,5.28652395,6.177789228
1870,5.708775313,5.328411794,4.696239151,3.905496625,4.859578106,4.141613376,4.743400084,5.28652395,6.177789228
1871,5.708775313,5.328411794,4.696239151,3.905496625,4.859578106,4.141613376,4.743400084,5.28652395,6.177789228
1872,5.708775313,5.328411794,4.696239151,3.905496625,4.859578106,4.141613376,4.743400084,5.28652395,6.177789228
1873,5.708775313,5.328411794,4.696239151,3.905496625,4.859578106,4.141613376,4.743400084,5.28652395,6.177789228
1874,5.708775313,5.328411794,4.696239151,3.905496625,4.859578106,4.141613376,4.743400084,5.28652395,6.177789228
1875,5.708775313,5.328411794,4.696239151,3.905496625,4.859578106,4.141613376,4.743400084,5.28652395,6.177789228
1876,5.708775313,5.328411794,4.696239151,3.905496625,4.859578106,4.141613376,4.743400084,5.28652395,6.177789228
1877,5.708775313,5.328411794,4.696239151,3.905496625,4.859578106,4.141613376,4.743400084,5.28652395,6.177789228
1878,5.708775313,5.328411794,4.696239151,3.905496625,4.859578106,4.141613376,4.743400084,5.28652395,6.177789228
1879,5.708775313,5.328411794,4.696239151,3.905496625,4.859578106,4.141613376,4.743400084,5.28652395,6.177789228
1880,5.708775313,5.328411794,4.696239151,3.905496625,4.859578106,4.141613376,4.743400084,5.28652395,6.177789228
1881,5.708775313,5.328411794,4.696239151,3.905496625,4.859578106,4.141613376,4.743400084,5.28652395,6.177789228
1882,5.708775313,5.328411794,4.696239151,3.905496625,4.859578106,4.141613376,4.743400084,5.28652395,6.177789228
1883,5.708775313,5.328411794,4.696239151,3.905496625,4.859578106,4.141613376,4.743400084,5.28652395,6.177789228
1884,5.708775313,5.328411794,4.696239151,3.905496625,4.859578106,4.141613376,4.743400084,5.28652395,6.177789228
1885,5.708775313,5.328411794,4.696239151,3.905496625,4.859578106,4.141613376,4.743400084,5.28652395,6.177789228
1886,5.708775313,5.328411794,4.696239151,3.905496625,4.859578106,4.141613376,4.743400084,5.28652395,6.177789228
1887,5.708775313,5.328411794,4.696239151,3.905496625,4.859578106,4.141613376,4.743400084,5.28652395,6.177789228
1888,5.708775313,5.328411794,4.696239151,3.905496625,4.859578106,4.141613376,4.743400084,5.28652395,6.177789228
1889,5.708775313,5.328411794,4.696239151,3.905496625,4.859578106,4.141613376,4.743400084,5.28652395,6.177789228
1890,5.708775313,5.328411794,4.696239151,3.905496625,4.859578106,4.141613376,4.743400084,5.28652395,6.177789228
1891,5.708775313,5.328411794,4.696239151,3.905496625,4.859578106,4.141613376,4.743400084,5.28652395,6.177789228
1892,5.708775313,5.328411794,4.696239151,3.905496625,4.859578106,4.141613376,4.743400084,5.28652395,6.177789228
1893,5.708775313,5.328411794,4.696239151,3.905496625,4.859578106,4.141613376,4.743400084,5.28652395,6.177789228
1894,5.708775313,5.328411794,4.696239151,3.905496625,4.859578106,4.141613376,4.743400084,5.28652395,6.177789228
1895,5.708775313,5.328411794,4.696239151,3.905496625,4.859578106,4.141613376,4.743400084,5.28652395,6.177789228
1896,5.708775313,5.328411794,4.696239151,3.905496625,4.859578106,4.141613376,4.743400084,5.28652395,6.177789228
1897,5.708775313,5.328411794,4.696239151,3.905496625,4.859578106,4.141613376,4.743400084,5.28652395,6.177789228
1898,5.708775313,5.328411794,4.696239151,3.905496625,4.859578106,4.141613376,4.743400084,5.28652395,6.177789228
1899,5.708775313,5.328411794,4.696239151,3.905496625,4.859578106,4.141613376,4.743400084,5.28652395,6.177789228
1900,5.708775313,5.328411794,4.696239151,3.905496625,4.859578106,4.141613376,4.743400084,5.28652395,6.177789228
1901,5.708775313,5.328411794,4.696239151,3.905496625,4.859578106,4.141613376,4.743400084,5.28652395,6.177789228
1902,5.708775313,5.328411794,4.696239151,3.905496625,4.859578106,4.141613376,4.743400084,5.28652395,6.177789228
1903,5.708775313,5.328411794,4.696239151,3.905496625,4.859578106,4.141613376,4.743400084,5.28652395,6.177789228
1904,5.708775313,5.328411794,4.696239151,3.905496625,4.859578106,4.141613376,4.743400084,5.28652395,6.177789228
1905,5.708775313,5.328411794,4.696239151,3.905496625,4.859578106,4.141613376,4.743400084,5.28652395,6.177789228
1906,5.708775313,5.328411794,4.696239151,3.905496625,4.859578106,4.141613376,4.743400084,5.28652395,6.177789228
1907,5.708775313,5.328411794,4.696239151,3.905496625,4.859578106,4.141613376,4.743400084,5.28652395,6.177789228
1908,5.708775313,5.328411794,4.696239151,3.905496625,4.859578106,4.141613376,4.743400084,5.28652395,6.177789228
1909,5.708775313,5.328411794,4.696239151,3.905496625,4.859578106,4.141613376,4.743400084,5.28652395,6.177789228
1910,5.708775313,5.328411794,4.696239151,3.905496625,4.859578106,4.141613376,4.743400084,5.28652395,6.177789228
1911,5.708775313,5.328411794,4.696239151,3.905496625,4.859578106,4.141613376,4.743400084,5.28652395,6.177789228
1912,5.708775313,5.328411794,4.696239151,3.905496625,4.859578106,4.141613376,4.743400084,5.28652395,6.177789228
1913,5.708775313,5.328411794,4.696239151,3.905496625,4.859578106,4.141613376,4.743400084,5.28652395,6.177789228
1914,5.708775313,5.328411794,4.696239151,3.905496625,4.859578106,4.141613376,4.743400084,5.28652395,6.177789228
1915,5.708775313,5.328411794,4.696239151,3.905496625,4.859578106,4.141613376,4.743400084,5.28652395,6.177789228
1916,5.708775313,5.328411794,4.696239151,3.905496625,4.859578106,4.141613376,4.743400084,5.28652395,6.177789228
1917,5.708775313,5.328411794,4.696239151,3.905496625,4.859578106,4.141613376,4.743400084,5.28652395,6.177789228
1918,5.708775313,5.328411794,4.696239151,3.905496625,4.859578106,4.141613376,4.743400084,5.28652395,6.177789228
1919,5.708775313,5.328411794,4.696239151,3.905496625,4.859578106,4.141613376,4.743400084,5.28652395,6.177789228
1920,5.708775313,5.328411794,4.696239151,3.905496625,4.859578106,4.141613376,4.743400084,5.28652395,6.177789228
1921,5.708775313,5.328411794,4.696239151,3.905496625,4.859578106,4.141613376,4.743400084,5.28652395,6.177789228
1922,5.708775313,5.328411794,4.696239151,3.905496625,4.859578106,4.141613376,4.743400084,5.28652395,6.177789228
1923,5.708775313,5.328411794,4.696239151,3.905496625,4.859578106,4.141613376,4.743400084,5.28652395,6.177789228
1924,5.708775313,5.328411794,4.696239151,3.905496625,4.859578106,4.141613376,4.743400084,5.28652395,6.177789228
1925,5.708775313,5.328411794,4.696239151,3.905496625,4.859578106,4.141613376,4.743400084,5.28652395,6.177789228
1926,5.708775313,5.328411794,4.696239151,3.905496625,4.859578106,4.141613376,4.743400084,5.28652395,6.177789228
1927,5.708775313,5.328411794,4.696239151,3.905496625,4.859578106,4.141613376,4.743400084,5.28652395,6.177789228
1928,5.708775313,5.328411794,4.696239151,3.905496625,4.859578106,4.141613376,4.743400084,5.28652395,6.177789228
1929,5.708775313,5.328411794,4.696239151,3.905496625,4.859578106,4.141613376,4.743400084,5.28652395,6.177789228
1930,5.708775313,5.328411794,4.696239151,3.905496625,4.859578106,4.141613376,4.743400084,5.28652395,6.177789228
1931,5.708775313,5.328411794,4.696239151,3.905496625,4.859578106,4.141613376,4.743400084,5.28652395,6.177789228
1932,5.708775313,5.328411794,4.696239151,3.905496625,4.859578106,4.141613376,4.743400084,5.28652395,6.177789228
1933,5.708775313,5.328411794,4.696239151,3.905496625,4.859578106,4.141613376,4.743400084,5.28652395,6.177789228
1934,5.708775313,5.328411794,4.696239151,3.905496625,4.859578106,4.141613376,4.743400084,5.28652395,6.177789228
1935,5.708775313,5.328411794,4.696239151,3.905496625,4.859578106,4.141613376,4.743400084,5.28652395,6.177789228
1936,5.708775313,5.328411794,4.696239151,3.905496625,4.859578106,4.141613376,4.743400084,5.28652395,6.177789228
1937,5.708775313,5.328411794,4.696239151,3.905496625,4.859578106,4.141613376,4.743400084,5.28652395,6.177789228
1938,5.708775313,5.328411794,4.696239151,3.905496625,4.859578106,4.141613376,4.743400084,5.28652395,6.177789228
1939,5.708775313,5.328411794,4.696239151,3.905496625,4.859578106,4.141613376,4.743400084,5.28652395,6.177789228
1940,5.708775313,5.328411794,4.696239151,3.905496625,4.859578106,4.141613376,4.743400084,5.28652395,6.177789228
1941,5.708775313,5.328411794,4.696239151,3.905496625,4.859578106,4.141613376,4.743400084,5.28652395,6.177789228
1942,5.708775313,5.328411794,4.696239151,3.905496625,4.859578106,4.141613376,4.743400084,5.28652395,6.177789228
1943,5.708775313,5.328411794,4.696239151,3.905496625,4.859578106,4.141613376,4.743400084,5.28652395,6.177789228
1944,5.708775313,5.328411794,4.696239151,3.905496625,4.859578106,4.141613376,4.743400084,5.28652395,6.177789228
1945,5.708775313,5.328411794,4.696239151,3.905496625,4.859578106,4.141613376,4.743400084,5.28652395,6.177789228
1946,5.708775313,5.328411794,4.696239151,3.905496625,4.859578106,4.141613376,4.743400084,5.28652395,6.177789228
1947,5.708775313,5.328411794,4.696239151,3.905496625,4.859578106,4.141613376,4.743400084,5.28652395,6.177789228
1948,5.708775313,5.328411794,4.696239151,3.905496625,4.859578106,4.141613376,4.743400084,5.28652395,6.177789228
1949,5.708775313,5.328411794,4.696239151,3.905496625,4.859578106,4.141613376,4.743400084,5.28652395,6.177789228
1950,5.708775313,5.328411794,4.696239151,3.905496625,4.859578106,4.141613376,4.743400084,5.28652395,6.177789228
1951,5.708775313,5.328411794,4.696239151,3.905496625,4.859578106,4.141613376,4.743400084,5.28652395,6.177789228
1952,5.708775313,5.328411794,4.696239151,3.905496625,4.859578106,4.141613376,4.743400084,5.28652395,6.177789228
1953,5.708775313,5.328411794,4.696239151,3.905496625,4.859578106,4.141613376,4.743400084,5.28652395,6.177789228
1954,5.708775313,5.328411794,4.696239151,3.905496625,4.859578106,4.141613376,4.743400084,5.28652395,6.177789228
1955,5.708775313,5.328411794,4.696239151,3.905496625,4.859578106,4.141613376,4.743400084,5.28652395,6.177789228
1956,5.708775313,5.328411794,4.696239151,3.905496625,4.859578106,4.141613376,4.743400084,5.28652395,6.177789228
1957,5.708775313,5.328411794,4.696239151,3.905496625,4.859578106,4.141613376,4.743400084,5.28652395,6.177789228
1958,5.708775313,5.328411794,4.696239151,3.905496625,4.859578106,4.141613376,4.743400084,5.28652395,6.177789228
1959,5.708775313,5.328411794,4.696239151,3.905496625,4.859578106,4.141613376,4.743400084,5.28652395,6.177789228
1960,5.708775313,5.328411794,4.696239151,3.905496625,4.859578106,4.141613376,4.743400084,5.28652395,6.177789228
1961,5.708775313,5.328411794,4.696239151,3.905496625,4.859578106,4.141613376,4.743400084,5.28652395,6.177789228
1962,5.708775313,5.328411794,4.696239151,3.905496625,4.859578106,4.141613376,4.743400084,5.28652395,6.177789228
1963,5.708775313,5.328411794,4.696239151,3.905496625,4.859578106,4.141613376,4.743400084,5.28652395,6.177789228
1964,5.708775313,5.328411794,4.696239151,3.905496625,4.859578106,4.141613376,4.743400084,5.28652395,6.177789228
1965,5.708775313,5.328411794,4.696239151,3.905496625,4.859578106,4.141613376,4.743400084,5.28652395,6.177789228
1966,5.708775313,5.328411794,4.696239151,3.905496625,4.859578106,4.141613376,4.743400084,5.28652395,6.177789228
1967,5.708775313,5.328411794,4.696239151,3.905496625,4.859578106,4.141613376,4.743400084,5.28652395,6.177789228
1968,5.708775313,5.328411794,4.696239151,3.905496625,4.859578106,4.141613376,4.743400084,5.28652395,6.177789228
1969,5.708775313,5.328411794,4.696239151,3.905496625,4.859578106,4.141613376,4.743400084,5.28652395,6.177789228
1970,5.708775313,5.328411794,4.696239151,3.905496625,4.859578106,4.141613376,4.743400084,5.28652395,6.177789228
1971,5.708775313,5.328411794,4.696239151,3.905496625,4.859578106,4.141613376,4.743400084,5.28652395,6.177789228
1972,5.708775313,5.328411794,4.696239151,3.905496625,4.859578106,4.141613376,4.743400084,5.28652395,6.177789228
1973,5.708775313,5.328411794,4.696239151,3.905496625,4.859578106,4.141613376,4.743400084,5.28652395,6.177789228
1974,5.708775313,5.328411794,4.696239151,3.905496625,4.859578106,4.141613376,4.743400084,5.28652395,6.177789228
1975,5.708775313,5.328411794,4.696239151,3.905496625,4.859578106,4.141613376,4.743400084,5.28652395,6.177789228
1976,5.708775313,5.328411794,4.696239151,3.905496625,4.859578106,4.141613376,4.743400084,5.28652395,6.177789228
1977,5.708775313,5.328411794,4.696239151,3.905496625,4.859578106,4.141613376,4.743400084,5.28652395,6.177789228
1978,5.708775313,5.328411794,4.696239151,3.905496625,4.859578106,4.141613376,4.743400084,5.28652395,6.177789228
1979,5.708775313,5.328411794,4.696239151,3.905496625,4.859578106,4.141613376,4.743400084,5.28652395,6.177789228
1980,5.708775313,5.328411794,4.696239151,3.905496625,4.859578106,4.141613376,4.743400084,5.28652395,6.177789228
1981,5.708775313,5.328411794,4.696239151,3.905496625,4.859578106,4.141613376,4.743400084,5.28652395,6.177789228
1982,5.708775313,5.328411794,4.696239151,3.905496625,4.859578106,4.141613376,4.743400084,5.28652395,6.177789228
1983,5.708775313,5.328411794,4.696239151,3.905496625,4.859578106,4.141613376,4.743400084,5.28652395,6.177789228
1984,5.708775313,5.328411794,4.696239151,3.905496625,4.859578106,4.141613376,4.743400084,5.28652395,6.177789228
1985,5.708775313,5.328411794,4.696239151,3.905496625,4.859578106,4.141613376,4.743400084,5.28652395,6.177789228
1986,5.708775313,5.328411794,4.696239151,3.905496625,4.859578106,4.141613376,4.743400084,5.28652395,6.177789228
1987,5.708775313,5.328411794,4.696239151,3.905496625,4.859578106,4.141613376,4.743400084,5.28652395,6.177789228
1988,5.708775313,5.328411794,4.696239151,3.905496625,4.859578106,4.141613376,4.743400084,5.28652395,6.177789228
1989,5.708775313,5.328411794,4.696239151,3.905496625,4.859578106,4.141613376,4.743400084,5.28652395,6.177789228
1990,5.708775313,5.328411794,4.696239151,3.905496625,4.859578106,4.141613376,4.743400084,5.28652395,6.177789228
1991,5.708775313,5.328411794,4.696239151,3.905496625,4.859578106,4.141613376,4.743400084,5.28652395,6.177789228
1992,5.708775313,5.328411794,4.696239151,3.905496625,4.859578106,4.141613376,4.743400084,5.28652395,6.177789228
1993,5.708775313,5.328411794,4.696239151,3.905496625,4.859578106,4.141613376,4.743400084,5.28652395,6.177789228
1994,5.708775313,5.328411794,4.696239151,3.905496625,4.859578106,4.141613376,4.743400084,5.28652395,6.177789228
1995,5.708775313,5.328411794,4.696239151,3.905496625,4.859578106,4.141613376,4.743400084,5.28652395,6.177789228
1996,5.708775313,5.328411794,4.696239151,3.905496625,4.859578106,4.141613376,4.743400084,5.28652395,6.177789228
1997,5.708775313,5.328411794,4.696239151,3.905496625,4.859578106,4.141613376,4.743400084,5.28652395,6.177789228
1998,5.708775313,5.328411794,4.696239151,3.905496625,4.859578106,4.141613376,4.743400084,5.28652395,6.177789228
1999,5.708775313,5.328411794,4.696239151,3.905496625,4.859578106,4.141613376,4.743400084,5.28652395,6.177789228
2000,5.708775313,5.328411794,4.696239151,3.905496625,4.859578106,4.141613376,4.743400084,5.28652395,6.177789228
2001,5.708775313,5.328411794,4.696239151,3.905496625,4.859578106,4.141613376,4.743400084,5.28652395,6.177789228
2002,5.708775313,5.328411794,4.696239151,3.905496625,4.859578106,4.141613376,4.743400084,5.28652395,6.177789228
2003,5.708775313,5.328411794,4.696239151,3.905496625,4.859578106,4.141613376,4.743400084,5.28652395,6.177789228
2004,5.708775313,5.328411794,4.696239151,3.905496625,4.859578106,4.141613376,4.743400084,5.28652395,6.177789228
2005,5.708775313,5.328411794,4.696239151,3.905496625,4.859578106,4.141613376,4.743400084,5.28652395,6.177789228
2006,5.708775313,5.328411794,4.696239151,3.905496625,4.859578106,4.141613376,4.743400084,5.28652395,6.177789228
2007,5.708775313,5.328411794,4.696239151,3.905496625,4.859578106,4.141613376,4.743400084,5.28652395,6.177789228
2008,5.708775313,5.328411794,4.696239151,3.905496625,4.859578106,4.141613376,4.743400084,5.28652395,6.177789228
2009,5.708775313,5.328411794,4.696239151,3.905496625,4.859578106,4.141613376,4.743400084,5.28652395,6.177789228
2010,5.708775313,5.328411794,4.696239151,3.905496625,4.859578106,4.141613376,4.743400084,5.28652395,6.177789228
2011,5.708775313,5.328411794,4.696239151,3.905496625,4.859578106,4.141613376,4.743400084,5.28652395,6.177789228
2012,5.708775313,5.328411794,4.696239151,3.905496625,4.859578106,4.141613376,4.743400084,5.28652395,6.177789228
2013,5.708775313,5.328411794,4.696239151,3.905496625,4.859578106,4.141613376,4.743400084,5.28652395,6.177789228
2014,5.708775313,5.328411794,4.696239151,3.905496625,4.859578106,4.141613376,4.743400084,5.28652395,6.177789228
2015,5.708775313,5.328411794,4.696239151,3.905496625,4.859578106,4.141613376,4.743400084,5.28652395,6.177789228
2016,5.708775313,5.328411794,4.696239151,3.905496625,4.859578106,4.141613376,4.743400084,5.28652395,6.177789228
2017,5.708775313,5.328411794,4.696239151,3.905496625,4.859578106,4.141613376,4.743400084,5.28652395,6.177789228
2018,5.708775313,5.328411794,4.696239151,3.905496625,4.859578106,4.141613376,4.743400084,5.28652395,6.177789228
2019,5.708775313,5.328411794,4.696239151,3.905496625,4.859578106,4.141613376,4.743400084,5.28652395,6.177789228
2020,5.708775313,5.328411794,4.696239151,3.905496625,4.859578106,4.141613376,4.743400084,5.28652395,6.177789228
2021,5.708775313,5.328411794,4.696239151,3.905496625,4.859578106,4.141613376,4.743400084,5.28652395,6.177789228
2022,5.708775313,5.328411794,4.696239151,3.905496625,4.859578106,4.141613376,4.743400084,5.28652395,6.177789228
2023,5.708775313,5.328411794,4.696239151,3.905496625,4.859578106,4.141613376,4.743400084,5.28652395,6.177789228
2024,5.708775313,5.328411794,4.696239151,3.905496625,4.859578106,4.141613376,4.743400084,5.28652395,6.177789228
2025,5.708775313,5.328411794,4.696239151,3.905496625,4.859578106,4.141613376,4.743400084,5.28652395,6.177789228
2026,5.708775313,5.328411794,4.696239151,3.905496625,4.859578106,4.141613376,4.743400084,5.28652395,6.177789228
2027,5.708775313,5.328411794,4.696239151,3.905496625,4.859578106,4.141613376,4.743400084,5.28652395,6.177789228
2028,5.708775313,5.328411794,4.696239151,3.905496625,4.859578106,4.141613376,4.743400084,5.28652395,6.177789228
2029,5.708775313,5.328411794,4.696239151,3.905496625,4.859578106,4.141613376,4.743400084,5.28652395,6.177789228
2030,5.708775313,5.328411794,4.696239151,3.905496625,4.859578106,4.141613376,4.743400084,5.28652395,6.177789228
2031,5.708775313,5.328411794,4.696239151,3.905496625,4.859578106,4.141613376,4.743400084,5.28652395,6.177789228
2032,5.708775313,5.328411794,4.696239151,3.905496625,4.859578106,4.141613376,4.743400084,5.28652395,6.177789228
2033,5.708775313,5.328411794,4.696239151,3.905496625,4.859578106,4.141613376,4.743400084,5.28652395,6.177789228
2034,5.708775313,5.328411794,4.696239151,3.905496625,4.859578106,4.141613376,4.743400084,5.28652395,6.177789228
2035,5.708775313,5.328411794,4.696239151,3.905496625,4.859578106,4.141613376,4.743400084,5.28652395,6.177789228
2036,5.708775313,5.328411794,4.696239151,3.905496625,4.859578106,4.141613376,4.743400084,5.28652395,6.177789228
2037,5.708775313,5.328411794,4.696239151,3.905496625,4.859578106,4.141613376,4.743400084,5.28652395,6.177789228
2038,5.708775313,5.328411794,4.696239151,3.905496625,4.859578106,4.141613376,4.743400084,5.28652395,6.177789228
2039,5.708775313,5.328411794,4.696239151,3.905496625,4.859578106,4.141613376,4.743400084,5.28652395,6.177789228
2040,5.708775313,5.328411794,4.696239151,3.905496625,4.859578106,4.141613376,4.743400084,5.28652395,6.177789228
2041,5.708775313,5.328411794,4.696239151,3.905496625,4.859578106,4.141613376,4.743400084,5.28652395,6.177789228
2042,5.708775313,5.328411794,4.696239151,3.905496625,4.859578106,4.141613376,4.743400084,5.28652395,6.177789228
2043,5.708775313,5.328411794,4.696239151,3.905496625,4.859578106,4.141613376,4.743400084,5.28652395,6.177789228
2044,5.708775313,5.328411794,4.696239151,3.905496625,4.859578106,4.141613376,4.743400084,5.28652395,6.177789228
2045,5.708775313,5.328411794,4.696239151,3.905496625,4.859578106,4.141613376,4.743400084,5.28652395,6.177789228
2046,5.708775313,5.328411794,4.696239151,3.905496625,4.859578106,4.141613376,4.743400084,5.28652395,6.177789228
2047,5.708775313,5.328411794,4.696239151,3.905496625,4.859578106,4.141613376,4.743400084,5.28652395,6.177789228
2048,5.708775313,5.328411794,4.696239151,3.905496625,4.859578106,4.141613376,4.743400084,5.28652395,6.177789228
2049,5.708775313,5.328411794,4.696239151,3.905496625,4.859578106,4.141613376,4.743400084,5.28652395,6.177789228
2050,5.708775313,5.328411794,4.696239151,3.905496625,4.859578106,4.141613376,4.743400084,5.28652395,6.177789228
2051,5.708775313,5.328411794,4.696239151,3.905496625,4.859578106,4.141613376,4.743400084,5.28652395,6.177789228
2052,5.708775313,5.328411794,4.696239151,3.905496625,4.859578106,4.141613376,4.743400084,5.28652395,6.177789228
2053,5.708775313,5.328411794,4.696239151,3.905496625,4.859578106,4.141613376,4.743400084,5.28652395,6.177789228
2054,5.708775313,5.328411794,4.696239151,3.905496625,4.859578106,4.141613376,4.743400084,5.28652395,6.177789228
2055,5.708775313,5.328411794,4.696239151,3.905496625,4.859578106,4.141613376,4.743400084,5.28652395,6.177789228
2056,5.708775313,5.328411794,4.696239151,3.905496625,4.859578106,4.141613376,4.743400084,5.28652395,6.177789228
2057,5.708775313,5.328411794,4.696239151,3.905496625,4.859578106,4.141613376,4.743400084,5.28652395,6.177789228
2058,5.708775313,5.328411794,4.696239151,3.905496625,4.859578106,4.141613376,4.743400084,5.28652395,6.177789228
2059,5.708775313,5.328411794,4.696239151,3.905496625,4.859578106,4.141613376,4.743400084,5.28652395,6.177789228
2060,5.708775313,5.328411794,4.696239151,3.905496625,4.859578106,4.141613376,4.743400084,5.28652395,6.177789228
2061,5.708775313,5.328411794,4.696239151,3.905496625,4.859578106,4.141613376,4.743400084,5.28652395,6.177789228
2062,5.708775313,5.328411794,4.696239151,3.905496625,4.859578106,4.141613376,4.743400084,5.28652395,6.177789228
2063,5.708775313,5.328411794,4.696239151,3.905496625,4.859578106,4.141613376,4.743400084,5.28652395,6.177789228
2064,5.708775313,5.328411794,4.696239151,3.905496625,4.859578106,4.141613376,4.743400084,5.28652395,6.177789228
2065,5.708775313,5.328411794,4.696239151,3.905496625,4.859578106,4.141613376,4.743400084,5.28652395,6.177789228
2066,5.708775313,5.328411794,4.696239151,3.905496625,4.859578106,4.141613376,4.743400084,5.28652395,6.177789228
2067,5.708775313,5.328411794,4.696239151,3.905496625,4.859578106,4.141613376,4.743400084,5.28652395,6.177789228
2068,5.708775313,5.328411794,4.696239151,3.905496625,4.859578106,4.141613376,4.743400084,5.28652395,6.177789228
2069,5.708775313,5.328411794,4.696239151,3.905496625,4.859578106,4.141613376,4.743400084,5.28652395,6.177789228
2070,5.708775313,5.328411794,4.696239151,3.905496625,4.859578106,4.141613376,4.743400084,5.28652395,6.177789228
2071,5.708775313,5.328411794,4.696239151,3.905496625,4.859578106,4.141613376,4.743400084,5.28652395,6.177789228
2072,5.708775313,5.328411794,4.696239151,3.905496625,4.859578106,4.141613376,4.743400084,5.28652395,6.177789228
2073,5.708775313,5.328411794,4.696239151,3.905496625,4.859578106,4.141613376,4.743400084,5.28652395,6.177789228
2074,5.708775313,5.328411794,4.696239151,3.905496625,4.859578106,4.141613376,4.743400084,5.28652395,6.177789228
2075,5.708775313,5.328411794,4.696239151,3.905496625,4.859578106,4.141613376,4.743400084,5.28652395,6.177789228
2076,5.708775313,5.328411794,4.696239151,3.905496625,4.859578106,4.141613376,4.743400084,5.28652395,6.177789228
2077,5.708775313,5.328411794,4.696239151,3.905496625,4.859578106,4.141613376,4.743400084,5.28652395,6.177789228
2078,5.708775313,5.328411794,4.696239151,3.905496625,4.859578106,4.141613376,4.743400084,5.28652395,6.177789228
2079,5.708775313,5.328411794,4.696239151,3.905496625,4.859578106,4.141613376,4.743400084,5.28652395,6.177789228
2080,5.708775313,5.328411794,4.696239151,3.905496625,4.859578106,4.141613376,4.743400084,5.28652395,6.177789228
2081,5.708775313,5.328411794,4.696239151,3.905496625,4.859578106,4.141613376,4.743400084,5.28652395,6.177789228
2082,5.708775313,5.328411794,4.696239151,3.905496625,4.859578106,4.141613376,4.743400084,5.28652395,6.177789228
2083,5.708775313,5.328411794,4.696239151,3.905496625,4.859578106,4.141613376,4.743400084,5.28652395,6.177789228
2084,5.708775313,5.328411794,4.696239151,3.905496625,4.859578106,4.141613376,4.743400084,5.28652395,6.177789228
2085,5.708775313,5.328411794,4.696239151,3.905496625,4.859578106,4.141613376,4.743400084,5.28652395,6.177789228
2086,5.708775313,5.328411794,4.696239151,3.905496625,4.859578106,4.141613376,4.743400084,5.28652395,6.177789228
2087,5.708775313,5.328411794,4.696239151,3.905496625,4.859578106,4.141613376,4.743400084,5.28652395,6.177789228
2088,5.708775313,5.328411794,4.696239151,3.905496625,4.859578106,4.141613376,4.743400084,5.28652395,6.177789228
2089,5.708775313,5.328411794,4.696239151,3.905496625,4.859578106,4.141613376,4.743400084,5.28652395,6.177789228
2090,5.708775313,5.328411794,4.696239151,3.905496625,4.859578106,4.141613376,4.743400084,5.28652395,6.177789228
2091,5.708775313,5.328411794,4.696239151,3.905496625,4.859578106,4.141613376,4.743400084,5.28652395,6.177789228
2092,5.708775313,5.328411794,4.696239151,3.905496625,4.859578106,4.141613376,4.743400084,5.28652395,6.177789228
2093,5.708775313,5.328411794,4.696239151,3.905496625,4.859578106,4.141613376,4.743400084,5.28652395,6.177789228
2094,5.708775313,5.328411794,4.696239151,3.905496625,4.859578106,4.141613376,4.743400084,5.28652395,6.177789228
2095,5.708775313,5.328411794,4.696239151,3.905496625,4.859578106,4.141613376,4.743400084,5.28652395,6.177789228
2096,5.708775313,5.328411794,4.696239151,3.905496625,4.859578106,4.141613376,4.743400084,5.28652395,6.177789228
2097,5.708775313,5.328411794,4.696239151,3.905496625,4.859578106,4.141613376,4.743400084,5.28652395,6.177789228
2098,5.708775313,5.328411794,4.696239151,3.905496625,4.859578106,4.141613376,4.743400084,5.28652395,6.177789228
2099,5.708775313,5.328411794,4.696239151,3.905496625,4.859578106,4.141613376,4.743400084,5.28652395,6.177789228
2100,5.708775313,5.328411794,4.696239151,3.905496625,4.859578106,4.141613376,4.743400084,5.28652395,6.177789228
2101,5.708775313,5.328411794,4.696239151,3.905496625,4.859578106,4.141613376,4.743400084,5.28652395,6.177789228
2102,5.708775313,5.328411794,4.696239151,3.905496625,4.859578106,4.141613376,4.743400084,5.28652395,6.177789228
2103,5.708775313,5.328411794,4.696239151,3.905496625,4.859578106,4.141613376,4.743400084,5.28652395,6.177789228
2104,5.708775313,5.328411794,4.696239151,3.905496625,4.859578106,4.141613376,4.743400084,5.28652395,6.177789228
2105,5.708775313,5.328411794,4.696239151,3.905496625,4.859578106,4.141613376,4.743400084,5.28652395,6.177789228
2106,5.708775313,5.328411794,4.696239151,3.905496625,4.859578106,4.141613376,4.743400084,5.28652395,6.177789228
2107,5.708775313,5.328411794,4.696239151,3.905496625,4.859578106,4.141613376,4.743400084,5.28652395,6.177789228
2108,5.708775313,5.328411794,4.696239151,3.905496625,4.859578106,4.141613376,4.743400084,5.28652395,6.177789228
2109,5.708775313,5.328411794,4.696239151,3.905496625,4.859578106,4.141613376,4.743400084,5.28652395,6.177789228
2110,5.708775313,5.328411794,4.696239151,3.905496625,4.859578106,4.141613376,4.743400084,5.28652395,6.177789228
2111,5.708775313,5.328411794,4.696239151,3.905496625,4.859578106,4.141613376,4.743400084,5.28652395,6.177789228
2112,5.708775313,5.328411794,4.696239151,3.905496625,4.859578106,4.141613376,4.743400084,5.28652395,6.177789228
2113,5.708775313,5.328411794,4.696239151,3.905496625,4.859578106,4.141613376,4.743400084,5.28652395,6.177789228
2114,5.708775313,5.328411794,4.696239151,3.905496625,4.859578106,4.141613376,4.743400084,5.28652395,6.177789228
2115,5.708775313,5.328411794,4.696239151,3.905496625,4.859578106,4.141613376,4.743400084,5.28652395,6.177789228
2116,5.708775313,5.328411794,4.696239151,3.905496625,4.859578106,4.141613376,4.743400084,5.28652395,6.177789228
2117,5.708775313,5.328411794,4.696239151,3.905496625,4.859578106,4.141613376,4.743400084,5.28652395,6.177789228
2118,5.708775313,5.328411794,4.696239151,3.905496625,4.859578106,4.141613376,4.743400084,5.28652395,6.177789228
2119,5.708775313,5.328411794,4.696239151,3.905496625,4.859578106,4.141613376,4.743400084,5.28652395,6.177789228
2120,5.708775313,5.328411794,4.696239151,3.905496625,4.859578106,4.141613376,4.743400084,5.28652395,6.177789228
2121,5.708775313,5.328411794,4.696239151,3.905496625,4.859578106,4.141613376,4.743400084,5.28652395,6.177789228
2122,5.708775313,5.328411794,4.696239151,3.905496625,4.859578106,4.141613376,4.743400084,5.28652395,6.177789228
2123,5.708775313,5.328411794,4.696239151,3.905496625,4.859578106,4.141613376,4.743400084,5.28652395,6.177789228
2124,5.708775313,5.328411794,4.696239151,3.905496625,4.859578106,4.141613376,4.743400084,5.28652395,6.177789228
2125,5.708775313,5.328411794,4.696239151,3.905496625,4.859578106,4.141613376,4.743400084,5.28652395,6.177789228
2126,5.708775313,5.328411794,4.696239151,3.905496625,4.859578106,4.141613376,4.743400084,5.28652395,6.177789228
2127,5.708775313,5.328411794,4.696239151,3.905496625,4.859578106,4.141613376,4.743400084,5.28652395,6.177789228
2128,5.708775313,5.328411794,4.696239151,3.905496625,4.859578106,4.141613376,4.743400084,5.28652395,6.177789228
2129,5.708775313,5.328411794,4.696239151,3.905496625,4.859578106,4.141613376,4.743400084,5.28652395,6.177789228
2130,5.708775313,5.328411794,4.696239151,3.905496625,4.859578106,4.141613376,4.743400084,5.28652395,6.177789228
2131,5.708775313,5.328411794,4.696239151,3.905496625,4.859578106,4.141613376,4.743400084,5.28652395,6.177789228
2132,5.708775313,5.328411794,4.696239151,3.905496625,4.859578106,4.141613376,4.743400084,5.28652395,6.177789228
2133,5.708775313,5.328411794,4.696239151,3.905496625,4.859578106,4.141613376,4.743400084,5.28652395,6.177789228
2134,5.708775313,5.328411794,4.696239151,3.905496625,4.859578106,4.141613376,4.743400084,5.28652395,6.177789228
2135,5.708775313,5.328411794,4.696239151,3.905496625,4.859578106,4.141613376,4.743400084,5.28652395,6.177789228
2136,5.708775313,5.328411794,4.696239151,3.905496625,4.859578106,4.141613376,4.743400084,5.28652395,6.177789228
2137,5.708775313,5.328411794,4.696239151,3.905496625,4.859578106,4.141613376,4.743400084,5.28652395,6.177789228
2138,5.708775313,5.328411794,4.696239151,3.905496625,4.859578106,4.141613376,4.743400084,5.28652395,6.177789228
2139,5.708775313,5.328411794,4.696239151,3.905496625,4.859578106,4.141613376,4.743400084,5.28652395,6.177789228
2140,5.708775313,5.328411794,4.696239151,3.905496625,4.859578106,4.141613376,4.743400084,5.28652395,6.177789228
2141,5.708775313,5.328411794,4.696239151,3.905496625,4.859578106,4.141613376,4.743400084,5.28652395,6.177789228
2142,5.708775313,5.328411794,4.696239151,3.905496625,4.859578106,4.141613376,4.743400084,5.28652395,6.177789228
2143,5.708775313,5.328411794,4.696239151,3.905496625,4.859578106,4.141613376,4.743400084,5.28652395,6.177789228
2144,5.708775313,5.328411794,4.696239151,3.905496625,4.859578106,4.141613376,4.743400084,5.28652395,6.177789228
2145,5.708775313,5.328411794,4.696239151,3.905496625,4.859578106,4.141613376,4.743400084,5.28652395,6.177789228
2146,5.708775313,5.328411794,4.696239151,3.905496625,4.859578106,4.141613376,4.743400084,5.28652395,6.177789228
2147,5.708775313,5.328411794,4.696239151,3.905496625,4.859578106,4.141613376,4.743400084,5.28652395,6.177789228
2148,5.708775313,5.328411794,4.696239151,3.905496625,4.859578106,4.141613376,4.743400084,5.28652395,6.177789228
2149,5.708775313,5.328411794,4.696239151,3.905496625,4.859578106,4.141613376,4.743400084,5.28652395,6.177789228
2150,5.708775313,5.328411794,4.696239151,3.905496625,4.859578106,4.141613376,4.743400084,5.28652395,6.177789228
2151,5.708775313,5.328411794,4.696239151,3.905496625,4.859578106,4.141613376,4.743400084,5.28652395,6.177789228
2152,5.708775313,5.328411794,4.696239151,3.905496625,4.859578106,4.141613376,4.743400084,5.28652395,6.177789228
2153,5.708775313,5.328411794,4.696239151,3.905496625,4.859578106,4.141613376,4.743400084,5.28652395,6.177789228
2154,5.708775313,5.328411794,4.696239151,3.905496625,4.859578106,4.141613376,4.743400084,5.28652395,6.177789228
2155,5.708775313,5.328411794,4.696239151,3.905496625,4.859578106,4.141613376,4.743400084,5.28652395,6.177789228
2156,5.708775313,5.328411794,4.696239151,3.905496625,4.859578106,4.141613376,4.743400084,5.28652395,6.177789228
2157,5.708775313,5.328411794,4.696239151,3.905496625,4.859578106,4.141613376,4.743400084,5.28652395,6.177789228
2158,5.708775313,5.328411794,4.696239151,3.905496625,4.859578106,4.141613376,4.743400084,5.28652395,6.177789228
2159,5.708775313,5.328411794,4.696239151,3.905496625,4.859578106,4.141613376,4.743400084,5.28652395,6.177789228
2160,5.708775313,5.328411794,4.696239151,3.905496625,4.859578106,4.141613376,4.743400084,5.28652395,6.177789228
2161,5.708775313,5.328411794,4.696239151,3.905496625,4.859578106,4.141613376,4.743400084,5.28652395,6.177789228
2162,5.708775313,5.328411794,4.696239151,3.905496625,4.859578106,4.141613376,4.743400084,5.28652395,6.177789228
2163,5.708775313,5.328411794,4.696239151,3.905496625,4.859578106,4.141613376,4.743400084,5.28652395,6.177789228
2164,5.708775313,5.328411794,4.696239151,3.905496625,4.859578106,4.141613376,4.743400084,5.28652395,6.177789228
2165,5.708775313,5.328411794,4.696239151,3.905496625,4.859578106,4.141613376,4.743400084,5.28652395,6.177789228
2166,5.708775313,5.328411794,4.696239151,3.905496625,4.859578106,4.141613376,4.743400084,5.28652395,6.177789228
2167,5.708775313,5.328411794,4.696239151,3.905496625,4.859578106,4.141613376,4.743400084,5.28652395,6.177789228
2168,5.708775313,5.328411794,4.696239151,3.905496625,4.859578106,4.141613376,4.743400084,5.28652395,6.177789228
2169,5.708775313,5.328411794,4.696239151,3.905496625,4.859578106,4.141613376,4.743400084,5.28652395,6.177789228
2170,5.708775313,5.328411794,4.696239151,3.905496625,4.859578106,4.141613376,4.743400084,5.28652395,6.177789228
2171,5.708775313,5.328411794,4.696239151,3.905496625,4.859578106,4.141613376,4.743400084,5.28652395,6.177789228
2172,5.708775313,5.328411794,4.696239151,3.905496625,4.859578106,4.141613376,4.743400084,5.28652395,6.177789228
2173,5.708775313,5.328411794,4.696239151,3.905496625,4.859578106,4.141613376,4.743400084,5.28652395,6.177789228
2174,5.708775313,5.328411794,4.696239151,3.905496625,4.859578106,4.141613376,4.743400084,5.28652395,6.177789228
2175,5.708775313,5.328411794,4.696239151,3.905496625,4.859578106,4.141613376,4.743400084,5.28652395,6.177789228
2176,5.708775313,5.328411794,4.696239151,3.905496625,4.859578106,4.141613376,4.743400084,5.28652395,6.177789228
2177,5.708775313,5.328411794,4.696239151,3.905496625,4.859578106,4.141613376,4.743400084,5.28652395,6.177789228
2178,5.708775313,5.328411794,4.696239151,3.905496625,4.859578106,4.141613376,4.743400084,5.28652395,6.177789228
2179,5.708775313,5.328411794,4.696239151,3.905496625,4.859578106,4.141613376,4.743400084,5.28652395,6.177789228
2180,5.708775313,5.328411794,4.696239151,3.905496625,4.859578106,4.141613376,4.743400084,5.28652395,6.177789228
2181,5.708775313,5.328411794,4.696239151,3.905496625,4.859578106,4.141613376,4.743400084,5.28652395,6.177789228
2182,5.708775313,5.328411794,4.696239151,3.905496625,4.859578106,4.141613376,4.743400084,5.28652395,6.177789228
2183,5.708775313,5.328411794,4.696239151,3.905496625,4.859578106,4.141613376,4.743400084,5.28652395,6.177789228
2184,5.708775313,5.328411794,4.696239151,3.905496625,4.859578106,4.141613376,4.743400084,5.28652395,6.177789228
2185,5.708775313,5.328411794,4.696239151,3.905496625,4.859578106,4.141613376,4.743400084,5.28652395,6.177789228
2186,5.708775313,5.328411794,4.696239151,3.905496625,4.859578106,4.141613376,4.743400084,5.28652395,6.177789228
2187,5.708775313,5.328411794,4.696239151,3.905496625,4.859578106,4.141613376,4.743400084,5.28652395,6.177789228
2188,5.708775313,5.328411794,4.696239151,3.905496625,4.859578106,4.141613376,4.743400084,5.28652395,6.177789228
2189,5.708775313,5.328411794,4.696239151,3.905496625,4.859578106,4.141613376,4.743400084,5.28652395,6.177789228
2190,5.708775313,5.328411794,4.696239151,3.905496625,4.859578106,4.141613376,4.743400084,5.28652395,6.177789228
2191,5.708775313,5.328411794,4.696239151,3.905496625,4.859578106,4.141613376,4.743400084,5.28652395,6.177789228
2192,5.708775313,5.328411794,4.696239151,3.905496625,4.859578106,4.141613376,4.743400084,5.28652395,6.177789228
2193,5.708775313,5.328411794,4.696239151,3.905496625,4.859578106,4.141613376,4.743400084,5.28652395,6.177789228
2194,5.708775313,5.328411794,4.696239151,3.905496625,4.859578106,4.141613376,4.743400084,5.28652395,6.177789228
2195,5.708775313,5.328411794,4.696239151,3.905496625,4.859578106,4.141613376,4.743400084,5.28652395,6.177789228
2196,5.708775313,5.328411794,4.696239151,3.905496625,4.859578106,4.141613376,4.743400084,5.28652395,6.177789228
2197,5.708775313,5.328411794,4.696239151,3.905496625,4.859578106,4.141613376,4.743400084,5.28652395,6.177789228
2198,5.708775313,5.328411794,4.696239151,3.905496625,4.859578106,4.141613376,4.743400084,5.28652395,6.177789228
2199,5.708775313,5.328411794,4.696239151,3.905496625,4.859578106,4.141613376,4.743400084,5.28652395,6.177789228
2200,5.708775313,5.328411794,4.696239151,3.905496625,4.859578106,4.141613376,4.743400084,5.28652395,6.177789228
2201,5.708775313,5.328411794,4.696239151,3.905496625,4.859578106,4.141613376,4.743400084,5.28652395,6.177789228
2202,5.708775313,5.328411794,4.696239151,3.905496625,4.859578106,4.141613376,4.743400084,5.28652395,6.177789228
2203,5.708775313,5.328411794,4.696239151,3.905496625,4.859578106,4.141613376,4.743400084,5.28652395,6.177789228
2204,5.708775313,5.328411794,4.696239151,3.905496625,4.859578106,4.141613376,4.743400084,5.28652395,6.177789228
2205,5.708775313,5.328411794,4.696239151,3.905496625,4.859578106,4.141613376,4.743400084,5.28652395,6.177789228
2206,5.708775313,5.328411794,4.696239151,3.905496625,4.859578106,4.141613376,4.743400084,5.28652395,6.177789228
2207,5.708775313,5.328411794,4.696239151,3.905496625,4.859578106,4.141613376,4.743400084,5.28652395,6.177789228
2208,5.708775313,5.328411794,4.696239151,3.905496625,4.859578106,4.141613376,4.743400084,5.28652395,6.177789228
2209,5.708775313,5.328411794,4.696239151,3.905496625,4.859578106,4.141613376,4.743400084,5.28652395,6.177789228
2210,5.708775313,5.328411794,4.696239151,3.905496625,4.859578106,4.141613376,4.743400084,5.28652395,6.177789228
2211,5.708775313,5.328411794,4.696239151,3.905496625,4.859578106,4.141613376,4.743400084,5.28652395,6.177789228
2212,5.708775313,5.328411794,4.696239151,3.905496625,4.859578106,4.141613376,4.743400084,5.28652395,6.177789228
2213,5.708775313,5.328411794,4.696239151,3.905496625,4.859578106,4.141613376,4.743400084,5.28652395,6.177789228
2214,5.708775313,5.328411794,4.696239151,3.905496625,4.859578106,4.141613376,4.743400084,5.28652395,6.177789228
2215,5.708775313,5.328411794,4.696239151,3.905496625,4.859578106,4.141613376,4.743400084,5.28652395,6.177789228
2216,5.708775313,5.328411794,4.696239151,3.905496625,4.859578106,4.141613376,4.743400084,5.28652395,6.177789228
2217,5.708775313,5.328411794,4.696239151,3.905496625,4.859578106,4.141613376,4.743400084,5.28652395,6.177789228
2218,5.708775313,5.328411794,4.696239151,3.905496625,4.859578106,4.141613376,4.743400084,5.28652395,6.177789228
2219,5.708775313,5.328411794,4.696239151,3.905496625,4.859578106,4.141613376,4.743400084,5.28652395,6.177789228
2220,5.708775313,5.328411794,4.696239151,3.905496625,4.859578106,4.141613376,4.743400084,5.28652395,6.177789228
2221,5.708775313,5.328411794,4.696239151,3.905496625,4.859578106,4.141613376,4.743400084,5.28652395,6.177789228
2222,5.708775313,5.328411794,4.696239151,3.905496625,4.859578106,4.141613376,4.743400084,5.28652395,6.177789228
2223,5.708775313,5.328411794,4.696239151,3.905496625,4.859578106,4.141613376,4.743400084,5.28652395,6.177789228
2224,5.708775313,5.328411794,4.696239151,3.905496625,4.859578106,4.141613376,4.743400084,5.28652395,6.177789228
2225,5.708775313,5.328411794,4.696239151,3.905496625,4.859578106,4.141613376,4.743400084,5.28652395,6.177789228
2226,5.708775313,5.328411794,4.696239151,3.905496625,4.859578106,4.141613376,4.743400084,5.28652395,6.177789228
2227,5.708775313,5.328411794,4.696239151,3.905496625,4.859578106,4.141613376,4.743400084,5.28652395,6.177789228
2228,5.708775313,5.328411794,4.696239151,3.905496625,4.859578106,4.141613376,4.743400084,5.28652395,6.177789228
2229,5.708775313,5.328411794,4.696239151,3.905496625,4.859578106,4.141613376,4.743400084,5.28652395,6.177789228
2230,5.708775313,5.328411794,4.696239151,3.905496625,4.859578106,4.141613376,4.743400084,5.28652395,6.177789228
2231,5.708775313,5.328411794,4.696239151,3.905496625,4.859578106,4.141613376,4.743400084,5.28652395,6.177789228
2232,5.708775313,5.328411794,4.696239151,3.905496625,4.859578106,4.141613376,4.743400084,5.28652395,6.177789228
2233,5.708775313,5.328411794,4.696239151,3.905496625,4.859578106,4.141613376,4.743400084,5.28652395,6.177789228
2234,5.708775313,5.328411794,4.696239151,3.905496625,4.859578106,4.141613376,4.743400084,5.28652395,6.177789228
2235,5.708775313,5.328411794,4.696239151,3.905496625,4.859578106,4.141613376,4.743400084,5.28652395,6.177789228
2236,5.708775313,5.328411794,4.696239151,3.905496625,4.859578106,4.141613376,4.743400084,5.28652395,6.177789228
2237,5.708775313,5.328411794,4.696239151,3.905496625,4.859578106,4.141613376,4.743400084,5.28652395,6.177789228
2238,5.708775313,5.328411794,4.696239151,3.905496625,4.859578106,4.141613376,4.743400084,5.28652395,6.177789228
2239,5.708775313,5.328411794,4.696239151,3.905496625,4.859578106,4.141613376,4.743400084,5.28652395,6.177789228
2240,5.708775313,5.328411794,4.696239151,3.905496625,4.859578106,4.141613376,4.743400084,5.28652395,6.177789228
2241,5.708775313,5.328411794,4.696239151,3.905496625,4.859578106,4.141613376,4.743400084,5.28652395,6.177789228
2242,5.708775313,5.328411794,4.696239151,3.905496625,4.859578106,4.141613376,4.743400084,5.28652395,6.177789228
2243,5.708775313,5.328411794,4.696239151,3.905496625,4.859578106,4.141613376,4.743400084,5.28652395,6.177789228
2244,5.708775313,5.328411794,4.696239151,3.905496625,4.859578106,4.141613376,4.743400084,5.28652395,6.177789228
2245,5.708775313,5.328411794,4.696239151,3.905496625,4.859578106,4.141613376,4.743400084,5.28652395,6.177789228
2246,5.708775313,5.328411794,4.696239151,3.905496625,4.859578106,4.141613376,4.743400084,5.28652395,6.177789228
2247,5.708775313,5.328411794,4.696239151,3.905496625,4.859578106,4.141613376,4.743400084,5.28652395,6.177789228
2248,5.708775313,5.328411794,4.696239151,3.905496625,4.859578106,4.141613376,4.743400084,5.28652395,6.177789228
2249,5.708775313,5.328411794,4.696239151,3.905496625,4.859578106,4.141613376,4.743400084,5.28652395,6.177789228
2250,5.708775313,5.328411794,4.696239151,3.905496625,4.859578106,4.141613376,4.743400084,5.28652395,6.177789228
2251,5.708775313,5.328411794,4.696239151,3.905496625,4.859578106,4.141613376,4.743400084,5.28652395,6.177789228
2252,5.708775313,5.328411794,4.696239151,3.905496625,4.859578106,4.141613376,4.743400084,5.28652395,6.177789228
2253,5.708775313,5.328411794,4.696239151,3.905496625,4.859578106,4.141613376,4.743400084,5.28652395,6.177789228
2254,5.708775313,5.328411794,4.696239151,3.905496625,4.859578106,4.141613376,4.743400084,5.28652395,6.177789228
2255,5.708775313,5.328411794,4.696239151,3.905496625,4.859578106,4.141613376,4.743400084,5.28652395,6.177789228
2256,5.708775313,5.328411794,4.696239151,3.905496625,4.859578106,4.141613376,4.743400084,5.28652395,6.177789228
2257,5.708775313,5.328411794,4.696239151,3.905496625,4.859578106,4.141613376,4.743400084,5.28652395,6.177789228
2258,5.708775313,5.328411794,4.696239151,3.905496625,4.859578106,4.141613376,4.743400084,5.28652395,6.177789228
2259,5.708775313,5.328411794,4.696239151,3.905496625,4.859578106,4.141613376,4.743400084,5.28652395,6.177789228
2260,5.708775313,5.328411794,4.696239151,3.905496625,4.859578106,4.141613376,4.743400084,5.28652395,6.177789228
2261,5.708775313,5.328411794,4.696239151,3.905496625,4.859578106,4.141613376,4.743400084,5.28652395,6.177789228
2262,5.708775313,5.328411794,4.696239151,3.905496625,4.859578106,4.141613376,4.743400084,5.28652395,6.177789228
2263,5.708775313,5.328411794,4.696239151,3.905496625,4.859578106,4.141613376,4.743400084,5.28652395,6.177789228
2264,5.708775313,5.328411794,4.696239151,3.905496625,4.859578106,4.141613376,4.743400084,5.28652395,6.177789228
2265,5.708775313,5.328411794,4.696239151,3.905496625,4.859578106,4.141613376,4.743400084,5.28652395,6.177789228
2266,5.708775313,5.328411794,4.696239151,3.905496625,4.859578106,4.141613376,4.743400084,5.28652395,6.177789228
2267,5.708775313,5.328411794,4.696239151,3.905496625,4.859578106,4.141613376,4.743400084,5.28652395,6.177789228
2268,5.708775313,5.328411794,4.696239151,3.905496625,4.859578106,4.141613376,4.743400084,5.28652395,6.177789228
2269,5.708775313,5.328411794,4.696239151,3.905496625,4.859578106,4.141613376,4.743400084,5.28652395,6.177789228
2270,5.708775313,5.328411794,4.696239151,3.905496625,4.859578106,4.141613376,4.743400084,5.28652395,6.177789228
2271,5.708775313,5.328411794,4.696239151,3.905496625,4.859578106,4.141613376,4.743400084,5.28652395,6.177789228
2272,5.708775313,5.328411794,4.696239151,3.905496625,4.859578106,4.141613376,4.743400084,5.28652395,6.177789228
2273,5.708775313,5.328411794,4.696239151,3.905496625,4.859578106,4.141613376,4.743400084,5.28652395,6.177789228
2274,5.708775313,5.328411794,4.696239151,3.905496625,4.859578106,4.141613376,4.743400084,5.28652395,6.177789228
2275,5.708775313,5.328411794,4.696239151,3.905496625,4.859578106,4.141613376,4.743400084,5.28652395,6.177789228
2276,5.708775313,5.328411794,4.696239151,3.905496625,4.859578106,4.141613376,4.743400084,5.28652395,6.177789228
2277,5.708775313,5.328411794,4.696239151,3.905496625,4.859578106,4.141613376,4.743400084,5.28652395,6.177789228
2278,5.708775313,5.328411794,4.696239151,3.905496625,4.859578106,4.141613376,4.743400084,5.28652395,6.177789228
2279,5.708775313,5.328411794,4.696239151,3.905496625,4.859578106,4.141613376,4.743400084,5.28652395,6.177789228
2280,5.708775313,5.328411794,4.696239151,3.905496625,4.859578106,4.141613376,4.743400084,5.28652395,6.177789228
2281,5.708775313,5.328411794,4.696239151,3.905496625,4.859578106,4.141613376,4.743400084,5.28652395,6.177789228
2282,5.708775313,5.328411794,4.696239151,3.905496625,4.859578106,4.141613376,4.743400084,5.28652395,6.177789228
2283,5.708775313,5.328411794,4.696239151,3.905496625,4.859578106,4.141613376,4.743400084,5.28652395,6.177789228
2284,5.708775313,5.328411794,4.696239151,3.905496625,4.859578106,4.141613376,4.743400084,5.28652395,6.177789228
2285,5.708775313,5.328411794,4.696239151,3.905496625,4.859578106,4.141613376,4.743400084,5.28652395,6.177789228
2286,5.708775313,5.328411794,4.696239151,3.905496625,4.859578106,4.141613376,4.743400084,5.28652395,6.177789228
2287,5.708775313,5.328411794,4.696239151,3.905496625,4.859578106,4.141613376,4.743400084,5.28652395,6.177789228
2288,5.708775313,5.328411794,4.696239151,3.905496625,4.859578106,4.141613376,4.743400084,5.28652395,6.177789228
2289,5.708775313,5.328411794,4.696239151,3.905496625,4.859578106,4.141613376,4.743400084,5.28652395,6.177789228
2290,5.708775313,5.328411794,4.696239151,3.905496625,4.859578106,4.141613376,4.743400084,5.28652395,6.177789228
2291,5.708775313,5.328411794,4.696239151,3.905496625,4.859578106,4.141613376,4.743400084,5.28652395,6.177789228
2292,5.708775313,5.328411794,4.696239151,3.905496625,4.859578106,4.141613376,4.743400084,5.28652395,6.177789228
2293,5.708775313,5.328411794,4.696239151,3.905496625,4.859578106,4.141613376,4.743400084,5.28652395,6.177789228
2294,5.708775313,5.328411794,4.696239151,3.905496625,4.859578106,4.141613376,4.743400084,5.28652395,6.177789228
2295,5.708775313,5.328411794,4.696239151,3.905496625,4.859578106,4.141613376,4.743400084,5.28652395,6.177789228
2296,5.708775313,5.328411794,4.696239151,3.905496625,4.859578106,4.141613376,4.743400084,5.28652395,6.177789228
2297,5.708775313,5.328411794,4.696239151,3.905496625,4.859578106,4.141613376,4.743400084,5.28652395,6.177789228
2298,5.708775313,5.328411794,4.696239151,3.905496625,4.859578106,4.141613376,4.743400084,5.28652395,6.177789228
2299,5.708775313,5.328411794,4.696239151,3.905496625,4.859578106,4.141613376,4.743400084,5.28652395,6.177789228
2300,5.708775313,5.328411794,4.696239151,3.905496625,4.859578106,4.141613376,4.743400084,5.28652395,6.177789228
2301,5.708775313,5.328411794,4.696239151,3.905496625,4.859578106,4.141613376,4.743400084,5.28652395,6.177789228
2302,5.708775313,5.328411794,4.696239151,3.905496625,4.859578106,4.141613376,4.743400084,5.28652395,6.177789228
2303,5.708775313,5.328411794,4.696239151,3.905496625,4.859578106,4.141613376,4.743400084,5.28652395,6.177789228
2304,5.708775313,5.328411794,4.696239151,3.905496625,4.859578106,4.141613376,4.743400084,5.28652395,6.177789228
2305,5.708775313,5.328411794,4.696239151,3.905496625,4.859578106,4.141613376,4.743400084,5.28652395,6.177789228
2306,5.708775313,5.328411794,4.696239151,3.905496625,4.859578106,4.141613376,4.743400084,5.28652395,6.177789228
2307,5.708775313,5.328411794,4.696239151,3.905496625,4.859578106,4.141613376,4.743400084,5.28652395,6.177789228
2308,5.708775313,5.328411794,4.696239151,3.905496625,4.859578106,4.141613376,4.743400084,5.28652395,6.177789228
2309,5.708775313,5.328411794,4.696239151,3.905496625,4.859578106,4.141613376,4.743400084,5.28652395,6.177789228
2310,5.708775313,5.328411794,4.696239151,3.905496625,4.859578106,4.141613376,4.743400084,5.28652395,6.177789228
2311,5.708775313,5.328411794,4.696239151,3.905496625,4.859578106,4.141613376,4.743400084,5.28652395,6.177789228
2312,5.708775313,5.328411794,4.696239151,3.905496625,4.859578106,4.141613376,4.743400084,5.28652395,6.177789228
2313,5.708775313,5.328411794,4.696239151,3.905496625,4.859578106,4.141613376,4.743400084,5.28652395,6.177789228
2314,5.708775313,5.328411794,4.696239151,3.905496625,4.859578106,4.141613376,4.743400084,5.28652395,6.177789228
2315,5.708775313,5.328411794,4.696239151,3.905496625,4.859578106,4.141613376,4.743400084,5.28652395,6.177789228
2316,5.708775313,5.328411794,4.696239151,3.905496625,4.859578106,4.141613376,4.743400084,5.28652395,6.177789228
2317,5.708775313,5.328411794,4.696239151,3.905496625,4.859578106,4.141613376,4.743400084,5.28652395,6.177789228
2318,5.708775313,5.328411794,4.696239151,3.905496625,4.859578106,4.141613376,4.743400084,5.28652395,6.177789228
2319,5.708775313,5.328411794,4.696239151,3.905496625,4.859578106,4.141613376,4.743400084,5.28652395,6.177789228
2320,5.708775313,5.328411794,4.696239151,3.905496625,4.859578106,4.141613376,4.743400084,5.28652395,6.177789228
2321,5.708775313,5.328411794,4.696239151,3.905496625,4.859578106,4.141613376,4.743400084,5.28652395,6.177789228
2322,5.708775313,5.328411794,4.696239151,3.905496625,4.859578106,4.141613376,4.743400084,5.28652395,6.177789228
2323,5.708775313,5.328411794,4.696239151,3.905496625,4.859578106,4.141613376,4.743400084,5.28652395,6.177789228
2324,5.708775313,5.328411794,4.696239151,3.905496625,4.859578106,4.141613376,4.743400084,5.28652395,6.177789228
2325,5.708775313,5.328411794,4.696239151,3.905496625,4.859578106,4.141613376,4.743400084,5.28652395,6.177789228
2326,5.708775313,5.328411794,4.696239151,3.905496625,4.859578106,4.141613376,4.743400084,5.28652395,6.177789228
2327,5.708775313,5.328411794,4.696239151,3.905496625,4.859578106,4.141613376,4.743400084,5.28652395,6.177789228
2328,5.708775313,5.328411794,4.696239151,3.905496625,4.859578106,4.141613376,4.743400084,5.28652395,6.177789228
2329,5.708775313,5.328411794,4.696239151,3.905496625,4.859578106,4.141613376,4.743400084,5.28652395,6.177789228
2330,5.708775313,5.328411794,4.696239151,3.905496625,4.859578106,4.141613376,4.743400084,5.28652395,6.177789228
2331,5.708775313,5.328411794,4.696239151,3.905496625,4.859578106,4.141613376,4.743400084,5.28652395,6.177789228
2332,5.708775313,5.328411794,4.696239151,3.905496625,4.859578106,4.141613376,4.743400084,5.28652395,6.177789228
2333,5.708775313,5.328411794,4.696239151,3.905496625,4.859578106,4.141613376,4.743400084,5.28652395,6.177789228
2334,5.708775313,5.328411794,4.696239151,3.905496625,4.859578106,4.141613376,4.743400084,5.28652395,6.177789228
2335,5.708775313,5.328411794,4.696239151,3.905496625,4.859578106,4.141613376,4.743400084,5.28652395,6.177789228
2336,5.708775313,5.328411794,4.696239151,3.905496625,4.859578106,4.141613376,4.743400084,5.28652395,6.177789228
2337,5.708775313,5.328411794,4.696239151,3.905496625,4.859578106,4.141613376,4.743400084,5.28652395,6.177789228
2338,5.708775313,5.328411794,4.696239151,3.905496625,4.859578106,4.141613376,4.743400084,5.28652395,6.177789228
2339,5.708775313,5.328411794,4.696239151,3.905496625,4.859578106,4.141613376,4.743400084,5.28652395,6.177789228
2340,5.708775313,5.328411794,4.696239151,3.905496625,4.859578106,4.141613376,4.743400084,5.28652395,6.177789228
2341,5.708775313,5.328411794,4.696239151,3.905496625,4.859578106,4.141613376,4.743400084,5.28652395,6.177789228
2342,5.708775313,5.328411794,4.696239151,3.905496625,4.859578106,4.141613376,4.743400084,5.28652395,6.177789228
2343,5.708775313,5.328411794,4.696239151,3.905496625,4.859578106,4.141613376,4.743400084,5.28652395,6.177789228
2344,5.708775313,5.328411794,4.696239151,3.905496625,4.859578106,4.141613376,4.743400084,5.28652395,6.177789228
2345,5.708775313,5.328411794,4.696239151,3.905496625,4.859578106,4.141613376,4.743400084,5.28652395,6.177789228
2346,5.708775313,5.328411794,4.696239151,3.905496625,4.859578106,4.141613376,4.743400084,5.28652395,6.177789228
2347,5.708775313,5.328411794,4.696239151,3.905496625,4.859578106,4.141613376,4.743400084,5.28652395,6.177789228
2348,5.708775313,5.328411794,4.696239151,3.905496625,4.859578106,4.141613376,4.743400084,5.28652395,6.177789228
2349,5.708775313,5.328411794,4.696239151,3.905496625,4.859578106,4.141613376,4.743400084,5.28652395,6.177789228
2350,5.708775313,5.328411794,4.696239151,3.905496625,4.859578106,4.141613376,4.743400084,5.28652395,6.177789228
2351,5.708775313,5.328411794,4.696239151,3.905496625,4.859578106,4.141613376,4.743400084,5.28652395,6.177789228
2352,5.708775313,5.328411794,4.696239151,3.905496625,4.859578106,4.141613376,4.743400084,5.28652395,6.177789228
2353,5.708775313,5.328411794,4.696239151,3.905496625,4.859578106,4.141613376,4.743400084,5.28652395,6.177789228
2354,5.708775313,5.328411794,4.696239151,3.905496625,4.859578106,4.141613376,4.743400084,5.28652395,6.177789228
2355,5.708775313,5.328411794,4.696239151,3.905496625,4.859578106,4.141613376,4.743400084,5.28652395,6.177789228
2356,5.708775313,5.328411794,4.696239151,3.905496625,4.859578106,4.141613376,4.743400084,5.28652395,6.177789228
2357,5.708775313,5.328411794,4.696239151,3.905496625,4.859578106,4.141613376,4.743400084,5.28652395,6.177789228
2358,5.708775313,5.328411794,4.696239151,3.905496625,4.859578106,4.141613376,4.743400084,5.28652395,6.177789228
2359,5.708775313,5.328411794,4.696239151,3.905496625,4.859578106,4.141613376,4.743400084,5.28652395,6.177789228
2360,5.708775313,5.328411794,4.696239151,3.905496625,4.859578106,4.141613376,4.743400084,5.28652395,6.177789228
2361,5.708775313,5.328411794,4.696239151,3.905496625,4.859578106,4.141613376,4.743400084,5.28652395,6.177789228
2362,5.708775313,5.328411794,4.696239151,3.905496625,4.859578106,4.141613376,4.743400084,5.28652395,6.177789228
2363,5.708775313,5.328411794,4.696239151,3.905496625,4.859578106,4.141613376,4.743400084,5.28652395,6.177789228
2364,5.708775313,5.328411794,4.696239151,3.905496625,4.859578106,4.141613376,4.743400084,5.28652395,6.177789228
2365,5.708775313,5.328411794,4.696239151,3.905496625,4.859578106,4.141613376,4.743400084,5.28652395,6.177789228
2366,5.708775313,5.328411794,4.696239151,3.905496625,4.859578106,4.141613376,4.743400084,5.28652395,6.177789228
2367,5.708775313,5.328411794,4.696239151,3.905496625,4.859578106,4.141613376,4.743400084,5.28652395,6.177789228
2368,5.708775313,5.328411794,4.696239151,3.905496625,4.859578106,4.141613376,4.743400084,5.28652395,6.177789228
2369,5.708775313,5.328411794,4.696239151,3.905496625,4.859578106,4.141613376,4.743400084,5.28652395,6.177789228
2370,5.708775313,5.328411794,4.696239151,3.905496625,4.859578106,4.141613376,4.743400084,5.28652395,6.177789228
2371,5.708775313,5.328411794,4.696239151,3.905496625,4.859578106,4.141613376,4.743400084,5.28652395,6.177789228
2372,5.708775313,5.328411794,4.696239151,3.905496625,4.859578106,4.141613376,4.743400084,5.28652395,6.177789228
2373,5.708775313,5.328411794,4.696239151,3.905496625,4.859578106,4.141613376,4.743400084,5.28652395,6.177789228
2374,5.708775313,5.328411794,4.696239151,3.905496625,4.859578106,4.141613376,4.743400084,5.28652395,6.177789228
2375,5.708775313,5.328411794,4.696239151,3.905496625,4.859578106,4.141613376,4.743400084,5.28652395,6.177789228
2376,5.708775313,5.328411794,4.696239151,3.905496625,4.859578106,4.141613376,4.743400084,5.28652395,6.177789228
2377,5.708775313,5.328411794,4.696239151,3.905496625,4.859578106,4.141613376,4.743400084,5.28652395,6.177789228
2378,5.708775313,5.328411794,4.696239151,3.905496625,4.859578106,4.141613376,4.743400084,5.28652395,6.177789228
2379,5.708775313,5.328411794,4.696239151,3.905496625,4.859578106,4.141613376,4.743400084,5.28652395,6.177789228
2380,5.708775313,5.328411794,4.696239151,3.905496625,4.859578106,4.141613376,4.743400084,5.28652395,6.177789228
2381,5.708775313,5.328411794,4.696239151,3.905496625,4.859578106,4.141613376,4.743400084,5.28652395,6.177789228
2382,5.708775313,5.328411794,4.696239151,3.905496625,4.859578106,4.141613376,4.743400084,5.28652395,6.177789228
2383,5.708775313,5.328411794,4.696239151,3.905496625,4.859578106,4.141613376,4.743400084,5.28652395,6.177789228
2384,5.708775313,5.328411794,4.696239151,3.905496625,4.859578106,4.141613376,4.743400084,5.28652395,6.177789228
2385,5.708775313,5.328411794,4.696239151,3.905496625,4.859578106,4.141613376,4.743400084,5.28652395,6.177789228
2386,5.708775313,5.328411794,4.696239151,3.905496625,4.859578106,4.141613376,4.743400084,5.28652395,6.177789228
2387,5.708775313,5.328411794,4.696239151,3.905496625,4.859578106,4.141613376,4.743400084,5.28652395,6.177789228
2388,5.708775313,5.328411794,4.696239151,3.905496625,4.859578106,4.141613376,4.743400084,5.28652395,6.177789228
2389,5.708775313,5.328411794,4.696239151,3.905496625,4.859578106,4.141613376,4.743400084,5.28652395,6.177789228
2390,5.708775313,5.328411794,4.696239151,3.905496625,4.859578106,4.141613376,4.743400084,5.28652395,6.177789228
2391,5.708775313,5.328411794,4.696239151,3.905496625,4.859578106,4.141613376,4.743400084,5.28652395,6.177789228
2392,5.708775313,5.328411794,4.696239151,3.905496625,4.859578106,4.141613376,4.743400084,5.28652395,6.177789228
2393,5.708775313,5.328411794,4.696239151,3.905496625,4.859578106,4.141613376,4.743400084,5.28652395,6.177789228
2394,5.708775313,5.328411794,4.696239151,3.905496625,4.859578106,4.141613376,4.743400084,5.28652395,6.177789228
2395,5.708775313,5.328411794,4.696239151,3.905496625,4.859578106,4.141613376,4.743400084,5.28652395,6.177789228
2396,5.708775313,5.328411794,4.696239151,3.905496625,4.859578106,4.141613376,4.743400084,5.28652395,6.177789228
2397,5.708775313,5.328411794,4.696239151,3.905496625,4.859578106,4.141613376,4.743400084,5.28652395,6.177789228
2398,5.708775313,5.328411794,4.696239151,3.905496625,4.859578106,4.141613376,4.743400084,5.28652395,6.177789228
2399,5.708775313,5.328411794,4.696239151,3.905496625,4.859578106,4.141613376,4.743400084,5.28652395,6.177789228
2400,5.708775313,5.328411794,4.696239151,3.905496625,4.859578106,4.141613376,4.743400084,5.28652395,6.177789228
2401,5.708775313,5.328411794,4.696239151,3.905496625,4.859578106,4.141613376,4.743400084,5.28652395,6.177789228
2402,5.708775313,5.328411794,4.696239151,3.905496625,4.859578106,4.141613376,4.743400084,5.28652395,6.177789228
2403,5.708775313,5.328411794,4.696239151,3.905496625,4.859578106,4.141613376,4.743400084,5.28652395,6.177789228
2404,5.708775313,5.328411794,4.696239151,3.905496625,4.859578106,4.141613376,4.743400084,5.28652395,6.177789228
2405,5.708775313,5.328411794,4.696239151,3.905496625,4.859578106,4.141613376,4.743400084,5.28652395,6.177789228
2406,5.708775313,5.328411794,4.696239151,3.905496625,4.859578106,4.141613376,4.743400084,5.28652395,6.177789228
2407,5.708775313,5.328411794,4.696239151,3.905496625,4.859578106,4.141613376,4.743400084,5.28652395,6.177789228
2408,5.708775313,5.328411794,4.696239151,3.905496625,4.859578106,4.141613376,4.743400084,5.28652395,6.177789228
2409,5.708775313,5.328411794,4.696239151,3.905496625,4.859578106,4.141613376,4.743400084,5.28652395,6.177789228
2410,5.708775313,5.328411794,4.696239151,3.905496625,4.859578106,4.141613376,4.743400084,5.28652395,6.177789228
2411,5.708775313,5.328411794,4.696239151,3.905496625,4.859578106,4.141613376,4.743400084,5.28652395,6.177789228
2412,5.708775313,5.328411794,4.696239151,3.905496625,4.859578106,4.141613376,4.743400084,5.28652395,6.177789228
2413,5.708775313,5.328411794,4.696239151,3.905496625,4.859578106,4.141613376,4.743400084,5.28652395,6.177789228
2414,5.708775313,5.328411794,4.696239151,3.905496625,4.859578106,4.141613376,4.743400084,5.28652395,6.177789228
2415,5.708775313,5.328411794,4.696239151,3.905496625,4.859578106,4.141613376,4.743400084,5.28652395,6.177789228
2416,5.708775313,5.328411794,4.696239151,3.905496625,4.859578106,4.141613376,4.743400084,5.28652395,6.177789228
2417,5.708775313,5.328411794,4.696239151,3.905496625,4.859578106,4.141613376,4.743400084,5.28652395,6.177789228
2418,5.708775313,5.328411794,4.696239151,3.905496625,4.859578106,4.141613376,4.743400084,5.28652395,6.177789228
2419,5.708775313,5.328411794,4.696239151,3.905496625,4.859578106,4.141613376,4.743400084,5.28652395,6.177789228
2420,5.708775313,5.328411794,4.696239151,3.905496625,4.859578106,4.141613376,4.743400084,5.28652395,6.177789228
2421,5.708775313,5.328411794,4.696239151,3.905496625,4.859578106,4.141613376,4.743400084,5.28652395,6.177789228
2422,5.708775313,5.328411794,4.696239151,3.905496625,4.859578106,4.141613376,4.743400084,5.28652395,6.177789228
2423,5.708775313,5.328411794,4.696239151,3.905496625,4.859578106,4.141613376,4.743400084,5.28652395,6.177789228
2424,5.708775313,5.328411794,4.696239151,3.905496625,4.859578106,4.141613376,4.743400084,5.28652395,6.177789228
2425,5.708775313,5.328411794,4.696239151,3.905496625,4.859578106,4.141613376,4.743400084,5.28652395,6.177789228
2426,5.708775313,5.328411794,4.696239151,3.905496625,4.859578106,4.141613376,4.743400084,5.28652395,6.177789228
2427,5.708775313,5.328411794,4.696239151,3.905496625,4.859578106,4.141613376,4.743400084,5.28652395,6.177789228
2428,5.708775313,5.328411794,4.696239151,3.905496625,4.859578106,4.141613376,4.743400084,5.28652395,6.177789228
2429,5.708775313,5.328411794,4.696239151,3.905496625,4.859578106,4.141613376,4.743400084,5.28652395,6.177789228
2430,5.708775313,5.328411794,4.696239151,3.905496625,4.859578106,4.141613376,4.743400084,5.28652395,6.177789228
2431,5.708775313,5.328411794,4.696239151,3.905496625,4.859578106,4.141613376,4.743400084,5.28652395,6.177789228
2432,5.708775313,5.328411794,4.696239151,3.905496625,4.859578106,4.141613376,4.743400084,5.28652395,6.177789228
2433,5.708775313,5.328411794,4.696239151,3.905496625,4.859578106,4.141613376,4.743400084,5.28652395,6.177789228
2434,5.708775313,5.328411794,4.696239151,3.905496625,4.859578106,4.141613376,4.743400084,5.28652395,6.177789228
2435,5.708775313,5.328411794,4.696239151,3.905496625,4.859578106,4.141613376,4.743400084,5.28652395,6.177789228
2436,5.708775313,5.328411794,4.696239151,3.905496625,4.859578106,4.141613376,4.743400084,5.28652395,6.177789228
2437,5.708775313,5.328411794,4.696239151,3.905496625,4.859578106,4.141613376,4.743400084,5.28652395,6.177789228
2438,5.708775313,5.328411794,4.696239151,3.905496625,4.859578106,4.141613376,4.743400084,5.28652395,6.177789228
2439,5.708775313,5.328411794,4.696239151,3.905496625,4.859578106,4.141613376,4.743400084,5.28652395,6.177789228
2440,5.708775313,5.328411794,4.696239151,3.905496625,4.859578106,4.141613376,4.743400084,5.28652395,6.177789228
2441,5.708775313,5.328411794,4.696239151,3.905496625,4.859578106,4.141613376,4.743400084,5.28652395,6.177789228
2442,5.708775313,5.328411794,4.696239151,3.905496625,4.859578106,4.141613376,4.743400084,5.28652395,6.177789228
2443,5.708775313,5.328411794,4.696239151,3.905496625,4.859578106,4.141613376,4.743400084,5.28652395,6.177789228
2444,5.708775313,5.328411794,4.696239151,3.905496625,4.859578106,4.141613376,4.743400084,5.28652395,6.177789228
2445,5.708775313,5.328411794,4.696239151,3.905496625,4.859578106,4.141613376,4.743400084,5.28652395,6.177789228
2446,5.708775313,5.328411794,4.696239151,3.905496625,4.859578106,4.141613376,4.743400084,5.28652395,6.177789228
2447,5.708775313,5.328411794,4.696239151,3.905496625,4.859578106,4.141613376,4.743400084,5.28652395,6.177789228
2448,5.708775313,5.328411794,4.696239151,3.905496625,4.859578106,4.141613376,4.743400084,5.28652395,6.177789228
2449,5.708775313,5.328411794,4.696239151,3.905496625,4.859578106,4.141613376,4.743400084,5.28652395,6.177789228
2450,5.708775313,5.328411794,4.696239151,3.905496625,4.859578106,4.141613376,4.743400084,5.28652395,6.177789228
2451,5.708775313,5.328411794,4.696239151,3.905496625,4.859578106,4.141613376,4.743400084,5.28652395,6.177789228
2452,5.708775313,5.328411794,4.696239151,3.905496625,4.859578106,4.141613376,4.743400084,5.28652395,6.177789228
2453,5.708775313,5.328411794,4.696239151,3.905496625,4.859578106,4.141613376,4.743400084,5.28652395,6.177789228
2454,5.708775313,5.328411794,4.696239151,3.905496625,4.859578106,4.141613376,4.743400084,5.28652395,6.177789228
2455,5.708775313,5.328411794,4.696239151,3.905496625,4.859578106,4.141613376,4.743400084,5.28652395,6.177789228
2456,5.708775313,5.328411794,4.696239151,3.905496625,4.859578106,4.141613376,4.743400084,5.28652395,6.177789228
2457,5.708775313,5.328411794,4.696239151,3.905496625,4.859578106,4.141613376,4.743400084,5.28652395,6.177789228
2458,5.708775313,5.328411794,4.696239151,3.905496625,4.859578106,4.141613376,4.743400084,5.28652395,6.177789228
2459,5.708775313,5.328411794,4.696239151,3.905496625,4.859578106,4.141613376,4.743400084,5.28652395,6.177789228
2460,5.708775313,5.328411794,4.696239151,3.905496625,4.859578106,4.141613376,4.743400084,5.28652395,6.177789228
2461,5.708775313,5.328411794,4.696239151,3.905496625,4.859578106,4.141613376,4.743400084,5.28652395,6.177789228
2462,5.708775313,5.328411794,4.696239151,3.905496625,4.859578106,4.141613376,4.743400084,5.28652395,6.177789228
2463,5.708775313,5.328411794,4.696239151,3.905496625,4.859578106,4.141613376,4.743400084,5.28652395,6.177789228
2464,5.708775313,5.328411794,4.696239151,3.905496625,4.859578106,4.141613376,4.743400084,5.28652395,6.177789228
2465,5.708775313,5.328411794,4.696239151,3.905496625,4.859578106,4.141613376,4.743400084,5.28652395,6.177789228
2466,5.708775313,5.328411794,4.696239151,3.905496625,4.859578106,4.141613376,4.743400084,5.28652395,6.177789228
2467,5.708775313,5.328411794,4.696239151,3.905496625,4.859578106,4.141613376,4.743400084,5.28652395,6.177789228
2468,5.708775313,5.328411794,4.696239151,3.905496625,4.859578106,4.141613376,4.743400084,5.28652395,6.177789228
2469,5.708775313,5.328411794,4.696239151,3.905496625,4.859578106,4.141613376,4.743400084,5.28652395,6.177789228
2470,5.708775313,5.328411794,4.696239151,3.905496625,4.859578106,4.141613376,4.743400084,5.28652395,6.177789228
2471,5.708775313,5.328411794,4.696239151,3.905496625,4.859578106,4.141613376,4.743400084,5.28652395,6.177789228
2472,5.708775313,5.328411794,4.696239151,3.905496625,4.859578106,4.141613376,4.743400084,5.28652395,6.177789228
2473,5.708775313,5.328411794,4.696239151,3.905496625,4.859578106,4.141613376,4.743400084,5.28652395,6.177789228
2474,5.708775313,5.328411794,4.696239151,3.905496625,4.859578106,4.141613376,4.743400084,5.28652395,6.177789228
2475,5.708775313,5.328411794,4.696239151,3.905496625,4.859578106,4.141613376,4.743400084,5.28652395,6.177789228
2476,5.708775313,5.328411794,4.696239151,3.905496625,4.859578106,4.141613376,4.743400084,5.28652395,6.177789228
2477,5.708775313,5.328411794,4.696239151,3.905496625,4.859578106,4.141613376,4.743400084,5.28652395,6.177789228
2478,5.708775313,5.328411794,4.696239151,3.905496625,4.859578106,4.141613376,4.743400084,5.28652395,6.177789228
2479,5.708775313,5.328411794,4.696239151,3.905496625,4.859578106,4.141613376,4.743400084,5.28652395,6.177789228
2480,5.708775313,5.328411794,4.696239151,3.905496625,4.859578106,4.141613376,4.743400084,5.28652395,6.177789228
2481,5.708775313,5.328411794,4.696239151,3.905496625,4.859578106,4.141613376,4.743400084,5.28652395,6.177789228
2482,5.708775313,5.328411794,4.696239151,3.905496625,4.859578106,4.141613376,4.743400084,5.28652395,6.177789228
2483,5.708775313,5.328411794,4.696239151,3.905496625,4.859578106,4.141613376,4.743400084,5.28652395,6.177789228
2484,5.708775313,5.328411794,4.696239151,3.905496625,4.859578106,4.141613376,4.743400084,5.28652395,6.177789228
2485,5.708775313,5.328411794,4.696239151,3.905496625,4.859578106,4.141613376,4.743400084,5.28652395,6.177789228
2486,5.708775313,5.328411794,4.696239151,3.905496625,4.859578106,4.141613376,4.743400084,5.28652395,6.177789228
2487,5.708775313,5.328411794,4.696239151,3.905496625,4.859578106,4.141613376,4.743400084,5.28652395,6.177789228
2488,5.708775313,5.328411794,4.696239151,3.905496625,4.859578106,4.141613376,4.743400084,5.28652395,6.177789228
2489,5.708775313,5.328411794,4.696239151,3.905496625,4.859578106,4.141613376,4.743400084,5.28652395,6.177789228
2490,5.708775313,5.328411794,4.696239151,3.905496625,4.859578106,4.141613376,4.743400084,5.28652395,6.177789228
2491,5.708775313,5.328411794,4.696239151,3.905496625,4.859578106,4.141613376,4.743400084,5.28652395,6.177789228
2492,5.708775313,5.328411794,4.696239151,3.905496625,4.859578106,4.141613376,4.743400084,5.28652395,6.177789228
2493,5.708775313,5.328411794,4.696239151,3.905496625,4.859578106,4.141613376,4.743400084,5.28652395,6.177789228
2494,5.708775313,5.328411794,4.696239151,3.905496625,4.859578106,4.141613376,4.743400084,5.28652395,6.177789228
2495,5.708775313,5.328411794,4.696239151,3.905496625,4.859578106,4.141613376,4.743400084,5.28652395,6.177789228
2496,5.708775313,5.328411794,4.696239151,3.905496625,4.859578106,4.141613376,4.743400084,5.28652395,6.177789228
2497,5.708775313,5.328411794,4.696239151,3.905496625,4.859578106,4.141613376,4.743400084,5.28652395,6.177789228
2498,5.708775313,5.328411794,4.696239151,3.905496625,4.859578106,4.141613376,4.743400084,5.28652395,6.177789228
2499,5.708775313,5.328411794,4.696239151,3.905496625,4.859578106,4.141613376,4.743400084,5.28652395,6.177789228
2500,5.708775313,5.328411794,4.696239151,3.905496625,4.859578106,4.141613376,4.743400084,5.28652395,6.177789228
2501,5.708775313,5.328411794,4.696239151,3.905496625,4.859578106,4.141613376,4.743400084,5.28652395,6.177789228
2502,5.708775313,5.328411794,4.696239151,3.905496625,4.859578106,4.141613376,4.743400084,5.28652395,6.177789228
2503,5.708775313,5.328411794,4.696239151,3.905496625,4.859578106,4.141613376,4.743400084,5.28652395,6.177789228
2504,5.708775313,5.328411794,4.696239151,3.905496625,4.859578106,4.141613376,4.743400084,5.28652395,6.177789228
2505,5.708775313,5.328411794,4.696239151,3.905496625,4.859578106,4.141613376,4.743400084,5.28652395,6.177789228
2506,5.708775313,5.328411794,4.696239151,3.905496625,4.859578106,4.141613376,4.743400084,5.28652395,6.177789228
2507,5.708775313,5.328411794,4.696239151,3.905496625,4.859578106,4.141613376,4.743400084,5.28652395,6.177789228
2508,5.708775313,5.328411794,4.696239151,3.905496625,4.859578106,4.141613376,4.743400084,5.28652395,6.177789228
2509,5.708775313,5.328411794,4.696239151,3.905496625,4.859578106,4.141613376,4.743400084,5.28652395,6.177789228
2510,5.708775313,5.328411794,4.696239151,3.905496625,4.859578106,4.141613376,4.743400084,5.28652395,6.177789228
2511,5.708775313,5.328411794,4.696239151,3.905496625,4.859578106,4.141613376,4.743400084,5.28652395,6.177789228
2512,5.708775313,5.328411794,4.696239151,3.905496625,4.859578106,4.141613376,4.743400084,5.28652395,6.177789228
2513,5.708775313,5.328411794,4.696239151,3.905496625,4.859578106,4.141613376,4.743400084,5.28652395,6.177789228
2514,5.708775313,5.328411794,4.696239151,3.905496625,4.859578106,4.141613376,4.743400084,5.28652395,6.177789228
2515,5.708775313,5.328411794,4.696239151,3.905496625,4.859578106,4.141613376,4.743400084,5.28652395,6.177789228
2516,5.708775313,5.328411794,4.696239151,3.905496625,4.859578106,4.141613376,4.743400084,5.28652395,6.177789228
2517,5.708775313,5.328411794,4.696239151,3.905496625,4.859578106,4.141613376,4.743400084,5.28652395,6.177789228
2518,5.708775313,5.328411794,4.696239151,3.905496625,4.859578106,4.141613376,4.743400084,5.28652395,6.177789228
2519,5.708775313,5.328411794,4.696239151,3.905496625,4.859578106,4.141613376,4.743400084,5.28652395,6.177789228
2520,5.708775313,5.328411794,4.696239151,3.905496625,4.859578106,4.141613376,4.743400084,5.28652395,6.177789228
2521,5.708775313,5.328411794,4.696239151,3.905496625,4.859578106,4.141613376,4.743400084,5.28652395,6.177789228
2522,5.708775313,5.328411794,4.696239151,3.905496625,4.859578106,4.141613376,4.743400084,5.28652395,6.177789228
2523,5.708775313,5.328411794,4.696239151,3.905496625,4.859578106,4.141613376,4.743400084,5.28652395,6.177789228
2524,5.708775313,5.328411794,4.696239151,3.905496625,4.859578106,4.141613376,4.743400084,5.28652395,6.177789228
2525,5.708775313,5.328411794,4.696239151,3.905496625,4.859578106,4.141613376,4.743400084,5.28652395,6.177789228
2526,5.708775313,5.328411794,4.696239151,3.905496625,4.859578106,4.141613376,4.743400084,5.28652395,6.177789228
2527,5.708775313,5.328411794,4.696239151,3.905496625,4.859578106,4.141613376,4.743400084,5.28652395,6.177789228
2528,5.708775313,5.328411794,4.696239151,3.905496625,4.859578106,4.141613376,4.743400084,5.28652395,6.177789228
2529,5.708775313,5.328411794,4.696239151,3.905496625,4.859578106,4.141613376,4.743400084,5.28652395,6.177789228
2530,5.708775313,5.328411794,4.696239151,3.905496625,4.859578106,4.141613376,4.743400084,5.28652395,6.177789228
2531,5.708775313,5.328411794,4.696239151,3.905496625,4.859578106,4.141613376,4.743400084,5.28652395,6.177789228
2532,5.708775313,5.328411794,4.696239151,3.905496625,4.859578106,4.141613376,4.743400084,5.28652395,6.177789228
2533,5.708775313,5.328411794,4.696239151,3.905496625,4.859578106,4.141613376,4.743400084,5.28652395,6.177789228
2534,5.708775313,5.328411794,4.696239151,3.905496625,4.859578106,4.141613376,4.743400084,5.28652395,6.177789228
2535,5.708775313,5.328411794,4.696239151,3.905496625,4.859578106,4.141613376,4.743400084,5.28652395,6.177789228
2536,5.708775313,5.328411794,4.696239151,3.905496625,4.859578106,4.141613376,4.743400084,5.28652395,6.177789228
2537,5.708775313,5.328411794,4.696239151,3.905496625,4.859578106,4.141613376,4.743400084,5.28652395,6.177789228
2538,5.708775313,5.328411794,4.696239151,3.905496625,4.859578106,4.141613376,4.743400084,5.28652395,6.177789228
2539,5.708775313,5.328411794,4.696239151,3.905496625,4.859578106,4.141613376,4.743400084,5.28652395,6.177789228
2540,5.708775313,5.328411794,4.696239151,3.905496625,4.859578106,4.141613376,4.743400084,5.28652395,6.177789228
2541,5.708775313,5.328411794,4.696239151,3.905496625,4.859578106,4.141613376,4.743400084,5.28652395,6.177789228
2542,5.708775313,5.328411794,4.696239151,3.905496625,4.859578106,4.141613376,4.743400084,5.28652395,6.177789228
2543,5.708775313,5.328411794,4.696239151,3.905496625,4.859578106,4.141613376,4.743400084,5.28652395,6.177789228
2544,5.708775313,5.328411794,4.696239151,3.905496625,4.859578106,4.141613376,4.743400084,5.28652395,6.177789228
2545,5.708775313,5.328411794,4.696239151,3.905496625,4.859578106,4.141613376,4.743400084,5.28652395,6.177789228
2546,5.708775313,5.328411794,4.696239151,3.905496625,4.859578106,4.141613376,4.743400084,5.28652395,6.177789228
2547,5.708775313,5.328411794,4.696239151,3.905496625,4.859578106,4.141613376,4.743400084,5.28652395,6.177789228
2548,5.708775313,5.328411794,4.696239151,3.905496625,4.859578106,4.141613376,4.743400084,5.28652395,6.177789228
2549,5.708775313,5.328411794,4.696239151,3.905496625,4.859578106,4.141613376,4.743400084,5.28652395,6.177789228
2550,5.708775313,5.328411794,4.696239151,3.905496625,4.859578106,4.141613376,4.743400084,5.28652395,6.177789228
2551,5.708775313,5.328411794,4.696239151,3.905496625,4.859578106,4.141613376,4.743400084,5.28652395,6.177789228
2552,5.708775313,5.328411794,4.696239151,3.905496625,4.859578106,4.141613376,4.743400084,5.28652395,6.177789228
2553,5.708775313,5.328411794,4.696239151,3.905496625,4.859578106,4.141613376,4.743400084,5.28652395,6.177789228
2554,5.708775313,5.328411794,4.696239151,3.905496625,4.859578106,4.141613376,4.743400084,5.28652395,6.177789228
2555,5.708775313,5.328411794,4.696239151,3.905496625,4.859578106,4.141613376,4.743400084,5.28652395,6.177789228
2556,5.708775313,5.328411794,4.696239151,3.905496625,4.859578106,4.141613376,4.743400084,5.28652395,6.177789228
2557,5.708775313,5.328411794,4.696239151,3.905496625,4.859578106,4.141613376,4.743400084,5.28652395,6.177789228
2558,5.708775313,5.328411794,4.696239151,3.905496625,4.859578106,4.141613376,4.743400084,5.28652395,6.177789228
2559,5.708775313,5.328411794,4.696239151,3.905496625,4.859578106,4.141613376,4.743400084,5.28652395,6.177789228
2560,5.708775313,5.328411794,4.696239151,3.905496625,4.859578106,4.141613376,4.743400084,5.28652395,6.177789228
2561,5.708775313,5.328411794,4.696239151,3.905496625,4.859578106,4.141613376,4.743400084,5.28652395,6.177789228
2562,5.708775313,5.328411794,4.696239151,3.905496625,4.859578106,4.141613376,4.743400084,5.28652395,6.177789228
2563,5.708775313,5.328411794,4.696239151,3.905496625,4.859578106,4.141613376,4.743400084,5.28652395,6.177789228
2564,5.708775313,5.328411794,4.696239151,3.905496625,4.859578106,4.141613376,4.743400084,5.28652395,6.177789228
2565,5.708775313,5.328411794,4.696239151,3.905496625,4.859578106,4.141613376,4.743400084,5.28652395,6.177789228
2566,5.708775313,5.328411794,4.696239151,3.905496625,4.859578106,4.141613376,4.743400084,5.28652395,6.177789228
2567,5.708775313,5.328411794,4.696239151,3.905496625,4.859578106,4.141613376,4.743400084,5.28652395,6.177789228
2568,5.708775313,5.328411794,4.696239151,3.905496625,4.859578106,4.141613376,4.743400084,5.28652395,6.177789228
2569,5.708775313,5.328411794,4.696239151,3.905496625,4.859578106,4.141613376,4.743400084,5.28652395,6.177789228
2570,5.708775313,5.328411794,4.696239151,3.905496625,4.859578106,4.141613376,4.743400084,5.28652395,6.177789228
2571,5.708775313,5.328411794,4.696239151,3.905496625,4.859578106,4.141613376,4.743400084,5.28652395,6.177789228
2572,5.708775313,5.328411794,4.696239151,3.905496625,4.859578106,4.141613376,4.743400084,5.28652395,6.177789228
2573,5.708775313,5.328411794,4.696239151,3.905496625,4.859578106,4.141613376,4.743400084,5.28652395,6.177789228
2574,5.708775313,5.328411794,4.696239151,3.905496625,4.859578106,4.141613376,4.743400084,5.28652395,6.177789228
2575,5.708775313,5.328411794,4.696239151,3.905496625,4.859578106,4.141613376,4.743400084,5.28652395,6.177789228
2576,5.708775313,5.328411794,4.696239151,3.905496625,4.859578106,4.141613376,4.743400084,5.28652395,6.177789228
2577,5.708775313,5.328411794,4.696239151,3.905496625,4.859578106,4.141613376,4.743400084,5.28652395,6.177789228
2578,5.708775313,5.328411794,4.696239151,3.905496625,4.859578106,4.141613376,4.743400084,5.28652395,6.177789228
2579,5.708775313,5.328411794,4.696239151,3.905496625,4.859578106,4.141613376,4.743400084,5.28652395,6.177789228
2580,5.708775313,5.328411794,4.696239151,3.905496625,4.859578106,4.141613376,4.743400084,5.28652395,6.177789228
2581,5.708775313,5.328411794,4.696239151,3.905496625,4.859578106,4.141613376,4.743400084,5.28652395,6.177789228
2582,5.708775313,5.328411794,4.696239151,3.905496625,4.859578106,4.141613376,4.743400084,5.28652395,6.177789228
2583,5.708775313,5.328411794,4.696239151,3.905496625,4.859578106,4.141613376,4.743400084,5.28652395,6.177789228
2584,5.708775313,5.328411794,4.696239151,3.905496625,4.859578106,4.141613376,4.743400084,5.28652395,6.177789228
2585,5.708775313,5.328411794,4.696239151,3.905496625,4.859578106,4.141613376,4.743400084,5.28652395,6.177789228
2586,5.708775313,5.328411794,4.696239151,3.905496625,4.859578106,4.141613376,4.743400084,5.28652395,6.177789228
2587,5.708775313,5.328411794,4.696239151,3.905496625,4.859578106,4.141613376,4.743400084,5.28652395,6.177789228
2588,5.708775313,5.328411794,4.696239151,3.905496625,4.859578106,4.141613376,4.743400084,5.28652395,6.177789228
2589,5.708775313,5.328411794,4.696239151,3.905496625,4.859578106,4.141613376,4.743400084,5.28652395,6.177789228
2590,5.708775313,5.328411794,4.696239151,3.905496625,4.859578106,4.141613376,4.743400084,5.28652395,6.177789228
2591,5.708775313,5.328411794,4.696239151,3.905496625,4.859578106,4.141613376,4.743400084,5.28652395,6.177789228
2592,5.708775313,5.328411794,4.696239151,3.905496625,4.859578106,4.141613376,4.743400084,5.28652395,6.177789228
2593,5.708775313,5.328411794,4.696239151,3.905496625,4.859578106,4.141613376,4.743400084,5.28652395,6.177789228
2594,5.708775313,5.328411794,4.696239151,3.905496625,4.859578106,4.141613376,4.743400084,5.28652395,6.177789228
2595,5.708775313,5.328411794,4.696239151,3.905496625,4.859578106,4.141613376,4.743400084,5.28652395,6.177789228
2596,5.708775313,5.328411794,4.696239151,3.905496625,4.859578106,4.141613376,4.743400084,5.28652395,6.177789228
2597,5.708775313,5.328411794,4.696239151,3.905496625,4.859578106,4.141613376,4.743400084,5.28652395,6.177789228
2598,5.708775313,5.328411794,4.696239151,3.905496625,4.859578106,4.141613376,4.743400084,5.28652395,6.177789228
2599,5.708775313,5.328411794,4.696239151,3.905496625,4.859578106,4.141613376,4.743400084,5.28652395,6.177789228
2600,5.708775313,5.328411794,4.696239151,3.905496625,4.859578106,4.141613376,4.743400084,5.28652395,6.177789228
2601,5.708775313,5.328411794,4.696239151,3.905496625,4.859578106,4.141613376,4.743400084,5.28652395,6.177789228
2602,5.708775313,5.328411794,4.696239151,3.905496625,4.859578106,4.141613376,4.743400084,5.28652395,6.177789228
2603,5.708775313,5.328411794,4.696239151,3.905496625,4.859578106,4.141613376,4.743400084,5.28652395,6.177789228
2604,5.708775313,5.328411794,4.696239151,3.905496625,4.859578106,4.141613376,4.743400084,5.28652395,6.177789228
2605,5.708775313,5.328411794,4.696239151,3.905496625,4.859578106,4.141613376,4.743400084,5.28652395,6.177789228
2606,5.708775313,5.328411794,4.696239151,3.905496625,4.859578106,4.141613376,4.743400084,5.28652395,6.177789228
2607,5.708775313,5.328411794,4.696239151,3.905496625,4.859578106,4.141613376,4.743400084,5.28652395,6.177789228
2608,5.708775313,5.328411794,4.696239151,3.905496625,4.859578106,4.141613376,4.743400084,5.28652395,6.177789228
2609,5.708775313,5.328411794,4.696239151,3.905496625,4.859578106,4.141613376,4.743400084,5.28652395,6.177789228
2610,5.708775313,5.328411794,4.696239151,3.905496625,4.859578106,4.141613376,4.743400084,5.28652395,6.177789228
2611,5.708775313,5.328411794,4.696239151,3.905496625,4.859578106,4.141613376,4.743400084,5.28652395,6.177789228
2612,5.708775313,5.328411794,4.696239151,3.905496625,4.859578106,4.141613376,4.743400084,5.28652395,6.177789228
2613,5.708775313,5.328411794,4.696239151,3.905496625,4.859578106,4.141613376,4.743400084,5.28652395,6.177789228
2614,5.708775313,5.328411794,4.696239151,3.905496625,4.859578106,4.141613376,4.743400084,5.28652395,6.177789228
2615,5.708775313,5.328411794,4.696239151,3.905496625,4.859578106,4.141613376,4.743400084,5.28652395,6.177789228
2616,5.708775313,5.328411794,4.696239151,3.905496625,4.859578106,4.141613376,4.743400084,5.28652395,6.177789228
2617,5.708775313,5.328411794,4.696239151,3.905496625,4.859578106,4.141613376,4.743400084,5.28652395,6.177789228
2618,5.708775313,5.328411794,4.696239151,3.905496625,4.859578106,4.141613376,4.743400084,5.28652395,6.177789228
2619,5.708775313,5.328411794,4.696239151,3.905496625,4.859578106,4.141613376,4.743400084,5.28652395,6.177789228
2620,5.708775313,5.328411794,4.696239151,3.905496625,4.859578106,4.141613376,4.743400084,5.28652395,6.177789228
2621,5.708775313,5.328411794,4.696239151,3.905496625,4.859578106,4.141613376,4.743400084,5.28652395,6.177789228
2622,5.708775313,5.328411794,4.696239151,3.905496625,4.859578106,4.141613376,4.743400084,5.28652395,6.177789228
2623,5.708775313,5.328411794,4.696239151,3.905496625,4.859578106,4.141613376,4.743400084,5.28652395,6.177789228
2624,5.708775313,5.328411794,4.696239151,3.905496625,4.859578106,4.141613376,4.743400084,5.28652395,6.177789228
2625,5.708775313,5.328411794,4.696239151,3.905496625,4.859578106,4.141613376,4.743400084,5.28652395,6.177789228
2626,5.708775313,5.328411794,4.696239151,3.905496625,4.859578106,4.141613376,4.743400084,5.28652395,6.177789228
2627,5.708775313,5.328411794,4.696239151,3.905496625,4.859578106,4.141613376,4.743400084,5.28652395,6.177789228
2628,5.708775313,5.328411794,4.696239151,3.905496625,4.859578106,4.141613376,4.743400084,5.28652395,6.177789228
2629,5.708775313,5.328411794,4.696239151,3.905496625,4.859578106,4.141613376,4.743400084,5.28652395,6.177789228
2630,5.708775313,5.328411794,4.696239151,3.905496625,4.859578106,4.141613376,4.743400084,5.28652395,6.177789228
2631,5.708775313,5.328411794,4.696239151,3.905496625,4.859578106,4.141613376,4.743400084,5.28652395,6.177789228
2632,5.708775313,5.328411794,4.696239151,3.905496625,4.859578106,4.141613376,4.743400084,5.28652395,6.177789228
2633,5.708775313,5.328411794,4.696239151,3.905496625,4.859578106,4.141613376,4.743400084,5.28652395,6.177789228
2634,5.708775313,5.328411794,4.696239151,3.905496625,4.859578106,4.141613376,4.743400084,5.28652395,6.177789228
2635,5.708775313,5.328411794,4.696239151,3.905496625,4.859578106,4.141613376,4.743400084,5.28652395,6.177789228
2636,5.708775313,5.328411794,4.696239151,3.905496625,4.859578106,4.141613376,4.743400084,5.28652395,6.177789228
2637,5.708775313,5.328411794,4.696239151,3.905496625,4.859578106,4.141613376,4.743400084,5.28652395,6.177789228
2638,5.708775313,5.328411794,4.696239151,3.905496625,4.859578106,4.141613376,4.743400084,5.28652395,6.177789228
2639,5.708775313,5.328411794,4.696239151,3.905496625,4.859578106,4.141613376,4.743400084,5.28652395,6.177789228
2640,5.708775313,5.328411794,4.696239151,3.905496625,4.859578106,4.141613376,4.743400084,5.28652395,6.177789228
2641,5.708775313,5.328411794,4.696239151,3.905496625,4.859578106,4.141613376,4.743400084,5.28652395,6.177789228
2642,5.708775313,5.328411794,4.696239151,3.905496625,4.859578106,4.141613376,4.743400084,5.28652395,6.177789228
2643,5.708775313,5.328411794,4.696239151,3.905496625,4.859578106,4.141613376,4.743400084,5.28652395,6.177789228
2644,5.708775313,5.328411794,4.696239151,3.905496625,4.859578106,4.141613376,4.743400084,5.28652395,6.177789228
2645,5.708775313,5.328411794,4.696239151,3.905496625,4.859578106,4.141613376,4.743400084,5.28652395,6.177789228
2646,5.708775313,5.328411794,4.696239151,3.905496625,4.859578106,4.141613376,4.743400084,5.28652395,6.177789228
2647,5.708775313,5.328411794,4.696239151,3.905496625,4.859578106,4.141613376,4.743400084,5.28652395,6.177789228
2648,5.708775313,5.328411794,4.696239151,3.905496625,4.859578106,4.141613376,4.743400084,5.28652395,6.177789228
2649,5.708775313,5.328411794,4.696239151,3.905496625,4.859578106,4.141613376,4.743400084,5.28652395,6.177789228
2650,5.708775313,5.328411794,4.696239151,3.905496625,4.859578106,4.141613376,4.743400084,5.28652395,6.177789228
2651,5.708775313,5.328411794,4.696239151,3.905496625,4.859578106,4.141613376,4.743400084,5.28652395,6.177789228
2652,5.708775313,5.328411794,4.696239151,3.905496625,4.859578106,4.141613376,4.743400084,5.28652395,6.177789228
2653,5.708775313,5.328411794,4.696239151,3.905496625,4.859578106,4.141613376,4.743400084,5.28652395,6.177789228
2654,5.708775313,5.328411794,4.696239151,3.905496625,4.859578106,4.141613376,4.743400084,5.28652395,6.177789228
2655,5.708775313,5.328411794,4.696239151,3.905496625,4.859578106,4.141613376,4.743400084,5.28652395,6.177789228
2656,5.708775313,5.328411794,4.696239151,3.905496625,4.859578106,4.141613376,4.743400084,5.28652395,6.177789228
2657,5.708775313,5.328411794,4.696239151,3.905496625,4.859578106,4.141613376,4.743400084,5.28652395,6.177789228
2658,5.708775313,5.328411794,4.696239151,3.905496625,4.859578106,4.141613376,4.743400084,5.28652395,6.177789228
2659,5.708775313,5.328411794,4.696239151,3.905496625,4.859578106,4.141613376,4.743400084,5.28652395,6.177789228
2660,5.708775313,5.328411794,4.696239151,3.905496625,4.859578106,4.141613376,4.743400084,5.28652395,6.177789228
2661,5.708775313,5.328411794,4.696239151,3.905496625,4.859578106,4.141613376,4.743400084,5.28652395,6.177789228
2662,5.708775313,5.328411794,4.696239151,3.905496625,4.859578106,4.141613376,4.743400084,5.28652395,6.177789228
2663,5.708775313,5.328411794,4.696239151,3.905496625,4.859578106,4.141613376,4.743400084,5.28652395,6.177789228
2664,5.708775313,5.328411794,4.696239151,3.905496625,4.859578106,4.141613376,4.743400084,5.28652395,6.177789228
2665,5.708775313,5.328411794,4.696239151,3.905496625,4.859578106,4.141613376,4.743400084,5.28652395,6.177789228
2666,5.708775313,5.328411794,4.696239151,3.905496625,4.859578106,4.141613376,4.743400084,5.28652395,6.177789228
2667,5.708775313,5.328411794,4.696239151,3.905496625,4.859578106,4.141613376,4.743400084,5.28652395,6.177789228
2668,5.708775313,5.328411794,4.696239151,3.905496625,4.859578106,4.141613376,4.743400084,5.28652395,6.177789228
2669,5.708775313,5.328411794,4.696239151,3.905496625,4.859578106,4.141613376,4.743400084,5.28652395,6.177789228
2670,5.708775313,5.328411794,4.696239151,3.905496625,4.859578106,4.141613376,4.743400084,5.28652395,6.177789228
2671,5.708775313,5.328411794,4.696239151,3.905496625,4.859578106,4.141613376,4.743400084,5.28652395,6.177789228
2672,5.708775313,5.328411794,4.696239151,3.905496625,4.859578106,4.141613376,4.743400084,5.28652395,6.177789228
2673,5.708775313,5.328411794,4.696239151,3.905496625,4.859578106,4.141613376,4.743400084,5.28652395,6.177789228
2674,5.708775313,5.328411794,4.696239151,3.905496625,4.859578106,4.141613376,4.743400084,5.28652395,6.177789228
2675,5.708775313,5.328411794,4.696239151,3.905496625,4.859578106,4.141613376,4.743400084,5.28652395,6.177789228
2676,5.708775313,5.328411794,4.696239151,3.905496625,4.859578106,4.141613376,4.743400084,5.28652395,6.177789228
2677,5.708775313,5.328411794,4.696239151,3.905496625,4.859578106,4.141613376,4.743400084,5.28652395,6.177789228
2678,5.708775313,5.328411794,4.696239151,3.905496625,4.859578106,4.141613376,4.743400084,5.28652395,6.177789228
2679,5.708775313,5.328411794,4.696239151,3.905496625,4.859578106,4.141613376,4.743400084,5.28652395,6.177789228
2680,5.708775313,5.328411794,4.696239151,3.905496625,4.859578106,4.141613376,4.743400084,5.28652395,6.177789228
2681,5.708775313,5.328411794,4.696239151,3.905496625,4.859578106,4.141613376,4.743400084,5.28652395,6.177789228
2682,5.708775313,5.328411794,4.696239151,3.905496625,4.859578106,4.141613376,4.743400084,5.28652395,6.177789228
2683,5.708775313,5.328411794,4.696239151,3.905496625,4.859578106,4.141613376,4.743400084,5.28652395,6.177789228
2684,5.708775313,5.328411794,4.696239151,3.905496625,4.859578106,4.141613376,4.743400084,5.28652395,6.177789228
2685,5.708775313,5.328411794,4.696239151,3.905496625,4.859578106,4.141613376,4.743400084,5.28652395,6.177789228
2686,5.708775313,5.328411794,4.696239151,3.905496625,4.859578106,4.141613376,4.743400084,5.28652395,6.177789228
2687,5.708775313,5.328411794,4.696239151,3.905496625,4.859578106,4.141613376,4.743400084,5.28652395,6.177789228
2688,5.708775313,5.328411794,4.696239151,3.905496625,4.859578106,4.141613376,4.743400084,5.28652395,6.177789228
2689,5.708775313,5.328411794,4.696239151,3.905496625,4.859578106,4.141613376,4.743400084,5.28652395,6.177789228
2690,5.708775313,5.328411794,4.696239151,3.905496625,4.859578106,4.141613376,4.743400084,5.28652395,6.177789228
2691,5.708775313,5.328411794,4.696239151,3.905496625,4.859578106,4.141613376,4.743400084,5.28652395,6.177789228
2692,5.708775313,5.328411794,4.696239151,3.905496625,4.859578106,4.141613376,4.743400084,5.28652395,6.177789228
2693,5.708775313,5.328411794,4.696239151,3.905496625,4.859578106,4.141613376,4.743400084,5.28652395,6.177789228
2694,5.708775313,5.328411794,4.696239151,3.905496625,4.859578106,4.141613376,4.743400084,5.28652395,6.177789228
2695,5.708775313,5.328411794,4.696239151,3.905496625,4.859578106,4.141613376,4.743400084,5.28652395,6.177789228
2696,5.708775313,5.328411794,4.696239151,3.905496625,4.859578106,4.141613376,4.743400084,5.28652395,6.177789228
2697,5.708775313,5.328411794,4.696239151,3.905496625,4.859578106,4.141613376,4.743400084,5.28652395,6.177789228
2698,5.708775313,5.328411794,4.696239151,3.905496625,4.859578106,4.141613376,4.743400084,5.28652395,6.177789228
2699,5.708775313,5.328411794,4.696239151,3.905496625,4.859578106,4.141613376,4.743400084,5.28652395,6.177789228
2700,5.708775313,5.328411794,4.696239151,3.905496625,4.859578106,4.141613376,4.743400084,5.28652395,6.177789228
2701,5.708775313,5.328411794,4.696239151,3.905496625,4.859578106,4.141613376,4.743400084,5.28652395,6.177789228
2702,5.708775313,5.328411794,4.696239151,3.905496625,4.859578106,4.141613376,4.743400084,5.28652395,6.177789228
2703,5.708775313,5.328411794,4.696239151,3.905496625,4.859578106,4.141613376,4.743400084,5.28652395,6.177789228
2704,5.708775313,5.328411794,4.696239151,3.905496625,4.859578106,4.141613376,4.743400084,5.28652395,6.177789228
2705,5.708775313,5.328411794,4.696239151,3.905496625,4.859578106,4.141613376,4.743400084,5.28652395,6.177789228
2706,5.708775313,5.328411794,4.696239151,3.905496625,4.859578106,4.141613376,4.743400084,5.28652395,6.177789228
2707,5.708775313,5.328411794,4.696239151,3.905496625,4.859578106,4.141613376,4.743400084,5.28652395,6.177789228
2708,5.708775313,5.328411794,4.696239151,3.905496625,4.859578106,4.141613376,4.743400084,5.28652395,6.177789228
2709,5.708775313,5.328411794,4.696239151,3.905496625,4.859578106,4.141613376,4.743400084,5.28652395,6.177789228
2710,5.708775313,5.328411794,4.696239151,3.905496625,4.859578106,4.141613376,4.743400084,5.28652395,6.177789228
2711,5.708775313,5.328411794,4.696239151,3.905496625,4.859578106,4.141613376,4.743400084,5.28652395,6.177789228
2712,5.708775313,5.328411794,4.696239151,3.905496625,4.859578106,4.141613376,4.743400084,5.28652395,6.177789228
2713,5.708775313,5.328411794,4.696239151,3.905496625,4.859578106,4.141613376,4.743400084,5.28652395,6.177789228
2714,5.708775313,5.328411794,4.696239151,3.905496625,4.859578106,4.141613376,4.743400084,5.28652395,6.177789228
2715,5.708775313,5.328411794,4.696239151,3.905496625,4.859578106,4.141613376,4.743400084,5.28652395,6.177789228
2716,5.708775313,5.328411794,4.696239151,3.905496625,4.859578106,4.141613376,4.743400084,5.28652395,6.177789228
2717,5.708775313,5.328411794,4.696239151,3.905496625,4.859578106,4.141613376,4.743400084,5.28652395,6.177789228
2718,5.708775313,5.328411794,4.696239151,3.905496625,4.859578106,4.141613376,4.743400084,5.28652395,6.177789228
2719,5.708775313,5.328411794,4.696239151,3.905496625,4.859578106,4.141613376,4.743400084,5.28652395,6.177789228
2720,5.708775313,5.328411794,4.696239151,3.905496625,4.859578106,4.141613376,4.743400084,5.28652395,6.177789228
2721,5.708775313,5.328411794,4.696239151,3.905496625,4.859578106,4.141613376,4.743400084,5.28652395,6.177789228
2722,5.708775313,5.328411794,4.696239151,3.905496625,4.859578106,4.141613376,4.743400084,5.28652395,6.177789228
2723,5.708775313,5.328411794,4.696239151,3.905496625,4.859578106,4.141613376,4.743400084,5.28652395,6.177789228
2724,5.708775313,5.328411794,4.696239151,3.905496625,4.859578106,4.141613376,4.743400084,5.28652395,6.177789228
2725,5.708775313,5.328411794,4.696239151,3.905496625,4.859578106,4.141613376,4.743400084,5.28652395,6.177789228
2726,5.708775313,5.328411794,4.696239151,3.905496625,4.859578106,4.141613376,4.743400084,5.28652395,6.177789228
2727,5.708775313,5.328411794,4.696239151,3.905496625,4.859578106,4.141613376,4.743400084,5.28652395,6.177789228
2728,5.708775313,5.328411794,4.696239151,3.905496625,4.859578106,4.141613376,4.743400084,5.28652395,6.177789228
2729,5.708775313,5.328411794,4.696239151,3.905496625,4.859578106,4.141613376,4.743400084,5.28652395,6.177789228
2730,5.708775313,5.328411794,4.696239151,3.905496625,4.859578106,4.141613376,4.743400084,5.28652395,6.177789228
2731,5.708775313,5.328411794,4.696239151,3.905496625,4.859578106,4.141613376,4.743400084,5.28652395,6.177789228
2732,5.708775313,5.328411794,4.696239151,3.905496625,4.859578106,4.141613376,4.743400084,5.28652395,6.177789228
2733,5.708775313,5.328411794,4.696239151,3.905496625,4.859578106,4.141613376,4.743400084,5.28652395,6.177789228
2734,5.708775313,5.328411794,4.696239151,3.905496625,4.859578106,4.141613376,4.743400084,5.28652395,6.177789228
2735,5.708775313,5.328411794,4.696239151,3.905496625,4.859578106,4.141613376,4.743400084,5.28652395,6.177789228
2736,5.708775313,5.328411794,4.696239151,3.905496625,4.859578106,4.141613376,4.743400084,5.28652395,6.177789228
2737,5.708775313,5.328411794,4.696239151,3.905496625,4.859578106,4.141613376,4.743400084,5.28652395,6.177789228
2738,5.708775313,5.328411794,4.696239151,3.905496625,4.859578106,4.141613376,4.743400084,5.28652395,6.177789228
2739,5.708775313,5.328411794,4.696239151,3.905496625,4.859578106,4.141613376,4.743400084,5.28652395,6.177789228
2740,5.708775313,5.328411794,4.696239151,3.905496625,4.859578106,4.141613376,4.743400084,5.28652395,6.177789228
2741,5.708775313,5.328411794,4.696239151,3.905496625,4.859578106,4.141613376,4.743400084,5.28652395,6.177789228
2742,5.708775313,5.328411794,4.696239151,3.905496625,4.859578106,4.141613376,4.743400084,5.28652395,6.177789228
2743,5.708775313,5.328411794,4.696239151,3.905496625,4.859578106,4.141613376,4.743400084,5.28652395,6.177789228
2744,5.708775313,5.328411794,4.696239151,3.905496625,4.859578106,4.141613376,4.743400084,5.28652395,6.177789228
2745,5.708775313,5.328411794,4.696239151,3.905496625,4.859578106,4.141613376,4.743400084,5.28652395,6.177789228
2746,5.708775313,5.328411794,4.696239151,3.905496625,4.859578106,4.141613376,4.743400084,5.28652395,6.177789228
2747,5.708775313,5.328411794,4.696239151,3.905496625,4.859578106,4.141613376,4.743400084,5.28652395,6.177789228
2748,5.708775313,5.328411794,4.696239151,3.905496625,4.859578106,4.141613376,4.743400084,5.28652395,6.177789228
2749,5.708775313,5.328411794,4.696239151,3.905496625,4.859578106,4.141613376,4.743400084,5.28652395,6.177789228
2750,5.708775313,5.328411794,4.696239151,3.905496625,4.859578106,4.141613376,4.743400084,5.28652395,6.177789228
2751,5.708775313,5.328411794,4.696239151,3.905496625,4.859578106,4.141613376,4.743400084,5.28652395,6.177789228
2752,5.708775313,5.328411794,4.696239151,3.905496625,4.859578106,4.141613376,4.743400084,5.28652395,6.177789228
2753,5.708775313,5.328411794,4.696239151,3.905496625,4.859578106,4.141613376,4.743400084,5.28652395,6.177789228
2754,5.708775313,5.328411794,4.696239151,3.905496625,4.859578106,4.141613376,4.743400084,5.28652395,6.177789228
2755,5.708775313,5.328411794,4.696239151,3.905496625,4.859578106,4.141613376,4.743400084,5.28652395,6.177789228
2756,5.708775313,5.328411794,4.696239151,3.905496625,4.859578106,4.141613376,4.743400084,5.28652395,6.177789228
2757,5.708775313,5.328411794,4.696239151,3.905496625,4.859578106,4.141613376,4.743400084,5.28652395,6.177789228
2758,5.708775313,5.328411794,4.696239151,3.905496625,4.859578106,4.141613376,4.743400084,5.28652395,6.177789228
2759,5.708775313,5.328411794,4.696239151,3.905496625,4.859578106,4.141613376,4.743400084,5.28652395,6.177789228
2760,5.708775313,5.328411794,4.696239151,3.905496625,4.859578106,4.141613376,4.743400084,5.28652395,6.177789228
2761,5.708775313,5.328411794,4.696239151,3.905496625,4.859578106,4.141613376,4.743400084,5.28652395,6.177789228
2762,5.708775313,5.328411794,4.696239151,3.905496625,4.859578106,4.141613376,4.743400084,5.28652395,6.177789228
2763,5.708775313,5.328411794,4.696239151,3.905496625,4.859578106,4.141613376,4.743400084,5.28652395,6.177789228
2764,5.708775313,5.328411794,4.696239151,3.905496625,4.859578106,4.141613376,4.743400084,5.28652395,6.177789228
2765,5.708775313,5.328411794,4.696239151,3.905496625,4.859578106,4.141613376,4.743400084,5.28652395,6.177789228
2766,5.708775313,5.328411794,4.696239151,3.905496625,4.859578106,4.141613376,4.743400084,5.28652395,6.177789228
2767,5.708775313,5.328411794,4.696239151,3.905496625,4.859578106,4.141613376,4.743400084,5.28652395,6.177789228
2768,5.708775313,5.328411794,4.696239151,3.905496625,4.859578106,4.141613376,4.743400084,5.28652395,6.177789228
2769,5.708775313,5.328411794,4.696239151,3.905496625,4.859578106,4.141613376,4.743400084,5.28652395,6.177789228
2770,5.708775313,5.328411794,4.696239151,3.905496625,4.859578106,4.141613376,4.743400084,5.28652395,6.177789228
2771,5.708775313,5.328411794,4.696239151,3.905496625,4.859578106,4.141613376,4.743400084,5.28652395,6.177789228
2772,5.708775313,5.328411794,4.696239151,3.905496625,4.859578106,4.141613376,4.743400084,5.28652395,6.177789228
2773,5.708775313,5.328411794,4.696239151,3.905496625,4.859578106,4.141613376,4.743400084,5.28652395,6.177789228
2774,5.708775313,5.328411794,4.696239151,3.905496625,4.859578106,4.141613376,4.743400084,5.28652395,6.177789228
2775,5.708775313,5.328411794,4.696239151,3.905496625,4.859578106,4.141613376,4.743400084,5.28652395,6.177789228
2776,5.708775313,5.328411794,4.696239151,3.905496625,4.859578106,4.141613376,4.743400084,5.28652395,6.177789228
2777,5.708775313,5.328411794,4.696239151,3.905496625,4.859578106,4.141613376,4.743400084,5.28652395,6.177789228
2778,5.708775313,5.328411794,4.696239151,3.905496625,4.859578106,4.141613376,4.743400084,5.28652395,6.177789228
2779,5.708775313,5.328411794,4.696239151,3.905496625,4.859578106,4.141613376,4.743400084,5.28652395,6.177789228
2780,5.708775313,5.328411794,4.696239151,3.905496625,4.859578106,4.141613376,4.743400084,5.28652395,6.177789228
2781,5.708775313,5.328411794,4.696239151,3.905496625,4.859578106,4.141613376,4.743400084,5.28652395,6.177789228
2782,5.708775313,5.328411794,4.696239151,3.905496625,4.859578106,4.141613376,4.743400084,5.28652395,6.177789228
2783,5.708775313,5.328411794,4.696239151,3.905496625,4.859578106,4.141613376,4.743400084,5.28652395,6.177789228
2784,5.708775313,5.328411794,4.696239151,3.905496625,4.859578106,4.141613376,4.743400084,5.28652395,6.177789228
2785,5.708775313,5.328411794,4.696239151,3.905496625,4.859578106,4.141613376,4.743400084,5.28652395,6.177789228
2786,5.708775313,5.328411794,4.696239151,3.905496625,4.859578106,4.141613376,4.743400084,5.28652395,6.177789228
2787,5.708775313,5.328411794,4.696239151,3.905496625,4.859578106,4.141613376,4.743400084,5.28652395,6.177789228
2788,5.708775313,5.328411794,4.696239151,3.905496625,4.859578106,4.141613376,4.743400084,5.28652395,6.177789228
2789,5.708775313,5.328411794,4.696239151,3.905496625,4.859578106,4.141613376,4.743400084,5.28652395,6.177789228
2790,5.708775313,5.328411794,4.696239151,3.905496625,4.859578106,4.141613376,4.743400084,5.28652395,6.177789228
2791,5.708775313,5.328411794,4.696239151,3.905496625,4.859578106,4.141613376,4.743400084,5.28652395,6.177789228
2792,5.708775313,5.328411794,4.696239151,3.905496625,4.859578106,4.141613376,4.743400084,5.28652395,6.177789228
2793,5.708775313,5.328411794,4.696239151,3.905496625,4.859578106,4.141613376,4.743400084,5.28652395,6.177789228
2794,5.708775313,5.328411794,4.696239151,3.905496625,4.859578106,4.141613376,4.743400084,5.28652395,6.177789228
2795,5.708775313,5.328411794,4.696239151,3.905496625,4.859578106,4.141613376,4.743400084,5.28652395,6.177789228
2796,5.708775313,5.328411794,4.696239151,3.905496625,4.859578106,4.141613376,4.743400084,5.28652395,6.177789228
2797,5.708775313,5.328411794,4.696239151,3.905496625,4.859578106,4.141613376,4.743400084,5.28652395,6.177789228
2798,5.708775313,5.328411794,4.696239151,3.905496625,4.859578106,4.141613376,4.743400084,5.28652395,6.177789228
2799,5.708775313,5.328411794,4.696239151,3.905496625,4.859578106,4.141613376,4.743400084,5.28652395,6.177789228
2800,5.708775313,5.328411794,4.696239151,3.905496625,4.859578106,4.141613376,4.743400084,5.28652395,6.177789228
2801,5.708775313,5.328411794,4.696239151,3.905496625,4.859578106,4.141613376,4.743400084,5.28652395,6.177789228
2802,5.708775313,5.328411794,4.696239151,3.905496625,4.859578106,4.141613376,4.743400084,5.28652395,6.177789228
2803,5.708775313,5.328411794,4.696239151,3.905496625,4.859578106,4.141613376,4.743400084,5.28652395,6.177789228
2804,5.708775313,5.328411794,4.696239151,3.905496625,4.859578106,4.141613376,4.743400084,5.28652395,6.177789228
2805,5.708775313,5.328411794,4.696239151,3.905496625,4.859578106,4.141613376,4.743400084,5.28652395,6.177789228
2806,5.708775313,5.328411794,4.696239151,3.905496625,4.859578106,4.141613376,4.743400084,5.28652395,6.177789228
2807,5.708775313,5.328411794,4.696239151,3.905496625,4.859578106,4.141613376,4.743400084,5.28652395,6.177789228
2808,5.708775313,5.328411794,4.696239151,3.905496625,4.859578106,4.141613376,4.743400084,5.28652395,6.177789228
2809,5.708775313,5.328411794,4.696239151,3.905496625,4.859578106,4.141613376,4.743400084,5.28652395,6.177789228
2810,5.708775313,5.328411794,4.696239151,3.905496625,4.859578106,4.141613376,4.743400084,5.28652395,6.177789228
2811,5.708775313,5.328411794,4.696239151,3.905496625,4.859578106,4.141613376,4.743400084,5.28652395,6.177789228
2812,5.708775313,5.328411794,4.696239151,3.905496625,4.859578106,4.141613376,4.743400084,5.28652395,6.177789228
2813,5.708775313,5.328411794,4.696239151,3.905496625,4.859578106,4.141613376,4.743400084,5.28652395,6.177789228
2814,5.708775313,5.328411794,4.696239151,3.905496625,4.859578106,4.141613376,4.743400084,5.28652395,6.177789228
2815,5.708775313,5.328411794,4.696239151,3.905496625,4.859578106,4.141613376,4.743400084,5.28652395,6.177789228
2816,5.708775313,5.328411794,4.696239151,3.905496625,4.859578106,4.141613376,4.743400084,5.28652395,6.177789228
2817,5.708775313,5.328411794,4.696239151,3.905496625,4.859578106,4.141613376,4.743400084,5.28652395,6.177789228
2818,5.708775313,5.328411794,4.696239151,3.905496625,4.859578106,4.141613376,4.743400084,5.28652395,6.177789228
2819,5.708775313,5.328411794,4.696239151,3.905496625,4.859578106,4.141613376,4.743400084,5.28652395,6.177789228
2820,5.708775313,5.328411794,4.696239151,3.905496625,4.859578106,4.141613376,4.743400084,5.28652395,6.177789228
2821,5.708775313,5.328411794,4.696239151,3.905496625,4.859578106,4.141613376,4.743400084,5.28652395,6.177789228
2822,5.708775313,5.328411794,4.696239151,3.905496625,4.859578106,4.141613376,4.743400084,5.28652395,6.177789228
2823,5.708775313,5.328411794,4.696239151,3.905496625,4.859578106,4.141613376,4.743400084,5.28652395,6.177789228
2824,5.708775313,5.328411794,4.696239151,3.905496625,4.859578106,4.141613376,4.743400084,5.28652395,6.177789228
2825,5.708775313,5.328411794,4.696239151,3.905496625,4.859578106,4.141613376,4.743400084,5.28652395,6.177789228
2826,5.708775313,5.328411794,4.696239151,3.905496625,4.859578106,4.141613376,4.743400084,5.28652395,6.177789228
2827,5.708775313,5.328411794,4.696239151,3.905496625,4.859578106,4.141613376,4.743400084,5.28652395,6.177789228
2828,5.708775313,5.328411794,4.696239151,3.905496625,4.859578106,4.141613376,4.743400084,5.28652395,6.177789228
2829,5.708775313,5.328411794,4.696239151,3.905496625,4.859578106,4.141613376,4.743400084,5.28652395,6.177789228
2830,5.708775313,5.328411794,4.696239151,3.905496625,4.859578106,4.141613376,4.743400084,5.28652395,6.177789228
2831,5.708775313,5.328411794,4.696239151,3.905496625,4.859578106,4.141613376,4.743400084,5.28652395,6.177789228
2832,5.708775313,5.328411794,4.696239151,3.905496625,4.859578106,4.141613376,4.743400084,5.28652395,6.177789228
2833,5.708775313,5.328411794,4.696239151,3.905496625,4.859578106,4.141613376,4.743400084,5.28652395,6.177789228
2834,5.708775313,5.328411794,4.696239151,3.905496625,4.859578106,4.141613376,4.743400084,5.28652395,6.177789228
2835,5.708775313,5.328411794,4.696239151,3.905496625,4.859578106,4.141613376,4.743400084,5.28652395,6.177789228
2836,5.708775313,5.328411794,4.696239151,3.905496625,4.859578106,4.141613376,4.743400084,5.28652395,6.177789228
2837,5.708775313,5.328411794,4.696239151,3.905496625,4.859578106,4.141613376,4.743400084,5.28652395,6.177789228
2838,5.708775313,5.328411794,4.696239151,3.905496625,4.859578106,4.141613376,4.743400084,5.28652395,6.177789228
2839,5.708775313,5.328411794,4.696239151,3.905496625,4.859578106,4.141613376,4.743400084,5.28652395,6.177789228
2840,5.708775313,5.328411794,4.696239151,3.905496625,4.859578106,4.141613376,4.743400084,5.28652395,6.177789228
2841,5.708775313,5.328411794,4.696239151,3.905496625,4.859578106,4.141613376,4.743400084,5.28652395,6.177789228
2842,5.708775313,5.328411794,4.696239151,3.905496625,4.859578106,4.141613376,4.743400084,5.28652395,6.177789228
2843,5.708775313,5.328411794,4.696239151,3.905496625,4.859578106,4.141613376,4.743400084,5.28652395,6.177789228
2844,5.708775313,5.328411794,4.696239151,3.905496625,4.859578106,4.141613376,4.743400084,5.28652395,6.177789228
2845,5.708775313,5.328411794,4.696239151,3.905496625,4.859578106,4.141613376,4.743400084,5.28652395,6.177789228
2846,5.708775313,5.328411794,4.696239151,3.905496625,4.859578106,4.141613376,4.743400084,5.28652395,6.177789228
2847,5.708775313,5.328411794,4.696239151,3.905496625,4.859578106,4.141613376,4.743400084,5.28652395,6.177789228
2848,5.708775313,5.328411794,4.696239151,3.905496625,4.859578106,4.141613376,4.743400084,5.28652395,6.177789228
2849,5.708775313,5.328411794,4.696239151,3.905496625,4.859578106,4.141613376,4.743400084,5.28652395,6.177789228
2850,5.708775313,5.328411794,4.696239151,3.905496625,4.859578106,4.141613376,4.743400084,5.28652395,6.177789228
2851,5.708775313,5.328411794,4.696239151,3.905496625,4.859578106,4.141613376,4.743400084,5.28652395,6.177789228
2852,5.708775313,5.328411794,4.696239151,3.905496625,4.859578106,4.141613376,4.743400084,5.28652395,6.177789228
2853,5.708775313,5.328411794,4.696239151,3.905496625,4.859578106,4.141613376,4.743400084,5.28652395,6.177789228
2854,5.708775313,5.328411794,4.696239151,3.905496625,4.859578106,4.141613376,4.743400084,5.28652395,6.177789228
2855,5.708775313,5.328411794,4.696239151,3.905496625,4.859578106,4.141613376,4.743400084,5.28652395,6.177789228
2856,5.708775313,5.328411794,4.696239151,3.905496625,4.859578106,4.141613376,4.743400084,5.28652395,6.177789228
2857,5.708775313,5.328411794,4.696239151,3.905496625,4.859578106,4.141613376,4.743400084,5.28652395,6.177789228
2858,5.708775313,5.328411794,4.696239151,3.905496625,4.859578106,4.141613376,4.743400084,5.28652395,6.177789228
2859,5.708775313,5.328411794,4.696239151,3.905496625,4.859578106,4.141613376,4.743400084,5.28652395,6.177789228
2860,5.708775313,5.328411794,4.696239151,3.905496625,4.859578106,4.141613376,4.743400084,5.28652395,6.177789228
2861,5.708775313,5.328411794,4.696239151,3.905496625,4.859578106,4.141613376,4.743400084,5.28652395,6.177789228
2862,5.708775313,5.328411794,4.696239151,3.905496625,4.859578106,4.141613376,4.743400084,5.28652395,6.177789228
2863,5.708775313,5.328411794,4.696239151,3.905496625,4.859578106,4.141613376,4.743400084,5.28652395,6.177789228
2864,5.708775313,5.328411794,4.696239151,3.905496625,4.859578106,4.141613376,4.743400084,5.28652395,6.177789228
2865,5.708775313,5.328411794,4.696239151,3.905496625,4.859578106,4.141613376,4.743400084,5.28652395,6.177789228
2866,5.708775313,5.328411794,4.696239151,3.905496625,4.859578106,4.141613376,4.743400084,5.28652395,6.177789228
2867,5.708775313,5.328411794,4.696239151,3.905496625,4.859578106,4.141613376,4.743400084,5.28652395,6.177789228
2868,5.708775313,5.328411794,4.696239151,3.905496625,4.859578106,4.141613376,4.743400084,5.28652395,6.177789228
2869,5.708775313,5.328411794,4.696239151,3.905496625,4.859578106,4.141613376,4.743400084,5.28652395,6.177789228
2870,5.708775313,5.328411794,4.696239151,3.905496625,4.859578106,4.141613376,4.743400084,5.28652395,6.177789228
2871,5.708775313,5.328411794,4.696239151,3.905496625,4.859578106,4.141613376,4.743400084,5.28652395,6.177789228
2872,5.708775313,5.328411794,4.696239151,3.905496625,4.859578106,4.141613376,4.743400084,5.28652395,6.177789228
2873,5.708775313,5.328411794,4.696239151,3.905496625,4.859578106,4.141613376,4.743400084,5.28652395,6.177789228
2874,5.708775313,5.328411794,4.696239151,3.905496625,4.859578106,4.141613376,4.743400084,5.28652395,6.177789228
2875,5.708775313,5.328411794,4.696239151,3.905496625,4.859578106,4.141613376,4.743400084,5.28652395,6.177789228
2876,5.708775313,5.328411794,4.696239151,3.905496625,4.859578106,4.141613376,4.743400084,5.28652395,6.177789228
2877,5.708775313,5.328411794,4.696239151,3.905496625,4.859578106,4.141613376,4.743400084,5.28652395,6.177789228
2878,5.708775313,5.328411794,4.696239151,3.905496625,4.859578106,4.141613376,4.743400084,5.28652395,6.177789228
2879,5.708775313,5.328411794,4.696239151,3.905496625,4.859578106,4.141613376,4.743400084,5.28652395,6.177789228
2880,5.708775313,5.328411794,4.696239151,3.905496625,4.859578106,4.141613376,4.743400084,5.28652395,6.177789228
2881,5.708775313,5.328411794,4.696239151,3.905496625,4.859578106,4.141613376,4.743400084,5.28652395,6.177789228
2882,5.708775313,5.328411794,4.696239151,3.905496625,4.859578106,4.141613376,4.743400084,5.28652395,6.177789228
2883,5.708775313,5.328411794,4.696239151,3.905496625,4.859578106,4.141613376,4.743400084,5.28652395,6.177789228
2884,5.708775313,5.328411794,4.696239151,3.905496625,4.859578106,4.141613376,4.743400084,5.28652395,6.177789228
2885,5.708775313,5.328411794,4.696239151,3.905496625,4.859578106,4.141613376,4.743400084,5.28652395,6.177789228
2886,5.708775313,5.328411794,4.696239151,3.905496625,4.859578106,4.141613376,4.743400084,5.28652395,6.177789228
2887,5.708775313,5.328411794,4.696239151,3.905496625,4.859578106,4.141613376,4.743400084,5.28652395,6.177789228
2888,5.708775313,5.328411794,4.696239151,3.905496625,4.859578106,4.141613376,4.743400084,5.28652395,6.177789228
2889,5.708775313,5.328411794,4.696239151,3.905496625,4.859578106,4.141613376,4.743400084,5.28652395,6.177789228
2890,5.708775313,5.328411794,4.696239151,3.905496625,4.859578106,4.141613376,4.743400084,5.28652395,6.177789228
2891,5.708775313,5.328411794,4.696239151,3.905496625,4.859578106,4.141613376,4.743400084,5.28652395,6.177789228
2892,5.708775313,5.328411794,4.696239151,3.905496625,4.859578106,4.141613376,4.743400084,5.28652395,6.177789228
2893,5.708775313,5.328411794,4.696239151,3.905496625,4.859578106,4.141613376,4.743400084,5.28652395,6.177789228
2894,5.708775313,5.328411794,4.696239151,3.905496625,4.859578106,4.141613376,4.743400084,5.28652395,6.177789228
2895,5.708775313,5.328411794,4.696239151,3.905496625,4.859578106,4.141613376,4.743400084,5.28652395,6.177789228
2896,5.708775313,5.328411794,4.696239151,3.905496625,4.859578106,4.141613376,4.743400084,5.28652395,6.177789228
2897,5.708775313,5.328411794,4.696239151,3.905496625,4.859578106,4.141613376,4.743400084,5.28652395,6.177789228
2898,5.708775313,5.328411794,4.696239151,3.905496625,4.859578106,4.141613376,4.743400084,5.28652395,6.177789228
2899,5.708775313,5.328411794,4.696239151,3.905496625,4.859578106,4.141613376,4.743400084,5.28652395,6.177789228
2900,5.708775313,5.328411794,4.696239151,3.905496625,4.859578106,4.141613376,4.743400084,5.28652395,6.177789228
2901,5.708775313,5.328411794,4.696239151,3.905496625,4.859578106,4.141613376,4.743400084,5.28652395,6.177789228
2902,5.708775313,5.328411794,4.696239151,3.905496625,4.859578106,4.141613376,4.743400084,5.28652395,6.177789228
2903,5.708775313,5.328411794,4.696239151,3.905496625,4.859578106,4.141613376,4.743400084,5.28652395,6.177789228
2904,5.708775313,5.328411794,4.696239151,3.905496625,4.859578106,4.141613376,4.743400084,5.28652395,6.177789228
2905,5.708775313,5.328411794,4.696239151,3.905496625,4.859578106,4.141613376,4.743400084,5.28652395,6.177789228
2906,5.708775313,5.328411794,4.696239151,3.905496625,4.859578106,4.141613376,4.743400084,5.28652395,6.177789228
2907,5.708775313,5.328411794,4.696239151,3.905496625,4.859578106,4.141613376,4.743400084,5.28652395,6.177789228
2908,5.708775313,5.328411794,4.696239151,3.905496625,4.859578106,4.141613376,4.743400084,5.28652395,6.177789228
2909,5.708775313,5.328411794,4.696239151,3.905496625,4.859578106,4.141613376,4.743400084,5.28652395,6.177789228
2910,5.708775313,5.328411794,4.696239151,3.905496625,4.859578106,4.141613376,4.743400084,5.28652395,6.177789228
2911,5.708775313,5.328411794,4.696239151,3.905496625,4.859578106,4.141613376,4.743400084,5.28652395,6.177789228
2912,5.708775313,5.328411794,4.696239151,3.905496625,4.859578106,4.141613376,4.743400084,5.28652395,6.177789228
2913,5.708775313,5.328411794,4.696239151,3.905496625,4.859578106,4.141613376,4.743400084,5.28652395,6.177789228
2914,5.708775313,5.328411794,4.696239151,3.905496625,4.859578106,4.141613376,4.743400084,5.28652395,6.177789228
2915,5.708775313,5.328411794,4.696239151,3.905496625,4.859578106,4.141613376,4.743400084,5.28652395,6.177789228
2916,5.708775313,5.328411794,4.696239151,3.905496625,4.859578106,4.141613376,4.743400084,5.28652395,6.177789228
2917,5.708775313,5.328411794,4.696239151,3.905496625,4.859578106,4.141613376,4.743400084,5.28652395,6.177789228
2918,5.708775313,5.328411794,4.696239151,3.905496625,4.859578106,4.141613376,4.743400084,5.28652395,6.177789228
2919,5.708775313,5.328411794,4.696239151,3.905496625,4.859578106,4.141613376,4.743400084,5.28652395,6.177789228
2920,5.708775313,5.328411794,4.696239151,3.905496625,4.859578106,4.141613376,4.743400084,5.28652395,6.177789228
2921,5.708775313,5.328411794,4.696239151,3.905496625,4.859578106,4.141613376,4.743400084,5.28652395,6.177789228
2922,5.708775313,5.328411794,4.696239151,3.905496625,4.859578106,4.141613376,4.743400084,5.28652395,6.177789228
2923,5.708775313,5.328411794,4.696239151,3.905496625,4.859578106,4.141613376,4.743400084,5.28652395,6.177789228
2924,5.708775313,5.328411794,4.696239151,3.905496625,4.859578106,4.141613376,4.743400084,5.28652395,6.177789228
2925,5.708775313,5.328411794,4.696239151,3.905496625,4.859578106,4.141613376,4.743400084,5.28652395,6.177789228
2926,5.708775313,5.328411794,4.696239151,3.905496625,4.859578106,4.141613376,4.743400084,5.28652395,6.177789228
2927,5.708775313,5.328411794,4.696239151,3.905496625,4.859578106,4.141613376,4.743400084,5.28652395,6.177789228
2928,5.708775313,5.328411794,4.696239151,3.905496625,4.859578106,4.141613376,4.743400084,5.28652395,6.177789228
2929,5.708775313,5.328411794,4.696239151,3.905496625,4.859578106,4.141613376,4.743400084,5.28652395,6.177789228
2930,5.708775313,5.328411794,4.696239151,3.905496625,4.859578106,4.141613376,4.743400084,5.28652395,6.177789228
2931,5.708775313,5.328411794,4.696239151,3.905496625,4.859578106,4.141613376,4.743400084,5.28652395,6.177789228
2932,5.708775313,5.328411794,4.696239151,3.905496625,4.859578106,4.141613376,4.743400084,5.28652395,6.177789228
2933,5.708775313,5.328411794,4.696239151,3.905496625,4.859578106,4.141613376,4.743400084,5.28652395,6.177789228
2934,5.708775313,5.328411794,4.696239151,3.905496625,4.859578106,4.141613376,4.743400084,5.28652395,6.177789228
2935,5.708775313,5.328411794,4.696239151,3.905496625,4.859578106,4.141613376,4.743400084,5.28652395,6.177789228
2936,5.708775313,5.328411794,4.696239151,3.905496625,4.859578106,4.141613376,4.743400084,5.28652395,6.177789228
2937,5.708775313,5.328411794,4.696239151,3.905496625,4.859578106,4.141613376,4.743400084,5.28652395,6.177789228
2938,5.708775313,5.328411794,4.696239151,3.905496625,4.859578106,4.141613376,4.743400084,5.28652395,6.177789228
2939,5.708775313,5.328411794,4.696239151,3.905496625,4.859578106,4.141613376,4.743400084,5.28652395,6.177789228
2940,5.708775313,5.328411794,4.696239151,3.905496625,4.859578106,4.141613376,4.743400084,5.28652395,6.177789228
2941,5.708775313,5.328411794,4.696239151,3.905496625,4.859578106,4.141613376,4.743400084,5.28652395,6.177789228
2942,5.708775313,5.328411794,4.696239151,3.905496625,4.859578106,4.141613376,4.743400084,5.28652395,6.177789228
2943,5.708775313,5.328411794,4.696239151,3.905496625,4.859578106,4.141613376,4.743400084,5.28652395,6.177789228
2944,5.708775313,5.328411794,4.696239151,3.905496625,4.859578106,4.141613376,4.743400084,5.28652395,6.177789228
2945,5.708775313,5.328411794,4.696239151,3.905496625,4.859578106,4.141613376,4.743400084,5.28652395,6.177789228
2946,5.708775313,5.328411794,4.696239151,3.905496625,4.859578106,4.141613376,4.743400084,5.28652395,6.177789228
2947,5.708775313,5.328411794,4.696239151,3.905496625,4.859578106,4.141613376,4.743400084,5.28652395,6.177789228
2948,5.708775313,5.328411794,4.696239151,3.905496625,4.859578106,4.141613376,4.743400084,5.28652395,6.177789228
2949,5.708775313,5.328411794,4.696239151,3.905496625,4.859578106,4.141613376,4.743400084,5.28652395,6.177789228
2950,5.708775313,5.328411794,4.696239151,3.905496625,4.859578106,4.141613376,4.743400084,5.28652395,6.177789228
2951,5.708775313,5.328411794,4.696239151,3.905496625,4.859578106,4.141613376,4.743400084,5.28652395,6.177789228
2952,5.708775313,5.328411794,4.696239151,3.905496625,4.859578106,4.141613376,4.743400084,5.28652395,6.177789228
2953,5.708775313,5.328411794,4.696239151,3.905496625,4.859578106,4.141613376,4.743400084,5.28652395,6.177789228
2954,5.708775313,5.328411794,4.696239151,3.905496625,4.859578106,4.141613376,4.743400084,5.28652395,6.177789228
2955,5.708775313,5.328411794,4.696239151,3.905496625,4.859578106,4.141613376,4.743400084,5.28652395,6.177789228
2956,5.708775313,5.328411794,4.696239151,3.905496625,4.859578106,4.141613376,4.743400084,5.28652395,6.177789228
2957,5.708775313,5.328411794,4.696239151,3.905496625,4.859578106,4.141613376,4.743400084,5.28652395,6.177789228
2958,5.708775313,5.328411794,4.696239151,3.905496625,4.859578106,4.141613376,4.743400084,5.28652395,6.177789228
2959,5.708775313,5.328411794,4.696239151,3.905496625,4.859578106,4.141613376,4.743400084,5.28652395,6.177789228
2960,5.708775313,5.328411794,4.696239151,3.905496625,4.859578106,4.141613376,4.743400084,5.28652395,6.177789228
2961,5.708775313,5.328411794,4.696239151,3.905496625,4.859578106,4.141613376,4.743400084,5.28652395,6.177789228
2962,5.708775313,5.328411794,4.696239151,3.905496625,4.859578106,4.141613376,4.743400084,5.28652395,6.177789228
2963,5.708775313,5.328411794,4.696239151,3.905496625,4.859578106,4.141613376,4.743400084,5.28652395,6.177789228
2964,5.708775313,5.328411794,4.696239151,3.905496625,4.859578106,4.141613376,4.743400084,5.28652395,6.177789228
2965,5.708775313,5.328411794,4.696239151,3.905496625,4.859578106,4.141613376,4.743400084,5.28652395,6.177789228
2966,5.708775313,5.328411794,4.696239151,3.905496625,4.859578106,4.141613376,4.743400084,5.28652395,6.177789228
2967,5.708775313,5.328411794,4.696239151,3.905496625,4.859578106,4.141613376,4.743400084,5.28652395,6.177789228
2968,5.708775313,5.328411794,4.696239151,3.905496625,4.859578106,4.141613376,4.743400084,5.28652395,6.177789228
2969,5.708775313,5.328411794,4.696239151,3.905496625,4.859578106,4.141613376,4.743400084,5.28652395,6.177789228
2970,5.708775313,5.328411794,4.696239151,3.905496625,4.859578106,4.141613376,4.743400084,5.28652395,6.177789228
2971,5.708775313,5.328411794,4.696239151,3.905496625,4.859578106,4.141613376,4.743400084,5.28652395,6.177789228
2972,5.708775313,5.328411794,4.696239151,3.905496625,4.859578106,4.141613376,4.743400084,5.28652395,6.177789228
2973,5.708775313,5.328411794,4.696239151,3.905496625,4.859578106,4.141613376,4.743400084,5.28652395,6.177789228
2974,5.708775313,5.328411794,4.696239151,3.905496625,4.859578106,4.141613376,4.743400084,5.28652395,6.177789228
2975,5.708775313,5.328411794,4.696239151,3.905496625,4.859578106,4.141613376,4.743400084,5.28652395,6.177789228
2976,5.708775313,5.328411794,4.696239151,3.905496625,4.859578106,4.141613376,4.743400084,5.28652395,6.177789228
2977,5.708775313,5.328411794,4.696239151,3.905496625,4.859578106,4.141613376,4.743400084,5.28652395,6.177789228
2978,5.708775313,5.328411794,4.696239151,3.905496625,4.859578106,4.141613376,4.743400084,5.28652395,6.177789228
2979,5.708775313,5.328411794,4.696239151,3.905496625,4.859578106,4.141613376,4.743400084,5.28652395,6.177789228
2980,5.708775313,5.328411794,4.696239151,3.905496625,4.859578106,4.141613376,4.743400084,5.28652395,6.177789228
2981,5.708775313,5.328411794,4.696239151,3.905496625,4.859578106,4.141613376,4.743400084,5.28652395,6.177789228
2982,5.708775313,5.328411794,4.696239151,3.905496625,4.859578106,4.141613376,4.743400084,5.28652395,6.177789228
2983,5.708775313,5.328411794,4.696239151,3.905496625,4.859578106,4.141613376,4.743400084,5.28652395,6.177789228
2984,5.708775313,5.328411794,4.696239151,3.905496625,4.859578106,4.141613376,4.743400084,5.28652395,6.177789228
2985,5.708775313,5.328411794,4.696239151,3.905496625,4.859578106,4.141613376,4.743400084,5.28652395,6.177789228
2986,5.708775313,5.328411794,4.696239151,3.905496625,4.859578106,4.141613376,4.743400084,5.28652395,6.177789228
2987,5.708775313,5.328411794,4.696239151,3.905496625,4.859578106,4.141613376,4.743400084,5.28652395,6.177789228
2988,5.708775313,5.328411794,4.696239151,3.905496625,4.859578106,4.141613376,4.743400084,5.28652395,6.177789228
2989,5.708775313,5.328411794,4.696239151,3.905496625,4.859578106,4.141613376,4.743400084,5.28652395,6.177789228
2990,5.708775313,5.328411794,4.696239151,3.905496625,4.859578106,4.141613376,4.743400084,5.28652395,6.177789228
2991,5.708775313,5.328411794,4.696239151,3.905496625,4.859578106,4.141613376,4.743400084,5.28652395,6.177789228
2992,5.708775313,5.328411794,4.696239151,3.905496625,4.859578106,4.141613376,4.743400084,5.28652395,6.177789228
2993,5.708775313,5.328411794,4.696239151,3.905496625,4.859578106,4.141613376,4.743400084,5.28652395,6.177789228
2994,5.708775313,5.328411794,4.696239151,3.905496625,4.859578106,4.141613376,4.743400084,5.28652395,6.177789228
2995,5.708775313,5.328411794,4.696239151,3.905496625,4.859578106,4.141613376,4.743400084,5.28652395,6.177789228
2996,5.708775313,5.328411794,4.696239151,3.905496625,4.859578106,4.141613376,4.743400084,5.28652395,6.177789228
2997,5.708775313,5.328411794,4.696239151,3.905496625,4.859578106,4.141613376,4.743400084,5.28652395,6.177789228
2998,5.708775313,5.328411794,4.696239151,3.905496625,4.859578106,4.141613376,4.743400084,5.28652395,6.177789228
2999,5.708775313,5.328411794,4.696239151,3.905496625,4.859578106,4.141613376,4.743400084,5.28652395,6.177789228
3000,5.708775313,5.328411794,4.696239151,3.905496625,4.859578106,4.141613376,4.743400084,5.28652395,6.177789228
3001,5.708775313,5.328411794,4.696239151,3.905496625,4.859578106,4.141613376,4.743400084,5.28652395,6.177789228
3002,5.708775313,5.328411794,4.696239151,3.905496625,4.859578106,4.141613376,4.743400084,5.28652395,6.177789228
3003,5.708775313,5.328411794,4.696239151,3.905496625,4.859578106,4.141613376,4.743400084,5.28652395,6.177789228
3004,5.708775313,5.328411794,4.696239151,3.905496625,4.859578106,4.141613376,4.743400084,5.28652395,6.177789228
3005,5.708775313,5.328411794,4.696239151,3.905496625,4.859578106,4.141613376,4.743400084,5.28652395,6.177789228
3006,5.708775313,5.328411794,4.696239151,3.905496625,4.859578106,4.141613376,4.743400084,5.28652395,6.177789228
3007,5.708775313,5.328411794,4.696239151,3.905496625,4.859578106,4.141613376,4.743400084,5.28652395,6.177789228
3008,5.708775313,5.328411794,4.696239151,3.905496625,4.859578106,4.141613376,4.743400084,5.28652395,6.177789228
3009,5.708775313,5.328411794,4.696239151,3.905496625,4.859578106,4.141613376,4.743400084,5.28652395,6.177789228
3010,5.708775313,5.328411794,4.696239151,3.905496625,4.859578106,4.141613376,4.743400084,5.28652395,6.177789228
3011,5.708775313,5.328411794,4.696239151,3.905496625,4.859578106,4.141613376,4.743400084,5.28652395,6.177789228
3012,5.708775313,5.328411794,4.696239151,3.905496625,4.859578106,4.141613376,4.743400084,5.28652395,6.177789228
3013,5.708775313,5.328411794,4.696239151,3.905496625,4.859578106,4.141613376,4.743400084,5.28652395,6.177789228
3014,5.708775313,5.328411794,4.696239151,3.905496625,4.859578106,4.141613376,4.743400084,5.28652395,6.177789228
3015,5.708775313,5.328411794,4.696239151,3.905496625,4.859578106,4.141613376,4.743400084,5.28652395,6.177789228
3016,5.708775313,5.328411794,4.696239151,3.905496625,4.859578106,4.141613376,4.743400084,5.28652395,6.177789228
3017,5.708775313,5.328411794,4.696239151,3.905496625,4.859578106,4.141613376,4.743400084,5.28652395,6.177789228
3018,5.708775313,5.328411794,4.696239151,3.905496625,4.859578106,4.141613376,4.743400084,5.28652395,6.177789228
3019,5.708775313,5.328411794,4.696239151,3.905496625,4.859578106,4.141613376,4.743400084,5.28652395,6.177789228
3020,5.708775313,5.328411794,4.696239151,3.905496625,4.859578106,4.141613376,4.743400084,5.28652395,6.177789228
3021,5.708775313,5.328411794,4.696239151,3.905496625,4.859578106,4.141613376,4.743400084,5.28652395,6.177789228
3022,5.708775313,5.328411794,4.696239151,3.905496625,4.859578106,4.141613376,4.743400084,5.28652395,6.177789228
3023,5.708775313,5.328411794,4.696239151,3.905496625,4.859578106,4.141613376,4.743400084,5.28652395,6.177789228
3024,5.708775313,5.328411794,4.696239151,3.905496625,4.859578106,4.141613376,4.743400084,5.28652395,6.177789228
3025,5.708775313,5.328411794,4.696239151,3.905496625,4.859578106,4.141613376,4.743400084,5.28652395,6.177789228
3026,5.708775313,5.328411794,4.696239151,3.905496625,4.859578106,4.141613376,4.743400084,5.28652395,6.177789228
3027,5.708775313,5.328411794,4.696239151,3.905496625,4.859578106,4.141613376,4.743400084,5.28652395,6.177789228
3028,5.708775313,5.328411794,4.696239151,3.905496625,4.859578106,4.141613376,4.743400084,5.28652395,6.177789228
3029,5.708775313,5.328411794,4.696239151,3.905496625,4.859578106,4.141613376,4.743400084,5.28652395,6.177789228
3030,5.708775313,5.328411794,4.696239151,3.905496625,4.859578106,4.141613376,4.743400084,5.28652395,6.177789228
3031,5.708775313,5.328411794,4.696239151,3.905496625,4.859578106,4.141613376,4.743400084,5.28652395,6.177789228
3032,5.708775313,5.328411794,4.696239151,3.905496625,4.859578106,4.141613376,4.743400084,5.28652395,6.177789228
3033,5.708775313,5.328411794,4.696239151,3.905496625,4.859578106,4.141613376,4.743400084,5.28652395,6.177789228
3034,5.708775313,5.328411794,4.696239151,3.905496625,4.859578106,4.141613376,4.743400084,5.28652395,6.177789228
3035,5.708775313,5.328411794,4.696239151,3.905496625,4.859578106,4.141613376,4.743400084,5.28652395,6.177789228
3036,5.708775313,5.328411794,4.696239151,3.905496625,4.859578106,4.141613376,4.743400084,5.28652395,6.177789228
3037,5.708775313,5.328411794,4.696239151,3.905496625,4.859578106,4.141613376,4.743400084,5.28652395,6.177789228
3038,5.708775313,5.328411794,4.696239151,3.905496625,4.859578106,4.141613376,4.743400084,5.28652395,6.177789228
3039,5.708775313,5.328411794,4.696239151,3.905496625,4.859578106,4.141613376,4.743400084,5.28652395,6.177789228
3040,5.708775313,5.328411794,4.696239151,3.905496625,4.859578106,4.141613376,4.743400084,5.28652395,6.177789228
3041,5.708775313,5.328411794,4.696239151,3.905496625,4.859578106,4.141613376,4.743400084,5.28652395,6.177789228
3042,5.708775313,5.328411794,4.696239151,3.905496625,4.859578106,4.141613376,4.743400084,5.28652395,6.177789228
3043,5.708775313,5.328411794,4.696239151,3.905496625,4.859578106,4.141613376,4.743400084,5.28652395,6.177789228
3044,5.708775313,5.328411794,4.696239151,3.905496625,4.859578106,4.141613376,4.743400084,5.28652395,6.177789228
3045,5.708775313,5.328411794,4.696239151,3.905496625,4.859578106,4.141613376,4.743400084,5.28652395,6.177789228
3046,5.708775313,5.328411794,4.696239151,3.905496625,4.859578106,4.141613376,4.743400084,5.28652395,6.177789228
3047,5.708775313,5.328411794,4.696239151,3.905496625,4.859578106,4.141613376,4.743400084,5.28652395,6.177789228
3048,5.708775313,5.328411794,4.696239151,3.905496625,4.859578106,4.141613376,4.743400084,5.28652395,6.177789228
3049,5.708775313,5.328411794,4.696239151,3.905496625,4.859578106,4.141613376,4.743400084,5.28652395,6.177789228
3050,5.708775313,5.328411794,4.696239151,3.905496625,4.859578106,4.141613376,4.743400084,5.28652395,6.177789228
3051,5.708775313,5.328411794,4.696239151,3.905496625,4.859578106,4.141613376,4.743400084,5.28652395,6.177789228
3052,5.708775313,5.328411794,4.696239151,3.905496625,4.859578106,4.141613376,4.743400084,5.28652395,6.177789228
3053,5.708775313,5.328411794,4.696239151,3.905496625,4.859578106,4.141613376,4.743400084,5.28652395,6.177789228
3054,5.708775313,5.328411794,4.696239151,3.905496625,4.859578106,4.141613376,4.743400084,5.28652395,6.177789228
3055,5.708775313,5.328411794,4.696239151,3.905496625,4.859578106,4.141613376,4.743400084,5.28652395,6.177789228
3056,5.708775313,5.328411794,4.696239151,3.905496625,4.859578106,4.141613376,4.743400084,5.28652395,6.177789228
3057,5.708775313,5.328411794,4.696239151,3.905496625,4.859578106,4.141613376,4.743400084,5.28652395,6.177789228
3058,5.708775313,5.328411794,4.696239151,3.905496625,4.859578106,4.141613376,4.743400084,5.28652395,6.177789228
3059,5.708775313,5.328411794,4.696239151,3.905496625,4.859578106,4.141613376,4.743400084,5.28652395,6.177789228
3060,5.708775313,5.328411794,4.696239151,3.905496625,4.859578106,4.141613376,4.743400084,5.28652395,6.177789228
3061,5.708775313,5.328411794,4.696239151,3.905496625,4.859578106,4.141613376,4.743400084,5.28652395,6.177789228
3062,5.708775313,5.328411794,4.696239151,3.905496625,4.859578106,4.141613376,4.743400084,5.28652395,6.177789228
3063,5.708775313,5.328411794,4.696239151,3.905496625,4.859578106,4.141613376,4.743400084,5.28652395,6.177789228
3064,5.708775313,5.328411794,4.696239151,3.905496625,4.859578106,4.141613376,4.743400084,5.28652395,6.177789228
3065,5.708775313,5.328411794,4.696239151,3.905496625,4.859578106,4.141613376,4.743400084,5.28652395,6.177789228
3066,5.708775313,5.328411794,4.696239151,3.905496625,4.859578106,4.141613376,4.743400084,5.28652395,6.177789228
3067,5.708775313,5.328411794,4.696239151,3.905496625,4.859578106,4.141613376,4.743400084,5.28652395,6.177789228
3068,5.708775313,5.328411794,4.696239151,3.905496625,4.859578106,4.141613376,4.743400084,5.28652395,6.177789228
3069,5.708775313,5.328411794,4.696239151,3.905496625,4.859578106,4.141613376,4.743400084,5.28652395,6.177789228
3070,5.708775313,5.328411794,4.696239151,3.905496625,4.859578106,4.141613376,4.743400084,5.28652395,6.177789228
3071,5.708775313,5.328411794,4.696239151,3.905496625,4.859578106,4.141613376,4.743400084,5.28652395,6.177789228
3072,5.708775313,5.328411794,4.696239151,3.905496625,4.859578106,4.141613376,4.743400084,5.28652395,6.177789228
3073,5.708775313,5.328411794,4.696239151,3.905496625,4.859578106,4.141613376,4.743400084,5.28652395,6.177789228
3074,5.708775313,5.328411794,4.696239151,3.905496625,4.859578106,4.141613376,4.743400084,5.28652395,6.177789228
3075,5.708775313,5.328411794,4.696239151,3.905496625,4.859578106,4.141613376,4.743400084,5.28652395,6.177789228
3076,5.708775313,5.328411794,4.696239151,3.905496625,4.859578106,4.141613376,4.743400084,5.28652395,6.177789228
3077,5.708775313,5.328411794,4.696239151,3.905496625,4.859578106,4.141613376,4.743400084,5.28652395,6.177789228
3078,5.708775313,5.328411794,4.696239151,3.905496625,4.859578106,4.141613376,4.743400084,5.28652395,6.177789228
3079,5.708775313,5.328411794,4.696239151,3.905496625,4.859578106,4.141613376,4.743400084,5.28652395,6.177789228
3080,5.708775313,5.328411794,4.696239151,3.905496625,4.859578106,4.141613376,4.743400084,5.28652395,6.177789228
3081,5.708775313,5.328411794,4.696239151,3.905496625,4.859578106,4.141613376,4.743400084,5.28652395,6.177789228
3082,5.708775313,5.328411794,4.696239151,3.905496625,4.859578106,4.141613376,4.743400084,5.28652395,6.177789228
3083,5.708775313,5.328411794,4.696239151,3.905496625,4.859578106,4.141613376,4.743400084,5.28652395,6.177789228
3084,5.708775313,5.328411794,4.696239151,3.905496625,4.859578106,4.141613376,4.743400084,5.28652395,6.177789228
3085,5.708775313,5.328411794,4.696239151,3.905496625,4.859578106,4.141613376,4.743400084,5.28652395,6.177789228
3086,5.708775313,5.328411794,4.696239151,3.905496625,4.859578106,4.141613376,4.743400084,5.28652395,6.177789228
3087,5.708775313,5.328411794,4.696239151,3.905496625,4.859578106,4.141613376,4.743400084,5.28652395,6.177789228
3088,5.708775313,5.328411794,4.696239151,3.905496625,4.859578106,4.141613376,4.743400084,5.28652395,6.177789228
3089,5.708775313,5.328411794,4.696239151,3.905496625,4.859578106,4.141613376,4.743400084,5.28652395,6.177789228
3090,5.708775313,5.328411794,4.696239151,3.905496625,4.859578106,4.141613376,4.743400084,5.28652395,6.177789228
3091,5.708775313,5.328411794,4.696239151,3.905496625,4.859578106,4.141613376,4.743400084,5.28652395,6.177789228
3092,5.708775313,5.328411794,4.696239151,3.905496625,4.859578106,4.141613376,4.743400084,5.28652395,6.177789228
3093,5.708775313,5.328411794,4.696239151,3.905496625,4.859578106,4.141613376,4.743400084,5.28652395,6.177789228
3094,5.708775313,5.328411794,4.696239151,3.905496625,4.859578106,4.141613376,4.743400084,5.28652395,6.177789228
3095,5.708775313,5.328411794,4.696239151,3.905496625,4.859578106,4.141613376,4.743400084,5.28652395,6.177789228
3096,5.708775313,5.328411794,4.696239151,3.905496625,4.859578106,4.141613376,4.743400084,5.28652395,6.177789228
3097,5.708775313,5.328411794,4.696239151,3.905496625,4.859578106,4.141613376,4.743400084,5.28652395,6.177789228
3098,5.708775313,5.328411794,4.696239151,3.905496625,4.859578106,4.141613376,4.743400084,5.28652395,6.177789228
3099,5.708775313,5.328411794,4.696239151,3.905496625,4.859578106,4.141613376,4.743400084,5.28652395,6.177789228
3100,5.708775313,5.328411794,4.696239151,3.905496625,4.859578106,4.141613376,4.743400084,5.28652395,6.177789228
3101,5.708775313,5.328411794,4.696239151,3.905496625,4.859578106,4.141613376,4.743400084,5.28652395,6.177789228
3102,5.708775313,5.328411794,4.696239151,3.905496625,4.859578106,4.141613376,4.743400084,5.28652395,6.177789228
3103,5.708775313,5.328411794,4.696239151,3.905496625,4.859578106,4.141613376,4.743400084,5.28652395,6.177789228
3104,5.708775313,5.328411794,4.696239151,3.905496625,4.859578106,4.141613376,4.743400084,5.28652395,6.177789228
3105,5.708775313,5.328411794,4.696239151,3.905496625,4.859578106,4.141613376,4.743400084,5.28652395,6.177789228
3106,5.708775313,5.328411794,4.696239151,3.905496625,4.859578106,4.141613376,4.743400084,5.28652395,6.177789228
3107,5.708775313,5.328411794,4.696239151,3.905496625,4.859578106,4.141613376,4.743400084,5.28652395,6.177789228
3108,5.708775313,5.328411794,4.696239151,3.905496625,4.859578106,4.141613376,4.743400084,5.28652395,6.177789228
3109,5.708775313,5.328411794,4.696239151,3.905496625,4.859578106,4.141613376,4.743400084,5.28652395,6.177789228
3110,5.708775313,5.328411794,4.696239151,3.905496625,4.859578106,4.141613376,4.743400084,5.28652395,6.177789228
3111,5.708775313,5.328411794,4.696239151,3.905496625,4.859578106,4.141613376,4.743400084,5.28652395,6.177789228
3112,5.708775313,5.328411794,4.696239151,3.905496625,4.859578106,4.141613376,4.743400084,5.28652395,6.177789228
3113,5.708775313,5.328411794,4.696239151,3.905496625,4.859578106,4.141613376,4.743400084,5.28652395,6.177789228
3114,5.708775313,5.328411794,4.696239151,3.905496625,4.859578106,4.141613376,4.743400084,5.28652395,6.177789228
3115,5.708775313,5.328411794,4.696239151,3.905496625,4.859578106,4.141613376,4.743400084,5.28652395,6.177789228
3116,5.708775313,5.328411794,4.696239151,3.905496625,4.859578106,4.141613376,4.743400084,5.28652395,6.177789228
3117,5.708775313,5.328411794,4.696239151,3.905496625,4.859578106,4.141613376,4.743400084,5.28652395,6.177789228
3118,5.708775313,5.328411794,4.696239151,3.905496625,4.859578106,4.141613376,4.743400084,5.28652395,6.177789228
3119,5.708775313,5.328411794,4.696239151,3.905496625,4.859578106,4.141613376,4.743400084,5.28652395,6.177789228
3120,5.708775313,5.328411794,4.696239151,3.905496625,4.859578106,4.141613376,4.743400084,5.28652395,6.177789228
3121,5.708775313,5.328411794,4.696239151,3.905496625,4.859578106,4.141613376,4.743400084,5.28652395,6.177789228
3122,5.708775313,5.328411794,4.696239151,3.905496625,4.859578106,4.141613376,4.743400084,5.28652395,6.177789228
3123,5.708775313,5.328411794,4.696239151,3.905496625,4.859578106,4.141613376,4.743400084,5.28652395,6.177789228
3124,5.708775313,5.328411794,4.696239151,3.905496625,4.859578106,4.141613376,4.743400084,5.28652395,6.177789228
3125,5.708775313,5.328411794,4.696239151,3.905496625,4.859578106,4.141613376,4.743400084,5.28652395,6.177789228
3126,5.708775313,5.328411794,4.696239151,3.905496625,4.859578106,4.141613376,4.743400084,5.28652395,6.177789228
3127,5.708775313,5.328411794,4.696239151,3.905496625,4.859578106,4.141613376,4.743400084,5.28652395,6.177789228
3128,5.708775313,5.328411794,4.696239151,3.905496625,4.859578106,4.141613376,4.743400084,5.28652395,6.177789228
3129,5.708775313,5.328411794,4.696239151,3.905496625,4.859578106,4.141613376,4.743400084,5.28652395,6.177789228
3130,5.708775313,5.328411794,4.696239151,3.905496625,4.859578106,4.141613376,4.743400084,5.28652395,6.177789228
3131,5.708775313,5.328411794,4.696239151,3.905496625,4.859578106,4.141613376,4.743400084,5.28652395,6.177789228
3132,5.708775313,5.328411794,4.696239151,3.905496625,4.859578106,4.141613376,4.743400084,5.28652395,6.177789228
3133,5.708775313,5.328411794,4.696239151,3.905496625,4.859578106,4.141613376,4.743400084,5.28652395,6.177789228
3134,5.708775313,5.328411794,4.696239151,3.905496625,4.859578106,4.141613376,4.743400084,5.28652395,6.177789228
3135,5.708775313,5.328411794,4.696239151,3.905496625,4.859578106,4.141613376,4.743400084,5.28652395,6.177789228
3136,5.708775313,5.328411794,4.696239151,3.905496625,4.859578106,4.141613376,4.743400084,5.28652395,6.177789228
3137,5.708775313,5.328411794,4.696239151,3.905496625,4.859578106,4.141613376,4.743400084,5.28652395,6.177789228
3138,5.708775313,5.328411794,4.696239151,3.905496625,4.859578106,4.141613376,4.743400084,5.28652395,6.177789228
3139,5.708775313,5.328411794,4.696239151,3.905496625,4.859578106,4.141613376,4.743400084,5.28652395,6.177789228
3140,5.708775313,5.328411794,4.696239151,3.905496625,4.859578106,4.141613376,4.743400084,5.28652395,6.177789228
3141,5.708775313,5.328411794,4.696239151,3.905496625,4.859578106,4.141613376,4.743400084,5.28652395,6.177789228
3142,5.708775313,5.328411794,4.696239151,3.905496625,4.859578106,4.141613376,4.743400084,5.28652395,6.177789228
3143,5.708775313,5.328411794,4.696239151,3.905496625,4.859578106,4.141613376,4.743400084,5.28652395,6.177789228
3144,5.708775313,5.328411794,4.696239151,3.905496625,4.859578106,4.141613376,4.743400084,5.28652395,6.177789228
3145,5.708775313,5.328411794,4.696239151,3.905496625,4.859578106,4.141613376,4.743400084,5.28652395,6.177789228
3146,5.708775313,5.328411794,4.696239151,3.905496625,4.859578106,4.141613376,4.743400084,5.28652395,6.177789228
3147,5.708775313,5.328411794,4.696239151,3.905496625,4.859578106,4.141613376,4.743400084,5.28652395,6.177789228
3148,5.708775313,5.328411794,4.696239151,3.905496625,4.859578106,4.141613376,4.743400084,5.28652395,6.177789228
3149,5.708775313,5.328411794,4.696239151,3.905496625,4.859578106,4.141613376,4.743400084,5.28652395,6.177789228
3150,5.708775313,5.328411794,4.696239151,3.905496625,4.859578106,4.141613376,4.743400084,5.28652395,6.177789228
3151,5.708775313,5.328411794,4.696239151,3.905496625,4.859578106,4.141613376,4.743400084,5.28652395,6.177789228
3152,5.708775313,5.328411794,4.696239151,3.905496625,4.859578106,4.141613376,4.743400084,5.28652395,6.177789228
3153,5.708775313,5.328411794,4.696239151,3.905496625,4.859578106,4.141613376,4.743400084,5.28652395,6.177789228
3154,5.708775313,5.328411794,4.696239151,3.905496625,4.859578106,4.141613376,4.743400084,5.28652395,6.177789228
3155,5.708775313,5.328411794,4.696239151,3.905496625,4.859578106,4.141613376,4.743400084,5.28652395,6.177789228
3156,5.708775313,5.328411794,4.696239151,3.905496625,4.859578106,4.141613376,4.743400084,5.28652395,6.177789228
3157,5.708775313,5.328411794,4.696239151,3.905496625,4.859578106,4.141613376,4.743400084,5.28652395,6.177789228
3158,5.708775313,5.328411794,4.696239151,3.905496625,4.859578106,4.141613376,4.743400084,5.28652395,6.177789228
3159,5.708775313,5.328411794,4.696239151,3.905496625,4.859578106,4.141613376,4.743400084,5.28652395,6.177789228
3160,5.708775313,5.328411794,4.696239151,3.905496625,4.859578106,4.141613376,4.743400084,5.28652395,6.177789228
3161,5.708775313,5.328411794,4.696239151,3.905496625,4.859578106,4.141613376,4.743400084,5.28652395,6.177789228
3162,5.708775313,5.328411794,4.696239151,3.905496625,4.859578106,4.141613376,4.743400084,5.28652395,6.177789228
3163,5.708775313,5.328411794,4.696239151,3.905496625,4.859578106,4.141613376,4.743400084,5.28652395,6.177789228
3164,5.708775313,5.328411794,4.696239151,3.905496625,4.859578106,4.141613376,4.743400084,5.28652395,6.177789228
3165,5.708775313,5.328411794,4.696239151,3.905496625,4.859578106,4.141613376,4.743400084,5.28652395,6.177789228
3166,5.708775313,5.328411794,4.696239151,3.905496625,4.859578106,4.141613376,4.743400084,5.28652395,6.177789228
3167,5.708775313,5.328411794,4.696239151,3.905496625,4.859578106,4.141613376,4.743400084,5.28652395,6.177789228
3168,5.708775313,5.328411794,4.696239151,3.905496625,4.859578106,4.141613376,4.743400084,5.28652395,6.177789228
3169,5.708775313,5.328411794,4.696239151,3.905496625,4.859578106,4.141613376,4.743400084,5.28652395,6.177789228
3170,5.708775313,5.328411794,4.696239151,3.905496625,4.859578106,4.141613376,4.743400084,5.28652395,6.177789228
3171,5.708775313,5.328411794,4.696239151,3.905496625,4.859578106,4.141613376,4.743400084,5.28652395,6.177789228
3172,5.708775313,5.328411794,4.696239151,3.905496625,4.859578106,4.141613376,4.743400084,5.28652395,6.177789228
3173,5.708775313,5.328411794,4.696239151,3.905496625,4.859578106,4.141613376,4.743400084,5.28652395,6.177789228
3174,5.708775313,5.328411794,4.696239151,3.905496625,4.859578106,4.141613376,4.743400084,5.28652395,6.177789228
3175,5.708775313,5.328411794,4.696239151,3.905496625,4.859578106,4.141613376,4.743400084,5.28652395,6.177789228
3176,5.708775313,5.328411794,4.696239151,3.905496625,4.859578106,4.141613376,4.743400084,5.28652395,6.177789228
3177,5.708775313,5.328411794,4.696239151,3.905496625,4.859578106,4.141613376,4.743400084,5.28652395,6.177789228
3178,5.708775313,5.328411794,4.696239151,3.905496625,4.859578106,4.141613376,4.743400084,5.28652395,6.177789228
3179,5.708775313,5.328411794,4.696239151,3.905496625,4.859578106,4.141613376,4.743400084,5.28652395,6.177789228
3180,5.708775313,5.328411794,4.696239151,3.905496625,4.859578106,4.141613376,4.743400084,5.28652395,6.177789228
3181,5.708775313,5.328411794,4.696239151,3.905496625,4.859578106,4.141613376,4.743400084,5.28652395,6.177789228
3182,5.708775313,5.328411794,4.696239151,3.905496625,4.859578106,4.141613376,4.743400084,5.28652395,6.177789228
3183,5.708775313,5.328411794,4.696239151,3.905496625,4.859578106,4.141613376,4.743400084,5.28652395,6.177789228
3184,5.708775313,5.328411794,4.696239151,3.905496625,4.859578106,4.141613376,4.743400084,5.28652395,6.177789228
3185,5.708775313,5.328411794,4.696239151,3.905496625,4.859578106,4.141613376,4.743400084,5.28652395,6.177789228
3186,5.708775313,5.328411794,4.696239151,3.905496625,4.859578106,4.141613376,4.743400084,5.28652395,6.177789228
3187,5.708775313,5.328411794,4.696239151,3.905496625,4.859578106,4.141613376,4.743400084,5.28652395,6.177789228
3188,5.708775313,5.328411794,4.696239151,3.905496625,4.859578106,4.141613376,4.743400084,5.28652395,6.177789228
3189,5.708775313,5.328411794,4.696239151,3.905496625,4.859578106,4.141613376,4.743400084,5.28652395,6.177789228
3190,5.708775313,5.328411794,4.696239151,3.905496625,4.859578106,4.141613376,4.743400084,5.28652395,6.177789228
3191,5.708775313,5.328411794,4.696239151,3.905496625,4.859578106,4.141613376,4.743400084,5.28652395,6.177789228
3192,5.708775313,5.328411794,4.696239151,3.905496625,4.859578106,4.141613376,4.743400084,5.28652395,6.177789228
3193,5.708775313,5.328411794,4.696239151,3.905496625,4.859578106,4.141613376,4.743400084,5.28652395,6.177789228
3194,5.708775313,5.328411794,4.696239151,3.905496625,4.859578106,4.141613376,4.743400084,5.28652395,6.177789228
3195,5.708775313,5.328411794,4.696239151,3.905496625,4.859578106,4.141613376,4.743400084,5.28652395,6.177789228
3196,5.708775313,5.328411794,4.696239151,3.905496625,4.859578106,4.141613376,4.743400084,5.28652395,6.177789228
3197,5.708775313,5.328411794,4.696239151,3.905496625,4.859578106,4.141613376,4.743400084,5.28652395,6.177789228
3198,5.708775313,5.328411794,4.696239151,3.905496625,4.859578106,4.141613376,4.743400084,5.28652395,6.177789228
3199,5.708775313,5.328411794,4.696239151,3.905496625,4.859578106,4.141613376,4.743400084,5.28652395,6.177789228
3200,5.708775313,5.328411794,4.696239151,3.905496625,4.859578106,4.141613376,4.743400084,5.28652395,6.177789228
3201,5.708775313,5.328411794,4.696239151,3.905496625,4.859578106,4.141613376,4.743400084,5.28652395,6.177789228
3202,5.708775313,5.328411794,4.696239151,3.905496625,4.859578106,4.141613376,4.743400084,5.28652395,6.177789228
3203,5.708775313,5.328411794,4.696239151,3.905496625,4.859578106,4.141613376,4.743400084,5.28652395,6.177789228
3204,5.708775313,5.328411794,4.696239151,3.905496625,4.859578106,4.141613376,4.743400084,5.28652395,6.177789228
3205,5.708775313,5.328411794,4.696239151,3.905496625,4.859578106,4.141613376,4.743400084,5.28652395,6.177789228
3206,5.708775313,5.328411794,4.696239151,3.905496625,4.859578106,4.141613376,4.743400084,5.28652395,6.177789228
3207,5.708775313,5.328411794,4.696239151,3.905496625,4.859578106,4.141613376,4.743400084,5.28652395,6.177789228
3208,5.708775313,5.328411794,4.696239151,3.905496625,4.859578106,4.141613376,4.743400084,5.28652395,6.177789228
3209,5.708775313,5.328411794,4.696239151,3.905496625,4.859578106,4.141613376,4.743400084,5.28652395,6.177789228
3210,5.708775313,5.328411794,4.696239151,3.905496625,4.859578106,4.141613376,4.743400084,5.28652395,6.177789228
3211,5.708775313,5.328411794,4.696239151,3.905496625,4.859578106,4.141613376,4.743400084,5.28652395,6.177789228
3212,5.708775313,5.328411794,4.696239151,3.905496625,4.859578106,4.141613376,4.743400084,5.28652395,6.177789228
3213,5.708775313,5.328411794,4.696239151,3.905496625,4.859578106,4.141613376,4.743400084,5.28652395,6.177789228
3214,5.708775313,5.328411794,4.696239151,3.905496625,4.859578106,4.141613376,4.743400084,5.28652395,6.177789228
3215,5.708775313,5.328411794,4.696239151,3.905496625,4.859578106,4.141613376,4.743400084,5.28652395,6.177789228
3216,5.708775313,5.328411794,4.696239151,3.905496625,4.859578106,4.141613376,4.743400084,5.28652395,6.177789228
3217,5.708775313,5.328411794,4.696239151,3.905496625,4.859578106,4.141613376,4.743400084,5.28652395,6.177789228
3218,5.708775313,5.328411794,4.696239151,3.905496625,4.859578106,4.141613376,4.743400084,5.28652395,6.177789228
3219,5.708775313,5.328411794,4.696239151,3.905496625,4.859578106,4.141613376,4.743400084,5.28652395,6.177789228
3220,5.708775313,5.328411794,4.696239151,3.905496625,4.859578106,4.141613376,4.743400084,5.28652395,6.177789228
3221,5.708775313,5.328411794,4.696239151,3.905496625,4.859578106,4.141613376,4.743400084,5.28652395,6.177789228
3222,5.708775313,5.328411794,4.696239151,3.905496625,4.859578106,4.141613376,4.743400084,5.28652395,6.177789228
3223,5.708775313,5.328411794,4.696239151,3.905496625,4.859578106,4.141613376,4.743400084,5.28652395,6.177789228
3224,5.708775313,5.328411794,4.696239151,3.905496625,4.859578106,4.141613376,4.743400084,5.28652395,6.177789228
3225,5.708775313,5.328411794,4.696239151,3.905496625,4.859578106,4.141613376,4.743400084,5.28652395,6.177789228
3226,5.708775313,5.328411794,4.696239151,3.905496625,4.859578106,4.141613376,4.743400084,5.28652395,6.177789228
3227,5.708775313,5.328411794,4.696239151,3.905496625,4.859578106,4.141613376,4.743400084,5.28652395,6.177789228
3228,5.708775313,5.328411794,4.696239151,3.905496625,4.859578106,4.141613376,4.743400084,5.28652395,6.177789228
3229,5.708775313,5.328411794,4.696239151,3.905496625,4.859578106,4.141613376,4.743400084,5.28652395,6.177789228
3230,5.708775313,5.328411794,4.696239151,3.905496625,4.859578106,4.141613376,4.743400084,5.28652395,6.177789228
3231,5.708775313,5.328411794,4.696239151,3.905496625,4.859578106,4.141613376,4.743400084,5.28652395,6.177789228
3232,5.708775313,5.328411794,4.696239151,3.905496625,4.859578106,4.141613376,4.743400084,5.28652395,6.177789228
3233,5.708775313,5.328411794,4.696239151,3.905496625,4.859578106,4.141613376,4.743400084,5.28652395,6.177789228
3234,5.708775313,5.328411794,4.696239151,3.905496625,4.859578106,4.141613376,4.743400084,5.28652395,6.177789228
3235,5.708775313,5.328411794,4.696239151,3.905496625,4.859578106,4.141613376,4.743400084,5.28652395,6.177789228
3236,5.708775313,5.328411794,4.696239151,3.905496625,4.859578106,4.141613376,4.743400084,5.28652395,6.177789228
3237,5.708775313,5.328411794,4.696239151,3.905496625,4.859578106,4.141613376,4.743400084,5.28652395,6.177789228
3238,5.708775313,5.328411794,4.696239151,3.905496625,4.859578106,4.141613376,4.743400084,5.28652395,6.177789228
3239,5.708775313,5.328411794,4.696239151,3.905496625,4.859578106,4.141613376,4.743400084,5.28652395,6.177789228
3240,5.708775313,5.328411794,4.696239151,3.905496625,4.859578106,4.141613376,4.743400084,5.28652395,6.177789228
3241,5.708775313,5.328411794,4.696239151,3.905496625,4.859578106,4.141613376,4.743400084,5.28652395,6.177789228
3242,5.708775313,5.328411794,4.696239151,3.905496625,4.859578106,4.141613376,4.743400084,5.28652395,6.177789228
3243,5.708775313,5.328411794,4.696239151,3.905496625,4.859578106,4.141613376,4.743400084,5.28652395,6.177789228
3244,5.708775313,5.328411794,4.696239151,3.905496625,4.859578106,4.141613376,4.743400084,5.28652395,6.177789228
3245,5.708775313,5.328411794,4.696239151,3.905496625,4.859578106,4.141613376,4.743400084,5.28652395,6.177789228
3246,5.708775313,5.328411794,4.696239151,3.905496625,4.859578106,4.141613376,4.743400084,5.28652395,6.177789228
3247,5.708775313,5.328411794,4.696239151,3.905496625,4.859578106,4.141613376,4.743400084,5.28652395,6.177789228
3248,5.708775313,5.328411794,4.696239151,3.905496625,4.859578106,4.141613376,4.743400084,5.28652395,6.177789228
3249,5.708775313,5.328411794,4.696239151,3.905496625,4.859578106,4.141613376,4.743400084,5.28652395,6.177789228
3250,5.708775313,5.328411794,4.696239151,3.905496625,4.859578106,4.141613376,4.743400084,5.28652395,6.177789228
3251,5.708775313,5.328411794,4.696239151,3.905496625,4.859578106,4.141613376,4.743400084,5.28652395,6.177789228
3252,5.708775313,5.328411794,4.696239151,3.905496625,4.859578106,4.141613376,4.743400084,5.28652395,6.177789228
3253,5.708775313,5.328411794,4.696239151,3.905496625,4.859578106,4.141613376,4.743400084,5.28652395,6.177789228
3254,5.708775313,5.328411794,4.696239151,3.905496625,4.859578106,4.141613376,4.743400084,5.28652395,6.177789228
3255,5.708775313,5.328411794,4.696239151,3.905496625,4.859578106,4.141613376,4.743400084,5.28652395,6.177789228
3256,5.708775313,5.328411794,4.696239151,3.905496625,4.859578106,4.141613376,4.743400084,5.28652395,6.177789228
3257,5.708775313,5.328411794,4.696239151,3.905496625,4.859578106,4.141613376,4.743400084,5.28652395,6.177789228
3258,5.708775313,5.328411794,4.696239151,3.905496625,4.859578106,4.141613376,4.743400084,5.28652395,6.177789228
3259,5.708775313,5.328411794,4.696239151,3.905496625,4.859578106,4.141613376,4.743400084,5.28652395,6.177789228
3260,5.708775313,5.328411794,4.696239151,3.905496625,4.859578106,4.141613376,4.743400084,5.28652395,6.177789228
3261,5.708775313,5.328411794,4.696239151,3.905496625,4.859578106,4.141613376,4.743400084,5.28652395,6.177789228
3262,5.708775313,5.328411794,4.696239151,3.905496625,4.859578106,4.141613376,4.743400084,5.28652395,6.177789228
3263,5.708775313,5.328411794,4.696239151,3.905496625,4.859578106,4.141613376,4.743400084,5.28652395,6.177789228
3264,5.708775313,5.328411794,4.696239151,3.905496625,4.859578106,4.141613376,4.743400084,5.28652395,6.177789228
3265,5.708775313,5.328411794,4.696239151,3.905496625,4.859578106,4.141613376,4.743400084,5.28652395,6.177789228
3266,5.708775313,5.328411794,4.696239151,3.905496625,4.859578106,4.141613376,4.743400084,5.28652395,6.177789228
3267,5.708775313,5.328411794,4.696239151,3.905496625,4.859578106,4.141613376,4.743400084,5.28652395,6.177789228
3268,5.708775313,5.328411794,4.696239151,3.905496625,4.859578106,4.141613376,4.743400084,5.28652395,6.177789228
3269,5.708775313,5.328411794,4.696239151,3.905496625,4.859578106,4.141613376,4.743400084,5.28652395,6.177789228
3270,5.708775313,5.328411794,4.696239151,3.905496625,4.859578106,4.141613376,4.743400084,5.28652395,6.177789228
3271,5.708775313,5.328411794,4.696239151,3.905496625,4.859578106,4.141613376,4.743400084,5.28652395,6.177789228
3272,5.708775313,5.328411794,4.696239151,3.905496625,4.859578106,4.141613376,4.743400084,5.28652395,6.177789228
3273,5.708775313,5.328411794,4.696239151,3.905496625,4.859578106,4.141613376,4.743400084,5.28652395,6.177789228
3274,5.708775313,5.328411794,4.696239151,3.905496625,4.859578106,4.141613376,4.743400084,5.28652395,6.177789228
3275,5.708775313,5.328411794,4.696239151,3.905496625,4.859578106,4.141613376,4.743400084,5.28652395,6.177789228
3276,5.708775313,5.328411794,4.696239151,3.905496625,4.859578106,4.141613376,4.743400084,5.28652395,6.177789228
3277,5.708775313,5.328411794,4.696239151,3.905496625,4.859578106,4.141613376,4.743400084,5.28652395,6.177789228
3278,5.708775313,5.328411794,4.696239151,3.905496625,4.859578106,4.141613376,4.743400084,5.28652395,6.177789228
3279,5.708775313,5.328411794,4.696239151,3.905496625,4.859578106,4.141613376,4.743400084,5.28652395,6.177789228
3280,5.708775313,5.328411794,4.696239151,3.905496625,4.859578106,4.141613376,4.743400084,5.28652395,6.177789228
3281,5.708775313,5.328411794,4.696239151,3.905496625,4.859578106,4.141613376,4.743400084,5.28652395,6.177789228
3282,5.708775313,5.328411794,4.696239151,3.905496625,4.859578106,4.141613376,4.743400084,5.28652395,6.177789228
3283,5.708775313,5.328411794,4.696239151,3.905496625,4.859578106,4.141613376,4.743400084,5.28652395,6.177789228
3284,5.708775313,5.328411794,4.696239151,3.905496625,4.859578106,4.141613376,4.743400084,5.28652395,6.177789228
3285,5.708775313,5.328411794,4.696239151,3.905496625,4.859578106,4.141613376,4.743400084,5.28652395,6.177789228
3286,5.708775313,5.328411794,4.696239151,3.905496625,4.859578106,4.141613376,4.743400084,5.28652395,6.177789228
3287,5.708775313,5.328411794,4.696239151,3.905496625,4.859578106,4.141613376,4.743400084,5.28652395,6.177789228
3288,5.708775313,5.328411794,4.696239151,3.905496625,4.859578106,4.141613376,4.743400084,5.28652395,6.177789228
3289,5.708775313,5.328411794,4.696239151,3.905496625,4.859578106,4.141613376,4.743400084,5.28652395,6.177789228
3290,5.708775313,5.328411794,4.696239151,3.905496625,4.859578106,4.141613376,4.743400084,5.28652395,6.177789228
3291,5.708775313,5.328411794,4.696239151,3.905496625,4.859578106,4.141613376,4.743400084,5.28652395,6.177789228
3292,5.708775313,5.328411794,4.696239151,3.905496625,4.859578106,4.141613376,4.743400084,5.28652395,6.177789228
3293,5.708775313,5.328411794,4.696239151,3.905496625,4.859578106,4.141613376,4.743400084,5.28652395,6.177789228
3294,5.708775313,5.328411794,4.696239151,3.905496625,4.859578106,4.141613376,4.743400084,5.28652395,6.177789228
3295,5.708775313,5.328411794,4.696239151,3.905496625,4.859578106,4.141613376,4.743400084,5.28652395,6.177789228
3296,5.708775313,5.328411794,4.696239151,3.905496625,4.859578106,4.141613376,4.743400084,5.28652395,6.177789228
3297,5.708775313,5.328411794,4.696239151,3.905496625,4.859578106,4.141613376,4.743400084,5.28652395,6.177789228
3298,5.708775313,5.328411794,4.696239151,3.905496625,4.859578106,4.141613376,4.743400084,5.28652395,6.177789228
3299,5.708775313,5.328411794,4.696239151,3.905496625,4.859578106,4.141613376,4.743400084,5.28652395,6.177789228
3300,5.708775313,5.328411794,4.696239151,3.905496625,4.859578106,4.141613376,4.743400084,5.28652395,6.177789228
3301,5.708775313,5.328411794,4.696239151,3.905496625,4.859578106,4.141613376,4.743400084,5.28652395,6.177789228
3302,5.708775313,5.328411794,4.696239151,3.905496625,4.859578106,4.141613376,4.743400084,5.28652395,6.177789228
3303,5.708775313,5.328411794,4.696239151,3.905496625,4.859578106,4.141613376,4.743400084,5.28652395,6.177789228
3304,5.708775313,5.328411794,4.696239151,3.905496625,4.859578106,4.141613376,4.743400084,5.28652395,6.177789228
3305,5.708775313,5.328411794,4.696239151,3.905496625,4.859578106,4.141613376,4.743400084,5.28652395,6.177789228
3306,5.708775313,5.328411794,4.696239151,3.905496625,4.859578106,4.141613376,4.743400084,5.28652395,6.177789228
3307,5.708775313,5.328411794,4.696239151,3.905496625,4.859578106,4.141613376,4.743400084,5.28652395,6.177789228
3308,5.708775313,5.328411794,4.696239151,3.905496625,4.859578106,4.141613376,4.743400084,5.28652395,6.177789228
3309,5.708775313,5.328411794,4.696239151,3.905496625,4.859578106,4.141613376,4.743400084,5.28652395,6.177789228
3310,5.708775313,5.328411794,4.696239151,3.905496625,4.859578106,4.141613376,4.743400084,5.28652395,6.177789228
3311,5.708775313,5.328411794,4.696239151,3.905496625,4.859578106,4.141613376,4.743400084,5.28652395,6.177789228
3312,5.708775313,5.328411794,4.696239151,3.905496625,4.859578106,4.141613376,4.743400084,5.28652395,6.177789228
3313,5.708775313,5.328411794,4.696239151,3.905496625,4.859578106,4.141613376,4.743400084,5.28652395,6.177789228
3314,5.708775313,5.328411794,4.696239151,3.905496625,4.859578106,4.141613376,4.743400084,5.28652395,6.177789228
3315,5.708775313,5.328411794,4.696239151,3.905496625,4.859578106,4.141613376,4.743400084,5.28652395,6.177789228
3316,5.708775313,5.328411794,4.696239151,3.905496625,4.859578106,4.141613376,4.743400084,5.28652395,6.177789228
3317,5.708775313,5.328411794,4.696239151,3.905496625,4.859578106,4.141613376,4.743400084,5.28652395,6.177789228
3318,5.708775313,5.328411794,4.696239151,3.905496625,4.859578106,4.141613376,4.743400084,5.28652395,6.177789228
3319,5.708775313,5.328411794,4.696239151,3.905496625,4.859578106,4.141613376,4.743400084,5.28652395,6.177789228
3320,5.708775313,5.328411794,4.696239151,3.905496625,4.859578106,4.141613376,4.743400084,5.28652395,6.177789228
3321,5.708775313,5.328411794,4.696239151,3.905496625,4.859578106,4.141613376,4.743400084,5.28652395,6.177789228
3322,5.708775313,5.328411794,4.696239151,3.905496625,4.859578106,4.141613376,4.743400084,5.28652395,6.177789228
3323,5.708775313,5.328411794,4.696239151,3.905496625,4.859578106,4.141613376,4.743400084,5.28652395,6.177789228
3324,5.708775313,5.328411794,4.696239151,3.905496625,4.859578106,4.141613376,4.743400084,5.28652395,6.177789228
3325,5.708775313,5.328411794,4.696239151,3.905496625,4.859578106,4.141613376,4.743400084,5.28652395,6.177789228
3326,5.708775313,5.328411794,4.696239151,3.905496625,4.859578106,4.141613376,4.743400084,5.28652395,6.177789228
3327,5.708775313,5.328411794,4.696239151,3.905496625,4.859578106,4.141613376,4.743400084,5.28652395,6.177789228
3328,5.708775313,5.328411794,4.696239151,3.905496625,4.859578106,4.141613376,4.743400084,5.28652395,6.177789228
3329,5.708775313,5.328411794,4.696239151,3.905496625,4.859578106,4.141613376,4.743400084,5.28652395,6.177789228
3330,5.708775313,5.328411794,4.696239151,3.905496625,4.859578106,4.141613376,4.743400084,5.28652395,6.177789228
3331,5.708775313,5.328411794,4.696239151,3.905496625,4.859578106,4.141613376,4.743400084,5.28652395,6.177789228
3332,5.708775313,5.328411794,4.696239151,3.905496625,4.859578106,4.141613376,4.743400084,5.28652395,6.177789228
3333,5.708775313,5.328411794,4.696239151,3.905496625,4.859578106,4.141613376,4.743400084,5.28652395,6.177789228
3334,5.708775313,5.328411794,4.696239151,3.905496625,4.859578106,4.141613376,4.743400084,5.28652395,6.177789228
3335,5.708775313,5.328411794,4.696239151,3.905496625,4.859578106,4.141613376,4.743400084,5.28652395,6.177789228
3336,5.708775313,5.328411794,4.696239151,3.905496625,4.859578106,4.141613376,4.743400084,5.28652395,6.177789228
3337,5.708775313,5.328411794,4.696239151,3.905496625,4.859578106,4.141613376,4.743400084,5.28652395,6.177789228
3338,5.708775313,5.328411794,4.696239151,3.905496625,4.859578106,4.141613376,4.743400084,5.28652395,6.177789228
3339,5.708775313,5.328411794,4.696239151,3.905496625,4.859578106,4.141613376,4.743400084,5.28652395,6.177789228
3340,5.708775313,5.328411794,4.696239151,3.905496625,4.859578106,4.141613376,4.743400084,5.28652395,6.177789228
3341,5.708775313,5.328411794,4.696239151,3.905496625,4.859578106,4.141613376,4.743400084,5.28652395,6.177789228
3342,5.708775313,5.328411794,4.696239151,3.905496625,4.859578106,4.141613376,4.743400084,5.28652395,6.177789228
3343,5.708775313,5.328411794,4.696239151,3.905496625,4.859578106,4.141613376,4.743400084,5.28652395,6.177789228
3344,5.708775313,5.328411794,4.696239151,3.905496625,4.859578106,4.141613376,4.743400084,5.28652395,6.177789228
3345,5.708775313,5.328411794,4.696239151,3.905496625,4.859578106,4.141613376,4.743400084,5.28652395,6.177789228
3346,5.708775313,5.328411794,4.696239151,3.905496625,4.859578106,4.141613376,4.743400084,5.28652395,6.177789228
3347,5.708775313,5.328411794,4.696239151,3.905496625,4.859578106,4.141613376,4.743400084,5.28652395,6.177789228
3348,5.708775313,5.328411794,4.696239151,3.905496625,4.859578106,4.141613376,4.743400084,5.28652395,6.177789228
3349,5.708775313,5.328411794,4.696239151,3.905496625,4.859578106,4.141613376,4.743400084,5.28652395,6.177789228
3350,5.708775313,5.328411794,4.696239151,3.905496625,4.859578106,4.141613376,4.743400084,5.28652395,6.177789228
3351,5.708775313,5.328411794,4.696239151,3.905496625,4.859578106,4.141613376,4.743400084,5.28652395,6.177789228
3352,5.708775313,5.328411794,4.696239151,3.905496625,4.859578106,4.141613376,4.743400084,5.28652395,6.177789228
3353,5.708775313,5.328411794,4.696239151,3.905496625,4.859578106,4.141613376,4.743400084,5.28652395,6.177789228
3354,5.708775313,5.328411794,4.696239151,3.905496625,4.859578106,4.141613376,4.743400084,5.28652395,6.177789228
3355,5.708775313,5.328411794,4.696239151,3.905496625,4.859578106,4.141613376,4.743400084,5.28652395,6.177789228
3356,5.708775313,5.328411794,4.696239151,3.905496625,4.859578106,4.141613376,4.743400084,5.28652395,6.177789228
3357,5.708775313,5.328411794,4.696239151,3.905496625,4.859578106,4.141613376,4.743400084,5.28652395,6.177789228
3358,5.708775313,5.328411794,4.696239151,3.905496625,4.859578106,4.141613376,4.743400084,5.28652395,6.177789228
3359,5.708775313,5.328411794,4.696239151,3.905496625,4.859578106,4.141613376,4.743400084,5.28652395,6.177789228
3360,5.708775313,5.328411794,4.696239151,3.905496625,4.859578106,4.141613376,4.743400084,5.28652395,6.177789228
3361,5.708775313,5.328411794,4.696239151,3.905496625,4.859578106,4.141613376,4.743400084,5.28652395,6.177789228
3362,5.708775313,5.328411794,4.696239151,3.905496625,4.859578106,4.141613376,4.743400084,5.28652395,6.177789228
3363,5.708775313,5.328411794,4.696239151,3.905496625,4.859578106,4.141613376,4.743400084,5.28652395,6.177789228
3364,5.708775313,5.328411794,4.696239151,3.905496625,4.859578106,4.141613376,4.743400084,5.28652395,6.177789228
3365,5.708775313,5.328411794,4.696239151,3.905496625,4.859578106,4.141613376,4.743400084,5.28652395,6.177789228
3366,5.708775313,5.328411794,4.696239151,3.905496625,4.859578106,4.141613376,4.743400084,5.28652395,6.177789228
3367,5.708775313,5.328411794,4.696239151,3.905496625,4.859578106,4.141613376,4.743400084,5.28652395,6.177789228
3368,5.708775313,5.328411794,4.696239151,3.905496625,4.859578106,4.141613376,4.743400084,5.28652395,6.177789228
3369,5.708775313,5.328411794,4.696239151,3.905496625,4.859578106,4.141613376,4.743400084,5.28652395,6.177789228
3370,5.708775313,5.328411794,4.696239151,3.905496625,4.859578106,4.141613376,4.743400084,5.28652395,6.177789228
3371,5.708775313,5.328411794,4.696239151,3.905496625,4.859578106,4.141613376,4.743400084,5.28652395,6.177789228
3372,5.708775313,5.328411794,4.696239151,3.905496625,4.859578106,4.141613376,4.743400084,5.28652395,6.177789228
3373,5.708775313,5.328411794,4.696239151,3.905496625,4.859578106,4.141613376,4.743400084,5.28652395,6.177789228
3374,5.708775313,5.328411794,4.696239151,3.905496625,4.859578106,4.141613376,4.743400084,5.28652395,6.177789228
3375,5.708775313,5.328411794,4.696239151,3.905496625,4.859578106,4.141613376,4.743400084,5.28652395,6.177789228
3376,5.708775313,5.328411794,4.696239151,3.905496625,4.859578106,4.141613376,4.743400084,5.28652395,6.177789228
3377,5.708775313,5.328411794,4.696239151,3.905496625,4.859578106,4.141613376,4.743400084,5.28652395,6.177789228
3378,5.708775313,5.328411794,4.696239151,3.905496625,4.859578106,4.141613376,4.743400084,5.28652395,6.177789228
3379,5.708775313,5.328411794,4.696239151,3.905496625,4.859578106,4.141613376,4.743400084,5.28652395,6.177789228
3380,5.708775313,5.328411794,4.696239151,3.905496625,4.859578106,4.141613376,4.743400084,5.28652395,6.177789228
3381,5.708775313,5.328411794,4.696239151,3.905496625,4.859578106,4.141613376,4.743400084,5.28652395,6.177789228
3382,5.708775313,5.328411794,4.696239151,3.905496625,4.859578106,4.141613376,4.743400084,5.28652395,6.177789228
3383,5.708775313,5.328411794,4.696239151,3.905496625,4.859578106,4.141613376,4.743400084,5.28652395,6.177789228
3384,5.708775313,5.328411794,4.696239151,3.905496625,4.859578106,4.141613376,4.743400084,5.28652395,6.177789228
3385,5.708775313,5.328411794,4.696239151,3.905496625,4.859578106,4.141613376,4.743400084,5.28652395,6.177789228
3386,5.708775313,5.328411794,4.696239151,3.905496625,4.859578106,4.141613376,4.743400084,5.28652395,6.177789228
3387,5.708775313,5.328411794,4.696239151,3.905496625,4.859578106,4.141613376,4.743400084,5.28652395,6.177789228
3388,5.708775313,5.328411794,4.696239151,3.905496625,4.859578106,4.141613376,4.743400084,5.28652395,6.177789228
3389,5.708775313,5.328411794,4.696239151,3.905496625,4.859578106,4.141613376,4.743400084,5.28652395,6.177789228
3390,5.708775313,5.328411794,4.696239151,3.905496625,4.859578106,4.141613376,4.743400084,5.28652395,6.177789228
3391,5.708775313,5.328411794,4.696239151,3.905496625,4.859578106,4.141613376,4.743400084,5.28652395,6.177789228
3392,5.708775313,5.328411794,4.696239151,3.905496625,4.859578106,4.141613376,4.743400084,5.28652395,6.177789228
3393,5.708775313,5.328411794,4.696239151,3.905496625,4.859578106,4.141613376,4.743400084,5.28652395,6.177789228
3394,5.708775313,5.328411794,4.696239151,3.905496625,4.859578106,4.141613376,4.743400084,5.28652395,6.177789228
3395,5.708775313,5.328411794,4.696239151,3.905496625,4.859578106,4.141613376,4.743400084,5.28652395,6.177789228
3396,5.708775313,5.328411794,4.696239151,3.905496625,4.859578106,4.141613376,4.743400084,5.28652395,6.177789228
3397,5.708775313,5.328411794,4.696239151,3.905496625,4.859578106,4.141613376,4.743400084,5.28652395,6.177789228
3398,5.708775313,5.328411794,4.696239151,3.905496625,4.859578106,4.141613376,4.743400084,5.28652395,6.177789228
3399,5.708775313,5.328411794,4.696239151,3.905496625,4.859578106,4.141613376,4.743400084,5.28652395,6.177789228
3400,5.708775313,5.328411794,4.696239151,3.905496625,4.859578106,4.141613376,4.743400084,5.28652395,6.177789228
3401,5.708775313,5.328411794,4.696239151,3.905496625,4.859578106,4.141613376,4.743400084,5.28652395,6.177789228
3402,5.708775313,5.328411794,4.696239151,3.905496625,4.859578106,4.141613376,4.743400084,5.28652395,6.177789228
3403,5.708775313,5.328411794,4.696239151,3.905496625,4.859578106,4.141613376,4.743400084,5.28652395,6.177789228
3404,5.708775313,5.328411794,4.696239151,3.905496625,4.859578106,4.141613376,4.743400084,5.28652395,6.177789228
3405,5.708775313,5.328411794,4.696239151,3.905496625,4.859578106,4.141613376,4.743400084,5.28652395,6.177789228
3406,5.708775313,5.328411794,4.696239151,3.905496625,4.859578106,4.141613376,4.743400084,5.28652395,6.177789228
3407,5.708775313,5.328411794,4.696239151,3.905496625,4.859578106,4.141613376,4.743400084,5.28652395,6.177789228
3408,5.708775313,5.328411794,4.696239151,3.905496625,4.859578106,4.141613376,4.743400084,5.28652395,6.177789228
3409,5.708775313,5.328411794,4.696239151,3.905496625,4.859578106,4.141613376,4.743400084,5.28652395,6.177789228
3410,5.708775313,5.328411794,4.696239151,3.905496625,4.859578106,4.141613376,4.743400084,5.28652395,6.177789228
3411,5.708775313,5.328411794,4.696239151,3.905496625,4.859578106,4.141613376,4.743400084,5.28652395,6.177789228
3412,5.708775313,5.328411794,4.696239151,3.905496625,4.859578106,4.141613376,4.743400084,5.28652395,6.177789228
3413,5.708775313,5.328411794,4.696239151,3.905496625,4.859578106,4.141613376,4.743400084,5.28652395,6.177789228
3414,5.708775313,5.328411794,4.696239151,3.905496625,4.859578106,4.141613376,4.743400084,5.28652395,6.177789228
3415,5.708775313,5.328411794,4.696239151,3.905496625,4.859578106,4.141613376,4.743400084,5.28652395,6.177789228
3416,5.708775313,5.328411794,4.696239151,3.905496625,4.859578106,4.141613376,4.743400084,5.28652395,6.177789228
3417,5.708775313,5.328411794,4.696239151,3.905496625,4.859578106,4.141613376,4.743400084,5.28652395,6.177789228
3418,5.708775313,5.328411794,4.696239151,3.905496625,4.859578106,4.141613376,4.743400084,5.28652395,6.177789228
3419,5.708775313,5.328411794,4.696239151,3.905496625,4.859578106,4.141613376,4.743400084,5.28652395,6.177789228
3420,5.708775313,5.328411794,4.696239151,3.905496625,4.859578106,4.141613376,4.743400084,5.28652395,6.177789228
3421,5.708775313,5.328411794,4.696239151,3.905496625,4.859578106,4.141613376,4.743400084,5.28652395,6.177789228
3422,5.708775313,5.328411794,4.696239151,3.905496625,4.859578106,4.141613376,4.743400084,5.28652395,6.177789228
3423,5.708775313,5.328411794,4.696239151,3.905496625,4.859578106,4.141613376,4.743400084,5.28652395,6.177789228
3424,5.708775313,5.328411794,4.696239151,3.905496625,4.859578106,4.141613376,4.743400084,5.28652395,6.177789228
3425,5.708775313,5.328411794,4.696239151,3.905496625,4.859578106,4.141613376,4.743400084,5.28652395,6.177789228
3426,5.708775313,5.328411794,4.696239151,3.905496625,4.859578106,4.141613376,4.743400084,5.28652395,6.177789228
3427,5.708775313,5.328411794,4.696239151,3.905496625,4.859578106,4.141613376,4.743400084,5.28652395,6.177789228
3428,5.708775313,5.328411794,4.696239151,3.905496625,4.859578106,4.141613376,4.743400084,5.28652395,6.177789228
3429,5.708775313,5.328411794,4.696239151,3.905496625,4.859578106,4.141613376,4.743400084,5.28652395,6.177789228
3430,5.708775313,5.328411794,4.696239151,3.905496625,4.859578106,4.141613376,4.743400084,5.28652395,6.177789228
3431,5.708775313,5.328411794,4.696239151,3.905496625,4.859578106,4.141613376,4.743400084,5.28652395,6.177789228
3432,5.708775313,5.328411794,4.696239151,3.905496625,4.859578106,4.141613376,4.743400084,5.28652395,6.177789228
3433,5.708775313,5.328411794,4.696239151,3.905496625,4.859578106,4.141613376,4.743400084,5.28652395,6.177789228
3434,5.708775313,5.328411794,4.696239151,3.905496625,4.859578106,4.141613376,4.743400084,5.28652395,6.177789228
3435,5.708775313,5.328411794,4.696239151,3.905496625,4.859578106,4.141613376,4.743400084,5.28652395,6.177789228
3436,5.708775313,5.328411794,4.696239151,3.905496625,4.859578106,4.141613376,4.743400084,5.28652395,6.177789228
3437,5.708775313,5.328411794,4.696239151,3.905496625,4.859578106,4.141613376,4.743400084,5.28652395,6.177789228
3438,5.708775313,5.328411794,4.696239151,3.905496625,4.859578106,4.141613376,4.743400084,5.28652395,6.177789228
3439,5.708775313,5.328411794,4.696239151,3.905496625,4.859578106,4.141613376,4.743400084,5.28652395,6.177789228
3440,5.708775313,5.328411794,4.696239151,3.905496625,4.859578106,4.141613376,4.743400084,5.28652395,6.177789228
3441,5.708775313,5.328411794,4.696239151,3.905496625,4.859578106,4.141613376,4.743400084,5.28652395,6.177789228
3442,5.708775313,5.328411794,4.696239151,3.905496625,4.859578106,4.141613376,4.743400084,5.28652395,6.177789228
3443,5.708775313,5.328411794,4.696239151,3.905496625,4.859578106,4.141613376,4.743400084,5.28652395,6.177789228
3444,5.708775313,5.328411794,4.696239151,3.905496625,4.859578106,4.141613376,4.743400084,5.28652395,6.177789228
3445,5.708775313,5.328411794,4.696239151,3.905496625,4.859578106,4.141613376,4.743400084,5.28652395,6.177789228
3446,5.708775313,5.328411794,4.696239151,3.905496625,4.859578106,4.141613376,4.743400084,5.28652395,6.177789228
3447,5.708775313,5.328411794,4.696239151,3.905496625,4.859578106,4.141613376,4.743400084,5.28652395,6.177789228
3448,5.708775313,5.328411794,4.696239151,3.905496625,4.859578106,4.141613376,4.743400084,5.28652395,6.177789228
3449,5.708775313,5.328411794,4.696239151,3.905496625,4.859578106,4.141613376,4.743400084,5.28652395,6.177789228
3450,5.708775313,5.328411794,4.696239151,3.905496625,4.859578106,4.141613376,4.743400084,5.28652395,6.177789228
3451,5.708775313,5.328411794,4.696239151,3.905496625,4.859578106,4.141613376,4.743400084,5.28652395,6.177789228
3452,5.708775313,5.328411794,4.696239151,3.905496625,4.859578106,4.141613376,4.743400084,5.28652395,6.177789228
3453,5.708775313,5.328411794,4.696239151,3.905496625,4.859578106,4.141613376,4.743400084,5.28652395,6.177789228
3454,5.708775313,5.328411794,4.696239151,3.905496625,4.859578106,4.141613376,4.743400084,5.28652395,6.177789228
3455,5.708775313,5.328411794,4.696239151,3.905496625,4.859578106,4.141613376,4.743400084,5.28652395,6.177789228
3456,5.708775313,5.328411794,4.696239151,3.905496625,4.859578106,4.141613376,4.743400084,5.28652395,6.177789228
3457,5.708775313,5.328411794,4.696239151,3.905496625,4.859578106,4.141613376,4.743400084,5.28652395,6.177789228
3458,5.708775313,5.328411794,4.696239151,3.905496625,4.859578106,4.141613376,4.743400084,5.28652395,6.177789228
3459,5.708775313,5.328411794,4.696239151,3.905496625,4.859578106,4.141613376,4.743400084,5.28652395,6.177789228
3460,5.708775313,5.328411794,4.696239151,3.905496625,4.859578106,4.141613376,4.743400084,5.28652395,6.177789228
3461,5.708775313,5.328411794,4.696239151,3.905496625,4.859578106,4.141613376,4.743400084,5.28652395,6.177789228
3462,5.708775313,5.328411794,4.696239151,3.905496625,4.859578106,4.141613376,4.743400084,5.28652395,6.177789228
3463,5.708775313,5.328411794,4.696239151,3.905496625,4.859578106,4.141613376,4.743400084,5.28652395,6.177789228
3464,5.708775313,5.328411794,4.696239151,3.905496625,4.859578106,4.141613376,4.743400084,5.28652395,6.177789228
3465,5.708775313,5.328411794,4.696239151,3.905496625,4.859578106,4.141613376,4.743400084,5.28652395,6.177789228
3466,5.708775313,5.328411794,4.696239151,3.905496625,4.859578106,4.141613376,4.743400084,5.28652395,6.177789228
3467,5.708775313,5.328411794,4.696239151,3.905496625,4.859578106,4.141613376,4.743400084,5.28652395,6.177789228
3468,5.708775313,5.328411794,4.696239151,3.905496625,4.859578106,4.141613376,4.743400084,5.28652395,6.177789228
3469,5.708775313,5.328411794,4.696239151,3.905496625,4.859578106,4.141613376,4.743400084,5.28652395,6.177789228
3470,5.708775313,5.328411794,4.696239151,3.905496625,4.859578106,4.141613376,4.743400084,5.28652395,6.177789228
3471,5.708775313,5.328411794,4.696239151,3.905496625,4.859578106,4.141613376,4.743400084,5.28652395,6.177789228
3472,5.708775313,5.328411794,4.696239151,3.905496625,4.859578106,4.141613376,4.743400084,5.28652395,6.177789228
3473,5.708775313,5.328411794,4.696239151,3.905496625,4.859578106,4.141613376,4.743400084,5.28652395,6.177789228
3474,5.708775313,5.328411794,4.696239151,3.905496625,4.859578106,4.141613376,4.743400084,5.28652395,6.177789228
3475,5.708775313,5.328411794,4.696239151,3.905496625,4.859578106,4.141613376,4.743400084,5.28652395,6.177789228
3476,5.708775313,5.328411794,4.696239151,3.905496625,4.859578106,4.141613376,4.743400084,5.28652395,6.177789228
3477,5.708775313,5.328411794,4.696239151,3.905496625,4.859578106,4.141613376,4.743400084,5.28652395,6.177789228
3478,5.708775313,5.328411794,4.696239151,3.905496625,4.859578106,4.141613376,4.743400084,5.28652395,6.177789228
3479,5.708775313,5.328411794,4.696239151,3.905496625,4.859578106,4.141613376,4.743400084,5.28652395,6.177789228
3480,5.708775313,5.328411794,4.696239151,3.905496625,4.859578106,4.141613376,4.743400084,5.28652395,6.177789228
3481,5.708775313,5.328411794,4.696239151,3.905496625,4.859578106,4.141613376,4.743400084,5.28652395,6.177789228
3482,5.708775313,5.328411794,4.696239151,3.905496625,4.859578106,4.141613376,4.743400084,5.28652395,6.177789228
3483,5.708775313,5.328411794,4.696239151,3.905496625,4.859578106,4.141613376,4.743400084,5.28652395,6.177789228
3484,5.708775313,5.328411794,4.696239151,3.905496625,4.859578106,4.141613376,4.743400084,5.28652395,6.177789228
3485,5.708775313,5.328411794,4.696239151,3.905496625,4.859578106,4.141613376,4.743400084,5.28652395,6.177789228
3486,5.708775313,5.328411794,4.696239151,3.905496625,4.859578106,4.141613376,4.743400084,5.28652395,6.177789228
3487,5.708775313,5.328411794,4.696239151,3.905496625,4.859578106,4.141613376,4.743400084,5.28652395,6.177789228
3488,5.708775313,5.328411794,4.696239151,3.905496625,4.859578106,4.141613376,4.743400084,5.28652395,6.177789228
3489,5.708775313,5.328411794,4.696239151,3.905496625,4.859578106,4.141613376,4.743400084,5.28652395,6.177789228
3490,5.708775313,5.328411794,4.696239151,3.905496625,4.859578106,4.141613376,4.743400084,5.28652395,6.177789228
3491,5.708775313,5.328411794,4.696239151,3.905496625,4.859578106,4.141613376,4.743400084,5.28652395,6.177789228
3492,5.708775313,5.328411794,4.696239151,3.905496625,4.859578106,4.141613376,4.743400084,5.28652395,6.177789228
3493,5.708775313,5.328411794,4.696239151,3.905496625,4.859578106,4.141613376,4.743400084,5.28652395,6.177789228
3494,5.708775313,5.328411794,4.696239151,3.905496625,4.859578106,4.141613376,4.743400084,5.28652395,6.177789228
3495,5.708775313,5.328411794,4.696239151,3.905496625,4.859578106,4.141613376,4.743400084,5.28652395,6.177789228
3496,5.708775313,5.328411794,4.696239151,3.905496625,4.859578106,4.141613376,4.743400084,5.28652395,6.177789228
3497,5.708775313,5.328411794,4.696239151,3.905496625,4.859578106,4.141613376,4.743400084,5.28652395,6.177789228
3498,5.708775313,5.328411794,4.696239151,3.905496625,4.859578106,4.141613376,4.743400084,5.28652395,6.177789228
3499,5.708775313,5.328411794,4.696239151,3.905496625,4.859578106,4.141613376,4.743400084,5.28652395,6.177789228
3500,5.708775313,5.328411794,4.696239151,3.905496625,4.859578106,4.141613376,4.743400084,5.28652395,6.177789228
3501,5.708775313,5.328411794,4.696239151,3.905496625,4.859578106,4.141613376,4.743400084,5.28652395,6.177789228
3502,5.708775313,5.328411794,4.696239151,3.905496625,4.859578106,4.141613376,4.743400084,5.28652395,6.177789228
3503,5.708775313,5.328411794,4.696239151,3.905496625,4.859578106,4.141613376,4.743400084,5.28652395,6.177789228
3504,5.708775313,5.328411794,4.696239151,3.905496625,4.859578106,4.141613376,4.743400084,5.28652395,6.177789228
3505,5.708775313,5.328411794,4.696239151,3.905496625,4.859578106,4.141613376,4.743400084,5.28652395,6.177789228
3506,5.708775313,5.328411794,4.696239151,3.905496625,4.859578106,4.141613376,4.743400084,5.28652395,6.177789228
3507,5.708775313,5.328411794,4.696239151,3.905496625,4.859578106,4.141613376,4.743400084,5.28652395,6.177789228
3508,5.708775313,5.328411794,4.696239151,3.905496625,4.859578106,4.141613376,4.743400084,5.28652395,6.177789228
3509,5.708775313,5.328411794,4.696239151,3.905496625,4.859578106,4.141613376,4.743400084,5.28652395,6.177789228
3510,5.708775313,5.328411794,4.696239151,3.905496625,4.859578106,4.141613376,4.743400084,5.28652395,6.177789228
3511,5.708775313,5.328411794,4.696239151,3.905496625,4.859578106,4.141613376,4.743400084,5.28652395,6.177789228
3512,5.708775313,5.328411794,4.696239151,3.905496625,4.859578106,4.141613376,4.743400084,5.28652395,6.177789228
3513,5.708775313,5.328411794,4.696239151,3.905496625,4.859578106,4.141613376,4.743400084,5.28652395,6.177789228
3514,5.708775313,5.328411794,4.696239151,3.905496625,4.859578106,4.141613376,4.743400084,5.28652395,6.177789228
3515,5.708775313,5.328411794,4.696239151,3.905496625,4.859578106,4.141613376,4.743400084,5.28652395,6.177789228
3516,5.708775313,5.328411794,4.696239151,3.905496625,4.859578106,4.141613376,4.743400084,5.28652395,6.177789228
3517,5.708775313,5.328411794,4.696239151,3.905496625,4.859578106,4.141613376,4.743400084,5.28652395,6.177789228
3518,5.708775313,5.328411794,4.696239151,3.905496625,4.859578106,4.141613376,4.743400084,5.28652395,6.177789228
3519,5.708775313,5.328411794,4.696239151,3.905496625,4.859578106,4.141613376,4.743400084,5.28652395,6.177789228
3520,5.708775313,5.328411794,4.696239151,3.905496625,4.859578106,4.141613376,4.743400084,5.28652395,6.177789228
3521,5.708775313,5.328411794,4.696239151,3.905496625,4.859578106,4.141613376,4.743400084,5.28652395,6.177789228
3522,5.708775313,5.328411794,4.696239151,3.905496625,4.859578106,4.141613376,4.743400084,5.28652395,6.177789228
3523,5.708775313,5.328411794,4.696239151,3.905496625,4.859578106,4.141613376,4.743400084,5.28652395,6.177789228
3524,5.708775313,5.328411794,4.696239151,3.905496625,4.859578106,4.141613376,4.743400084,5.28652395,6.177789228
3525,5.708775313,5.328411794,4.696239151,3.905496625,4.859578106,4.141613376,4.743400084,5.28652395,6.177789228
3526,5.708775313,5.328411794,4.696239151,3.905496625,4.859578106,4.141613376,4.743400084,5.28652395,6.177789228
3527,5.708775313,5.328411794,4.696239151,3.905496625,4.859578106,4.141613376,4.743400084,5.28652395,6.177789228
3528,5.708775313,5.328411794,4.696239151,3.905496625,4.859578106,4.141613376,4.743400084,5.28652395,6.177789228
3529,5.708775313,5.328411794,4.696239151,3.905496625,4.859578106,4.141613376,4.743400084,5.28652395,6.177789228
3530,5.708775313,5.328411794,4.696239151,3.905496625,4.859578106,4.141613376,4.743400084,5.28652395,6.177789228
3531,5.708775313,5.328411794,4.696239151,3.905496625,4.859578106,4.141613376,4.743400084,5.28652395,6.177789228
3532,5.708775313,5.328411794,4.696239151,3.905496625,4.859578106,4.141613376,4.743400084,5.28652395,6.177789228
3533,5.708775313,5.328411794,4.696239151,3.905496625,4.859578106,4.141613376,4.743400084,5.28652395,6.177789228
3534,5.708775313,5.328411794,4.696239151,3.905496625,4.859578106,4.141613376,4.743400084,5.28652395,6.177789228
3535,5.708775313,5.328411794,4.696239151,3.905496625,4.859578106,4.141613376,4.743400084,5.28652395,6.177789228
3536,5.708775313,5.328411794,4.696239151,3.905496625,4.859578106,4.141613376,4.743400084,5.28652395,6.177789228
3537,5.708775313,5.328411794,4.696239151,3.905496625,4.859578106,4.141613376,4.743400084,5.28652395,6.177789228
3538,5.708775313,5.328411794,4.696239151,3.905496625,4.859578106,4.141613376,4.743400084,5.28652395,6.177789228
3539,5.708775313,5.328411794,4.696239151,3.905496625,4.859578106,4.141613376,4.743400084,5.28652395,6.177789228
3540,5.708775313,5.328411794,4.696239151,3.905496625,4.859578106,4.141613376,4.743400084,5.28652395,6.177789228
3541,5.708775313,5.328411794,4.696239151,3.905496625,4.859578106,4.141613376,4.743400084,5.28652395,6.177789228
3542,5.708775313,5.328411794,4.696239151,3.905496625,4.859578106,4.141613376,4.743400084,5.28652395,6.177789228
3543,5.708775313,5.328411794,4.696239151,3.905496625,4.859578106,4.141613376,4.743400084,5.28652395,6.177789228
3544,5.708775313,5.328411794,4.696239151,3.905496625,4.859578106,4.141613376,4.743400084,5.28652395,6.177789228
3545,5.708775313,5.328411794,4.696239151,3.905496625,4.859578106,4.141613376,4.743400084,5.28652395,6.177789228
3546,5.708775313,5.328411794,4.696239151,3.905496625,4.859578106,4.141613376,4.743400084,5.28652395,6.177789228
3547,5.708775313,5.328411794,4.696239151,3.905496625,4.859578106,4.141613376,4.743400084,5.28652395,6.177789228
3548,5.708775313,5.328411794,4.696239151,3.905496625,4.859578106,4.141613376,4.743400084,5.28652395,6.177789228
3549,5.708775313,5.328411794,4.696239151,3.905496625,4.859578106,4.141613376,4.743400084,5.28652395,6.177789228
3550,5.708775313,5.328411794,4.696239151,3.905496625,4.859578106,4.141613376,4.743400084,5.28652395,6.177789228
3551,5.708775313,5.328411794,4.696239151,3.905496625,4.859578106,4.141613376,4.743400084,5.28652395,6.177789228
3552,5.708775313,5.328411794,4.696239151,3.905496625,4.859578106,4.141613376,4.743400084,5.28652395,6.177789228
3553,5.708775313,5.328411794,4.696239151,3.905496625,4.859578106,4.141613376,4.743400084,5.28652395,6.177789228
3554,5.708775313,5.328411794,4.696239151,3.905496625,4.859578106,4.141613376,4.743400084,5.28652395,6.177789228
3555,5.708775313,5.328411794,4.696239151,3.905496625,4.859578106,4.141613376,4.743400084,5.28652395,6.177789228
3556,5.708775313,5.328411794,4.696239151,3.905496625,4.859578106,4.141613376,4.743400084,5.28652395,6.177789228
3557,5.708775313,5.328411794,4.696239151,3.905496625,4.859578106,4.141613376,4.743400084,5.28652395,6.177789228
3558,5.708775313,5.328411794,4.696239151,3.905496625,4.859578106,4.141613376,4.743400084,5.28652395,6.177789228
3559,5.708775313,5.328411794,4.696239151,3.905496625,4.859578106,4.141613376,4.743400084,5.28652395,6.177789228
3560,5.708775313,5.328411794,4.696239151,3.905496625,4.859578106,4.141613376,4.743400084,5.28652395,6.177789228
3561,5.708775313,5.328411794,4.696239151,3.905496625,4.859578106,4.141613376,4.743400084,5.28652395,6.177789228
3562,5.708775313,5.328411794,4.696239151,3.905496625,4.859578106,4.141613376,4.743400084,5.28652395,6.177789228
3563,5.708775313,5.328411794,4.696239151,3.905496625,4.859578106,4.141613376,4.743400084,5.28652395,6.177789228
3564,5.708775313,5.328411794,4.696239151,3.905496625,4.859578106,4.141613376,4.743400084,5.28652395,6.177789228
3565,5.708775313,5.328411794,4.696239151,3.905496625,4.859578106,4.141613376,4.743400084,5.28652395,6.177789228
3566,5.708775313,5.328411794,4.696239151,3.905496625,4.859578106,4.141613376,4.743400084,5.28652395,6.177789228
3567,5.708775313,5.328411794,4.696239151,3.905496625,4.859578106,4.141613376,4.743400084,5.28652395,6.177789228
3568,5.708775313,5.328411794,4.696239151,3.905496625,4.859578106,4.141613376,4.743400084,5.28652395,6.177789228
3569,5.708775313,5.328411794,4.696239151,3.905496625,4.859578106,4.141613376,4.743400084,5.28652395,6.177789228
3570,5.708775313,5.328411794,4.696239151,3.905496625,4.859578106,4.141613376,4.743400084,5.28652395,6.177789228
3571,5.708775313,5.328411794,4.696239151,3.905496625,4.859578106,4.141613376,4.743400084,5.28652395,6.177789228
3572,5.708775313,5.328411794,4.696239151,3.905496625,4.859578106,4.141613376,4.743400084,5.28652395,6.177789228
3573,5.708775313,5.328411794,4.696239151,3.905496625,4.859578106,4.141613376,4.743400084,5.28652395,6.177789228
3574,5.708775313,5.328411794,4.696239151,3.905496625,4.859578106,4.141613376,4.743400084,5.28652395,6.177789228
3575,5.708775313,5.328411794,4.696239151,3.905496625,4.859578106,4.141613376,4.743400084,5.28652395,6.177789228
3576,5.708775313,5.328411794,4.696239151,3.905496625,4.859578106,4.141613376,4.743400084,5.28652395,6.177789228
3577,5.708775313,5.328411794,4.696239151,3.905496625,4.859578106,4.141613376,4.743400084,5.28652395,6.177789228
3578,5.708775313,5.328411794,4.696239151,3.905496625,4.859578106,4.141613376,4.743400084,5.28652395,6.177789228
3579,5.708775313,5.328411794,4.696239151,3.905496625,4.859578106,4.141613376,4.743400084,5.28652395,6.177789228
3580,5.708775313,5.328411794,4.696239151,3.905496625,4.859578106,4.141613376,4.743400084,5.28652395,6.177789228
3581,5.708775313,5.328411794,4.696239151,3.905496625,4.859578106,4.141613376,4.743400084,5.28652395,6.177789228
3582,5.708775313,5.328411794,4.696239151,3.905496625,4.859578106,4.141613376,4.743400084,5.28652395,6.177789228
3583,5.708775313,5.328411794,4.696239151,3.905496625,4.859578106,4.141613376,4.743400084,5.28652395,6.177789228
3584,5.708775313,5.328411794,4.696239151,3.905496625,4.859578106,4.141613376,4.743400084,5.28652395,6.177789228
3585,5.708775313,5.328411794,4.696239151,3.905496625,4.859578106,4.141613376,4.743400084,5.28652395,6.177789228
3586,5.708775313,5.328411794,4.696239151,3.905496625,4.859578106,4.141613376,4.743400084,5.28652395,6.177789228
3587,5.708775313,5.328411794,4.696239151,3.905496625,4.859578106,4.141613376,4.743400084,5.28652395,6.177789228
3588,5.708775313,5.328411794,4.696239151,3.905496625,4.859578106,4.141613376,4.743400084,5.28652395,6.177789228
3589,5.708775313,5.328411794,4.696239151,3.905496625,4.859578106,4.141613376,4.743400084,5.28652395,6.177789228
3590,5.708775313,5.328411794,4.696239151,3.905496625,4.859578106,4.141613376,4.743400084,5.28652395,6.177789228
3591,5.708775313,5.328411794,4.696239151,3.905496625,4.859578106,4.141613376,4.743400084,5.28652395,6.177789228
3592,5.708775313,5.328411794,4.696239151,3.905496625,4.859578106,4.141613376,4.743400084,5.28652395,6.177789228
3593,5.708775313,5.328411794,4.696239151,3.905496625,4.859578106,4.141613376,4.743400084,5.28652395,6.177789228
3594,5.708775313,5.328411794,4.696239151,3.905496625,4.859578106,4.141613376,4.743400084,5.28652395,6.177789228
3595,5.708775313,5.328411794,4.696239151,3.905496625,4.859578106,4.141613376,4.743400084,5.28652395,6.177789228
3596,5.708775313,5.328411794,4.696239151,3.905496625,4.859578106,4.141613376,4.743400084,5.28652395,6.177789228
3597,5.708775313,5.328411794,4.696239151,3.905496625,4.859578106,4.141613376,4.743400084,5.28652395,6.177789228
3598,5.708775313,5.328411794,4.696239151,3.905496625,4.859578106,4.141613376,4.743400084,5.28652395,6.177789228
3599,5.708775313,5.328411794,4.696239151,3.905496625,4.859578106,4.141613376,4.743400084,5.28652395,6.177789228
3600,5.708775313,5.328411794,4.696239151,3.905496625,4.859578106,4.141613376,4.743400084,5.28652395,6.177789228
3601,5.708775313,5.328411794,4.696239151,3.905496625,4.859578106,4.141613376,4.743400084,5.28652395,6.177789228
3602,5.708775313,5.328411794,4.696239151,3.905496625,4.859578106,4.141613376,4.743400084,5.28652395,6.177789228
3603,5.708775313,5.328411794,4.696239151,3.905496625,4.859578106,4.141613376,4.743400084,5.28652395,6.177789228
3604,5.708775313,5.328411794,4.696239151,3.905496625,4.859578106,4.141613376,4.743400084,5.28652395,6.177789228
3605,5.708775313,5.328411794,4.696239151,3.905496625,4.859578106,4.141613376,4.743400084,5.28652395,6.177789228
3606,5.708775313,5.328411794,4.696239151,3.905496625,4.859578106,4.141613376,4.743400084,5.28652395,6.177789228
3607,5.708775313,5.328411794,4.696239151,3.905496625,4.859578106,4.141613376,4.743400084,5.28652395,6.177789228
3608,5.708775313,5.328411794,4.696239151,3.905496625,4.859578106,4.141613376,4.743400084,5.28652395,6.177789228
3609,5.708775313,5.328411794,4.696239151,3.905496625,4.859578106,4.141613376,4.743400084,5.28652395,6.177789228
3610,5.708775313,5.328411794,4.696239151,3.905496625,4.859578106,4.141613376,4.743400084,5.28652395,6.177789228
3611,5.708775313,5.328411794,4.696239151,3.905496625,4.859578106,4.141613376,4.743400084,5.28652395,6.177789228
3612,5.708775313,5.328411794,4.696239151,3.905496625,4.859578106,4.141613376,4.743400084,5.28652395,6.177789228
3613,5.708775313,5.328411794,4.696239151,3.905496625,4.859578106,4.141613376,4.743400084,5.28652395,6.177789228
3614,5.708775313,5.328411794,4.696239151,3.905496625,4.859578106,4.141613376,4.743400084,5.28652395,6.177789228
3615,5.708775313,5.328411794,4.696239151,3.905496625,4.859578106,4.141613376,4.743400084,5.28652395,6.177789228
3616,5.708775313,5.328411794,4.696239151,3.905496625,4.859578106,4.141613376,4.743400084,5.28652395,6.177789228
3617,5.708775313,5.328411794,4.696239151,3.905496625,4.859578106,4.141613376,4.743400084,5.28652395,6.177789228
3618,5.708775313,5.328411794,4.696239151,3.905496625,4.859578106,4.141613376,4.743400084,5.28652395,6.177789228
3619,5.708775313,5.328411794,4.696239151,3.905496625,4.859578106,4.141613376,4.743400084,5.28652395,6.177789228
3620,5.708775313,5.328411794,4.696239151,3.905496625,4.859578106,4.141613376,4.743400084,5.28652395,6.177789228
3621,5.708775313,5.328411794,4.696239151,3.905496625,4.859578106,4.141613376,4.743400084,5.28652395,6.177789228
3622,5.708775313,5.328411794,4.696239151,3.905496625,4.859578106,4.141613376,4.743400084,5.28652395,6.177789228
3623,5.708775313,5.328411794,4.696239151,3.905496625,4.859578106,4.141613376,4.743400084,5.28652395,6.177789228
3624,5.708775313,5.328411794,4.696239151,3.905496625,4.859578106,4.141613376,4.743400084,5.28652395,6.177789228
3625,5.708775313,5.328411794,4.696239151,3.905496625,4.859578106,4.141613376,4.743400084,5.28652395,6.177789228
3626,5.708775313,5.328411794,4.696239151,3.905496625,4.859578106,4.141613376,4.743400084,5.28652395,6.177789228
3627,5.708775313,5.328411794,4.696239151,3.905496625,4.859578106,4.141613376,4.743400084,5.28652395,6.177789228
3628,5.708775313,5.328411794,4.696239151,3.905496625,4.859578106,4.141613376,4.743400084,5.28652395,6.177789228
3629,5.708775313,5.328411794,4.696239151,3.905496625,4.859578106,4.141613376,4.743400084,5.28652395,6.177789228
3630,5.708775313,5.328411794,4.696239151,3.905496625,4.859578106,4.141613376,4.743400084,5.28652395,6.177789228
3631,5.708775313,5.328411794,4.696239151,3.905496625,4.859578106,4.141613376,4.743400084,5.28652395,6.177789228
3632,5.708775313,5.328411794,4.696239151,3.905496625,4.859578106,4.141613376,4.743400084,5.28652395,6.177789228
3633,5.708775313,5.328411794,4.696239151,3.905496625,4.859578106,4.141613376,4.743400084,5.28652395,6.177789228
3634,5.708775313,5.328411794,4.696239151,3.905496625,4.859578106,4.141613376,4.743400084,5.28652395,6.177789228
3635,5.708775313,5.328411794,4.696239151,3.905496625,4.859578106,4.141613376,4.743400084,5.28652395,6.177789228
3636,5.708775313,5.328411794,4.696239151,3.905496625,4.859578106,4.141613376,4.743400084,5.28652395,6.177789228
3637,5.708775313,5.328411794,4.696239151,3.905496625,4.859578106,4.141613376,4.743400084,5.28652395,6.177789228
3638,5.708775313,5.328411794,4.696239151,3.905496625,4.859578106,4.141613376,4.743400084,5.28652395,6.177789228
3639,5.708775313,5.328411794,4.696239151,3.905496625,4.859578106,4.141613376,4.743400084,5.28652395,6.177789228
3640,5.708775313,5.328411794,4.696239151,3.905496625,4.859578106,4.141613376,4.743400084,5.28652395,6.177789228
3641,5.708775313,5.328411794,4.696239151,3.905496625,4.859578106,4.141613376,4.743400084,5.28652395,6.177789228
3642,5.708775313,5.328411794,4.696239151,3.905496625,4.859578106,4.141613376,4.743400084,5.28652395,6.177789228
3643,5.708775313,5.328411794,4.696239151,3.905496625,4.859578106,4.141613376,4.743400084,5.28652395,6.177789228
3644,5.708775313,5.328411794,4.696239151,3.905496625,4.859578106,4.141613376,4.743400084,5.28652395,6.177789228
3645,5.708775313,5.328411794,4.696239151,3.905496625,4.859578106,4.141613376,4.743400084,5.28652395,6.177789228
3646,5.708775313,5.328411794,4.696239151,3.905496625,4.859578106,4.141613376,4.743400084,5.28652395,6.177789228
3647,5.708775313,5.328411794,4.696239151,3.905496625,4.859578106,4.141613376,4.743400084,5.28652395,6.177789228
3648,5.708775313,5.328411794,4.696239151,3.905496625,4.859578106,4.141613376,4.743400084,5.28652395,6.177789228
3649,5.708775313,5.328411794,4.696239151,3.905496625,4.859578106,4.141613376,4.743400084,5.28652395,6.177789228
3650,5.708775313,5.328411794,4.696239151,3.905496625,4.859578106,4.141613376,4.743400084,5.28652395,6.177789228
3651,5.708775313,5.328411794,4.696239151,3.905496625,4.859578106,4.141613376,4.743400084,5.28652395,6.177789228
3652,5.708775313,5.328411794,4.696239151,3.905496625,4.859578106,4.141613376,4.743400084,5.28652395,6.177789228
3653,5.708775313,5.328411794,4.696239151,3.905496625,4.859578106,4.141613376,4.743400084,5.28652395,6.177789228
3654,5.708775313,5.328411794,4.696239151,3.905496625,4.859578106,4.141613376,4.743400084,5.28652395,6.177789228
3655,5.708775313,5.328411794,4.696239151,3.905496625,4.859578106,4.141613376,4.743400084,5.28652395,6.177789228
3656,5.708775313,5.328411794,4.696239151,3.905496625,4.859578106,4.141613376,4.743400084,5.28652395,6.177789228
3657,5.708775313,5.328411794,4.696239151,3.905496625,4.859578106,4.141613376,4.743400084,5.28652395,6.177789228
3658,5.708775313,5.328411794,4.696239151,3.905496625,4.859578106,4.141613376,4.743400084,5.28652395,6.177789228
3659,5.708775313,5.328411794,4.696239151,3.905496625,4.859578106,4.141613376,4.743400084,5.28652395,6.177789228
3660,5.708775313,5.328411794,4.696239151,3.905496625,4.859578106,4.141613376,4.743400084,5.28652395,6.177789228
3661,5.708775313,5.328411794,4.696239151,3.905496625,4.859578106,4.141613376,4.743400084,5.28652395,6.177789228
3662,5.708775313,5.328411794,4.696239151,3.905496625,4.859578106,4.141613376,4.743400084,5.28652395,6.177789228
3663,5.708775313,5.328411794,4.696239151,3.905496625,4.859578106,4.141613376,4.743400084,5.28652395,6.177789228
3664,5.708775313,5.328411794,4.696239151,3.905496625,4.859578106,4.141613376,4.743400084,5.28652395,6.177789228
3665,5.708775313,5.328411794,4.696239151,3.905496625,4.859578106,4.141613376,4.743400084,5.28652395,6.177789228
3666,5.708775313,5.328411794,4.696239151,3.905496625,4.859578106,4.141613376,4.743400084,5.28652395,6.177789228
3667,5.708775313,5.328411794,4.696239151,3.905496625,4.859578106,4.141613376,4.743400084,5.28652395,6.177789228
3668,5.708775313,5.328411794,4.696239151,3.905496625,4.859578106,4.141613376,4.743400084,5.28652395,6.177789228
3669,5.708775313,5.328411794,4.696239151,3.905496625,4.859578106,4.141613376,4.743400084,5.28652395,6.177789228
3670,5.708775313,5.328411794,4.696239151,3.905496625,4.859578106,4.141613376,4.743400084,5.28652395,6.177789228
3671,5.708775313,5.328411794,4.696239151,3.905496625,4.859578106,4.141613376,4.743400084,5.28652395,6.177789228
3672,5.708775313,5.328411794,4.696239151,3.905496625,4.859578106,4.141613376,4.743400084,5.28652395,6.177789228
3673,5.708775313,5.328411794,4.696239151,3.905496625,4.859578106,4.141613376,4.743400084,5.28652395,6.177789228
3674,5.708775313,5.328411794,4.696239151,3.905496625,4.859578106,4.141613376,4.743400084,5.28652395,6.177789228
3675,5.708775313,5.328411794,4.696239151,3.905496625,4.859578106,4.141613376,4.743400084,5.28652395,6.177789228
3676,5.708775313,5.328411794,4.696239151,3.905496625,4.859578106,4.141613376,4.743400084,5.28652395,6.177789228
3677,5.708775313,5.328411794,4.696239151,3.905496625,4.859578106,4.141613376,4.743400084,5.28652395,6.177789228
3678,5.708775313,5.328411794,4.696239151,3.905496625,4.859578106,4.141613376,4.743400084,5.28652395,6.177789228
3679,5.708775313,5.328411794,4.696239151,3.905496625,4.859578106,4.141613376,4.743400084,5.28652395,6.177789228
3680,5.708775313,5.328411794,4.696239151,3.905496625,4.859578106,4.141613376,4.743400084,5.28652395,6.177789228
3681,5.708775313,5.328411794,4.696239151,3.905496625,4.859578106,4.141613376,4.743400084,5.28652395,6.177789228
3682,5.708775313,5.328411794,4.696239151,3.905496625,4.859578106,4.141613376,4.743400084,5.28652395,6.177789228
3683,5.708775313,5.328411794,4.696239151,3.905496625,4.859578106,4.141613376,4.743400084,5.28652395,6.177789228
3684,5.708775313,5.328411794,4.696239151,3.905496625,4.859578106,4.141613376,4.743400084,5.28652395,6.177789228
3685,5.708775313,5.328411794,4.696239151,3.905496625,4.859578106,4.141613376,4.743400084,5.28652395,6.177789228
3686,5.708775313,5.328411794,4.696239151,3.905496625,4.859578106,4.141613376,4.743400084,5.28652395,6.177789228
3687,5.708775313,5.328411794,4.696239151,3.905496625,4.859578106,4.141613376,4.743400084,5.28652395,6.177789228
3688,5.708775313,5.328411794,4.696239151,3.905496625,4.859578106,4.141613376,4.743400084,5.28652395,6.177789228
3689,5.708775313,5.328411794,4.696239151,3.905496625,4.859578106,4.141613376,4.743400084,5.28652395,6.177789228
3690,5.708775313,5.328411794,4.696239151,3.905496625,4.859578106,4.141613376,4.743400084,5.28652395,6.177789228
3691,5.708775313,5.328411794,4.696239151,3.905496625,4.859578106,4.141613376,4.743400084,5.28652395,6.177789228
3692,5.708775313,5.328411794,4.696239151,3.905496625,4.859578106,4.141613376,4.743400084,5.28652395,6.177789228
3693,5.708775313,5.328411794,4.696239151,3.905496625,4.859578106,4.141613376,4.743400084,5.28652395,6.177789228
3694,5.708775313,5.328411794,4.696239151,3.905496625,4.859578106,4.141613376,4.743400084,5.28652395,6.177789228
3695,5.708775313,5.328411794,4.696239151,3.905496625,4.859578106,4.141613376,4.743400084,5.28652395,6.177789228
3696,5.708775313,5.328411794,4.696239151,3.905496625,4.859578106,4.141613376,4.743400084,5.28652395,6.177789228
3697,5.708775313,5.328411794,4.696239151,3.905496625,4.859578106,4.141613376,4.743400084,5.28652395,6.177789228
3698,5.708775313,5.328411794,4.696239151,3.905496625,4.859578106,4.141613376,4.743400084,5.28652395,6.177789228
3699,5.708775313,5.328411794,4.696239151,3.905496625,4.859578106,4.141613376,4.743400084,5.28652395,6.177789228
3700,5.708775313,5.328411794,4.696239151,3.905496625,4.859578106,4.141613376,4.743400084,5.28652395,6.177789228
3701,5.708775313,5.328411794,4.696239151,3.905496625,4.859578106,4.141613376,4.743400084,5.28652395,6.177789228
3702,5.708775313,5.328411794,4.696239151,3.905496625,4.859578106,4.141613376,4.743400084,5.28652395,6.177789228
3703,5.708775313,5.328411794,4.696239151,3.905496625,4.859578106,4.141613376,4.743400084,5.28652395,6.177789228
3704,5.708775313,5.328411794,4.696239151,3.905496625,4.859578106,4.141613376,4.743400084,5.28652395,6.177789228
3705,5.708775313,5.328411794,4.696239151,3.905496625,4.859578106,4.141613376,4.743400084,5.28652395,6.177789228
3706,5.708775313,5.328411794,4.696239151,3.905496625,4.859578106,4.141613376,4.743400084,5.28652395,6.177789228
3707,5.708775313,5.328411794,4.696239151,3.905496625,4.859578106,4.141613376,4.743400084,5.28652395,6.177789228
3708,5.708775313,5.328411794,4.696239151,3.905496625,4.859578106,4.141613376,4.743400084,5.28652395,6.177789228
3709,5.708775313,5.328411794,4.696239151,3.905496625,4.859578106,4.141613376,4.743400084,5.28652395,6.177789228
3710,5.708775313,5.328411794,4.696239151,3.905496625,4.859578106,4.141613376,4.743400084,5.28652395,6.177789228
3711,5.708775313,5.328411794,4.696239151,3.905496625,4.859578106,4.141613376,4.743400084,5.28652395,6.177789228
3712,5.708775313,5.328411794,4.696239151,3.905496625,4.859578106,4.141613376,4.743400084,5.28652395,6.177789228
3713,5.708775313,5.328411794,4.696239151,3.905496625,4.859578106,4.141613376,4.743400084,5.28652395,6.177789228
3714,5.708775313,5.328411794,4.696239151,3.905496625,4.859578106,4.141613376,4.743400084,5.28652395,6.177789228
3715,5.708775313,5.328411794,4.696239151,3.905496625,4.859578106,4.141613376,4.743400084,5.28652395,6.177789228
3716,5.708775313,5.328411794,4.696239151,3.905496625,4.859578106,4.141613376,4.743400084,5.28652395,6.177789228
3717,5.708775313,5.328411794,4.696239151,3.905496625,4.859578106,4.141613376,4.743400084,5.28652395,6.177789228
3718,5.708775313,5.328411794,4.696239151,3.905496625,4.859578106,4.141613376,4.743400084,5.28652395,6.177789228
3719,5.708775313,5.328411794,4.696239151,3.905496625,4.859578106,4.141613376,4.743400084,5.28652395,6.177789228
3720,5.708775313,5.328411794,4.696239151,3.905496625,4.859578106,4.141613376,4.743400084,5.28652395,6.177789228
3721,5.708775313,5.328411794,4.696239151,3.905496625,4.859578106,4.141613376,4.743400084,5.28652395,6.177789228
3722,5.708775313,5.328411794,4.696239151,3.905496625,4.859578106,4.141613376,4.743400084,5.28652395,6.177789228
3723,5.708775313,5.328411794,4.696239151,3.905496625,4.859578106,4.141613376,4.743400084,5.28652395,6.177789228
3724,5.708775313,5.328411794,4.696239151,3.905496625,4.859578106,4.141613376,4.743400084,5.28652395,6.177789228
3725,5.708775313,5.328411794,4.696239151,3.905496625,4.859578106,4.141613376,4.743400084,5.28652395,6.177789228
3726,5.708775313,5.328411794,4.696239151,3.905496625,4.859578106,4.141613376,4.743400084,5.28652395,6.177789228
3727,5.708775313,5.328411794,4.696239151,3.905496625,4.859578106,4.141613376,4.743400084,5.28652395,6.177789228
3728,5.708775313,5.328411794,4.696239151,3.905496625,4.859578106,4.141613376,4.743400084,5.28652395,6.177789228
3729,5.708775313,5.328411794,4.696239151,3.905496625,4.859578106,4.141613376,4.743400084,5.28652395,6.177789228
3730,5.708775313,5.328411794,4.696239151,3.905496625,4.859578106,4.141613376,4.743400084,5.28652395,6.177789228
3731,5.708775313,5.328411794,4.696239151,3.905496625,4.859578106,4.141613376,4.743400084,5.28652395,6.177789228
3732,5.708775313,5.328411794,4.696239151,3.905496625,4.859578106,4.141613376,4.743400084,5.28652395,6.177789228
3733,5.708775313,5.328411794,4.696239151,3.905496625,4.859578106,4.141613376,4.743400084,5.28652395,6.177789228
3734,5.708775313,5.328411794,4.696239151,3.905496625,4.859578106,4.141613376,4.743400084,5.28652395,6.177789228
3735,5.708775313,5.328411794,4.696239151,3.905496625,4.859578106,4.141613376,4.743400084,5.28652395,6.177789228
3736,5.708775313,5.328411794,4.696239151,3.905496625,4.859578106,4.141613376,4.743400084,5.28652395,6.177789228
3737,5.708775313,5.328411794,4.696239151,3.905496625,4.859578106,4.141613376,4.743400084,5.28652395,6.177789228
3738,5.708775313,5.328411794,4.696239151,3.905496625,4.859578106,4.141613376,4.743400084,5.28652395,6.177789228
3739,5.708775313,5.328411794,4.696239151,3.905496625,4.859578106,4.141613376,4.743400084,5.28652395,6.177789228
3740,5.708775313,5.328411794,4.696239151,3.905496625,4.859578106,4.141613376,4.743400084,5.28652395,6.177789228
3741,5.708775313,5.328411794,4.696239151,3.905496625,4.859578106,4.141613376,4.743400084,5.28652395,6.177789228
3742,5.708775313,5.328411794,4.696239151,3.905496625,4.859578106,4.141613376,4.743400084,5.28652395,6.177789228
3743,5.708775313,5.328411794,4.696239151,3.905496625,4.859578106,4.141613376,4.743400084,5.28652395,6.177789228
3744,5.708775313,5.328411794,4.696239151,3.905496625,4.859578106,4.141613376,4.743400084,5.28652395,6.177789228
3745,5.708775313,5.328411794,4.696239151,3.905496625,4.859578106,4.141613376,4.743400084,5.28652395,6.177789228
3746,5.708775313,5.328411794,4.696239151,3.905496625,4.859578106,4.141613376,4.743400084,5.28652395,6.177789228
3747,5.708775313,5.328411794,4.696239151,3.905496625,4.859578106,4.141613376,4.743400084,5.28652395,6.177789228
3748,5.708775313,5.328411794,4.696239151,3.905496625,4.859578106,4.141613376,4.743400084,5.28652395,6.177789228
3749,5.708775313,5.328411794,4.696239151,3.905496625,4.859578106,4.141613376,4.743400084,5.28652395,6.177789228
3750,5.708775313,5.328411794,4.696239151,3.905496625,4.859578106,4.141613376,4.743400084,5.28652395,6.177789228
3751,5.708775313,5.328411794,4.696239151,3.905496625,4.859578106,4.141613376,4.743400084,5.28652395,6.177789228
3752,5.708775313,5.328411794,4.696239151,3.905496625,4.859578106,4.141613376,4.743400084,5.28652395,6.177789228
3753,5.708775313,5.328411794,4.696239151,3.905496625,4.859578106,4.141613376,4.743400084,5.28652395,6.177789228
3754,5.708775313,5.328411794,4.696239151,3.905496625,4.859578106,4.141613376,4.743400084,5.28652395,6.177789228
3755,5.708775313,5.328411794,4.696239151,3.905496625,4.859578106,4.141613376,4.743400084,5.28652395,6.177789228
3756,5.708775313,5.328411794,4.696239151,3.905496625,4.859578106,4.141613376,4.743400084,5.28652395,6.177789228
3757,5.708775313,5.328411794,4.696239151,3.905496625,4.859578106,4.141613376,4.743400084,5.28652395,6.177789228
3758,5.708775313,5.328411794,4.696239151,3.905496625,4.859578106,4.141613376,4.743400084,5.28652395,6.177789228
3759,5.708775313,5.328411794,4.696239151,3.905496625,4.859578106,4.141613376,4.743400084,5.28652395,6.177789228
3760,5.708775313,5.328411794,4.696239151,3.905496625,4.859578106,4.141613376,4.743400084,5.28652395,6.177789228
3761,5.708775313,5.328411794,4.696239151,3.905496625,4.859578106,4.141613376,4.743400084,5.28652395,6.177789228
3762,5.708775313,5.328411794,4.696239151,3.905496625,4.859578106,4.141613376,4.743400084,5.28652395,6.177789228
3763,5.708775313,5.328411794,4.696239151,3.905496625,4.859578106,4.141613376,4.743400084,5.28652395,6.177789228
3764,5.708775313,5.328411794,4.696239151,3.905496625,4.859578106,4.141613376,4.743400084,5.28652395,6.177789228
3765,5.708775313,5.328411794,4.696239151,3.905496625,4.859578106,4.141613376,4.743400084,5.28652395,6.177789228
3766,5.708775313,5.328411794,4.696239151,3.905496625,4.859578106,4.141613376,4.743400084,5.28652395,6.177789228
3767,5.708775313,5.328411794,4.696239151,3.905496625,4.859578106,4.141613376,4.743400084,5.28652395,6.177789228
3768,5.708775313,5.328411794,4.696239151,3.905496625,4.859578106,4.141613376,4.743400084,5.28652395,6.177789228
3769,5.708775313,5.328411794,4.696239151,3.905496625,4.859578106,4.141613376,4.743400084,5.28652395,6.177789228
3770,5.708775313,5.328411794,4.696239151,3.905496625,4.859578106,4.141613376,4.743400084,5.28652395,6.177789228
3771,5.708775313,5.328411794,4.696239151,3.905496625,4.859578106,4.141613376,4.743400084,5.28652395,6.177789228
3772,5.708775313,5.328411794,4.696239151,3.905496625,4.859578106,4.141613376,4.743400084,5.28652395,6.177789228
3773,5.708775313,5.328411794,4.696239151,3.905496625,4.859578106,4.141613376,4.743400084,5.28652395,6.177789228
3774,5.708775313,5.328411794,4.696239151,3.905496625,4.859578106,4.141613376,4.743400084,5.28652395,6.177789228
3775,5.708775313,5.328411794,4.696239151,3.905496625,4.859578106,4.141613376,4.743400084,5.28652395,6.177789228
3776,5.708775313,5.328411794,4.696239151,3.905496625,4.859578106,4.141613376,4.743400084,5.28652395,6.177789228
3777,5.708775313,5.328411794,4.696239151,3.905496625,4.859578106,4.141613376,4.743400084,5.28652395,6.177789228
3778,5.708775313,5.328411794,4.696239151,3.905496625,4.859578106,4.141613376,4.743400084,5.28652395,6.177789228
3779,5.708775313,5.328411794,4.696239151,3.905496625,4.859578106,4.141613376,4.743400084,5.28652395,6.177789228
3780,5.708775313,5.328411794,4.696239151,3.905496625,4.859578106,4.141613376,4.743400084,5.28652395,6.177789228
3781,5.708775313,5.328411794,4.696239151,3.905496625,4.859578106,4.141613376,4.743400084,5.28652395,6.177789228
3782,5.708775313,5.328411794,4.696239151,3.905496625,4.859578106,4.141613376,4.743400084,5.28652395,6.177789228
3783,5.708775313,5.328411794,4.696239151,3.905496625,4.859578106,4.141613376,4.743400084,5.28652395,6.177789228
3784,5.708775313,5.328411794,4.696239151,3.905496625,4.859578106,4.141613376,4.743400084,5.28652395,6.177789228
3785,5.708775313,5.328411794,4.696239151,3.905496625,4.859578106,4.141613376,4.743400084,5.28652395,6.177789228
3786,5.708775313,5.328411794,4.696239151,3.905496625,4.859578106,4.141613376,4.743400084,5.28652395,6.177789228
3787,5.708775313,5.328411794,4.696239151,3.905496625,4.859578106,4.141613376,4.743400084,5.28652395,6.177789228
3788,5.708775313,5.328411794,4.696239151,3.905496625,4.859578106,4.141613376,4.743400084,5.28652395,6.177789228
3789,5.708775313,5.328411794,4.696239151,3.905496625,4.859578106,4.141613376,4.743400084,5.28652395,6.177789228
3790,5.708775313,5.328411794,4.696239151,3.905496625,4.859578106,4.141613376,4.743400084,5.28652395,6.177789228
3791,5.708775313,5.328411794,4.696239151,3.905496625,4.859578106,4.141613376,4.743400084,5.28652395,6.177789228
3792,5.708775313,5.328411794,4.696239151,3.905496625,4.859578106,4.141613376,4.743400084,5.28652395,6.177789228
3793,5.708775313,5.328411794,4.696239151,3.905496625,4.859578106,4.141613376,4.743400084,5.28652395,6.177789228
3794,5.708775313,5.328411794,4.696239151,3.905496625,4.859578106,4.141613376,4.743400084,5.28652395,6.177789228
3795,5.708775313,5.328411794,4.696239151,3.905496625,4.859578106,4.141613376,4.743400084,5.28652395,6.177789228
3796,5.708775313,5.328411794,4.696239151,3.905496625,4.859578106,4.141613376,4.743400084,5.28652395,6.177789228
3797,5.708775313,5.328411794,4.696239151,3.905496625,4.859578106,4.141613376,4.743400084,5.28652395,6.177789228
3798,5.708775313,5.328411794,4.696239151,3.905496625,4.859578106,4.141613376,4.743400084,5.28652395,6.177789228
3799,5.708775313,5.328411794,4.696239151,3.905496625,4.859578106,4.141613376,4.743400084,5.28652395,6.177789228
3800,5.708775313,5.328411794,4.696239151,3.905496625,4.859578106,4.141613376,4.743400084,5.28652395,6.177789228
3801,5.708775313,5.328411794,4.696239151,3.905496625,4.859578106,4.141613376,4.743400084,5.28652395,6.177789228
3802,5.708775313,5.328411794,4.696239151,3.905496625,4.859578106,4.141613376,4.743400084,5.28652395,6.177789228
3803,5.708775313,5.328411794,4.696239151,3.905496625,4.859578106,4.141613376,4.743400084,5.28652395,6.177789228
3804,5.708775313,5.328411794,4.696239151,3.905496625,4.859578106,4.141613376,4.743400084,5.28652395,6.177789228
3805,5.708775313,5.328411794,4.696239151,3.905496625,4.859578106,4.141613376,4.743400084,5.28652395,6.177789228
3806,5.708775313,5.328411794,4.696239151,3.905496625,4.859578106,4.141613376,4.743400084,5.28652395,6.177789228
3807,5.708775313,5.328411794,4.696239151,3.905496625,4.859578106,4.141613376,4.743400084,5.28652395,6.177789228
3808,5.708775313,5.328411794,4.696239151,3.905496625,4.859578106,4.141613376,4.743400084,5.28652395,6.177789228
3809,5.708775313,5.328411794,4.696239151,3.905496625,4.859578106,4.141613376,4.743400084,5.28652395,6.177789228
3810,5.708775313,5.328411794,4.696239151,3.905496625,4.859578106,4.141613376,4.743400084,5.28652395,6.177789228
3811,5.708775313,5.328411794,4.696239151,3.905496625,4.859578106,4.141613376,4.743400084,5.28652395,6.177789228
3812,5.708775313,5.328411794,4.696239151,3.905496625,4.859578106,4.141613376,4.743400084,5.28652395,6.177789228
3813,5.708775313,5.328411794,4.696239151,3.905496625,4.859578106,4.141613376,4.743400084,5.28652395,6.177789228
3814,5.708775313,5.328411794,4.696239151,3.905496625,4.859578106,4.141613376,4.743400084,5.28652395,6.177789228
3815,5.708775313,5.328411794,4.696239151,3.905496625,4.859578106,4.141613376,4.743400084,5.28652395,6.177789228
3816,5.708775313,5.328411794,4.696239151,3.905496625,4.859578106,4.141613376,4.743400084,5.28652395,6.177789228
3817,5.708775313,5.328411794,4.696239151,3.905496625,4.859578106,4.141613376,4.743400084,5.28652395,6.177789228
3818,5.708775313,5.328411794,4.696239151,3.905496625,4.859578106,4.141613376,4.743400084,5.28652395,6.177789228
3819,5.708775313,5.328411794,4.696239151,3.905496625,4.859578106,4.141613376,4.743400084,5.28652395,6.177789228
3820,5.708775313,5.328411794,4.696239151,3.905496625,4.859578106,4.141613376,4.743400084,5.28652395,6.177789228
3821,5.708775313,5.328411794,4.696239151,3.905496625,4.859578106,4.141613376,4.743400084,5.28652395,6.177789228
3822,5.708775313,5.328411794,4.696239151,3.905496625,4.859578106,4.141613376,4.743400084,5.28652395,6.177789228
3823,5.708775313,5.328411794,4.696239151,3.905496625,4.859578106,4.141613376,4.743400084,5.28652395,6.177789228
3824,5.708775313,5.328411794,4.696239151,3.905496625,4.859578106,4.141613376,4.743400084,5.28652395,6.177789228
3825,5.708775313,5.328411794,4.696239151,3.905496625,4.859578106,4.141613376,4.743400084,5.28652395,6.177789228
3826,5.708775313,5.328411794,4.696239151,3.905496625,4.859578106,4.141613376,4.743400084,5.28652395,6.177789228
3827,5.708775313,5.328411794,4.696239151,3.905496625,4.859578106,4.141613376,4.743400084,5.28652395,6.177789228
3828,5.708775313,5.328411794,4.696239151,3.905496625,4.859578106,4.141613376,4.743400084,5.28652395,6.177789228
3829,5.708775313,5.328411794,4.696239151,3.905496625,4.859578106,4.141613376,4.743400084,5.28652395,6.177789228
3830,5.708775313,5.328411794,4.696239151,3.905496625,4.859578106,4.141613376,4.743400084,5.28652395,6.177789228
3831,5.708775313,5.328411794,4.696239151,3.905496625,4.859578106,4.141613376,4.743400084,5.28652395,6.177789228
3832,5.708775313,5.328411794,4.696239151,3.905496625,4.859578106,4.141613376,4.743400084,5.28652395,6.177789228
3833,5.708775313,5.328411794,4.696239151,3.905496625,4.859578106,4.141613376,4.743400084,5.28652395,6.177789228
3834,5.708775313,5.328411794,4.696239151,3.905496625,4.859578106,4.141613376,4.743400084,5.28652395,6.177789228
3835,5.708775313,5.328411794,4.696239151,3.905496625,4.859578106,4.141613376,4.743400084,5.28652395,6.177789228
3836,5.708775313,5.328411794,4.696239151,3.905496625,4.859578106,4.141613376,4.743400084,5.28652395,6.177789228
3837,5.708775313,5.328411794,4.696239151,3.905496625,4.859578106,4.141613376,4.743400084,5.28652395,6.177789228
3838,5.708775313,5.328411794,4.696239151,3.905496625,4.859578106,4.141613376,4.743400084,5.28652395,6.177789228
3839,5.708775313,5.328411794,4.696239151,3.905496625,4.859578106,4.141613376,4.743400084,5.28652395,6.177789228
3840,5.708775313,5.328411794,4.696239151,3.905496625,4.859578106,4.141613376,4.743400084,5.28652395,6.177789228
3841,5.708775313,5.328411794,4.696239151,3.905496625,4.859578106,4.141613376,4.743400084,5.28652395,6.177789228
3842,5.708775313,5.328411794,4.696239151,3.905496625,4.859578106,4.141613376,4.743400084,5.28652395,6.177789228
3843,5.708775313,5.328411794,4.696239151,3.905496625,4.859578106,4.141613376,4.743400084,5.28652395,6.177789228
3844,5.708775313,5.328411794,4.696239151,3.905496625,4.859578106,4.141613376,4.743400084,5.28652395,6.177789228
3845,5.708775313,5.328411794,4.696239151,3.905496625,4.859578106,4.141613376,4.743400084,5.28652395,6.177789228
3846,5.708775313,5.328411794,4.696239151,3.905496625,4.859578106,4.141613376,4.743400084,5.28652395,6.177789228
3847,5.708775313,5.328411794,4.696239151,3.905496625,4.859578106,4.141613376,4.743400084,5.28652395,6.177789228
3848,5.708775313,5.328411794,4.696239151,3.905496625,4.859578106,4.141613376,4.743400084,5.28652395,6.177789228
3849,5.708775313,5.328411794,4.696239151,3.905496625,4.859578106,4.141613376,4.743400084,5.28652395,6.177789228
3850,5.708775313,5.328411794,4.696239151,3.905496625,4.859578106,4.141613376,4.743400084,5.28652395,6.177789228
3851,5.708775313,5.328411794,4.696239151,3.905496625,4.859578106,4.141613376,4.743400084,5.28652395,6.177789228
3852,5.708775313,5.328411794,4.696239151,3.905496625,4.859578106,4.141613376,4.743400084,5.28652395,6.177789228
3853,5.708775313,5.328411794,4.696239151,3.905496625,4.859578106,4.141613376,4.743400084,5.28652395,6.177789228
3854,5.708775313,5.328411794,4.696239151,3.905496625,4.859578106,4.141613376,4.743400084,5.28652395,6.177789228
3855,5.708775313,5.328411794,4.696239151,3.905496625,4.859578106,4.141613376,4.743400084,5.28652395,6.177789228
3856,5.708775313,5.328411794,4.696239151,3.905496625,4.859578106,4.141613376,4.743400084,5.28652395,6.177789228
3857,5.708775313,5.328411794,4.696239151,3.905496625,4.859578106,4.141613376,4.743400084,5.28652395,6.177789228
3858,5.708775313,5.328411794,4.696239151,3.905496625,4.859578106,4.141613376,4.743400084,5.28652395,6.177789228
3859,5.708775313,5.328411794,4.696239151,3.905496625,4.859578106,4.141613376,4.743400084,5.28652395,6.177789228
3860,5.708775313,5.328411794,4.696239151,3.905496625,4.859578106,4.141613376,4.743400084,5.28652395,6.177789228
3861,5.708775313,5.328411794,4.696239151,3.905496625,4.859578106,4.141613376,4.743400084,5.28652395,6.177789228
3862,5.708775313,5.328411794,4.696239151,3.905496625,4.859578106,4.141613376,4.743400084,5.28652395,6.177789228
3863,5.708775313,5.328411794,4.696239151,3.905496625,4.859578106,4.141613376,4.743400084,5.28652395,6.177789228
3864,5.708775313,5.328411794,4.696239151,3.905496625,4.859578106,4.141613376,4.743400084,5.28652395,6.177789228
3865,5.708775313,5.328411794,4.696239151,3.905496625,4.859578106,4.141613376,4.743400084,5.28652395,6.177789228
3866,5.708775313,5.328411794,4.696239151,3.905496625,4.859578106,4.141613376,4.743400084,5.28652395,6.177789228
3867,5.708775313,5.328411794,4.696239151,3.905496625,4.859578106,4.141613376,4.743400084,5.28652395,6.177789228
3868,5.708775313,5.328411794,4.696239151,3.905496625,4.859578106,4.141613376,4.743400084,5.28652395,6.177789228
3869,5.708775313,5.328411794,4.696239151,3.905496625,4.859578106,4.141613376,4.743400084,5.28652395,6.177789228
3870,5.708775313,5.328411794,4.696239151,3.905496625,4.859578106,4.141613376,4.743400084,5.28652395,6.177789228
3871,5.708775313,5.328411794,4.696239151,3.905496625,4.859578106,4.141613376,4.743400084,5.28652395,6.177789228
3872,5.708775313,5.328411794,4.696239151,3.905496625,4.859578106,4.141613376,4.743400084,5.28652395,6.177789228
3873,5.708775313,5.328411794,4.696239151,3.905496625,4.859578106,4.141613376,4.743400084,5.28652395,6.177789228
3874,5.708775313,5.328411794,4.696239151,3.905496625,4.859578106,4.141613376,4.743400084,5.28652395,6.177789228
3875,5.708775313,5.328411794,4.696239151,3.905496625,4.859578106,4.141613376,4.743400084,5.28652395,6.177789228
3876,5.708775313,5.328411794,4.696239151,3.905496625,4.859578106,4.141613376,4.743400084,5.28652395,6.177789228
3877,5.708775313,5.328411794,4.696239151,3.905496625,4.859578106,4.141613376,4.743400084,5.28652395,6.177789228
3878,5.708775313,5.328411794,4.696239151,3.905496625,4.859578106,4.141613376,4.743400084,5.28652395,6.177789228
3879,5.708775313,5.328411794,4.696239151,3.905496625,4.859578106,4.141613376,4.743400084,5.28652395,6.177789228
3880,5.708775313,5.328411794,4.696239151,3.905496625,4.859578106,4.141613376,4.743400084,5.28652395,6.177789228
3881,5.708775313,5.328411794,4.696239151,3.905496625,4.859578106,4.141613376,4.743400084,5.28652395,6.177789228
3882,5.708775313,5.328411794,4.696239151,3.905496625,4.859578106,4.141613376,4.743400084,5.28652395,6.177789228
3883,5.708775313,5.328411794,4.696239151,3.905496625,4.859578106,4.141613376,4.743400084,5.28652395,6.177789228
3884,5.708775313,5.328411794,4.696239151,3.905496625,4.859578106,4.141613376,4.743400084,5.28652395,6.177789228
3885,5.708775313,5.328411794,4.696239151,3.905496625,4.859578106,4.141613376,4.743400084,5.28652395,6.177789228
3886,5.708775313,5.328411794,4.696239151,3.905496625,4.859578106,4.141613376,4.743400084,5.28652395,6.177789228
3887,5.708775313,5.328411794,4.696239151,3.905496625,4.859578106,4.141613376,4.743400084,5.28652395,6.177789228
3888,5.708775313,5.328411794,4.696239151,3.905496625,4.859578106,4.141613376,4.743400084,5.28652395,6.177789228
3889,5.708775313,5.328411794,4.696239151,3.905496625,4.859578106,4.141613376,4.743400084,5.28652395,6.177789228
3890,5.708775313,5.328411794,4.696239151,3.905496625,4.859578106,4.141613376,4.743400084,5.28652395,6.177789228
3891,5.708775313,5.328411794,4.696239151,3.905496625,4.859578106,4.141613376,4.743400084,5.28652395,6.177789228
3892,5.708775313,5.328411794,4.696239151,3.905496625,4.859578106,4.141613376,4.743400084,5.28652395,6.177789228
3893,5.708775313,5.328411794,4.696239151,3.905496625,4.859578106,4.141613376,4.743400084,5.28652395,6.177789228
3894,5.708775313,5.328411794,4.696239151,3.905496625,4.859578106,4.141613376,4.743400084,5.28652395,6.177789228
3895,5.708775313,5.328411794,4.696239151,3.905496625,4.859578106,4.141613376,4.743400084,5.28652395,6.177789228
3896,5.708775313,5.328411794,4.696239151,3.905496625,4.859578106,4.141613376,4.743400084,5.28652395,6.177789228
3897,5.708775313,5.328411794,4.696239151,3.905496625,4.859578106,4.141613376,4.743400084,5.28652395,6.177789228
3898,5.708775313,5.328411794,4.696239151,3.905496625,4.859578106,4.141613376,4.743400084,5.28652395,6.177789228
3899,5.708775313,5.328411794,4.696239151,3.905496625,4.859578106,4.141613376,4.743400084,5.28652395,6.177789228
3900,5.708775313,5.328411794,4.696239151,3.905496625,4.859578106,4.141613376,4.743400084,5.28652395,6.177789228
3901,5.708775313,5.328411794,4.696239151,3.905496625,4.859578106,4.141613376,4.743400084,5.28652395,6.177789228
3902,5.708775313,5.328411794,4.696239151,3.905496625,4.859578106,4.141613376,4.743400084,5.28652395,6.177789228
3903,5.708775313,5.328411794,4.696239151,3.905496625,4.859578106,4.141613376,4.743400084,5.28652395,6.177789228
3904,5.708775313,5.328411794,4.696239151,3.905496625,4.859578106,4.141613376,4.743400084,5.28652395,6.177789228
3905,5.708775313,5.328411794,4.696239151,3.905496625,4.859578106,4.141613376,4.743400084,5.28652395,6.177789228
3906,5.708775313,5.328411794,4.696239151,3.905496625,4.859578106,4.141613376,4.743400084,5.28652395,6.177789228
3907,5.708775313,5.328411794,4.696239151,3.905496625,4.859578106,4.141613376,4.743400084,5.28652395,6.177789228
3908,5.708775313,5.328411794,4.696239151,3.905496625,4.859578106,4.141613376,4.743400084,5.28652395,6.177789228
3909,5.708775313,5.328411794,4.696239151,3.905496625,4.859578106,4.141613376,4.743400084,5.28652395,6.177789228
3910,5.708775313,5.328411794,4.696239151,3.905496625,4.859578106,4.141613376,4.743400084,5.28652395,6.177789228
3911,5.708775313,5.328411794,4.696239151,3.905496625,4.859578106,4.141613376,4.743400084,5.28652395,6.177789228
3912,5.708775313,5.328411794,4.696239151,3.905496625,4.859578106,4.141613376,4.743400084,5.28652395,6.177789228
3913,5.708775313,5.328411794,4.696239151,3.905496625,4.859578106,4.141613376,4.743400084,5.28652395,6.177789228
3914,5.708775313,5.328411794,4.696239151,3.905496625,4.859578106,4.141613376,4.743400084,5.28652395,6.177789228
3915,5.708775313,5.328411794,4.696239151,3.905496625,4.859578106,4.141613376,4.743400084,5.28652395,6.177789228
3916,5.708775313,5.328411794,4.696239151,3.905496625,4.859578106,4.141613376,4.743400084,5.28652395,6.177789228
3917,5.708775313,5.328411794,4.696239151,3.905496625,4.859578106,4.141613376,4.743400084,5.28652395,6.177789228
3918,5.708775313,5.328411794,4.696239151,3.905496625,4.859578106,4.141613376,4.743400084,5.28652395,6.177789228
3919,5.708775313,5.328411794,4.696239151,3.905496625,4.859578106,4.141613376,4.743400084,5.28652395,6.177789228
3920,5.708775313,5.328411794,4.696239151,3.905496625,4.859578106,4.141613376,4.743400084,5.28652395,6.177789228
3921,5.708775313,5.328411794,4.696239151,3.905496625,4.859578106,4.141613376,4.743400084,5.28652395,6.177789228
3922,5.708775313,5.328411794,4.696239151,3.905496625,4.859578106,4.141613376,4.743400084,5.28652395,6.177789228
3923,5.708775313,5.328411794,4.696239151,3.905496625,4.859578106,4.141613376,4.743400084,5.28652395,6.177789228
3924,5.708775313,5.328411794,4.696239151,3.905496625,4.859578106,4.141613376,4.743400084,5.28652395,6.177789228
3925,5.708775313,5.328411794,4.696239151,3.905496625,4.859578106,4.141613376,4.743400084,5.28652395,6.177789228
3926,5.708775313,5.328411794,4.696239151,3.905496625,4.859578106,4.141613376,4.743400084,5.28652395,6.177789228
3927,5.708775313,5.328411794,4.696239151,3.905496625,4.859578106,4.141613376,4.743400084,5.28652395,6.177789228
3928,5.708775313,5.328411794,4.696239151,3.905496625,4.859578106,4.141613376,4.743400084,5.28652395,6.177789228
3929,5.708775313,5.328411794,4.696239151,3.905496625,4.859578106,4.141613376,4.743400084,5.28652395,6.177789228
3930,5.708775313,5.328411794,4.696239151,3.905496625,4.859578106,4.141613376,4.743400084,5.28652395,6.177789228
3931,5.708775313,5.328411794,4.696239151,3.905496625,4.859578106,4.141613376,4.743400084,5.28652395,6.177789228
3932,5.708775313,5.328411794,4.696239151,3.905496625,4.859578106,4.141613376,4.743400084,5.28652395,6.177789228
3933,5.708775313,5.328411794,4.696239151,3.905496625,4.859578106,4.141613376,4.743400084,5.28652395,6.177789228
3934,5.708775313,5.328411794,4.696239151,3.905496625,4.859578106,4.141613376,4.743400084,5.28652395,6.177789228
3935,5.708775313,5.328411794,4.696239151,3.905496625,4.859578106,4.141613376,4.743400084,5.28652395,6.177789228
3936,5.708775313,5.328411794,4.696239151,3.905496625,4.859578106,4.141613376,4.743400084,5.28652395,6.177789228
3937,5.708775313,5.328411794,4.696239151,3.905496625,4.859578106,4.141613376,4.743400084,5.28652395,6.177789228
3938,5.708775313,5.328411794,4.696239151,3.905496625,4.859578106,4.141613376,4.743400084,5.28652395,6.177789228
3939,5.708775313,5.328411794,4.696239151,3.905496625,4.859578106,4.141613376,4.743400084,5.28652395,6.177789228
3940,5.708775313,5.328411794,4.696239151,3.905496625,4.859578106,4.141613376,4.743400084,5.28652395,6.177789228
3941,5.708775313,5.328411794,4.696239151,3.905496625,4.859578106,4.141613376,4.743400084,5.28652395,6.177789228
3942,5.708775313,5.328411794,4.696239151,3.905496625,4.859578106,4.141613376,4.743400084,5.28652395,6.177789228
3943,5.708775313,5.328411794,4.696239151,3.905496625,4.859578106,4.141613376,4.743400084,5.28652395,6.177789228
3944,5.708775313,5.328411794,4.696239151,3.905496625,4.859578106,4.141613376,4.743400084,5.28652395,6.177789228
3945,5.708775313,5.328411794,4.696239151,3.905496625,4.859578106,4.141613376,4.743400084,5.28652395,6.177789228
3946,5.708775313,5.328411794,4.696239151,3.905496625,4.859578106,4.141613376,4.743400084,5.28652395,6.177789228
3947,5.708775313,5.328411794,4.696239151,3.905496625,4.859578106,4.141613376,4.743400084,5.28652395,6.177789228
3948,5.708775313,5.328411794,4.696239151,3.905496625,4.859578106,4.141613376,4.743400084,5.28652395,6.177789228
3949,5.708775313,5.328411794,4.696239151,3.905496625,4.859578106,4.141613376,4.743400084,5.28652395,6.177789228
3950,5.708775313,5.328411794,4.696239151,3.905496625,4.859578106,4.141613376,4.743400084,5.28652395,6.177789228
3951,5.708775313,5.328411794,4.696239151,3.905496625,4.859578106,4.141613376,4.743400084,5.28652395,6.177789228
3952,5.708775313,5.328411794,4.696239151,3.905496625,4.859578106,4.141613376,4.743400084,5.28652395,6.177789228
3953,5.708775313,5.328411794,4.696239151,3.905496625,4.859578106,4.141613376,4.743400084,5.28652395,6.177789228
3954,5.708775313,5.328411794,4.696239151,3.905496625,4.859578106,4.141613376,4.743400084,5.28652395,6.177789228
3955,5.708775313,5.328411794,4.696239151,3.905496625,4.859578106,4.141613376,4.743400084,5.28652395,6.177789228
3956,5.708775313,5.328411794,4.696239151,3.905496625,4.859578106,4.141613376,4.743400084,5.28652395,6.177789228
3957,5.708775313,5.328411794,4.696239151,3.905496625,4.859578106,4.141613376,4.743400084,5.28652395,6.177789228
3958,5.708775313,5.328411794,4.696239151,3.905496625,4.859578106,4.141613376,4.743400084,5.28652395,6.177789228
3959,5.708775313,5.328411794,4.696239151,3.905496625,4.859578106,4.141613376,4.743400084,5.28652395,6.177789228
3960,5.708775313,5.328411794,4.696239151,3.905496625,4.859578106,4.141613376,4.743400084,5.28652395,6.177789228
3961,5.708775313,5.328411794,4.696239151,3.905496625,4.859578106,4.141613376,4.743400084,5.28652395,6.177789228
3962,5.708775313,5.328411794,4.696239151,3.905496625,4.859578106,4.141613376,4.743400084,5.28652395,6.177789228
3963,5.708775313,5.328411794,4.696239151,3.905496625,4.859578106,4.141613376,4.743400084,5.28652395,6.177789228
3964,5.708775313,5.328411794,4.696239151,3.905496625,4.859578106,4.141613376,4.743400084,5.28652395,6.177789228
3965,5.708775313,5.328411794,4.696239151,3.905496625,4.859578106,4.141613376,4.743400084,5.28652395,6.177789228
3966,5.708775313,5.328411794,4.696239151,3.905496625,4.859578106,4.141613376,4.743400084,5.28652395,6.177789228
3967,5.708775313,5.328411794,4.696239151,3.905496625,4.859578106,4.141613376,4.743400084,5.28652395,6.177789228
3968,5.708775313,5.328411794,4.696239151,3.905496625,4.859578106,4.141613376,4.743400084,5.28652395,6.177789228
3969,5.708775313,5.328411794,4.696239151,3.905496625,4.859578106,4.141613376,4.743400084,5.28652395,6.177789228
3970,5.708775313,5.328411794,4.696239151,3.905496625,4.859578106,4.141613376,4.743400084,5.28652395,6.177789228
3971,5.708775313,5.328411794,4.696239151,3.905496625,4.859578106,4.141613376,4.743400084,5.28652395,6.177789228
3972,5.708775313,5.328411794,4.696239151,3.905496625,4.859578106,4.141613376,4.743400084,5.28652395,6.177789228
3973,5.708775313,5.328411794,4.696239151,3.905496625,4.859578106,4.141613376,4.743400084,5.28652395,6.177789228
3974,5.708775313,5.328411794,4.696239151,3.905496625,4.859578106,4.141613376,4.743400084,5.28652395,6.177789228
3975,5.708775313,5.328411794,4.696239151,3.905496625,4.859578106,4.141613376,4.743400084,5.28652395,6.177789228
3976,5.708775313,5.328411794,4.696239151,3.905496625,4.859578106,4.141613376,4.743400084,5.28652395,6.177789228
3977,5.708775313,5.328411794,4.696239151,3.905496625,4.859578106,4.141613376,4.743400084,5.28652395,6.177789228
3978,5.708775313,5.328411794,4.696239151,3.905496625,4.859578106,4.141613376,4.743400084,5.28652395,6.177789228
3979,5.708775313,5.328411794,4.696239151,3.905496625,4.859578106,4.141613376,4.743400084,5.28652395,6.177789228
3980,5.708775313,5.328411794,4.696239151,3.905496625,4.859578106,4.141613376,4.743400084,5.28652395,6.177789228
3981,5.708775313,5.328411794,4.696239151,3.905496625,4.859578106,4.141613376,4.743400084,5.28652395,6.177789228
3982,5.708775313,5.328411794,4.696239151,3.905496625,4.859578106,4.141613376,4.743400084,5.28652395,6.177789228
3983,5.708775313,5.328411794,4.696239151,3.905496625,4.859578106,4.141613376,4.743400084,5.28652395,6.177789228
3984,5.708775313,5.328411794,4.696239151,3.905496625,4.859578106,4.141613376,4.743400084,5.28652395,6.177789228
3985,5.708775313,5.328411794,4.696239151,3.905496625,4.859578106,4.141613376,4.743400084,5.28652395,6.177789228
3986,5.708775313,5.328411794,4.696239151,3.905496625,4.859578106,4.141613376,4.743400084,5.28652395,6.177789228
3987,5.708775313,5.328411794,4.696239151,3.905496625,4.859578106,4.141613376,4.743400084,5.28652395,6.177789228
3988,5.708775313,5.328411794,4.696239151,3.905496625,4.859578106,4.141613376,4.743400084,5.28652395,6.177789228
3989,5.708775313,5.328411794,4.696239151,3.905496625,4.859578106,4.141613376,4.743400084,5.28652395,6.177789228
3990,5.708775313,5.328411794,4.696239151,3.905496625,4.859578106,4.141613376,4.743400084,5.28652395,6.177789228
3991,5.708775313,5.328411794,4.696239151,3.905496625,4.859578106,4.141613376,4.743400084,5.28652395,6.177789228
3992,5.708775313,5.328411794,4.696239151,3.905496625,4.859578106,4.141613376,4.743400084,5.28652395,6.177789228
3993,5.708775313,5.328411794,4.696239151,3.905496625,4.859578106,4.141613376,4.743400084,5.28652395,6.177789228
3994,5.708775313,5.328411794,4.696239151,3.905496625,4.859578106,4.141613376,4.743400084,5.28652395,6.177789228
3995,5.708775313,5.328411794,4.696239151,3.905496625,4.859578106,4.141613376,4.743400084,5.28652395,6.177789228
3996,5.708775313,5.328411794,4.696239151,3.905496625,4.859578106,4.141613376,4.743400084,5.28652395,6.177789228
3997,5.708775313,5.328411794,4.696239151,3.905496625,4.859578106,4.141613376,4.743400084,5.28652395,6.177789228
3998,5.708775313,5.328411794,4.696239151,3.905496625,4.859578106,4.141613376,4.743400084,5.28652395,6.177789228
3999,5.708775313,5.328411794,4.696239151,3.905496625,4.859578106,4.141613376,4.743400084,5.28652395,6.177789228
4000,5.708775313,5.328411794,4.696239151,3.905496625,4.859578106,4.141613376,4.743400084,5.28652395,6.177789228
4001,5.708775313,5.328411794,4.696239151,3.905496625,4.859578106,4.141613376,4.743400084,5.28652395,6.177789228
4002,5.708775313,5.328411794,4.696239151,3.905496625,4.859578106,4.141613376,4.743400084,5.28652395,6.177789228
4003,5.708775313,5.328411794,4.696239151,3.905496625,4.859578106,4.141613376,4.743400084,5.28652395,6.177789228
4004,5.708775313,5.328411794,4.696239151,3.905496625,4.859578106,4.141613376,4.743400084,5.28652395,6.177789228
4005,5.708775313,5.328411794,4.696239151,3.905496625,4.859578106,4.141613376,4.743400084,5.28652395,6.177789228
4006,5.708775313,5.328411794,4.696239151,3.905496625,4.859578106,4.141613376,4.743400084,5.28652395,6.177789228
4007,5.708775313,5.328411794,4.696239151,3.905496625,4.859578106,4.141613376,4.743400084,5.28652395,6.177789228
4008,5.708775313,5.328411794,4.696239151,3.905496625,4.859578106,4.141613376,4.743400084,5.28652395,6.177789228
4009,5.708775313,5.328411794,4.696239151,3.905496625,4.859578106,4.141613376,4.743400084,5.28652395,6.177789228
4010,5.708775313,5.328411794,4.696239151,3.905496625,4.859578106,4.141613376,4.743400084,5.28652395,6.177789228
4011,5.708775313,5.328411794,4.696239151,3.905496625,4.859578106,4.141613376,4.743400084,5.28652395,6.177789228
4012,5.708775313,5.328411794,4.696239151,3.905496625,4.859578106,4.141613376,4.743400084,5.28652395,6.177789228
4013,5.708775313,5.328411794,4.696239151,3.905496625,4.859578106,4.141613376,4.743400084,5.28652395,6.177789228
4014,5.708775313,5.328411794,4.696239151,3.905496625,4.859578106,4.141613376,4.743400084,5.28652395,6.177789228
4015,5.708775313,5.328411794,4.696239151,3.905496625,4.859578106,4.141613376,4.743400084,5.28652395,6.177789228
4016,5.708775313,5.328411794,4.696239151,3.905496625,4.859578106,4.141613376,4.743400084,5.28652395,6.177789228
4017,5.708775313,5.328411794,4.696239151,3.905496625,4.859578106,4.141613376,4.743400084,5.28652395,6.177789228
4018,5.708775313,5.328411794,4.696239151,3.905496625,4.859578106,4.141613376,4.743400084,5.28652395,6.177789228
4019,5.708775313,5.328411794,4.696239151,3.905496625,4.859578106,4.141613376,4.743400084,5.28652395,6.177789228
4020,5.708775313,5.328411794,4.696239151,3.905496625,4.859578106,4.141613376,4.743400084,5.28652395,6.177789228
4021,5.708775313,5.328411794,4.696239151,3.905496625,4.859578106,4.141613376,4.743400084,5.28652395,6.177789228
4022,5.708775313,5.328411794,4.696239151,3.905496625,4.859578106,4.141613376,4.743400084,5.28652395,6.177789228
4023,5.708775313,5.328411794,4.696239151,3.905496625,4.859578106,4.141613376,4.743400084,5.28652395,6.177789228
4024,5.708775313,5.328411794,4.696239151,3.905496625,4.859578106,4.141613376,4.743400084,5.28652395,6.177789228
4025,5.708775313,5.328411794,4.696239151,3.905496625,4.859578106,4.141613376,4.743400084,5.28652395,6.177789228
4026,5.708775313,5.328411794,4.696239151,3.905496625,4.859578106,4.141613376,4.743400084,5.28652395,6.177789228
4027,5.708775313,5.328411794,4.696239151,3.905496625,4.859578106,4.141613376,4.743400084,5.28652395,6.177789228
4028,5.708775313,5.328411794,4.696239151,3.905496625,4.859578106,4.141613376,4.743400084,5.28652395,6.177789228
4029,5.708775313,5.328411794,4.696239151,3.905496625,4.859578106,4.141613376,4.743400084,5.28652395,6.177789228
4030,5.708775313,5.328411794,4.696239151,3.905496625,4.859578106,4.141613376,4.743400084,5.28652395,6.177789228
4031,5.708775313,5.328411794,4.696239151,3.905496625,4.859578106,4.141613376,4.743400084,5.28652395,6.177789228
4032,5.708775313,5.328411794,4.696239151,3.905496625,4.859578106,4.141613376,4.743400084,5.28652395,6.177789228
4033,5.708775313,5.328411794,4.696239151,3.905496625,4.859578106,4.141613376,4.743400084,5.28652395,6.177789228
4034,5.708775313,5.328411794,4.696239151,3.905496625,4.859578106,4.141613376,4.743400084,5.28652395,6.177789228
4035,5.708775313,5.328411794,4.696239151,3.905496625,4.859578106,4.141613376,4.743400084,5.28652395,6.177789228
4036,5.708775313,5.328411794,4.696239151,3.905496625,4.859578106,4.141613376,4.743400084,5.28652395,6.177789228
4037,5.708775313,5.328411794,4.696239151,3.905496625,4.859578106,4.141613376,4.743400084,5.28652395,6.177789228
4038,5.708775313,5.328411794,4.696239151,3.905496625,4.859578106,4.141613376,4.743400084,5.28652395,6.177789228
4039,5.708775313,5.328411794,4.696239151,3.905496625,4.859578106,4.141613376,4.743400084,5.28652395,6.177789228
4040,5.708775313,5.328411794,4.696239151,3.905496625,4.859578106,4.141613376,4.743400084,5.28652395,6.177789228
4041,5.708775313,5.328411794,4.696239151,3.905496625,4.859578106,4.141613376,4.743400084,5.28652395,6.177789228
4042,5.708775313,5.328411794,4.696239151,3.905496625,4.859578106,4.141613376,4.743400084,5.28652395,6.177789228
4043,5.708775313,5.328411794,4.696239151,3.905496625,4.859578106,4.141613376,4.743400084,5.28652395,6.177789228
4044,5.708775313,5.328411794,4.696239151,3.905496625,4.859578106,4.141613376,4.743400084,5.28652395,6.177789228
4045,5.708775313,5.328411794,4.696239151,3.905496625,4.859578106,4.141613376,4.743400084,5.28652395,6.177789228
4046,5.708775313,5.328411794,4.696239151,3.905496625,4.859578106,4.141613376,4.743400084,5.28652395,6.177789228
4047,5.708775313,5.328411794,4.696239151,3.905496625,4.859578106,4.141613376,4.743400084,5.28652395,6.177789228
4048,5.708775313,5.328411794,4.696239151,3.905496625,4.859578106,4.141613376,4.743400084,5.28652395,6.177789228
4049,5.708775313,5.328411794,4.696239151,3.905496625,4.859578106,4.141613376,4.743400084,5.28652395,6.177789228
4050,5.708775313,5.328411794,4.696239151,3.905496625,4.859578106,4.141613376,4.743400084,5.28652395,6.177789228
4051,5.708775313,5.328411794,4.696239151,3.905496625,4.859578106,4.141613376,4.743400084,5.28652395,6.177789228
4052,5.708775313,5.328411794,4.696239151,3.905496625,4.859578106,4.141613376,4.743400084,5.28652395,6.177789228
4053,5.708775313,5.328411794,4.696239151,3.905496625,4.859578106,4.141613376,4.743400084,5.28652395,6.177789228
4054,5.708775313,5.328411794,4.696239151,3.905496625,4.859578106,4.141613376,4.743400084,5.28652395,6.177789228
4055,5.708775313,5.328411794,4.696239151,3.905496625,4.859578106,4.141613376,4.743400084,5.28652395,6.177789228
4056,5.708775313,5.328411794,4.696239151,3.905496625,4.859578106,4.141613376,4.743400084,5.28652395,6.177789228
4057,5.708775313,5.328411794,4.696239151,3.905496625,4.859578106,4.141613376,4.743400084,5.28652395,6.177789228
4058,5.708775313,5.328411794,4.696239151,3.905496625,4.859578106,4.141613376,4.743400084,5.28652395,6.177789228
4059,5.708775313,5.328411794,4.696239151,3.905496625,4.859578106,4.141613376,4.743400084,5.28652395,6.177789228
4060,5.708775313,5.328411794,4.696239151,3.905496625,4.859578106,4.141613376,4.743400084,5.28652395,6.177789228
4061,5.708775313,5.328411794,4.696239151,3.905496625,4.859578106,4.141613376,4.743400084,5.28652395,6.177789228
4062,5.708775313,5.328411794,4.696239151,3.905496625,4.859578106,4.141613376,4.743400084,5.28652395,6.177789228
4063,5.708775313,5.328411794,4.696239151,3.905496625,4.859578106,4.141613376,4.743400084,5.28652395,6.177789228
4064,5.708775313,5.328411794,4.696239151,3.905496625,4.859578106,4.141613376,4.743400084,5.28652395,6.177789228
4065,5.708775313,5.328411794,4.696239151,3.905496625,4.859578106,4.141613376,4.743400084,5.28652395,6.177789228
4066,5.708775313,5.328411794,4.696239151,3.905496625,4.859578106,4.141613376,4.743400084,5.28652395,6.177789228
4067,5.708775313,5.328411794,4.696239151,3.905496625,4.859578106,4.141613376,4.743400084,5.28652395,6.177789228
4068,5.708775313,5.328411794,4.696239151,3.905496625,4.859578106,4.141613376,4.743400084,5.28652395,6.177789228
4069,5.708775313,5.328411794,4.696239151,3.905496625,4.859578106,4.141613376,4.743400084,5.28652395,6.177789228
4070,5.708775313,5.328411794,4.696239151,3.905496625,4.859578106,4.141613376,4.743400084,5.28652395,6.177789228
4071,5.708775313,5.328411794,4.696239151,3.905496625,4.859578106,4.141613376,4.743400084,5.28652395,6.177789228
4072,5.708775313,5.328411794,4.696239151,3.905496625,4.859578106,4.141613376,4.743400084,5.28652395,6.177789228
4073,5.708775313,5.328411794,4.696239151,3.905496625,4.859578106,4.141613376,4.743400084,5.28652395,6.177789228
4074,5.708775313,5.328411794,4.696239151,3.905496625,4.859578106,4.141613376,4.743400084,5.28652395,6.177789228
4075,5.708775313,5.328411794,4.696239151,3.905496625,4.859578106,4.141613376,4.743400084,5.28652395,6.177789228
4076,5.708775313,5.328411794,4.696239151,3.905496625,4.859578106,4.141613376,4.743400084,5.28652395,6.177789228
4077,5.708775313,5.328411794,4.696239151,3.905496625,4.859578106,4.141613376,4.743400084,5.28652395,6.177789228
4078,5.708775313,5.328411794,4.696239151,3.905496625,4.859578106,4.141613376,4.743400084,5.28652395,6.177789228
4079,5.708775313,5.328411794,4.696239151,3.905496625,4.859578106,4.141613376,4.743400084,5.28652395,6.177789228
4080,5.708775313,5.328411794,4.696239151,3.905496625,4.859578106,4.141613376,4.743400084,5.28652395,6.177789228
4081,5.708775313,5.328411794,4.696239151,3.905496625,4.859578106,4.141613376,4.743400084,5.28652395,6.177789228
4082,5.708775313,5.328411794,4.696239151,3.905496625,4.859578106,4.141613376,4.743400084,5.28652395,6.177789228
4083,5.708775313,5.328411794,4.696239151,3.905496625,4.859578106,4.141613376,4.743400084,5.28652395,6.177789228
4084,5.708775313,5.328411794,4.696239151,3.905496625,4.859578106,4.141613376,4.743400084,5.28652395,6.177789228
4085,5.708775313,5.328411794,4.696239151,3.905496625,4.859578106,4.141613376,4.743400084,5.28652395,6.177789228
4086,5.708775313,5.328411794,4.696239151,3.905496625,4.859578106,4.141613376,4.743400084,5.28652395,6.177789228
4087,5.708775313,5.328411794,4.696239151,3.905496625,4.859578106,4.141613376,4.743400084,5.28652395,6.177789228
4088,5.708775313,5.328411794,4.696239151,3.905496625,4.859578106,4.141613376,4.743400084,5.28652395,6.177789228
4089,5.708775313,5.328411794,4.696239151,3.905496625,4.859578106,4.141613376,4.743400084,5.28652395,6.177789228
4090,5.708775313,5.328411794,4.696239151,3.905496625,4.859578106,4.141613376,4.743400084,5.28652395,6.177789228
4091,5.708775313,5.328411794,4.696239151,3.905496625,4.859578106,4.141613376,4.743400084,5.28652395,6.177789228
4092,5.708775313,5.328411794,4.696239151,3.905496625,4.859578106,4.141613376,4.743400084,5.28652395,6.177789228
4093,5.708775313,5.328411794,4.696239151,3.905496625,4.859578106,4.141613376,4.743400084,5.28652395,6.177789228
4094,5.708775313,5.328411794,4.696239151,3.905496625,4.859578106,4.141613376,4.743400084,5.28652395,6.177789228
4095,5.708775313,5.328411794,4.696239151,3.905496625,4.859578106,4.141613376,4.743400084,5.28652395,6.177789228
4096,5.708775313,5.328411794,4.696239151,3.905496625,4.859578106,4.141613376,4.743400084,5.28652395,6.177789228
4097,5.708775313,5.328411794,4.696239151,3.905496625,4.859578106,4.141613376,4.743400084,5.28652395,6.177789228
4098,5.708775313,5.328411794,4.696239151,3.905496625,4.859578106,4.141613376,4.743400084,5.28652395,6.177789228
4099,5.708775313,5.328411794,4.696239151,3.905496625,4.859578106,4.141613376,4.743400084,5.28652395,6.177789228
4100,5.708775313,5.328411794,4.696239151,3.905496625,4.859578106,4.141613376,4.743400084,5.28652395,6.177789228
4101,5.708775313,5.328411794,4.696239151,3.905496625,4.859578106,4.141613376,4.743400084,5.28652395,6.177789228
4102,5.708775313,5.328411794,4.696239151,3.905496625,4.859578106,4.141613376,4.743400084,5.28652395,6.177789228
4103,5.708775313,5.328411794,4.696239151,3.905496625,4.859578106,4.141613376,4.743400084,5.28652395,6.177789228
4104,5.708775313,5.328411794,4.696239151,3.905496625,4.859578106,4.141613376,4.743400084,5.28652395,6.177789228
4105,5.708775313,5.328411794,4.696239151,3.905496625,4.859578106,4.141613376,4.743400084,5.28652395,6.177789228
4106,5.708775313,5.328411794,4.696239151,3.905496625,4.859578106,4.141613376,4.743400084,5.28652395,6.177789228
4107,5.708775313,5.328411794,4.696239151,3.905496625,4.859578106,4.141613376,4.743400084,5.28652395,6.177789228
4108,5.708775313,5.328411794,4.696239151,3.905496625,4.859578106,4.141613376,4.743400084,5.28652395,6.177789228
4109,5.708775313,5.328411794,4.696239151,3.905496625,4.859578106,4.141613376,4.743400084,5.28652395,6.177789228
4110,5.708775313,5.328411794,4.696239151,3.905496625,4.859578106,4.141613376,4.743400084,5.28652395,6.177789228
4111,5.708775313,5.328411794,4.696239151,3.905496625,4.859578106,4.141613376,4.743400084,5.28652395,6.177789228
4112,5.708775313,5.328411794,4.696239151,3.905496625,4.859578106,4.141613376,4.743400084,5.28652395,6.177789228
4113,5.708775313,5.328411794,4.696239151,3.905496625,4.859578106,4.141613376,4.743400084,5.28652395,6.177789228
4114,5.708775313,5.328411794,4.696239151,3.905496625,4.859578106,4.141613376,4.743400084,5.28652395,6.177789228
4115,5.708775313,5.328411794,4.696239151,3.905496625,4.859578106,4.141613376,4.743400084,5.28652395,6.177789228
4116,5.708775313,5.328411794,4.696239151,3.905496625,4.859578106,4.141613376,4.743400084,5.28652395,6.177789228
4117,5.708775313,5.328411794,4.696239151,3.905496625,4.859578106,4.141613376,4.743400084,5.28652395,6.177789228
4118,5.708775313,5.328411794,4.696239151,3.905496625,4.859578106,4.141613376,4.743400084,5.28652395,6.177789228
4119,5.708775313,5.328411794,4.696239151,3.905496625,4.859578106,4.141613376,4.743400084,5.28652395,6.177789228
4120,5.708775313,5.328411794,4.696239151,3.905496625,4.859578106,4.141613376,4.743400084,5.28652395,6.177789228
4121,5.708775313,5.328411794,4.696239151,3.905496625,4.859578106,4.141613376,4.743400084,5.28652395,6.177789228
4122,5.708775313,5.328411794,4.696239151,3.905496625,4.859578106,4.141613376,4.743400084,5.28652395,6.177789228
4123,5.708775313,5.328411794,4.696239151,3.905496625,4.859578106,4.141613376,4.743400084,5.28652395,6.177789228
4124,5.708775313,5.328411794,4.696239151,3.905496625,4.859578106,4.141613376,4.743400084,5.28652395,6.177789228
4125,5.708775313,5.328411794,4.696239151,3.905496625,4.859578106,4.141613376,4.743400084,5.28652395,6.177789228
4126,5.708775313,5.328411794,4.696239151,3.905496625,4.859578106,4.141613376,4.743400084,5.28652395,6.177789228
4127,5.708775313,5.328411794,4.696239151,3.905496625,4.859578106,4.141613376,4.743400084,5.28652395,6.177789228
4128,5.708775313,5.328411794,4.696239151,3.905496625,4.859578106,4.141613376,4.743400084,5.28652395,6.177789228
4129,5.708775313,5.328411794,4.696239151,3.905496625,4.859578106,4.141613376,4.743400084,5.28652395,6.177789228
4130,5.708775313,5.328411794,4.696239151,3.905496625,4.859578106,4.141613376,4.743400084,5.28652395,6.177789228
4131,5.708775313,5.328411794,4.696239151,3.905496625,4.859578106,4.141613376,4.743400084,5.28652395,6.177789228
4132,5.708775313,5.328411794,4.696239151,3.905496625,4.859578106,4.141613376,4.743400084,5.28652395,6.177789228
4133,5.708775313,5.328411794,4.696239151,3.905496625,4.859578106,4.141613376,4.743400084,5.28652395,6.177789228
4134,5.708775313,5.328411794,4.696239151,3.905496625,4.859578106,4.141613376,4.743400084,5.28652395,6.177789228
4135,5.708775313,5.328411794,4.696239151,3.905496625,4.859578106,4.141613376,4.743400084,5.28652395,6.177789228
4136,5.708775313,5.328411794,4.696239151,3.905496625,4.859578106,4.141613376,4.743400084,5.28652395,6.177789228
4137,5.708775313,5.328411794,4.696239151,3.905496625,4.859578106,4.141613376,4.743400084,5.28652395,6.177789228
4138,5.708775313,5.328411794,4.696239151,3.905496625,4.859578106,4.141613376,4.743400084,5.28652395,6.177789228
4139,5.708775313,5.328411794,4.696239151,3.905496625,4.859578106,4.141613376,4.743400084,5.28652395,6.177789228
4140,5.708775313,5.328411794,4.696239151,3.905496625,4.859578106,4.141613376,4.743400084,5.28652395,6.177789228
4141,5.708775313,5.328411794,4.696239151,3.905496625,4.859578106,4.141613376,4.743400084,5.28652395,6.177789228
4142,5.708775313,5.328411794,4.696239151,3.905496625,4.859578106,4.141613376,4.743400084,5.28652395,6.177789228
4143,5.708775313,5.328411794,4.696239151,3.905496625,4.859578106,4.141613376,4.743400084,5.28652395,6.177789228
4144,5.708775313,5.328411794,4.696239151,3.905496625,4.859578106,4.141613376,4.743400084,5.28652395,6.177789228
4145,5.708775313,5.328411794,4.696239151,3.905496625,4.859578106,4.141613376,4.743400084,5.28652395,6.177789228
4146,5.708775313,5.328411794,4.696239151,3.905496625,4.859578106,4.141613376,4.743400084,5.28652395,6.177789228
4147,5.708775313,5.328411794,4.696239151,3.905496625,4.859578106,4.141613376,4.743400084,5.28652395,6.177789228
4148,5.708775313,5.328411794,4.696239151,3.905496625,4.859578106,4.141613376,4.743400084,5.28652395,6.177789228
4149,5.708775313,5.328411794,4.696239151,3.905496625,4.859578106,4.141613376,4.743400084,5.28652395,6.177789228
4150,5.708775313,5.328411794,4.696239151,3.905496625,4.859578106,4.141613376,4.743400084,5.28652395,6.177789228
4151,5.708775313,5.328411794,4.696239151,3.905496625,4.859578106,4.141613376,4.743400084,5.28652395,6.177789228
4152,5.708775313,5.328411794,4.696239151,3.905496625,4.859578106,4.141613376,4.743400084,5.28652395,6.177789228
4153,5.708775313,5.328411794,4.696239151,3.905496625,4.859578106,4.141613376,4.743400084,5.28652395,6.177789228
4154,5.708775313,5.328411794,4.696239151,3.905496625,4.859578106,4.141613376,4.743400084,5.28652395,6.177789228
4155,5.708775313,5.328411794,4.696239151,3.905496625,4.859578106,4.141613376,4.743400084,5.28652395,6.177789228
4156,5.708775313,5.328411794,4.696239151,3.905496625,4.859578106,4.141613376,4.743400084,5.28652395,6.177789228
4157,5.708775313,5.328411794,4.696239151,3.905496625,4.859578106,4.141613376,4.743400084,5.28652395,6.177789228
4158,5.708775313,5.328411794,4.696239151,3.905496625,4.859578106,4.141613376,4.743400084,5.28652395,6.177789228
4159,5.708775313,5.328411794,4.696239151,3.905496625,4.859578106,4.141613376,4.743400084,5.28652395,6.177789228
4160,5.708775313,5.328411794,4.696239151,3.905496625,4.859578106,4.141613376,4.743400084,5.28652395,6.177789228
4161,5.708775313,5.328411794,4.696239151,3.905496625,4.859578106,4.141613376,4.743400084,5.28652395,6.177789228
4162,5.708775313,5.328411794,4.696239151,3.905496625,4.859578106,4.141613376,4.743400084,5.28652395,6.177789228
4163,5.708775313,5.328411794,4.696239151,3.905496625,4.859578106,4.141613376,4.743400084,5.28652395,6.177789228
4164,5.708775313,5.328411794,4.696239151,3.905496625,4.859578106,4.141613376,4.743400084,5.28652395,6.177789228
4165,5.708775313,5.328411794,4.696239151,3.905496625,4.859578106,4.141613376,4.743400084,5.28652395,6.177789228
4166,5.708775313,5.328411794,4.696239151,3.905496625,4.859578106,4.141613376,4.743400084,5.28652395,6.177789228
4167,5.708775313,5.328411794,4.696239151,3.905496625,4.859578106,4.141613376,4.743400084,5.28652395,6.177789228
4168,5.708775313,5.328411794,4.696239151,3.905496625,4.859578106,4.141613376,4.743400084,5.28652395,6.177789228
4169,5.708775313,5.328411794,4.696239151,3.905496625,4.859578106,4.141613376,4.743400084,5.28652395,6.177789228
4170,5.708775313,5.328411794,4.696239151,3.905496625,4.859578106,4.141613376,4.743400084,5.28652395,6.177789228
4171,5.708775313,5.328411794,4.696239151,3.905496625,4.859578106,4.141613376,4.743400084,5.28652395,6.177789228
4172,5.708775313,5.328411794,4.696239151,3.905496625,4.859578106,4.141613376,4.743400084,5.28652395,6.177789228
4173,5.708775313,5.328411794,4.696239151,3.905496625,4.859578106,4.141613376,4.743400084,5.28652395,6.177789228
4174,5.708775313,5.328411794,4.696239151,3.905496625,4.859578106,4.141613376,4.743400084,5.28652395,6.177789228
4175,5.708775313,5.328411794,4.696239151,3.905496625,4.859578106,4.141613376,4.743400084,5.28652395,6.177789228
4176,5.708775313,5.328411794,4.696239151,3.905496625,4.859578106,4.141613376,4.743400084,5.28652395,6.177789228
4177,5.708775313,5.328411794,4.696239151,3.905496625,4.859578106,4.141613376,4.743400084,5.28652395,6.177789228
4178,5.708775313,5.328411794,4.696239151,3.905496625,4.859578106,4.141613376,4.743400084,5.28652395,6.177789228
4179,5.708775313,5.328411794,4.696239151,3.905496625,4.859578106,4.141613376,4.743400084,5.28652395,6.177789228
4180,5.708775313,5.328411794,4.696239151,3.905496625,4.859578106,4.141613376,4.743400084,5.28652395,6.177789228
4181,5.708775313,5.328411794,4.696239151,3.905496625,4.859578106,4.141613376,4.743400084,5.28652395,6.177789228
4182,5.708775313,5.328411794,4.696239151,3.905496625,4.859578106,4.141613376,4.743400084,5.28652395,6.177789228
4183,5.708775313,5.328411794,4.696239151,3.905496625,4.859578106,4.141613376,4.743400084,5.28652395,6.177789228
4184,5.708775313,5.328411794,4.696239151,3.905496625,4.859578106,4.141613376,4.743400084,5.28652395,6.177789228
4185,5.708775313,5.328411794,4.696239151,3.905496625,4.859578106,4.141613376,4.743400084,5.28652395,6.177789228
4186,5.708775313,5.328411794,4.696239151,3.905496625,4.859578106,4.141613376,4.743400084,5.28652395,6.177789228
4187,5.708775313,5.328411794,4.696239151,3.905496625,4.859578106,4.141613376,4.743400084,5.28652395,6.177789228
4188,5.708775313,5.328411794,4.696239151,3.905496625,4.859578106,4.141613376,4.743400084,5.28652395,6.177789228
4189,5.708775313,5.328411794,4.696239151,3.905496625,4.859578106,4.141613376,4.743400084,5.28652395,6.177789228
4190,5.708775313,5.328411794,4.696239151,3.905496625,4.859578106,4.141613376,4.743400084,5.28652395,6.177789228
4191,5.708775313,5.328411794,4.696239151,3.905496625,4.859578106,4.141613376,4.743400084,5.28652395,6.177789228
4192,5.708775313,5.328411794,4.696239151,3.905496625,4.859578106,4.141613376,4.743400084,5.28652395,6.177789228
4193,5.708775313,5.328411794,4.696239151,3.905496625,4.859578106,4.141613376,4.743400084,5.28652395,6.177789228
4194,5.708775313,5.328411794,4.696239151,3.905496625,4.859578106,4.141613376,4.743400084,5.28652395,6.177789228
4195,5.708775313,5.328411794,4.696239151,3.905496625,4.859578106,4.141613376,4.743400084,5.28652395,6.177789228
4196,5.708775313,5.328411794,4.696239151,3.905496625,4.859578106,4.141613376,4.743400084,5.28652395,6.177789228
4197,5.708775313,5.328411794,4.696239151,3.905496625,4.859578106,4.141613376,4.743400084,5.28652395,6.177789228
4198,5.708775313,5.328411794,4.696239151,3.905496625,4.859578106,4.141613376,4.743400084,5.28652395,6.177789228
4199,5.708775313,5.328411794,4.696239151,3.905496625,4.859578106,4.141613376,4.743400084,5.28652395,6.177789228
4200,5.708775313,5.328411794,4.696239151,3.905496625,4.859578106,4.141613376,4.743400084,5.28652395,6.177789228
4201,5.708775313,5.328411794,4.696239151,3.905496625,4.859578106,4.141613376,4.743400084,5.28652395,6.177789228
4202,5.708775313,5.328411794,4.696239151,3.905496625,4.859578106,4.141613376,4.743400084,5.28652395,6.177789228
4203,5.708775313,5.328411794,4.696239151,3.905496625,4.859578106,4.141613376,4.743400084,5.28652395,6.177789228
4204,5.708775313,5.328411794,4.696239151,3.905496625,4.859578106,4.141613376,4.743400084,5.28652395,6.177789228
4205,5.708775313,5.328411794,4.696239151,3.905496625,4.859578106,4.141613376,4.743400084,5.28652395,6.177789228
4206,5.708775313,5.328411794,4.696239151,3.905496625,4.859578106,4.141613376,4.743400084,5.28652395,6.177789228
4207,5.708775313,5.328411794,4.696239151,3.905496625,4.859578106,4.141613376,4.743400084,5.28652395,6.177789228
4208,5.708775313,5.328411794,4.696239151,3.905496625,4.859578106,4.141613376,4.743400084,5.28652395,6.177789228
4209,5.708775313,5.328411794,4.696239151,3.905496625,4.859578106,4.141613376,4.743400084,5.28652395,6.177789228
4210,5.708775313,5.328411794,4.696239151,3.905496625,4.859578106,4.141613376,4.743400084,5.28652395,6.177789228
4211,5.708775313,5.328411794,4.696239151,3.905496625,4.859578106,4.141613376,4.743400084,5.28652395,6.177789228
4212,5.708775313,5.328411794,4.696239151,3.905496625,4.859578106,4.141613376,4.743400084,5.28652395,6.177789228
4213,5.708775313,5.328411794,4.696239151,3.905496625,4.859578106,4.141613376,4.743400084,5.28652395,6.177789228
4214,5.708775313,5.328411794,4.696239151,3.905496625,4.859578106,4.141613376,4.743400084,5.28652395,6.177789228
4215,5.708775313,5.328411794,4.696239151,3.905496625,4.859578106,4.141613376,4.743400084,5.28652395,6.177789228
4216,5.708775313,5.328411794,4.696239151,3.905496625,4.859578106,4.141613376,4.743400084,5.28652395,6.177789228
4217,5.708775313,5.328411794,4.696239151,3.905496625,4.859578106,4.141613376,4.743400084,5.28652395,6.177789228
4218,5.708775313,5.328411794,4.696239151,3.905496625,4.859578106,4.141613376,4.743400084,5.28652395,6.177789228
4219,5.708775313,5.328411794,4.696239151,3.905496625,4.859578106,4.141613376,4.743400084,5.28652395,6.177789228
4220,5.708775313,5.328411794,4.696239151,3.905496625,4.859578106,4.141613376,4.743400084,5.28652395,6.177789228
4221,5.708775313,5.328411794,4.696239151,3.905496625,4.859578106,4.141613376,4.743400084,5.28652395,6.177789228
4222,5.708775313,5.328411794,4.696239151,3.905496625,4.859578106,4.141613376,4.743400084,5.28652395,6.177789228
4223,5.708775313,5.328411794,4.696239151,3.905496625,4.859578106,4.141613376,4.743400084,5.28652395,6.177789228
4224,5.708775313,5.328411794,4.696239151,3.905496625,4.859578106,4.141613376,4.743400084,5.28652395,6.177789228
4225,5.708775313,5.328411794,4.696239151,3.905496625,4.859578106,4.141613376,4.743400084,5.28652395,6.177789228
4226,5.708775313,5.328411794,4.696239151,3.905496625,4.859578106,4.141613376,4.743400084,5.28652395,6.177789228
4227,5.708775313,5.328411794,4.696239151,3.905496625,4.859578106,4.141613376,4.743400084,5.28652395,6.177789228
4228,5.708775313,5.328411794,4.696239151,3.905496625,4.859578106,4.141613376,4.743400084,5.28652395,6.177789228
4229,5.708775313,5.328411794,4.696239151,3.905496625,4.859578106,4.141613376,4.743400084,5.28652395,6.177789228
4230,5.708775313,5.328411794,4.696239151,3.905496625,4.859578106,4.141613376,4.743400084,5.28652395,6.177789228
4231,5.708775313,5.328411794,4.696239151,3.905496625,4.859578106,4.141613376,4.743400084,5.28652395,6.177789228
4232,5.708775313,5.328411794,4.696239151,3.905496625,4.859578106,4.141613376,4.743400084,5.28652395,6.177789228
4233,5.708775313,5.328411794,4.696239151,3.905496625,4.859578106,4.141613376,4.743400084,5.28652395,6.177789228
4234,5.708775313,5.328411794,4.696239151,3.905496625,4.859578106,4.141613376,4.743400084,5.28652395,6.177789228
4235,5.708775313,5.328411794,4.696239151,3.905496625,4.859578106,4.141613376,4.743400084,5.28652395,6.177789228
4236,5.708775313,5.328411794,4.696239151,3.905496625,4.859578106,4.141613376,4.743400084,5.28652395,6.177789228
4237,5.708775313,5.328411794,4.696239151,3.905496625,4.859578106,4.141613376,4.743400084,5.28652395,6.177789228
4238,5.708775313,5.328411794,4.696239151,3.905496625,4.859578106,4.141613376,4.743400084,5.28652395,6.177789228
4239,5.708775313,5.328411794,4.696239151,3.905496625,4.859578106,4.141613376,4.743400084,5.28652395,6.177789228
4240,5.708775313,5.328411794,4.696239151,3.905496625,4.859578106,4.141613376,4.743400084,5.28652395,6.177789228
4241,5.708775313,5.328411794,4.696239151,3.905496625,4.859578106,4.141613376,4.743400084,5.28652395,6.177789228
4242,5.708775313,5.328411794,4.696239151,3.905496625,4.859578106,4.141613376,4.743400084,5.28652395,6.177789228
4243,5.708775313,5.328411794,4.696239151,3.905496625,4.859578106,4.141613376,4.743400084,5.28652395,6.177789228
4244,5.708775313,5.328411794,4.696239151,3.905496625,4.859578106,4.141613376,4.743400084,5.28652395,6.177789228
4245,5.708775313,5.328411794,4.696239151,3.905496625,4.859578106,4.141613376,4.743400084,5.28652395,6.177789228
4246,5.708775313,5.328411794,4.696239151,3.905496625,4.859578106,4.141613376,4.743400084,5.28652395,6.177789228
4247,5.708775313,5.328411794,4.696239151,3.905496625,4.859578106,4.141613376,4.743400084,5.28652395,6.177789228
4248,5.708775313,5.328411794,4.696239151,3.905496625,4.859578106,4.141613376,4.743400084,5.28652395,6.177789228
4249,5.708775313,5.328411794,4.696239151,3.905496625,4.859578106,4.141613376,4.743400084,5.28652395,6.177789228
4250,5.708775313,5.328411794,4.696239151,3.905496625,4.859578106,4.141613376,4.743400084,5.28652395,6.177789228
4251,5.708775313,5.328411794,4.696239151,3.905496625,4.859578106,4.141613376,4.743400084,5.28652395,6.177789228
4252,5.708775313,5.328411794,4.696239151,3.905496625,4.859578106,4.141613376,4.743400084,5.28652395,6.177789228
4253,5.708775313,5.328411794,4.696239151,3.905496625,4.859578106,4.141613376,4.743400084,5.28652395,6.177789228
4254,5.708775313,5.328411794,4.696239151,3.905496625,4.859578106,4.141613376,4.743400084,5.28652395,6.177789228
4255,5.708775313,5.328411794,4.696239151,3.905496625,4.859578106,4.141613376,4.743400084,5.28652395,6.177789228
4256,5.708775313,5.328411794,4.696239151,3.905496625,4.859578106,4.141613376,4.743400084,5.28652395,6.177789228
4257,5.708775313,5.328411794,4.696239151,3.905496625,4.859578106,4.141613376,4.743400084,5.28652395,6.177789228
4258,5.708775313,5.328411794,4.696239151,3.905496625,4.859578106,4.141613376,4.743400084,5.28652395,6.177789228
4259,5.708775313,5.328411794,4.696239151,3.905496625,4.859578106,4.141613376,4.743400084,5.28652395,6.177789228
4260,5.708775313,5.328411794,4.696239151,3.905496625,4.859578106,4.141613376,4.743400084,5.28652395,6.177789228
4261,5.708775313,5.328411794,4.696239151,3.905496625,4.859578106,4.141613376,4.743400084,5.28652395,6.177789228
4262,5.708775313,5.328411794,4.696239151,3.905496625,4.859578106,4.141613376,4.743400084,5.28652395,6.177789228
4263,5.708775313,5.328411794,4.696239151,3.905496625,4.859578106,4.141613376,4.743400084,5.28652395,6.177789228
4264,5.708775313,5.328411794,4.696239151,3.905496625,4.859578106,4.141613376,4.743400084,5.28652395,6.177789228
4265,5.708775313,5.328411794,4.696239151,3.905496625,4.859578106,4.141613376,4.743400084,5.28652395,6.177789228
4266,5.708775313,5.328411794,4.696239151,3.905496625,4.859578106,4.141613376,4.743400084,5.28652395,6.177789228
4267,5.708775313,5.328411794,4.696239151,3.905496625,4.859578106,4.141613376,4.743400084,5.28652395,6.177789228
4268,5.708775313,5.328411794,4.696239151,3.905496625,4.859578106,4.141613376,4.743400084,5.28652395,6.177789228
4269,5.708775313,5.328411794,4.696239151,3.905496625,4.859578106,4.141613376,4.743400084,5.28652395,6.177789228
4270,5.708775313,5.328411794,4.696239151,3.905496625,4.859578106,4.141613376,4.743400084,5.28652395,6.177789228
4271,5.708775313,5.328411794,4.696239151,3.905496625,4.859578106,4.141613376,4.743400084,5.28652395,6.177789228
4272,5.708775313,5.328411794,4.696239151,3.905496625,4.859578106,4.141613376,4.743400084,5.28652395,6.177789228
4273,5.708775313,5.328411794,4.696239151,3.905496625,4.859578106,4.141613376,4.743400084,5.28652395,6.177789228
4274,5.708775313,5.328411794,4.696239151,3.905496625,4.859578106,4.141613376,4.743400084,5.28652395,6.177789228
4275,5.708775313,5.328411794,4.696239151,3.905496625,4.859578106,4.141613376,4.743400084,5.28652395,6.177789228
4276,5.708775313,5.328411794,4.696239151,3.905496625,4.859578106,4.141613376,4.743400084,5.28652395,6.177789228
4277,5.708775313,5.328411794,4.696239151,3.905496625,4.859578106,4.141613376,4.743400084,5.28652395,6.177789228
4278,5.708775313,5.328411794,4.696239151,3.905496625,4.859578106,4.141613376,4.743400084,5.28652395,6.177789228
4279,5.708775313,5.328411794,4.696239151,3.905496625,4.859578106,4.141613376,4.743400084,5.28652395,6.177789228
4280,5.708775313,5.328411794,4.696239151,3.905496625,4.859578106,4.141613376,4.743400084,5.28652395,6.177789228
4281,5.708775313,5.328411794,4.696239151,3.905496625,4.859578106,4.141613376,4.743400084,5.28652395,6.177789228
4282,5.708775313,5.328411794,4.696239151,3.905496625,4.859578106,4.141613376,4.743400084,5.28652395,6.177789228
4283,5.708775313,5.328411794,4.696239151,3.905496625,4.859578106,4.141613376,4.743400084,5.28652395,6.177789228
4284,5.708775313,5.328411794,4.696239151,3.905496625,4.859578106,4.141613376,4.743400084,5.28652395,6.177789228
4285,5.708775313,5.328411794,4.696239151,3.905496625,4.859578106,4.141613376,4.743400084,5.28652395,6.177789228
4286,5.708775313,5.328411794,4.696239151,3.905496625,4.859578106,4.141613376,4.743400084,5.28652395,6.177789228
4287,5.708775313,5.328411794,4.696239151,3.905496625,4.859578106,4.141613376,4.743400084,5.28652395,6.177789228
4288,5.708775313,5.328411794,4.696239151,3.905496625,4.859578106,4.141613376,4.743400084,5.28652395,6.177789228
4289,5.708775313,5.328411794,4.696239151,3.905496625,4.859578106,4.141613376,4.743400084,5.28652395,6.177789228
4290,5.708775313,5.328411794,4.696239151,3.905496625,4.859578106,4.141613376,4.743400084,5.28652395,6.177789228
4291,5.708775313,5.328411794,4.696239151,3.905496625,4.859578106,4.141613376,4.743400084,5.28652395,6.177789228
4292,5.708775313,5.328411794,4.696239151,3.905496625,4.859578106,4.141613376,4.743400084,5.28652395,6.177789228
4293,5.708775313,5.328411794,4.696239151,3.905496625,4.859578106,4.141613376,4.743400084,5.28652395,6.177789228
4294,5.708775313,5.328411794,4.696239151,3.905496625,4.859578106,4.141613376,4.743400084,5.28652395,6.177789228
4295,5.708775313,5.328411794,4.696239151,3.905496625,4.859578106,4.141613376,4.743400084,5.28652395,6.177789228
4296,5.708775313,5.328411794,4.696239151,3.905496625,4.859578106,4.141613376,4.743400084,5.28652395,6.177789228
4297,5.708775313,5.328411794,4.696239151,3.905496625,4.859578106,4.141613376,4.743400084,5.28652395,6.177789228
4298,5.708775313,5.328411794,4.696239151,3.905496625,4.859578106,4.141613376,4.743400084,5.28652395,6.177789228
4299,5.708775313,5.328411794,4.696239151,3.905496625,4.859578106,4.141613376,4.743400084,5.28652395,6.177789228
4300,5.708775313,5.328411794,4.696239151,3.905496625,4.859578106,4.141613376,4.743400084,5.28652395,6.177789228
4301,5.708775313,5.328411794,4.696239151,3.905496625,4.859578106,4.141613376,4.743400084,5.28652395,6.177789228
4302,5.708775313,5.328411794,4.696239151,3.905496625,4.859578106,4.141613376,4.743400084,5.28652395,6.177789228
4303,5.708775313,5.328411794,4.696239151,3.905496625,4.859578106,4.141613376,4.743400084,5.28652395,6.177789228
4304,5.708775313,5.328411794,4.696239151,3.905496625,4.859578106,4.141613376,4.743400084,5.28652395,6.177789228
4305,5.708775313,5.328411794,4.696239151,3.905496625,4.859578106,4.141613376,4.743400084,5.28652395,6.177789228
4306,5.708775313,5.328411794,4.696239151,3.905496625,4.859578106,4.141613376,4.743400084,5.28652395,6.177789228
4307,5.708775313,5.328411794,4.696239151,3.905496625,4.859578106,4.141613376,4.743400084,5.28652395,6.177789228
4308,5.708775313,5.328411794,4.696239151,3.905496625,4.859578106,4.141613376,4.743400084,5.28652395,6.177789228
4309,5.708775313,5.328411794,4.696239151,3.905496625,4.859578106,4.141613376,4.743400084,5.28652395,6.177789228
4310,5.708775313,5.328411794,4.696239151,3.905496625,4.859578106,4.141613376,4.743400084,5.28652395,6.177789228
4311,5.708775313,5.328411794,4.696239151,3.905496625,4.859578106,4.141613376,4.743400084,5.28652395,6.177789228
4312,5.708775313,5.328411794,4.696239151,3.905496625,4.859578106,4.141613376,4.743400084,5.28652395,6.177789228
4313,5.708775313,5.328411794,4.696239151,3.905496625,4.859578106,4.141613376,4.743400084,5.28652395,6.177789228
4314,5.708775313,5.328411794,4.696239151,3.905496625,4.859578106,4.141613376,4.743400084,5.28652395,6.177789228
4315,5.708775313,5.328411794,4.696239151,3.905496625,4.859578106,4.141613376,4.743400084,5.28652395,6.177789228
4316,5.708775313,5.328411794,4.696239151,3.905496625,4.859578106,4.141613376,4.743400084,5.28652395,6.177789228
4317,5.708775313,5.328411794,4.696239151,3.905496625,4.859578106,4.141613376,4.743400084,5.28652395,6.177789228
4318,5.708775313,5.328411794,4.696239151,3.905496625,4.859578106,4.141613376,4.743400084,5.28652395,6.177789228
4319,5.708775313,5.328411794,4.696239151,3.905496625,4.859578106,4.141613376,4.743400084,5.28652395,6.177789228
4320,5.708775313,5.328411794,4.696239151,3.905496625,4.859578106,4.141613376,4.743400084,5.28652395,6.177789228
4321,5.708775313,5.328411794,4.696239151,3.905496625,4.859578106,4.141613376,4.743400084,5.28652395,6.177789228
4322,5.708775313,5.328411794,4.696239151,3.905496625,4.859578106,4.141613376,4.743400084,5.28652395,6.177789228
4323,5.708775313,5.328411794,4.696239151,3.905496625,4.859578106,4.141613376,4.743400084,5.28652395,6.177789228
4324,5.708775313,5.328411794,4.696239151,3.905496625,4.859578106,4.141613376,4.743400084,5.28652395,6.177789228
4325,5.708775313,5.328411794,4.696239151,3.905496625,4.859578106,4.141613376,4.743400084,5.28652395,6.177789228
4326,5.708775313,5.328411794,4.696239151,3.905496625,4.859578106,4.141613376,4.743400084,5.28652395,6.177789228
4327,5.708775313,5.328411794,4.696239151,3.905496625,4.859578106,4.141613376,4.743400084,5.28652395,6.177789228
4328,5.708775313,5.328411794,4.696239151,3.905496625,4.859578106,4.141613376,4.743400084,5.28652395,6.177789228
4329,5.708775313,5.328411794,4.696239151,3.905496625,4.859578106,4.141613376,4.743400084,5.28652395,6.177789228
4330,5.708775313,5.328411794,4.696239151,3.905496625,4.859578106,4.141613376,4.743400084,5.28652395,6.177789228
4331,5.708775313,5.328411794,4.696239151,3.905496625,4.859578106,4.141613376,4.743400084,5.28652395,6.177789228
4332,5.708775313,5.328411794,4.696239151,3.905496625,4.859578106,4.141613376,4.743400084,5.28652395,6.177789228
4333,5.708775313,5.328411794,4.696239151,3.905496625,4.859578106,4.141613376,4.743400084,5.28652395,6.177789228
4334,5.708775313,5.328411794,4.696239151,3.905496625,4.859578106,4.141613376,4.743400084,5.28652395,6.177789228
4335,5.708775313,5.328411794,4.696239151,3.905496625,4.859578106,4.141613376,4.743400084,5.28652395,6.177789228
4336,5.708775313,5.328411794,4.696239151,3.905496625,4.859578106,4.141613376,4.743400084,5.28652395,6.177789228
4337,5.708775313,5.328411794,4.696239151,3.905496625,4.859578106,4.141613376,4.743400084,5.28652395,6.177789228
4338,5.708775313,5.328411794,4.696239151,3.905496625,4.859578106,4.141613376,4.743400084,5.28652395,6.177789228
4339,5.708775313,5.328411794,4.696239151,3.905496625,4.859578106,4.141613376,4.743400084,5.28652395,6.177789228
4340,5.708775313,5.328411794,4.696239151,3.905496625,4.859578106,4.141613376,4.743400084,5.28652395,6.177789228
4341,5.708775313,5.328411794,4.696239151,3.905496625,4.859578106,4.141613376,4.743400084,5.28652395,6.177789228
4342,5.708775313,5.328411794,4.696239151,3.905496625,4.859578106,4.141613376,4.743400084,5.28652395,6.177789228
4343,5.708775313,5.328411794,4.696239151,3.905496625,4.859578106,4.141613376,4.743400084,5.28652395,6.177789228
4344,5.708775313,5.328411794,4.696239151,3.905496625,4.859578106,4.141613376,4.743400084,5.28652395,6.177789228
4345,5.708775313,5.328411794,4.696239151,3.905496625,4.859578106,4.141613376,4.743400084,5.28652395,6.177789228
4346,5.708775313,5.328411794,4.696239151,3.905496625,4.859578106,4.141613376,4.743400084,5.28652395,6.177789228
4347,5.708775313,5.328411794,4.696239151,3.905496625,4.859578106,4.141613376,4.743400084,5.28652395,6.177789228
4348,5.708775313,5.328411794,4.696239151,3.905496625,4.859578106,4.141613376,4.743400084,5.28652395,6.177789228
4349,5.708775313,5.328411794,4.696239151,3.905496625,4.859578106,4.141613376,4.743400084,5.28652395,6.177789228
4350,5.708775313,5.328411794,4.696239151,3.905496625,4.859578106,4.141613376,4.743400084,5.28652395,6.177789228
4351,5.708775313,5.328411794,4.696239151,3.905496625,4.859578106,4.141613376,4.743400084,5.28652395,6.177789228
4352,5.708775313,5.328411794,4.696239151,3.905496625,4.859578106,4.141613376,4.743400084,5.28652395,6.177789228
4353,5.708775313,5.328411794,4.696239151,3.905496625,4.859578106,4.141613376,4.743400084,5.28652395,6.177789228
4354,5.708775313,5.328411794,4.696239151,3.905496625,4.859578106,4.141613376,4.743400084,5.28652395,6.177789228
4355,5.708775313,5.328411794,4.696239151,3.905496625,4.859578106,4.141613376,4.743400084,5.28652395,6.177789228
4356,5.708775313,5.328411794,4.696239151,3.905496625,4.859578106,4.141613376,4.743400084,5.28652395,6.177789228
4357,5.708775313,5.328411794,4.696239151,3.905496625,4.859578106,4.141613376,4.743400084,5.28652395,6.177789228
4358,5.708775313,5.328411794,4.696239151,3.905496625,4.859578106,4.141613376,4.743400084,5.28652395,6.177789228
4359,5.708775313,5.328411794,4.696239151,3.905496625,4.859578106,4.141613376,4.743400084,5.28652395,6.177789228
4360,5.708775313,5.328411794,4.696239151,3.905496625,4.859578106,4.141613376,4.743400084,5.28652395,6.177789228
4361,5.708775313,5.328411794,4.696239151,3.905496625,4.859578106,4.141613376,4.743400084,5.28652395,6.177789228
4362,5.708775313,5.328411794,4.696239151,3.905496625,4.859578106,4.141613376,4.743400084,5.28652395,6.177789228
4363,5.708775313,5.328411794,4.696239151,3.905496625,4.859578106,4.141613376,4.743400084,5.28652395,6.177789228
4364,5.708775313,5.328411794,4.696239151,3.905496625,4.859578106,4.141613376,4.743400084,5.28652395,6.177789228
4365,5.708775313,5.328411794,4.696239151,3.905496625,4.859578106,4.141613376,4.743400084,5.28652395,6.177789228
4366,5.708775313,5.328411794,4.696239151,3.905496625,4.859578106,4.141613376,4.743400084,5.28652395,6.177789228
4367,5.708775313,5.328411794,4.696239151,3.905496625,4.859578106,4.141613376,4.743400084,5.28652395,6.177789228
4368,5.708775313,5.328411794,4.696239151,3.905496625,4.859578106,4.141613376,4.743400084,5.28652395,6.177789228
4369,5.708775313,5.328411794,4.696239151,3.905496625,4.859578106,4.141613376,4.743400084,5.28652395,6.177789228
4370,5.708775313,5.328411794,4.696239151,3.905496625,4.859578106,4.141613376,4.743400084,5.28652395,6.177789228
4371,5.708775313,5.328411794,4.696239151,3.905496625,4.859578106,4.141613376,4.743400084,5.28652395,6.177789228
4372,5.708775313,5.328411794,4.696239151,3.905496625,4.859578106,4.141613376,4.743400084,5.28652395,6.177789228
4373,5.708775313,5.328411794,4.696239151,3.905496625,4.859578106,4.141613376,4.743400084,5.28652395,6.177789228
4374,5.708775313,5.328411794,4.696239151,3.905496625,4.859578106,4.141613376,4.743400084,5.28652395,6.177789228
4375,5.708775313,5.328411794,4.696239151,3.905496625,4.859578106,4.141613376,4.743400084,5.28652395,6.177789228
4376,5.708775313,5.328411794,4.696239151,3.905496625,4.859578106,4.141613376,4.743400084,5.28652395,6.177789228
4377,5.708775313,5.328411794,4.696239151,3.905496625,4.859578106,4.141613376,4.743400084,5.28652395,6.177789228
4378,5.708775313,5.328411794,4.696239151,3.905496625,4.859578106,4.141613376,4.743400084,5.28652395,6.177789228
4379,5.708775313,5.328411794,4.696239151,3.905496625,4.859578106,4.141613376,4.743400084,5.28652395,6.177789228
4380,5.708775313,5.328411794,4.696239151,3.905496625,4.859578106,4.141613376,4.743400084,5.28652395,6.177789228
4381,5.708775313,5.328411794,4.696239151,3.905496625,4.859578106,4.141613376,4.743400084,5.28652395,6.177789228
4382,5.708775313,5.328411794,4.696239151,3.905496625,4.859578106,4.141613376,4.743400084,5.28652395,6.177789228
4383,5.708775313,5.328411794,4.696239151,3.905496625,4.859578106,4.141613376,4.743400084,5.28652395,6.177789228
4384,5.708775313,5.328411794,4.696239151,3.905496625,4.859578106,4.141613376,4.743400084,5.28652395,6.177789228
4385,5.708775313,5.328411794,4.696239151,3.905496625,4.859578106,4.141613376,4.743400084,5.28652395,6.177789228
4386,5.708775313,5.328411794,4.696239151,3.905496625,4.859578106,4.141613376,4.743400084,5.28652395,6.177789228
4387,5.708775313,5.328411794,4.696239151,3.905496625,4.859578106,4.141613376,4.743400084,5.28652395,6.177789228
4388,5.708775313,5.328411794,4.696239151,3.905496625,4.859578106,4.141613376,4.743400084,5.28652395,6.177789228
4389,5.708775313,5.328411794,4.696239151,3.905496625,4.859578106,4.141613376,4.743400084,5.28652395,6.177789228
4390,5.708775313,5.328411794,4.696239151,3.905496625,4.859578106,4.141613376,4.743400084,5.28652395,6.177789228
4391,5.708775313,5.328411794,4.696239151,3.905496625,4.859578106,4.141613376,4.743400084,5.28652395,6.177789228
4392,5.708775313,5.328411794,4.696239151,3.905496625,4.859578106,4.141613376,4.743400084,5.28652395,6.177789228
4393,5.708775313,5.328411794,4.696239151,3.905496625,4.859578106,4.141613376,4.743400084,5.28652395,6.177789228
4394,5.708775313,5.328411794,4.696239151,3.905496625,4.859578106,4.141613376,4.743400084,5.28652395,6.177789228
4395,5.708775313,5.328411794,4.696239151,3.905496625,4.859578106,4.141613376,4.743400084,5.28652395,6.177789228
4396,5.708775313,5.328411794,4.696239151,3.905496625,4.859578106,4.141613376,4.743400084,5.28652395,6.177789228
4397,5.708775313,5.328411794,4.696239151,3.905496625,4.859578106,4.141613376,4.743400084,5.28652395,6.177789228
4398,5.708775313,5.328411794,4.696239151,3.905496625,4.859578106,4.141613376,4.743400084,5.28652395,6.177789228
4399,5.708775313,5.328411794,4.696239151,3.905496625,4.859578106,4.141613376,4.743400084,5.28652395,6.177789228
4400,5.708775313,5.328411794,4.696239151,3.905496625,4.859578106,4.141613376,4.743400084,5.28652395,6.177789228
4401,5.708775313,5.328411794,4.696239151,3.905496625,4.859578106,4.141613376,4.743400084,5.28652395,6.177789228
4402,5.708775313,5.328411794,4.696239151,3.905496625,4.859578106,4.141613376,4.743400084,5.28652395,6.177789228
4403,5.708775313,5.328411794,4.696239151,3.905496625,4.859578106,4.141613376,4.743400084,5.28652395,6.177789228
4404,5.708775313,5.328411794,4.696239151,3.905496625,4.859578106,4.141613376,4.743400084,5.28652395,6.177789228
4405,5.708775313,5.328411794,4.696239151,3.905496625,4.859578106,4.141613376,4.743400084,5.28652395,6.177789228
4406,5.708775313,5.328411794,4.696239151,3.905496625,4.859578106,4.141613376,4.743400084,5.28652395,6.177789228
4407,5.708775313,5.328411794,4.696239151,3.905496625,4.859578106,4.141613376,4.743400084,5.28652395,6.177789228
4408,5.708775313,5.328411794,4.696239151,3.905496625,4.859578106,4.141613376,4.743400084,5.28652395,6.177789228
4409,5.708775313,5.328411794,4.696239151,3.905496625,4.859578106,4.141613376,4.743400084,5.28652395,6.177789228
4410,5.708775313,5.328411794,4.696239151,3.905496625,4.859578106,4.141613376,4.743400084,5.28652395,6.177789228
4411,5.708775313,5.328411794,4.696239151,3.905496625,4.859578106,4.141613376,4.743400084,5.28652395,6.177789228
4412,5.708775313,5.328411794,4.696239151,3.905496625,4.859578106,4.141613376,4.743400084,5.28652395,6.177789228
4413,5.708775313,5.328411794,4.696239151,3.905496625,4.859578106,4.141613376,4.743400084,5.28652395,6.177789228
4414,5.708775313,5.328411794,4.696239151,3.905496625,4.859578106,4.141613376,4.743400084,5.28652395,6.177789228
4415,5.708775313,5.328411794,4.696239151,3.905496625,4.859578106,4.141613376,4.743400084,5.28652395,6.177789228
4416,5.708775313,5.328411794,4.696239151,3.905496625,4.859578106,4.141613376,4.743400084,5.28652395,6.177789228
4417,5.708775313,5.328411794,4.696239151,3.905496625,4.859578106,4.141613376,4.743400084,5.28652395,6.177789228
4418,5.708775313,5.328411794,4.696239151,3.905496625,4.859578106,4.141613376,4.743400084,5.28652395,6.177789228
4419,5.708775313,5.328411794,4.696239151,3.905496625,4.859578106,4.141613376,4.743400084,5.28652395,6.177789228
4420,5.708775313,5.328411794,4.696239151,3.905496625,4.859578106,4.141613376,4.743400084,5.28652395,6.177789228
4421,5.708775313,5.328411794,4.696239151,3.905496625,4.859578106,4.141613376,4.743400084,5.28652395,6.177789228
4422,5.708775313,5.328411794,4.696239151,3.905496625,4.859578106,4.141613376,4.743400084,5.28652395,6.177789228
4423,5.708775313,5.328411794,4.696239151,3.905496625,4.859578106,4.141613376,4.743400084,5.28652395,6.177789228
4424,5.708775313,5.328411794,4.696239151,3.905496625,4.859578106,4.141613376,4.743400084,5.28652395,6.177789228
4425,5.708775313,5.328411794,4.696239151,3.905496625,4.859578106,4.141613376,4.743400084,5.28652395,6.177789228
4426,5.708775313,5.328411794,4.696239151,3.905496625,4.859578106,4.141613376,4.743400084,5.28652395,6.177789228
4427,5.708775313,5.328411794,4.696239151,3.905496625,4.859578106,4.141613376,4.743400084,5.28652395,6.177789228
4428,5.708775313,5.328411794,4.696239151,3.905496625,4.859578106,4.141613376,4.743400084,5.28652395,6.177789228
4429,5.708775313,5.328411794,4.696239151,3.905496625,4.859578106,4.141613376,4.743400084,5.28652395,6.177789228
4430,5.708775313,5.328411794,4.696239151,3.905496625,4.859578106,4.141613376,4.743400084,5.28652395,6.177789228
4431,5.708775313,5.328411794,4.696239151,3.905496625,4.859578106,4.141613376,4.743400084,5.28652395,6.177789228
4432,5.708775313,5.328411794,4.696239151,3.905496625,4.859578106,4.141613376,4.743400084,5.28652395,6.177789228
4433,5.708775313,5.328411794,4.696239151,3.905496625,4.859578106,4.141613376,4.743400084,5.28652395,6.177789228
4434,5.708775313,5.328411794,4.696239151,3.905496625,4.859578106,4.141613376,4.743400084,5.28652395,6.177789228
4435,5.708775313,5.328411794,4.696239151,3.905496625,4.859578106,4.141613376,4.743400084,5.28652395,6.177789228
4436,5.708775313,5.328411794,4.696239151,3.905496625,4.859578106,4.141613376,4.743400084,5.28652395,6.177789228
4437,5.708775313,5.328411794,4.696239151,3.905496625,4.859578106,4.141613376,4.743400084,5.28652395,6.177789228
4438,5.708775313,5.328411794,4.696239151,3.905496625,4.859578106,4.141613376,4.743400084,5.28652395,6.177789228
4439,5.708775313,5.328411794,4.696239151,3.905496625,4.859578106,4.141613376,4.743400084,5.28652395,6.177789228
4440,5.708775313,5.328411794,4.696239151,3.905496625,4.859578106,4.141613376,4.743400084,5.28652395,6.177789228
4441,5.708775313,5.328411794,4.696239151,3.905496625,4.859578106,4.141613376,4.743400084,5.28652395,6.177789228
4442,5.708775313,5.328411794,4.696239151,3.905496625,4.859578106,4.141613376,4.743400084,5.28652395,6.177789228
4443,5.708775313,5.328411794,4.696239151,3.905496625,4.859578106,4.141613376,4.743400084,5.28652395,6.177789228
4444,5.708775313,5.328411794,4.696239151,3.905496625,4.859578106,4.141613376,4.743400084,5.28652395,6.177789228
4445,5.708775313,5.328411794,4.696239151,3.905496625,4.859578106,4.141613376,4.743400084,5.28652395,6.177789228
4446,5.708775313,5.328411794,4.696239151,3.905496625,4.859578106,4.141613376,4.743400084,5.28652395,6.177789228
4447,5.708775313,5.328411794,4.696239151,3.905496625,4.859578106,4.141613376,4.743400084,5.28652395,6.177789228
4448,5.708775313,5.328411794,4.696239151,3.905496625,4.859578106,4.141613376,4.743400084,5.28652395,6.177789228
4449,5.708775313,5.328411794,4.696239151,3.905496625,4.859578106,4.141613376,4.743400084,5.28652395,6.177789228
4450,5.708775313,5.328411794,4.696239151,3.905496625,4.859578106,4.141613376,4.743400084,5.28652395,6.177789228
4451,5.708775313,5.328411794,4.696239151,3.905496625,4.859578106,4.141613376,4.743400084,5.28652395,6.177789228
4452,5.708775313,5.328411794,4.696239151,3.905496625,4.859578106,4.141613376,4.743400084,5.28652395,6.177789228
4453,5.708775313,5.328411794,4.696239151,3.905496625,4.859578106,4.141613376,4.743400084,5.28652395,6.177789228
4454,5.708775313,5.328411794,4.696239151,3.905496625,4.859578106,4.141613376,4.743400084,5.28652395,6.177789228
4455,5.708775313,5.328411794,4.696239151,3.905496625,4.859578106,4.141613376,4.743400084,5.28652395,6.177789228
4456,5.708775313,5.328411794,4.696239151,3.905496625,4.859578106,4.141613376,4.743400084,5.28652395,6.177789228
4457,5.708775313,5.328411794,4.696239151,3.905496625,4.859578106,4.141613376,4.743400084,5.28652395,6.177789228
4458,5.708775313,5.328411794,4.696239151,3.905496625,4.859578106,4.141613376,4.743400084,5.28652395,6.177789228
4459,5.708775313,5.328411794,4.696239151,3.905496625,4.859578106,4.141613376,4.743400084,5.28652395,6.177789228
4460,5.708775313,5.328411794,4.696239151,3.905496625,4.859578106,4.141613376,4.743400084,5.28652395,6.177789228
4461,5.708775313,5.328411794,4.696239151,3.905496625,4.859578106,4.141613376,4.743400084,5.28652395,6.177789228
4462,5.708775313,5.328411794,4.696239151,3.905496625,4.859578106,4.141613376,4.743400084,5.28652395,6.177789228
4463,5.708775313,5.328411794,4.696239151,3.905496625,4.859578106,4.141613376,4.743400084,5.28652395,6.177789228
4464,5.708775313,5.328411794,4.696239151,3.905496625,4.859578106,4.141613376,4.743400084,5.28652395,6.177789228
4465,5.708775313,5.328411794,4.696239151,3.905496625,4.859578106,4.141613376,4.743400084,5.28652395,6.177789228
4466,5.708775313,5.328411794,4.696239151,3.905496625,4.859578106,4.141613376,4.743400084,5.28652395,6.177789228
4467,5.708775313,5.328411794,4.696239151,3.905496625,4.859578106,4.141613376,4.743400084,5.28652395,6.177789228
4468,5.708775313,5.328411794,4.696239151,3.905496625,4.859578106,4.141613376,4.743400084,5.28652395,6.177789228
4469,5.708775313,5.328411794,4.696239151,3.905496625,4.859578106,4.141613376,4.743400084,5.28652395,6.177789228
4470,5.708775313,5.328411794,4.696239151,3.905496625,4.859578106,4.141613376,4.743400084,5.28652395,6.177789228
4471,5.708775313,5.328411794,4.696239151,3.905496625,4.859578106,4.141613376,4.743400084,5.28652395,6.177789228
4472,5.708775313,5.328411794,4.696239151,3.905496625,4.859578106,4.141613376,4.743400084,5.28652395,6.177789228
4473,5.708775313,5.328411794,4.696239151,3.905496625,4.859578106,4.141613376,4.743400084,5.28652395,6.177789228
4474,5.708775313,5.328411794,4.696239151,3.905496625,4.859578106,4.141613376,4.743400084,5.28652395,6.177789228
4475,5.708775313,5.328411794,4.696239151,3.905496625,4.859578106,4.141613376,4.743400084,5.28652395,6.177789228
4476,5.708775313,5.328411794,4.696239151,3.905496625,4.859578106,4.141613376,4.743400084,5.28652395,6.177789228
4477,5.708775313,5.328411794,4.696239151,3.905496625,4.859578106,4.141613376,4.743400084,5.28652395,6.177789228
4478,5.708775313,5.328411794,4.696239151,3.905496625,4.859578106,4.141613376,4.743400084,5.28652395,6.177789228
4479,5.708775313,5.328411794,4.696239151,3.905496625,4.859578106,4.141613376,4.743400084,5.28652395,6.177789228
4480,5.708775313,5.328411794,4.696239151,3.905496625,4.859578106,4.141613376,4.743400084,5.28652395,6.177789228
4481,5.708775313,5.328411794,4.696239151,3.905496625,4.859578106,4.141613376,4.743400084,5.28652395,6.177789228
4482,5.708775313,5.328411794,4.696239151,3.905496625,4.859578106,4.141613376,4.743400084,5.28652395,6.177789228
4483,5.708775313,5.328411794,4.696239151,3.905496625,4.859578106,4.141613376,4.743400084,5.28652395,6.177789228
4484,5.708775313,5.328411794,4.696239151,3.905496625,4.859578106,4.141613376,4.743400084,5.28652395,6.177789228
4485,5.708775313,5.328411794,4.696239151,3.905496625,4.859578106,4.141613376,4.743400084,5.28652395,6.177789228
4486,5.708775313,5.328411794,4.696239151,3.905496625,4.859578106,4.141613376,4.743400084,5.28652395,6.177789228
4487,5.708775313,5.328411794,4.696239151,3.905496625,4.859578106,4.141613376,4.743400084,5.28652395,6.177789228
4488,5.708775313,5.328411794,4.696239151,3.905496625,4.859578106,4.141613376,4.743400084,5.28652395,6.177789228
4489,5.708775313,5.328411794,4.696239151,3.905496625,4.859578106,4.141613376,4.743400084,5.28652395,6.177789228
4490,5.708775313,5.328411794,4.696239151,3.905496625,4.859578106,4.141613376,4.743400084,5.28652395,6.177789228
4491,5.708775313,5.328411794,4.696239151,3.905496625,4.859578106,4.141613376,4.743400084,5.28652395,6.177789228
4492,5.708775313,5.328411794,4.696239151,3.905496625,4.859578106,4.141613376,4.743400084,5.28652395,6.177789228
4493,5.708775313,5.328411794,4.696239151,3.905496625,4.859578106,4.141613376,4.743400084,5.28652395,6.177789228
4494,5.708775313,5.328411794,4.696239151,3.905496625,4.859578106,4.141613376,4.743400084,5.28652395,6.177789228
4495,5.708775313,5.328411794,4.696239151,3.905496625,4.859578106,4.141613376,4.743400084,5.28652395,6.177789228
4496,5.708775313,5.328411794,4.696239151,3.905496625,4.859578106,4.141613376,4.743400084,5.28652395,6.177789228
4497,5.708775313,5.328411794,4.696239151,3.905496625,4.859578106,4.141613376,4.743400084,5.28652395,6.177789228
4498,5.708775313,5.328411794,4.696239151,3.905496625,4.859578106,4.141613376,4.743400084,5.28652395,6.177789228
4499,5.708775313,5.328411794,4.696239151,3.905496625,4.859578106,4.141613376,4.743400084,5.28652395,6.177789228
4500,5.708775313,5.328411794,4.696239151,3.905496625,4.859578106,4.141613376,4.743400084,5.28652395,6.177789228
4501,5.708775313,5.328411794,4.696239151,3.905496625,4.859578106,4.141613376,4.743400084,5.28652395,6.177789228
4502,5.708775313,5.328411794,4.696239151,3.905496625,4.859578106,4.141613376,4.743400084,5.28652395,6.177789228
4503,5.708775313,5.328411794,4.696239151,3.905496625,4.859578106,4.141613376,4.743400084,5.28652395,6.177789228
4504,5.708775313,5.328411794,4.696239151,3.905496625,4.859578106,4.141613376,4.743400084,5.28652395,6.177789228
4505,5.708775313,5.328411794,4.696239151,3.905496625,4.859578106,4.141613376,4.743400084,5.28652395,6.177789228
4506,5.708775313,5.328411794,4.696239151,3.905496625,4.859578106,4.141613376,4.743400084,5.28652395,6.177789228
4507,5.708775313,5.328411794,4.696239151,3.905496625,4.859578106,4.141613376,4.743400084,5.28652395,6.177789228
4508,5.708775313,5.328411794,4.696239151,3.905496625,4.859578106,4.141613376,4.743400084,5.28652395,6.177789228
4509,5.708775313,5.328411794,4.696239151,3.905496625,4.859578106,4.141613376,4.743400084,5.28652395,6.177789228
4510,5.708775313,5.328411794,4.696239151,3.905496625,4.859578106,4.141613376,4.743400084,5.28652395,6.177789228
4511,5.708775313,5.328411794,4.696239151,3.905496625,4.859578106,4.141613376,4.743400084,5.28652395,6.177789228
4512,5.708775313,5.328411794,4.696239151,3.905496625,4.859578106,4.141613376,4.743400084,5.28652395,6.177789228
4513,5.708775313,5.328411794,4.696239151,3.905496625,4.859578106,4.141613376,4.743400084,5.28652395,6.177789228
4514,5.708775313,5.328411794,4.696239151,3.905496625,4.859578106,4.141613376,4.743400084,5.28652395,6.177789228
4515,5.708775313,5.328411794,4.696239151,3.905496625,4.859578106,4.141613376,4.743400084,5.28652395,6.177789228
4516,5.708775313,5.328411794,4.696239151,3.905496625,4.859578106,4.141613376,4.743400084,5.28652395,6.177789228
4517,5.708775313,5.328411794,4.696239151,3.905496625,4.859578106,4.141613376,4.743400084,5.28652395,6.177789228
4518,5.708775313,5.328411794,4.696239151,3.905496625,4.859578106,4.141613376,4.743400084,5.28652395,6.177789228
4519,5.708775313,5.328411794,4.696239151,3.905496625,4.859578106,4.141613376,4.743400084,5.28652395,6.177789228
4520,5.708775313,5.328411794,4.696239151,3.905496625,4.859578106,4.141613376,4.743400084,5.28652395,6.177789228
4521,5.708775313,5.328411794,4.696239151,3.905496625,4.859578106,4.141613376,4.743400084,5.28652395,6.177789228
4522,5.708775313,5.328411794,4.696239151,3.905496625,4.859578106,4.141613376,4.743400084,5.28652395,6.177789228
4523,5.708775313,5.328411794,4.696239151,3.905496625,4.859578106,4.141613376,4.743400084,5.28652395,6.177789228
4524,5.708775313,5.328411794,4.696239151,3.905496625,4.859578106,4.141613376,4.743400084,5.28652395,6.177789228
4525,5.708775313,5.328411794,4.696239151,3.905496625,4.859578106,4.141613376,4.743400084,5.28652395,6.177789228
4526,5.708775313,5.328411794,4.696239151,3.905496625,4.859578106,4.141613376,4.743400084,5.28652395,6.177789228
4527,5.708775313,5.328411794,4.696239151,3.905496625,4.859578106,4.141613376,4.743400084,5.28652395,6.177789228
4528,5.708775313,5.328411794,4.696239151,3.905496625,4.859578106,4.141613376,4.743400084,5.28652395,6.177789228
4529,5.708775313,5.328411794,4.696239151,3.905496625,4.859578106,4.141613376,4.743400084,5.28652395,6.177789228
4530,5.708775313,5.328411794,4.696239151,3.905496625,4.859578106,4.141613376,4.743400084,5.28652395,6.177789228
4531,5.708775313,5.328411794,4.696239151,3.905496625,4.859578106,4.141613376,4.743400084,5.28652395,6.177789228
4532,5.708775313,5.328411794,4.696239151,3.905496625,4.859578106,4.141613376,4.743400084,5.28652395,6.177789228
4533,5.708775313,5.328411794,4.696239151,3.905496625,4.859578106,4.141613376,4.743400084,5.28652395,6.177789228
4534,5.708775313,5.328411794,4.696239151,3.905496625,4.859578106,4.141613376,4.743400084,5.28652395,6.177789228
4535,5.708775313,5.328411794,4.696239151,3.905496625,4.859578106,4.141613376,4.743400084,5.28652395,6.177789228
4536,5.708775313,5.328411794,4.696239151,3.905496625,4.859578106,4.141613376,4.743400084,5.28652395,6.177789228
4537,5.708775313,5.328411794,4.696239151,3.905496625,4.859578106,4.141613376,4.743400084,5.28652395,6.177789228
4538,5.708775313,5.328411794,4.696239151,3.905496625,4.859578106,4.141613376,4.743400084,5.28652395,6.177789228
4539,5.708775313,5.328411794,4.696239151,3.905496625,4.859578106,4.141613376,4.743400084,5.28652395,6.177789228
4540,5.708775313,5.328411794,4.696239151,3.905496625,4.859578106,4.141613376,4.743400084,5.28652395,6.177789228
4541,5.708775313,5.328411794,4.696239151,3.905496625,4.859578106,4.141613376,4.743400084,5.28652395,6.177789228
4542,5.708775313,5.328411794,4.696239151,3.905496625,4.859578106,4.141613376,4.743400084,5.28652395,6.177789228
4543,5.708775313,5.328411794,4.696239151,3.905496625,4.859578106,4.141613376,4.743400084,5.28652395,6.177789228
4544,5.708775313,5.328411794,4.696239151,3.905496625,4.859578106,4.141613376,4.743400084,5.28652395,6.177789228
4545,5.708775313,5.328411794,4.696239151,3.905496625,4.859578106,4.141613376,4.743400084,5.28652395,6.177789228
4546,5.708775313,5.328411794,4.696239151,3.905496625,4.859578106,4.141613376,4.743400084,5.28652395,6.177789228
4547,5.708775313,5.328411794,4.696239151,3.905496625,4.859578106,4.141613376,4.743400084,5.28652395,6.177789228
4548,5.708775313,5.328411794,4.696239151,3.905496625,4.859578106,4.141613376,4.743400084,5.28652395,6.177789228
4549,5.708775313,5.328411794,4.696239151,3.905496625,4.859578106,4.141613376,4.743400084,5.28652395,6.177789228
4550,5.708775313,5.328411794,4.696239151,3.905496625,4.859578106,4.141613376,4.743400084,5.28652395,6.177789228
4551,5.708775313,5.328411794,4.696239151,3.905496625,4.859578106,4.141613376,4.743400084,5.28652395,6.177789228
4552,5.708775313,5.328411794,4.696239151,3.905496625,4.859578106,4.141613376,4.743400084,5.28652395,6.177789228
4553,5.708775313,5.328411794,4.696239151,3.905496625,4.859578106,4.141613376,4.743400084,5.28652395,6.177789228
4554,5.708775313,5.328411794,4.696239151,3.905496625,4.859578106,4.141613376,4.743400084,5.28652395,6.177789228
4555,5.708775313,5.328411794,4.696239151,3.905496625,4.859578106,4.141613376,4.743400084,5.28652395,6.177789228
4556,5.708775313,5.328411794,4.696239151,3.905496625,4.859578106,4.141613376,4.743400084,5.28652395,6.177789228
4557,5.708775313,5.328411794,4.696239151,3.905496625,4.859578106,4.141613376,4.743400084,5.28652395,6.177789228
4558,5.708775313,5.328411794,4.696239151,3.905496625,4.859578106,4.141613376,4.743400084,5.28652395,6.177789228
4559,5.708775313,5.328411794,4.696239151,3.905496625,4.859578106,4.141613376,4.743400084,5.28652395,6.177789228
4560,5.708775313,5.328411794,4.696239151,3.905496625,4.859578106,4.141613376,4.743400084,5.28652395,6.177789228
4561,5.708775313,5.328411794,4.696239151,3.905496625,4.859578106,4.141613376,4.743400084,5.28652395,6.177789228
4562,5.708775313,5.328411794,4.696239151,3.905496625,4.859578106,4.141613376,4.743400084,5.28652395,6.177789228
4563,5.708775313,5.328411794,4.696239151,3.905496625,4.859578106,4.141613376,4.743400084,5.28652395,6.177789228
4564,5.708775313,5.328411794,4.696239151,3.905496625,4.859578106,4.141613376,4.743400084,5.28652395,6.177789228
4565,5.708775313,5.328411794,4.696239151,3.905496625,4.859578106,4.141613376,4.743400084,5.28652395,6.177789228
4566,5.708775313,5.328411794,4.696239151,3.905496625,4.859578106,4.141613376,4.743400084,5.28652395,6.177789228
4567,5.708775313,5.328411794,4.696239151,3.905496625,4.859578106,4.141613376,4.743400084,5.28652395,6.177789228
4568,5.708775313,5.328411794,4.696239151,3.905496625,4.859578106,4.141613376,4.743400084,5.28652395,6.177789228
4569,5.708775313,5.328411794,4.696239151,3.905496625,4.859578106,4.141613376,4.743400084,5.28652395,6.177789228
4570,5.708775313,5.328411794,4.696239151,3.905496625,4.859578106,4.141613376,4.743400084,5.28652395,6.177789228
4571,5.708775313,5.328411794,4.696239151,3.905496625,4.859578106,4.141613376,4.743400084,5.28652395,6.177789228
4572,5.708775313,5.328411794,4.696239151,3.905496625,4.859578106,4.141613376,4.743400084,5.28652395,6.177789228
4573,5.708775313,5.328411794,4.696239151,3.905496625,4.859578106,4.141613376,4.743400084,5.28652395,6.177789228
4574,5.708775313,5.328411794,4.696239151,3.905496625,4.859578106,4.141613376,4.743400084,5.28652395,6.177789228
4575,5.708775313,5.328411794,4.696239151,3.905496625,4.859578106,4.141613376,4.743400084,5.28652395,6.177789228
4576,5.708775313,5.328411794,4.696239151,3.905496625,4.859578106,4.141613376,4.743400084,5.28652395,6.177789228
4577,5.708775313,5.328411794,4.696239151,3.905496625,4.859578106,4.141613376,4.743400084,5.28652395,6.177789228
4578,5.708775313,5.328411794,4.696239151,3.905496625,4.859578106,4.141613376,4.743400084,5.28652395,6.177789228
4579,5.708775313,5.328411794,4.696239151,3.905496625,4.859578106,4.141613376,4.743400084,5.28652395,6.177789228
4580,5.708775313,5.328411794,4.696239151,3.905496625,4.859578106,4.141613376,4.743400084,5.28652395,6.177789228
4581,5.708775313,5.328411794,4.696239151,3.905496625,4.859578106,4.141613376,4.743400084,5.28652395,6.177789228
4582,5.708775313,5.328411794,4.696239151,3.905496625,4.859578106,4.141613376,4.743400084,5.28652395,6.177789228
4583,5.708775313,5.328411794,4.696239151,3.905496625,4.859578106,4.141613376,4.743400084,5.28652395,6.177789228
4584,5.708775313,5.328411794,4.696239151,3.905496625,4.859578106,4.141613376,4.743400084,5.28652395,6.177789228
4585,5.708775313,5.328411794,4.696239151,3.905496625,4.859578106,4.141613376,4.743400084,5.28652395,6.177789228
4586,5.708775313,5.328411794,4.696239151,3.905496625,4.859578106,4.141613376,4.743400084,5.28652395,6.177789228
4587,5.708775313,5.328411794,4.696239151,3.905496625,4.859578106,4.141613376,4.743400084,5.28652395,6.177789228
4588,5.708775313,5.328411794,4.696239151,3.905496625,4.859578106,4.141613376,4.743400084,5.28652395,6.177789228
4589,5.708775313,5.328411794,4.696239151,3.905496625,4.859578106,4.141613376,4.743400084,5.28652395,6.177789228
4590,5.708775313,5.328411794,4.696239151,3.905496625,4.859578106,4.141613376,4.743400084,5.28652395,6.177789228
4591,5.708775313,5.328411794,4.696239151,3.905496625,4.859578106,4.141613376,4.743400084,5.28652395,6.177789228
4592,5.708775313,5.328411794,4.696239151,3.905496625,4.859578106,4.141613376,4.743400084,5.28652395,6.177789228
4593,5.708775313,5.328411794,4.696239151,3.905496625,4.859578106,4.141613376,4.743400084,5.28652395,6.177789228
4594,5.708775313,5.328411794,4.696239151,3.905496625,4.859578106,4.141613376,4.743400084,5.28652395,6.177789228
4595,5.708775313,5.328411794,4.696239151,3.905496625,4.859578106,4.141613376,4.743400084,5.28652395,6.177789228
4596,5.708775313,5.328411794,4.696239151,3.905496625,4.859578106,4.141613376,4.743400084,5.28652395,6.177789228
4597,5.708775313,5.328411794,4.696239151,3.905496625,4.859578106,4.141613376,4.743400084,5.28652395,6.177789228
4598,5.708775313,5.328411794,4.696239151,3.905496625,4.859578106,4.141613376,4.743400084,5.28652395,6.177789228
4599,5.708775313,5.328411794,4.696239151,3.905496625,4.859578106,4.141613376,4.743400084,5.28652395,6.177789228
4600,5.708775313,5.328411794,4.696239151,3.905496625,4.859578106,4.141613376,4.743400084,5.28652395,6.177789228
4601,5.708775313,5.328411794,4.696239151,3.905496625,4.859578106,4.141613376,4.743400084,5.28652395,6.177789228
4602,5.708775313,5.328411794,4.696239151,3.905496625,4.859578106,4.141613376,4.743400084,5.28652395,6.177789228
4603,5.708775313,5.328411794,4.696239151,3.905496625,4.859578106,4.141613376,4.743400084,5.28652395,6.177789228
4604,5.708775313,5.328411794,4.696239151,3.905496625,4.859578106,4.141613376,4.743400084,5.28652395,6.177789228
4605,5.708775313,5.328411794,4.696239151,3.905496625,4.859578106,4.141613376,4.743400084,5.28652395,6.177789228
4606,5.708775313,5.328411794,4.696239151,3.905496625,4.859578106,4.141613376,4.743400084,5.28652395,6.177789228
4607,5.708775313,5.328411794,4.696239151,3.905496625,4.859578106,4.141613376,4.743400084,5.28652395,6.177789228
4608,5.708775313,5.328411794,4.696239151,3.905496625,4.859578106,4.141613376,4.743400084,5.28652395,6.177789228
4609,5.708775313,5.328411794,4.696239151,3.905496625,4.859578106,4.141613376,4.743400084,5.28652395,6.177789228
4610,5.708775313,5.328411794,4.696239151,3.905496625,4.859578106,4.141613376,4.743400084,5.28652395,6.177789228
4611,5.708775313,5.328411794,4.696239151,3.905496625,4.859578106,4.141613376,4.743400084,5.28652395,6.177789228
4612,5.708775313,5.328411794,4.696239151,3.905496625,4.859578106,4.141613376,4.743400084,5.28652395,6.177789228
4613,5.708775313,5.328411794,4.696239151,3.905496625,4.859578106,4.141613376,4.743400084,5.28652395,6.177789228
4614,5.708775313,5.328411794,4.696239151,3.905496625,4.859578106,4.141613376,4.743400084,5.28652395,6.177789228
4615,5.708775313,5.328411794,4.696239151,3.905496625,4.859578106,4.141613376,4.743400084,5.28652395,6.177789228
4616,5.708775313,5.328411794,4.696239151,3.905496625,4.859578106,4.141613376,4.743400084,5.28652395,6.177789228
4617,5.708775313,5.328411794,4.696239151,3.905496625,4.859578106,4.141613376,4.743400084,5.28652395,6.177789228
4618,5.708775313,5.328411794,4.696239151,3.905496625,4.859578106,4.141613376,4.743400084,5.28652395,6.177789228
4619,5.708775313,5.328411794,4.696239151,3.905496625,4.859578106,4.141613376,4.743400084,5.28652395,6.177789228
4620,5.708775313,5.328411794,4.696239151,3.905496625,4.859578106,4.141613376,4.743400084,5.28652395,6.177789228
4621,5.708775313,5.328411794,4.696239151,3.905496625,4.859578106,4.141613376,4.743400084,5.28652395,6.177789228
4622,5.708775313,5.328411794,4.696239151,3.905496625,4.859578106,4.141613376,4.743400084,5.28652395,6.177789228
4623,5.708775313,5.328411794,4.696239151,3.905496625,4.859578106,4.141613376,4.743400084,5.28652395,6.177789228
4624,5.708775313,5.328411794,4.696239151,3.905496625,4.859578106,4.141613376,4.743400084,5.28652395,6.177789228
4625,5.708775313,5.328411794,4.696239151,3.905496625,4.859578106,4.141613376,4.743400084,5.28652395,6.177789228
4626,5.708775313,5.328411794,4.696239151,3.905496625,4.859578106,4.141613376,4.743400084,5.28652395,6.177789228
4627,5.708775313,5.328411794,4.696239151,3.905496625,4.859578106,4.141613376,4.743400084,5.28652395,6.177789228
4628,5.708775313,5.328411794,4.696239151,3.905496625,4.859578106,4.141613376,4.743400084,5.28652395,6.177789228
4629,5.708775313,5.328411794,4.696239151,3.905496625,4.859578106,4.141613376,4.743400084,5.28652395,6.177789228
4630,5.708775313,5.328411794,4.696239151,3.905496625,4.859578106,4.141613376,4.743400084,5.28652395,6.177789228
4631,5.708775313,5.328411794,4.696239151,3.905496625,4.859578106,4.141613376,4.743400084,5.28652395,6.177789228
4632,5.708775313,5.328411794,4.696239151,3.905496625,4.859578106,4.141613376,4.743400084,5.28652395,6.177789228
4633,5.708775313,5.328411794,4.696239151,3.905496625,4.859578106,4.141613376,4.743400084,5.28652395,6.177789228
4634,5.708775313,5.328411794,4.696239151,3.905496625,4.859578106,4.141613376,4.743400084,5.28652395,6.177789228
4635,5.708775313,5.328411794,4.696239151,3.905496625,4.859578106,4.141613376,4.743400084,5.28652395,6.177789228
4636,5.708775313,5.328411794,4.696239151,3.905496625,4.859578106,4.141613376,4.743400084,5.28652395,6.177789228
4637,5.708775313,5.328411794,4.696239151,3.905496625,4.859578106,4.141613376,4.743400084,5.28652395,6.177789228
4638,5.708775313,5.328411794,4.696239151,3.905496625,4.859578106,4.141613376,4.743400084,5.28652395,6.177789228
4639,5.708775313,5.328411794,4.696239151,3.905496625,4.859578106,4.141613376,4.743400084,5.28652395,6.177789228
4640,5.708775313,5.328411794,4.696239151,3.905496625,4.859578106,4.141613376,4.743400084,5.28652395,6.177789228
4641,5.708775313,5.328411794,4.696239151,3.905496625,4.859578106,4.141613376,4.743400084,5.28652395,6.177789228
4642,5.708775313,5.328411794,4.696239151,3.905496625,4.859578106,4.141613376,4.743400084,5.28652395,6.177789228
4643,5.708775313,5.328411794,4.696239151,3.905496625,4.859578106,4.141613376,4.743400084,5.28652395,6.177789228
4644,5.708775313,5.328411794,4.696239151,3.905496625,4.859578106,4.141613376,4.743400084,5.28652395,6.177789228
4645,5.708775313,5.328411794,4.696239151,3.905496625,4.859578106,4.141613376,4.743400084,5.28652395,6.177789228
4646,5.708775313,5.328411794,4.696239151,3.905496625,4.859578106,4.141613376,4.743400084,5.28652395,6.177789228
4647,5.708775313,5.328411794,4.696239151,3.905496625,4.859578106,4.141613376,4.743400084,5.28652395,6.177789228
4648,5.708775313,5.328411794,4.696239151,3.905496625,4.859578106,4.141613376,4.743400084,5.28652395,6.177789228
4649,5.708775313,5.328411794,4.696239151,3.905496625,4.859578106,4.141613376,4.743400084,5.28652395,6.177789228
4650,5.708775313,5.328411794,4.696239151,3.905496625,4.859578106,4.141613376,4.743400084,5.28652395,6.177789228
4651,5.708775313,5.328411794,4.696239151,3.905496625,4.859578106,4.141613376,4.743400084,5.28652395,6.177789228
4652,5.708775313,5.328411794,4.696239151,3.905496625,4.859578106,4.141613376,4.743400084,5.28652395,6.177789228
4653,5.708775313,5.328411794,4.696239151,3.905496625,4.859578106,4.141613376,4.743400084,5.28652395,6.177789228
4654,5.708775313,5.328411794,4.696239151,3.905496625,4.859578106,4.141613376,4.743400084,5.28652395,6.177789228
4655,5.708775313,5.328411794,4.696239151,3.905496625,4.859578106,4.141613376,4.743400084,5.28652395,6.177789228
4656,5.708775313,5.328411794,4.696239151,3.905496625,4.859578106,4.141613376,4.743400084,5.28652395,6.177789228
4657,5.708775313,5.328411794,4.696239151,3.905496625,4.859578106,4.141613376,4.743400084,5.28652395,6.177789228
4658,5.708775313,5.328411794,4.696239151,3.905496625,4.859578106,4.141613376,4.743400084,5.28652395,6.177789228
4659,5.708775313,5.328411794,4.696239151,3.905496625,4.859578106,4.141613376,4.743400084,5.28652395,6.177789228
4660,5.708775313,5.328411794,4.696239151,3.905496625,4.859578106,4.141613376,4.743400084,5.28652395,6.177789228
4661,5.708775313,5.328411794,4.696239151,3.905496625,4.859578106,4.141613376,4.743400084,5.28652395,6.177789228
4662,5.708775313,5.328411794,4.696239151,3.905496625,4.859578106,4.141613376,4.743400084,5.28652395,6.177789228
4663,5.708775313,5.328411794,4.696239151,3.905496625,4.859578106,4.141613376,4.743400084,5.28652395,6.177789228
4664,5.708775313,5.328411794,4.696239151,3.905496625,4.859578106,4.141613376,4.743400084,5.28652395,6.177789228
4665,5.708775313,5.328411794,4.696239151,3.905496625,4.859578106,4.141613376,4.743400084,5.28652395,6.177789228
4666,5.708775313,5.328411794,4.696239151,3.905496625,4.859578106,4.141613376,4.743400084,5.28652395,6.177789228
4667,5.708775313,5.328411794,4.696239151,3.905496625,4.859578106,4.141613376,4.743400084,5.28652395,6.177789228
4668,5.708775313,5.328411794,4.696239151,3.905496625,4.859578106,4.141613376,4.743400084,5.28652395,6.177789228
4669,5.708775313,5.328411794,4.696239151,3.905496625,4.859578106,4.141613376,4.743400084,5.28652395,6.177789228
4670,5.708775313,5.328411794,4.696239151,3.905496625,4.859578106,4.141613376,4.743400084,5.28652395,6.177789228
4671,5.708775313,5.328411794,4.696239151,3.905496625,4.859578106,4.141613376,4.743400084,5.28652395,6.177789228
4672,5.708775313,5.328411794,4.696239151,3.905496625,4.859578106,4.141613376,4.743400084,5.28652395,6.177789228
4673,5.708775313,5.328411794,4.696239151,3.905496625,4.859578106,4.141613376,4.743400084,5.28652395,6.177789228
4674,5.708775313,5.328411794,4.696239151,3.905496625,4.859578106,4.141613376,4.743400084,5.28652395,6.177789228
4675,5.708775313,5.328411794,4.696239151,3.905496625,4.859578106,4.141613376,4.743400084,5.28652395,6.177789228
4676,5.708775313,5.328411794,4.696239151,3.905496625,4.859578106,4.141613376,4.743400084,5.28652395,6.177789228
4677,5.708775313,5.328411794,4.696239151,3.905496625,4.859578106,4.141613376,4.743400084,5.28652395,6.177789228
4678,5.708775313,5.328411794,4.696239151,3.905496625,4.859578106,4.141613376,4.743400084,5.28652395,6.177789228
4679,5.708775313,5.328411794,4.696239151,3.905496625,4.859578106,4.141613376,4.743400084,5.28652395,6.177789228
4680,5.708775313,5.328411794,4.696239151,3.905496625,4.859578106,4.141613376,4.743400084,5.28652395,6.177789228
4681,5.708775313,5.328411794,4.696239151,3.905496625,4.859578106,4.141613376,4.743400084,5.28652395,6.177789228
4682,5.708775313,5.328411794,4.696239151,3.905496625,4.859578106,4.141613376,4.743400084,5.28652395,6.177789228
4683,5.708775313,5.328411794,4.696239151,3.905496625,4.859578106,4.141613376,4.743400084,5.28652395,6.177789228
4684,5.708775313,5.328411794,4.696239151,3.905496625,4.859578106,4.141613376,4.743400084,5.28652395,6.177789228
4685,5.708775313,5.328411794,4.696239151,3.905496625,4.859578106,4.141613376,4.743400084,5.28652395,6.177789228
4686,5.708775313,5.328411794,4.696239151,3.905496625,4.859578106,4.141613376,4.743400084,5.28652395,6.177789228
4687,5.708775313,5.328411794,4.696239151,3.905496625,4.859578106,4.141613376,4.743400084,5.28652395,6.177789228
4688,5.708775313,5.328411794,4.696239151,3.905496625,4.859578106,4.141613376,4.743400084,5.28652395,6.177789228
4689,5.708775313,5.328411794,4.696239151,3.905496625,4.859578106,4.141613376,4.743400084,5.28652395,6.177789228
4690,5.708775313,5.328411794,4.696239151,3.905496625,4.859578106,4.141613376,4.743400084,5.28652395,6.177789228
4691,5.708775313,5.328411794,4.696239151,3.905496625,4.859578106,4.141613376,4.743400084,5.28652395,6.177789228
4692,5.708775313,5.328411794,4.696239151,3.905496625,4.859578106,4.141613376,4.743400084,5.28652395,6.177789228
4693,5.708775313,5.328411794,4.696239151,3.905496625,4.859578106,4.141613376,4.743400084,5.28652395,6.177789228
4694,5.708775313,5.328411794,4.696239151,3.905496625,4.859578106,4.141613376,4.743400084,5.28652395,6.177789228
4695,5.708775313,5.328411794,4.696239151,3.905496625,4.859578106,4.141613376,4.743400084,5.28652395,6.177789228
4696,5.708775313,5.328411794,4.696239151,3.905496625,4.859578106,4.141613376,4.743400084,5.28652395,6.177789228
4697,5.708775313,5.328411794,4.696239151,3.905496625,4.859578106,4.141613376,4.743400084,5.28652395,6.177789228
4698,5.708775313,5.328411794,4.696239151,3.905496625,4.859578106,4.141613376,4.743400084,5.28652395,6.177789228
4699,5.708775313,5.328411794,4.696239151,3.905496625,4.859578106,4.141613376,4.743400084,5.28652395,6.177789228
4700,5.708775313,5.328411794,4.696239151,3.905496625,4.859578106,4.141613376,4.743400084,5.28652395,6.177789228
4701,5.708775313,5.328411794,4.696239151,3.905496625,4.859578106,4.141613376,4.743400084,5.28652395,6.177789228
4702,5.708775313,5.328411794,4.696239151,3.905496625,4.859578106,4.141613376,4.743400084,5.28652395,6.177789228
4703,5.708775313,5.328411794,4.696239151,3.905496625,4.859578106,4.141613376,4.743400084,5.28652395,6.177789228
4704,5.708775313,5.328411794,4.696239151,3.905496625,4.859578106,4.141613376,4.743400084,5.28652395,6.177789228
4705,5.708775313,5.328411794,4.696239151,3.905496625,4.859578106,4.141613376,4.743400084,5.28652395,6.177789228
4706,5.708775313,5.328411794,4.696239151,3.905496625,4.859578106,4.141613376,4.743400084,5.28652395,6.177789228
4707,5.708775313,5.328411794,4.696239151,3.905496625,4.859578106,4.141613376,4.743400084,5.28652395,6.177789228
4708,5.708775313,5.328411794,4.696239151,3.905496625,4.859578106,4.141613376,4.743400084,5.28652395,6.177789228
4709,5.708775313,5.328411794,4.696239151,3.905496625,4.859578106,4.141613376,4.743400084,5.28652395,6.177789228
4710,5.708775313,5.328411794,4.696239151,3.905496625,4.859578106,4.141613376,4.743400084,5.28652395,6.177789228
4711,5.708775313,5.328411794,4.696239151,3.905496625,4.859578106,4.141613376,4.743400084,5.28652395,6.177789228
4712,5.708775313,5.328411794,4.696239151,3.905496625,4.859578106,4.141613376,4.743400084,5.28652395,6.177789228
4713,5.708775313,5.328411794,4.696239151,3.905496625,4.859578106,4.141613376,4.743400084,5.28652395,6.177789228
4714,5.708775313,5.328411794,4.696239151,3.905496625,4.859578106,4.141613376,4.743400084,5.28652395,6.177789228
4715,5.708775313,5.328411794,4.696239151,3.905496625,4.859578106,4.141613376,4.743400084,5.28652395,6.177789228
4716,5.708775313,5.328411794,4.696239151,3.905496625,4.859578106,4.141613376,4.743400084,5.28652395,6.177789228
4717,5.708775313,5.328411794,4.696239151,3.905496625,4.859578106,4.141613376,4.743400084,5.28652395,6.177789228
4718,5.708775313,5.328411794,4.696239151,3.905496625,4.859578106,4.141613376,4.743400084,5.28652395,6.177789228
4719,5.708775313,5.328411794,4.696239151,3.905496625,4.859578106,4.141613376,4.743400084,5.28652395,6.177789228
4720,5.708775313,5.328411794,4.696239151,3.905496625,4.859578106,4.141613376,4.743400084,5.28652395,6.177789228
4721,5.708775313,5.328411794,4.696239151,3.905496625,4.859578106,4.141613376,4.743400084,5.28652395,6.177789228
4722,5.708775313,5.328411794,4.696239151,3.905496625,4.859578106,4.141613376,4.743400084,5.28652395,6.177789228
4723,5.708775313,5.328411794,4.696239151,3.905496625,4.859578106,4.141613376,4.743400084,5.28652395,6.177789228
4724,5.708775313,5.328411794,4.696239151,3.905496625,4.859578106,4.141613376,4.743400084,5.28652395,6.177789228
4725,5.708775313,5.328411794,4.696239151,3.905496625,4.859578106,4.141613376,4.743400084,5.28652395,6.177789228
4726,5.708775313,5.328411794,4.696239151,3.905496625,4.859578106,4.141613376,4.743400084,5.28652395,6.177789228
4727,5.708775313,5.328411794,4.696239151,3.905496625,4.859578106,4.141613376,4.743400084,5.28652395,6.177789228
4728,5.708775313,5.328411794,4.696239151,3.905496625,4.859578106,4.141613376,4.743400084,5.28652395,6.177789228
4729,5.708775313,5.328411794,4.696239151,3.905496625,4.859578106,4.141613376,4.743400084,5.28652395,6.177789228
4730,5.708775313,5.328411794,4.696239151,3.905496625,4.859578106,4.141613376,4.743400084,5.28652395,6.177789228
4731,5.708775313,5.328411794,4.696239151,3.905496625,4.859578106,4.141613376,4.743400084,5.28652395,6.177789228
4732,5.708775313,5.328411794,4.696239151,3.905496625,4.859578106,4.141613376,4.743400084,5.28652395,6.177789228
4733,5.708775313,5.328411794,4.696239151,3.905496625,4.859578106,4.141613376,4.743400084,5.28652395,6.177789228
4734,5.708775313,5.328411794,4.696239151,3.905496625,4.859578106,4.141613376,4.743400084,5.28652395,6.177789228
4735,5.708775313,5.328411794,4.696239151,3.905496625,4.859578106,4.141613376,4.743400084,5.28652395,6.177789228
4736,5.708775313,5.328411794,4.696239151,3.905496625,4.859578106,4.141613376,4.743400084,5.28652395,6.177789228
4737,5.708775313,5.328411794,4.696239151,3.905496625,4.859578106,4.141613376,4.743400084,5.28652395,6.177789228
4738,5.708775313,5.328411794,4.696239151,3.905496625,4.859578106,4.141613376,4.743400084,5.28652395,6.177789228
4739,5.708775313,5.328411794,4.696239151,3.905496625,4.859578106,4.141613376,4.743400084,5.28652395,6.177789228
4740,5.708775313,5.328411794,4.696239151,3.905496625,4.859578106,4.141613376,4.743400084,5.28652395,6.177789228
4741,5.708775313,5.328411794,4.696239151,3.905496625,4.859578106,4.141613376,4.743400084,5.28652395,6.177789228
4742,5.708775313,5.328411794,4.696239151,3.905496625,4.859578106,4.141613376,4.743400084,5.28652395,6.177789228
4743,5.708775313,5.328411794,4.696239151,3.905496625,4.859578106,4.141613376,4.743400084,5.28652395,6.177789228
4744,5.708775313,5.328411794,4.696239151,3.905496625,4.859578106,4.141613376,4.743400084,5.28652395,6.177789228
4745,5.708775313,5.328411794,4.696239151,3.905496625,4.859578106,4.141613376,4.743400084,5.28652395,6.177789228
4746,5.708775313,5.328411794,4.696239151,3.905496625,4.859578106,4.141613376,4.743400084,5.28652395,6.177789228
4747,5.708775313,5.328411794,4.696239151,3.905496625,4.859578106,4.141613376,4.743400084,5.28652395,6.177789228
4748,5.708775313,5.328411794,4.696239151,3.905496625,4.859578106,4.141613376,4.743400084,5.28652395,6.177789228
4749,5.708775313,5.328411794,4.696239151,3.905496625,4.859578106,4.141613376,4.743400084,5.28652395,6.177789228
4750,5.708775313,5.328411794,4.696239151,3.905496625,4.859578106,4.141613376,4.743400084,5.28652395,6.177789228
4751,5.708775313,5.328411794,4.696239151,3.905496625,4.859578106,4.141613376,4.743400084,5.28652395,6.177789228
4752,5.708775313,5.328411794,4.696239151,3.905496625,4.859578106,4.141613376,4.743400084,5.28652395,6.177789228
4753,5.708775313,5.328411794,4.696239151,3.905496625,4.859578106,4.141613376,4.743400084,5.28652395,6.177789228
4754,5.708775313,5.328411794,4.696239151,3.905496625,4.859578106,4.141613376,4.743400084,5.28652395,6.177789228
4755,5.708775313,5.328411794,4.696239151,3.905496625,4.859578106,4.141613376,4.743400084,5.28652395,6.177789228
4756,5.708775313,5.328411794,4.696239151,3.905496625,4.859578106,4.141613376,4.743400084,5.28652395,6.177789228
4757,5.708775313,5.328411794,4.696239151,3.905496625,4.859578106,4.141613376,4.743400084,5.28652395,6.177789228
4758,5.708775313,5.328411794,4.696239151,3.905496625,4.859578106,4.141613376,4.743400084,5.28652395,6.177789228
4759,5.708775313,5.328411794,4.696239151,3.905496625,4.859578106,4.141613376,4.743400084,5.28652395,6.177789228
4760,5.708775313,5.328411794,4.696239151,3.905496625,4.859578106,4.141613376,4.743400084,5.28652395,6.177789228
4761,5.708775313,5.328411794,4.696239151,3.905496625,4.859578106,4.141613376,4.743400084,5.28652395,6.177789228
4762,5.708775313,5.328411794,4.696239151,3.905496625,4.859578106,4.141613376,4.743400084,5.28652395,6.177789228
4763,5.708775313,5.328411794,4.696239151,3.905496625,4.859578106,4.141613376,4.743400084,5.28652395,6.177789228
4764,5.708775313,5.328411794,4.696239151,3.905496625,4.859578106,4.141613376,4.743400084,5.28652395,6.177789228
4765,5.708775313,5.328411794,4.696239151,3.905496625,4.859578106,4.141613376,4.743400084,5.28652395,6.177789228
4766,5.708775313,5.328411794,4.696239151,3.905496625,4.859578106,4.141613376,4.743400084,5.28652395,6.177789228
4767,5.708775313,5.328411794,4.696239151,3.905496625,4.859578106,4.141613376,4.743400084,5.28652395,6.177789228
4768,5.708775313,5.328411794,4.696239151,3.905496625,4.859578106,4.141613376,4.743400084,5.28652395,6.177789228
4769,5.708775313,5.328411794,4.696239151,3.905496625,4.859578106,4.141613376,4.743400084,5.28652395,6.177789228
4770,5.708775313,5.328411794,4.696239151,3.905496625,4.859578106,4.141613376,4.743400084,5.28652395,6.177789228
4771,5.708775313,5.328411794,4.696239151,3.905496625,4.859578106,4.141613376,4.743400084,5.28652395,6.177789228
4772,5.708775313,5.328411794,4.696239151,3.905496625,4.859578106,4.141613376,4.743400084,5.28652395,6.177789228
4773,5.708775313,5.328411794,4.696239151,3.905496625,4.859578106,4.141613376,4.743400084,5.28652395,6.177789228
4774,5.708775313,5.328411794,4.696239151,3.905496625,4.859578106,4.141613376,4.743400084,5.28652395,6.177789228
4775,5.708775313,5.328411794,4.696239151,3.905496625,4.859578106,4.141613376,4.743400084,5.28652395,6.177789228
4776,5.708775313,5.328411794,4.696239151,3.905496625,4.859578106,4.141613376,4.743400084,5.28652395,6.177789228
4777,5.708775313,5.328411794,4.696239151,3.905496625,4.859578106,4.141613376,4.743400084,5.28652395,6.177789228
4778,5.708775313,5.328411794,4.696239151,3.905496625,4.859578106,4.141613376,4.743400084,5.28652395,6.177789228
4779,5.708775313,5.328411794,4.696239151,3.905496625,4.859578106,4.141613376,4.743400084,5.28652395,6.177789228
4780,5.708775313,5.328411794,4.696239151,3.905496625,4.859578106,4.141613376,4.743400084,5.28652395,6.177789228
4781,5.708775313,5.328411794,4.696239151,3.905496625,4.859578106,4.141613376,4.743400084,5.28652395,6.177789228
4782,5.708775313,5.328411794,4.696239151,3.905496625,4.859578106,4.141613376,4.743400084,5.28652395,6.177789228
4783,5.708775313,5.328411794,4.696239151,3.905496625,4.859578106,4.141613376,4.743400084,5.28652395,6.177789228
4784,5.708775313,5.328411794,4.696239151,3.905496625,4.859578106,4.141613376,4.743400084,5.28652395,6.177789228
4785,5.708775313,5.328411794,4.696239151,3.905496625,4.859578106,4.141613376,4.743400084,5.28652395,6.177789228
4786,5.708775313,5.328411794,4.696239151,3.905496625,4.859578106,4.141613376,4.743400084,5.28652395,6.177789228
4787,5.708775313,5.328411794,4.696239151,3.905496625,4.859578106,4.141613376,4.743400084,5.28652395,6.177789228
4788,5.708775313,5.328411794,4.696239151,3.905496625,4.859578106,4.141613376,4.743400084,5.28652395,6.177789228
4789,5.708775313,5.328411794,4.696239151,3.905496625,4.859578106,4.141613376,4.743400084,5.28652395,6.177789228
4790,5.708775313,5.328411794,4.696239151,3.905496625,4.859578106,4.141613376,4.743400084,5.28652395,6.177789228
4791,5.708775313,5.328411794,4.696239151,3.905496625,4.859578106,4.141613376,4.743400084,5.28652395,6.177789228
4792,5.708775313,5.328411794,4.696239151,3.905496625,4.859578106,4.141613376,4.743400084,5.28652395,6.177789228
4793,5.708775313,5.328411794,4.696239151,3.905496625,4.859578106,4.141613376,4.743400084,5.28652395,6.177789228
4794,5.708775313,5.328411794,4.696239151,3.905496625,4.859578106,4.141613376,4.743400084,5.28652395,6.177789228
4795,5.708775313,5.328411794,4.696239151,3.905496625,4.859578106,4.141613376,4.743400084,5.28652395,6.177789228
4796,5.708775313,5.328411794,4.696239151,3.905496625,4.859578106,4.141613376,4.743400084,5.28652395,6.177789228
4797,5.708775313,5.328411794,4.696239151,3.905496625,4.859578106,4.141613376,4.743400084,5.28652395,6.177789228
4798,5.708775313,5.328411794,4.696239151,3.905496625,4.859578106,4.141613376,4.743400084,5.28652395,6.177789228
4799,5.708775313,5.328411794,4.696239151,3.905496625,4.859578106,4.141613376,4.743400084,5.28652395,6.177789228
4800,5.708775313,5.328411794,4.696239151,3.905496625,4.859578106,4.141613376,4.743400084,5.28652395,6.177789228
4801,5.708775313,5.328411794,4.696239151,3.905496625,4.859578106,4.141613376,4.743400084,5.28652395,6.177789228
4802,5.708775313,5.328411794,4.696239151,3.905496625,4.859578106,4.141613376,4.743400084,5.28652395,6.177789228
4803,5.708775313,5.328411794,4.696239151,3.905496625,4.859578106,4.141613376,4.743400084,5.28652395,6.177789228
4804,5.708775313,5.328411794,4.696239151,3.905496625,4.859578106,4.141613376,4.743400084,5.28652395,6.177789228
4805,5.708775313,5.328411794,4.696239151,3.905496625,4.859578106,4.141613376,4.743400084,5.28652395,6.177789228
4806,5.708775313,5.328411794,4.696239151,3.905496625,4.859578106,4.141613376,4.743400084,5.28652395,6.177789228
4807,5.708775313,5.328411794,4.696239151,3.905496625,4.859578106,4.141613376,4.743400084,5.28652395,6.177789228
4808,5.708775313,5.328411794,4.696239151,3.905496625,4.859578106,4.141613376,4.743400084,5.28652395,6.177789228
4809,5.708775313,5.328411794,4.696239151,3.905496625,4.859578106,4.141613376,4.743400084,5.28652395,6.177789228
4810,5.708775313,5.328411794,4.696239151,3.905496625,4.859578106,4.141613376,4.743400084,5.28652395,6.177789228
4811,5.708775313,5.328411794,4.696239151,3.905496625,4.859578106,4.141613376,4.743400084,5.28652395,6.177789228
4812,5.708775313,5.328411794,4.696239151,3.905496625,4.859578106,4.141613376,4.743400084,5.28652395,6.177789228
4813,5.708775313,5.328411794,4.696239151,3.905496625,4.859578106,4.141613376,4.743400084,5.28652395,6.177789228
4814,5.708775313,5.328411794,4.696239151,3.905496625,4.859578106,4.141613376,4.743400084,5.28652395,6.177789228
4815,5.708775313,5.328411794,4.696239151,3.905496625,4.859578106,4.141613376,4.743400084,5.28652395,6.177789228
4816,5.708775313,5.328411794,4.696239151,3.905496625,4.859578106,4.141613376,4.743400084,5.28652395,6.177789228
4817,5.708775313,5.328411794,4.696239151,3.905496625,4.859578106,4.141613376,4.743400084,5.28652395,6.177789228
4818,5.708775313,5.328411794,4.696239151,3.905496625,4.859578106,4.141613376,4.743400084,5.28652395,6.177789228
4819,5.708775313,5.328411794,4.696239151,3.905496625,4.859578106,4.141613376,4.743400084,5.28652395,6.177789228
4820,5.708775313,5.328411794,4.696239151,3.905496625,4.859578106,4.141613376,4.743400084,5.28652395,6.177789228
4821,5.708775313,5.328411794,4.696239151,3.905496625,4.859578106,4.141613376,4.743400084,5.28652395,6.177789228
4822,5.708775313,5.328411794,4.696239151,3.905496625,4.859578106,4.141613376,4.743400084,5.28652395,6.177789228
4823,5.708775313,5.328411794,4.696239151,3.905496625,4.859578106,4.141613376,4.743400084,5.28652395,6.177789228
4824,5.708775313,5.328411794,4.696239151,3.905496625,4.859578106,4.141613376,4.743400084,5.28652395,6.177789228
4825,5.708775313,5.328411794,4.696239151,3.905496625,4.859578106,4.141613376,4.743400084,5.28652395,6.177789228
4826,5.708775313,5.328411794,4.696239151,3.905496625,4.859578106,4.141613376,4.743400084,5.28652395,6.177789228
4827,5.708775313,5.328411794,4.696239151,3.905496625,4.859578106,4.141613376,4.743400084,5.28652395,6.177789228
4828,5.708775313,5.328411794,4.696239151,3.905496625,4.859578106,4.141613376,4.743400084,5.28652395,6.177789228
4829,5.708775313,5.328411794,4.696239151,3.905496625,4.859578106,4.141613376,4.743400084,5.28652395,6.177789228
4830,5.708775313,5.328411794,4.696239151,3.905496625,4.859578106,4.141613376,4.743400084,5.28652395,6.177789228
4831,5.708775313,5.328411794,4.696239151,3.905496625,4.859578106,4.141613376,4.743400084,5.28652395,6.177789228
4832,5.708775313,5.328411794,4.696239151,3.905496625,4.859578106,4.141613376,4.743400084,5.28652395,6.177789228
4833,5.708775313,5.328411794,4.696239151,3.905496625,4.859578106,4.141613376,4.743400084,5.28652395,6.177789228
4834,5.708775313,5.328411794,4.696239151,3.905496625,4.859578106,4.141613376,4.743400084,5.28652395,6.177789228
4835,5.708775313,5.328411794,4.696239151,3.905496625,4.859578106,4.141613376,4.743400084,5.28652395,6.177789228
4836,5.708775313,5.328411794,4.696239151,3.905496625,4.859578106,4.141613376,4.743400084,5.28652395,6.177789228
4837,5.708775313,5.328411794,4.696239151,3.905496625,4.859578106,4.141613376,4.743400084,5.28652395,6.177789228
4838,5.708775313,5.328411794,4.696239151,3.905496625,4.859578106,4.141613376,4.743400084,5.28652395,6.177789228
4839,5.708775313,5.328411794,4.696239151,3.905496625,4.859578106,4.141613376,4.743400084,5.28652395,6.177789228
4840,5.708775313,5.328411794,4.696239151,3.905496625,4.859578106,4.141613376,4.743400084,5.28652395,6.177789228
4841,5.708775313,5.328411794,4.696239151,3.905496625,4.859578106,4.141613376,4.743400084,5.28652395,6.177789228
4842,5.708775313,5.328411794,4.696239151,3.905496625,4.859578106,4.141613376,4.743400084,5.28652395,6.177789228
4843,5.708775313,5.328411794,4.696239151,3.905496625,4.859578106,4.141613376,4.743400084,5.28652395,6.177789228
4844,5.708775313,5.328411794,4.696239151,3.905496625,4.859578106,4.141613376,4.743400084,5.28652395,6.177789228
4845,5.708775313,5.328411794,4.696239151,3.905496625,4.859578106,4.141613376,4.743400084,5.28652395,6.177789228
4846,5.708775313,5.328411794,4.696239151,3.905496625,4.859578106,4.141613376,4.743400084,5.28652395,6.177789228
4847,5.708775313,5.328411794,4.696239151,3.905496625,4.859578106,4.141613376,4.743400084,5.28652395,6.177789228
4848,5.708775313,5.328411794,4.696239151,3.905496625,4.859578106,4.141613376,4.743400084,5.28652395,6.177789228
4849,5.708775313,5.328411794,4.696239151,3.905496625,4.859578106,4.141613376,4.743400084,5.28652395,6.177789228
4850,5.708775313,5.328411794,4.696239151,3.905496625,4.859578106,4.141613376,4.743400084,5.28652395,6.177789228
4851,5.708775313,5.328411794,4.696239151,3.905496625,4.859578106,4.141613376,4.743400084,5.28652395,6.177789228
4852,5.708775313,5.328411794,4.696239151,3.905496625,4.859578106,4.141613376,4.743400084,5.28652395,6.177789228
4853,5.708775313,5.328411794,4.696239151,3.905496625,4.859578106,4.141613376,4.743400084,5.28652395,6.177789228
4854,5.708775313,5.328411794,4.696239151,3.905496625,4.859578106,4.141613376,4.743400084,5.28652395,6.177789228
4855,5.708775313,5.328411794,4.696239151,3.905496625,4.859578106,4.141613376,4.743400084,5.28652395,6.177789228
4856,5.708775313,5.328411794,4.696239151,3.905496625,4.859578106,4.141613376,4.743400084,5.28652395,6.177789228
4857,5.708775313,5.328411794,4.696239151,3.905496625,4.859578106,4.141613376,4.743400084,5.28652395,6.177789228
4858,5.708775313,5.328411794,4.696239151,3.905496625,4.859578106,4.141613376,4.743400084,5.28652395,6.177789228
4859,5.708775313,5.328411794,4.696239151,3.905496625,4.859578106,4.141613376,4.743400084,5.28652395,6.177789228
4860,5.708775313,5.328411794,4.696239151,3.905496625,4.859578106,4.141613376,4.743400084,5.28652395,6.177789228
4861,5.708775313,5.328411794,4.696239151,3.905496625,4.859578106,4.141613376,4.743400084,5.28652395,6.177789228
4862,5.708775313,5.328411794,4.696239151,3.905496625,4.859578106,4.141613376,4.743400084,5.28652395,6.177789228
4863,5.708775313,5.328411794,4.696239151,3.905496625,4.859578106,4.141613376,4.743400084,5.28652395,6.177789228
4864,5.708775313,5.328411794,4.696239151,3.905496625,4.859578106,4.141613376,4.743400084,5.28652395,6.177789228
4865,5.708775313,5.328411794,4.696239151,3.905496625,4.859578106,4.141613376,4.743400084,5.28652395,6.177789228
4866,5.708775313,5.328411794,4.696239151,3.905496625,4.859578106,4.141613376,4.743400084,5.28652395,6.177789228
4867,5.708775313,5.328411794,4.696239151,3.905496625,4.859578106,4.141613376,4.743400084,5.28652395,6.177789228
4868,5.708775313,5.328411794,4.696239151,3.905496625,4.859578106,4.141613376,4.743400084,5.28652395,6.177789228
4869,5.708775313,5.328411794,4.696239151,3.905496625,4.859578106,4.141613376,4.743400084,5.28652395,6.177789228
4870,5.708775313,5.328411794,4.696239151,3.905496625,4.859578106,4.141613376,4.743400084,5.28652395,6.177789228
4871,5.708775313,5.328411794,4.696239151,3.905496625,4.859578106,4.141613376,4.743400084,5.28652395,6.177789228
4872,5.708775313,5.328411794,4.696239151,3.905496625,4.859578106,4.141613376,4.743400084,5.28652395,6.177789228
4873,5.708775313,5.328411794,4.696239151,3.905496625,4.859578106,4.141613376,4.743400084,5.28652395,6.177789228
4874,5.708775313,5.328411794,4.696239151,3.905496625,4.859578106,4.141613376,4.743400084,5.28652395,6.177789228
4875,5.708775313,5.328411794,4.696239151,3.905496625,4.859578106,4.141613376,4.743400084,5.28652395,6.177789228
4876,5.708775313,5.328411794,4.696239151,3.905496625,4.859578106,4.141613376,4.743400084,5.28652395,6.177789228
4877,5.708775313,5.328411794,4.696239151,3.905496625,4.859578106,4.141613376,4.743400084,5.28652395,6.177789228
4878,5.708775313,5.328411794,4.696239151,3.905496625,4.859578106,4.141613376,4.743400084,5.28652395,6.177789228
4879,5.708775313,5.328411794,4.696239151,3.905496625,4.859578106,4.141613376,4.743400084,5.28652395,6.177789228
4880,5.708775313,5.328411794,4.696239151,3.905496625,4.859578106,4.141613376,4.743400084,5.28652395,6.177789228
4881,5.708775313,5.328411794,4.696239151,3.905496625,4.859578106,4.141613376,4.743400084,5.28652395,6.177789228
4882,5.708775313,5.328411794,4.696239151,3.905496625,4.859578106,4.141613376,4.743400084,5.28652395,6.177789228
4883,5.708775313,5.328411794,4.696239151,3.905496625,4.859578106,4.141613376,4.743400084,5.28652395,6.177789228
4884,5.708775313,5.328411794,4.696239151,3.905496625,4.859578106,4.141613376,4.743400084,5.28652395,6.177789228
4885,5.708775313,5.328411794,4.696239151,3.905496625,4.859578106,4.141613376,4.743400084,5.28652395,6.177789228
4886,5.708775313,5.328411794,4.696239151,3.905496625,4.859578106,4.141613376,4.743400084,5.28652395,6.177789228
4887,5.708775313,5.328411794,4.696239151,3.905496625,4.859578106,4.141613376,4.743400084,5.28652395,6.177789228
4888,5.708775313,5.328411794,4.696239151,3.905496625,4.859578106,4.141613376,4.743400084,5.28652395,6.177789228
4889,5.708775313,5.328411794,4.696239151,3.905496625,4.859578106,4.141613376,4.743400084,5.28652395,6.177789228
4890,5.708775313,5.328411794,4.696239151,3.905496625,4.859578106,4.141613376,4.743400084,5.28652395,6.177789228
4891,5.708775313,5.328411794,4.696239151,3.905496625,4.859578106,4.141613376,4.743400084,5.28652395,6.177789228
4892,5.708775313,5.328411794,4.696239151,3.905496625,4.859578106,4.141613376,4.743400084,5.28652395,6.177789228
4893,5.708775313,5.328411794,4.696239151,3.905496625,4.859578106,4.141613376,4.743400084,5.28652395,6.177789228
4894,5.708775313,5.328411794,4.696239151,3.905496625,4.859578106,4.141613376,4.743400084,5.28652395,6.177789228
4895,5.708775313,5.328411794,4.696239151,3.905496625,4.859578106,4.141613376,4.743400084,5.28652395,6.177789228
4896,5.708775313,5.328411794,4.696239151,3.905496625,4.859578106,4.141613376,4.743400084,5.28652395,6.177789228
4897,5.708775313,5.328411794,4.696239151,3.905496625,4.859578106,4.141613376,4.743400084,5.28652395,6.177789228
4898,5.708775313,5.328411794,4.696239151,3.905496625,4.859578106,4.141613376,4.743400084,5.28652395,6.177789228
4899,5.708775313,5.328411794,4.696239151,3.905496625,4.859578106,4.141613376,4.743400084,5.28652395,6.177789228
4900,5.708775313,5.328411794,4.696239151,3.905496625,4.859578106,4.141613376,4.743400084,5.28652395,6.177789228
4901,5.708775313,5.328411794,4.696239151,3.905496625,4.859578106,4.141613376,4.743400084,5.28652395,6.177789228
4902,5.708775313,5.328411794,4.696239151,3.905496625,4.859578106,4.141613376,4.743400084,5.28652395,6.177789228
4903,5.708775313,5.328411794,4.696239151,3.905496625,4.859578106,4.141613376,4.743400084,5.28652395,6.177789228
4904,5.708775313,5.328411794,4.696239151,3.905496625,4.859578106,4.141613376,4.743400084,5.28652395,6.177789228
4905,5.708775313,5.328411794,4.696239151,3.905496625,4.859578106,4.141613376,4.743400084,5.28652395,6.177789228
4906,5.708775313,5.328411794,4.696239151,3.905496625,4.859578106,4.141613376,4.743400084,5.28652395,6.177789228
4907,5.708775313,5.328411794,4.696239151,3.905496625,4.859578106,4.141613376,4.743400084,5.28652395,6.177789228
4908,5.708775313,5.328411794,4.696239151,3.905496625,4.859578106,4.141613376,4.743400084,5.28652395,6.177789228
4909,5.708775313,5.328411794,4.696239151,3.905496625,4.859578106,4.141613376,4.743400084,5.28652395,6.177789228
4910,5.708775313,5.328411794,4.696239151,3.905496625,4.859578106,4.141613376,4.743400084,5.28652395,6.177789228
4911,5.708775313,5.328411794,4.696239151,3.905496625,4.859578106,4.141613376,4.743400084,5.28652395,6.177789228
4912,5.708775313,5.328411794,4.696239151,3.905496625,4.859578106,4.141613376,4.743400084,5.28652395,6.177789228
4913,5.708775313,5.328411794,4.696239151,3.905496625,4.859578106,4.141613376,4.743400084,5.28652395,6.177789228
4914,5.708775313,5.328411794,4.696239151,3.905496625,4.859578106,4.141613376,4.743400084,5.28652395,6.177789228
4915,5.708775313,5.328411794,4.696239151,3.905496625,4.859578106,4.141613376,4.743400084,5.28652395,6.177789228
4916,5.708775313,5.328411794,4.696239151,3.905496625,4.859578106,4.141613376,4.743400084,5.28652395,6.177789228
4917,5.708775313,5.328411794,4.696239151,3.905496625,4.859578106,4.141613376,4.743400084,5.28652395,6.177789228
4918,5.708775313,5.328411794,4.696239151,3.905496625,4.859578106,4.141613376,4.743400084,5.28652395,6.177789228
4919,5.708775313,5.328411794,4.696239151,3.905496625,4.859578106,4.141613376,4.743400084,5.28652395,6.177789228
4920,5.708775313,5.328411794,4.696239151,3.905496625,4.859578106,4.141613376,4.743400084,5.28652395,6.177789228
4921,5.708775313,5.328411794,4.696239151,3.905496625,4.859578106,4.141613376,4.743400084,5.28652395,6.177789228
4922,5.708775313,5.328411794,4.696239151,3.905496625,4.859578106,4.141613376,4.743400084,5.28652395,6.177789228
4923,5.708775313,5.328411794,4.696239151,3.905496625,4.859578106,4.141613376,4.743400084,5.28652395,6.177789228
4924,5.708775313,5.328411794,4.696239151,3.905496625,4.859578106,4.141613376,4.743400084,5.28652395,6.177789228
4925,5.708775313,5.328411794,4.696239151,3.905496625,4.859578106,4.141613376,4.743400084,5.28652395,6.177789228
4926,5.708775313,5.328411794,4.696239151,3.905496625,4.859578106,4.141613376,4.743400084,5.28652395,6.177789228
4927,5.708775313,5.328411794,4.696239151,3.905496625,4.859578106,4.141613376,4.743400084,5.28652395,6.177789228
4928,5.708775313,5.328411794,4.696239151,3.905496625,4.859578106,4.141613376,4.743400084,5.28652395,6.177789228
4929,5.708775313,5.328411794,4.696239151,3.905496625,4.859578106,4.141613376,4.743400084,5.28652395,6.177789228
4930,5.708775313,5.328411794,4.696239151,3.905496625,4.859578106,4.141613376,4.743400084,5.28652395,6.177789228
4931,5.708775313,5.328411794,4.696239151,3.905496625,4.859578106,4.141613376,4.743400084,5.28652395,6.177789228
4932,5.708775313,5.328411794,4.696239151,3.905496625,4.859578106,4.141613376,4.743400084,5.28652395,6.177789228
4933,5.708775313,5.328411794,4.696239151,3.905496625,4.859578106,4.141613376,4.743400084,5.28652395,6.177789228
4934,5.708775313,5.328411794,4.696239151,3.905496625,4.859578106,4.141613376,4.743400084,5.28652395,6.177789228
4935,5.708775313,5.328411794,4.696239151,3.905496625,4.859578106,4.141613376,4.743400084,5.28652395,6.177789228
4936,5.708775313,5.328411794,4.696239151,3.905496625,4.859578106,4.141613376,4.743400084,5.28652395,6.177789228
4937,5.708775313,5.328411794,4.696239151,3.905496625,4.859578106,4.141613376,4.743400084,5.28652395,6.177789228
4938,5.708775313,5.328411794,4.696239151,3.905496625,4.859578106,4.141613376,4.743400084,5.28652395,6.177789228
4939,5.708775313,5.328411794,4.696239151,3.905496625,4.859578106,4.141613376,4.743400084,5.28652395,6.177789228
4940,5.708775313,5.328411794,4.696239151,3.905496625,4.859578106,4.141613376,4.743400084,5.28652395,6.177789228
4941,5.708775313,5.328411794,4.696239151,3.905496625,4.859578106,4.141613376,4.743400084,5.28652395,6.177789228
4942,5.708775313,5.328411794,4.696239151,3.905496625,4.859578106,4.141613376,4.743400084,5.28652395,6.177789228
4943,5.708775313,5.328411794,4.696239151,3.905496625,4.859578106,4.141613376,4.743400084,5.28652395,6.177789228
4944,5.708775313,5.328411794,4.696239151,3.905496625,4.859578106,4.141613376,4.743400084,5.28652395,6.177789228
4945,5.708775313,5.328411794,4.696239151,3.905496625,4.859578106,4.141613376,4.743400084,5.28652395,6.177789228
4946,5.708775313,5.328411794,4.696239151,3.905496625,4.859578106,4.141613376,4.743400084,5.28652395,6.177789228
4947,5.708775313,5.328411794,4.696239151,3.905496625,4.859578106,4.141613376,4.743400084,5.28652395,6.177789228
4948,5.708775313,5.328411794,4.696239151,3.905496625,4.859578106,4.141613376,4.743400084,5.28652395,6.177789228
4949,5.708775313,5.328411794,4.696239151,3.905496625,4.859578106,4.141613376,4.743400084,5.28652395,6.177789228
4950,5.708775313,5.328411794,4.696239151,3.905496625,4.859578106,4.141613376,4.743400084,5.28652395,6.177789228
4951,5.708775313,5.328411794,4.696239151,3.905496625,4.859578106,4.141613376,4.743400084,5.28652395,6.177789228
4952,5.708775313,5.328411794,4.696239151,3.905496625,4.859578106,4.141613376,4.743400084,5.28652395,6.177789228
4953,5.708775313,5.328411794,4.696239151,3.905496625,4.859578106,4.141613376,4.743400084,5.28652395,6.177789228
4954,5.708775313,5.328411794,4.696239151,3.905496625,4.859578106,4.141613376,4.743400084,5.28652395,6.177789228
4955,5.708775313,5.328411794,4.696239151,3.905496625,4.859578106,4.141613376,4.743400084,5.28652395,6.177789228
4956,5.708775313,5.328411794,4.696239151,3.905496625,4.859578106,4.141613376,4.743400084,5.28652395,6.177789228
4957,5.708775313,5.328411794,4.696239151,3.905496625,4.859578106,4.141613376,4.743400084,5.28652395,6.177789228
4958,5.708775313,5.328411794,4.696239151,3.905496625,4.859578106,4.141613376,4.743400084,5.28652395,6.177789228
4959,5.708775313,5.328411794,4.696239151,3.905496625,4.859578106,4.141613376,4.743400084,5.28652395,6.177789228
4960,5.708775313,5.328411794,4.696239151,3.905496625,4.859578106,4.141613376,4.743400084,5.28652395,6.177789228
4961,5.708775313,5.328411794,4.696239151,3.905496625,4.859578106,4.141613376,4.743400084,5.28652395,6.177789228
4962,5.708775313,5.328411794,4.696239151,3.905496625,4.859578106,4.141613376,4.743400084,5.28652395,6.177789228
4963,5.708775313,5.328411794,4.696239151,3.905496625,4.859578106,4.141613376,4.743400084,5.28652395,6.177789228
4964,5.708775313,5.328411794,4.696239151,3.905496625,4.859578106,4.141613376,4.743400084,5.28652395,6.177789228
4965,5.708775313,5.328411794,4.696239151,3.905496625,4.859578106,4.141613376,4.743400084,5.28652395,6.177789228
4966,5.708775313,5.328411794,4.696239151,3.905496625,4.859578106,4.141613376,4.743400084,5.28652395,6.177789228
4967,5.708775313,5.328411794,4.696239151,3.905496625,4.859578106,4.141613376,4.743400084,5.28652395,6.177789228
4968,5.708775313,5.328411794,4.696239151,3.905496625,4.859578106,4.141613376,4.743400084,5.28652395,6.177789228
4969,5.708775313,5.328411794,4.696239151,3.905496625,4.859578106,4.141613376,4.743400084,5.28652395,6.177789228
4970,5.708775313,5.328411794,4.696239151,3.905496625,4.859578106,4.141613376,4.743400084,5.28652395,6.177789228
4971,5.708775313,5.328411794,4.696239151,3.905496625,4.859578106,4.141613376,4.743400084,5.28652395,6.177789228
4972,5.708775313,5.328411794,4.696239151,3.905496625,4.859578106,4.141613376,4.743400084,5.28652395,6.177789228
4973,5.708775313,5.328411794,4.696239151,3.905496625,4.859578106,4.141613376,4.743400084,5.28652395,6.177789228
4974,5.708775313,5.328411794,4.696239151,3.905496625,4.859578106,4.141613376,4.743400084,5.28652395,6.177789228
4975,5.708775313,5.328411794,4.696239151,3.905496625,4.859578106,4.141613376,4.743400084,5.28652395,6.177789228
4976,5.708775313,5.328411794,4.696239151,3.905496625,4.859578106,4.141613376,4.743400084,5.28652395,6.177789228
4977,5.708775313,5.328411794,4.696239151,3.905496625,4.859578106,4.141613376,4.743400084,5.28652395,6.177789228
4978,5.708775313,5.328411794,4.696239151,3.905496625,4.859578106,4.141613376,4.743400084,5.28652395,6.177789228
4979,5.708775313,5.328411794,4.696239151,3.905496625,4.859578106,4.141613376,4.743400084,5.28652395,6.177789228
4980,5.708775313,5.328411794,4.696239151,3.905496625,4.859578106,4.141613376,4.743400084,5.28652395,6.177789228
4981,5.708775313,5.328411794,4.696239151,3.905496625,4.859578106,4.141613376,4.743400084,5.28652395,6.177789228
4982,5.708775313,5.328411794,4.696239151,3.905496625,4.859578106,4.141613376,4.743400084,5.28652395,6.177789228
4983,5.708775313,5.328411794,4.696239151,3.905496625,4.859578106,4.141613376,4.743400084,5.28652395,6.177789228
4984,5.708775313,5.328411794,4.696239151,3.905496625,4.859578106,4.141613376,4.743400084,5.28652395,6.177789228
4985,5.708775313,5.328411794,4.696239151,3.905496625,4.859578106,4.141613376,4.743400084,5.28652395,6.177789228
4986,5.708775313,5.328411794,4.696239151,3.905496625,4.859578106,4.141613376,4.743400084,5.28652395,6.177789228
4987,5.708775313,5.328411794,4.696239151,3.905496625,4.859578106,4.141613376,4.743400084,5.28652395,6.177789228
4988,5.708775313,5.328411794,4.696239151,3.905496625,4.859578106,4.141613376,4.743400084,5.28652395,6.177789228
4989,5.708775313,5.328411794,4.696239151,3.905496625,4.859578106,4.141613376,4.743400084,5.28652395,6.177789228
4990,5.708775313,5.328411794,4.696239151,3.905496625,4.859578106,4.141613376,4.743400084,5.28652395,6.177789228
4991,5.708775313,5.328411794,4.696239151,3.905496625,4.859578106,4.141613376,4.743400084,5.28652395,6.177789228
4992,5.708775313,5.328411794,4.696239151,3.905496625,4.859578106,4.141613376,4.743400084,5.28652395,6.177789228
4993,5.708775313,5.328411794,4.696239151,3.905496625,4.859578106,4.141613376,4.743400084,5.28652395,6.177789228
4994,5.708775313,5.328411794,4.696239151,3.905496625,4.859578106,4.141613376,4.743400084,5.28652395,6.177789228
4995,5.708775313,5.328411794,4.696239151,3.905496625,4.859578106,4.141613376,4.743400084,5.28652395,6.177789228
4996,5.708775313,5.328411794,4.696239151,3.905496625,4.859578106,4.141613376,4.743400084,5.28652395,6.177789228
4997,5.708775313,5.328411794,4.696239151,3.905496625,4.859578106,4.141613376,4.743400084,5.28652395,6.177789228
4998,5.708775313,5.328411794,4.696239151,3.905496625,4.859578106,4.141613376,4.743400084,5.28652395,6.177789228
4999,5.708775313,5.328411794,4.696239151,3.905496625,4.859578106,4.141613376,4.743400084,5.28652395,6.177789228
5000,5.708775313,5.328411794,4.696239151,3.905496625,4.859578106,4.141613376,4.743400084,5.28652395,6.177789228
5001,5.708775313,5.328411794,4.696239151,3.905496625,4.859578106,4.141613376,4.743400084,5.28652395,6.177789228
5002,5.708775313,5.328411794,4.696239151,3.905496625,4.859578106,4.141613376,4.743400084,5.28652395,6.177789228
5003,5.708775313,5.328411794,4.696239151,3.905496625,4.859578106,4.141613376,4.743400084,5.28652395,6.177789228
5004,5.708775313,5.328411794,4.696239151,3.905496625,4.859578106,4.141613376,4.743400084,5.28652395,6.177789228
5005,5.708775313,5.328411794,4.696239151,3.905496625,4.859578106,4.141613376,4.743400084,5.28652395,6.177789228
5006,5.708775313,5.328411794,4.696239151,3.905496625,4.859578106,4.141613376,4.743400084,5.28652395,6.177789228
5007,5.708775313,5.328411794,4.696239151,3.905496625,4.859578106,4.141613376,4.743400084,5.28652395,6.177789228
5008,5.708775313,5.328411794,4.696239151,3.905496625,4.859578106,4.141613376,4.743400084,5.28652395,6.177789228
5009,5.708775313,5.328411794,4.696239151,3.905496625,4.859578106,4.141613376,4.743400084,5.28652395,6.177789228
5010,5.708775313,5.328411794,4.696239151,3.905496625,4.859578106,4.141613376,4.743400084,5.28652395,6.177789228
5011,5.708775313,5.328411794,4.696239151,3.905496625,4.859578106,4.141613376,4.743400084,5.28652395,6.177789228
5012,5.708775313,5.328411794,4.696239151,3.905496625,4.859578106,4.141613376,4.743400084,5.28652395,6.177789228
5013,5.708775313,5.328411794,4.696239151,3.905496625,4.859578106,4.141613376,4.743400084,5.28652395,6.177789228
5014,5.708775313,5.328411794,4.696239151,3.905496625,4.859578106,4.141613376,4.743400084,5.28652395,6.177789228
5015,5.708775313,5.328411794,4.696239151,3.905496625,4.859578106,4.141613376,4.743400084,5.28652395,6.177789228
5016,5.708775313,5.328411794,4.696239151,3.905496625,4.859578106,4.141613376,4.743400084,5.28652395,6.177789228
5017,5.708775313,5.328411794,4.696239151,3.905496625,4.859578106,4.141613376,4.743400084,5.28652395,6.177789228
5018,5.708775313,5.328411794,4.696239151,3.905496625,4.859578106,4.141613376,4.743400084,5.28652395,6.177789228
5019,5.708775313,5.328411794,4.696239151,3.905496625,4.859578106,4.141613376,4.743400084,5.28652395,6.177789228
5020,5.708775313,5.328411794,4.696239151,3.905496625,4.859578106,4.141613376,4.743400084,5.28652395,6.177789228
5021,5.708775313,5.328411794,4.696239151,3.905496625,4.859578106,4.141613376,4.743400084,5.28652395,6.177789228
5022,5.708775313,5.328411794,4.696239151,3.905496625,4.859578106,4.141613376,4.743400084,5.28652395,6.177789228
5023,5.708775313,5.328411794,4.696239151,3.905496625,4.859578106,4.141613376,4.743400084,5.28652395,6.177789228
5024,5.708775313,5.328411794,4.696239151,3.905496625,4.859578106,4.141613376,4.743400084,5.28652395,6.177789228
5025,5.708775313,5.328411794,4.696239151,3.905496625,4.859578106,4.141613376,4.743400084,5.28652395,6.177789228
5026,5.708775313,5.328411794,4.696239151,3.905496625,4.859578106,4.141613376,4.743400084,5.28652395,6.177789228
5027,5.708775313,5.328411794,4.696239151,3.905496625,4.859578106,4.141613376,4.743400084,5.28652395,6.177789228
5028,5.708775313,5.328411794,4.696239151,3.905496625,4.859578106,4.141613376,4.743400084,5.28652395,6.177789228
5029,5.708775313,5.328411794,4.696239151,3.905496625,4.859578106,4.141613376,4.743400084,5.28652395,6.177789228
5030,5.708775313,5.328411794,4.696239151,3.905496625,4.859578106,4.141613376,4.743400084,5.28652395,6.177789228
5031,5.708775313,5.328411794,4.696239151,3.905496625,4.859578106,4.141613376,4.743400084,5.28652395,6.177789228
5032,5.708775313,5.328411794,4.696239151,3.905496625,4.859578106,4.141613376,4.743400084,5.28652395,6.177789228
5033,5.708775313,5.328411794,4.696239151,3.905496625,4.859578106,4.141613376,4.743400084,5.28652395,6.177789228
5034,5.708775313,5.328411794,4.696239151,3.905496625,4.859578106,4.141613376,4.743400084,5.28652395,6.177789228
5035,5.708775313,5.328411794,4.696239151,3.905496625,4.859578106,4.141613376,4.743400084,5.28652395,6.177789228
5036,5.708775313,5.328411794,4.696239151,3.905496625,4.859578106,4.141613376,4.743400084,5.28652395,6.177789228
5037,5.708775313,5.328411794,4.696239151,3.905496625,4.859578106,4.141613376,4.743400084,5.28652395,6.177789228
5038,5.708775313,5.328411794,4.696239151,3.905496625,4.859578106,4.141613376,4.743400084,5.28652395,6.177789228
5039,5.708775313,5.328411794,4.696239151,3.905496625,4.859578106,4.141613376,4.743400084,5.28652395,6.177789228
5040,5.708775313,5.328411794,4.696239151,3.905496625,4.859578106,4.141613376,4.743400084,5.28652395,6.177789228
5041,5.708775313,5.328411794,4.696239151,3.905496625,4.859578106,4.141613376,4.743400084,5.28652395,6.177789228
5042,5.708775313,5.328411794,4.696239151,3.905496625,4.859578106,4.141613376,4.743400084,5.28652395,6.177789228
5043,5.708775313,5.328411794,4.696239151,3.905496625,4.859578106,4.141613376,4.743400084,5.28652395,6.177789228
5044,5.708775313,5.328411794,4.696239151,3.905496625,4.859578106,4.141613376,4.743400084,5.28652395,6.177789228
5045,5.708775313,5.328411794,4.696239151,3.905496625,4.859578106,4.141613376,4.743400084,5.28652395,6.177789228
5046,5.708775313,5.328411794,4.696239151,3.905496625,4.859578106,4.141613376,4.743400084,5.28652395,6.177789228
5047,5.708775313,5.328411794,4.696239151,3.905496625,4.859578106,4.141613376,4.743400084,5.28652395,6.177789228
5048,5.708775313,5.328411794,4.696239151,3.905496625,4.859578106,4.141613376,4.743400084,5.28652395,6.177789228
5049,5.708775313,5.328411794,4.696239151,3.905496625,4.859578106,4.141613376,4.743400084,5.28652395,6.177789228
5050,5.708775313,5.328411794,4.696239151,3.905496625,4.859578106,4.141613376,4.743400084,5.28652395,6.177789228
5051,5.708775313,5.328411794,4.696239151,3.905496625,4.859578106,4.141613376,4.743400084,5.28652395,6.177789228
5052,5.708775313,5.328411794,4.696239151,3.905496625,4.859578106,4.141613376,4.743400084,5.28652395,6.177789228
5053,5.708775313,5.328411794,4.696239151,3.905496625,4.859578106,4.141613376,4.743400084,5.28652395,6.177789228
5054,5.708775313,5.328411794,4.696239151,3.905496625,4.859578106,4.141613376,4.743400084,5.28652395,6.177789228
5055,5.708775313,5.328411794,4.696239151,3.905496625,4.859578106,4.141613376,4.743400084,5.28652395,6.177789228
5056,5.708775313,5.328411794,4.696239151,3.905496625,4.859578106,4.141613376,4.743400084,5.28652395,6.177789228
5057,5.708775313,5.328411794,4.696239151,3.905496625,4.859578106,4.141613376,4.743400084,5.28652395,6.177789228
5058,5.708775313,5.328411794,4.696239151,3.905496625,4.859578106,4.141613376,4.743400084,5.28652395,6.177789228
5059,5.708775313,5.328411794,4.696239151,3.905496625,4.859578106,4.141613376,4.743400084,5.28652395,6.177789228
5060,5.708775313,5.328411794,4.696239151,3.905496625,4.859578106,4.141613376,4.743400084,5.28652395,6.177789228
5061,5.708775313,5.328411794,4.696239151,3.905496625,4.859578106,4.141613376,4.743400084,5.28652395,6.177789228
5062,5.708775313,5.328411794,4.696239151,3.905496625,4.859578106,4.141613376,4.743400084,5.28652395,6.177789228
5063,5.708775313,5.328411794,4.696239151,3.905496625,4.859578106,4.141613376,4.743400084,5.28652395,6.177789228
5064,5.708775313,5.328411794,4.696239151,3.905496625,4.859578106,4.141613376,4.743400084,5.28652395,6.177789228
5065,5.708775313,5.328411794,4.696239151,3.905496625,4.859578106,4.141613376,4.743400084,5.28652395,6.177789228
5066,5.708775313,5.328411794,4.696239151,3.905496625,4.859578106,4.141613376,4.743400084,5.28652395,6.177789228
5067,5.708775313,5.328411794,4.696239151,3.905496625,4.859578106,4.141613376,4.743400084,5.28652395,6.177789228
5068,5.708775313,5.328411794,4.696239151,3.905496625,4.859578106,4.141613376,4.743400084,5.28652395,6.177789228
5069,5.708775313,5.328411794,4.696239151,3.905496625,4.859578106,4.141613376,4.743400084,5.28652395,6.177789228
5070,5.708775313,5.328411794,4.696239151,3.905496625,4.859578106,4.141613376,4.743400084,5.28652395,6.177789228
5071,5.708775313,5.328411794,4.696239151,3.905496625,4.859578106,4.141613376,4.743400084,5.28652395,6.177789228
5072,5.708775313,5.328411794,4.696239151,3.905496625,4.859578106,4.141613376,4.743400084,5.28652395,6.177789228
5073,5.708775313,5.328411794,4.696239151,3.905496625,4.859578106,4.141613376,4.743400084,5.28652395,6.177789228
5074,5.708775313,5.328411794,4.696239151,3.905496625,4.859578106,4.141613376,4.743400084,5.28652395,6.177789228
5075,5.708775313,5.328411794,4.696239151,3.905496625,4.859578106,4.141613376,4.743400084,5.28652395,6.177789228
5076,5.708775313,5.328411794,4.696239151,3.905496625,4.859578106,4.141613376,4.743400084,5.28652395,6.177789228
5077,5.708775313,5.328411794,4.696239151,3.905496625,4.859578106,4.141613376,4.743400084,5.28652395,6.177789228
5078,5.708775313,5.328411794,4.696239151,3.905496625,4.859578106,4.141613376,4.743400084,5.28652395,6.177789228
5079,5.708775313,5.328411794,4.696239151,3.905496625,4.859578106,4.141613376,4.743400084,5.28652395,6.177789228
5080,5.708775313,5.328411794,4.696239151,3.905496625,4.859578106,4.141613376,4.743400084,5.28652395,6.177789228
5081,5.708775313,5.328411794,4.696239151,3.905496625,4.859578106,4.141613376,4.743400084,5.28652395,6.177789228
5082,5.708775313,5.328411794,4.696239151,3.905496625,4.859578106,4.141613376,4.743400084,5.28652395,6.177789228
5083,5.708775313,5.328411794,4.696239151,3.905496625,4.859578106,4.141613376,4.743400084,5.28652395,6.177789228
5084,5.708775313,5.328411794,4.696239151,3.905496625,4.859578106,4.141613376,4.743400084,5.28652395,6.177789228
5085,5.708775313,5.328411794,4.696239151,3.905496625,4.859578106,4.141613376,4.743400084,5.28652395,6.177789228
5086,5.708775313,5.328411794,4.696239151,3.905496625,4.859578106,4.141613376,4.743400084,5.28652395,6.177789228
5087,5.708775313,5.328411794,4.696239151,3.905496625,4.859578106,4.141613376,4.743400084,5.28652395,6.177789228
5088,5.708775313,5.328411794,4.696239151,3.905496625,4.859578106,4.141613376,4.743400084,5.28652395,6.177789228
5089,5.708775313,5.328411794,4.696239151,3.905496625,4.859578106,4.141613376,4.743400084,5.28652395,6.177789228
5090,5.708775313,5.328411794,4.696239151,3.905496625,4.859578106,4.141613376,4.743400084,5.28652395,6.177789228
5091,5.708775313,5.328411794,4.696239151,3.905496625,4.859578106,4.141613376,4.743400084,5.28652395,6.177789228
5092,5.708775313,5.328411794,4.696239151,3.905496625,4.859578106,4.141613376,4.743400084,5.28652395,6.177789228
5093,5.708775313,5.328411794,4.696239151,3.905496625,4.859578106,4.141613376,4.743400084,5.28652395,6.177789228
5094,5.708775313,5.328411794,4.696239151,3.905496625,4.859578106,4.141613376,4.743400084,5.28652395,6.177789228
5095,5.708775313,5.328411794,4.696239151,3.905496625,4.859578106,4.141613376,4.743400084,5.28652395,6.177789228
5096,5.708775313,5.328411794,4.696239151,3.905496625,4.859578106,4.141613376,4.743400084,5.28652395,6.177789228
5097,5.708775313,5.328411794,4.696239151,3.905496625,4.859578106,4.141613376,4.743400084,5.28652395,6.177789228
5098,5.708775313,5.328411794,4.696239151,3.905496625,4.859578106,4.141613376,4.743400084,5.28652395,6.177789228
5099,5.708775313,5.328411794,4.696239151,3.905496625,4.859578106,4.141613376,4.743400084,5.28652395,6.177789228
5100,5.708775313,5.328411794,4.696239151,3.905496625,4.859578106,4.141613376,4.743400084,5.28652395,6.177789228
5101,5.708775313,5.328411794,4.696239151,3.905496625,4.859578106,4.141613376,4.743400084,5.28652395,6.177789228
5102,5.708775313,5.328411794,4.696239151,3.905496625,4.859578106,4.141613376,4.743400084,5.28652395,6.177789228
5103,5.708775313,5.328411794,4.696239151,3.905496625,4.859578106,4.141613376,4.743400084,5.28652395,6.177789228
5104,5.708775313,5.328411794,4.696239151,3.905496625,4.859578106,4.141613376,4.743400084,5.28652395,6.177789228
5105,5.708775313,5.328411794,4.696239151,3.905496625,4.859578106,4.141613376,4.743400084,5.28652395,6.177789228
5106,5.708775313,5.328411794,4.696239151,3.905496625,4.859578106,4.141613376,4.743400084,5.28652395,6.177789228
5107,5.708775313,5.328411794,4.696239151,3.905496625,4.859578106,4.141613376,4.743400084,5.28652395,6.177789228
5108,5.708775313,5.328411794,4.696239151,3.905496625,4.859578106,4.141613376,4.743400084,5.28652395,6.177789228
5109,5.708775313,5.328411794,4.696239151,3.905496625,4.859578106,4.141613376,4.743400084,5.28652395,6.177789228
5110,5.708775313,5.328411794,4.696239151,3.905496625,4.859578106,4.141613376,4.743400084,5.28652395,6.177789228
5111,5.708775313,5.328411794,4.696239151,3.905496625,4.859578106,4.141613376,4.743400084,5.28652395,6.177789228
5112,5.708775313,5.328411794,4.696239151,3.905496625,4.859578106,4.141613376,4.743400084,5.28652395,6.177789228
5113,5.708775313,5.328411794,4.696239151,3.905496625,4.859578106,4.141613376,4.743400084,5.28652395,6.177789228
5114,5.708775313,5.328411794,4.696239151,3.905496625,4.859578106,4.141613376,4.743400084,5.28652395,6.177789228
5115,5.708775313,5.328411794,4.696239151,3.905496625,4.859578106,4.141613376,4.743400084,5.28652395,6.177789228
5116,5.708775313,5.328411794,4.696239151,3.905496625,4.859578106,4.141613376,4.743400084,5.28652395,6.177789228
5117,5.708775313,5.328411794,4.696239151,3.905496625,4.859578106,4.141613376,4.743400084,5.28652395,6.177789228
5118,5.708775313,5.328411794,4.696239151,3.905496625,4.859578106,4.141613376,4.743400084,5.28652395,6.177789228
5119,5.708775313,5.328411794,4.696239151,3.905496625,4.859578106,4.141613376,4.743400084,5.28652395,6.177789228
5120,5.708775313,5.328411794,4.696239151,3.905496625,4.859578106,4.141613376,4.743400084,5.28652395,6.177789228
5121,5.708775313,5.328411794,4.696239151,3.905496625,4.859578106,4.141613376,4.743400084,5.28652395,6.177789228
5122,5.708775313,5.328411794,4.696239151,3.905496625,4.859578106,4.141613376,4.743400084,5.28652395,6.177789228
5123,5.708775313,5.328411794,4.696239151,3.905496625,4.859578106,4.141613376,4.743400084,5.28652395,6.177789228
5124,5.708775313,5.328411794,4.696239151,3.905496625,4.859578106,4.141613376,4.743400084,5.28652395,6.177789228
5125,5.708775313,5.328411794,4.696239151,3.905496625,4.859578106,4.141613376,4.743400084,5.28652395,6.177789228
5126,5.708775313,5.328411794,4.696239151,3.905496625,4.859578106,4.141613376,4.743400084,5.28652395,6.177789228
5127,5.708775313,5.328411794,4.696239151,3.905496625,4.859578106,4.141613376,4.743400084,5.28652395,6.177789228
5128,5.708775313,5.328411794,4.696239151,3.905496625,4.859578106,4.141613376,4.743400084,5.28652395,6.177789228
5129,5.708775313,5.328411794,4.696239151,3.905496625,4.859578106,4.141613376,4.743400084,5.28652395,6.177789228
5130,5.708775313,5.328411794,4.696239151,3.905496625,4.859578106,4.141613376,4.743400084,5.28652395,6.177789228
5131,5.708775313,5.328411794,4.696239151,3.905496625,4.859578106,4.141613376,4.743400084,5.28652395,6.177789228
5132,5.708775313,5.328411794,4.696239151,3.905496625,4.859578106,4.141613376,4.743400084,5.28652395,6.177789228
5133,5.708775313,5.328411794,4.696239151,3.905496625,4.859578106,4.141613376,4.743400084,5.28652395,6.177789228
5134,5.708775313,5.328411794,4.696239151,3.905496625,4.859578106,4.141613376,4.743400084,5.28652395,6.177789228
5135,5.708775313,5.328411794,4.696239151,3.905496625,4.859578106,4.141613376,4.743400084,5.28652395,6.177789228
5136,5.708775313,5.328411794,4.696239151,3.905496625,4.859578106,4.141613376,4.743400084,5.28652395,6.177789228
5137,5.708775313,5.328411794,4.696239151,3.905496625,4.859578106,4.141613376,4.743400084,5.28652395,6.177789228
5138,5.708775313,5.328411794,4.696239151,3.905496625,4.859578106,4.141613376,4.743400084,5.28652395,6.177789228
5139,5.708775313,5.328411794,4.696239151,3.905496625,4.859578106,4.141613376,4.743400084,5.28652395,6.177789228
5140,5.708775313,5.328411794,4.696239151,3.905496625,4.859578106,4.141613376,4.743400084,5.28652395,6.177789228
5141,5.708775313,5.328411794,4.696239151,3.905496625,4.859578106,4.141613376,4.743400084,5.28652395,6.177789228
5142,5.708775313,5.328411794,4.696239151,3.905496625,4.859578106,4.141613376,4.743400084,5.28652395,6.177789228
5143,5.708775313,5.328411794,4.696239151,3.905496625,4.859578106,4.141613376,4.743400084,5.28652395,6.177789228
5144,5.708775313,5.328411794,4.696239151,3.905496625,4.859578106,4.141613376,4.743400084,5.28652395,6.177789228
5145,5.708775313,5.328411794,4.696239151,3.905496625,4.859578106,4.141613376,4.743400084,5.28652395,6.177789228
5146,5.708775313,5.328411794,4.696239151,3.905496625,4.859578106,4.141613376,4.743400084,5.28652395,6.177789228
5147,5.708775313,5.328411794,4.696239151,3.905496625,4.859578106,4.141613376,4.743400084,5.28652395,6.177789228
5148,5.708775313,5.328411794,4.696239151,3.905496625,4.859578106,4.141613376,4.743400084,5.28652395,6.177789228
5149,5.708775313,5.328411794,4.696239151,3.905496625,4.859578106,4.141613376,4.743400084,5.28652395,6.177789228
5150,5.708775313,5.328411794,4.696239151,3.905496625,4.859578106,4.141613376,4.743400084,5.28652395,6.177789228
5151,5.708775313,5.328411794,4.696239151,3.905496625,4.859578106,4.141613376,4.743400084,5.28652395,6.177789228
5152,5.708775313,5.328411794,4.696239151,3.905496625,4.859578106,4.141613376,4.743400084,5.28652395,6.177789228
5153,5.708775313,5.328411794,4.696239151,3.905496625,4.859578106,4.141613376,4.743400084,5.28652395,6.177789228
5154,5.708775313,5.328411794,4.696239151,3.905496625,4.859578106,4.141613376,4.743400084,5.28652395,6.177789228
5155,5.708775313,5.328411794,4.696239151,3.905496625,4.859578106,4.141613376,4.743400084,5.28652395,6.177789228
5156,5.708775313,5.328411794,4.696239151,3.905496625,4.859578106,4.141613376,4.743400084,5.28652395,6.177789228
5157,5.708775313,5.328411794,4.696239151,3.905496625,4.859578106,4.141613376,4.743400084,5.28652395,6.177789228
5158,5.708775313,5.328411794,4.696239151,3.905496625,4.859578106,4.141613376,4.743400084,5.28652395,6.177789228
5159,5.708775313,5.328411794,4.696239151,3.905496625,4.859578106,4.141613376,4.743400084,5.28652395,6.177789228
5160,5.708775313,5.328411794,4.696239151,3.905496625,4.859578106,4.141613376,4.743400084,5.28652395,6.177789228
5161,5.708775313,5.328411794,4.696239151,3.905496625,4.859578106,4.141613376,4.743400084,5.28652395,6.177789228
5162,5.708775313,5.328411794,4.696239151,3.905496625,4.859578106,4.141613376,4.743400084,5.28652395,6.177789228
5163,5.708775313,5.328411794,4.696239151,3.905496625,4.859578106,4.141613376,4.743400084,5.28652395,6.177789228
5164,5.708775313,5.328411794,4.696239151,3.905496625,4.859578106,4.141613376,4.743400084,5.28652395,6.177789228
5165,5.708775313,5.328411794,4.696239151,3.905496625,4.859578106,4.141613376,4.743400084,5.28652395,6.177789228
5166,5.708775313,5.328411794,4.696239151,3.905496625,4.859578106,4.141613376,4.743400084,5.28652395,6.177789228
5167,5.708775313,5.328411794,4.696239151,3.905496625,4.859578106,4.141613376,4.743400084,5.28652395,6.177789228
5168,5.708775313,5.328411794,4.696239151,3.905496625,4.859578106,4.141613376,4.743400084,5.28652395,6.177789228
5169,5.708775313,5.328411794,4.696239151,3.905496625,4.859578106,4.141613376,4.743400084,5.28652395,6.177789228
5170,5.708775313,5.328411794,4.696239151,3.905496625,4.859578106,4.141613376,4.743400084,5.28652395,6.177789228
5171,5.708775313,5.328411794,4.696239151,3.905496625,4.859578106,4.141613376,4.743400084,5.28652395,6.177789228
5172,5.708775313,5.328411794,4.696239151,3.905496625,4.859578106,4.141613376,4.743400084,5.28652395,6.177789228
5173,5.708775313,5.328411794,4.696239151,3.905496625,4.859578106,4.141613376,4.743400084,5.28652395,6.177789228
5174,5.708775313,5.328411794,4.696239151,3.905496625,4.859578106,4.141613376,4.743400084,5.28652395,6.177789228
5175,5.708775313,5.328411794,4.696239151,3.905496625,4.859578106,4.141613376,4.743400084,5.28652395,6.177789228
5176,5.708775313,5.328411794,4.696239151,3.905496625,4.859578106,4.141613376,4.743400084,5.28652395,6.177789228
5177,5.708775313,5.328411794,4.696239151,3.905496625,4.859578106,4.141613376,4.743400084,5.28652395,6.177789228
5178,5.708775313,5.328411794,4.696239151,3.905496625,4.859578106,4.141613376,4.743400084,5.28652395,6.177789228
5179,5.708775313,5.328411794,4.696239151,3.905496625,4.859578106,4.141613376,4.743400084,5.28652395,6.177789228
5180,5.708775313,5.328411794,4.696239151,3.905496625,4.859578106,4.141613376,4.743400084,5.28652395,6.177789228
5181,5.708775313,5.328411794,4.696239151,3.905496625,4.859578106,4.141613376,4.743400084,5.28652395,6.177789228
5182,5.708775313,5.328411794,4.696239151,3.905496625,4.859578106,4.141613376,4.743400084,5.28652395,6.177789228
5183,5.708775313,5.328411794,4.696239151,3.905496625,4.859578106,4.141613376,4.743400084,5.28652395,6.177789228
5184,5.708775313,5.328411794,4.696239151,3.905496625,4.859578106,4.141613376,4.743400084,5.28652395,6.177789228
5185,5.708775313,5.328411794,4.696239151,3.905496625,4.859578106,4.141613376,4.743400084,5.28652395,6.177789228
5186,5.708775313,5.328411794,4.696239151,3.905496625,4.859578106,4.141613376,4.743400084,5.28652395,6.177789228
5187,5.708775313,5.328411794,4.696239151,3.905496625,4.859578106,4.141613376,4.743400084,5.28652395,6.177789228
5188,5.708775313,5.328411794,4.696239151,3.905496625,4.859578106,4.141613376,4.743400084,5.28652395,6.177789228
5189,5.708775313,5.328411794,4.696239151,3.905496625,4.859578106,4.141613376,4.743400084,5.28652395,6.177789228
5190,5.708775313,5.328411794,4.696239151,3.905496625,4.859578106,4.141613376,4.743400084,5.28652395,6.177789228
5191,5.708775313,5.328411794,4.696239151,3.905496625,4.859578106,4.141613376,4.743400084,5.28652395,6.177789228
5192,5.708775313,5.328411794,4.696239151,3.905496625,4.859578106,4.141613376,4.743400084,5.28652395,6.177789228
5193,5.708775313,5.328411794,4.696239151,3.905496625,4.859578106,4.141613376,4.743400084,5.28652395,6.177789228
5194,5.708775313,5.328411794,4.696239151,3.905496625,4.859578106,4.141613376,4.743400084,5.28652395,6.177789228
5195,5.708775313,5.328411794,4.696239151,3.905496625,4.859578106,4.141613376,4.743400084,5.28652395,6.177789228
5196,5.708775313,5.328411794,4.696239151,3.905496625,4.859578106,4.141613376,4.743400084,5.28652395,6.177789228
5197,5.708775313,5.328411794,4.696239151,3.905496625,4.859578106,4.141613376,4.743400084,5.28652395,6.177789228
5198,5.708775313,5.328411794,4.696239151,3.905496625,4.859578106,4.141613376,4.743400084,5.28652395,6.177789228
5199,5.708775313,5.328411794,4.696239151,3.905496625,4.859578106,4.141613376,4.743400084,5.28652395,6.177789228
5200,5.708775313,5.328411794,4.696239151,3.905496625,4.859578106,4.141613376,4.743400084,5.28652395,6.177789228
5201,5.708775313,5.328411794,4.696239151,3.905496625,4.859578106,4.141613376,4.743400084,5.28652395,6.177789228
5202,5.708775313,5.328411794,4.696239151,3.905496625,4.859578106,4.141613376,4.743400084,5.28652395,6.177789228
5203,5.708775313,5.328411794,4.696239151,3.905496625,4.859578106,4.141613376,4.743400084,5.28652395,6.177789228
5204,5.708775313,5.328411794,4.696239151,3.905496625,4.859578106,4.141613376,4.743400084,5.28652395,6.177789228
5205,5.708775313,5.328411794,4.696239151,3.905496625,4.859578106,4.141613376,4.743400084,5.28652395,6.177789228
5206,5.708775313,5.328411794,4.696239151,3.905496625,4.859578106,4.141613376,4.743400084,5.28652395,6.177789228
5207,5.708775313,5.328411794,4.696239151,3.905496625,4.859578106,4.141613376,4.743400084,5.28652395,6.177789228
5208,5.708775313,5.328411794,4.696239151,3.905496625,4.859578106,4.141613376,4.743400084,5.28652395,6.177789228
5209,5.708775313,5.328411794,4.696239151,3.905496625,4.859578106,4.141613376,4.743400084,5.28652395,6.177789228
5210,5.708775313,5.328411794,4.696239151,3.905496625,4.859578106,4.141613376,4.743400084,5.28652395,6.177789228
5211,5.708775313,5.328411794,4.696239151,3.905496625,4.859578106,4.141613376,4.743400084,5.28652395,6.177789228
5212,5.708775313,5.328411794,4.696239151,3.905496625,4.859578106,4.141613376,4.743400084,5.28652395,6.177789228
5213,5.708775313,5.328411794,4.696239151,3.905496625,4.859578106,4.141613376,4.743400084,5.28652395,6.177789228
5214,5.708775313,5.328411794,4.696239151,3.905496625,4.859578106,4.141613376,4.743400084,5.28652395,6.177789228
5215,5.708775313,5.328411794,4.696239151,3.905496625,4.859578106,4.141613376,4.743400084,5.28652395,6.177789228
5216,5.708775313,5.328411794,4.696239151,3.905496625,4.859578106,4.141613376,4.743400084,5.28652395,6.177789228
5217,5.708775313,5.328411794,4.696239151,3.905496625,4.859578106,4.141613376,4.743400084,5.28652395,6.177789228
5218,5.708775313,5.328411794,4.696239151,3.905496625,4.859578106,4.141613376,4.743400084,5.28652395,6.177789228
5219,5.708775313,5.328411794,4.696239151,3.905496625,4.859578106,4.141613376,4.743400084,5.28652395,6.177789228
5220,5.708775313,5.328411794,4.696239151,3.905496625,4.859578106,4.141613376,4.743400084,5.28652395,6.177789228
5221,5.708775313,5.328411794,4.696239151,3.905496625,4.859578106,4.141613376,4.743400084,5.28652395,6.177789228
5222,5.708775313,5.328411794,4.696239151,3.905496625,4.859578106,4.141613376,4.743400084,5.28652395,6.177789228
5223,5.708775313,5.328411794,4.696239151,3.905496625,4.859578106,4.141613376,4.743400084,5.28652395,6.177789228
5224,5.708775313,5.328411794,4.696239151,3.905496625,4.859578106,4.141613376,4.743400084,5.28652395,6.177789228
5225,5.708775313,5.328411794,4.696239151,3.905496625,4.859578106,4.141613376,4.743400084,5.28652395,6.177789228
5226,5.708775313,5.328411794,4.696239151,3.905496625,4.859578106,4.141613376,4.743400084,5.28652395,6.177789228
5227,5.708775313,5.328411794,4.696239151,3.905496625,4.859578106,4.141613376,4.743400084,5.28652395,6.177789228
5228,5.708775313,5.328411794,4.696239151,3.905496625,4.859578106,4.141613376,4.743400084,5.28652395,6.177789228
5229,5.708775313,5.328411794,4.696239151,3.905496625,4.859578106,4.141613376,4.743400084,5.28652395,6.177789228
5230,5.708775313,5.328411794,4.696239151,3.905496625,4.859578106,4.141613376,4.743400084,5.28652395,6.177789228
5231,5.708775313,5.328411794,4.696239151,3.905496625,4.859578106,4.141613376,4.743400084,5.28652395,6.177789228
5232,5.708775313,5.328411794,4.696239151,3.905496625,4.859578106,4.141613376,4.743400084,5.28652395,6.177789228
5233,5.708775313,5.328411794,4.696239151,3.905496625,4.859578106,4.141613376,4.743400084,5.28652395,6.177789228
5234,5.708775313,5.328411794,4.696239151,3.905496625,4.859578106,4.141613376,4.743400084,5.28652395,6.177789228
5235,5.708775313,5.328411794,4.696239151,3.905496625,4.859578106,4.141613376,4.743400084,5.28652395,6.177789228
5236,5.708775313,5.328411794,4.696239151,3.905496625,4.859578106,4.141613376,4.743400084,5.28652395,6.177789228
5237,5.708775313,5.328411794,4.696239151,3.905496625,4.859578106,4.141613376,4.743400084,5.28652395,6.177789228
5238,5.708775313,5.328411794,4.696239151,3.905496625,4.859578106,4.141613376,4.743400084,5.28652395,6.177789228
5239,5.708775313,5.328411794,4.696239151,3.905496625,4.859578106,4.141613376,4.743400084,5.28652395,6.177789228
5240,5.708775313,5.328411794,4.696239151,3.905496625,4.859578106,4.141613376,4.743400084,5.28652395,6.177789228
5241,5.708775313,5.328411794,4.696239151,3.905496625,4.859578106,4.141613376,4.743400084,5.28652395,6.177789228
5242,5.708775313,5.328411794,4.696239151,3.905496625,4.859578106,4.141613376,4.743400084,5.28652395,6.177789228
5243,5.708775313,5.328411794,4.696239151,3.905496625,4.859578106,4.141613376,4.743400084,5.28652395,6.177789228
5244,5.708775313,5.328411794,4.696239151,3.905496625,4.859578106,4.141613376,4.743400084,5.28652395,6.177789228
5245,5.708775313,5.328411794,4.696239151,3.905496625,4.859578106,4.141613376,4.743400084,5.28652395,6.177789228
5246,5.708775313,5.328411794,4.696239151,3.905496625,4.859578106,4.141613376,4.743400084,5.28652395,6.177789228
5247,5.708775313,5.328411794,4.696239151,3.905496625,4.859578106,4.141613376,4.743400084,5.28652395,6.177789228
5248,5.708775313,5.328411794,4.696239151,3.905496625,4.859578106,4.141613376,4.743400084,5.28652395,6.177789228
5249,5.708775313,5.328411794,4.696239151,3.905496625,4.859578106,4.141613376,4.743400084,5.28652395,6.177789228
5250,5.708775313,5.328411794,4.696239151,3.905496625,4.859578106,4.141613376,4.743400084,5.28652395,6.177789228
5251,5.708775313,5.328411794,4.696239151,3.905496625,4.859578106,4.141613376,4.743400084,5.28652395,6.177789228
5252,5.708775313,5.328411794,4.696239151,3.905496625,4.859578106,4.141613376,4.743400084,5.28652395,6.177789228
5253,5.708775313,5.328411794,4.696239151,3.905496625,4.859578106,4.141613376,4.743400084,5.28652395,6.177789228
5254,5.708775313,5.328411794,4.696239151,3.905496625,4.859578106,4.141613376,4.743400084,5.28652395,6.177789228
5255,5.708775313,5.328411794,4.696239151,3.905496625,4.859578106,4.141613376,4.743400084,5.28652395,6.177789228
5256,5.708775313,5.328411794,4.696239151,3.905496625,4.859578106,4.141613376,4.743400084,5.28652395,6.177789228
5257,5.708775313,5.328411794,4.696239151,3.905496625,4.859578106,4.141613376,4.743400084,5.28652395,6.177789228
5258,5.708775313,5.328411794,4.696239151,3.905496625,4.859578106,4.141613376,4.743400084,5.28652395,6.177789228
5259,5.708775313,5.328411794,4.696239151,3.905496625,4.859578106,4.141613376,4.743400084,5.28652395,6.177789228
5260,5.708775313,5.328411794,4.696239151,3.905496625,4.859578106,4.141613376,4.743400084,5.28652395,6.177789228
5261,5.708775313,5.328411794,4.696239151,3.905496625,4.859578106,4.141613376,4.743400084,5.28652395,6.177789228
5262,5.708775313,5.328411794,4.696239151,3.905496625,4.859578106,4.141613376,4.743400084,5.28652395,6.177789228
5263,5.708775313,5.328411794,4.696239151,3.905496625,4.859578106,4.141613376,4.743400084,5.28652395,6.177789228
5264,5.708775313,5.328411794,4.696239151,3.905496625,4.859578106,4.141613376,4.743400084,5.28652395,6.177789228
5265,5.708775313,5.328411794,4.696239151,3.905496625,4.859578106,4.141613376,4.743400084,5.28652395,6.177789228
5266,5.708775313,5.328411794,4.696239151,3.905496625,4.859578106,4.141613376,4.743400084,5.28652395,6.177789228
5267,5.708775313,5.328411794,4.696239151,3.905496625,4.859578106,4.141613376,4.743400084,5.28652395,6.177789228
5268,5.708775313,5.328411794,4.696239151,3.905496625,4.859578106,4.141613376,4.743400084,5.28652395,6.177789228
5269,5.708775313,5.328411794,4.696239151,3.905496625,4.859578106,4.141613376,4.743400084,5.28652395,6.177789228
5270,5.708775313,5.328411794,4.696239151,3.905496625,4.859578106,4.141613376,4.743400084,5.28652395,6.177789228
5271,5.708775313,5.328411794,4.696239151,3.905496625,4.859578106,4.141613376,4.743400084,5.28652395,6.177789228
5272,5.708775313,5.328411794,4.696239151,3.905496625,4.859578106,4.141613376,4.743400084,5.28652395,6.177789228
5273,5.708775313,5.328411794,4.696239151,3.905496625,4.859578106,4.141613376,4.743400084,5.28652395,6.177789228
5274,5.708775313,5.328411794,4.696239151,3.905496625,4.859578106,4.141613376,4.743400084,5.28652395,6.177789228
5275,5.708775313,5.328411794,4.696239151,3.905496625,4.859578106,4.141613376,4.743400084,5.28652395,6.177789228
5276,5.708775313,5.328411794,4.696239151,3.905496625,4.859578106,4.141613376,4.743400084,5.28652395,6.177789228
5277,5.708775313,5.328411794,4.696239151,3.905496625,4.859578106,4.141613376,4.743400084,5.28652395,6.177789228
5278,5.708775313,5.328411794,4.696239151,3.905496625,4.859578106,4.141613376,4.743400084,5.28652395,6.177789228
5279,5.708775313,5.328411794,4.696239151,3.905496625,4.859578106,4.141613376,4.743400084,5.28652395,6.177789228
5280,5.708775313,5.328411794,4.696239151,3.905496625,4.859578106,4.141613376,4.743400084,5.28652395,6.177789228
5281,5.708775313,5.328411794,4.696239151,3.905496625,4.859578106,4.141613376,4.743400084,5.28652395,6.177789228
5282,5.708775313,5.328411794,4.696239151,3.905496625,4.859578106,4.141613376,4.743400084,5.28652395,6.177789228
5283,5.708775313,5.328411794,4.696239151,3.905496625,4.859578106,4.141613376,4.743400084,5.28652395,6.177789228
5284,5.708775313,5.328411794,4.696239151,3.905496625,4.859578106,4.141613376,4.743400084,5.28652395,6.177789228
5285,5.708775313,5.328411794,4.696239151,3.905496625,4.859578106,4.141613376,4.743400084,5.28652395,6.177789228
5286,5.708775313,5.328411794,4.696239151,3.905496625,4.859578106,4.141613376,4.743400084,5.28652395,6.177789228
5287,5.708775313,5.328411794,4.696239151,3.905496625,4.859578106,4.141613376,4.743400084,5.28652395,6.177789228
5288,5.708775313,5.328411794,4.696239151,3.905496625,4.859578106,4.141613376,4.743400084,5.28652395,6.177789228
5289,5.708775313,5.328411794,4.696239151,3.905496625,4.859578106,4.141613376,4.743400084,5.28652395,6.177789228
5290,5.708775313,5.328411794,4.696239151,3.905496625,4.859578106,4.141613376,4.743400084,5.28652395,6.177789228
5291,5.708775313,5.328411794,4.696239151,3.905496625,4.859578106,4.141613376,4.743400084,5.28652395,6.177789228
5292,5.708775313,5.328411794,4.696239151,3.905496625,4.859578106,4.141613376,4.743400084,5.28652395,6.177789228
5293,5.708775313,5.328411794,4.696239151,3.905496625,4.859578106,4.141613376,4.743400084,5.28652395,6.177789228
5294,5.708775313,5.328411794,4.696239151,3.905496625,4.859578106,4.141613376,4.743400084,5.28652395,6.177789228
5295,5.708775313,5.328411794,4.696239151,3.905496625,4.859578106,4.141613376,4.743400084,5.28652395,6.177789228
5296,5.708775313,5.328411794,4.696239151,3.905496625,4.859578106,4.141613376,4.743400084,5.28652395,6.177789228
5297,5.708775313,5.328411794,4.696239151,3.905496625,4.859578106,4.141613376,4.743400084,5.28652395,6.177789228
5298,5.708775313,5.328411794,4.696239151,3.905496625,4.859578106,4.141613376,4.743400084,5.28652395,6.177789228
5299,5.708775313,5.328411794,4.696239151,3.905496625,4.859578106,4.141613376,4.743400084,5.28652395,6.177789228
5300,5.708775313,5.328411794,4.696239151,3.905496625,4.859578106,4.141613376,4.743400084,5.28652395,6.177789228
5301,5.708775313,5.328411794,4.696239151,3.905496625,4.859578106,4.141613376,4.743400084,5.28652395,6.177789228
5302,5.708775313,5.328411794,4.696239151,3.905496625,4.859578106,4.141613376,4.743400084,5.28652395,6.177789228
5303,5.708775313,5.328411794,4.696239151,3.905496625,4.859578106,4.141613376,4.743400084,5.28652395,6.177789228
5304,5.708775313,5.328411794,4.696239151,3.905496625,4.859578106,4.141613376,4.743400084,5.28652395,6.177789228
5305,5.708775313,5.328411794,4.696239151,3.905496625,4.859578106,4.141613376,4.743400084,5.28652395,6.177789228
5306,5.708775313,5.328411794,4.696239151,3.905496625,4.859578106,4.141613376,4.743400084,5.28652395,6.177789228
5307,5.708775313,5.328411794,4.696239151,3.905496625,4.859578106,4.141613376,4.743400084,5.28652395,6.177789228
5308,5.708775313,5.328411794,4.696239151,3.905496625,4.859578106,4.141613376,4.743400084,5.28652395,6.177789228
5309,5.708775313,5.328411794,4.696239151,3.905496625,4.859578106,4.141613376,4.743400084,5.28652395,6.177789228
5310,5.708775313,5.328411794,4.696239151,3.905496625,4.859578106,4.141613376,4.743400084,5.28652395,6.177789228
5311,5.708775313,5.328411794,4.696239151,3.905496625,4.859578106,4.141613376,4.743400084,5.28652395,6.177789228
5312,5.708775313,5.328411794,4.696239151,3.905496625,4.859578106,4.141613376,4.743400084,5.28652395,6.177789228
5313,5.708775313,5.328411794,4.696239151,3.905496625,4.859578106,4.141613376,4.743400084,5.28652395,6.177789228
5314,5.708775313,5.328411794,4.696239151,3.905496625,4.859578106,4.141613376,4.743400084,5.28652395,6.177789228
5315,5.708775313,5.328411794,4.696239151,3.905496625,4.859578106,4.141613376,4.743400084,5.28652395,6.177789228
5316,5.708775313,5.328411794,4.696239151,3.905496625,4.859578106,4.141613376,4.743400084,5.28652395,6.177789228
5317,5.708775313,5.328411794,4.696239151,3.905496625,4.859578106,4.141613376,4.743400084,5.28652395,6.177789228
5318,5.708775313,5.328411794,4.696239151,3.905496625,4.859578106,4.141613376,4.743400084,5.28652395,6.177789228
5319,5.708775313,5.328411794,4.696239151,3.905496625,4.859578106,4.141613376,4.743400084,5.28652395,6.177789228
5320,5.708775313,5.328411794,4.696239151,3.905496625,4.859578106,4.141613376,4.743400084,5.28652395,6.177789228
5321,5.708775313,5.328411794,4.696239151,3.905496625,4.859578106,4.141613376,4.743400084,5.28652395,6.177789228
5322,5.708775313,5.328411794,4.696239151,3.905496625,4.859578106,4.141613376,4.743400084,5.28652395,6.177789228
5323,5.708775313,5.328411794,4.696239151,3.905496625,4.859578106,4.141613376,4.743400084,5.28652395,6.177789228
5324,5.708775313,5.328411794,4.696239151,3.905496625,4.859578106,4.141613376,4.743400084,5.28652395,6.177789228
5325,5.708775313,5.328411794,4.696239151,3.905496625,4.859578106,4.141613376,4.743400084,5.28652395,6.177789228
5326,5.708775313,5.328411794,4.696239151,3.905496625,4.859578106,4.141613376,4.743400084,5.28652395,6.177789228
5327,5.708775313,5.328411794,4.696239151,3.905496625,4.859578106,4.141613376,4.743400084,5.28652395,6.177789228
5328,5.708775313,5.328411794,4.696239151,3.905496625,4.859578106,4.141613376,4.743400084,5.28652395,6.177789228
5329,5.708775313,5.328411794,4.696239151,3.905496625,4.859578106,4.141613376,4.743400084,5.28652395,6.177789228
5330,5.708775313,5.328411794,4.696239151,3.905496625,4.859578106,4.141613376,4.743400084,5.28652395,6.177789228
5331,5.708775313,5.328411794,4.696239151,3.905496625,4.859578106,4.141613376,4.743400084,5.28652395,6.177789228
5332,5.708775313,5.328411794,4.696239151,3.905496625,4.859578106,4.141613376,4.743400084,5.28652395,6.177789228
5333,5.708775313,5.328411794,4.696239151,3.905496625,4.859578106,4.141613376,4.743400084,5.28652395,6.177789228
5334,5.708775313,5.328411794,4.696239151,3.905496625,4.859578106,4.141613376,4.743400084,5.28652395,6.177789228
5335,5.708775313,5.328411794,4.696239151,3.905496625,4.859578106,4.141613376,4.743400084,5.28652395,6.177789228
5336,5.708775313,5.328411794,4.696239151,3.905496625,4.859578106,4.141613376,4.743400084,5.28652395,6.177789228
5337,5.708775313,5.328411794,4.696239151,3.905496625,4.859578106,4.141613376,4.743400084,5.28652395,6.177789228
5338,5.708775313,5.328411794,4.696239151,3.905496625,4.859578106,4.141613376,4.743400084,5.28652395,6.177789228
5339,5.708775313,5.328411794,4.696239151,3.905496625,4.859578106,4.141613376,4.743400084,5.28652395,6.177789228
5340,5.708775313,5.328411794,4.696239151,3.905496625,4.859578106,4.141613376,4.743400084,5.28652395,6.177789228
5341,5.708775313,5.328411794,4.696239151,3.905496625,4.859578106,4.141613376,4.743400084,5.28652395,6.177789228
5342,5.708775313,5.328411794,4.696239151,3.905496625,4.859578106,4.141613376,4.743400084,5.28652395,6.177789228
5343,5.708775313,5.328411794,4.696239151,3.905496625,4.859578106,4.141613376,4.743400084,5.28652395,6.177789228
5344,5.708775313,5.328411794,4.696239151,3.905496625,4.859578106,4.141613376,4.743400084,5.28652395,6.177789228
5345,5.708775313,5.328411794,4.696239151,3.905496625,4.859578106,4.141613376,4.743400084,5.28652395,6.177789228
5346,5.708775313,5.328411794,4.696239151,3.905496625,4.859578106,4.141613376,4.743400084,5.28652395,6.177789228
5347,5.708775313,5.328411794,4.696239151,3.905496625,4.859578106,4.141613376,4.743400084,5.28652395,6.177789228
5348,5.708775313,5.328411794,4.696239151,3.905496625,4.859578106,4.141613376,4.743400084,5.28652395,6.177789228
5349,5.708775313,5.328411794,4.696239151,3.905496625,4.859578106,4.141613376,4.743400084,5.28652395,6.177789228
5350,5.708775313,5.328411794,4.696239151,3.905496625,4.859578106,4.141613376,4.743400084,5.28652395,6.177789228
5351,5.708775313,5.328411794,4.696239151,3.905496625,4.859578106,4.141613376,4.743400084,5.28652395,6.177789228
5352,5.708775313,5.328411794,4.696239151,3.905496625,4.859578106,4.141613376,4.743400084,5.28652395,6.177789228
5353,5.708775313,5.328411794,4.696239151,3.905496625,4.859578106,4.141613376,4.743400084,5.28652395,6.177789228
5354,5.708775313,5.328411794,4.696239151,3.905496625,4.859578106,4.141613376,4.743400084,5.28652395,6.177789228
5355,5.708775313,5.328411794,4.696239151,3.905496625,4.859578106,4.141613376,4.743400084,5.28652395,6.177789228
5356,5.708775313,5.328411794,4.696239151,3.905496625,4.859578106,4.141613376,4.743400084,5.28652395,6.177789228
5357,5.708775313,5.328411794,4.696239151,3.905496625,4.859578106,4.141613376,4.743400084,5.28652395,6.177789228
5358,5.708775313,5.328411794,4.696239151,3.905496625,4.859578106,4.141613376,4.743400084,5.28652395,6.177789228
5359,5.708775313,5.328411794,4.696239151,3.905496625,4.859578106,4.141613376,4.743400084,5.28652395,6.177789228
5360,5.708775313,5.328411794,4.696239151,3.905496625,4.859578106,4.141613376,4.743400084,5.28652395,6.177789228
5361,5.708775313,5.328411794,4.696239151,3.905496625,4.859578106,4.141613376,4.743400084,5.28652395,6.177789228
5362,5.708775313,5.328411794,4.696239151,3.905496625,4.859578106,4.141613376,4.743400084,5.28652395,6.177789228
5363,5.708775313,5.328411794,4.696239151,3.905496625,4.859578106,4.141613376,4.743400084,5.28652395,6.177789228
5364,5.708775313,5.328411794,4.696239151,3.905496625,4.859578106,4.141613376,4.743400084,5.28652395,6.177789228
5365,5.708775313,5.328411794,4.696239151,3.905496625,4.859578106,4.141613376,4.743400084,5.28652395,6.177789228
5366,5.708775313,5.328411794,4.696239151,3.905496625,4.859578106,4.141613376,4.743400084,5.28652395,6.177789228
5367,5.708775313,5.328411794,4.696239151,3.905496625,4.859578106,4.141613376,4.743400084,5.28652395,6.177789228
5368,5.708775313,5.328411794,4.696239151,3.905496625,4.859578106,4.141613376,4.743400084,5.28652395,6.177789228
5369,5.708775313,5.328411794,4.696239151,3.905496625,4.859578106,4.141613376,4.743400084,5.28652395,6.177789228
5370,5.708775313,5.328411794,4.696239151,3.905496625,4.859578106,4.141613376,4.743400084,5.28652395,6.177789228
5371,5.708775313,5.328411794,4.696239151,3.905496625,4.859578106,4.141613376,4.743400084,5.28652395,6.177789228
5372,5.708775313,5.328411794,4.696239151,3.905496625,4.859578106,4.141613376,4.743400084,5.28652395,6.177789228
5373,5.708775313,5.328411794,4.696239151,3.905496625,4.859578106,4.141613376,4.743400084,5.28652395,6.177789228
5374,5.708775313,5.328411794,4.696239151,3.905496625,4.859578106,4.141613376,4.743400084,5.28652395,6.177789228
5375,5.708775313,5.328411794,4.696239151,3.905496625,4.859578106,4.141613376,4.743400084,5.28652395,6.177789228
5376,5.708775313,5.328411794,4.696239151,3.905496625,4.859578106,4.141613376,4.743400084,5.28652395,6.177789228
5377,5.708775313,5.328411794,4.696239151,3.905496625,4.859578106,4.141613376,4.743400084,5.28652395,6.177789228
5378,5.708775313,5.328411794,4.696239151,3.905496625,4.859578106,4.141613376,4.743400084,5.28652395,6.177789228
5379,5.708775313,5.328411794,4.696239151,3.905496625,4.859578106,4.141613376,4.743400084,5.28652395,6.177789228
5380,5.708775313,5.328411794,4.696239151,3.905496625,4.859578106,4.141613376,4.743400084,5.28652395,6.177789228
5381,5.708775313,5.328411794,4.696239151,3.905496625,4.859578106,4.141613376,4.743400084,5.28652395,6.177789228
5382,5.708775313,5.328411794,4.696239151,3.905496625,4.859578106,4.141613376,4.743400084,5.28652395,6.177789228
5383,5.708775313,5.328411794,4.696239151,3.905496625,4.859578106,4.141613376,4.743400084,5.28652395,6.177789228
5384,5.708775313,5.328411794,4.696239151,3.905496625,4.859578106,4.141613376,4.743400084,5.28652395,6.177789228
5385,5.708775313,5.328411794,4.696239151,3.905496625,4.859578106,4.141613376,4.743400084,5.28652395,6.177789228
5386,5.708775313,5.328411794,4.696239151,3.905496625,4.859578106,4.141613376,4.743400084,5.28652395,6.177789228
5387,5.708775313,5.328411794,4.696239151,3.905496625,4.859578106,4.141613376,4.743400084,5.28652395,6.177789228
5388,5.708775313,5.328411794,4.696239151,3.905496625,4.859578106,4.141613376,4.743400084,5.28652395,6.177789228
5389,5.708775313,5.328411794,4.696239151,3.905496625,4.859578106,4.141613376,4.743400084,5.28652395,6.177789228
5390,5.708775313,5.328411794,4.696239151,3.905496625,4.859578106,4.141613376,4.743400084,5.28652395,6.177789228
5391,5.708775313,5.328411794,4.696239151,3.905496625,4.859578106,4.141613376,4.743400084,5.28652395,6.177789228
5392,5.708775313,5.328411794,4.696239151,3.905496625,4.859578106,4.141613376,4.743400084,5.28652395,6.177789228
5393,5.708775313,5.328411794,4.696239151,3.905496625,4.859578106,4.141613376,4.743400084,5.28652395,6.177789228
5394,5.708775313,5.328411794,4.696239151,3.905496625,4.859578106,4.141613376,4.743400084,5.28652395,6.177789228
5395,5.708775313,5.328411794,4.696239151,3.905496625,4.859578106,4.141613376,4.743400084,5.28652395,6.177789228
5396,5.708775313,5.328411794,4.696239151,3.905496625,4.859578106,4.141613376,4.743400084,5.28652395,6.177789228
5397,5.708775313,5.328411794,4.696239151,3.905496625,4.859578106,4.141613376,4.743400084,5.28652395,6.177789228
5398,5.708775313,5.328411794,4.696239151,3.905496625,4.859578106,4.141613376,4.743400084,5.28652395,6.177789228
5399,5.708775313,5.328411794,4.696239151,3.905496625,4.859578106,4.141613376,4.743400084,5.28652395,6.177789228
5400,5.708775313,5.328411794,4.696239151,3.905496625,4.859578106,4.141613376,4.743400084,5.28652395,6.177789228
5401,5.708775313,5.328411794,4.696239151,3.905496625,4.859578106,4.141613376,4.743400084,5.28652395,6.177789228
5402,5.708775313,5.328411794,4.696239151,3.905496625,4.859578106,4.141613376,4.743400084,5.28652395,6.177789228
5403,5.708775313,5.328411794,4.696239151,3.905496625,4.859578106,4.141613376,4.743400084,5.28652395,6.177789228
5404,5.708775313,5.328411794,4.696239151,3.905496625,4.859578106,4.141613376,4.743400084,5.28652395,6.177789228
5405,5.708775313,5.328411794,4.696239151,3.905496625,4.859578106,4.141613376,4.743400084,5.28652395,6.177789228
5406,5.708775313,5.328411794,4.696239151,3.905496625,4.859578106,4.141613376,4.743400084,5.28652395,6.177789228
5407,5.708775313,5.328411794,4.696239151,3.905496625,4.859578106,4.141613376,4.743400084,5.28652395,6.177789228
5408,5.708775313,5.328411794,4.696239151,3.905496625,4.859578106,4.141613376,4.743400084,5.28652395,6.177789228
5409,5.708775313,5.328411794,4.696239151,3.905496625,4.859578106,4.141613376,4.743400084,5.28652395,6.177789228
5410,5.708775313,5.328411794,4.696239151,3.905496625,4.859578106,4.141613376,4.743400084,5.28652395,6.177789228
5411,5.708775313,5.328411794,4.696239151,3.905496625,4.859578106,4.141613376,4.743400084,5.28652395,6.177789228
5412,5.708775313,5.328411794,4.696239151,3.905496625,4.859578106,4.141613376,4.743400084,5.28652395,6.177789228
5413,5.708775313,5.328411794,4.696239151,3.905496625,4.859578106,4.141613376,4.743400084,5.28652395,6.177789228
5414,5.708775313,5.328411794,4.696239151,3.905496625,4.859578106,4.141613376,4.743400084,5.28652395,6.177789228
5415,5.708775313,5.328411794,4.696239151,3.905496625,4.859578106,4.141613376,4.743400084,5.28652395,6.177789228
5416,5.708775313,5.328411794,4.696239151,3.905496625,4.859578106,4.141613376,4.743400084,5.28652395,6.177789228
5417,5.708775313,5.328411794,4.696239151,3.905496625,4.859578106,4.141613376,4.743400084,5.28652395,6.177789228
5418,5.708775313,5.328411794,4.696239151,3.905496625,4.859578106,4.141613376,4.743400084,5.28652395,6.177789228
5419,5.708775313,5.328411794,4.696239151,3.905496625,4.859578106,4.141613376,4.743400084,5.28652395,6.177789228
5420,5.708775313,5.328411794,4.696239151,3.905496625,4.859578106,4.141613376,4.743400084,5.28652395,6.177789228
5421,5.708775313,5.328411794,4.696239151,3.905496625,4.859578106,4.141613376,4.743400084,5.28652395,6.177789228
5422,5.708775313,5.328411794,4.696239151,3.905496625,4.859578106,4.141613376,4.743400084,5.28652395,6.177789228
5423,5.708775313,5.328411794,4.696239151,3.905496625,4.859578106,4.141613376,4.743400084,5.28652395,6.177789228
5424,5.708775313,5.328411794,4.696239151,3.905496625,4.859578106,4.141613376,4.743400084,5.28652395,6.177789228
5425,5.708775313,5.328411794,4.696239151,3.905496625,4.859578106,4.141613376,4.743400084,5.28652395,6.177789228
5426,5.708775313,5.328411794,4.696239151,3.905496625,4.859578106,4.141613376,4.743400084,5.28652395,6.177789228
5427,5.708775313,5.328411794,4.696239151,3.905496625,4.859578106,4.141613376,4.743400084,5.28652395,6.177789228
5428,5.708775313,5.328411794,4.696239151,3.905496625,4.859578106,4.141613376,4.743400084,5.28652395,6.177789228
5429,5.708775313,5.328411794,4.696239151,3.905496625,4.859578106,4.141613376,4.743400084,5.28652395,6.177789228
5430,5.708775313,5.328411794,4.696239151,3.905496625,4.859578106,4.141613376,4.743400084,5.28652395,6.177789228
5431,5.708775313,5.328411794,4.696239151,3.905496625,4.859578106,4.141613376,4.743400084,5.28652395,6.177789228
5432,5.708775313,5.328411794,4.696239151,3.905496625,4.859578106,4.141613376,4.743400084,5.28652395,6.177789228
5433,5.708775313,5.328411794,4.696239151,3.905496625,4.859578106,4.141613376,4.743400084,5.28652395,6.177789228
5434,5.708775313,5.328411794,4.696239151,3.905496625,4.859578106,4.141613376,4.743400084,5.28652395,6.177789228
5435,5.708775313,5.328411794,4.696239151,3.905496625,4.859578106,4.141613376,4.743400084,5.28652395,6.177789228
5436,5.708775313,5.328411794,4.696239151,3.905496625,4.859578106,4.141613376,4.743400084,5.28652395,6.177789228
5437,5.708775313,5.328411794,4.696239151,3.905496625,4.859578106,4.141613376,4.743400084,5.28652395,6.177789228
5438,5.708775313,5.328411794,4.696239151,3.905496625,4.859578106,4.141613376,4.743400084,5.28652395,6.177789228
5439,5.708775313,5.328411794,4.696239151,3.905496625,4.859578106,4.141613376,4.743400084,5.28652395,6.177789228
5440,5.708775313,5.328411794,4.696239151,3.905496625,4.859578106,4.141613376,4.743400084,5.28652395,6.177789228
5441,5.708775313,5.328411794,4.696239151,3.905496625,4.859578106,4.141613376,4.743400084,5.28652395,6.177789228
5442,5.708775313,5.328411794,4.696239151,3.905496625,4.859578106,4.141613376,4.743400084,5.28652395,6.177789228
5443,5.708775313,5.328411794,4.696239151,3.905496625,4.859578106,4.141613376,4.743400084,5.28652395,6.177789228
5444,5.708775313,5.328411794,4.696239151,3.905496625,4.859578106,4.141613376,4.743400084,5.28652395,6.177789228
5445,5.708775313,5.328411794,4.696239151,3.905496625,4.859578106,4.141613376,4.743400084,5.28652395,6.177789228
5446,5.708775313,5.328411794,4.696239151,3.905496625,4.859578106,4.141613376,4.743400084,5.28652395,6.177789228
5447,5.708775313,5.328411794,4.696239151,3.905496625,4.859578106,4.141613376,4.743400084,5.28652395,6.177789228
5448,5.708775313,5.328411794,4.696239151,3.905496625,4.859578106,4.141613376,4.743400084,5.28652395,6.177789228
5449,5.708775313,5.328411794,4.696239151,3.905496625,4.859578106,4.141613376,4.743400084,5.28652395,6.177789228
5450,5.708775313,5.328411794,4.696239151,3.905496625,4.859578106,4.141613376,4.743400084,5.28652395,6.177789228
5451,5.708775313,5.328411794,4.696239151,3.905496625,4.859578106,4.141613376,4.743400084,5.28652395,6.177789228
5452,5.708775313,5.328411794,4.696239151,3.905496625,4.859578106,4.141613376,4.743400084,5.28652395,6.177789228
5453,5.708775313,5.328411794,4.696239151,3.905496625,4.859578106,4.141613376,4.743400084,5.28652395,6.177789228
5454,5.708775313,5.328411794,4.696239151,3.905496625,4.859578106,4.141613376,4.743400084,5.28652395,6.177789228
5455,5.708775313,5.328411794,4.696239151,3.905496625,4.859578106,4.141613376,4.743400084,5.28652395,6.177789228
5456,5.708775313,5.328411794,4.696239151,3.905496625,4.859578106,4.141613376,4.743400084,5.28652395,6.177789228
5457,5.708775313,5.328411794,4.696239151,3.905496625,4.859578106,4.141613376,4.743400084,5.28652395,6.177789228
5458,5.708775313,5.328411794,4.696239151,3.905496625,4.859578106,4.141613376,4.743400084,5.28652395,6.177789228
5459,5.708775313,5.328411794,4.696239151,3.905496625,4.859578106,4.141613376,4.743400084,5.28652395,6.177789228
5460,5.708775313,5.328411794,4.696239151,3.905496625,4.859578106,4.141613376,4.743400084,5.28652395,6.177789228
5461,5.708775313,5.328411794,4.696239151,3.905496625,4.859578106,4.141613376,4.743400084,5.28652395,6.177789228
5462,5.708775313,5.328411794,4.696239151,3.905496625,4.859578106,4.141613376,4.743400084,5.28652395,6.177789228
5463,5.708775313,5.328411794,4.696239151,3.905496625,4.859578106,4.141613376,4.743400084,5.28652395,6.177789228
5464,5.708775313,5.328411794,4.696239151,3.905496625,4.859578106,4.141613376,4.743400084,5.28652395,6.177789228
5465,5.708775313,5.328411794,4.696239151,3.905496625,4.859578106,4.141613376,4.743400084,5.28652395,6.177789228
5466,5.708775313,5.328411794,4.696239151,3.905496625,4.859578106,4.141613376,4.743400084,5.28652395,6.177789228
5467,5.708775313,5.328411794,4.696239151,3.905496625,4.859578106,4.141613376,4.743400084,5.28652395,6.177789228
5468,5.708775313,5.328411794,4.696239151,3.905496625,4.859578106,4.141613376,4.743400084,5.28652395,6.177789228
5469,5.708775313,5.328411794,4.696239151,3.905496625,4.859578106,4.141613376,4.743400084,5.28652395,6.177789228
5470,5.708775313,5.328411794,4.696239151,3.905496625,4.859578106,4.141613376,4.743400084,5.28652395,6.177789228
5471,5.708775313,5.328411794,4.696239151,3.905496625,4.859578106,4.141613376,4.743400084,5.28652395,6.177789228
5472,5.708775313,5.328411794,4.696239151,3.905496625,4.859578106,4.141613376,4.743400084,5.28652395,6.177789228
5473,5.708775313,5.328411794,4.696239151,3.905496625,4.859578106,4.141613376,4.743400084,5.28652395,6.177789228
5474,5.708775313,5.328411794,4.696239151,3.905496625,4.859578106,4.141613376,4.743400084,5.28652395,6.177789228
5475,5.708775313,5.328411794,4.696239151,3.905496625,4.859578106,4.141613376,4.743400084,5.28652395,6.177789228
5476,5.708775313,5.328411794,4.696239151,3.905496625,4.859578106,4.141613376,4.743400084,5.28652395,6.177789228
5477,5.708775313,5.328411794,4.696239151,3.905496625,4.859578106,4.141613376,4.743400084,5.28652395,6.177789228
5478,5.708775313,5.328411794,4.696239151,3.905496625,4.859578106,4.141613376,4.743400084,5.28652395,6.177789228
5479,5.708775313,5.328411794,4.696239151,3.905496625,4.859578106,4.141613376,4.743400084,5.28652395,6.177789228
5480,5.708775313,5.328411794,4.696239151,3.905496625,4.859578106,4.141613376,4.743400084,5.28652395,6.177789228
5481,5.708775313,5.328411794,4.696239151,3.905496625,4.859578106,4.141613376,4.743400084,5.28652395,6.177789228
5482,5.708775313,5.328411794,4.696239151,3.905496625,4.859578106,4.141613376,4.743400084,5.28652395,6.177789228
5483,5.708775313,5.328411794,4.696239151,3.905496625,4.859578106,4.141613376,4.743400084,5.28652395,6.177789228
5484,5.708775313,5.328411794,4.696239151,3.905496625,4.859578106,4.141613376,4.743400084,5.28652395,6.177789228
5485,5.708775313,5.328411794,4.696239151,3.905496625,4.859578106,4.141613376,4.743400084,5.28652395,6.177789228
5486,5.708775313,5.328411794,4.696239151,3.905496625,4.859578106,4.141613376,4.743400084,5.28652395,6.177789228
5487,5.708775313,5.328411794,4.696239151,3.905496625,4.859578106,4.141613376,4.743400084,5.28652395,6.177789228
5488,5.708775313,5.328411794,4.696239151,3.905496625,4.859578106,4.141613376,4.743400084,5.28652395,6.177789228
5489,5.708775313,5.328411794,4.696239151,3.905496625,4.859578106,4.141613376,4.743400084,5.28652395,6.177789228
5490,5.708775313,5.328411794,4.696239151,3.905496625,4.859578106,4.141613376,4.743400084,5.28652395,6.177789228
5491,5.708775313,5.328411794,4.696239151,3.905496625,4.859578106,4.141613376,4.743400084,5.28652395,6.177789228
5492,5.708775313,5.328411794,4.696239151,3.905496625,4.859578106,4.141613376,4.743400084,5.28652395,6.177789228
5493,5.708775313,5.328411794,4.696239151,3.905496625,4.859578106,4.141613376,4.743400084,5.28652395,6.177789228
5494,5.708775313,5.328411794,4.696239151,3.905496625,4.859578106,4.141613376,4.743400084,5.28652395,6.177789228
5495,5.708775313,5.328411794,4.696239151,3.905496625,4.859578106,4.141613376,4.743400084,5.28652395,6.177789228
5496,5.708775313,5.328411794,4.696239151,3.905496625,4.859578106,4.141613376,4.743400084,5.28652395,6.177789228
5497,5.708775313,5.328411794,4.696239151,3.905496625,4.859578106,4.141613376,4.743400084,5.28652395,6.177789228
5498,5.708775313,5.328411794,4.696239151,3.905496625,4.859578106,4.141613376,4.743400084,5.28652395,6.177789228
5499,5.708775313,5.328411794,4.696239151,3.905496625,4.859578106,4.141613376,4.743400084,5.28652395,6.177789228
5500,5.708775313,5.328411794,4.696239151,3.905496625,4.859578106,4.141613376,4.743400084,5.28652395,6.177789228
5501,5.708775313,5.328411794,4.696239151,3.905496625,4.859578106,4.141613376,4.743400084,5.28652395,6.177789228
5502,5.708775313,5.328411794,4.696239151,3.905496625,4.859578106,4.141613376,4.743400084,5.28652395,6.177789228
5503,5.708775313,5.328411794,4.696239151,3.905496625,4.859578106,4.141613376,4.743400084,5.28652395,6.177789228
5504,5.708775313,5.328411794,4.696239151,3.905496625,4.859578106,4.141613376,4.743400084,5.28652395,6.177789228
5505,5.708775313,5.328411794,4.696239151,3.905496625,4.859578106,4.141613376,4.743400084,5.28652395,6.177789228
5506,5.708775313,5.328411794,4.696239151,3.905496625,4.859578106,4.141613376,4.743400084,5.28652395,6.177789228
5507,5.708775313,5.328411794,4.696239151,3.905496625,4.859578106,4.141613376,4.743400084,5.28652395,6.177789228
5508,5.708775313,5.328411794,4.696239151,3.905496625,4.859578106,4.141613376,4.743400084,5.28652395,6.177789228
5509,5.708775313,5.328411794,4.696239151,3.905496625,4.859578106,4.141613376,4.743400084,5.28652395,6.177789228
5510,5.708775313,5.328411794,4.696239151,3.905496625,4.859578106,4.141613376,4.743400084,5.28652395,6.177789228
5511,5.708775313,5.328411794,4.696239151,3.905496625,4.859578106,4.141613376,4.743400084,5.28652395,6.177789228
5512,5.708775313,5.328411794,4.696239151,3.905496625,4.859578106,4.141613376,4.743400084,5.28652395,6.177789228
5513,5.708775313,5.328411794,4.696239151,3.905496625,4.859578106,4.141613376,4.743400084,5.28652395,6.177789228
5514,5.708775313,5.328411794,4.696239151,3.905496625,4.859578106,4.141613376,4.743400084,5.28652395,6.177789228
5515,5.708775313,5.328411794,4.696239151,3.905496625,4.859578106,4.141613376,4.743400084,5.28652395,6.177789228
5516,5.708775313,5.328411794,4.696239151,3.905496625,4.859578106,4.141613376,4.743400084,5.28652395,6.177789228
5517,5.708775313,5.328411794,4.696239151,3.905496625,4.859578106,4.141613376,4.743400084,5.28652395,6.177789228
5518,5.708775313,5.328411794,4.696239151,3.905496625,4.859578106,4.141613376,4.743400084,5.28652395,6.177789228
5519,5.708775313,5.328411794,4.696239151,3.905496625,4.859578106,4.141613376,4.743400084,5.28652395,6.177789228
5520,5.708775313,5.328411794,4.696239151,3.905496625,4.859578106,4.141613376,4.743400084,5.28652395,6.177789228
5521,5.708775313,5.328411794,4.696239151,3.905496625,4.859578106,4.141613376,4.743400084,5.28652395,6.177789228
5522,5.708775313,5.328411794,4.696239151,3.905496625,4.859578106,4.141613376,4.743400084,5.28652395,6.177789228
5523,5.708775313,5.328411794,4.696239151,3.905496625,4.859578106,4.141613376,4.743400084,5.28652395,6.177789228
5524,5.708775313,5.328411794,4.696239151,3.905496625,4.859578106,4.141613376,4.743400084,5.28652395,6.177789228
5525,5.708775313,5.328411794,4.696239151,3.905496625,4.859578106,4.141613376,4.743400084,5.28652395,6.177789228
5526,5.708775313,5.328411794,4.696239151,3.905496625,4.859578106,4.141613376,4.743400084,5.28652395,6.177789228
5527,5.708775313,5.328411794,4.696239151,3.905496625,4.859578106,4.141613376,4.743400084,5.28652395,6.177789228
5528,5.708775313,5.328411794,4.696239151,3.905496625,4.859578106,4.141613376,4.743400084,5.28652395,6.177789228
5529,5.708775313,5.328411794,4.696239151,3.905496625,4.859578106,4.141613376,4.743400084,5.28652395,6.177789228
5530,5.708775313,5.328411794,4.696239151,3.905496625,4.859578106,4.141613376,4.743400084,5.28652395,6.177789228
5531,5.708775313,5.328411794,4.696239151,3.905496625,4.859578106,4.141613376,4.743400084,5.28652395,6.177789228
5532,5.708775313,5.328411794,4.696239151,3.905496625,4.859578106,4.141613376,4.743400084,5.28652395,6.177789228
5533,5.708775313,5.328411794,4.696239151,3.905496625,4.859578106,4.141613376,4.743400084,5.28652395,6.177789228
5534,5.708775313,5.328411794,4.696239151,3.905496625,4.859578106,4.141613376,4.743400084,5.28652395,6.177789228
5535,5.708775313,5.328411794,4.696239151,3.905496625,4.859578106,4.141613376,4.743400084,5.28652395,6.177789228
5536,5.708775313,5.328411794,4.696239151,3.905496625,4.859578106,4.141613376,4.743400084,5.28652395,6.177789228
5537,5.708775313,5.328411794,4.696239151,3.905496625,4.859578106,4.141613376,4.743400084,5.28652395,6.177789228
5538,5.708775313,5.328411794,4.696239151,3.905496625,4.859578106,4.141613376,4.743400084,5.28652395,6.177789228
5539,5.708775313,5.328411794,4.696239151,3.905496625,4.859578106,4.141613376,4.743400084,5.28652395,6.177789228
5540,5.708775313,5.328411794,4.696239151,3.905496625,4.859578106,4.141613376,4.743400084,5.28652395,6.177789228
5541,5.708775313,5.328411794,4.696239151,3.905496625,4.859578106,4.141613376,4.743400084,5.28652395,6.177789228
5542,5.708775313,5.328411794,4.696239151,3.905496625,4.859578106,4.141613376,4.743400084,5.28652395,6.177789228
5543,5.708775313,5.328411794,4.696239151,3.905496625,4.859578106,4.141613376,4.743400084,5.28652395,6.177789228
5544,5.708775313,5.328411794,4.696239151,3.905496625,4.859578106,4.141613376,4.743400084,5.28652395,6.177789228
5545,5.708775313,5.328411794,4.696239151,3.905496625,4.859578106,4.141613376,4.743400084,5.28652395,6.177789228
5546,5.708775313,5.328411794,4.696239151,3.905496625,4.859578106,4.141613376,4.743400084,5.28652395,6.177789228
5547,5.708775313,5.328411794,4.696239151,3.905496625,4.859578106,4.141613376,4.743400084,5.28652395,6.177789228
5548,5.708775313,5.328411794,4.696239151,3.905496625,4.859578106,4.141613376,4.743400084,5.28652395,6.177789228
5549,5.708775313,5.328411794,4.696239151,3.905496625,4.859578106,4.141613376,4.743400084,5.28652395,6.177789228
5550,5.708775313,5.328411794,4.696239151,3.905496625,4.859578106,4.141613376,4.743400084,5.28652395,6.177789228
5551,5.708775313,5.328411794,4.696239151,3.905496625,4.859578106,4.141613376,4.743400084,5.28652395,6.177789228
5552,5.708775313,5.328411794,4.696239151,3.905496625,4.859578106,4.141613376,4.743400084,5.28652395,6.177789228
5553,5.708775313,5.328411794,4.696239151,3.905496625,4.859578106,4.141613376,4.743400084,5.28652395,6.177789228
5554,5.708775313,5.328411794,4.696239151,3.905496625,4.859578106,4.141613376,4.743400084,5.28652395,6.177789228
5555,5.708775313,5.328411794,4.696239151,3.905496625,4.859578106,4.141613376,4.743400084,5.28652395,6.177789228
5556,5.708775313,5.328411794,4.696239151,3.905496625,4.859578106,4.141613376,4.743400084,5.28652395,6.177789228
5557,5.708775313,5.328411794,4.696239151,3.905496625,4.859578106,4.141613376,4.743400084,5.28652395,6.177789228
5558,5.708775313,5.328411794,4.696239151,3.905496625,4.859578106,4.141613376,4.743400084,5.28652395,6.177789228
5559,5.708775313,5.328411794,4.696239151,3.905496625,4.859578106,4.141613376,4.743400084,5.28652395,6.177789228
5560,5.708775313,5.328411794,4.696239151,3.905496625,4.859578106,4.141613376,4.743400084,5.28652395,6.177789228
5561,5.708775313,5.328411794,4.696239151,3.905496625,4.859578106,4.141613376,4.743400084,5.28652395,6.177789228
5562,5.708775313,5.328411794,4.696239151,3.905496625,4.859578106,4.141613376,4.743400084,5.28652395,6.177789228
5563,5.708775313,5.328411794,4.696239151,3.905496625,4.859578106,4.141613376,4.743400084,5.28652395,6.177789228
5564,5.708775313,5.328411794,4.696239151,3.905496625,4.859578106,4.141613376,4.743400084,5.28652395,6.177789228
5565,5.708775313,5.328411794,4.696239151,3.905496625,4.859578106,4.141613376,4.743400084,5.28652395,6.177789228
5566,5.708775313,5.328411794,4.696239151,3.905496625,4.859578106,4.141613376,4.743400084,5.28652395,6.177789228
5567,5.708775313,5.328411794,4.696239151,3.905496625,4.859578106,4.141613376,4.743400084,5.28652395,6.177789228
5568,5.708775313,5.328411794,4.696239151,3.905496625,4.859578106,4.141613376,4.743400084,5.28652395,6.177789228
5569,5.708775313,5.328411794,4.696239151,3.905496625,4.859578106,4.141613376,4.743400084,5.28652395,6.177789228
5570,5.708775313,5.328411794,4.696239151,3.905496625,4.859578106,4.141613376,4.743400084,5.28652395,6.177789228
5571,5.708775313,5.328411794,4.696239151,3.905496625,4.859578106,4.141613376,4.743400084,5.28652395,6.177789228
5572,5.708775313,5.328411794,4.696239151,3.905496625,4.859578106,4.141613376,4.743400084,5.28652395,6.177789228
5573,5.708775313,5.328411794,4.696239151,3.905496625,4.859578106,4.141613376,4.743400084,5.28652395,6.177789228
5574,5.708775313,5.328411794,4.696239151,3.905496625,4.859578106,4.141613376,4.743400084,5.28652395,6.177789228
5575,5.708775313,5.328411794,4.696239151,3.905496625,4.859578106,4.141613376,4.743400084,5.28652395,6.177789228
5576,5.708775313,5.328411794,4.696239151,3.905496625,4.859578106,4.141613376,4.743400084,5.28652395,6.177789228
5577,5.708775313,5.328411794,4.696239151,3.905496625,4.859578106,4.141613376,4.743400084,5.28652395,6.177789228
5578,5.708775313,5.328411794,4.696239151,3.905496625,4.859578106,4.141613376,4.743400084,5.28652395,6.177789228
5579,5.708775313,5.328411794,4.696239151,3.905496625,4.859578106,4.141613376,4.743400084,5.28652395,6.177789228
5580,5.708775313,5.328411794,4.696239151,3.905496625,4.859578106,4.141613376,4.743400084,5.28652395,6.177789228
5581,5.708775313,5.328411794,4.696239151,3.905496625,4.859578106,4.141613376,4.743400084,5.28652395,6.177789228
5582,5.708775313,5.328411794,4.696239151,3.905496625,4.859578106,4.141613376,4.743400084,5.28652395,6.177789228
5583,5.708775313,5.328411794,4.696239151,3.905496625,4.859578106,4.141613376,4.743400084,5.28652395,6.177789228
5584,5.708775313,5.328411794,4.696239151,3.905496625,4.859578106,4.141613376,4.743400084,5.28652395,6.177789228
5585,5.708775313,5.328411794,4.696239151,3.905496625,4.859578106,4.141613376,4.743400084,5.28652395,6.177789228
5586,5.708775313,5.328411794,4.696239151,3.905496625,4.859578106,4.141613376,4.743400084,5.28652395,6.177789228
5587,5.708775313,5.328411794,4.696239151,3.905496625,4.859578106,4.141613376,4.743400084,5.28652395,6.177789228
5588,5.708775313,5.328411794,4.696239151,3.905496625,4.859578106,4.141613376,4.743400084,5.28652395,6.177789228
5589,5.708775313,5.328411794,4.696239151,3.905496625,4.859578106,4.141613376,4.743400084,5.28652395,6.177789228
5590,5.708775313,5.328411794,4.696239151,3.905496625,4.859578106,4.141613376,4.743400084,5.28652395,6.177789228
5591,5.708775313,5.328411794,4.696239151,3.905496625,4.859578106,4.141613376,4.743400084,5.28652395,6.177789228
5592,5.708775313,5.328411794,4.696239151,3.905496625,4.859578106,4.141613376,4.743400084,5.28652395,6.177789228
5593,5.708775313,5.328411794,4.696239151,3.905496625,4.859578106,4.141613376,4.743400084,5.28652395,6.177789228
5594,5.708775313,5.328411794,4.696239151,3.905496625,4.859578106,4.141613376,4.743400084,5.28652395,6.177789228
5595,5.708775313,5.328411794,4.696239151,3.905496625,4.859578106,4.141613376,4.743400084,5.28652395,6.177789228
5596,5.708775313,5.328411794,4.696239151,3.905496625,4.859578106,4.141613376,4.743400084,5.28652395,6.177789228
5597,5.708775313,5.328411794,4.696239151,3.905496625,4.859578106,4.141613376,4.743400084,5.28652395,6.177789228
5598,5.708775313,5.328411794,4.696239151,3.905496625,4.859578106,4.141613376,4.743400084,5.28652395,6.177789228
5599,5.708775313,5.328411794,4.696239151,3.905496625,4.859578106,4.141613376,4.743400084,5.28652395,6.177789228
5600,5.708775313,5.328411794,4.696239151,3.905496625,4.859578106,4.141613376,4.743400084,5.28652395,6.177789228
5601,5.708775313,5.328411794,4.696239151,3.905496625,4.859578106,4.141613376,4.743400084,5.28652395,6.177789228
5602,5.708775313,5.328411794,4.696239151,3.905496625,4.859578106,4.141613376,4.743400084,5.28652395,6.177789228
5603,5.708775313,5.328411794,4.696239151,3.905496625,4.859578106,4.141613376,4.743400084,5.28652395,6.177789228
5604,5.708775313,5.328411794,4.696239151,3.905496625,4.859578106,4.141613376,4.743400084,5.28652395,6.177789228
5605,5.708775313,5.328411794,4.696239151,3.905496625,4.859578106,4.141613376,4.743400084,5.28652395,6.177789228
5606,5.708775313,5.328411794,4.696239151,3.905496625,4.859578106,4.141613376,4.743400084,5.28652395,6.177789228
5607,5.708775313,5.328411794,4.696239151,3.905496625,4.859578106,4.141613376,4.743400084,5.28652395,6.177789228
5608,5.708775313,5.328411794,4.696239151,3.905496625,4.859578106,4.141613376,4.743400084,5.28652395,6.177789228
5609,5.708775313,5.328411794,4.696239151,3.905496625,4.859578106,4.141613376,4.743400084,5.28652395,6.177789228
5610,5.708775313,5.328411794,4.696239151,3.905496625,4.859578106,4.141613376,4.743400084,5.28652395,6.177789228
5611,5.708775313,5.328411794,4.696239151,3.905496625,4.859578106,4.141613376,4.743400084,5.28652395,6.177789228
5612,5.708775313,5.328411794,4.696239151,3.905496625,4.859578106,4.141613376,4.743400084,5.28652395,6.177789228
5613,5.708775313,5.328411794,4.696239151,3.905496625,4.859578106,4.141613376,4.743400084,5.28652395,6.177789228
5614,5.708775313,5.328411794,4.696239151,3.905496625,4.859578106,4.141613376,4.743400084,5.28652395,6.177789228
5615,5.708775313,5.328411794,4.696239151,3.905496625,4.859578106,4.141613376,4.743400084,5.28652395,6.177789228
5616,5.708775313,5.328411794,4.696239151,3.905496625,4.859578106,4.141613376,4.743400084,5.28652395,6.177789228
5617,5.708775313,5.328411794,4.696239151,3.905496625,4.859578106,4.141613376,4.743400084,5.28652395,6.177789228
5618,5.708775313,5.328411794,4.696239151,3.905496625,4.859578106,4.141613376,4.743400084,5.28652395,6.177789228
5619,5.708775313,5.328411794,4.696239151,3.905496625,4.859578106,4.141613376,4.743400084,5.28652395,6.177789228
5620,5.708775313,5.328411794,4.696239151,3.905496625,4.859578106,4.141613376,4.743400084,5.28652395,6.177789228
5621,5.708775313,5.328411794,4.696239151,3.905496625,4.859578106,4.141613376,4.743400084,5.28652395,6.177789228
5622,5.708775313,5.328411794,4.696239151,3.905496625,4.859578106,4.141613376,4.743400084,5.28652395,6.177789228
5623,5.708775313,5.328411794,4.696239151,3.905496625,4.859578106,4.141613376,4.743400084,5.28652395,6.177789228
5624,5.708775313,5.328411794,4.696239151,3.905496625,4.859578106,4.141613376,4.743400084,5.28652395,6.177789228
5625,5.708775313,5.328411794,4.696239151,3.905496625,4.859578106,4.141613376,4.743400084,5.28652395,6.177789228
5626,5.708775313,5.328411794,4.696239151,3.905496625,4.859578106,4.141613376,4.743400084,5.28652395,6.177789228
5627,5.708775313,5.328411794,4.696239151,3.905496625,4.859578106,4.141613376,4.743400084,5.28652395,6.177789228
5628,5.708775313,5.328411794,4.696239151,3.905496625,4.859578106,4.141613376,4.743400084,5.28652395,6.177789228
5629,5.708775313,5.328411794,4.696239151,3.905496625,4.859578106,4.141613376,4.743400084,5.28652395,6.177789228
5630,5.708775313,5.328411794,4.696239151,3.905496625,4.859578106,4.141613376,4.743400084,5.28652395,6.177789228
5631,5.708775313,5.328411794,4.696239151,3.905496625,4.859578106,4.141613376,4.743400084,5.28652395,6.177789228
5632,5.708775313,5.328411794,4.696239151,3.905496625,4.859578106,4.141613376,4.743400084,5.28652395,6.177789228
5633,5.708775313,5.328411794,4.696239151,3.905496625,4.859578106,4.141613376,4.743400084,5.28652395,6.177789228
5634,5.708775313,5.328411794,4.696239151,3.905496625,4.859578106,4.141613376,4.743400084,5.28652395,6.177789228
5635,5.708775313,5.328411794,4.696239151,3.905496625,4.859578106,4.141613376,4.743400084,5.28652395,6.177789228
5636,5.708775313,5.328411794,4.696239151,3.905496625,4.859578106,4.141613376,4.743400084,5.28652395,6.177789228
5637,5.708775313,5.328411794,4.696239151,3.905496625,4.859578106,4.141613376,4.743400084,5.28652395,6.177789228
5638,5.708775313,5.328411794,4.696239151,3.905496625,4.859578106,4.141613376,4.743400084,5.28652395,6.177789228
5639,5.708775313,5.328411794,4.696239151,3.905496625,4.859578106,4.141613376,4.743400084,5.28652395,6.177789228
5640,5.708775313,5.328411794,4.696239151,3.905496625,4.859578106,4.141613376,4.743400084,5.28652395,6.177789228
5641,5.708775313,5.328411794,4.696239151,3.905496625,4.859578106,4.141613376,4.743400084,5.28652395,6.177789228
5642,5.708775313,5.328411794,4.696239151,3.905496625,4.859578106,4.141613376,4.743400084,5.28652395,6.177789228
5643,5.708775313,5.328411794,4.696239151,3.905496625,4.859578106,4.141613376,4.743400084,5.28652395,6.177789228
5644,5.708775313,5.328411794,4.696239151,3.905496625,4.859578106,4.141613376,4.743400084,5.28652395,6.177789228
5645,5.708775313,5.328411794,4.696239151,3.905496625,4.859578106,4.141613376,4.743400084,5.28652395,6.177789228
5646,5.708775313,5.328411794,4.696239151,3.905496625,4.859578106,4.141613376,4.743400084,5.28652395,6.177789228
5647,5.708775313,5.328411794,4.696239151,3.905496625,4.859578106,4.141613376,4.743400084,5.28652395,6.177789228
5648,5.708775313,5.328411794,4.696239151,3.905496625,4.859578106,4.141613376,4.743400084,5.28652395,6.177789228
5649,5.708775313,5.328411794,4.696239151,3.905496625,4.859578106,4.141613376,4.743400084,5.28652395,6.177789228
5650,5.708775313,5.328411794,4.696239151,3.905496625,4.859578106,4.141613376,4.743400084,5.28652395,6.177789228
5651,5.708775313,5.328411794,4.696239151,3.905496625,4.859578106,4.141613376,4.743400084,5.28652395,6.177789228
5652,5.708775313,5.328411794,4.696239151,3.905496625,4.859578106,4.141613376,4.743400084,5.28652395,6.177789228
5653,5.708775313,5.328411794,4.696239151,3.905496625,4.859578106,4.141613376,4.743400084,5.28652395,6.177789228
5654,5.708775313,5.328411794,4.696239151,3.905496625,4.859578106,4.141613376,4.743400084,5.28652395,6.177789228
5655,5.708775313,5.328411794,4.696239151,3.905496625,4.859578106,4.141613376,4.743400084,5.28652395,6.177789228
5656,5.708775313,5.328411794,4.696239151,3.905496625,4.859578106,4.141613376,4.743400084,5.28652395,6.177789228
5657,5.708775313,5.328411794,4.696239151,3.905496625,4.859578106,4.141613376,4.743400084,5.28652395,6.177789228
5658,5.708775313,5.328411794,4.696239151,3.905496625,4.859578106,4.141613376,4.743400084,5.28652395,6.177789228
5659,5.708775313,5.328411794,4.696239151,3.905496625,4.859578106,4.141613376,4.743400084,5.28652395,6.177789228
5660,5.708775313,5.328411794,4.696239151,3.905496625,4.859578106,4.141613376,4.743400084,5.28652395,6.177789228
5661,5.708775313,5.328411794,4.696239151,3.905496625,4.859578106,4.141613376,4.743400084,5.28652395,6.177789228
5662,5.708775313,5.328411794,4.696239151,3.905496625,4.859578106,4.141613376,4.743400084,5.28652395,6.177789228
5663,5.708775313,5.328411794,4.696239151,3.905496625,4.859578106,4.141613376,4.743400084,5.28652395,6.177789228
5664,5.708775313,5.328411794,4.696239151,3.905496625,4.859578106,4.141613376,4.743400084,5.28652395,6.177789228
5665,5.708775313,5.328411794,4.696239151,3.905496625,4.859578106,4.141613376,4.743400084,5.28652395,6.177789228
5666,5.708775313,5.328411794,4.696239151,3.905496625,4.859578106,4.141613376,4.743400084,5.28652395,6.177789228
5667,5.708775313,5.328411794,4.696239151,3.905496625,4.859578106,4.141613376,4.743400084,5.28652395,6.177789228
5668,5.708775313,5.328411794,4.696239151,3.905496625,4.859578106,4.141613376,4.743400084,5.28652395,6.177789228
5669,5.708775313,5.328411794,4.696239151,3.905496625,4.859578106,4.141613376,4.743400084,5.28652395,6.177789228
5670,5.708775313,5.328411794,4.696239151,3.905496625,4.859578106,4.141613376,4.743400084,5.28652395,6.177789228
5671,5.708775313,5.328411794,4.696239151,3.905496625,4.859578106,4.141613376,4.743400084,5.28652395,6.177789228
5672,5.708775313,5.328411794,4.696239151,3.905496625,4.859578106,4.141613376,4.743400084,5.28652395,6.177789228
5673,5.708775313,5.328411794,4.696239151,3.905496625,4.859578106,4.141613376,4.743400084,5.28652395,6.177789228
5674,5.708775313,5.328411794,4.696239151,3.905496625,4.859578106,4.141613376,4.743400084,5.28652395,6.177789228
5675,5.708775313,5.328411794,4.696239151,3.905496625,4.859578106,4.141613376,4.743400084,5.28652395,6.177789228
5676,5.708775313,5.328411794,4.696239151,3.905496625,4.859578106,4.141613376,4.743400084,5.28652395,6.177789228
5677,5.708775313,5.328411794,4.696239151,3.905496625,4.859578106,4.141613376,4.743400084,5.28652395,6.177789228
5678,5.708775313,5.328411794,4.696239151,3.905496625,4.859578106,4.141613376,4.743400084,5.28652395,6.177789228
5679,5.708775313,5.328411794,4.696239151,3.905496625,4.859578106,4.141613376,4.743400084,5.28652395,6.177789228
5680,5.708775313,5.328411794,4.696239151,3.905496625,4.859578106,4.141613376,4.743400084,5.28652395,6.177789228
5681,5.708775313,5.328411794,4.696239151,3.905496625,4.859578106,4.141613376,4.743400084,5.28652395,6.177789228
5682,5.708775313,5.328411794,4.696239151,3.905496625,4.859578106,4.141613376,4.743400084,5.28652395,6.177789228
5683,5.708775313,5.328411794,4.696239151,3.905496625,4.859578106,4.141613376,4.743400084,5.28652395,6.177789228
5684,5.708775313,5.328411794,4.696239151,3.905496625,4.859578106,4.141613376,4.743400084,5.28652395,6.177789228
5685,5.708775313,5.328411794,4.696239151,3.905496625,4.859578106,4.141613376,4.743400084,5.28652395,6.177789228
5686,5.708775313,5.328411794,4.696239151,3.905496625,4.859578106,4.141613376,4.743400084,5.28652395,6.177789228
5687,5.708775313,5.328411794,4.696239151,3.905496625,4.859578106,4.141613376,4.743400084,5.28652395,6.177789228
5688,5.708775313,5.328411794,4.696239151,3.905496625,4.859578106,4.141613376,4.743400084,5.28652395,6.177789228
5689,5.708775313,5.328411794,4.696239151,3.905496625,4.859578106,4.141613376,4.743400084,5.28652395,6.177789228
5690,5.708775313,5.328411794,4.696239151,3.905496625,4.859578106,4.141613376,4.743400084,5.28652395,6.177789228
5691,5.708775313,5.328411794,4.696239151,3.905496625,4.859578106,4.141613376,4.743400084,5.28652395,6.177789228
5692,5.708775313,5.328411794,4.696239151,3.905496625,4.859578106,4.141613376,4.743400084,5.28652395,6.177789228
5693,5.708775313,5.328411794,4.696239151,3.905496625,4.859578106,4.141613376,4.743400084,5.28652395,6.177789228
5694,5.708775313,5.328411794,4.696239151,3.905496625,4.859578106,4.141613376,4.743400084,5.28652395,6.177789228
5695,5.708775313,5.328411794,4.696239151,3.905496625,4.859578106,4.141613376,4.743400084,5.28652395,6.177789228
5696,5.708775313,5.328411794,4.696239151,3.905496625,4.859578106,4.141613376,4.743400084,5.28652395,6.177789228
5697,5.708775313,5.328411794,4.696239151,3.905496625,4.859578106,4.141613376,4.743400084,5.28652395,6.177789228
5698,5.708775313,5.328411794,4.696239151,3.905496625,4.859578106,4.141613376,4.743400084,5.28652395,6.177789228
5699,5.708775313,5.328411794,4.696239151,3.905496625,4.859578106,4.141613376,4.743400084,5.28652395,6.177789228
5700,5.708775313,5.328411794,4.696239151,3.905496625,4.859578106,4.141613376,4.743400084,5.28652395,6.177789228
5701,5.708775313,5.328411794,4.696239151,3.905496625,4.859578106,4.141613376,4.743400084,5.28652395,6.177789228
5702,5.708775313,5.328411794,4.696239151,3.905496625,4.859578106,4.141613376,4.743400084,5.28652395,6.177789228
5703,5.708775313,5.328411794,4.696239151,3.905496625,4.859578106,4.141613376,4.743400084,5.28652395,6.177789228
5704,5.708775313,5.328411794,4.696239151,3.905496625,4.859578106,4.141613376,4.743400084,5.28652395,6.177789228
5705,5.708775313,5.328411794,4.696239151,3.905496625,4.859578106,4.141613376,4.743400084,5.28652395,6.177789228
5706,5.708775313,5.328411794,4.696239151,3.905496625,4.859578106,4.141613376,4.743400084,5.28652395,6.177789228
5707,5.708775313,5.328411794,4.696239151,3.905496625,4.859578106,4.141613376,4.743400084,5.28652395,6.177789228
5708,5.708775313,5.328411794,4.696239151,3.905496625,4.859578106,4.141613376,4.743400084,5.28652395,6.177789228
5709,5.708775313,5.328411794,4.696239151,3.905496625,4.859578106,4.141613376,4.743400084,5.28652395,6.177789228
5710,5.708775313,5.328411794,4.696239151,3.905496625,4.859578106,4.141613376,4.743400084,5.28652395,6.177789228
5711,5.708775313,5.328411794,4.696239151,3.905496625,4.859578106,4.141613376,4.743400084,5.28652395,6.177789228
5712,5.708775313,5.328411794,4.696239151,3.905496625,4.859578106,4.141613376,4.743400084,5.28652395,6.177789228
5713,5.708775313,5.328411794,4.696239151,3.905496625,4.859578106,4.141613376,4.743400084,5.28652395,6.177789228
5714,5.708775313,5.328411794,4.696239151,3.905496625,4.859578106,4.141613376,4.743400084,5.28652395,6.177789228
5715,5.708775313,5.328411794,4.696239151,3.905496625,4.859578106,4.141613376,4.743400084,5.28652395,6.177789228
5716,5.708775313,5.328411794,4.696239151,3.905496625,4.859578106,4.141613376,4.743400084,5.28652395,6.177789228
5717,5.708775313,5.328411794,4.696239151,3.905496625,4.859578106,4.141613376,4.743400084,5.28652395,6.177789228
5718,5.708775313,5.328411794,4.696239151,3.905496625,4.859578106,4.141613376,4.743400084,5.28652395,6.177789228
5719,5.708775313,5.328411794,4.696239151,3.905496625,4.859578106,4.141613376,4.743400084,5.28652395,6.177789228
5720,5.708775313,5.328411794,4.696239151,3.905496625,4.859578106,4.141613376,4.743400084,5.28652395,6.177789228
5721,5.708775313,5.328411794,4.696239151,3.905496625,4.859578106,4.141613376,4.743400084,5.28652395,6.177789228
5722,5.708775313,5.328411794,4.696239151,3.905496625,4.859578106,4.141613376,4.743400084,5.28652395,6.177789228
5723,5.708775313,5.328411794,4.696239151,3.905496625,4.859578106,4.141613376,4.743400084,5.28652395,6.177789228
5724,5.708775313,5.328411794,4.696239151,3.905496625,4.859578106,4.141613376,4.743400084,5.28652395,6.177789228
5725,5.708775313,5.328411794,4.696239151,3.905496625,4.859578106,4.141613376,4.743400084,5.28652395,6.177789228
5726,5.708775313,5.328411794,4.696239151,3.905496625,4.859578106,4.141613376,4.743400084,5.28652395,6.177789228
5727,5.708775313,5.328411794,4.696239151,3.905496625,4.859578106,4.141613376,4.743400084,5.28652395,6.177789228
5728,5.708775313,5.328411794,4.696239151,3.905496625,4.859578106,4.141613376,4.743400084,5.28652395,6.177789228
5729,5.708775313,5.328411794,4.696239151,3.905496625,4.859578106,4.141613376,4.743400084,5.28652395,6.177789228
5730,5.708775313,5.328411794,4.696239151,3.905496625,4.859578106,4.141613376,4.743400084,5.28652395,6.177789228
5731,5.708775313,5.328411794,4.696239151,3.905496625,4.859578106,4.141613376,4.743400084,5.28652395,6.177789228
5732,5.708775313,5.328411794,4.696239151,3.905496625,4.859578106,4.141613376,4.743400084,5.28652395,6.177789228
5733,5.708775313,5.328411794,4.696239151,3.905496625,4.859578106,4.141613376,4.743400084,5.28652395,6.177789228
5734,5.708775313,5.328411794,4.696239151,3.905496625,4.859578106,4.141613376,4.743400084,5.28652395,6.177789228
5735,5.708775313,5.328411794,4.696239151,3.905496625,4.859578106,4.141613376,4.743400084,5.28652395,6.177789228
5736,5.708775313,5.328411794,4.696239151,3.905496625,4.859578106,4.141613376,4.743400084,5.28652395,6.177789228
5737,5.708775313,5.328411794,4.696239151,3.905496625,4.859578106,4.141613376,4.743400084,5.28652395,6.177789228
5738,5.708775313,5.328411794,4.696239151,3.905496625,4.859578106,4.141613376,4.743400084,5.28652395,6.177789228
5739,5.708775313,5.328411794,4.696239151,3.905496625,4.859578106,4.141613376,4.743400084,5.28652395,6.177789228
5740,5.708775313,5.328411794,4.696239151,3.905496625,4.859578106,4.141613376,4.743400084,5.28652395,6.177789228
5741,5.708775313,5.328411794,4.696239151,3.905496625,4.859578106,4.141613376,4.743400084,5.28652395,6.177789228
5742,5.708775313,5.328411794,4.696239151,3.905496625,4.859578106,4.141613376,4.743400084,5.28652395,6.177789228
5743,5.708775313,5.328411794,4.696239151,3.905496625,4.859578106,4.141613376,4.743400084,5.28652395,6.177789228
5744,5.708775313,5.328411794,4.696239151,3.905496625,4.859578106,4.141613376,4.743400084,5.28652395,6.177789228
5745,5.708775313,5.328411794,4.696239151,3.905496625,4.859578106,4.141613376,4.743400084,5.28652395,6.177789228
5746,5.708775313,5.328411794,4.696239151,3.905496625,4.859578106,4.141613376,4.743400084,5.28652395,6.177789228
5747,5.708775313,5.328411794,4.696239151,3.905496625,4.859578106,4.141613376,4.743400084,5.28652395,6.177789228
5748,5.708775313,5.328411794,4.696239151,3.905496625,4.859578106,4.141613376,4.743400084,5.28652395,6.177789228
5749,5.708775313,5.328411794,4.696239151,3.905496625,4.859578106,4.141613376,4.743400084,5.28652395,6.177789228
5750,5.708775313,5.328411794,4.696239151,3.905496625,4.859578106,4.141613376,4.743400084,5.28652395,6.177789228
5751,5.708775313,5.328411794,4.696239151,3.905496625,4.859578106,4.141613376,4.743400084,5.28652395,6.177789228
5752,5.708775313,5.328411794,4.696239151,3.905496625,4.859578106,4.141613376,4.743400084,5.28652395,6.177789228
5753,5.708775313,5.328411794,4.696239151,3.905496625,4.859578106,4.141613376,4.743400084,5.28652395,6.177789228
5754,5.708775313,5.328411794,4.696239151,3.905496625,4.859578106,4.141613376,4.743400084,5.28652395,6.177789228
5755,5.708775313,5.328411794,4.696239151,3.905496625,4.859578106,4.141613376,4.743400084,5.28652395,6.177789228
5756,5.708775313,5.328411794,4.696239151,3.905496625,4.859578106,4.141613376,4.743400084,5.28652395,6.177789228
5757,5.708775313,5.328411794,4.696239151,3.905496625,4.859578106,4.141613376,4.743400084,5.28652395,6.177789228
5758,5.708775313,5.328411794,4.696239151,3.905496625,4.859578106,4.141613376,4.743400084,5.28652395,6.177789228
5759,5.708775313,5.328411794,4.696239151,3.905496625,4.859578106,4.141613376,4.743400084,5.28652395,6.177789228
5760,5.708775313,5.328411794,4.696239151,3.905496625,4.859578106,4.141613376,4.743400084,5.28652395,6.177789228
5761,5.708775313,5.328411794,4.696239151,3.905496625,4.859578106,4.141613376,4.743400084,5.28652395,6.177789228
5762,5.708775313,5.328411794,4.696239151,3.905496625,4.859578106,4.141613376,4.743400084,5.28652395,6.177789228
5763,5.708775313,5.328411794,4.696239151,3.905496625,4.859578106,4.141613376,4.743400084,5.28652395,6.177789228
5764,5.708775313,5.328411794,4.696239151,3.905496625,4.859578106,4.141613376,4.743400084,5.28652395,6.177789228
5765,5.708775313,5.328411794,4.696239151,3.905496625,4.859578106,4.141613376,4.743400084,5.28652395,6.177789228
5766,5.708775313,5.328411794,4.696239151,3.905496625,4.859578106,4.141613376,4.743400084,5.28652395,6.177789228
5767,5.708775313,5.328411794,4.696239151,3.905496625,4.859578106,4.141613376,4.743400084,5.28652395,6.177789228
5768,5.708775313,5.328411794,4.696239151,3.905496625,4.859578106,4.141613376,4.743400084,5.28652395,6.177789228
5769,5.708775313,5.328411794,4.696239151,3.905496625,4.859578106,4.141613376,4.743400084,5.28652395,6.177789228
5770,5.708775313,5.328411794,4.696239151,3.905496625,4.859578106,4.141613376,4.743400084,5.28652395,6.177789228
5771,5.708775313,5.328411794,4.696239151,3.905496625,4.859578106,4.141613376,4.743400084,5.28652395,6.177789228
5772,5.708775313,5.328411794,4.696239151,3.905496625,4.859578106,4.141613376,4.743400084,5.28652395,6.177789228
5773,5.708775313,5.328411794,4.696239151,3.905496625,4.859578106,4.141613376,4.743400084,5.28652395,6.177789228
5774,5.708775313,5.328411794,4.696239151,3.905496625,4.859578106,4.141613376,4.743400084,5.28652395,6.177789228
5775,5.708775313,5.328411794,4.696239151,3.905496625,4.859578106,4.141613376,4.743400084,5.28652395,6.177789228
5776,5.708775313,5.328411794,4.696239151,3.905496625,4.859578106,4.141613376,4.743400084,5.28652395,6.177789228
5777,5.708775313,5.328411794,4.696239151,3.905496625,4.859578106,4.141613376,4.743400084,5.28652395,6.177789228
5778,5.708775313,5.328411794,4.696239151,3.905496625,4.859578106,4.141613376,4.743400084,5.28652395,6.177789228
5779,5.708775313,5.328411794,4.696239151,3.905496625,4.859578106,4.141613376,4.743400084,5.28652395,6.177789228
5780,5.708775313,5.328411794,4.696239151,3.905496625,4.859578106,4.141613376,4.743400084,5.28652395,6.177789228
5781,5.708775313,5.328411794,4.696239151,3.905496625,4.859578106,4.141613376,4.743400084,5.28652395,6.177789228
5782,5.708775313,5.328411794,4.696239151,3.905496625,4.859578106,4.141613376,4.743400084,5.28652395,6.177789228
5783,5.708775313,5.328411794,4.696239151,3.905496625,4.859578106,4.141613376,4.743400084,5.28652395,6.177789228
5784,5.708775313,5.328411794,4.696239151,3.905496625,4.859578106,4.141613376,4.743400084,5.28652395,6.177789228
5785,5.708775313,5.328411794,4.696239151,3.905496625,4.859578106,4.141613376,4.743400084,5.28652395,6.177789228
5786,5.708775313,5.328411794,4.696239151,3.905496625,4.859578106,4.141613376,4.743400084,5.28652395,6.177789228
5787,5.708775313,5.328411794,4.696239151,3.905496625,4.859578106,4.141613376,4.743400084,5.28652395,6.177789228
5788,5.708775313,5.328411794,4.696239151,3.905496625,4.859578106,4.141613376,4.743400084,5.28652395,6.177789228
5789,5.708775313,5.328411794,4.696239151,3.905496625,4.859578106,4.141613376,4.743400084,5.28652395,6.177789228
5790,5.708775313,5.328411794,4.696239151,3.905496625,4.859578106,4.141613376,4.743400084,5.28652395,6.177789228
5791,5.708775313,5.328411794,4.696239151,3.905496625,4.859578106,4.141613376,4.743400084,5.28652395,6.177789228
5792,5.708775313,5.328411794,4.696239151,3.905496625,4.859578106,4.141613376,4.743400084,5.28652395,6.177789228
5793,5.708775313,5.328411794,4.696239151,3.905496625,4.859578106,4.141613376,4.743400084,5.28652395,6.177789228
5794,5.708775313,5.328411794,4.696239151,3.905496625,4.859578106,4.141613376,4.743400084,5.28652395,6.177789228
5795,5.708775313,5.328411794,4.696239151,3.905496625,4.859578106,4.141613376,4.743400084,5.28652395,6.177789228
5796,5.708775313,5.328411794,4.696239151,3.905496625,4.859578106,4.141613376,4.743400084,5.28652395,6.177789228
5797,5.708775313,5.328411794,4.696239151,3.905496625,4.859578106,4.141613376,4.743400084,5.28652395,6.177789228
5798,5.708775313,5.328411794,4.696239151,3.905496625,4.859578106,4.141613376,4.743400084,5.28652395,6.177789228
5799,5.708775313,5.328411794,4.696239151,3.905496625,4.859578106,4.141613376,4.743400084,5.28652395,6.177789228
5800,5.708775313,5.328411794,4.696239151,3.905496625,4.859578106,4.141613376,4.743400084,5.28652395,6.177789228
5801,5.708775313,5.328411794,4.696239151,3.905496625,4.859578106,4.141613376,4.743400084,5.28652395,6.177789228
5802,5.708775313,5.328411794,4.696239151,3.905496625,4.859578106,4.141613376,4.743400084,5.28652395,6.177789228
5803,5.708775313,5.328411794,4.696239151,3.905496625,4.859578106,4.141613376,4.743400084,5.28652395,6.177789228
5804,5.708775313,5.328411794,4.696239151,3.905496625,4.859578106,4.141613376,4.743400084,5.28652395,6.177789228
5805,5.708775313,5.328411794,4.696239151,3.905496625,4.859578106,4.141613376,4.743400084,5.28652395,6.177789228
5806,5.708775313,5.328411794,4.696239151,3.905496625,4.859578106,4.141613376,4.743400084,5.28652395,6.177789228
5807,5.708775313,5.328411794,4.696239151,3.905496625,4.859578106,4.141613376,4.743400084,5.28652395,6.177789228
5808,5.708775313,5.328411794,4.696239151,3.905496625,4.859578106,4.141613376,4.743400084,5.28652395,6.177789228
5809,5.708775313,5.328411794,4.696239151,3.905496625,4.859578106,4.141613376,4.743400084,5.28652395,6.177789228
5810,5.708775313,5.328411794,4.696239151,3.905496625,4.859578106,4.141613376,4.743400084,5.28652395,6.177789228
5811,5.708775313,5.328411794,4.696239151,3.905496625,4.859578106,4.141613376,4.743400084,5.28652395,6.177789228
5812,5.708775313,5.328411794,4.696239151,3.905496625,4.859578106,4.141613376,4.743400084,5.28652395,6.177789228
5813,5.708775313,5.328411794,4.696239151,3.905496625,4.859578106,4.141613376,4.743400084,5.28652395,6.177789228
5814,5.708775313,5.328411794,4.696239151,3.905496625,4.859578106,4.141613376,4.743400084,5.28652395,6.177789228
5815,5.708775313,5.328411794,4.696239151,3.905496625,4.859578106,4.141613376,4.743400084,5.28652395,6.177789228
5816,5.708775313,5.328411794,4.696239151,3.905496625,4.859578106,4.141613376,4.743400084,5.28652395,6.177789228
5817,5.708775313,5.328411794,4.696239151,3.905496625,4.859578106,4.141613376,4.743400084,5.28652395,6.177789228
5818,5.708775313,5.328411794,4.696239151,3.905496625,4.859578106,4.141613376,4.743400084,5.28652395,6.177789228
5819,5.708775313,5.328411794,4.696239151,3.905496625,4.859578106,4.141613376,4.743400084,5.28652395,6.177789228
5820,5.708775313,5.328411794,4.696239151,3.905496625,4.859578106,4.141613376,4.743400084,5.28652395,6.177789228
5821,5.708775313,5.328411794,4.696239151,3.905496625,4.859578106,4.141613376,4.743400084,5.28652395,6.177789228
5822,5.708775313,5.328411794,4.696239151,3.905496625,4.859578106,4.141613376,4.743400084,5.28652395,6.177789228
5823,5.708775313,5.328411794,4.696239151,3.905496625,4.859578106,4.141613376,4.743400084,5.28652395,6.177789228
5824,5.708775313,5.328411794,4.696239151,3.905496625,4.859578106,4.141613376,4.743400084,5.28652395,6.177789228
5825,5.708775313,5.328411794,4.696239151,3.905496625,4.859578106,4.141613376,4.743400084,5.28652395,6.177789228
5826,5.708775313,5.328411794,4.696239151,3.905496625,4.859578106,4.141613376,4.743400084,5.28652395,6.177789228
5827,5.708775313,5.328411794,4.696239151,3.905496625,4.859578106,4.141613376,4.743400084,5.28652395,6.177789228
5828,5.708775313,5.328411794,4.696239151,3.905496625,4.859578106,4.141613376,4.743400084,5.28652395,6.177789228
5829,5.708775313,5.328411794,4.696239151,3.905496625,4.859578106,4.141613376,4.743400084,5.28652395,6.177789228
5830,5.708775313,5.328411794,4.696239151,3.905496625,4.859578106,4.141613376,4.743400084,5.28652395,6.177789228
5831,5.708775313,5.328411794,4.696239151,3.905496625,4.859578106,4.141613376,4.743400084,5.28652395,6.177789228
5832,5.708775313,5.328411794,4.696239151,3.905496625,4.859578106,4.141613376,4.743400084,5.28652395,6.177789228
5833,5.708775313,5.328411794,4.696239151,3.905496625,4.859578106,4.141613376,4.743400084,5.28652395,6.177789228
5834,5.708775313,5.328411794,4.696239151,3.905496625,4.859578106,4.141613376,4.743400084,5.28652395,6.177789228
5835,5.708775313,5.328411794,4.696239151,3.905496625,4.859578106,4.141613376,4.743400084,5.28652395,6.177789228
5836,5.708775313,5.328411794,4.696239151,3.905496625,4.859578106,4.141613376,4.743400084,5.28652395,6.177789228
5837,5.708775313,5.328411794,4.696239151,3.905496625,4.859578106,4.141613376,4.743400084,5.28652395,6.177789228
5838,5.708775313,5.328411794,4.696239151,3.905496625,4.859578106,4.141613376,4.743400084,5.28652395,6.177789228
5839,5.708775313,5.328411794,4.696239151,3.905496625,4.859578106,4.141613376,4.743400084,5.28652395,6.177789228
5840,5.708775313,5.328411794,4.696239151,3.905496625,4.859578106,4.141613376,4.743400084,5.28652395,6.177789228
5841,5.708775313,5.328411794,4.696239151,3.905496625,4.859578106,4.141613376,4.743400084,5.28652395,6.177789228
5842,5.708775313,5.328411794,4.696239151,3.905496625,4.859578106,4.141613376,4.743400084,5.28652395,6.177789228
5843,5.708775313,5.328411794,4.696239151,3.905496625,4.859578106,4.141613376,4.743400084,5.28652395,6.177789228
5844,5.708775313,5.328411794,4.696239151,3.905496625,4.859578106,4.141613376,4.743400084,5.28652395,6.177789228
5845,5.708775313,5.328411794,4.696239151,3.905496625,4.859578106,4.141613376,4.743400084,5.28652395,6.177789228
5846,5.708775313,5.328411794,4.696239151,3.905496625,4.859578106,4.141613376,4.743400084,5.28652395,6.177789228
5847,5.708775313,5.328411794,4.696239151,3.905496625,4.859578106,4.141613376,4.743400084,5.28652395,6.177789228
5848,5.708775313,5.328411794,4.696239151,3.905496625,4.859578106,4.141613376,4.743400084,5.28652395,6.177789228
5849,5.708775313,5.328411794,4.696239151,3.905496625,4.859578106,4.141613376,4.743400084,5.28652395,6.177789228
5850,5.708775313,5.328411794,4.696239151,3.905496625,4.859578106,4.141613376,4.743400084,5.28652395,6.177789228
5851,5.708775313,5.328411794,4.696239151,3.905496625,4.859578106,4.141613376,4.743400084,5.28652395,6.177789228
5852,5.708775313,5.328411794,4.696239151,3.905496625,4.859578106,4.141613376,4.743400084,5.28652395,6.177789228
5853,5.708775313,5.328411794,4.696239151,3.905496625,4.859578106,4.141613376,4.743400084,5.28652395,6.177789228
5854,5.708775313,5.328411794,4.696239151,3.905496625,4.859578106,4.141613376,4.743400084,5.28652395,6.177789228
5855,5.708775313,5.328411794,4.696239151,3.905496625,4.859578106,4.141613376,4.743400084,5.28652395,6.177789228
5856,5.708775313,5.328411794,4.696239151,3.905496625,4.859578106,4.141613376,4.743400084,5.28652395,6.177789228
5857,5.708775313,5.328411794,4.696239151,3.905496625,4.859578106,4.141613376,4.743400084,5.28652395,6.177789228
5858,5.708775313,5.328411794,4.696239151,3.905496625,4.859578106,4.141613376,4.743400084,5.28652395,6.177789228
5859,5.708775313,5.328411794,4.696239151,3.905496625,4.859578106,4.141613376,4.743400084,5.28652395,6.177789228
5860,5.708775313,5.328411794,4.696239151,3.905496625,4.859578106,4.141613376,4.743400084,5.28652395,6.177789228
5861,5.708775313,5.328411794,4.696239151,3.905496625,4.859578106,4.141613376,4.743400084,5.28652395,6.177789228
5862,5.708775313,5.328411794,4.696239151,3.905496625,4.859578106,4.141613376,4.743400084,5.28652395,6.177789228
5863,5.708775313,5.328411794,4.696239151,3.905496625,4.859578106,4.141613376,4.743400084,5.28652395,6.177789228
5864,5.708775313,5.328411794,4.696239151,3.905496625,4.859578106,4.141613376,4.743400084,5.28652395,6.177789228
5865,5.708775313,5.328411794,4.696239151,3.905496625,4.859578106,4.141613376,4.743400084,5.28652395,6.177789228
5866,5.708775313,5.328411794,4.696239151,3.905496625,4.859578106,4.141613376,4.743400084,5.28652395,6.177789228
5867,5.708775313,5.328411794,4.696239151,3.905496625,4.859578106,4.141613376,4.743400084,5.28652395,6.177789228
5868,5.708775313,5.328411794,4.696239151,3.905496625,4.859578106,4.141613376,4.743400084,5.28652395,6.177789228
5869,5.708775313,5.328411794,4.696239151,3.905496625,4.859578106,4.141613376,4.743400084,5.28652395,6.177789228
5870,5.708775313,5.328411794,4.696239151,3.905496625,4.859578106,4.141613376,4.743400084,5.28652395,6.177789228
5871,5.708775313,5.328411794,4.696239151,3.905496625,4.859578106,4.141613376,4.743400084,5.28652395,6.177789228
5872,5.708775313,5.328411794,4.696239151,3.905496625,4.859578106,4.141613376,4.743400084,5.28652395,6.177789228
5873,5.708775313,5.328411794,4.696239151,3.905496625,4.859578106,4.141613376,4.743400084,5.28652395,6.177789228
5874,5.708775313,5.328411794,4.696239151,3.905496625,4.859578106,4.141613376,4.743400084,5.28652395,6.177789228
5875,5.708775313,5.328411794,4.696239151,3.905496625,4.859578106,4.141613376,4.743400084,5.28652395,6.177789228
5876,5.708775313,5.328411794,4.696239151,3.905496625,4.859578106,4.141613376,4.743400084,5.28652395,6.177789228
5877,5.708775313,5.328411794,4.696239151,3.905496625,4.859578106,4.141613376,4.743400084,5.28652395,6.177789228
5878,5.708775313,5.328411794,4.696239151,3.905496625,4.859578106,4.141613376,4.743400084,5.28652395,6.177789228
5879,5.708775313,5.328411794,4.696239151,3.905496625,4.859578106,4.141613376,4.743400084,5.28652395,6.177789228
5880,5.708775313,5.328411794,4.696239151,3.905496625,4.859578106,4.141613376,4.743400084,5.28652395,6.177789228
5881,5.708775313,5.328411794,4.696239151,3.905496625,4.859578106,4.141613376,4.743400084,5.28652395,6.177789228
5882,5.708775313,5.328411794,4.696239151,3.905496625,4.859578106,4.141613376,4.743400084,5.28652395,6.177789228
5883,5.708775313,5.328411794,4.696239151,3.905496625,4.859578106,4.141613376,4.743400084,5.28652395,6.177789228
5884,5.708775313,5.328411794,4.696239151,3.905496625,4.859578106,4.141613376,4.743400084,5.28652395,6.177789228
5885,5.708775313,5.328411794,4.696239151,3.905496625,4.859578106,4.141613376,4.743400084,5.28652395,6.177789228
5886,5.708775313,5.328411794,4.696239151,3.905496625,4.859578106,4.141613376,4.743400084,5.28652395,6.177789228
5887,5.708775313,5.328411794,4.696239151,3.905496625,4.859578106,4.141613376,4.743400084,5.28652395,6.177789228
5888,5.708775313,5.328411794,4.696239151,3.905496625,4.859578106,4.141613376,4.743400084,5.28652395,6.177789228
5889,5.708775313,5.328411794,4.696239151,3.905496625,4.859578106,4.141613376,4.743400084,5.28652395,6.177789228
5890,5.708775313,5.328411794,4.696239151,3.905496625,4.859578106,4.141613376,4.743400084,5.28652395,6.177789228
5891,5.708775313,5.328411794,4.696239151,3.905496625,4.859578106,4.141613376,4.743400084,5.28652395,6.177789228
5892,5.708775313,5.328411794,4.696239151,3.905496625,4.859578106,4.141613376,4.743400084,5.28652395,6.177789228
5893,5.708775313,5.328411794,4.696239151,3.905496625,4.859578106,4.141613376,4.743400084,5.28652395,6.177789228
5894,5.708775313,5.328411794,4.696239151,3.905496625,4.859578106,4.141613376,4.743400084,5.28652395,6.177789228
5895,5.708775313,5.328411794,4.696239151,3.905496625,4.859578106,4.141613376,4.743400084,5.28652395,6.177789228
5896,5.708775313,5.328411794,4.696239151,3.905496625,4.859578106,4.141613376,4.743400084,5.28652395,6.177789228
5897,5.708775313,5.328411794,4.696239151,3.905496625,4.859578106,4.141613376,4.743400084,5.28652395,6.177789228
5898,5.708775313,5.328411794,4.696239151,3.905496625,4.859578106,4.141613376,4.743400084,5.28652395,6.177789228
5899,5.708775313,5.328411794,4.696239151,3.905496625,4.859578106,4.141613376,4.743400084,5.28652395,6.177789228
5900,5.708775313,5.328411794,4.696239151,3.905496625,4.859578106,4.141613376,4.743400084,5.28652395,6.177789228
5901,5.708775313,5.328411794,4.696239151,3.905496625,4.859578106,4.141613376,4.743400084,5.28652395,6.177789228
5902,5.708775313,5.328411794,4.696239151,3.905496625,4.859578106,4.141613376,4.743400084,5.28652395,6.177789228
5903,5.708775313,5.328411794,4.696239151,3.905496625,4.859578106,4.141613376,4.743400084,5.28652395,6.177789228
5904,5.708775313,5.328411794,4.696239151,3.905496625,4.859578106,4.141613376,4.743400084,5.28652395,6.177789228
5905,5.708775313,5.328411794,4.696239151,3.905496625,4.859578106,4.141613376,4.743400084,5.28652395,6.177789228
5906,5.708775313,5.328411794,4.696239151,3.905496625,4.859578106,4.141613376,4.743400084,5.28652395,6.177789228
5907,5.708775313,5.328411794,4.696239151,3.905496625,4.859578106,4.141613376,4.743400084,5.28652395,6.177789228
5908,5.708775313,5.328411794,4.696239151,3.905496625,4.859578106,4.141613376,4.743400084,5.28652395,6.177789228
5909,5.708775313,5.328411794,4.696239151,3.905496625,4.859578106,4.141613376,4.743400084,5.28652395,6.177789228
5910,5.708775313,5.328411794,4.696239151,3.905496625,4.859578106,4.141613376,4.743400084,5.28652395,6.177789228
5911,5.708775313,5.328411794,4.696239151,3.905496625,4.859578106,4.141613376,4.743400084,5.28652395,6.177789228
5912,5.708775313,5.328411794,4.696239151,3.905496625,4.859578106,4.141613376,4.743400084,5.28652395,6.177789228
5913,5.708775313,5.328411794,4.696239151,3.905496625,4.859578106,4.141613376,4.743400084,5.28652395,6.177789228
5914,5.708775313,5.328411794,4.696239151,3.905496625,4.859578106,4.141613376,4.743400084,5.28652395,6.177789228
5915,5.708775313,5.328411794,4.696239151,3.905496625,4.859578106,4.141613376,4.743400084,5.28652395,6.177789228
5916,5.708775313,5.328411794,4.696239151,3.905496625,4.859578106,4.141613376,4.743400084,5.28652395,6.177789228
5917,5.708775313,5.328411794,4.696239151,3.905496625,4.859578106,4.141613376,4.743400084,5.28652395,6.177789228
5918,5.708775313,5.328411794,4.696239151,3.905496625,4.859578106,4.141613376,4.743400084,5.28652395,6.177789228
5919,5.708775313,5.328411794,4.696239151,3.905496625,4.859578106,4.141613376,4.743400084,5.28652395,6.177789228
5920,5.708775313,5.328411794,4.696239151,3.905496625,4.859578106,4.141613376,4.743400084,5.28652395,6.177789228
5921,5.708775313,5.328411794,4.696239151,3.905496625,4.859578106,4.141613376,4.743400084,5.28652395,6.177789228
5922,5.708775313,5.328411794,4.696239151,3.905496625,4.859578106,4.141613376,4.743400084,5.28652395,6.177789228
5923,5.708775313,5.328411794,4.696239151,3.905496625,4.859578106,4.141613376,4.743400084,5.28652395,6.177789228
5924,5.708775313,5.328411794,4.696239151,3.905496625,4.859578106,4.141613376,4.743400084,5.28652395,6.177789228
5925,5.708775313,5.328411794,4.696239151,3.905496625,4.859578106,4.141613376,4.743400084,5.28652395,6.177789228
5926,5.708775313,5.328411794,4.696239151,3.905496625,4.859578106,4.141613376,4.743400084,5.28652395,6.177789228
5927,5.708775313,5.328411794,4.696239151,3.905496625,4.859578106,4.141613376,4.743400084,5.28652395,6.177789228
5928,5.708775313,5.328411794,4.696239151,3.905496625,4.859578106,4.141613376,4.743400084,5.28652395,6.177789228
5929,5.708775313,5.328411794,4.696239151,3.905496625,4.859578106,4.141613376,4.743400084,5.28652395,6.177789228
5930,5.708775313,5.328411794,4.696239151,3.905496625,4.859578106,4.141613376,4.743400084,5.28652395,6.177789228
5931,5.708775313,5.328411794,4.696239151,3.905496625,4.859578106,4.141613376,4.743400084,5.28652395,6.177789228
5932,5.708775313,5.328411794,4.696239151,3.905496625,4.859578106,4.141613376,4.743400084,5.28652395,6.177789228
5933,5.708775313,5.328411794,4.696239151,3.905496625,4.859578106,4.141613376,4.743400084,5.28652395,6.177789228
5934,5.708775313,5.328411794,4.696239151,3.905496625,4.859578106,4.141613376,4.743400084,5.28652395,6.177789228
5935,5.708775313,5.328411794,4.696239151,3.905496625,4.859578106,4.141613376,4.743400084,5.28652395,6.177789228
5936,5.708775313,5.328411794,4.696239151,3.905496625,4.859578106,4.141613376,4.743400084,5.28652395,6.177789228
5937,5.708775313,5.328411794,4.696239151,3.905496625,4.859578106,4.141613376,4.743400084,5.28652395,6.177789228
5938,5.708775313,5.328411794,4.696239151,3.905496625,4.859578106,4.141613376,4.743400084,5.28652395,6.177789228
5939,5.708775313,5.328411794,4.696239151,3.905496625,4.859578106,4.141613376,4.743400084,5.28652395,6.177789228
5940,5.708775313,5.328411794,4.696239151,3.905496625,4.859578106,4.141613376,4.743400084,5.28652395,6.177789228
5941,5.708775313,5.328411794,4.696239151,3.905496625,4.859578106,4.141613376,4.743400084,5.28652395,6.177789228
5942,5.708775313,5.328411794,4.696239151,3.905496625,4.859578106,4.141613376,4.743400084,5.28652395,6.177789228
5943,5.708775313,5.328411794,4.696239151,3.905496625,4.859578106,4.141613376,4.743400084,5.28652395,6.177789228
5944,5.708775313,5.328411794,4.696239151,3.905496625,4.859578106,4.141613376,4.743400084,5.28652395,6.177789228
5945,5.708775313,5.328411794,4.696239151,3.905496625,4.859578106,4.141613376,4.743400084,5.28652395,6.177789228
5946,5.708775313,5.328411794,4.696239151,3.905496625,4.859578106,4.141613376,4.743400084,5.28652395,6.177789228
5947,5.708775313,5.328411794,4.696239151,3.905496625,4.859578106,4.141613376,4.743400084,5.28652395,6.177789228
5948,5.708775313,5.328411794,4.696239151,3.905496625,4.859578106,4.141613376,4.743400084,5.28652395,6.177789228
5949,5.708775313,5.328411794,4.696239151,3.905496625,4.859578106,4.141613376,4.743400084,5.28652395,6.177789228
5950,5.708775313,5.328411794,4.696239151,3.905496625,4.859578106,4.141613376,4.743400084,5.28652395,6.177789228
5951,5.708775313,5.328411794,4.696239151,3.905496625,4.859578106,4.141613376,4.743400084,5.28652395,6.177789228
5952,5.708775313,5.328411794,4.696239151,3.905496625,4.859578106,4.141613376,4.743400084,5.28652395,6.177789228
5953,5.708775313,5.328411794,4.696239151,3.905496625,4.859578106,4.141613376,4.743400084,5.28652395,6.177789228
5954,5.708775313,5.328411794,4.696239151,3.905496625,4.859578106,4.141613376,4.743400084,5.28652395,6.177789228
5955,5.708775313,5.328411794,4.696239151,3.905496625,4.859578106,4.141613376,4.743400084,5.28652395,6.177789228
5956,5.708775313,5.328411794,4.696239151,3.905496625,4.859578106,4.141613376,4.743400084,5.28652395,6.177789228
5957,5.708775313,5.328411794,4.696239151,3.905496625,4.859578106,4.141613376,4.743400084,5.28652395,6.177789228
5958,5.708775313,5.328411794,4.696239151,3.905496625,4.859578106,4.141613376,4.743400084,5.28652395,6.177789228
5959,5.708775313,5.328411794,4.696239151,3.905496625,4.859578106,4.141613376,4.743400084,5.28652395,6.177789228
5960,5.708775313,5.328411794,4.696239151,3.905496625,4.859578106,4.141613376,4.743400084,5.28652395,6.177789228
5961,5.708775313,5.328411794,4.696239151,3.905496625,4.859578106,4.141613376,4.743400084,5.28652395,6.177789228
5962,5.708775313,5.328411794,4.696239151,3.905496625,4.859578106,4.141613376,4.743400084,5.28652395,6.177789228
5963,5.708775313,5.328411794,4.696239151,3.905496625,4.859578106,4.141613376,4.743400084,5.28652395,6.177789228
5964,5.708775313,5.328411794,4.696239151,3.905496625,4.859578106,4.141613376,4.743400084,5.28652395,6.177789228
5965,5.708775313,5.328411794,4.696239151,3.905496625,4.859578106,4.141613376,4.743400084,5.28652395,6.177789228
5966,5.708775313,5.328411794,4.696239151,3.905496625,4.859578106,4.141613376,4.743400084,5.28652395,6.177789228
5967,5.708775313,5.328411794,4.696239151,3.905496625,4.859578106,4.141613376,4.743400084,5.28652395,6.177789228
5968,5.708775313,5.328411794,4.696239151,3.905496625,4.859578106,4.141613376,4.743400084,5.28652395,6.177789228
5969,5.708775313,5.328411794,4.696239151,3.905496625,4.859578106,4.141613376,4.743400084,5.28652395,6.177789228
5970,5.708775313,5.328411794,4.696239151,3.905496625,4.859578106,4.141613376,4.743400084,5.28652395,6.177789228
5971,5.708775313,5.328411794,4.696239151,3.905496625,4.859578106,4.141613376,4.743400084,5.28652395,6.177789228
5972,5.708775313,5.328411794,4.696239151,3.905496625,4.859578106,4.141613376,4.743400084,5.28652395,6.177789228
5973,5.708775313,5.328411794,4.696239151,3.905496625,4.859578106,4.141613376,4.743400084,5.28652395,6.177789228
5974,5.708775313,5.328411794,4.696239151,3.905496625,4.859578106,4.141613376,4.743400084,5.28652395,6.177789228
5975,5.708775313,5.328411794,4.696239151,3.905496625,4.859578106,4.141613376,4.743400084,5.28652395,6.177789228
5976,5.708775313,5.328411794,4.696239151,3.905496625,4.859578106,4.141613376,4.743400084,5.28652395,6.177789228
5977,5.708775313,5.328411794,4.696239151,3.905496625,4.859578106,4.141613376,4.743400084,5.28652395,6.177789228
5978,5.708775313,5.328411794,4.696239151,3.905496625,4.859578106,4.141613376,4.743400084,5.28652395,6.177789228
5979,5.708775313,5.328411794,4.696239151,3.905496625,4.859578106,4.141613376,4.743400084,5.28652395,6.177789228
5980,5.708775313,5.328411794,4.696239151,3.905496625,4.859578106,4.141613376,4.743400084,5.28652395,6.177789228
5981,5.708775313,5.328411794,4.696239151,3.905496625,4.859578106,4.141613376,4.743400084,5.28652395,6.177789228
5982,5.708775313,5.328411794,4.696239151,3.905496625,4.859578106,4.141613376,4.743400084,5.28652395,6.177789228
5983,5.708775313,5.328411794,4.696239151,3.905496625,4.859578106,4.141613376,4.743400084,5.28652395,6.177789228
5984,5.708775313,5.328411794,4.696239151,3.905496625,4.859578106,4.141613376,4.743400084,5.28652395,6.177789228
5985,5.708775313,5.328411794,4.696239151,3.905496625,4.859578106,4.141613376,4.743400084,5.28652395,6.177789228
5986,5.708775313,5.328411794,4.696239151,3.905496625,4.859578106,4.141613376,4.743400084,5.28652395,6.177789228
5987,5.708775313,5.328411794,4.696239151,3.905496625,4.859578106,4.141613376,4.743400084,5.28652395,6.177789228
5988,5.708775313,5.328411794,4.696239151,3.905496625,4.859578106,4.141613376,4.743400084,5.28652395,6.177789228
5989,5.708775313,5.328411794,4.696239151,3.905496625,4.859578106,4.141613376,4.743400084,5.28652395,6.177789228
5990,5.708775313,5.328411794,4.696239151,3.905496625,4.859578106,4.141613376,4.743400084,5.28652395,6.177789228
5991,5.708775313,5.328411794,4.696239151,3.905496625,4.859578106,4.141613376,4.743400084,5.28652395,6.177789228
5992,5.708775313,5.328411794,4.696239151,3.905496625,4.859578106,4.141613376,4.743400084,5.28652395,6.177789228
5993,5.708775313,5.328411794,4.696239151,3.905496625,4.859578106,4.141613376,4.743400084,5.28652395,6.177789228
5994,5.708775313,5.328411794,4.696239151,3.905496625,4.859578106,4.141613376,4.743400084,5.28652395,6.177789228
5995,5.708775313,5.328411794,4.696239151,3.905496625,4.859578106,4.141613376,4.743400084,5.28652395,6.177789228
5996,5.708775313,5.328411794,4.696239151,3.905496625,4.859578106,4.141613376,4.743400084,5.28652395,6.177789228
5997,5.708775313,5.328411794,4.696239151,3.905496625,4.859578106,4.141613376,4.743400084,5.28652395,6.177789228
5998,5.708775313,5.328411794,4.696239151,3.905496625,4.859578106,4.141613376,4.743400084,5.28652395,6.177789228
5999,5.708775313,5.328411794,4.696239151,3.905496625,4.859578106,4.141613376,4.743400084,5.28652395,6.177789228
6000,5.708775313,5.328411794,4.696239151,3.905496625,4.859578106,4.141613376,4.743400084,5.28652395,6.177789228
6001,5.708775313,5.328411794,4.696239151,3.905496625,4.859578106,4.141613376,4.743400084,5.28652395,6.177789228
6002,5.708775313,5.328411794,4.696239151,3.905496625,4.859578106,4.141613376,4.743400084,5.28652395,6.177789228
6003,5.708775313,5.328411794,4.696239151,3.905496625,4.859578106,4.141613376,4.743400084,5.28652395,6.177789228
6004,5.708775313,5.328411794,4.696239151,3.905496625,4.859578106,4.141613376,4.743400084,5.28652395,6.177789228
6005,5.708775313,5.328411794,4.696239151,3.905496625,4.859578106,4.141613376,4.743400084,5.28652395,6.177789228
6006,5.708775313,5.328411794,4.696239151,3.905496625,4.859578106,4.141613376,4.743400084,5.28652395,6.177789228
6007,5.708775313,5.328411794,4.696239151,3.905496625,4.859578106,4.141613376,4.743400084,5.28652395,6.177789228
6008,5.708775313,5.328411794,4.696239151,3.905496625,4.859578106,4.141613376,4.743400084,5.28652395,6.177789228
6009,5.708775313,5.328411794,4.696239151,3.905496625,4.859578106,4.141613376,4.743400084,5.28652395,6.177789228
6010,5.708775313,5.328411794,4.696239151,3.905496625,4.859578106,4.141613376,4.743400084,5.28652395,6.177789228
6011,5.708775313,5.328411794,4.696239151,3.905496625,4.859578106,4.141613376,4.743400084,5.28652395,6.177789228
6012,5.708775313,5.328411794,4.696239151,3.905496625,4.859578106,4.141613376,4.743400084,5.28652395,6.177789228
6013,5.708775313,5.328411794,4.696239151,3.905496625,4.859578106,4.141613376,4.743400084,5.28652395,6.177789228
6014,5.708775313,5.328411794,4.696239151,3.905496625,4.859578106,4.141613376,4.743400084,5.28652395,6.177789228
6015,5.708775313,5.328411794,4.696239151,3.905496625,4.859578106,4.141613376,4.743400084,5.28652395,6.177789228
6016,5.708775313,5.328411794,4.696239151,3.905496625,4.859578106,4.141613376,4.743400084,5.28652395,6.177789228
6017,5.708775313,5.328411794,4.696239151,3.905496625,4.859578106,4.141613376,4.743400084,5.28652395,6.177789228
6018,5.708775313,5.328411794,4.696239151,3.905496625,4.859578106,4.141613376,4.743400084,5.28652395,6.177789228
6019,5.708775313,5.328411794,4.696239151,3.905496625,4.859578106,4.141613376,4.743400084,5.28652395,6.177789228
6020,5.708775313,5.328411794,4.696239151,3.905496625,4.859578106,4.141613376,4.743400084,5.28652395,6.177789228
6021,5.708775313,5.328411794,4.696239151,3.905496625,4.859578106,4.141613376,4.743400084,5.28652395,6.177789228
6022,5.708775313,5.328411794,4.696239151,3.905496625,4.859578106,4.141613376,4.743400084,5.28652395,6.177789228
6023,5.708775313,5.328411794,4.696239151,3.905496625,4.859578106,4.141613376,4.743400084,5.28652395,6.177789228
6024,5.708775313,5.328411794,4.696239151,3.905496625,4.859578106,4.141613376,4.743400084,5.28652395,6.177789228
6025,5.708775313,5.328411794,4.696239151,3.905496625,4.859578106,4.141613376,4.743400084,5.28652395,6.177789228
6026,5.708775313,5.328411794,4.696239151,3.905496625,4.859578106,4.141613376,4.743400084,5.28652395,6.177789228
6027,5.708775313,5.328411794,4.696239151,3.905496625,4.859578106,4.141613376,4.743400084,5.28652395,6.177789228
6028,5.708775313,5.328411794,4.696239151,3.905496625,4.859578106,4.141613376,4.743400084,5.28652395,6.177789228
6029,5.708775313,5.328411794,4.696239151,3.905496625,4.859578106,4.141613376,4.743400084,5.28652395,6.177789228
6030,5.708775313,5.328411794,4.696239151,3.905496625,4.859578106,4.141613376,4.743400084,5.28652395,6.177789228
6031,5.708775313,5.328411794,4.696239151,3.905496625,4.859578106,4.141613376,4.743400084,5.28652395,6.177789228
6032,5.708775313,5.328411794,4.696239151,3.905496625,4.859578106,4.141613376,4.743400084,5.28652395,6.177789228
6033,5.708775313,5.328411794,4.696239151,3.905496625,4.859578106,4.141613376,4.743400084,5.28652395,6.177789228
6034,5.708775313,5.328411794,4.696239151,3.905496625,4.859578106,4.141613376,4.743400084,5.28652395,6.177789228
6035,5.708775313,5.328411794,4.696239151,3.905496625,4.859578106,4.141613376,4.743400084,5.28652395,6.177789228
6036,5.708775313,5.328411794,4.696239151,3.905496625,4.859578106,4.141613376,4.743400084,5.28652395,6.177789228
6037,5.708775313,5.328411794,4.696239151,3.905496625,4.859578106,4.141613376,4.743400084,5.28652395,6.177789228
6038,5.708775313,5.328411794,4.696239151,3.905496625,4.859578106,4.141613376,4.743400084,5.28652395,6.177789228
6039,5.708775313,5.328411794,4.696239151,3.905496625,4.859578106,4.141613376,4.743400084,5.28652395,6.177789228
6040,5.708775313,5.328411794,4.696239151,3.905496625,4.859578106,4.141613376,4.743400084,5.28652395,6.177789228
6041,5.708775313,5.328411794,4.696239151,3.905496625,4.859578106,4.141613376,4.743400084,5.28652395,6.177789228
6042,5.708775313,5.328411794,4.696239151,3.905496625,4.859578106,4.141613376,4.743400084,5.28652395,6.177789228
6043,5.708775313,5.328411794,4.696239151,3.905496625,4.859578106,4.141613376,4.743400084,5.28652395,6.177789228
6044,5.708775313,5.328411794,4.696239151,3.905496625,4.859578106,4.141613376,4.743400084,5.28652395,6.177789228
6045,5.708775313,5.328411794,4.696239151,3.905496625,4.859578106,4.141613376,4.743400084,5.28652395,6.177789228
6046,5.708775313,5.328411794,4.696239151,3.905496625,4.859578106,4.141613376,4.743400084,5.28652395,6.177789228
6047,5.708775313,5.328411794,4.696239151,3.905496625,4.859578106,4.141613376,4.743400084,5.28652395,6.177789228
6048,5.708775313,5.328411794,4.696239151,3.905496625,4.859578106,4.141613376,4.743400084,5.28652395,6.177789228
6049,5.708775313,5.328411794,4.696239151,3.905496625,4.859578106,4.141613376,4.743400084,5.28652395,6.177789228
6050,5.708775313,5.328411794,4.696239151,3.905496625,4.859578106,4.141613376,4.743400084,5.28652395,6.177789228
6051,5.708775313,5.328411794,4.696239151,3.905496625,4.859578106,4.141613376,4.743400084,5.28652395,6.177789228
6052,5.708775313,5.328411794,4.696239151,3.905496625,4.859578106,4.141613376,4.743400084,5.28652395,6.177789228
6053,5.708775313,5.328411794,4.696239151,3.905496625,4.859578106,4.141613376,4.743400084,5.28652395,6.177789228
6054,5.708775313,5.328411794,4.696239151,3.905496625,4.859578106,4.141613376,4.743400084,5.28652395,6.177789228
6055,5.708775313,5.328411794,4.696239151,3.905496625,4.859578106,4.141613376,4.743400084,5.28652395,6.177789228
6056,5.708775313,5.328411794,4.696239151,3.905496625,4.859578106,4.141613376,4.743400084,5.28652395,6.177789228
6057,5.708775313,5.328411794,4.696239151,3.905496625,4.859578106,4.141613376,4.743400084,5.28652395,6.177789228
6058,5.708775313,5.328411794,4.696239151,3.905496625,4.859578106,4.141613376,4.743400084,5.28652395,6.177789228
6059,5.708775313,5.328411794,4.696239151,3.905496625,4.859578106,4.141613376,4.743400084,5.28652395,6.177789228
6060,5.708775313,5.328411794,4.696239151,3.905496625,4.859578106,4.141613376,4.743400084,5.28652395,6.177789228
6061,5.708775313,5.328411794,4.696239151,3.905496625,4.859578106,4.141613376,4.743400084,5.28652395,6.177789228
6062,5.708775313,5.328411794,4.696239151,3.905496625,4.859578106,4.141613376,4.743400084,5.28652395,6.177789228
6063,5.708775313,5.328411794,4.696239151,3.905496625,4.859578106,4.141613376,4.743400084,5.28652395,6.177789228
6064,5.708775313,5.328411794,4.696239151,3.905496625,4.859578106,4.141613376,4.743400084,5.28652395,6.177789228
6065,5.708775313,5.328411794,4.696239151,3.905496625,4.859578106,4.141613376,4.743400084,5.28652395,6.177789228
6066,5.708775313,5.328411794,4.696239151,3.905496625,4.859578106,4.141613376,4.743400084,5.28652395,6.177789228
6067,5.708775313,5.328411794,4.696239151,3.905496625,4.859578106,4.141613376,4.743400084,5.28652395,6.177789228
6068,5.708775313,5.328411794,4.696239151,3.905496625,4.859578106,4.141613376,4.743400084,5.28652395,6.177789228
6069,5.708775313,5.328411794,4.696239151,3.905496625,4.859578106,4.141613376,4.743400084,5.28652395,6.177789228
6070,5.708775313,5.328411794,4.696239151,3.905496625,4.859578106,4.141613376,4.743400084,5.28652395,6.177789228
6071,5.708775313,5.328411794,4.696239151,3.905496625,4.859578106,4.141613376,4.743400084,5.28652395,6.177789228
6072,5.708775313,5.328411794,4.696239151,3.905496625,4.859578106,4.141613376,4.743400084,5.28652395,6.177789228
6073,5.708775313,5.328411794,4.696239151,3.905496625,4.859578106,4.141613376,4.743400084,5.28652395,6.177789228
6074,5.708775313,5.328411794,4.696239151,3.905496625,4.859578106,4.141613376,4.743400084,5.28652395,6.177789228
6075,5.708775313,5.328411794,4.696239151,3.905496625,4.859578106,4.141613376,4.743400084,5.28652395,6.177789228
6076,5.708775313,5.328411794,4.696239151,3.905496625,4.859578106,4.141613376,4.743400084,5.28652395,6.177789228
6077,5.708775313,5.328411794,4.696239151,3.905496625,4.859578106,4.141613376,4.743400084,5.28652395,6.177789228
6078,5.708775313,5.328411794,4.696239151,3.905496625,4.859578106,4.141613376,4.743400084,5.28652395,6.177789228
6079,5.708775313,5.328411794,4.696239151,3.905496625,4.859578106,4.141613376,4.743400084,5.28652395,6.177789228
6080,5.708775313,5.328411794,4.696239151,3.905496625,4.859578106,4.141613376,4.743400084,5.28652395,6.177789228
6081,5.708775313,5.328411794,4.696239151,3.905496625,4.859578106,4.141613376,4.743400084,5.28652395,6.177789228
6082,5.708775313,5.328411794,4.696239151,3.905496625,4.859578106,4.141613376,4.743400084,5.28652395,6.177789228
6083,5.708775313,5.328411794,4.696239151,3.905496625,4.859578106,4.141613376,4.743400084,5.28652395,6.177789228
6084,5.708775313,5.328411794,4.696239151,3.905496625,4.859578106,4.141613376,4.743400084,5.28652395,6.177789228
6085,5.708775313,5.328411794,4.696239151,3.905496625,4.859578106,4.141613376,4.743400084,5.28652395,6.177789228
6086,5.708775313,5.328411794,4.696239151,3.905496625,4.859578106,4.141613376,4.743400084,5.28652395,6.177789228
6087,5.708775313,5.328411794,4.696239151,3.905496625,4.859578106,4.141613376,4.743400084,5.28652395,6.177789228
6088,5.708775313,5.328411794,4.696239151,3.905496625,4.859578106,4.141613376,4.743400084,5.28652395,6.177789228
6089,5.708775313,5.328411794,4.696239151,3.905496625,4.859578106,4.141613376,4.743400084,5.28652395,6.177789228
6090,5.708775313,5.328411794,4.696239151,3.905496625,4.859578106,4.141613376,4.743400084,5.28652395,6.177789228
6091,5.708775313,5.328411794,4.696239151,3.905496625,4.859578106,4.141613376,4.743400084,5.28652395,6.177789228
6092,5.708775313,5.328411794,4.696239151,3.905496625,4.859578106,4.141613376,4.743400084,5.28652395,6.177789228
6093,5.708775313,5.328411794,4.696239151,3.905496625,4.859578106,4.141613376,4.743400084,5.28652395,6.177789228
6094,5.708775313,5.328411794,4.696239151,3.905496625,4.859578106,4.141613376,4.743400084,5.28652395,6.177789228
6095,5.708775313,5.328411794,4.696239151,3.905496625,4.859578106,4.141613376,4.743400084,5.28652395,6.177789228
6096,5.708775313,5.328411794,4.696239151,3.905496625,4.859578106,4.141613376,4.743400084,5.28652395,6.177789228
6097,5.708775313,5.328411794,4.696239151,3.905496625,4.859578106,4.141613376,4.743400084,5.28652395,6.177789228
6098,5.708775313,5.328411794,4.696239151,3.905496625,4.859578106,4.141613376,4.743400084,5.28652395,6.177789228
6099,5.708775313,5.328411794,4.696239151,3.905496625,4.859578106,4.141613376,4.743400084,5.28652395,6.177789228
6100,5.708775313,5.328411794,4.696239151,3.905496625,4.859578106,4.141613376,4.743400084,5.28652395,6.177789228
6101,5.708775313,5.328411794,4.696239151,3.905496625,4.859578106,4.141613376,4.743400084,5.28652395,6.177789228
6102,5.708775313,5.328411794,4.696239151,3.905496625,4.859578106,4.141613376,4.743400084,5.28652395,6.177789228
6103,5.708775313,5.328411794,4.696239151,3.905496625,4.859578106,4.141613376,4.743400084,5.28652395,6.177789228
6104,5.708775313,5.328411794,4.696239151,3.905496625,4.859578106,4.141613376,4.743400084,5.28652395,6.177789228
6105,5.708775313,5.328411794,4.696239151,3.905496625,4.859578106,4.141613376,4.743400084,5.28652395,6.177789228
6106,5.708775313,5.328411794,4.696239151,3.905496625,4.859578106,4.141613376,4.743400084,5.28652395,6.177789228
6107,5.708775313,5.328411794,4.696239151,3.905496625,4.859578106,4.141613376,4.743400084,5.28652395,6.177789228
6108,5.708775313,5.328411794,4.696239151,3.905496625,4.859578106,4.141613376,4.743400084,5.28652395,6.177789228
6109,5.708775313,5.328411794,4.696239151,3.905496625,4.859578106,4.141613376,4.743400084,5.28652395,6.177789228
6110,5.708775313,5.328411794,4.696239151,3.905496625,4.859578106,4.141613376,4.743400084,5.28652395,6.177789228
6111,5.708775313,5.328411794,4.696239151,3.905496625,4.859578106,4.141613376,4.743400084,5.28652395,6.177789228
6112,5.708775313,5.328411794,4.696239151,3.905496625,4.859578106,4.141613376,4.743400084,5.28652395,6.177789228
6113,5.708775313,5.328411794,4.696239151,3.905496625,4.859578106,4.141613376,4.743400084,5.28652395,6.177789228
6114,5.708775313,5.328411794,4.696239151,3.905496625,4.859578106,4.141613376,4.743400084,5.28652395,6.177789228
6115,5.708775313,5.328411794,4.696239151,3.905496625,4.859578106,4.141613376,4.743400084,5.28652395,6.177789228
6116,5.708775313,5.328411794,4.696239151,3.905496625,4.859578106,4.141613376,4.743400084,5.28652395,6.177789228
6117,5.708775313,5.328411794,4.696239151,3.905496625,4.859578106,4.141613376,4.743400084,5.28652395,6.177789228
6118,5.708775313,5.328411794,4.696239151,3.905496625,4.859578106,4.141613376,4.743400084,5.28652395,6.177789228
6119,5.708775313,5.328411794,4.696239151,3.905496625,4.859578106,4.141613376,4.743400084,5.28652395,6.177789228
6120,5.708775313,5.328411794,4.696239151,3.905496625,4.859578106,4.141613376,4.743400084,5.28652395,6.177789228
6121,5.708775313,5.328411794,4.696239151,3.905496625,4.859578106,4.141613376,4.743400084,5.28652395,6.177789228
6122,5.708775313,5.328411794,4.696239151,3.905496625,4.859578106,4.141613376,4.743400084,5.28652395,6.177789228
6123,5.708775313,5.328411794,4.696239151,3.905496625,4.859578106,4.141613376,4.743400084,5.28652395,6.177789228
6124,5.708775313,5.328411794,4.696239151,3.905496625,4.859578106,4.141613376,4.743400084,5.28652395,6.177789228
6125,5.708775313,5.328411794,4.696239151,3.905496625,4.859578106,4.141613376,4.743400084,5.28652395,6.177789228
6126,5.708775313,5.328411794,4.696239151,3.905496625,4.859578106,4.141613376,4.743400084,5.28652395,6.177789228
6127,5.708775313,5.328411794,4.696239151,3.905496625,4.859578106,4.141613376,4.743400084,5.28652395,6.177789228
6128,5.708775313,5.328411794,4.696239151,3.905496625,4.859578106,4.141613376,4.743400084,5.28652395,6.177789228
6129,5.708775313,5.328411794,4.696239151,3.905496625,4.859578106,4.141613376,4.743400084,5.28652395,6.177789228
6130,5.708775313,5.328411794,4.696239151,3.905496625,4.859578106,4.141613376,4.743400084,5.28652395,6.177789228
6131,5.708775313,5.328411794,4.696239151,3.905496625,4.859578106,4.141613376,4.743400084,5.28652395,6.177789228
6132,5.708775313,5.328411794,4.696239151,3.905496625,4.859578106,4.141613376,4.743400084,5.28652395,6.177789228
6133,5.708775313,5.328411794,4.696239151,3.905496625,4.859578106,4.141613376,4.743400084,5.28652395,6.177789228
6134,5.708775313,5.328411794,4.696239151,3.905496625,4.859578106,4.141613376,4.743400084,5.28652395,6.177789228
6135,5.708775313,5.328411794,4.696239151,3.905496625,4.859578106,4.141613376,4.743400084,5.28652395,6.177789228
6136,5.708775313,5.328411794,4.696239151,3.905496625,4.859578106,4.141613376,4.743400084,5.28652395,6.177789228
6137,5.708775313,5.328411794,4.696239151,3.905496625,4.859578106,4.141613376,4.743400084,5.28652395,6.177789228
6138,5.708775313,5.328411794,4.696239151,3.905496625,4.859578106,4.141613376,4.743400084,5.28652395,6.177789228
6139,5.708775313,5.328411794,4.696239151,3.905496625,4.859578106,4.141613376,4.743400084,5.28652395,6.177789228
6140,5.708775313,5.328411794,4.696239151,3.905496625,4.859578106,4.141613376,4.743400084,5.28652395,6.177789228
6141,5.708775313,5.328411794,4.696239151,3.905496625,4.859578106,4.141613376,4.743400084,5.28652395,6.177789228
6142,5.708775313,5.328411794,4.696239151,3.905496625,4.859578106,4.141613376,4.743400084,5.28652395,6.177789228
6143,5.708775313,5.328411794,4.696239151,3.905496625,4.859578106,4.141613376,4.743400084,5.28652395,6.177789228
6144,5.708775313,5.328411794,4.696239151,3.905496625,4.859578106,4.141613376,4.743400084,5.28652395,6.177789228
6145,5.708775313,5.328411794,4.696239151,3.905496625,4.859578106,4.141613376,4.743400084,5.28652395,6.177789228
6146,5.708775313,5.328411794,4.696239151,3.905496625,4.859578106,4.141613376,4.743400084,5.28652395,6.177789228
6147,5.708775313,5.328411794,4.696239151,3.905496625,4.859578106,4.141613376,4.743400084,5.28652395,6.177789228
6148,5.708775313,5.328411794,4.696239151,3.905496625,4.859578106,4.141613376,4.743400084,5.28652395,6.177789228
6149,5.708775313,5.328411794,4.696239151,3.905496625,4.859578106,4.141613376,4.743400084,5.28652395,6.177789228
6150,5.708775313,5.328411794,4.696239151,3.905496625,4.859578106,4.141613376,4.743400084,5.28652395,6.177789228
6151,5.708775313,5.328411794,4.696239151,3.905496625,4.859578106,4.141613376,4.743400084,5.28652395,6.177789228
6152,5.708775313,5.328411794,4.696239151,3.905496625,4.859578106,4.141613376,4.743400084,5.28652395,6.177789228
6153,5.708775313,5.328411794,4.696239151,3.905496625,4.859578106,4.141613376,4.743400084,5.28652395,6.177789228
6154,5.708775313,5.328411794,4.696239151,3.905496625,4.859578106,4.141613376,4.743400084,5.28652395,6.177789228
6155,5.708775313,5.328411794,4.696239151,3.905496625,4.859578106,4.141613376,4.743400084,5.28652395,6.177789228
6156,5.708775313,5.328411794,4.696239151,3.905496625,4.859578106,4.141613376,4.743400084,5.28652395,6.177789228
6157,5.708775313,5.328411794,4.696239151,3.905496625,4.859578106,4.141613376,4.743400084,5.28652395,6.177789228
6158,5.708775313,5.328411794,4.696239151,3.905496625,4.859578106,4.141613376,4.743400084,5.28652395,6.177789228
6159,5.708775313,5.328411794,4.696239151,3.905496625,4.859578106,4.141613376,4.743400084,5.28652395,6.177789228
6160,5.708775313,5.328411794,4.696239151,3.905496625,4.859578106,4.141613376,4.743400084,5.28652395,6.177789228
6161,5.708775313,5.328411794,4.696239151,3.905496625,4.859578106,4.141613376,4.743400084,5.28652395,6.177789228
6162,5.708775313,5.328411794,4.696239151,3.905496625,4.859578106,4.141613376,4.743400084,5.28652395,6.177789228
6163,5.708775313,5.328411794,4.696239151,3.905496625,4.859578106,4.141613376,4.743400084,5.28652395,6.177789228
6164,5.708775313,5.328411794,4.696239151,3.905496625,4.859578106,4.141613376,4.743400084,5.28652395,6.177789228
6165,5.708775313,5.328411794,4.696239151,3.905496625,4.859578106,4.141613376,4.743400084,5.28652395,6.177789228
6166,5.708775313,5.328411794,4.696239151,3.905496625,4.859578106,4.141613376,4.743400084,5.28652395,6.177789228
6167,5.708775313,5.328411794,4.696239151,3.905496625,4.859578106,4.141613376,4.743400084,5.28652395,6.177789228
6168,5.708775313,5.328411794,4.696239151,3.905496625,4.859578106,4.141613376,4.743400084,5.28652395,6.177789228
6169,5.708775313,5.328411794,4.696239151,3.905496625,4.859578106,4.141613376,4.743400084,5.28652395,6.177789228
6170,5.708775313,5.328411794,4.696239151,3.905496625,4.859578106,4.141613376,4.743400084,5.28652395,6.177789228
6171,5.708775313,5.328411794,4.696239151,3.905496625,4.859578106,4.141613376,4.743400084,5.28652395,6.177789228
6172,5.708775313,5.328411794,4.696239151,3.905496625,4.859578106,4.141613376,4.743400084,5.28652395,6.177789228
6173,5.708775313,5.328411794,4.696239151,3.905496625,4.859578106,4.141613376,4.743400084,5.28652395,6.177789228
6174,5.708775313,5.328411794,4.696239151,3.905496625,4.859578106,4.141613376,4.743400084,5.28652395,6.177789228
6175,5.708775313,5.328411794,4.696239151,3.905496625,4.859578106,4.141613376,4.743400084,5.28652395,6.177789228
6176,5.708775313,5.328411794,4.696239151,3.905496625,4.859578106,4.141613376,4.743400084,5.28652395,6.177789228
6177,5.708775313,5.328411794,4.696239151,3.905496625,4.859578106,4.141613376,4.743400084,5.28652395,6.177789228
6178,5.708775313,5.328411794,4.696239151,3.905496625,4.859578106,4.141613376,4.743400084,5.28652395,6.177789228
6179,5.708775313,5.328411794,4.696239151,3.905496625,4.859578106,4.141613376,4.743400084,5.28652395,6.177789228
6180,5.708775313,5.328411794,4.696239151,3.905496625,4.859578106,4.141613376,4.743400084,5.28652395,6.177789228
6181,5.708775313,5.328411794,4.696239151,3.905496625,4.859578106,4.141613376,4.743400084,5.28652395,6.177789228
6182,5.708775313,5.328411794,4.696239151,3.905496625,4.859578106,4.141613376,4.743400084,5.28652395,6.177789228
6183,5.708775313,5.328411794,4.696239151,3.905496625,4.859578106,4.141613376,4.743400084,5.28652395,6.177789228
6184,5.708775313,5.328411794,4.696239151,3.905496625,4.859578106,4.141613376,4.743400084,5.28652395,6.177789228
6185,5.708775313,5.328411794,4.696239151,3.905496625,4.859578106,4.141613376,4.743400084,5.28652395,6.177789228
6186,5.708775313,5.328411794,4.696239151,3.905496625,4.859578106,4.141613376,4.743400084,5.28652395,6.177789228
6187,5.708775313,5.328411794,4.696239151,3.905496625,4.859578106,4.141613376,4.743400084,5.28652395,6.177789228
6188,5.708775313,5.328411794,4.696239151,3.905496625,4.859578106,4.141613376,4.743400084,5.28652395,6.177789228
6189,5.708775313,5.328411794,4.696239151,3.905496625,4.859578106,4.141613376,4.743400084,5.28652395,6.177789228
6190,5.708775313,5.328411794,4.696239151,3.905496625,4.859578106,4.141613376,4.743400084,5.28652395,6.177789228
6191,5.708775313,5.328411794,4.696239151,3.905496625,4.859578106,4.141613376,4.743400084,5.28652395,6.177789228
6192,5.708775313,5.328411794,4.696239151,3.905496625,4.859578106,4.141613376,4.743400084,5.28652395,6.177789228
6193,5.708775313,5.328411794,4.696239151,3.905496625,4.859578106,4.141613376,4.743400084,5.28652395,6.177789228
6194,5.708775313,5.328411794,4.696239151,3.905496625,4.859578106,4.141613376,4.743400084,5.28652395,6.177789228
6195,5.708775313,5.328411794,4.696239151,3.905496625,4.859578106,4.141613376,4.743400084,5.28652395,6.177789228
6196,5.708775313,5.328411794,4.696239151,3.905496625,4.859578106,4.141613376,4.743400084,5.28652395,6.177789228
6197,5.708775313,5.328411794,4.696239151,3.905496625,4.859578106,4.141613376,4.743400084,5.28652395,6.177789228
6198,5.708775313,5.328411794,4.696239151,3.905496625,4.859578106,4.141613376,4.743400084,5.28652395,6.177789228
6199,5.708775313,5.328411794,4.696239151,3.905496625,4.859578106,4.141613376,4.743400084,5.28652395,6.177789228
6200,5.708775313,5.328411794,4.696239151,3.905496625,4.859578106,4.141613376,4.743400084,5.28652395,6.177789228
6201,5.708775313,5.328411794,4.696239151,3.905496625,4.859578106,4.141613376,4.743400084,5.28652395,6.177789228
6202,5.708775313,5.328411794,4.696239151,3.905496625,4.859578106,4.141613376,4.743400084,5.28652395,6.177789228
6203,5.708775313,5.328411794,4.696239151,3.905496625,4.859578106,4.141613376,4.743400084,5.28652395,6.177789228
6204,5.708775313,5.328411794,4.696239151,3.905496625,4.859578106,4.141613376,4.743400084,5.28652395,6.177789228
6205,5.708775313,5.328411794,4.696239151,3.905496625,4.859578106,4.141613376,4.743400084,5.28652395,6.177789228
6206,5.708775313,5.328411794,4.696239151,3.905496625,4.859578106,4.141613376,4.743400084,5.28652395,6.177789228
6207,5.708775313,5.328411794,4.696239151,3.905496625,4.859578106,4.141613376,4.743400084,5.28652395,6.177789228
6208,5.708775313,5.328411794,4.696239151,3.905496625,4.859578106,4.141613376,4.743400084,5.28652395,6.177789228
6209,5.708775313,5.328411794,4.696239151,3.905496625,4.859578106,4.141613376,4.743400084,5.28652395,6.177789228
6210,5.708775313,5.328411794,4.696239151,3.905496625,4.859578106,4.141613376,4.743400084,5.28652395,6.177789228
6211,5.708775313,5.328411794,4.696239151,3.905496625,4.859578106,4.141613376,4.743400084,5.28652395,6.177789228
6212,5.708775313,5.328411794,4.696239151,3.905496625,4.859578106,4.141613376,4.743400084,5.28652395,6.177789228
6213,5.708775313,5.328411794,4.696239151,3.905496625,4.859578106,4.141613376,4.743400084,5.28652395,6.177789228
6214,5.708775313,5.328411794,4.696239151,3.905496625,4.859578106,4.141613376,4.743400084,5.28652395,6.177789228
6215,5.708775313,5.328411794,4.696239151,3.905496625,4.859578106,4.141613376,4.743400084,5.28652395,6.177789228
6216,5.708775313,5.328411794,4.696239151,3.905496625,4.859578106,4.141613376,4.743400084,5.28652395,6.177789228
6217,5.708775313,5.328411794,4.696239151,3.905496625,4.859578106,4.141613376,4.743400084,5.28652395,6.177789228
6218,5.708775313,5.328411794,4.696239151,3.905496625,4.859578106,4.141613376,4.743400084,5.28652395,6.177789228
6219,5.708775313,5.328411794,4.696239151,3.905496625,4.859578106,4.141613376,4.743400084,5.28652395,6.177789228
6220,5.708775313,5.328411794,4.696239151,3.905496625,4.859578106,4.141613376,4.743400084,5.28652395,6.177789228
6221,5.708775313,5.328411794,4.696239151,3.905496625,4.859578106,4.141613376,4.743400084,5.28652395,6.177789228
6222,5.708775313,5.328411794,4.696239151,3.905496625,4.859578106,4.141613376,4.743400084,5.28652395,6.177789228
6223,5.708775313,5.328411794,4.696239151,3.905496625,4.859578106,4.141613376,4.743400084,5.28652395,6.177789228
6224,5.708775313,5.328411794,4.696239151,3.905496625,4.859578106,4.141613376,4.743400084,5.28652395,6.177789228
6225,5.708775313,5.328411794,4.696239151,3.905496625,4.859578106,4.141613376,4.743400084,5.28652395,6.177789228
6226,5.708775313,5.328411794,4.696239151,3.905496625,4.859578106,4.141613376,4.743400084,5.28652395,6.177789228
6227,5.708775313,5.328411794,4.696239151,3.905496625,4.859578106,4.141613376,4.743400084,5.28652395,6.177789228
6228,5.708775313,5.328411794,4.696239151,3.905496625,4.859578106,4.141613376,4.743400084,5.28652395,6.177789228
6229,5.708775313,5.328411794,4.696239151,3.905496625,4.859578106,4.141613376,4.743400084,5.28652395,6.177789228
6230,5.708775313,5.328411794,4.696239151,3.905496625,4.859578106,4.141613376,4.743400084,5.28652395,6.177789228
6231,5.708775313,5.328411794,4.696239151,3.905496625,4.859578106,4.141613376,4.743400084,5.28652395,6.177789228
6232,5.708775313,5.328411794,4.696239151,3.905496625,4.859578106,4.141613376,4.743400084,5.28652395,6.177789228
6233,5.708775313,5.328411794,4.696239151,3.905496625,4.859578106,4.141613376,4.743400084,5.28652395,6.177789228
6234,5.708775313,5.328411794,4.696239151,3.905496625,4.859578106,4.141613376,4.743400084,5.28652395,6.177789228
6235,5.708775313,5.328411794,4.696239151,3.905496625,4.859578106,4.141613376,4.743400084,5.28652395,6.177789228
6236,5.708775313,5.328411794,4.696239151,3.905496625,4.859578106,4.141613376,4.743400084,5.28652395,6.177789228
6237,5.708775313,5.328411794,4.696239151,3.905496625,4.859578106,4.141613376,4.743400084,5.28652395,6.177789228
6238,5.708775313,5.328411794,4.696239151,3.905496625,4.859578106,4.141613376,4.743400084,5.28652395,6.177789228
6239,5.708775313,5.328411794,4.696239151,3.905496625,4.859578106,4.141613376,4.743400084,5.28652395,6.177789228
6240,5.708775313,5.328411794,4.696239151,3.905496625,4.859578106,4.141613376,4.743400084,5.28652395,6.177789228
6241,5.708775313,5.328411794,4.696239151,3.905496625,4.859578106,4.141613376,4.743400084,5.28652395,6.177789228
6242,5.708775313,5.328411794,4.696239151,3.905496625,4.859578106,4.141613376,4.743400084,5.28652395,6.177789228
6243,5.708775313,5.328411794,4.696239151,3.905496625,4.859578106,4.141613376,4.743400084,5.28652395,6.177789228
6244,5.708775313,5.328411794,4.696239151,3.905496625,4.859578106,4.141613376,4.743400084,5.28652395,6.177789228
6245,5.708775313,5.328411794,4.696239151,3.905496625,4.859578106,4.141613376,4.743400084,5.28652395,6.177789228
6246,5.708775313,5.328411794,4.696239151,3.905496625,4.859578106,4.141613376,4.743400084,5.28652395,6.177789228
6247,5.708775313,5.328411794,4.696239151,3.905496625,4.859578106,4.141613376,4.743400084,5.28652395,6.177789228
6248,5.708775313,5.328411794,4.696239151,3.905496625,4.859578106,4.141613376,4.743400084,5.28652395,6.177789228
6249,5.708775313,5.328411794,4.696239151,3.905496625,4.859578106,4.141613376,4.743400084,5.28652395,6.177789228
6250,5.708775313,5.328411794,4.696239151,3.905496625,4.859578106,4.141613376,4.743400084,5.28652395,6.177789228
6251,5.708775313,5.328411794,4.696239151,3.905496625,4.859578106,4.141613376,4.743400084,5.28652395,6.177789228
6252,5.708775313,5.328411794,4.696239151,3.905496625,4.859578106,4.141613376,4.743400084,5.28652395,6.177789228
6253,5.708775313,5.328411794,4.696239151,3.905496625,4.859578106,4.141613376,4.743400084,5.28652395,6.177789228
6254,5.708775313,5.328411794,4.696239151,3.905496625,4.859578106,4.141613376,4.743400084,5.28652395,6.177789228
6255,5.708775313,5.328411794,4.696239151,3.905496625,4.859578106,4.141613376,4.743400084,5.28652395,6.177789228
6256,5.708775313,5.328411794,4.696239151,3.905496625,4.859578106,4.141613376,4.743400084,5.28652395,6.177789228
6257,5.708775313,5.328411794,4.696239151,3.905496625,4.859578106,4.141613376,4.743400084,5.28652395,6.177789228
6258,5.708775313,5.328411794,4.696239151,3.905496625,4.859578106,4.141613376,4.743400084,5.28652395,6.177789228
6259,5.708775313,5.328411794,4.696239151,3.905496625,4.859578106,4.141613376,4.743400084,5.28652395,6.177789228
6260,5.708775313,5.328411794,4.696239151,3.905496625,4.859578106,4.141613376,4.743400084,5.28652395,6.177789228
6261,5.708775313,5.328411794,4.696239151,3.905496625,4.859578106,4.141613376,4.743400084,5.28652395,6.177789228
6262,5.708775313,5.328411794,4.696239151,3.905496625,4.859578106,4.141613376,4.743400084,5.28652395,6.177789228
6263,5.708775313,5.328411794,4.696239151,3.905496625,4.859578106,4.141613376,4.743400084,5.28652395,6.177789228
6264,5.708775313,5.328411794,4.696239151,3.905496625,4.859578106,4.141613376,4.743400084,5.28652395,6.177789228
6265,5.708775313,5.328411794,4.696239151,3.905496625,4.859578106,4.141613376,4.743400084,5.28652395,6.177789228
6266,5.708775313,5.328411794,4.696239151,3.905496625,4.859578106,4.141613376,4.743400084,5.28652395,6.177789228
6267,5.708775313,5.328411794,4.696239151,3.905496625,4.859578106,4.141613376,4.743400084,5.28652395,6.177789228
6268,5.708775313,5.328411794,4.696239151,3.905496625,4.859578106,4.141613376,4.743400084,5.28652395,6.177789228
6269,5.708775313,5.328411794,4.696239151,3.905496625,4.859578106,4.141613376,4.743400084,5.28652395,6.177789228
6270,5.708775313,5.328411794,4.696239151,3.905496625,4.859578106,4.141613376,4.743400084,5.28652395,6.177789228
6271,5.708775313,5.328411794,4.696239151,3.905496625,4.859578106,4.141613376,4.743400084,5.28652395,6.177789228
6272,5.708775313,5.328411794,4.696239151,3.905496625,4.859578106,4.141613376,4.743400084,5.28652395,6.177789228
6273,5.708775313,5.328411794,4.696239151,3.905496625,4.859578106,4.141613376,4.743400084,5.28652395,6.177789228
6274,5.708775313,5.328411794,4.696239151,3.905496625,4.859578106,4.141613376,4.743400084,5.28652395,6.177789228
6275,5.708775313,5.328411794,4.696239151,3.905496625,4.859578106,4.141613376,4.743400084,5.28652395,6.177789228
6276,5.708775313,5.328411794,4.696239151,3.905496625,4.859578106,4.141613376,4.743400084,5.28652395,6.177789228
6277,5.708775313,5.328411794,4.696239151,3.905496625,4.859578106,4.141613376,4.743400084,5.28652395,6.177789228
6278,5.708775313,5.328411794,4.696239151,3.905496625,4.859578106,4.141613376,4.743400084,5.28652395,6.177789228
6279,5.708775313,5.328411794,4.696239151,3.905496625,4.859578106,4.141613376,4.743400084,5.28652395,6.177789228
6280,5.708775313,5.328411794,4.696239151,3.905496625,4.859578106,4.141613376,4.743400084,5.28652395,6.177789228
6281,5.708775313,5.328411794,4.696239151,3.905496625,4.859578106,4.141613376,4.743400084,5.28652395,6.177789228
6282,5.708775313,5.328411794,4.696239151,3.905496625,4.859578106,4.141613376,4.743400084,5.28652395,6.177789228
6283,5.708775313,5.328411794,4.696239151,3.905496625,4.859578106,4.141613376,4.743400084,5.28652395,6.177789228
6284,5.708775313,5.328411794,4.696239151,3.905496625,4.859578106,4.141613376,4.743400084,5.28652395,6.177789228
6285,5.708775313,5.328411794,4.696239151,3.905496625,4.859578106,4.141613376,4.743400084,5.28652395,6.177789228
6286,5.708775313,5.328411794,4.696239151,3.905496625,4.859578106,4.141613376,4.743400084,5.28652395,6.177789228
6287,5.708775313,5.328411794,4.696239151,3.905496625,4.859578106,4.141613376,4.743400084,5.28652395,6.177789228
6288,5.708775313,5.328411794,4.696239151,3.905496625,4.859578106,4.141613376,4.743400084,5.28652395,6.177789228
6289,5.708775313,5.328411794,4.696239151,3.905496625,4.859578106,4.141613376,4.743400084,5.28652395,6.177789228
6290,5.708775313,5.328411794,4.696239151,3.905496625,4.859578106,4.141613376,4.743400084,5.28652395,6.177789228
6291,5.708775313,5.328411794,4.696239151,3.905496625,4.859578106,4.141613376,4.743400084,5.28652395,6.177789228
6292,5.708775313,5.328411794,4.696239151,3.905496625,4.859578106,4.141613376,4.743400084,5.28652395,6.177789228
6293,5.708775313,5.328411794,4.696239151,3.905496625,4.859578106,4.141613376,4.743400084,5.28652395,6.177789228
6294,5.708775313,5.328411794,4.696239151,3.905496625,4.859578106,4.141613376,4.743400084,5.28652395,6.177789228
6295,5.708775313,5.328411794,4.696239151,3.905496625,4.859578106,4.141613376,4.743400084,5.28652395,6.177789228
6296,5.708775313,5.328411794,4.696239151,3.905496625,4.859578106,4.141613376,4.743400084,5.28652395,6.177789228
6297,5.708775313,5.328411794,4.696239151,3.905496625,4.859578106,4.141613376,4.743400084,5.28652395,6.177789228
6298,5.708775313,5.328411794,4.696239151,3.905496625,4.859578106,4.141613376,4.743400084,5.28652395,6.177789228
6299,5.708775313,5.328411794,4.696239151,3.905496625,4.859578106,4.141613376,4.743400084,5.28652395,6.177789228
6300,5.708775313,5.328411794,4.696239151,3.905496625,4.859578106,4.141613376,4.743400084,5.28652395,6.177789228
6301,5.708775313,5.328411794,4.696239151,3.905496625,4.859578106,4.141613376,4.743400084,5.28652395,6.177789228
6302,5.708775313,5.328411794,4.696239151,3.905496625,4.859578106,4.141613376,4.743400084,5.28652395,6.177789228
6303,5.708775313,5.328411794,4.696239151,3.905496625,4.859578106,4.141613376,4.743400084,5.28652395,6.177789228
6304,5.708775313,5.328411794,4.696239151,3.905496625,4.859578106,4.141613376,4.743400084,5.28652395,6.177789228
6305,5.708775313,5.328411794,4.696239151,3.905496625,4.859578106,4.141613376,4.743400084,5.28652395,6.177789228
6306,5.708775313,5.328411794,4.696239151,3.905496625,4.859578106,4.141613376,4.743400084,5.28652395,6.177789228
6307,5.708775313,5.328411794,4.696239151,3.905496625,4.859578106,4.141613376,4.743400084,5.28652395,6.177789228
6308,5.708775313,5.328411794,4.696239151,3.905496625,4.859578106,4.141613376,4.743400084,5.28652395,6.177789228
6309,5.708775313,5.328411794,4.696239151,3.905496625,4.859578106,4.141613376,4.743400084,5.28652395,6.177789228
6310,5.708775313,5.328411794,4.696239151,3.905496625,4.859578106,4.141613376,4.743400084,5.28652395,6.177789228
6311,5.708775313,5.328411794,4.696239151,3.905496625,4.859578106,4.141613376,4.743400084,5.28652395,6.177789228
6312,5.708775313,5.328411794,4.696239151,3.905496625,4.859578106,4.141613376,4.743400084,5.28652395,6.177789228
6313,5.708775313,5.328411794,4.696239151,3.905496625,4.859578106,4.141613376,4.743400084,5.28652395,6.177789228
6314,5.708775313,5.328411794,4.696239151,3.905496625,4.859578106,4.141613376,4.743400084,5.28652395,6.177789228
6315,5.708775313,5.328411794,4.696239151,3.905496625,4.859578106,4.141613376,4.743400084,5.28652395,6.177789228
6316,5.708775313,5.328411794,4.696239151,3.905496625,4.859578106,4.141613376,4.743400084,5.28652395,6.177789228
6317,5.708775313,5.328411794,4.696239151,3.905496625,4.859578106,4.141613376,4.743400084,5.28652395,6.177789228
6318,5.708775313,5.328411794,4.696239151,3.905496625,4.859578106,4.141613376,4.743400084,5.28652395,6.177789228
6319,5.708775313,5.328411794,4.696239151,3.905496625,4.859578106,4.141613376,4.743400084,5.28652395,6.177789228
6320,5.708775313,5.328411794,4.696239151,3.905496625,4.859578106,4.141613376,4.743400084,5.28652395,6.177789228
6321,5.708775313,5.328411794,4.696239151,3.905496625,4.859578106,4.141613376,4.743400084,5.28652395,6.177789228
6322,5.708775313,5.328411794,4.696239151,3.905496625,4.859578106,4.141613376,4.743400084,5.28652395,6.177789228
6323,5.708775313,5.328411794,4.696239151,3.905496625,4.859578106,4.141613376,4.743400084,5.28652395,6.177789228
6324,5.708775313,5.328411794,4.696239151,3.905496625,4.859578106,4.141613376,4.743400084,5.28652395,6.177789228
6325,5.708775313,5.328411794,4.696239151,3.905496625,4.859578106,4.141613376,4.743400084,5.28652395,6.177789228
6326,5.708775313,5.328411794,4.696239151,3.905496625,4.859578106,4.141613376,4.743400084,5.28652395,6.177789228
6327,5.708775313,5.328411794,4.696239151,3.905496625,4.859578106,4.141613376,4.743400084,5.28652395,6.177789228
6328,5.708775313,5.328411794,4.696239151,3.905496625,4.859578106,4.141613376,4.743400084,5.28652395,6.177789228
6329,5.708775313,5.328411794,4.696239151,3.905496625,4.859578106,4.141613376,4.743400084,5.28652395,6.177789228
6330,5.708775313,5.328411794,4.696239151,3.905496625,4.859578106,4.141613376,4.743400084,5.28652395,6.177789228
6331,5.708775313,5.328411794,4.696239151,3.905496625,4.859578106,4.141613376,4.743400084,5.28652395,6.177789228
6332,5.708775313,5.328411794,4.696239151,3.905496625,4.859578106,4.141613376,4.743400084,5.28652395,6.177789228
6333,5.708775313,5.328411794,4.696239151,3.905496625,4.859578106,4.141613376,4.743400084,5.28652395,6.177789228
6334,5.708775313,5.328411794,4.696239151,3.905496625,4.859578106,4.141613376,4.743400084,5.28652395,6.177789228
6335,5.708775313,5.328411794,4.696239151,3.905496625,4.859578106,4.141613376,4.743400084,5.28652395,6.177789228
6336,5.708775313,5.328411794,4.696239151,3.905496625,4.859578106,4.141613376,4.743400084,5.28652395,6.177789228
6337,5.708775313,5.328411794,4.696239151,3.905496625,4.859578106,4.141613376,4.743400084,5.28652395,6.177789228
6338,5.708775313,5.328411794,4.696239151,3.905496625,4.859578106,4.141613376,4.743400084,5.28652395,6.177789228
6339,5.708775313,5.328411794,4.696239151,3.905496625,4.859578106,4.141613376,4.743400084,5.28652395,6.177789228
6340,5.708775313,5.328411794,4.696239151,3.905496625,4.859578106,4.141613376,4.743400084,5.28652395,6.177789228
6341,5.708775313,5.328411794,4.696239151,3.905496625,4.859578106,4.141613376,4.743400084,5.28652395,6.177789228
6342,5.708775313,5.328411794,4.696239151,3.905496625,4.859578106,4.141613376,4.743400084,5.28652395,6.177789228
6343,5.708775313,5.328411794,4.696239151,3.905496625,4.859578106,4.141613376,4.743400084,5.28652395,6.177789228
6344,5.708775313,5.328411794,4.696239151,3.905496625,4.859578106,4.141613376,4.743400084,5.28652395,6.177789228
6345,5.708775313,5.328411794,4.696239151,3.905496625,4.859578106,4.141613376,4.743400084,5.28652395,6.177789228
6346,5.708775313,5.328411794,4.696239151,3.905496625,4.859578106,4.141613376,4.743400084,5.28652395,6.177789228
6347,5.708775313,5.328411794,4.696239151,3.905496625,4.859578106,4.141613376,4.743400084,5.28652395,6.177789228
6348,5.708775313,5.328411794,4.696239151,3.905496625,4.859578106,4.141613376,4.743400084,5.28652395,6.177789228
6349,5.708775313,5.328411794,4.696239151,3.905496625,4.859578106,4.141613376,4.743400084,5.28652395,6.177789228
6350,5.708775313,5.328411794,4.696239151,3.905496625,4.859578106,4.141613376,4.743400084,5.28652395,6.177789228
6351,5.708775313,5.328411794,4.696239151,3.905496625,4.859578106,4.141613376,4.743400084,5.28652395,6.177789228
6352,5.708775313,5.328411794,4.696239151,3.905496625,4.859578106,4.141613376,4.743400084,5.28652395,6.177789228
6353,5.708775313,5.328411794,4.696239151,3.905496625,4.859578106,4.141613376,4.743400084,5.28652395,6.177789228
6354,5.708775313,5.328411794,4.696239151,3.905496625,4.859578106,4.141613376,4.743400084,5.28652395,6.177789228
6355,5.708775313,5.328411794,4.696239151,3.905496625,4.859578106,4.141613376,4.743400084,5.28652395,6.177789228
6356,5.708775313,5.328411794,4.696239151,3.905496625,4.859578106,4.141613376,4.743400084,5.28652395,6.177789228
6357,5.708775313,5.328411794,4.696239151,3.905496625,4.859578106,4.141613376,4.743400084,5.28652395,6.177789228
6358,5.708775313,5.328411794,4.696239151,3.905496625,4.859578106,4.141613376,4.743400084,5.28652395,6.177789228
6359,5.708775313,5.328411794,4.696239151,3.905496625,4.859578106,4.141613376,4.743400084,5.28652395,6.177789228
6360,5.708775313,5.328411794,4.696239151,3.905496625,4.859578106,4.141613376,4.743400084,5.28652395,6.177789228
6361,5.708775313,5.328411794,4.696239151,3.905496625,4.859578106,4.141613376,4.743400084,5.28652395,6.177789228
6362,5.708775313,5.328411794,4.696239151,3.905496625,4.859578106,4.141613376,4.743400084,5.28652395,6.177789228
6363,5.708775313,5.328411794,4.696239151,3.905496625,4.859578106,4.141613376,4.743400084,5.28652395,6.177789228
6364,5.708775313,5.328411794,4.696239151,3.905496625,4.859578106,4.141613376,4.743400084,5.28652395,6.177789228
6365,5.708775313,5.328411794,4.696239151,3.905496625,4.859578106,4.141613376,4.743400084,5.28652395,6.177789228
6366,5.708775313,5.328411794,4.696239151,3.905496625,4.859578106,4.141613376,4.743400084,5.28652395,6.177789228
6367,5.708775313,5.328411794,4.696239151,3.905496625,4.859578106,4.141613376,4.743400084,5.28652395,6.177789228
6368,5.708775313,5.328411794,4.696239151,3.905496625,4.859578106,4.141613376,4.743400084,5.28652395,6.177789228
6369,5.708775313,5.328411794,4.696239151,3.905496625,4.859578106,4.141613376,4.743400084,5.28652395,6.177789228
6370,5.708775313,5.328411794,4.696239151,3.905496625,4.859578106,4.141613376,4.743400084,5.28652395,6.177789228
6371,5.708775313,5.328411794,4.696239151,3.905496625,4.859578106,4.141613376,4.743400084,5.28652395,6.177789228
6372,5.708775313,5.328411794,4.696239151,3.905496625,4.859578106,4.141613376,4.743400084,5.28652395,6.177789228
6373,5.708775313,5.328411794,4.696239151,3.905496625,4.859578106,4.141613376,4.743400084,5.28652395,6.177789228
6374,5.708775313,5.328411794,4.696239151,3.905496625,4.859578106,4.141613376,4.743400084,5.28652395,6.177789228
6375,5.708775313,5.328411794,4.696239151,3.905496625,4.859578106,4.141613376,4.743400084,5.28652395,6.177789228
6376,5.708775313,5.328411794,4.696239151,3.905496625,4.859578106,4.141613376,4.743400084,5.28652395,6.177789228
6377,5.708775313,5.328411794,4.696239151,3.905496625,4.859578106,4.141613376,4.743400084,5.28652395,6.177789228
6378,5.708775313,5.328411794,4.696239151,3.905496625,4.859578106,4.141613376,4.743400084,5.28652395,6.177789228
6379,5.708775313,5.328411794,4.696239151,3.905496625,4.859578106,4.141613376,4.743400084,5.28652395,6.177789228
6380,5.708775313,5.328411794,4.696239151,3.905496625,4.859578106,4.141613376,4.743400084,5.28652395,6.177789228
6381,5.708775313,5.328411794,4.696239151,3.905496625,4.859578106,4.141613376,4.743400084,5.28652395,6.177789228
6382,5.708775313,5.328411794,4.696239151,3.905496625,4.859578106,4.141613376,4.743400084,5.28652395,6.177789228
6383,5.708775313,5.328411794,4.696239151,3.905496625,4.859578106,4.141613376,4.743400084,5.28652395,6.177789228
6384,5.708775313,5.328411794,4.696239151,3.905496625,4.859578106,4.141613376,4.743400084,5.28652395,6.177789228
6385,5.708775313,5.328411794,4.696239151,3.905496625,4.859578106,4.141613376,4.743400084,5.28652395,6.177789228
6386,5.708775313,5.328411794,4.696239151,3.905496625,4.859578106,4.141613376,4.743400084,5.28652395,6.177789228
6387,5.708775313,5.328411794,4.696239151,3.905496625,4.859578106,4.141613376,4.743400084,5.28652395,6.177789228
6388,5.708775313,5.328411794,4.696239151,3.905496625,4.859578106,4.141613376,4.743400084,5.28652395,6.177789228
6389,5.708775313,5.328411794,4.696239151,3.905496625,4.859578106,4.141613376,4.743400084,5.28652395,6.177789228
6390,5.708775313,5.328411794,4.696239151,3.905496625,4.859578106,4.141613376,4.743400084,5.28652395,6.177789228
6391,5.708775313,5.328411794,4.696239151,3.905496625,4.859578106,4.141613376,4.743400084,5.28652395,6.177789228
6392,5.708775313,5.328411794,4.696239151,3.905496625,4.859578106,4.141613376,4.743400084,5.28652395,6.177789228
6393,5.708775313,5.328411794,4.696239151,3.905496625,4.859578106,4.141613376,4.743400084,5.28652395,6.177789228
6394,5.708775313,5.328411794,4.696239151,3.905496625,4.859578106,4.141613376,4.743400084,5.28652395,6.177789228
6395,5.708775313,5.328411794,4.696239151,3.905496625,4.859578106,4.141613376,4.743400084,5.28652395,6.177789228
6396,5.708775313,5.328411794,4.696239151,3.905496625,4.859578106,4.141613376,4.743400084,5.28652395,6.177789228
6397,5.708775313,5.328411794,4.696239151,3.905496625,4.859578106,4.141613376,4.743400084,5.28652395,6.177789228
6398,5.708775313,5.328411794,4.696239151,3.905496625,4.859578106,4.141613376,4.743400084,5.28652395,6.177789228
6399,5.708775313,5.328411794,4.696239151,3.905496625,4.859578106,4.141613376,4.743400084,5.28652395,6.177789228
6400,5.708775313,5.328411794,4.696239151,3.905496625,4.859578106,4.141613376,4.743400084,5.28652395,6.177789228
6401,5.708775313,5.328411794,4.696239151,3.905496625,4.859578106,4.141613376,4.743400084,5.28652395,6.177789228
6402,5.708775313,5.328411794,4.696239151,3.905496625,4.859578106,4.141613376,4.743400084,5.28652395,6.177789228
6403,5.708775313,5.328411794,4.696239151,3.905496625,4.859578106,4.141613376,4.743400084,5.28652395,6.177789228
6404,5.708775313,5.328411794,4.696239151,3.905496625,4.859578106,4.141613376,4.743400084,5.28652395,6.177789228
6405,5.708775313,5.328411794,4.696239151,3.905496625,4.859578106,4.141613376,4.743400084,5.28652395,6.177789228
6406,5.708775313,5.328411794,4.696239151,3.905496625,4.859578106,4.141613376,4.743400084,5.28652395,6.177789228
6407,5.708775313,5.328411794,4.696239151,3.905496625,4.859578106,4.141613376,4.743400084,5.28652395,6.177789228
6408,5.708775313,5.328411794,4.696239151,3.905496625,4.859578106,4.141613376,4.743400084,5.28652395,6.177789228
6409,5.708775313,5.328411794,4.696239151,3.905496625,4.859578106,4.141613376,4.743400084,5.28652395,6.177789228
6410,5.708775313,5.328411794,4.696239151,3.905496625,4.859578106,4.141613376,4.743400084,5.28652395,6.177789228
6411,5.708775313,5.328411794,4.696239151,3.905496625,4.859578106,4.141613376,4.743400084,5.28652395,6.177789228
6412,5.708775313,5.328411794,4.696239151,3.905496625,4.859578106,4.141613376,4.743400084,5.28652395,6.177789228
6413,5.708775313,5.328411794,4.696239151,3.905496625,4.859578106,4.141613376,4.743400084,5.28652395,6.177789228
6414,5.708775313,5.328411794,4.696239151,3.905496625,4.859578106,4.141613376,4.743400084,5.28652395,6.177789228
6415,5.708775313,5.328411794,4.696239151,3.905496625,4.859578106,4.141613376,4.743400084,5.28652395,6.177789228
6416,5.708775313,5.328411794,4.696239151,3.905496625,4.859578106,4.141613376,4.743400084,5.28652395,6.177789228
6417,5.708775313,5.328411794,4.696239151,3.905496625,4.859578106,4.141613376,4.743400084,5.28652395,6.177789228
6418,5.708775313,5.328411794,4.696239151,3.905496625,4.859578106,4.141613376,4.743400084,5.28652395,6.177789228
6419,5.708775313,5.328411794,4.696239151,3.905496625,4.859578106,4.141613376,4.743400084,5.28652395,6.177789228
6420,5.708775313,5.328411794,4.696239151,3.905496625,4.859578106,4.141613376,4.743400084,5.28652395,6.177789228
6421,5.708775313,5.328411794,4.696239151,3.905496625,4.859578106,4.141613376,4.743400084,5.28652395,6.177789228
6422,5.708775313,5.328411794,4.696239151,3.905496625,4.859578106,4.141613376,4.743400084,5.28652395,6.177789228
6423,5.708775313,5.328411794,4.696239151,3.905496625,4.859578106,4.141613376,4.743400084,5.28652395,6.177789228
6424,5.708775313,5.328411794,4.696239151,3.905496625,4.859578106,4.141613376,4.743400084,5.28652395,6.177789228
6425,5.708775313,5.328411794,4.696239151,3.905496625,4.859578106,4.141613376,4.743400084,5.28652395,6.177789228
6426,5.708775313,5.328411794,4.696239151,3.905496625,4.859578106,4.141613376,4.743400084,5.28652395,6.177789228
6427,5.708775313,5.328411794,4.696239151,3.905496625,4.859578106,4.141613376,4.743400084,5.28652395,6.177789228
6428,5.708775313,5.328411794,4.696239151,3.905496625,4.859578106,4.141613376,4.743400084,5.28652395,6.177789228
6429,5.708775313,5.328411794,4.696239151,3.905496625,4.859578106,4.141613376,4.743400084,5.28652395,6.177789228
6430,5.708775313,5.328411794,4.696239151,3.905496625,4.859578106,4.141613376,4.743400084,5.28652395,6.177789228
6431,5.708775313,5.328411794,4.696239151,3.905496625,4.859578106,4.141613376,4.743400084,5.28652395,6.177789228
6432,5.708775313,5.328411794,4.696239151,3.905496625,4.859578106,4.141613376,4.743400084,5.28652395,6.177789228
6433,5.708775313,5.328411794,4.696239151,3.905496625,4.859578106,4.141613376,4.743400084,5.28652395,6.177789228
6434,5.708775313,5.328411794,4.696239151,3.905496625,4.859578106,4.141613376,4.743400084,5.28652395,6.177789228
6435,5.708775313,5.328411794,4.696239151,3.905496625,4.859578106,4.141613376,4.743400084,5.28652395,6.177789228
6436,5.708775313,5.328411794,4.696239151,3.905496625,4.859578106,4.141613376,4.743400084,5.28652395,6.177789228
6437,5.708775313,5.328411794,4.696239151,3.905496625,4.859578106,4.141613376,4.743400084,5.28652395,6.177789228
6438,5.708775313,5.328411794,4.696239151,3.905496625,4.859578106,4.141613376,4.743400084,5.28652395,6.177789228
6439,5.708775313,5.328411794,4.696239151,3.905496625,4.859578106,4.141613376,4.743400084,5.28652395,6.177789228
6440,5.708775313,5.328411794,4.696239151,3.905496625,4.859578106,4.141613376,4.743400084,5.28652395,6.177789228
6441,5.708775313,5.328411794,4.696239151,3.905496625,4.859578106,4.141613376,4.743400084,5.28652395,6.177789228
6442,5.708775313,5.328411794,4.696239151,3.905496625,4.859578106,4.141613376,4.743400084,5.28652395,6.177789228
6443,5.708775313,5.328411794,4.696239151,3.905496625,4.859578106,4.141613376,4.743400084,5.28652395,6.177789228
6444,5.708775313,5.328411794,4.696239151,3.905496625,4.859578106,4.141613376,4.743400084,5.28652395,6.177789228
6445,5.708775313,5.328411794,4.696239151,3.905496625,4.859578106,4.141613376,4.743400084,5.28652395,6.177789228
6446,5.708775313,5.328411794,4.696239151,3.905496625,4.859578106,4.141613376,4.743400084,5.28652395,6.177789228
6447,5.708775313,5.328411794,4.696239151,3.905496625,4.859578106,4.141613376,4.743400084,5.28652395,6.177789228
6448,5.708775313,5.328411794,4.696239151,3.905496625,4.859578106,4.141613376,4.743400084,5.28652395,6.177789228
6449,5.708775313,5.328411794,4.696239151,3.905496625,4.859578106,4.141613376,4.743400084,5.28652395,6.177789228
6450,5.708775313,5.328411794,4.696239151,3.905496625,4.859578106,4.141613376,4.743400084,5.28652395,6.177789228
6451,5.708775313,5.328411794,4.696239151,3.905496625,4.859578106,4.141613376,4.743400084,5.28652395,6.177789228
6452,5.708775313,5.328411794,4.696239151,3.905496625,4.859578106,4.141613376,4.743400084,5.28652395,6.177789228
6453,5.708775313,5.328411794,4.696239151,3.905496625,4.859578106,4.141613376,4.743400084,5.28652395,6.177789228
6454,5.708775313,5.328411794,4.696239151,3.905496625,4.859578106,4.141613376,4.743400084,5.28652395,6.177789228
6455,5.708775313,5.328411794,4.696239151,3.905496625,4.859578106,4.141613376,4.743400084,5.28652395,6.177789228
6456,5.708775313,5.328411794,4.696239151,3.905496625,4.859578106,4.141613376,4.743400084,5.28652395,6.177789228
6457,5.708775313,5.328411794,4.696239151,3.905496625,4.859578106,4.141613376,4.743400084,5.28652395,6.177789228
6458,5.708775313,5.328411794,4.696239151,3.905496625,4.859578106,4.141613376,4.743400084,5.28652395,6.177789228
6459,5.708775313,5.328411794,4.696239151,3.905496625,4.859578106,4.141613376,4.743400084,5.28652395,6.177789228
6460,5.708775313,5.328411794,4.696239151,3.905496625,4.859578106,4.141613376,4.743400084,5.28652395,6.177789228
6461,5.708775313,5.328411794,4.696239151,3.905496625,4.859578106,4.141613376,4.743400084,5.28652395,6.177789228
6462,5.708775313,5.328411794,4.696239151,3.905496625,4.859578106,4.141613376,4.743400084,5.28652395,6.177789228
6463,5.708775313,5.328411794,4.696239151,3.905496625,4.859578106,4.141613376,4.743400084,5.28652395,6.177789228
6464,5.708775313,5.328411794,4.696239151,3.905496625,4.859578106,4.141613376,4.743400084,5.28652395,6.177789228
6465,5.708775313,5.328411794,4.696239151,3.905496625,4.859578106,4.141613376,4.743400084,5.28652395,6.177789228
6466,5.708775313,5.328411794,4.696239151,3.905496625,4.859578106,4.141613376,4.743400084,5.28652395,6.177789228
6467,5.708775313,5.328411794,4.696239151,3.905496625,4.859578106,4.141613376,4.743400084,5.28652395,6.177789228
6468,5.708775313,5.328411794,4.696239151,3.905496625,4.859578106,4.141613376,4.743400084,5.28652395,6.177789228
6469,5.708775313,5.328411794,4.696239151,3.905496625,4.859578106,4.141613376,4.743400084,5.28652395,6.177789228
6470,5.708775313,5.328411794,4.696239151,3.905496625,4.859578106,4.141613376,4.743400084,5.28652395,6.177789228
6471,5.708775313,5.328411794,4.696239151,3.905496625,4.859578106,4.141613376,4.743400084,5.28652395,6.177789228
6472,5.708775313,5.328411794,4.696239151,3.905496625,4.859578106,4.141613376,4.743400084,5.28652395,6.177789228
6473,5.708775313,5.328411794,4.696239151,3.905496625,4.859578106,4.141613376,4.743400084,5.28652395,6.177789228
6474,5.708775313,5.328411794,4.696239151,3.905496625,4.859578106,4.141613376,4.743400084,5.28652395,6.177789228
6475,5.708775313,5.328411794,4.696239151,3.905496625,4.859578106,4.141613376,4.743400084,5.28652395,6.177789228
6476,5.708775313,5.328411794,4.696239151,3.905496625,4.859578106,4.141613376,4.743400084,5.28652395,6.177789228
6477,5.708775313,5.328411794,4.696239151,3.905496625,4.859578106,4.141613376,4.743400084,5.28652395,6.177789228
6478,5.708775313,5.328411794,4.696239151,3.905496625,4.859578106,4.141613376,4.743400084,5.28652395,6.177789228
6479,5.708775313,5.328411794,4.696239151,3.905496625,4.859578106,4.141613376,4.743400084,5.28652395,6.177789228
6480,5.708775313,5.328411794,4.696239151,3.905496625,4.859578106,4.141613376,4.743400084,5.28652395,6.177789228
6481,5.708775313,5.328411794,4.696239151,3.905496625,4.859578106,4.141613376,4.743400084,5.28652395,6.177789228
6482,5.708775313,5.328411794,4.696239151,3.905496625,4.859578106,4.141613376,4.743400084,5.28652395,6.177789228
6483,5.708775313,5.328411794,4.696239151,3.905496625,4.859578106,4.141613376,4.743400084,5.28652395,6.177789228
6484,5.708775313,5.328411794,4.696239151,3.905496625,4.859578106,4.141613376,4.743400084,5.28652395,6.177789228
6485,5.708775313,5.328411794,4.696239151,3.905496625,4.859578106,4.141613376,4.743400084,5.28652395,6.177789228
6486,5.708775313,5.328411794,4.696239151,3.905496625,4.859578106,4.141613376,4.743400084,5.28652395,6.177789228
6487,5.708775313,5.328411794,4.696239151,3.905496625,4.859578106,4.141613376,4.743400084,5.28652395,6.177789228
6488,5.708775313,5.328411794,4.696239151,3.905496625,4.859578106,4.141613376,4.743400084,5.28652395,6.177789228
6489,5.708775313,5.328411794,4.696239151,3.905496625,4.859578106,4.141613376,4.743400084,5.28652395,6.177789228
6490,5.708775313,5.328411794,4.696239151,3.905496625,4.859578106,4.141613376,4.743400084,5.28652395,6.177789228
6491,5.708775313,5.328411794,4.696239151,3.905496625,4.859578106,4.141613376,4.743400084,5.28652395,6.177789228
6492,5.708775313,5.328411794,4.696239151,3.905496625,4.859578106,4.141613376,4.743400084,5.28652395,6.177789228
6493,5.708775313,5.328411794,4.696239151,3.905496625,4.859578106,4.141613376,4.743400084,5.28652395,6.177789228
6494,5.708775313,5.328411794,4.696239151,3.905496625,4.859578106,4.141613376,4.743400084,5.28652395,6.177789228
6495,5.708775313,5.328411794,4.696239151,3.905496625,4.859578106,4.141613376,4.743400084,5.28652395,6.177789228
6496,5.708775313,5.328411794,4.696239151,3.905496625,4.859578106,4.141613376,4.743400084,5.28652395,6.177789228
6497,5.708775313,5.328411794,4.696239151,3.905496625,4.859578106,4.141613376,4.743400084,5.28652395,6.177789228
6498,5.708775313,5.328411794,4.696239151,3.905496625,4.859578106,4.141613376,4.743400084,5.28652395,6.177789228
6499,5.708775313,5.328411794,4.696239151,3.905496625,4.859578106,4.141613376,4.743400084,5.28652395,6.177789228
6500,5.708775313,5.328411794,4.696239151,3.905496625,4.859578106,4.141613376,4.743400084,5.28652395,6.177789228
6501,5.708775313,5.328411794,4.696239151,3.905496625,4.859578106,4.141613376,4.743400084,5.28652395,6.177789228
6502,5.708775313,5.328411794,4.696239151,3.905496625,4.859578106,4.141613376,4.743400084,5.28652395,6.177789228
6503,5.708775313,5.328411794,4.696239151,3.905496625,4.859578106,4.141613376,4.743400084,5.28652395,6.177789228
6504,5.708775313,5.328411794,4.696239151,3.905496625,4.859578106,4.141613376,4.743400084,5.28652395,6.177789228
6505,5.708775313,5.328411794,4.696239151,3.905496625,4.859578106,4.141613376,4.743400084,5.28652395,6.177789228
6506,5.708775313,5.328411794,4.696239151,3.905496625,4.859578106,4.141613376,4.743400084,5.28652395,6.177789228
6507,5.708775313,5.328411794,4.696239151,3.905496625,4.859578106,4.141613376,4.743400084,5.28652395,6.177789228
6508,5.708775313,5.328411794,4.696239151,3.905496625,4.859578106,4.141613376,4.743400084,5.28652395,6.177789228
6509,5.708775313,5.328411794,4.696239151,3.905496625,4.859578106,4.141613376,4.743400084,5.28652395,6.177789228
6510,5.708775313,5.328411794,4.696239151,3.905496625,4.859578106,4.141613376,4.743400084,5.28652395,6.177789228
6511,5.708775313,5.328411794,4.696239151,3.905496625,4.859578106,4.141613376,4.743400084,5.28652395,6.177789228
6512,5.708775313,5.328411794,4.696239151,3.905496625,4.859578106,4.141613376,4.743400084,5.28652395,6.177789228
6513,5.708775313,5.328411794,4.696239151,3.905496625,4.859578106,4.141613376,4.743400084,5.28652395,6.177789228
6514,5.708775313,5.328411794,4.696239151,3.905496625,4.859578106,4.141613376,4.743400084,5.28652395,6.177789228
6515,5.708775313,5.328411794,4.696239151,3.905496625,4.859578106,4.141613376,4.743400084,5.28652395,6.177789228
6516,5.708775313,5.328411794,4.696239151,3.905496625,4.859578106,4.141613376,4.743400084,5.28652395,6.177789228
6517,5.708775313,5.328411794,4.696239151,3.905496625,4.859578106,4.141613376,4.743400084,5.28652395,6.177789228
6518,5.708775313,5.328411794,4.696239151,3.905496625,4.859578106,4.141613376,4.743400084,5.28652395,6.177789228
6519,5.708775313,5.328411794,4.696239151,3.905496625,4.859578106,4.141613376,4.743400084,5.28652395,6.177789228
6520,5.708775313,5.328411794,4.696239151,3.905496625,4.859578106,4.141613376,4.743400084,5.28652395,6.177789228
6521,5.708775313,5.328411794,4.696239151,3.905496625,4.859578106,4.141613376,4.743400084,5.28652395,6.177789228
6522,5.708775313,5.328411794,4.696239151,3.905496625,4.859578106,4.141613376,4.743400084,5.28652395,6.177789228
6523,5.708775313,5.328411794,4.696239151,3.905496625,4.859578106,4.141613376,4.743400084,5.28652395,6.177789228
6524,5.708775313,5.328411794,4.696239151,3.905496625,4.859578106,4.141613376,4.743400084,5.28652395,6.177789228
6525,5.708775313,5.328411794,4.696239151,3.905496625,4.859578106,4.141613376,4.743400084,5.28652395,6.177789228
6526,5.708775313,5.328411794,4.696239151,3.905496625,4.859578106,4.141613376,4.743400084,5.28652395,6.177789228
6527,5.708775313,5.328411794,4.696239151,3.905496625,4.859578106,4.141613376,4.743400084,5.28652395,6.177789228
6528,5.708775313,5.328411794,4.696239151,3.905496625,4.859578106,4.141613376,4.743400084,5.28652395,6.177789228
6529,5.708775313,5.328411794,4.696239151,3.905496625,4.859578106,4.141613376,4.743400084,5.28652395,6.177789228
6530,5.708775313,5.328411794,4.696239151,3.905496625,4.859578106,4.141613376,4.743400084,5.28652395,6.177789228
6531,5.708775313,5.328411794,4.696239151,3.905496625,4.859578106,4.141613376,4.743400084,5.28652395,6.177789228
6532,5.708775313,5.328411794,4.696239151,3.905496625,4.859578106,4.141613376,4.743400084,5.28652395,6.177789228
6533,5.708775313,5.328411794,4.696239151,3.905496625,4.859578106,4.141613376,4.743400084,5.28652395,6.177789228
6534,5.708775313,5.328411794,4.696239151,3.905496625,4.859578106,4.141613376,4.743400084,5.28652395,6.177789228
6535,5.708775313,5.328411794,4.696239151,3.905496625,4.859578106,4.141613376,4.743400084,5.28652395,6.177789228
6536,5.708775313,5.328411794,4.696239151,3.905496625,4.859578106,4.141613376,4.743400084,5.28652395,6.177789228
6537,5.708775313,5.328411794,4.696239151,3.905496625,4.859578106,4.141613376,4.743400084,5.28652395,6.177789228
6538,5.708775313,5.328411794,4.696239151,3.905496625,4.859578106,4.141613376,4.743400084,5.28652395,6.177789228
6539,5.708775313,5.328411794,4.696239151,3.905496625,4.859578106,4.141613376,4.743400084,5.28652395,6.177789228
6540,5.708775313,5.328411794,4.696239151,3.905496625,4.859578106,4.141613376,4.743400084,5.28652395,6.177789228
6541,5.708775313,5.328411794,4.696239151,3.905496625,4.859578106,4.141613376,4.743400084,5.28652395,6.177789228
6542,5.708775313,5.328411794,4.696239151,3.905496625,4.859578106,4.141613376,4.743400084,5.28652395,6.177789228
6543,5.708775313,5.328411794,4.696239151,3.905496625,4.859578106,4.141613376,4.743400084,5.28652395,6.177789228
6544,5.708775313,5.328411794,4.696239151,3.905496625,4.859578106,4.141613376,4.743400084,5.28652395,6.177789228
6545,5.708775313,5.328411794,4.696239151,3.905496625,4.859578106,4.141613376,4.743400084,5.28652395,6.177789228
6546,5.708775313,5.328411794,4.696239151,3.905496625,4.859578106,4.141613376,4.743400084,5.28652395,6.177789228
6547,5.708775313,5.328411794,4.696239151,3.905496625,4.859578106,4.141613376,4.743400084,5.28652395,6.177789228
6548,5.708775313,5.328411794,4.696239151,3.905496625,4.859578106,4.141613376,4.743400084,5.28652395,6.177789228
6549,5.708775313,5.328411794,4.696239151,3.905496625,4.859578106,4.141613376,4.743400084,5.28652395,6.177789228
6550,5.708775313,5.328411794,4.696239151,3.905496625,4.859578106,4.141613376,4.743400084,5.28652395,6.177789228
6551,5.708775313,5.328411794,4.696239151,3.905496625,4.859578106,4.141613376,4.743400084,5.28652395,6.177789228
6552,5.708775313,5.328411794,4.696239151,3.905496625,4.859578106,4.141613376,4.743400084,5.28652395,6.177789228
6553,5.708775313,5.328411794,4.696239151,3.905496625,4.859578106,4.141613376,4.743400084,5.28652395,6.177789228
6554,5.708775313,5.328411794,4.696239151,3.905496625,4.859578106,4.141613376,4.743400084,5.28652395,6.177789228
6555,5.708775313,5.328411794,4.696239151,3.905496625,4.859578106,4.141613376,4.743400084,5.28652395,6.177789228
6556,5.708775313,5.328411794,4.696239151,3.905496625,4.859578106,4.141613376,4.743400084,5.28652395,6.177789228
6557,5.708775313,5.328411794,4.696239151,3.905496625,4.859578106,4.141613376,4.743400084,5.28652395,6.177789228
6558,5.708775313,5.328411794,4.696239151,3.905496625,4.859578106,4.141613376,4.743400084,5.28652395,6.177789228
6559,5.708775313,5.328411794,4.696239151,3.905496625,4.859578106,4.141613376,4.743400084,5.28652395,6.177789228
6560,5.708775313,5.328411794,4.696239151,3.905496625,4.859578106,4.141613376,4.743400084,5.28652395,6.177789228
6561,5.708775313,5.328411794,4.696239151,3.905496625,4.859578106,4.141613376,4.743400084,5.28652395,6.177789228
6562,5.708775313,5.328411794,4.696239151,3.905496625,4.859578106,4.141613376,4.743400084,5.28652395,6.177789228
6563,5.708775313,5.328411794,4.696239151,3.905496625,4.859578106,4.141613376,4.743400084,5.28652395,6.177789228
6564,5.708775313,5.328411794,4.696239151,3.905496625,4.859578106,4.141613376,4.743400084,5.28652395,6.177789228
6565,5.708775313,5.328411794,4.696239151,3.905496625,4.859578106,4.141613376,4.743400084,5.28652395,6.177789228
6566,5.708775313,5.328411794,4.696239151,3.905496625,4.859578106,4.141613376,4.743400084,5.28652395,6.177789228
6567,5.708775313,5.328411794,4.696239151,3.905496625,4.859578106,4.141613376,4.743400084,5.28652395,6.177789228
6568,5.708775313,5.328411794,4.696239151,3.905496625,4.859578106,4.141613376,4.743400084,5.28652395,6.177789228
6569,5.708775313,5.328411794,4.696239151,3.905496625,4.859578106,4.141613376,4.743400084,5.28652395,6.177789228
6570,5.708775313,5.328411794,4.696239151,3.905496625,4.859578106,4.141613376,4.743400084,5.28652395,6.177789228
6571,5.708775313,5.328411794,4.696239151,3.905496625,4.859578106,4.141613376,4.743400084,5.28652395,6.177789228
6572,5.708775313,5.328411794,4.696239151,3.905496625,4.859578106,4.141613376,4.743400084,5.28652395,6.177789228
6573,5.708775313,5.328411794,4.696239151,3.905496625,4.859578106,4.141613376,4.743400084,5.28652395,6.177789228
6574,5.708775313,5.328411794,4.696239151,3.905496625,4.859578106,4.141613376,4.743400084,5.28652395,6.177789228
6575,5.708775313,5.328411794,4.696239151,3.905496625,4.859578106,4.141613376,4.743400084,5.28652395,6.177789228
6576,5.708775313,5.328411794,4.696239151,3.905496625,4.859578106,4.141613376,4.743400084,5.28652395,6.177789228
6577,5.708775313,5.328411794,4.696239151,3.905496625,4.859578106,4.141613376,4.743400084,5.28652395,6.177789228
6578,5.708775313,5.328411794,4.696239151,3.905496625,4.859578106,4.141613376,4.743400084,5.28652395,6.177789228
6579,5.708775313,5.328411794,4.696239151,3.905496625,4.859578106,4.141613376,4.743400084,5.28652395,6.177789228
6580,5.708775313,5.328411794,4.696239151,3.905496625,4.859578106,4.141613376,4.743400084,5.28652395,6.177789228
6581,5.708775313,5.328411794,4.696239151,3.905496625,4.859578106,4.141613376,4.743400084,5.28652395,6.177789228
6582,5.708775313,5.328411794,4.696239151,3.905496625,4.859578106,4.141613376,4.743400084,5.28652395,6.177789228
6583,5.708775313,5.328411794,4.696239151,3.905496625,4.859578106,4.141613376,4.743400084,5.28652395,6.177789228
6584,5.708775313,5.328411794,4.696239151,3.905496625,4.859578106,4.141613376,4.743400084,5.28652395,6.177789228
6585,5.708775313,5.328411794,4.696239151,3.905496625,4.859578106,4.141613376,4.743400084,5.28652395,6.177789228
6586,5.708775313,5.328411794,4.696239151,3.905496625,4.859578106,4.141613376,4.743400084,5.28652395,6.177789228
6587,5.708775313,5.328411794,4.696239151,3.905496625,4.859578106,4.141613376,4.743400084,5.28652395,6.177789228
6588,5.708775313,5.328411794,4.696239151,3.905496625,4.859578106,4.141613376,4.743400084,5.28652395,6.177789228
6589,5.708775313,5.328411794,4.696239151,3.905496625,4.859578106,4.141613376,4.743400084,5.28652395,6.177789228
6590,5.708775313,5.328411794,4.696239151,3.905496625,4.859578106,4.141613376,4.743400084,5.28652395,6.177789228
6591,5.708775313,5.328411794,4.696239151,3.905496625,4.859578106,4.141613376,4.743400084,5.28652395,6.177789228
6592,5.708775313,5.328411794,4.696239151,3.905496625,4.859578106,4.141613376,4.743400084,5.28652395,6.177789228
6593,5.708775313,5.328411794,4.696239151,3.905496625,4.859578106,4.141613376,4.743400084,5.28652395,6.177789228
6594,5.708775313,5.328411794,4.696239151,3.905496625,4.859578106,4.141613376,4.743400084,5.28652395,6.177789228
6595,5.708775313,5.328411794,4.696239151,3.905496625,4.859578106,4.141613376,4.743400084,5.28652395,6.177789228
6596,5.708775313,5.328411794,4.696239151,3.905496625,4.859578106,4.141613376,4.743400084,5.28652395,6.177789228
6597,5.708775313,5.328411794,4.696239151,3.905496625,4.859578106,4.141613376,4.743400084,5.28652395,6.177789228
6598,5.708775313,5.328411794,4.696239151,3.905496625,4.859578106,4.141613376,4.743400084,5.28652395,6.177789228
6599,5.708775313,5.328411794,4.696239151,3.905496625,4.859578106,4.141613376,4.743400084,5.28652395,6.177789228
6600,5.708775313,5.328411794,4.696239151,3.905496625,4.859578106,4.141613376,4.743400084,5.28652395,6.177789228
6601,5.708775313,5.328411794,4.696239151,3.905496625,4.859578106,4.141613376,4.743400084,5.28652395,6.177789228
6602,5.708775313,5.328411794,4.696239151,3.905496625,4.859578106,4.141613376,4.743400084,5.28652395,6.177789228
6603,5.708775313,5.328411794,4.696239151,3.905496625,4.859578106,4.141613376,4.743400084,5.28652395,6.177789228
6604,5.708775313,5.328411794,4.696239151,3.905496625,4.859578106,4.141613376,4.743400084,5.28652395,6.177789228
6605,5.708775313,5.328411794,4.696239151,3.905496625,4.859578106,4.141613376,4.743400084,5.28652395,6.177789228
6606,5.708775313,5.328411794,4.696239151,3.905496625,4.859578106,4.141613376,4.743400084,5.28652395,6.177789228
6607,5.708775313,5.328411794,4.696239151,3.905496625,4.859578106,4.141613376,4.743400084,5.28652395,6.177789228
6608,5.708775313,5.328411794,4.696239151,3.905496625,4.859578106,4.141613376,4.743400084,5.28652395,6.177789228
6609,5.708775313,5.328411794,4.696239151,3.905496625,4.859578106,4.141613376,4.743400084,5.28652395,6.177789228
6610,5.708775313,5.328411794,4.696239151,3.905496625,4.859578106,4.141613376,4.743400084,5.28652395,6.177789228
6611,5.708775313,5.328411794,4.696239151,3.905496625,4.859578106,4.141613376,4.743400084,5.28652395,6.177789228
6612,5.708775313,5.328411794,4.696239151,3.905496625,4.859578106,4.141613376,4.743400084,5.28652395,6.177789228
6613,5.708775313,5.328411794,4.696239151,3.905496625,4.859578106,4.141613376,4.743400084,5.28652395,6.177789228
6614,5.708775313,5.328411794,4.696239151,3.905496625,4.859578106,4.141613376,4.743400084,5.28652395,6.177789228
6615,5.708775313,5.328411794,4.696239151,3.905496625,4.859578106,4.141613376,4.743400084,5.28652395,6.177789228
6616,5.708775313,5.328411794,4.696239151,3.905496625,4.859578106,4.141613376,4.743400084,5.28652395,6.177789228
6617,5.708775313,5.328411794,4.696239151,3.905496625,4.859578106,4.141613376,4.743400084,5.28652395,6.177789228
6618,5.708775313,5.328411794,4.696239151,3.905496625,4.859578106,4.141613376,4.743400084,5.28652395,6.177789228
6619,5.708775313,5.328411794,4.696239151,3.905496625,4.859578106,4.141613376,4.743400084,5.28652395,6.177789228
6620,5.708775313,5.328411794,4.696239151,3.905496625,4.859578106,4.141613376,4.743400084,5.28652395,6.177789228
6621,5.708775313,5.328411794,4.696239151,3.905496625,4.859578106,4.141613376,4.743400084,5.28652395,6.177789228
6622,5.708775313,5.328411794,4.696239151,3.905496625,4.859578106,4.141613376,4.743400084,5.28652395,6.177789228
6623,5.708775313,5.328411794,4.696239151,3.905496625,4.859578106,4.141613376,4.743400084,5.28652395,6.177789228
6624,5.708775313,5.328411794,4.696239151,3.905496625,4.859578106,4.141613376,4.743400084,5.28652395,6.177789228
6625,5.708775313,5.328411794,4.696239151,3.905496625,4.859578106,4.141613376,4.743400084,5.28652395,6.177789228
6626,5.708775313,5.328411794,4.696239151,3.905496625,4.859578106,4.141613376,4.743400084,5.28652395,6.177789228
6627,5.708775313,5.328411794,4.696239151,3.905496625,4.859578106,4.141613376,4.743400084,5.28652395,6.177789228
6628,5.708775313,5.328411794,4.696239151,3.905496625,4.859578106,4.141613376,4.743400084,5.28652395,6.177789228
6629,5.708775313,5.328411794,4.696239151,3.905496625,4.859578106,4.141613376,4.743400084,5.28652395,6.177789228
6630,5.708775313,5.328411794,4.696239151,3.905496625,4.859578106,4.141613376,4.743400084,5.28652395,6.177789228
6631,5.708775313,5.328411794,4.696239151,3.905496625,4.859578106,4.141613376,4.743400084,5.28652395,6.177789228
6632,5.708775313,5.328411794,4.696239151,3.905496625,4.859578106,4.141613376,4.743400084,5.28652395,6.177789228
6633,5.708775313,5.328411794,4.696239151,3.905496625,4.859578106,4.141613376,4.743400084,5.28652395,6.177789228
6634,5.708775313,5.328411794,4.696239151,3.905496625,4.859578106,4.141613376,4.743400084,5.28652395,6.177789228
6635,5.708775313,5.328411794,4.696239151,3.905496625,4.859578106,4.141613376,4.743400084,5.28652395,6.177789228
6636,5.708775313,5.328411794,4.696239151,3.905496625,4.859578106,4.141613376,4.743400084,5.28652395,6.177789228
6637,5.708775313,5.328411794,4.696239151,3.905496625,4.859578106,4.141613376,4.743400084,5.28652395,6.177789228
6638,5.708775313,5.328411794,4.696239151,3.905496625,4.859578106,4.141613376,4.743400084,5.28652395,6.177789228
6639,5.708775313,5.328411794,4.696239151,3.905496625,4.859578106,4.141613376,4.743400084,5.28652395,6.177789228
6640,5.708775313,5.328411794,4.696239151,3.905496625,4.859578106,4.141613376,4.743400084,5.28652395,6.177789228
6641,5.708775313,5.328411794,4.696239151,3.905496625,4.859578106,4.141613376,4.743400084,5.28652395,6.177789228
6642,5.708775313,5.328411794,4.696239151,3.905496625,4.859578106,4.141613376,4.743400084,5.28652395,6.177789228
6643,5.708775313,5.328411794,4.696239151,3.905496625,4.859578106,4.141613376,4.743400084,5.28652395,6.177789228
6644,5.708775313,5.328411794,4.696239151,3.905496625,4.859578106,4.141613376,4.743400084,5.28652395,6.177789228
6645,5.708775313,5.328411794,4.696239151,3.905496625,4.859578106,4.141613376,4.743400084,5.28652395,6.177789228
6646,5.708775313,5.328411794,4.696239151,3.905496625,4.859578106,4.141613376,4.743400084,5.28652395,6.177789228
6647,5.708775313,5.328411794,4.696239151,3.905496625,4.859578106,4.141613376,4.743400084,5.28652395,6.177789228
6648,5.708775313,5.328411794,4.696239151,3.905496625,4.859578106,4.141613376,4.743400084,5.28652395,6.177789228
6649,5.708775313,5.328411794,4.696239151,3.905496625,4.859578106,4.141613376,4.743400084,5.28652395,6.177789228
6650,5.708775313,5.328411794,4.696239151,3.905496625,4.859578106,4.141613376,4.743400084,5.28652395,6.177789228
6651,5.708775313,5.328411794,4.696239151,3.905496625,4.859578106,4.141613376,4.743400084,5.28652395,6.177789228
6652,5.708775313,5.328411794,4.696239151,3.905496625,4.859578106,4.141613376,4.743400084,5.28652395,6.177789228
6653,5.708775313,5.328411794,4.696239151,3.905496625,4.859578106,4.141613376,4.743400084,5.28652395,6.177789228
6654,5.708775313,5.328411794,4.696239151,3.905496625,4.859578106,4.141613376,4.743400084,5.28652395,6.177789228
6655,5.708775313,5.328411794,4.696239151,3.905496625,4.859578106,4.141613376,4.743400084,5.28652395,6.177789228
6656,5.708775313,5.328411794,4.696239151,3.905496625,4.859578106,4.141613376,4.743400084,5.28652395,6.177789228
6657,5.708775313,5.328411794,4.696239151,3.905496625,4.859578106,4.141613376,4.743400084,5.28652395,6.177789228
6658,5.708775313,5.328411794,4.696239151,3.905496625,4.859578106,4.141613376,4.743400084,5.28652395,6.177789228
6659,5.708775313,5.328411794,4.696239151,3.905496625,4.859578106,4.141613376,4.743400084,5.28652395,6.177789228
6660,5.708775313,5.328411794,4.696239151,3.905496625,4.859578106,4.141613376,4.743400084,5.28652395,6.177789228
6661,5.708775313,5.328411794,4.696239151,3.905496625,4.859578106,4.141613376,4.743400084,5.28652395,6.177789228
6662,5.708775313,5.328411794,4.696239151,3.905496625,4.859578106,4.141613376,4.743400084,5.28652395,6.177789228
6663,5.708775313,5.328411794,4.696239151,3.905496625,4.859578106,4.141613376,4.743400084,5.28652395,6.177789228
6664,5.708775313,5.328411794,4.696239151,3.905496625,4.859578106,4.141613376,4.743400084,5.28652395,6.177789228
6665,5.708775313,5.328411794,4.696239151,3.905496625,4.859578106,4.141613376,4.743400084,5.28652395,6.177789228
6666,5.708775313,5.328411794,4.696239151,3.905496625,4.859578106,4.141613376,4.743400084,5.28652395,6.177789228
6667,5.708775313,5.328411794,4.696239151,3.905496625,4.859578106,4.141613376,4.743400084,5.28652395,6.177789228
6668,5.708775313,5.328411794,4.696239151,3.905496625,4.859578106,4.141613376,4.743400084,5.28652395,6.177789228
6669,5.708775313,5.328411794,4.696239151,3.905496625,4.859578106,4.141613376,4.743400084,5.28652395,6.177789228
6670,5.708775313,5.328411794,4.696239151,3.905496625,4.859578106,4.141613376,4.743400084,5.28652395,6.177789228
6671,5.708775313,5.328411794,4.696239151,3.905496625,4.859578106,4.141613376,4.743400084,5.28652395,6.177789228
6672,5.708775313,5.328411794,4.696239151,3.905496625,4.859578106,4.141613376,4.743400084,5.28652395,6.177789228
6673,5.708775313,5.328411794,4.696239151,3.905496625,4.859578106,4.141613376,4.743400084,5.28652395,6.177789228
6674,5.708775313,5.328411794,4.696239151,3.905496625,4.859578106,4.141613376,4.743400084,5.28652395,6.177789228
6675,5.708775313,5.328411794,4.696239151,3.905496625,4.859578106,4.141613376,4.743400084,5.28652395,6.177789228
6676,5.708775313,5.328411794,4.696239151,3.905496625,4.859578106,4.141613376,4.743400084,5.28652395,6.177789228
6677,5.708775313,5.328411794,4.696239151,3.905496625,4.859578106,4.141613376,4.743400084,5.28652395,6.177789228
6678,5.708775313,5.328411794,4.696239151,3.905496625,4.859578106,4.141613376,4.743400084,5.28652395,6.177789228
6679,5.708775313,5.328411794,4.696239151,3.905496625,4.859578106,4.141613376,4.743400084,5.28652395,6.177789228
6680,5.708775313,5.328411794,4.696239151,3.905496625,4.859578106,4.141613376,4.743400084,5.28652395,6.177789228
6681,5.708775313,5.328411794,4.696239151,3.905496625,4.859578106,4.141613376,4.743400084,5.28652395,6.177789228
6682,5.708775313,5.328411794,4.696239151,3.905496625,4.859578106,4.141613376,4.743400084,5.28652395,6.177789228
6683,5.708775313,5.328411794,4.696239151,3.905496625,4.859578106,4.141613376,4.743400084,5.28652395,6.177789228
6684,5.708775313,5.328411794,4.696239151,3.905496625,4.859578106,4.141613376,4.743400084,5.28652395,6.177789228
6685,5.708775313,5.328411794,4.696239151,3.905496625,4.859578106,4.141613376,4.743400084,5.28652395,6.177789228
6686,5.708775313,5.328411794,4.696239151,3.905496625,4.859578106,4.141613376,4.743400084,5.28652395,6.177789228
6687,5.708775313,5.328411794,4.696239151,3.905496625,4.859578106,4.141613376,4.743400084,5.28652395,6.177789228
6688,5.708775313,5.328411794,4.696239151,3.905496625,4.859578106,4.141613376,4.743400084,5.28652395,6.177789228
6689,5.708775313,5.328411794,4.696239151,3.905496625,4.859578106,4.141613376,4.743400084,5.28652395,6.177789228
6690,5.708775313,5.328411794,4.696239151,3.905496625,4.859578106,4.141613376,4.743400084,5.28652395,6.177789228
6691,5.708775313,5.328411794,4.696239151,3.905496625,4.859578106,4.141613376,4.743400084,5.28652395,6.177789228
6692,5.708775313,5.328411794,4.696239151,3.905496625,4.859578106,4.141613376,4.743400084,5.28652395,6.177789228
6693,5.708775313,5.328411794,4.696239151,3.905496625,4.859578106,4.141613376,4.743400084,5.28652395,6.177789228
6694,5.708775313,5.328411794,4.696239151,3.905496625,4.859578106,4.141613376,4.743400084,5.28652395,6.177789228
6695,5.708775313,5.328411794,4.696239151,3.905496625,4.859578106,4.141613376,4.743400084,5.28652395,6.177789228
6696,5.708775313,5.328411794,4.696239151,3.905496625,4.859578106,4.141613376,4.743400084,5.28652395,6.177789228
6697,5.708775313,5.328411794,4.696239151,3.905496625,4.859578106,4.141613376,4.743400084,5.28652395,6.177789228
6698,5.708775313,5.328411794,4.696239151,3.905496625,4.859578106,4.141613376,4.743400084,5.28652395,6.177789228
6699,5.708775313,5.328411794,4.696239151,3.905496625,4.859578106,4.141613376,4.743400084,5.28652395,6.177789228
6700,5.708775313,5.328411794,4.696239151,3.905496625,4.859578106,4.141613376,4.743400084,5.28652395,6.177789228
6701,5.708775313,5.328411794,4.696239151,3.905496625,4.859578106,4.141613376,4.743400084,5.28652395,6.177789228
6702,5.708775313,5.328411794,4.696239151,3.905496625,4.859578106,4.141613376,4.743400084,5.28652395,6.177789228
6703,5.708775313,5.328411794,4.696239151,3.905496625,4.859578106,4.141613376,4.743400084,5.28652395,6.177789228
6704,5.708775313,5.328411794,4.696239151,3.905496625,4.859578106,4.141613376,4.743400084,5.28652395,6.177789228
6705,5.708775313,5.328411794,4.696239151,3.905496625,4.859578106,4.141613376,4.743400084,5.28652395,6.177789228
6706,5.708775313,5.328411794,4.696239151,3.905496625,4.859578106,4.141613376,4.743400084,5.28652395,6.177789228
6707,5.708775313,5.328411794,4.696239151,3.905496625,4.859578106,4.141613376,4.743400084,5.28652395,6.177789228
6708,5.708775313,5.328411794,4.696239151,3.905496625,4.859578106,4.141613376,4.743400084,5.28652395,6.177789228
6709,5.708775313,5.328411794,4.696239151,3.905496625,4.859578106,4.141613376,4.743400084,5.28652395,6.177789228
6710,5.708775313,5.328411794,4.696239151,3.905496625,4.859578106,4.141613376,4.743400084,5.28652395,6.177789228
6711,5.708775313,5.328411794,4.696239151,3.905496625,4.859578106,4.141613376,4.743400084,5.28652395,6.177789228
6712,5.708775313,5.328411794,4.696239151,3.905496625,4.859578106,4.141613376,4.743400084,5.28652395,6.177789228
6713,5.708775313,5.328411794,4.696239151,3.905496625,4.859578106,4.141613376,4.743400084,5.28652395,6.177789228
6714,5.708775313,5.328411794,4.696239151,3.905496625,4.859578106,4.141613376,4.743400084,5.28652395,6.177789228
6715,5.708775313,5.328411794,4.696239151,3.905496625,4.859578106,4.141613376,4.743400084,5.28652395,6.177789228
6716,5.708775313,5.328411794,4.696239151,3.905496625,4.859578106,4.141613376,4.743400084,5.28652395,6.177789228
6717,5.708775313,5.328411794,4.696239151,3.905496625,4.859578106,4.141613376,4.743400084,5.28652395,6.177789228
6718,5.708775313,5.328411794,4.696239151,3.905496625,4.859578106,4.141613376,4.743400084,5.28652395,6.177789228
6719,5.708775313,5.328411794,4.696239151,3.905496625,4.859578106,4.141613376,4.743400084,5.28652395,6.177789228
6720,5.708775313,5.328411794,4.696239151,3.905496625,4.859578106,4.141613376,4.743400084,5.28652395,6.177789228
6721,5.708775313,5.328411794,4.696239151,3.905496625,4.859578106,4.141613376,4.743400084,5.28652395,6.177789228
6722,5.708775313,5.328411794,4.696239151,3.905496625,4.859578106,4.141613376,4.743400084,5.28652395,6.177789228
6723,5.708775313,5.328411794,4.696239151,3.905496625,4.859578106,4.141613376,4.743400084,5.28652395,6.177789228
6724,5.708775313,5.328411794,4.696239151,3.905496625,4.859578106,4.141613376,4.743400084,5.28652395,6.177789228
6725,5.708775313,5.328411794,4.696239151,3.905496625,4.859578106,4.141613376,4.743400084,5.28652395,6.177789228
6726,5.708775313,5.328411794,4.696239151,3.905496625,4.859578106,4.141613376,4.743400084,5.28652395,6.177789228
6727,5.708775313,5.328411794,4.696239151,3.905496625,4.859578106,4.141613376,4.743400084,5.28652395,6.177789228
6728,5.708775313,5.328411794,4.696239151,3.905496625,4.859578106,4.141613376,4.743400084,5.28652395,6.177789228
6729,5.708775313,5.328411794,4.696239151,3.905496625,4.859578106,4.141613376,4.743400084,5.28652395,6.177789228
6730,5.708775313,5.328411794,4.696239151,3.905496625,4.859578106,4.141613376,4.743400084,5.28652395,6.177789228
6731,5.708775313,5.328411794,4.696239151,3.905496625,4.859578106,4.141613376,4.743400084,5.28652395,6.177789228
6732,5.708775313,5.328411794,4.696239151,3.905496625,4.859578106,4.141613376,4.743400084,5.28652395,6.177789228
6733,5.708775313,5.328411794,4.696239151,3.905496625,4.859578106,4.141613376,4.743400084,5.28652395,6.177789228
6734,5.708775313,5.328411794,4.696239151,3.905496625,4.859578106,4.141613376,4.743400084,5.28652395,6.177789228
6735,5.708775313,5.328411794,4.696239151,3.905496625,4.859578106,4.141613376,4.743400084,5.28652395,6.177789228
6736,5.708775313,5.328411794,4.696239151,3.905496625,4.859578106,4.141613376,4.743400084,5.28652395,6.177789228
6737,5.708775313,5.328411794,4.696239151,3.905496625,4.859578106,4.141613376,4.743400084,5.28652395,6.177789228
6738,5.708775313,5.328411794,4.696239151,3.905496625,4.859578106,4.141613376,4.743400084,5.28652395,6.177789228
6739,5.708775313,5.328411794,4.696239151,3.905496625,4.859578106,4.141613376,4.743400084,5.28652395,6.177789228
6740,5.708775313,5.328411794,4.696239151,3.905496625,4.859578106,4.141613376,4.743400084,5.28652395,6.177789228
6741,5.708775313,5.328411794,4.696239151,3.905496625,4.859578106,4.141613376,4.743400084,5.28652395,6.177789228
6742,5.708775313,5.328411794,4.696239151,3.905496625,4.859578106,4.141613376,4.743400084,5.28652395,6.177789228
6743,5.708775313,5.328411794,4.696239151,3.905496625,4.859578106,4.141613376,4.743400084,5.28652395,6.177789228
6744,5.708775313,5.328411794,4.696239151,3.905496625,4.859578106,4.141613376,4.743400084,5.28652395,6.177789228
6745,5.708775313,5.328411794,4.696239151,3.905496625,4.859578106,4.141613376,4.743400084,5.28652395,6.177789228
6746,5.708775313,5.328411794,4.696239151,3.905496625,4.859578106,4.141613376,4.743400084,5.28652395,6.177789228
6747,5.708775313,5.328411794,4.696239151,3.905496625,4.859578106,4.141613376,4.743400084,5.28652395,6.177789228
6748,5.708775313,5.328411794,4.696239151,3.905496625,4.859578106,4.141613376,4.743400084,5.28652395,6.177789228
6749,5.708775313,5.328411794,4.696239151,3.905496625,4.859578106,4.141613376,4.743400084,5.28652395,6.177789228
6750,5.708775313,5.328411794,4.696239151,3.905496625,4.859578106,4.141613376,4.743400084,5.28652395,6.177789228
6751,5.708775313,5.328411794,4.696239151,3.905496625,4.859578106,4.141613376,4.743400084,5.28652395,6.177789228
6752,5.708775313,5.328411794,4.696239151,3.905496625,4.859578106,4.141613376,4.743400084,5.28652395,6.177789228
6753,5.708775313,5.328411794,4.696239151,3.905496625,4.859578106,4.141613376,4.743400084,5.28652395,6.177789228
6754,5.708775313,5.328411794,4.696239151,3.905496625,4.859578106,4.141613376,4.743400084,5.28652395,6.177789228
6755,5.708775313,5.328411794,4.696239151,3.905496625,4.859578106,4.141613376,4.743400084,5.28652395,6.177789228
6756,5.708775313,5.328411794,4.696239151,3.905496625,4.859578106,4.141613376,4.743400084,5.28652395,6.177789228
6757,5.708775313,5.328411794,4.696239151,3.905496625,4.859578106,4.141613376,4.743400084,5.28652395,6.177789228
6758,5.708775313,5.328411794,4.696239151,3.905496625,4.859578106,4.141613376,4.743400084,5.28652395,6.177789228
6759,5.708775313,5.328411794,4.696239151,3.905496625,4.859578106,4.141613376,4.743400084,5.28652395,6.177789228
6760,5.708775313,5.328411794,4.696239151,3.905496625,4.859578106,4.141613376,4.743400084,5.28652395,6.177789228
6761,5.708775313,5.328411794,4.696239151,3.905496625,4.859578106,4.141613376,4.743400084,5.28652395,6.177789228
6762,5.708775313,5.328411794,4.696239151,3.905496625,4.859578106,4.141613376,4.743400084,5.28652395,6.177789228
6763,5.708775313,5.328411794,4.696239151,3.905496625,4.859578106,4.141613376,4.743400084,5.28652395,6.177789228
6764,5.708775313,5.328411794,4.696239151,3.905496625,4.859578106,4.141613376,4.743400084,5.28652395,6.177789228
6765,5.708775313,5.328411794,4.696239151,3.905496625,4.859578106,4.141613376,4.743400084,5.28652395,6.177789228
6766,5.708775313,5.328411794,4.696239151,3.905496625,4.859578106,4.141613376,4.743400084,5.28652395,6.177789228
6767,5.708775313,5.328411794,4.696239151,3.905496625,4.859578106,4.141613376,4.743400084,5.28652395,6.177789228
6768,5.708775313,5.328411794,4.696239151,3.905496625,4.859578106,4.141613376,4.743400084,5.28652395,6.177789228
6769,5.708775313,5.328411794,4.696239151,3.905496625,4.859578106,4.141613376,4.743400084,5.28652395,6.177789228
6770,5.708775313,5.328411794,4.696239151,3.905496625,4.859578106,4.141613376,4.743400084,5.28652395,6.177789228
6771,5.708775313,5.328411794,4.696239151,3.905496625,4.859578106,4.141613376,4.743400084,5.28652395,6.177789228
6772,5.708775313,5.328411794,4.696239151,3.905496625,4.859578106,4.141613376,4.743400084,5.28652395,6.177789228
6773,5.708775313,5.328411794,4.696239151,3.905496625,4.859578106,4.141613376,4.743400084,5.28652395,6.177789228
6774,5.708775313,5.328411794,4.696239151,3.905496625,4.859578106,4.141613376,4.743400084,5.28652395,6.177789228
6775,5.708775313,5.328411794,4.696239151,3.905496625,4.859578106,4.141613376,4.743400084,5.28652395,6.177789228
6776,5.708775313,5.328411794,4.696239151,3.905496625,4.859578106,4.141613376,4.743400084,5.28652395,6.177789228
6777,5.708775313,5.328411794,4.696239151,3.905496625,4.859578106,4.141613376,4.743400084,5.28652395,6.177789228
6778,5.708775313,5.328411794,4.696239151,3.905496625,4.859578106,4.141613376,4.743400084,5.28652395,6.177789228
6779,5.708775313,5.328411794,4.696239151,3.905496625,4.859578106,4.141613376,4.743400084,5.28652395,6.177789228
6780,5.708775313,5.328411794,4.696239151,3.905496625,4.859578106,4.141613376,4.743400084,5.28652395,6.177789228
6781,5.708775313,5.328411794,4.696239151,3.905496625,4.859578106,4.141613376,4.743400084,5.28652395,6.177789228
6782,5.708775313,5.328411794,4.696239151,3.905496625,4.859578106,4.141613376,4.743400084,5.28652395,6.177789228
6783,5.708775313,5.328411794,4.696239151,3.905496625,4.859578106,4.141613376,4.743400084,5.28652395,6.177789228
6784,5.708775313,5.328411794,4.696239151,3.905496625,4.859578106,4.141613376,4.743400084,5.28652395,6.177789228
6785,5.708775313,5.328411794,4.696239151,3.905496625,4.859578106,4.141613376,4.743400084,5.28652395,6.177789228
6786,5.708775313,5.328411794,4.696239151,3.905496625,4.859578106,4.141613376,4.743400084,5.28652395,6.177789228
6787,5.708775313,5.328411794,4.696239151,3.905496625,4.859578106,4.141613376,4.743400084,5.28652395,6.177789228
6788,5.708775313,5.328411794,4.696239151,3.905496625,4.859578106,4.141613376,4.743400084,5.28652395,6.177789228
6789,5.708775313,5.328411794,4.696239151,3.905496625,4.859578106,4.141613376,4.743400084,5.28652395,6.177789228
6790,5.708775313,5.328411794,4.696239151,3.905496625,4.859578106,4.141613376,4.743400084,5.28652395,6.177789228
6791,5.708775313,5.328411794,4.696239151,3.905496625,4.859578106,4.141613376,4.743400084,5.28652395,6.177789228
6792,5.708775313,5.328411794,4.696239151,3.905496625,4.859578106,4.141613376,4.743400084,5.28652395,6.177789228
6793,5.708775313,5.328411794,4.696239151,3.905496625,4.859578106,4.141613376,4.743400084,5.28652395,6.177789228
6794,5.708775313,5.328411794,4.696239151,3.905496625,4.859578106,4.141613376,4.743400084,5.28652395,6.177789228
6795,5.708775313,5.328411794,4.696239151,3.905496625,4.859578106,4.141613376,4.743400084,5.28652395,6.177789228
6796,5.708775313,5.328411794,4.696239151,3.905496625,4.859578106,4.141613376,4.743400084,5.28652395,6.177789228
6797,5.708775313,5.328411794,4.696239151,3.905496625,4.859578106,4.141613376,4.743400084,5.28652395,6.177789228
6798,5.708775313,5.328411794,4.696239151,3.905496625,4.859578106,4.141613376,4.743400084,5.28652395,6.177789228
6799,5.708775313,5.328411794,4.696239151,3.905496625,4.859578106,4.141613376,4.743400084,5.28652395,6.177789228
6800,5.708775313,5.328411794,4.696239151,3.905496625,4.859578106,4.141613376,4.743400084,5.28652395,6.177789228
6801,5.708775313,5.328411794,4.696239151,3.905496625,4.859578106,4.141613376,4.743400084,5.28652395,6.177789228
6802,5.708775313,5.328411794,4.696239151,3.905496625,4.859578106,4.141613376,4.743400084,5.28652395,6.177789228
6803,5.708775313,5.328411794,4.696239151,3.905496625,4.859578106,4.141613376,4.743400084,5.28652395,6.177789228
6804,5.708775313,5.328411794,4.696239151,3.905496625,4.859578106,4.141613376,4.743400084,5.28652395,6.177789228
6805,5.708775313,5.328411794,4.696239151,3.905496625,4.859578106,4.141613376,4.743400084,5.28652395,6.177789228
6806,5.708775313,5.328411794,4.696239151,3.905496625,4.859578106,4.141613376,4.743400084,5.28652395,6.177789228
6807,5.708775313,5.328411794,4.696239151,3.905496625,4.859578106,4.141613376,4.743400084,5.28652395,6.177789228
6808,5.708775313,5.328411794,4.696239151,3.905496625,4.859578106,4.141613376,4.743400084,5.28652395,6.177789228
6809,5.708775313,5.328411794,4.696239151,3.905496625,4.859578106,4.141613376,4.743400084,5.28652395,6.177789228
6810,5.708775313,5.328411794,4.696239151,3.905496625,4.859578106,4.141613376,4.743400084,5.28652395,6.177789228
6811,5.708775313,5.328411794,4.696239151,3.905496625,4.859578106,4.141613376,4.743400084,5.28652395,6.177789228
6812,5.708775313,5.328411794,4.696239151,3.905496625,4.859578106,4.141613376,4.743400084,5.28652395,6.177789228
6813,5.708775313,5.328411794,4.696239151,3.905496625,4.859578106,4.141613376,4.743400084,5.28652395,6.177789228
6814,5.708775313,5.328411794,4.696239151,3.905496625,4.859578106,4.141613376,4.743400084,5.28652395,6.177789228
6815,5.708775313,5.328411794,4.696239151,3.905496625,4.859578106,4.141613376,4.743400084,5.28652395,6.177789228
6816,5.708775313,5.328411794,4.696239151,3.905496625,4.859578106,4.141613376,4.743400084,5.28652395,6.177789228
6817,5.708775313,5.328411794,4.696239151,3.905496625,4.859578106,4.141613376,4.743400084,5.28652395,6.177789228
6818,5.708775313,5.328411794,4.696239151,3.905496625,4.859578106,4.141613376,4.743400084,5.28652395,6.177789228
6819,5.708775313,5.328411794,4.696239151,3.905496625,4.859578106,4.141613376,4.743400084,5.28652395,6.177789228
6820,5.708775313,5.328411794,4.696239151,3.905496625,4.859578106,4.141613376,4.743400084,5.28652395,6.177789228
6821,5.708775313,5.328411794,4.696239151,3.905496625,4.859578106,4.141613376,4.743400084,5.28652395,6.177789228
6822,5.708775313,5.328411794,4.696239151,3.905496625,4.859578106,4.141613376,4.743400084,5.28652395,6.177789228
6823,5.708775313,5.328411794,4.696239151,3.905496625,4.859578106,4.141613376,4.743400084,5.28652395,6.177789228
6824,5.708775313,5.328411794,4.696239151,3.905496625,4.859578106,4.141613376,4.743400084,5.28652395,6.177789228
6825,5.708775313,5.328411794,4.696239151,3.905496625,4.859578106,4.141613376,4.743400084,5.28652395,6.177789228
6826,5.708775313,5.328411794,4.696239151,3.905496625,4.859578106,4.141613376,4.743400084,5.28652395,6.177789228
6827,5.708775313,5.328411794,4.696239151,3.905496625,4.859578106,4.141613376,4.743400084,5.28652395,6.177789228
6828,5.708775313,5.328411794,4.696239151,3.905496625,4.859578106,4.141613376,4.743400084,5.28652395,6.177789228
6829,5.708775313,5.328411794,4.696239151,3.905496625,4.859578106,4.141613376,4.743400084,5.28652395,6.177789228
6830,5.708775313,5.328411794,4.696239151,3.905496625,4.859578106,4.141613376,4.743400084,5.28652395,6.177789228
6831,5.708775313,5.328411794,4.696239151,3.905496625,4.859578106,4.141613376,4.743400084,5.28652395,6.177789228
6832,5.708775313,5.328411794,4.696239151,3.905496625,4.859578106,4.141613376,4.743400084,5.28652395,6.177789228
6833,5.708775313,5.328411794,4.696239151,3.905496625,4.859578106,4.141613376,4.743400084,5.28652395,6.177789228
6834,5.708775313,5.328411794,4.696239151,3.905496625,4.859578106,4.141613376,4.743400084,5.28652395,6.177789228
6835,5.708775313,5.328411794,4.696239151,3.905496625,4.859578106,4.141613376,4.743400084,5.28652395,6.177789228
6836,5.708775313,5.328411794,4.696239151,3.905496625,4.859578106,4.141613376,4.743400084,5.28652395,6.177789228
6837,5.708775313,5.328411794,4.696239151,3.905496625,4.859578106,4.141613376,4.743400084,5.28652395,6.177789228
6838,5.708775313,5.328411794,4.696239151,3.905496625,4.859578106,4.141613376,4.743400084,5.28652395,6.177789228
6839,5.708775313,5.328411794,4.696239151,3.905496625,4.859578106,4.141613376,4.743400084,5.28652395,6.177789228
6840,5.708775313,5.328411794,4.696239151,3.905496625,4.859578106,4.141613376,4.743400084,5.28652395,6.177789228
6841,5.708775313,5.328411794,4.696239151,3.905496625,4.859578106,4.141613376,4.743400084,5.28652395,6.177789228
6842,5.708775313,5.328411794,4.696239151,3.905496625,4.859578106,4.141613376,4.743400084,5.28652395,6.177789228
6843,5.708775313,5.328411794,4.696239151,3.905496625,4.859578106,4.141613376,4.743400084,5.28652395,6.177789228
6844,5.708775313,5.328411794,4.696239151,3.905496625,4.859578106,4.141613376,4.743400084,5.28652395,6.177789228
6845,5.708775313,5.328411794,4.696239151,3.905496625,4.859578106,4.141613376,4.743400084,5.28652395,6.177789228
6846,5.708775313,5.328411794,4.696239151,3.905496625,4.859578106,4.141613376,4.743400084,5.28652395,6.177789228
6847,5.708775313,5.328411794,4.696239151,3.905496625,4.859578106,4.141613376,4.743400084,5.28652395,6.177789228
6848,5.708775313,5.328411794,4.696239151,3.905496625,4.859578106,4.141613376,4.743400084,5.28652395,6.177789228
6849,5.708775313,5.328411794,4.696239151,3.905496625,4.859578106,4.141613376,4.743400084,5.28652395,6.177789228
6850,5.708775313,5.328411794,4.696239151,3.905496625,4.859578106,4.141613376,4.743400084,5.28652395,6.177789228
6851,5.708775313,5.328411794,4.696239151,3.905496625,4.859578106,4.141613376,4.743400084,5.28652395,6.177789228
6852,5.708775313,5.328411794,4.696239151,3.905496625,4.859578106,4.141613376,4.743400084,5.28652395,6.177789228
6853,5.708775313,5.328411794,4.696239151,3.905496625,4.859578106,4.141613376,4.743400084,5.28652395,6.177789228
6854,5.708775313,5.328411794,4.696239151,3.905496625,4.859578106,4.141613376,4.743400084,5.28652395,6.177789228
6855,5.708775313,5.328411794,4.696239151,3.905496625,4.859578106,4.141613376,4.743400084,5.28652395,6.177789228
6856,5.708775313,5.328411794,4.696239151,3.905496625,4.859578106,4.141613376,4.743400084,5.28652395,6.177789228
6857,5.708775313,5.328411794,4.696239151,3.905496625,4.859578106,4.141613376,4.743400084,5.28652395,6.177789228
6858,5.708775313,5.328411794,4.696239151,3.905496625,4.859578106,4.141613376,4.743400084,5.28652395,6.177789228
6859,5.708775313,5.328411794,4.696239151,3.905496625,4.859578106,4.141613376,4.743400084,5.28652395,6.177789228
6860,5.708775313,5.328411794,4.696239151,3.905496625,4.859578106,4.141613376,4.743400084,5.28652395,6.177789228
6861,5.708775313,5.328411794,4.696239151,3.905496625,4.859578106,4.141613376,4.743400084,5.28652395,6.177789228
6862,5.708775313,5.328411794,4.696239151,3.905496625,4.859578106,4.141613376,4.743400084,5.28652395,6.177789228
6863,5.708775313,5.328411794,4.696239151,3.905496625,4.859578106,4.141613376,4.743400084,5.28652395,6.177789228
6864,5.708775313,5.328411794,4.696239151,3.905496625,4.859578106,4.141613376,4.743400084,5.28652395,6.177789228
6865,5.708775313,5.328411794,4.696239151,3.905496625,4.859578106,4.141613376,4.743400084,5.28652395,6.177789228
6866,5.708775313,5.328411794,4.696239151,3.905496625,4.859578106,4.141613376,4.743400084,5.28652395,6.177789228
6867,5.708775313,5.328411794,4.696239151,3.905496625,4.859578106,4.141613376,4.743400084,5.28652395,6.177789228
6868,5.708775313,5.328411794,4.696239151,3.905496625,4.859578106,4.141613376,4.743400084,5.28652395,6.177789228
6869,5.708775313,5.328411794,4.696239151,3.905496625,4.859578106,4.141613376,4.743400084,5.28652395,6.177789228
6870,5.708775313,5.328411794,4.696239151,3.905496625,4.859578106,4.141613376,4.743400084,5.28652395,6.177789228
6871,5.708775313,5.328411794,4.696239151,3.905496625,4.859578106,4.141613376,4.743400084,5.28652395,6.177789228
6872,5.708775313,5.328411794,4.696239151,3.905496625,4.859578106,4.141613376,4.743400084,5.28652395,6.177789228
6873,5.708775313,5.328411794,4.696239151,3.905496625,4.859578106,4.141613376,4.743400084,5.28652395,6.177789228
6874,5.708775313,5.328411794,4.696239151,3.905496625,4.859578106,4.141613376,4.743400084,5.28652395,6.177789228
6875,5.708775313,5.328411794,4.696239151,3.905496625,4.859578106,4.141613376,4.743400084,5.28652395,6.177789228
6876,5.708775313,5.328411794,4.696239151,3.905496625,4.859578106,4.141613376,4.743400084,5.28652395,6.177789228
6877,5.708775313,5.328411794,4.696239151,3.905496625,4.859578106,4.141613376,4.743400084,5.28652395,6.177789228
6878,5.708775313,5.328411794,4.696239151,3.905496625,4.859578106,4.141613376,4.743400084,5.28652395,6.177789228
6879,5.708775313,5.328411794,4.696239151,3.905496625,4.859578106,4.141613376,4.743400084,5.28652395,6.177789228
6880,5.708775313,5.328411794,4.696239151,3.905496625,4.859578106,4.141613376,4.743400084,5.28652395,6.177789228
6881,5.708775313,5.328411794,4.696239151,3.905496625,4.859578106,4.141613376,4.743400084,5.28652395,6.177789228
6882,5.708775313,5.328411794,4.696239151,3.905496625,4.859578106,4.141613376,4.743400084,5.28652395,6.177789228
6883,5.708775313,5.328411794,4.696239151,3.905496625,4.859578106,4.141613376,4.743400084,5.28652395,6.177789228
6884,5.708775313,5.328411794,4.696239151,3.905496625,4.859578106,4.141613376,4.743400084,5.28652395,6.177789228
6885,5.708775313,5.328411794,4.696239151,3.905496625,4.859578106,4.141613376,4.743400084,5.28652395,6.177789228
6886,5.708775313,5.328411794,4.696239151,3.905496625,4.859578106,4.141613376,4.743400084,5.28652395,6.177789228
6887,5.708775313,5.328411794,4.696239151,3.905496625,4.859578106,4.141613376,4.743400084,5.28652395,6.177789228
6888,5.708775313,5.328411794,4.696239151,3.905496625,4.859578106,4.141613376,4.743400084,5.28652395,6.177789228
6889,5.708775313,5.328411794,4.696239151,3.905496625,4.859578106,4.141613376,4.743400084,5.28652395,6.177789228
6890,5.708775313,5.328411794,4.696239151,3.905496625,4.859578106,4.141613376,4.743400084,5.28652395,6.177789228
6891,5.708775313,5.328411794,4.696239151,3.905496625,4.859578106,4.141613376,4.743400084,5.28652395,6.177789228
6892,5.708775313,5.328411794,4.696239151,3.905496625,4.859578106,4.141613376,4.743400084,5.28652395,6.177789228
6893,5.708775313,5.328411794,4.696239151,3.905496625,4.859578106,4.141613376,4.743400084,5.28652395,6.177789228
6894,5.708775313,5.328411794,4.696239151,3.905496625,4.859578106,4.141613376,4.743400084,5.28652395,6.177789228
6895,5.708775313,5.328411794,4.696239151,3.905496625,4.859578106,4.141613376,4.743400084,5.28652395,6.177789228
6896,5.708775313,5.328411794,4.696239151,3.905496625,4.859578106,4.141613376,4.743400084,5.28652395,6.177789228
6897,5.708775313,5.328411794,4.696239151,3.905496625,4.859578106,4.141613376,4.743400084,5.28652395,6.177789228
6898,5.708775313,5.328411794,4.696239151,3.905496625,4.859578106,4.141613376,4.743400084,5.28652395,6.177789228
6899,5.708775313,5.328411794,4.696239151,3.905496625,4.859578106,4.141613376,4.743400084,5.28652395,6.177789228
6900,5.708775313,5.328411794,4.696239151,3.905496625,4.859578106,4.141613376,4.743400084,5.28652395,6.177789228
6901,5.708775313,5.328411794,4.696239151,3.905496625,4.859578106,4.141613376,4.743400084,5.28652395,6.177789228
6902,5.708775313,5.328411794,4.696239151,3.905496625,4.859578106,4.141613376,4.743400084,5.28652395,6.177789228
6903,5.708775313,5.328411794,4.696239151,3.905496625,4.859578106,4.141613376,4.743400084,5.28652395,6.177789228
6904,5.708775313,5.328411794,4.696239151,3.905496625,4.859578106,4.141613376,4.743400084,5.28652395,6.177789228
6905,5.708775313,5.328411794,4.696239151,3.905496625,4.859578106,4.141613376,4.743400084,5.28652395,6.177789228
6906,5.708775313,5.328411794,4.696239151,3.905496625,4.859578106,4.141613376,4.743400084,5.28652395,6.177789228
6907,5.708775313,5.328411794,4.696239151,3.905496625,4.859578106,4.141613376,4.743400084,5.28652395,6.177789228
6908,5.708775313,5.328411794,4.696239151,3.905496625,4.859578106,4.141613376,4.743400084,5.28652395,6.177789228
6909,5.708775313,5.328411794,4.696239151,3.905496625,4.859578106,4.141613376,4.743400084,5.28652395,6.177789228
6910,5.708775313,5.328411794,4.696239151,3.905496625,4.859578106,4.141613376,4.743400084,5.28652395,6.177789228
6911,5.708775313,5.328411794,4.696239151,3.905496625,4.859578106,4.141613376,4.743400084,5.28652395,6.177789228
6912,5.708775313,5.328411794,4.696239151,3.905496625,4.859578106,4.141613376,4.743400084,5.28652395,6.177789228
6913,5.708775313,5.328411794,4.696239151,3.905496625,4.859578106,4.141613376,4.743400084,5.28652395,6.177789228
6914,5.708775313,5.328411794,4.696239151,3.905496625,4.859578106,4.141613376,4.743400084,5.28652395,6.177789228
6915,5.708775313,5.328411794,4.696239151,3.905496625,4.859578106,4.141613376,4.743400084,5.28652395,6.177789228
6916,5.708775313,5.328411794,4.696239151,3.905496625,4.859578106,4.141613376,4.743400084,5.28652395,6.177789228
6917,5.708775313,5.328411794,4.696239151,3.905496625,4.859578106,4.141613376,4.743400084,5.28652395,6.177789228
6918,5.708775313,5.328411794,4.696239151,3.905496625,4.859578106,4.141613376,4.743400084,5.28652395,6.177789228
6919,5.708775313,5.328411794,4.696239151,3.905496625,4.859578106,4.141613376,4.743400084,5.28652395,6.177789228
6920,5.708775313,5.328411794,4.696239151,3.905496625,4.859578106,4.141613376,4.743400084,5.28652395,6.177789228
6921,5.708775313,5.328411794,4.696239151,3.905496625,4.859578106,4.141613376,4.743400084,5.28652395,6.177789228
6922,5.708775313,5.328411794,4.696239151,3.905496625,4.859578106,4.141613376,4.743400084,5.28652395,6.177789228
6923,5.708775313,5.328411794,4.696239151,3.905496625,4.859578106,4.141613376,4.743400084,5.28652395,6.177789228
6924,5.708775313,5.328411794,4.696239151,3.905496625,4.859578106,4.141613376,4.743400084,5.28652395,6.177789228
6925,5.708775313,5.328411794,4.696239151,3.905496625,4.859578106,4.141613376,4.743400084,5.28652395,6.177789228
6926,5.708775313,5.328411794,4.696239151,3.905496625,4.859578106,4.141613376,4.743400084,5.28652395,6.177789228
6927,5.708775313,5.328411794,4.696239151,3.905496625,4.859578106,4.141613376,4.743400084,5.28652395,6.177789228
6928,5.708775313,5.328411794,4.696239151,3.905496625,4.859578106,4.141613376,4.743400084,5.28652395,6.177789228
6929,5.708775313,5.328411794,4.696239151,3.905496625,4.859578106,4.141613376,4.743400084,5.28652395,6.177789228
6930,5.708775313,5.328411794,4.696239151,3.905496625,4.859578106,4.141613376,4.743400084,5.28652395,6.177789228
6931,5.708775313,5.328411794,4.696239151,3.905496625,4.859578106,4.141613376,4.743400084,5.28652395,6.177789228
6932,5.708775313,5.328411794,4.696239151,3.905496625,4.859578106,4.141613376,4.743400084,5.28652395,6.177789228
6933,5.708775313,5.328411794,4.696239151,3.905496625,4.859578106,4.141613376,4.743400084,5.28652395,6.177789228
6934,5.708775313,5.328411794,4.696239151,3.905496625,4.859578106,4.141613376,4.743400084,5.28652395,6.177789228
6935,5.708775313,5.328411794,4.696239151,3.905496625,4.859578106,4.141613376,4.743400084,5.28652395,6.177789228
6936,5.708775313,5.328411794,4.696239151,3.905496625,4.859578106,4.141613376,4.743400084,5.28652395,6.177789228
6937,5.708775313,5.328411794,4.696239151,3.905496625,4.859578106,4.141613376,4.743400084,5.28652395,6.177789228
6938,5.708775313,5.328411794,4.696239151,3.905496625,4.859578106,4.141613376,4.743400084,5.28652395,6.177789228
6939,5.708775313,5.328411794,4.696239151,3.905496625,4.859578106,4.141613376,4.743400084,5.28652395,6.177789228
6940,5.708775313,5.328411794,4.696239151,3.905496625,4.859578106,4.141613376,4.743400084,5.28652395,6.177789228
6941,5.708775313,5.328411794,4.696239151,3.905496625,4.859578106,4.141613376,4.743400084,5.28652395,6.177789228
6942,5.708775313,5.328411794,4.696239151,3.905496625,4.859578106,4.141613376,4.743400084,5.28652395,6.177789228
6943,5.708775313,5.328411794,4.696239151,3.905496625,4.859578106,4.141613376,4.743400084,5.28652395,6.177789228
6944,5.708775313,5.328411794,4.696239151,3.905496625,4.859578106,4.141613376,4.743400084,5.28652395,6.177789228
6945,5.708775313,5.328411794,4.696239151,3.905496625,4.859578106,4.141613376,4.743400084,5.28652395,6.177789228
6946,5.708775313,5.328411794,4.696239151,3.905496625,4.859578106,4.141613376,4.743400084,5.28652395,6.177789228
6947,5.708775313,5.328411794,4.696239151,3.905496625,4.859578106,4.141613376,4.743400084,5.28652395,6.177789228
6948,5.708775313,5.328411794,4.696239151,3.905496625,4.859578106,4.141613376,4.743400084,5.28652395,6.177789228
6949,5.708775313,5.328411794,4.696239151,3.905496625,4.859578106,4.141613376,4.743400084,5.28652395,6.177789228
6950,5.708775313,5.328411794,4.696239151,3.905496625,4.859578106,4.141613376,4.743400084,5.28652395,6.177789228
6951,5.708775313,5.328411794,4.696239151,3.905496625,4.859578106,4.141613376,4.743400084,5.28652395,6.177789228
6952,5.708775313,5.328411794,4.696239151,3.905496625,4.859578106,4.141613376,4.743400084,5.28652395,6.177789228
6953,5.708775313,5.328411794,4.696239151,3.905496625,4.859578106,4.141613376,4.743400084,5.28652395,6.177789228
6954,5.708775313,5.328411794,4.696239151,3.905496625,4.859578106,4.141613376,4.743400084,5.28652395,6.177789228
6955,5.708775313,5.328411794,4.696239151,3.905496625,4.859578106,4.141613376,4.743400084,5.28652395,6.177789228
6956,5.708775313,5.328411794,4.696239151,3.905496625,4.859578106,4.141613376,4.743400084,5.28652395,6.177789228
6957,5.708775313,5.328411794,4.696239151,3.905496625,4.859578106,4.141613376,4.743400084,5.28652395,6.177789228
6958,5.708775313,5.328411794,4.696239151,3.905496625,4.859578106,4.141613376,4.743400084,5.28652395,6.177789228
6959,5.708775313,5.328411794,4.696239151,3.905496625,4.859578106,4.141613376,4.743400084,5.28652395,6.177789228
6960,5.708775313,5.328411794,4.696239151,3.905496625,4.859578106,4.141613376,4.743400084,5.28652395,6.177789228
6961,5.708775313,5.328411794,4.696239151,3.905496625,4.859578106,4.141613376,4.743400084,5.28652395,6.177789228
6962,5.708775313,5.328411794,4.696239151,3.905496625,4.859578106,4.141613376,4.743400084,5.28652395,6.177789228
6963,5.708775313,5.328411794,4.696239151,3.905496625,4.859578106,4.141613376,4.743400084,5.28652395,6.177789228
6964,5.708775313,5.328411794,4.696239151,3.905496625,4.859578106,4.141613376,4.743400084,5.28652395,6.177789228
6965,5.708775313,5.328411794,4.696239151,3.905496625,4.859578106,4.141613376,4.743400084,5.28652395,6.177789228
6966,5.708775313,5.328411794,4.696239151,3.905496625,4.859578106,4.141613376,4.743400084,5.28652395,6.177789228
6967,5.708775313,5.328411794,4.696239151,3.905496625,4.859578106,4.141613376,4.743400084,5.28652395,6.177789228
6968,5.708775313,5.328411794,4.696239151,3.905496625,4.859578106,4.141613376,4.743400084,5.28652395,6.177789228
6969,5.708775313,5.328411794,4.696239151,3.905496625,4.859578106,4.141613376,4.743400084,5.28652395,6.177789228
6970,5.708775313,5.328411794,4.696239151,3.905496625,4.859578106,4.141613376,4.743400084,5.28652395,6.177789228
6971,5.708775313,5.328411794,4.696239151,3.905496625,4.859578106,4.141613376,4.743400084,5.28652395,6.177789228
6972,5.708775313,5.328411794,4.696239151,3.905496625,4.859578106,4.141613376,4.743400084,5.28652395,6.177789228
6973,5.708775313,5.328411794,4.696239151,3.905496625,4.859578106,4.141613376,4.743400084,5.28652395,6.177789228
6974,5.708775313,5.328411794,4.696239151,3.905496625,4.859578106,4.141613376,4.743400084,5.28652395,6.177789228
6975,5.708775313,5.328411794,4.696239151,3.905496625,4.859578106,4.141613376,4.743400084,5.28652395,6.177789228
6976,5.708775313,5.328411794,4.696239151,3.905496625,4.859578106,4.141613376,4.743400084,5.28652395,6.177789228
6977,5.708775313,5.328411794,4.696239151,3.905496625,4.859578106,4.141613376,4.743400084,5.28652395,6.177789228
6978,5.708775313,5.328411794,4.696239151,3.905496625,4.859578106,4.141613376,4.743400084,5.28652395,6.177789228
6979,5.708775313,5.328411794,4.696239151,3.905496625,4.859578106,4.141613376,4.743400084,5.28652395,6.177789228
6980,5.708775313,5.328411794,4.696239151,3.905496625,4.859578106,4.141613376,4.743400084,5.28652395,6.177789228
6981,5.708775313,5.328411794,4.696239151,3.905496625,4.859578106,4.141613376,4.743400084,5.28652395,6.177789228
6982,5.708775313,5.328411794,4.696239151,3.905496625,4.859578106,4.141613376,4.743400084,5.28652395,6.177789228
6983,5.708775313,5.328411794,4.696239151,3.905496625,4.859578106,4.141613376,4.743400084,5.28652395,6.177789228
6984,5.708775313,5.328411794,4.696239151,3.905496625,4.859578106,4.141613376,4.743400084,5.28652395,6.177789228
6985,5.708775313,5.328411794,4.696239151,3.905496625,4.859578106,4.141613376,4.743400084,5.28652395,6.177789228
6986,5.708775313,5.328411794,4.696239151,3.905496625,4.859578106,4.141613376,4.743400084,5.28652395,6.177789228
6987,5.708775313,5.328411794,4.696239151,3.905496625,4.859578106,4.141613376,4.743400084,5.28652395,6.177789228
6988,5.708775313,5.328411794,4.696239151,3.905496625,4.859578106,4.141613376,4.743400084,5.28652395,6.177789228
6989,5.708775313,5.328411794,4.696239151,3.905496625,4.859578106,4.141613376,4.743400084,5.28652395,6.177789228
6990,5.708775313,5.328411794,4.696239151,3.905496625,4.859578106,4.141613376,4.743400084,5.28652395,6.177789228
6991,5.708775313,5.328411794,4.696239151,3.905496625,4.859578106,4.141613376,4.743400084,5.28652395,6.177789228
6992,5.708775313,5.328411794,4.696239151,3.905496625,4.859578106,4.141613376,4.743400084,5.28652395,6.177789228
6993,5.708775313,5.328411794,4.696239151,3.905496625,4.859578106,4.141613376,4.743400084,5.28652395,6.177789228
6994,5.708775313,5.328411794,4.696239151,3.905496625,4.859578106,4.141613376,4.743400084,5.28652395,6.177789228
6995,5.708775313,5.328411794,4.696239151,3.905496625,4.859578106,4.141613376,4.743400084,5.28652395,6.177789228
6996,5.708775313,5.328411794,4.696239151,3.905496625,4.859578106,4.141613376,4.743400084,5.28652395,6.177789228
6997,5.708775313,5.328411794,4.696239151,3.905496625,4.859578106,4.141613376,4.743400084,5.28652395,6.177789228
6998,5.708775313,5.328411794,4.696239151,3.905496625,4.859578106,4.141613376,4.743400084,5.28652395,6.177789228
6999,5.708775313,5.328411794,4.696239151,3.905496625,4.859578106,4.141613376,4.743400084,5.28652395,6.177789228
7000,5.708775313,5.328411794,4.696239151,3.905496625,4.859578106,4.141613376,4.743400084,5.28652395,6.177789228
7001,5.708775313,5.328411794,4.696239151,3.905496625,4.859578106,4.141613376,4.743400084,5.28652395,6.177789228
7002,5.708775313,5.328411794,4.696239151,3.905496625,4.859578106,4.141613376,4.743400084,5.28652395,6.177789228
7003,5.708775313,5.328411794,4.696239151,3.905496625,4.859578106,4.141613376,4.743400084,5.28652395,6.177789228
7004,5.708775313,5.328411794,4.696239151,3.905496625,4.859578106,4.141613376,4.743400084,5.28652395,6.177789228
7005,5.708775313,5.328411794,4.696239151,3.905496625,4.859578106,4.141613376,4.743400084,5.28652395,6.177789228
7006,5.708775313,5.328411794,4.696239151,3.905496625,4.859578106,4.141613376,4.743400084,5.28652395,6.177789228
7007,5.708775313,5.328411794,4.696239151,3.905496625,4.859578106,4.141613376,4.743400084,5.28652395,6.177789228
7008,5.708775313,5.328411794,4.696239151,3.905496625,4.859578106,4.141613376,4.743400084,5.28652395,6.177789228
7009,5.708775313,5.328411794,4.696239151,3.905496625,4.859578106,4.141613376,4.743400084,5.28652395,6.177789228
7010,5.708775313,5.328411794,4.696239151,3.905496625,4.859578106,4.141613376,4.743400084,5.28652395,6.177789228
7011,5.708775313,5.328411794,4.696239151,3.905496625,4.859578106,4.141613376,4.743400084,5.28652395,6.177789228
7012,5.708775313,5.328411794,4.696239151,3.905496625,4.859578106,4.141613376,4.743400084,5.28652395,6.177789228
7013,5.708775313,5.328411794,4.696239151,3.905496625,4.859578106,4.141613376,4.743400084,5.28652395,6.177789228
7014,5.708775313,5.328411794,4.696239151,3.905496625,4.859578106,4.141613376,4.743400084,5.28652395,6.177789228
7015,5.708775313,5.328411794,4.696239151,3.905496625,4.859578106,4.141613376,4.743400084,5.28652395,6.177789228
7016,5.708775313,5.328411794,4.696239151,3.905496625,4.859578106,4.141613376,4.743400084,5.28652395,6.177789228
7017,5.708775313,5.328411794,4.696239151,3.905496625,4.859578106,4.141613376,4.743400084,5.28652395,6.177789228
7018,5.708775313,5.328411794,4.696239151,3.905496625,4.859578106,4.141613376,4.743400084,5.28652395,6.177789228
7019,5.708775313,5.328411794,4.696239151,3.905496625,4.859578106,4.141613376,4.743400084,5.28652395,6.177789228
7020,5.708775313,5.328411794,4.696239151,3.905496625,4.859578106,4.141613376,4.743400084,5.28652395,6.177789228
7021,5.708775313,5.328411794,4.696239151,3.905496625,4.859578106,4.141613376,4.743400084,5.28652395,6.177789228
7022,5.708775313,5.328411794,4.696239151,3.905496625,4.859578106,4.141613376,4.743400084,5.28652395,6.177789228
7023,5.708775313,5.328411794,4.696239151,3.905496625,4.859578106,4.141613376,4.743400084,5.28652395,6.177789228
7024,5.708775313,5.328411794,4.696239151,3.905496625,4.859578106,4.141613376,4.743400084,5.28652395,6.177789228
7025,5.708775313,5.328411794,4.696239151,3.905496625,4.859578106,4.141613376,4.743400084,5.28652395,6.177789228
7026,5.708775313,5.328411794,4.696239151,3.905496625,4.859578106,4.141613376,4.743400084,5.28652395,6.177789228
7027,5.708775313,5.328411794,4.696239151,3.905496625,4.859578106,4.141613376,4.743400084,5.28652395,6.177789228
7028,5.708775313,5.328411794,4.696239151,3.905496625,4.859578106,4.141613376,4.743400084,5.28652395,6.177789228
7029,5.708775313,5.328411794,4.696239151,3.905496625,4.859578106,4.141613376,4.743400084,5.28652395,6.177789228
7030,5.708775313,5.328411794,4.696239151,3.905496625,4.859578106,4.141613376,4.743400084,5.28652395,6.177789228
7031,5.708775313,5.328411794,4.696239151,3.905496625,4.859578106,4.141613376,4.743400084,5.28652395,6.177789228
7032,5.708775313,5.328411794,4.696239151,3.905496625,4.859578106,4.141613376,4.743400084,5.28652395,6.177789228
7033,5.708775313,5.328411794,4.696239151,3.905496625,4.859578106,4.141613376,4.743400084,5.28652395,6.177789228
7034,5.708775313,5.328411794,4.696239151,3.905496625,4.859578106,4.141613376,4.743400084,5.28652395,6.177789228
7035,5.708775313,5.328411794,4.696239151,3.905496625,4.859578106,4.141613376,4.743400084,5.28652395,6.177789228
7036,5.708775313,5.328411794,4.696239151,3.905496625,4.859578106,4.141613376,4.743400084,5.28652395,6.177789228
7037,5.708775313,5.328411794,4.696239151,3.905496625,4.859578106,4.141613376,4.743400084,5.28652395,6.177789228
7038,5.708775313,5.328411794,4.696239151,3.905496625,4.859578106,4.141613376,4.743400084,5.28652395,6.177789228
7039,5.708775313,5.328411794,4.696239151,3.905496625,4.859578106,4.141613376,4.743400084,5.28652395,6.177789228
7040,5.708775313,5.328411794,4.696239151,3.905496625,4.859578106,4.141613376,4.743400084,5.28652395,6.177789228
7041,5.708775313,5.328411794,4.696239151,3.905496625,4.859578106,4.141613376,4.743400084,5.28652395,6.177789228
7042,5.708775313,5.328411794,4.696239151,3.905496625,4.859578106,4.141613376,4.743400084,5.28652395,6.177789228
7043,5.708775313,5.328411794,4.696239151,3.905496625,4.859578106,4.141613376,4.743400084,5.28652395,6.177789228
7044,5.708775313,5.328411794,4.696239151,3.905496625,4.859578106,4.141613376,4.743400084,5.28652395,6.177789228
7045,5.708775313,5.328411794,4.696239151,3.905496625,4.859578106,4.141613376,4.743400084,5.28652395,6.177789228
7046,5.708775313,5.328411794,4.696239151,3.905496625,4.859578106,4.141613376,4.743400084,5.28652395,6.177789228
7047,5.708775313,5.328411794,4.696239151,3.905496625,4.859578106,4.141613376,4.743400084,5.28652395,6.177789228
7048,5.708775313,5.328411794,4.696239151,3.905496625,4.859578106,4.141613376,4.743400084,5.28652395,6.177789228
7049,5.708775313,5.328411794,4.696239151,3.905496625,4.859578106,4.141613376,4.743400084,5.28652395,6.177789228
7050,5.708775313,5.328411794,4.696239151,3.905496625,4.859578106,4.141613376,4.743400084,5.28652395,6.177789228
7051,5.708775313,5.328411794,4.696239151,3.905496625,4.859578106,4.141613376,4.743400084,5.28652395,6.177789228
7052,5.708775313,5.328411794,4.696239151,3.905496625,4.859578106,4.141613376,4.743400084,5.28652395,6.177789228
7053,5.708775313,5.328411794,4.696239151,3.905496625,4.859578106,4.141613376,4.743400084,5.28652395,6.177789228
7054,5.708775313,5.328411794,4.696239151,3.905496625,4.859578106,4.141613376,4.743400084,5.28652395,6.177789228
7055,5.708775313,5.328411794,4.696239151,3.905496625,4.859578106,4.141613376,4.743400084,5.28652395,6.177789228
7056,5.708775313,5.328411794,4.696239151,3.905496625,4.859578106,4.141613376,4.743400084,5.28652395,6.177789228
7057,5.708775313,5.328411794,4.696239151,3.905496625,4.859578106,4.141613376,4.743400084,5.28652395,6.177789228
7058,5.708775313,5.328411794,4.696239151,3.905496625,4.859578106,4.141613376,4.743400084,5.28652395,6.177789228
7059,5.708775313,5.328411794,4.696239151,3.905496625,4.859578106,4.141613376,4.743400084,5.28652395,6.177789228
7060,5.708775313,5.328411794,4.696239151,3.905496625,4.859578106,4.141613376,4.743400084,5.28652395,6.177789228
7061,5.708775313,5.328411794,4.696239151,3.905496625,4.859578106,4.141613376,4.743400084,5.28652395,6.177789228
7062,5.708775313,5.328411794,4.696239151,3.905496625,4.859578106,4.141613376,4.743400084,5.28652395,6.177789228
7063,5.708775313,5.328411794,4.696239151,3.905496625,4.859578106,4.141613376,4.743400084,5.28652395,6.177789228
7064,5.708775313,5.328411794,4.696239151,3.905496625,4.859578106,4.141613376,4.743400084,5.28652395,6.177789228
7065,5.708775313,5.328411794,4.696239151,3.905496625,4.859578106,4.141613376,4.743400084,5.28652395,6.177789228
7066,5.708775313,5.328411794,4.696239151,3.905496625,4.859578106,4.141613376,4.743400084,5.28652395,6.177789228
7067,5.708775313,5.328411794,4.696239151,3.905496625,4.859578106,4.141613376,4.743400084,5.28652395,6.177789228
7068,5.708775313,5.328411794,4.696239151,3.905496625,4.859578106,4.141613376,4.743400084,5.28652395,6.177789228
7069,5.708775313,5.328411794,4.696239151,3.905496625,4.859578106,4.141613376,4.743400084,5.28652395,6.177789228
7070,5.708775313,5.328411794,4.696239151,3.905496625,4.859578106,4.141613376,4.743400084,5.28652395,6.177789228
7071,5.708775313,5.328411794,4.696239151,3.905496625,4.859578106,4.141613376,4.743400084,5.28652395,6.177789228
7072,5.708775313,5.328411794,4.696239151,3.905496625,4.859578106,4.141613376,4.743400084,5.28652395,6.177789228
7073,5.708775313,5.328411794,4.696239151,3.905496625,4.859578106,4.141613376,4.743400084,5.28652395,6.177789228
7074,5.708775313,5.328411794,4.696239151,3.905496625,4.859578106,4.141613376,4.743400084,5.28652395,6.177789228
7075,5.708775313,5.328411794,4.696239151,3.905496625,4.859578106,4.141613376,4.743400084,5.28652395,6.177789228
7076,5.708775313,5.328411794,4.696239151,3.905496625,4.859578106,4.141613376,4.743400084,5.28652395,6.177789228
7077,5.708775313,5.328411794,4.696239151,3.905496625,4.859578106,4.141613376,4.743400084,5.28652395,6.177789228
7078,5.708775313,5.328411794,4.696239151,3.905496625,4.859578106,4.141613376,4.743400084,5.28652395,6.177789228
7079,5.708775313,5.328411794,4.696239151,3.905496625,4.859578106,4.141613376,4.743400084,5.28652395,6.177789228
7080,5.708775313,5.328411794,4.696239151,3.905496625,4.859578106,4.141613376,4.743400084,5.28652395,6.177789228
7081,5.708775313,5.328411794,4.696239151,3.905496625,4.859578106,4.141613376,4.743400084,5.28652395,6.177789228
7082,5.708775313,5.328411794,4.696239151,3.905496625,4.859578106,4.141613376,4.743400084,5.28652395,6.177789228
7083,5.708775313,5.328411794,4.696239151,3.905496625,4.859578106,4.141613376,4.743400084,5.28652395,6.177789228
7084,5.708775313,5.328411794,4.696239151,3.905496625,4.859578106,4.141613376,4.743400084,5.28652395,6.177789228
7085,5.708775313,5.328411794,4.696239151,3.905496625,4.859578106,4.141613376,4.743400084,5.28652395,6.177789228
7086,5.708775313,5.328411794,4.696239151,3.905496625,4.859578106,4.141613376,4.743400084,5.28652395,6.177789228
7087,5.708775313,5.328411794,4.696239151,3.905496625,4.859578106,4.141613376,4.743400084,5.28652395,6.177789228
7088,5.708775313,5.328411794,4.696239151,3.905496625,4.859578106,4.141613376,4.743400084,5.28652395,6.177789228
7089,5.708775313,5.328411794,4.696239151,3.905496625,4.859578106,4.141613376,4.743400084,5.28652395,6.177789228
7090,5.708775313,5.328411794,4.696239151,3.905496625,4.859578106,4.141613376,4.743400084,5.28652395,6.177789228
7091,5.708775313,5.328411794,4.696239151,3.905496625,4.859578106,4.141613376,4.743400084,5.28652395,6.177789228
7092,5.708775313,5.328411794,4.696239151,3.905496625,4.859578106,4.141613376,4.743400084,5.28652395,6.177789228
7093,5.708775313,5.328411794,4.696239151,3.905496625,4.859578106,4.141613376,4.743400084,5.28652395,6.177789228
7094,5.708775313,5.328411794,4.696239151,3.905496625,4.859578106,4.141613376,4.743400084,5.28652395,6.177789228
7095,5.708775313,5.328411794,4.696239151,3.905496625,4.859578106,4.141613376,4.743400084,5.28652395,6.177789228
7096,5.708775313,5.328411794,4.696239151,3.905496625,4.859578106,4.141613376,4.743400084,5.28652395,6.177789228
7097,5.708775313,5.328411794,4.696239151,3.905496625,4.859578106,4.141613376,4.743400084,5.28652395,6.177789228
7098,5.708775313,5.328411794,4.696239151,3.905496625,4.859578106,4.141613376,4.743400084,5.28652395,6.177789228
7099,5.708775313,5.328411794,4.696239151,3.905496625,4.859578106,4.141613376,4.743400084,5.28652395,6.177789228
7100,5.708775313,5.328411794,4.696239151,3.905496625,4.859578106,4.141613376,4.743400084,5.28652395,6.177789228
7101,5.708775313,5.328411794,4.696239151,3.905496625,4.859578106,4.141613376,4.743400084,5.28652395,6.177789228
7102,5.708775313,5.328411794,4.696239151,3.905496625,4.859578106,4.141613376,4.743400084,5.28652395,6.177789228
7103,5.708775313,5.328411794,4.696239151,3.905496625,4.859578106,4.141613376,4.743400084,5.28652395,6.177789228
7104,5.708775313,5.328411794,4.696239151,3.905496625,4.859578106,4.141613376,4.743400084,5.28652395,6.177789228
7105,5.708775313,5.328411794,4.696239151,3.905496625,4.859578106,4.141613376,4.743400084,5.28652395,6.177789228
7106,5.708775313,5.328411794,4.696239151,3.905496625,4.859578106,4.141613376,4.743400084,5.28652395,6.177789228
7107,5.708775313,5.328411794,4.696239151,3.905496625,4.859578106,4.141613376,4.743400084,5.28652395,6.177789228
7108,5.708775313,5.328411794,4.696239151,3.905496625,4.859578106,4.141613376,4.743400084,5.28652395,6.177789228
7109,5.708775313,5.328411794,4.696239151,3.905496625,4.859578106,4.141613376,4.743400084,5.28652395,6.177789228
7110,5.708775313,5.328411794,4.696239151,3.905496625,4.859578106,4.141613376,4.743400084,5.28652395,6.177789228
7111,5.708775313,5.328411794,4.696239151,3.905496625,4.859578106,4.141613376,4.743400084,5.28652395,6.177789228
7112,5.708775313,5.328411794,4.696239151,3.905496625,4.859578106,4.141613376,4.743400084,5.28652395,6.177789228
7113,5.708775313,5.328411794,4.696239151,3.905496625,4.859578106,4.141613376,4.743400084,5.28652395,6.177789228
7114,5.708775313,5.328411794,4.696239151,3.905496625,4.859578106,4.141613376,4.743400084,5.28652395,6.177789228
7115,5.708775313,5.328411794,4.696239151,3.905496625,4.859578106,4.141613376,4.743400084,5.28652395,6.177789228
7116,5.708775313,5.328411794,4.696239151,3.905496625,4.859578106,4.141613376,4.743400084,5.28652395,6.177789228
7117,5.708775313,5.328411794,4.696239151,3.905496625,4.859578106,4.141613376,4.743400084,5.28652395,6.177789228
7118,5.708775313,5.328411794,4.696239151,3.905496625,4.859578106,4.141613376,4.743400084,5.28652395,6.177789228
7119,5.708775313,5.328411794,4.696239151,3.905496625,4.859578106,4.141613376,4.743400084,5.28652395,6.177789228
7120,5.708775313,5.328411794,4.696239151,3.905496625,4.859578106,4.141613376,4.743400084,5.28652395,6.177789228
7121,5.708775313,5.328411794,4.696239151,3.905496625,4.859578106,4.141613376,4.743400084,5.28652395,6.177789228
7122,5.708775313,5.328411794,4.696239151,3.905496625,4.859578106,4.141613376,4.743400084,5.28652395,6.177789228
7123,5.708775313,5.328411794,4.696239151,3.905496625,4.859578106,4.141613376,4.743400084,5.28652395,6.177789228
7124,5.708775313,5.328411794,4.696239151,3.905496625,4.859578106,4.141613376,4.743400084,5.28652395,6.177789228
7125,5.708775313,5.328411794,4.696239151,3.905496625,4.859578106,4.141613376,4.743400084,5.28652395,6.177789228
7126,5.708775313,5.328411794,4.696239151,3.905496625,4.859578106,4.141613376,4.743400084,5.28652395,6.177789228
7127,5.708775313,5.328411794,4.696239151,3.905496625,4.859578106,4.141613376,4.743400084,5.28652395,6.177789228
7128,5.708775313,5.328411794,4.696239151,3.905496625,4.859578106,4.141613376,4.743400084,5.28652395,6.177789228
7129,5.708775313,5.328411794,4.696239151,3.905496625,4.859578106,4.141613376,4.743400084,5.28652395,6.177789228
7130,5.708775313,5.328411794,4.696239151,3.905496625,4.859578106,4.141613376,4.743400084,5.28652395,6.177789228
7131,5.708775313,5.328411794,4.696239151,3.905496625,4.859578106,4.141613376,4.743400084,5.28652395,6.177789228
7132,5.708775313,5.328411794,4.696239151,3.905496625,4.859578106,4.141613376,4.743400084,5.28652395,6.177789228
7133,5.708775313,5.328411794,4.696239151,3.905496625,4.859578106,4.141613376,4.743400084,5.28652395,6.177789228
7134,5.708775313,5.328411794,4.696239151,3.905496625,4.859578106,4.141613376,4.743400084,5.28652395,6.177789228
7135,5.708775313,5.328411794,4.696239151,3.905496625,4.859578106,4.141613376,4.743400084,5.28652395,6.177789228
7136,5.708775313,5.328411794,4.696239151,3.905496625,4.859578106,4.141613376,4.743400084,5.28652395,6.177789228
7137,5.708775313,5.328411794,4.696239151,3.905496625,4.859578106,4.141613376,4.743400084,5.28652395,6.177789228
7138,5.708775313,5.328411794,4.696239151,3.905496625,4.859578106,4.141613376,4.743400084,5.28652395,6.177789228
7139,5.708775313,5.328411794,4.696239151,3.905496625,4.859578106,4.141613376,4.743400084,5.28652395,6.177789228
7140,5.708775313,5.328411794,4.696239151,3.905496625,4.859578106,4.141613376,4.743400084,5.28652395,6.177789228
7141,5.708775313,5.328411794,4.696239151,3.905496625,4.859578106,4.141613376,4.743400084,5.28652395,6.177789228
7142,5.708775313,5.328411794,4.696239151,3.905496625,4.859578106,4.141613376,4.743400084,5.28652395,6.177789228
7143,5.708775313,5.328411794,4.696239151,3.905496625,4.859578106,4.141613376,4.743400084,5.28652395,6.177789228
7144,5.708775313,5.328411794,4.696239151,3.905496625,4.859578106,4.141613376,4.743400084,5.28652395,6.177789228
7145,5.708775313,5.328411794,4.696239151,3.905496625,4.859578106,4.141613376,4.743400084,5.28652395,6.177789228
7146,5.708775313,5.328411794,4.696239151,3.905496625,4.859578106,4.141613376,4.743400084,5.28652395,6.177789228
7147,5.708775313,5.328411794,4.696239151,3.905496625,4.859578106,4.141613376,4.743400084,5.28652395,6.177789228
7148,5.708775313,5.328411794,4.696239151,3.905496625,4.859578106,4.141613376,4.743400084,5.28652395,6.177789228
7149,5.708775313,5.328411794,4.696239151,3.905496625,4.859578106,4.141613376,4.743400084,5.28652395,6.177789228
7150,5.708775313,5.328411794,4.696239151,3.905496625,4.859578106,4.141613376,4.743400084,5.28652395,6.177789228
7151,5.708775313,5.328411794,4.696239151,3.905496625,4.859578106,4.141613376,4.743400084,5.28652395,6.177789228
7152,5.708775313,5.328411794,4.696239151,3.905496625,4.859578106,4.141613376,4.743400084,5.28652395,6.177789228
7153,5.708775313,5.328411794,4.696239151,3.905496625,4.859578106,4.141613376,4.743400084,5.28652395,6.177789228
7154,5.708775313,5.328411794,4.696239151,3.905496625,4.859578106,4.141613376,4.743400084,5.28652395,6.177789228
7155,5.708775313,5.328411794,4.696239151,3.905496625,4.859578106,4.141613376,4.743400084,5.28652395,6.177789228
7156,5.708775313,5.328411794,4.696239151,3.905496625,4.859578106,4.141613376,4.743400084,5.28652395,6.177789228
7157,5.708775313,5.328411794,4.696239151,3.905496625,4.859578106,4.141613376,4.743400084,5.28652395,6.177789228
7158,5.708775313,5.328411794,4.696239151,3.905496625,4.859578106,4.141613376,4.743400084,5.28652395,6.177789228
7159,5.708775313,5.328411794,4.696239151,3.905496625,4.859578106,4.141613376,4.743400084,5.28652395,6.177789228
7160,5.708775313,5.328411794,4.696239151,3.905496625,4.859578106,4.141613376,4.743400084,5.28652395,6.177789228
7161,5.708775313,5.328411794,4.696239151,3.905496625,4.859578106,4.141613376,4.743400084,5.28652395,6.177789228
7162,5.708775313,5.328411794,4.696239151,3.905496625,4.859578106,4.141613376,4.743400084,5.28652395,6.177789228
7163,5.708775313,5.328411794,4.696239151,3.905496625,4.859578106,4.141613376,4.743400084,5.28652395,6.177789228
7164,5.708775313,5.328411794,4.696239151,3.905496625,4.859578106,4.141613376,4.743400084,5.28652395,6.177789228
7165,5.708775313,5.328411794,4.696239151,3.905496625,4.859578106,4.141613376,4.743400084,5.28652395,6.177789228
7166,5.708775313,5.328411794,4.696239151,3.905496625,4.859578106,4.141613376,4.743400084,5.28652395,6.177789228
7167,5.708775313,5.328411794,4.696239151,3.905496625,4.859578106,4.141613376,4.743400084,5.28652395,6.177789228
7168,5.708775313,5.328411794,4.696239151,3.905496625,4.859578106,4.141613376,4.743400084,5.28652395,6.177789228
7169,5.708775313,5.328411794,4.696239151,3.905496625,4.859578106,4.141613376,4.743400084,5.28652395,6.177789228
7170,5.708775313,5.328411794,4.696239151,3.905496625,4.859578106,4.141613376,4.743400084,5.28652395,6.177789228
7171,5.708775313,5.328411794,4.696239151,3.905496625,4.859578106,4.141613376,4.743400084,5.28652395,6.177789228
7172,5.708775313,5.328411794,4.696239151,3.905496625,4.859578106,4.141613376,4.743400084,5.28652395,6.177789228
7173,5.708775313,5.328411794,4.696239151,3.905496625,4.859578106,4.141613376,4.743400084,5.28652395,6.177789228
7174,5.708775313,5.328411794,4.696239151,3.905496625,4.859578106,4.141613376,4.743400084,5.28652395,6.177789228
7175,5.708775313,5.328411794,4.696239151,3.905496625,4.859578106,4.141613376,4.743400084,5.28652395,6.177789228
7176,5.708775313,5.328411794,4.696239151,3.905496625,4.859578106,4.141613376,4.743400084,5.28652395,6.177789228
7177,5.708775313,5.328411794,4.696239151,3.905496625,4.859578106,4.141613376,4.743400084,5.28652395,6.177789228
7178,5.708775313,5.328411794,4.696239151,3.905496625,4.859578106,4.141613376,4.743400084,5.28652395,6.177789228
7179,5.708775313,5.328411794,4.696239151,3.905496625,4.859578106,4.141613376,4.743400084,5.28652395,6.177789228
7180,5.708775313,5.328411794,4.696239151,3.905496625,4.859578106,4.141613376,4.743400084,5.28652395,6.177789228
7181,5.708775313,5.328411794,4.696239151,3.905496625,4.859578106,4.141613376,4.743400084,5.28652395,6.177789228
7182,5.708775313,5.328411794,4.696239151,3.905496625,4.859578106,4.141613376,4.743400084,5.28652395,6.177789228
7183,5.708775313,5.328411794,4.696239151,3.905496625,4.859578106,4.141613376,4.743400084,5.28652395,6.177789228
7184,5.708775313,5.328411794,4.696239151,3.905496625,4.859578106,4.141613376,4.743400084,5.28652395,6.177789228
7185,5.708775313,5.328411794,4.696239151,3.905496625,4.859578106,4.141613376,4.743400084,5.28652395,6.177789228
7186,5.708775313,5.328411794,4.696239151,3.905496625,4.859578106,4.141613376,4.743400084,5.28652395,6.177789228
7187,5.708775313,5.328411794,4.696239151,3.905496625,4.859578106,4.141613376,4.743400084,5.28652395,6.177789228
7188,5.708775313,5.328411794,4.696239151,3.905496625,4.859578106,4.141613376,4.743400084,5.28652395,6.177789228
7189,5.708775313,5.328411794,4.696239151,3.905496625,4.859578106,4.141613376,4.743400084,5.28652395,6.177789228
7190,5.708775313,5.328411794,4.696239151,3.905496625,4.859578106,4.141613376,4.743400084,5.28652395,6.177789228
7191,5.708775313,5.328411794,4.696239151,3.905496625,4.859578106,4.141613376,4.743400084,5.28652395,6.177789228
7192,5.708775313,5.328411794,4.696239151,3.905496625,4.859578106,4.141613376,4.743400084,5.28652395,6.177789228
7193,5.708775313,5.328411794,4.696239151,3.905496625,4.859578106,4.141613376,4.743400084,5.28652395,6.177789228
7194,5.708775313,5.328411794,4.696239151,3.905496625,4.859578106,4.141613376,4.743400084,5.28652395,6.177789228
7195,5.708775313,5.328411794,4.696239151,3.905496625,4.859578106,4.141613376,4.743400084,5.28652395,6.177789228
7196,5.708775313,5.328411794,4.696239151,3.905496625,4.859578106,4.141613376,4.743400084,5.28652395,6.177789228
7197,5.708775313,5.328411794,4.696239151,3.905496625,4.859578106,4.141613376,4.743400084,5.28652395,6.177789228
7198,5.708775313,5.328411794,4.696239151,3.905496625,4.859578106,4.141613376,4.743400084,5.28652395,6.177789228
7199,5.708775313,5.328411794,4.696239151,3.905496625,4.859578106,4.141613376,4.743400084,5.28652395,6.177789228
7200,5.708775313,5.328411794,4.696239151,3.905496625,4.859578106,4.141613376,4.743400084,5.28652395,6.177789228
7201,5.708775313,5.328411794,4.696239151,3.905496625,4.859578106,4.141613376,4.743400084,5.28652395,6.177789228
7202,5.708775313,5.328411794,4.696239151,3.905496625,4.859578106,4.141613376,4.743400084,5.28652395,6.177789228
7203,5.708775313,5.328411794,4.696239151,3.905496625,4.859578106,4.141613376,4.743400084,5.28652395,6.177789228
7204,5.708775313,5.328411794,4.696239151,3.905496625,4.859578106,4.141613376,4.743400084,5.28652395,6.177789228
7205,5.708775313,5.328411794,4.696239151,3.905496625,4.859578106,4.141613376,4.743400084,5.28652395,6.177789228
7206,5.708775313,5.328411794,4.696239151,3.905496625,4.859578106,4.141613376,4.743400084,5.28652395,6.177789228
7207,5.708775313,5.328411794,4.696239151,3.905496625,4.859578106,4.141613376,4.743400084,5.28652395,6.177789228
7208,5.708775313,5.328411794,4.696239151,3.905496625,4.859578106,4.141613376,4.743400084,5.28652395,6.177789228
7209,5.708775313,5.328411794,4.696239151,3.905496625,4.859578106,4.141613376,4.743400084,5.28652395,6.177789228
7210,5.708775313,5.328411794,4.696239151,3.905496625,4.859578106,4.141613376,4.743400084,5.28652395,6.177789228
7211,5.708775313,5.328411794,4.696239151,3.905496625,4.859578106,4.141613376,4.743400084,5.28652395,6.177789228
7212,5.708775313,5.328411794,4.696239151,3.905496625,4.859578106,4.141613376,4.743400084,5.28652395,6.177789228
7213,5.708775313,5.328411794,4.696239151,3.905496625,4.859578106,4.141613376,4.743400084,5.28652395,6.177789228
7214,5.708775313,5.328411794,4.696239151,3.905496625,4.859578106,4.141613376,4.743400084,5.28652395,6.177789228
7215,5.708775313,5.328411794,4.696239151,3.905496625,4.859578106,4.141613376,4.743400084,5.28652395,6.177789228
7216,5.708775313,5.328411794,4.696239151,3.905496625,4.859578106,4.141613376,4.743400084,5.28652395,6.177789228
7217,5.708775313,5.328411794,4.696239151,3.905496625,4.859578106,4.141613376,4.743400084,5.28652395,6.177789228
7218,5.708775313,5.328411794,4.696239151,3.905496625,4.859578106,4.141613376,4.743400084,5.28652395,6.177789228
7219,5.708775313,5.328411794,4.696239151,3.905496625,4.859578106,4.141613376,4.743400084,5.28652395,6.177789228
7220,5.708775313,5.328411794,4.696239151,3.905496625,4.859578106,4.141613376,4.743400084,5.28652395,6.177789228
7221,5.708775313,5.328411794,4.696239151,3.905496625,4.859578106,4.141613376,4.743400084,5.28652395,6.177789228
7222,5.708775313,5.328411794,4.696239151,3.905496625,4.859578106,4.141613376,4.743400084,5.28652395,6.177789228
7223,5.708775313,5.328411794,4.696239151,3.905496625,4.859578106,4.141613376,4.743400084,5.28652395,6.177789228
7224,5.708775313,5.328411794,4.696239151,3.905496625,4.859578106,4.141613376,4.743400084,5.28652395,6.177789228
7225,5.708775313,5.328411794,4.696239151,3.905496625,4.859578106,4.141613376,4.743400084,5.28652395,6.177789228
7226,5.708775313,5.328411794,4.696239151,3.905496625,4.859578106,4.141613376,4.743400084,5.28652395,6.177789228
7227,5.708775313,5.328411794,4.696239151,3.905496625,4.859578106,4.141613376,4.743400084,5.28652395,6.177789228
7228,5.708775313,5.328411794,4.696239151,3.905496625,4.859578106,4.141613376,4.743400084,5.28652395,6.177789228
7229,5.708775313,5.328411794,4.696239151,3.905496625,4.859578106,4.141613376,4.743400084,5.28652395,6.177789228
7230,5.708775313,5.328411794,4.696239151,3.905496625,4.859578106,4.141613376,4.743400084,5.28652395,6.177789228
7231,5.708775313,5.328411794,4.696239151,3.905496625,4.859578106,4.141613376,4.743400084,5.28652395,6.177789228
7232,5.708775313,5.328411794,4.696239151,3.905496625,4.859578106,4.141613376,4.743400084,5.28652395,6.177789228
7233,5.708775313,5.328411794,4.696239151,3.905496625,4.859578106,4.141613376,4.743400084,5.28652395,6.177789228
7234,5.708775313,5.328411794,4.696239151,3.905496625,4.859578106,4.141613376,4.743400084,5.28652395,6.177789228
7235,5.708775313,5.328411794,4.696239151,3.905496625,4.859578106,4.141613376,4.743400084,5.28652395,6.177789228
7236,5.708775313,5.328411794,4.696239151,3.905496625,4.859578106,4.141613376,4.743400084,5.28652395,6.177789228
7237,5.708775313,5.328411794,4.696239151,3.905496625,4.859578106,4.141613376,4.743400084,5.28652395,6.177789228
7238,5.708775313,5.328411794,4.696239151,3.905496625,4.859578106,4.141613376,4.743400084,5.28652395,6.177789228
7239,5.708775313,5.328411794,4.696239151,3.905496625,4.859578106,4.141613376,4.743400084,5.28652395,6.177789228
7240,5.708775313,5.328411794,4.696239151,3.905496625,4.859578106,4.141613376,4.743400084,5.28652395,6.177789228
7241,5.708775313,5.328411794,4.696239151,3.905496625,4.859578106,4.141613376,4.743400084,5.28652395,6.177789228
7242,5.708775313,5.328411794,4.696239151,3.905496625,4.859578106,4.141613376,4.743400084,5.28652395,6.177789228
7243,5.708775313,5.328411794,4.696239151,3.905496625,4.859578106,4.141613376,4.743400084,5.28652395,6.177789228
7244,5.708775313,5.328411794,4.696239151,3.905496625,4.859578106,4.141613376,4.743400084,5.28652395,6.177789228
7245,5.708775313,5.328411794,4.696239151,3.905496625,4.859578106,4.141613376,4.743400084,5.28652395,6.177789228
7246,5.708775313,5.328411794,4.696239151,3.905496625,4.859578106,4.141613376,4.743400084,5.28652395,6.177789228
7247,5.708775313,5.328411794,4.696239151,3.905496625,4.859578106,4.141613376,4.743400084,5.28652395,6.177789228
7248,5.708775313,5.328411794,4.696239151,3.905496625,4.859578106,4.141613376,4.743400084,5.28652395,6.177789228
7249,5.708775313,5.328411794,4.696239151,3.905496625,4.859578106,4.141613376,4.743400084,5.28652395,6.177789228
7250,5.708775313,5.328411794,4.696239151,3.905496625,4.859578106,4.141613376,4.743400084,5.28652395,6.177789228
7251,5.708775313,5.328411794,4.696239151,3.905496625,4.859578106,4.141613376,4.743400084,5.28652395,6.177789228
7252,5.708775313,5.328411794,4.696239151,3.905496625,4.859578106,4.141613376,4.743400084,5.28652395,6.177789228
7253,5.708775313,5.328411794,4.696239151,3.905496625,4.859578106,4.141613376,4.743400084,5.28652395,6.177789228
7254,5.708775313,5.328411794,4.696239151,3.905496625,4.859578106,4.141613376,4.743400084,5.28652395,6.177789228
7255,5.708775313,5.328411794,4.696239151,3.905496625,4.859578106,4.141613376,4.743400084,5.28652395,6.177789228
7256,5.708775313,5.328411794,4.696239151,3.905496625,4.859578106,4.141613376,4.743400084,5.28652395,6.177789228
7257,5.708775313,5.328411794,4.696239151,3.905496625,4.859578106,4.141613376,4.743400084,5.28652395,6.177789228
7258,5.708775313,5.328411794,4.696239151,3.905496625,4.859578106,4.141613376,4.743400084,5.28652395,6.177789228
7259,5.708775313,5.328411794,4.696239151,3.905496625,4.859578106,4.141613376,4.743400084,5.28652395,6.177789228
7260,5.708775313,5.328411794,4.696239151,3.905496625,4.859578106,4.141613376,4.743400084,5.28652395,6.177789228
7261,5.708775313,5.328411794,4.696239151,3.905496625,4.859578106,4.141613376,4.743400084,5.28652395,6.177789228
7262,5.708775313,5.328411794,4.696239151,3.905496625,4.859578106,4.141613376,4.743400084,5.28652395,6.177789228
7263,5.708775313,5.328411794,4.696239151,3.905496625,4.859578106,4.141613376,4.743400084,5.28652395,6.177789228
7264,5.708775313,5.328411794,4.696239151,3.905496625,4.859578106,4.141613376,4.743400084,5.28652395,6.177789228
7265,5.708775313,5.328411794,4.696239151,3.905496625,4.859578106,4.141613376,4.743400084,5.28652395,6.177789228
7266,5.708775313,5.328411794,4.696239151,3.905496625,4.859578106,4.141613376,4.743400084,5.28652395,6.177789228
7267,5.708775313,5.328411794,4.696239151,3.905496625,4.859578106,4.141613376,4.743400084,5.28652395,6.177789228
7268,5.708775313,5.328411794,4.696239151,3.905496625,4.859578106,4.141613376,4.743400084,5.28652395,6.177789228
7269,5.708775313,5.328411794,4.696239151,3.905496625,4.859578106,4.141613376,4.743400084,5.28652395,6.177789228
7270,5.708775313,5.328411794,4.696239151,3.905496625,4.859578106,4.141613376,4.743400084,5.28652395,6.177789228
7271,5.708775313,5.328411794,4.696239151,3.905496625,4.859578106,4.141613376,4.743400084,5.28652395,6.177789228
7272,5.708775313,5.328411794,4.696239151,3.905496625,4.859578106,4.141613376,4.743400084,5.28652395,6.177789228
7273,5.708775313,5.328411794,4.696239151,3.905496625,4.859578106,4.141613376,4.743400084,5.28652395,6.177789228
7274,5.708775313,5.328411794,4.696239151,3.905496625,4.859578106,4.141613376,4.743400084,5.28652395,6.177789228
7275,5.708775313,5.328411794,4.696239151,3.905496625,4.859578106,4.141613376,4.743400084,5.28652395,6.177789228
7276,5.708775313,5.328411794,4.696239151,3.905496625,4.859578106,4.141613376,4.743400084,5.28652395,6.177789228
7277,5.708775313,5.328411794,4.696239151,3.905496625,4.859578106,4.141613376,4.743400084,5.28652395,6.177789228
7278,5.708775313,5.328411794,4.696239151,3.905496625,4.859578106,4.141613376,4.743400084,5.28652395,6.177789228
7279,5.708775313,5.328411794,4.696239151,3.905496625,4.859578106,4.141613376,4.743400084,5.28652395,6.177789228
7280,5.708775313,5.328411794,4.696239151,3.905496625,4.859578106,4.141613376,4.743400084,5.28652395,6.177789228
7281,5.708775313,5.328411794,4.696239151,3.905496625,4.859578106,4.141613376,4.743400084,5.28652395,6.177789228
7282,5.708775313,5.328411794,4.696239151,3.905496625,4.859578106,4.141613376,4.743400084,5.28652395,6.177789228
7283,5.708775313,5.328411794,4.696239151,3.905496625,4.859578106,4.141613376,4.743400084,5.28652395,6.177789228
7284,5.708775313,5.328411794,4.696239151,3.905496625,4.859578106,4.141613376,4.743400084,5.28652395,6.177789228
7285,5.708775313,5.328411794,4.696239151,3.905496625,4.859578106,4.141613376,4.743400084,5.28652395,6.177789228
7286,5.708775313,5.328411794,4.696239151,3.905496625,4.859578106,4.141613376,4.743400084,5.28652395,6.177789228
7287,5.708775313,5.328411794,4.696239151,3.905496625,4.859578106,4.141613376,4.743400084,5.28652395,6.177789228
7288,5.708775313,5.328411794,4.696239151,3.905496625,4.859578106,4.141613376,4.743400084,5.28652395,6.177789228
7289,5.708775313,5.328411794,4.696239151,3.905496625,4.859578106,4.141613376,4.743400084,5.28652395,6.177789228
7290,5.708775313,5.328411794,4.696239151,3.905496625,4.859578106,4.141613376,4.743400084,5.28652395,6.177789228
7291,5.708775313,5.328411794,4.696239151,3.905496625,4.859578106,4.141613376,4.743400084,5.28652395,6.177789228
7292,5.708775313,5.328411794,4.696239151,3.905496625,4.859578106,4.141613376,4.743400084,5.28652395,6.177789228
7293,5.708775313,5.328411794,4.696239151,3.905496625,4.859578106,4.141613376,4.743400084,5.28652395,6.177789228
7294,5.708775313,5.328411794,4.696239151,3.905496625,4.859578106,4.141613376,4.743400084,5.28652395,6.177789228
7295,5.708775313,5.328411794,4.696239151,3.905496625,4.859578106,4.141613376,4.743400084,5.28652395,6.177789228
7296,5.708775313,5.328411794,4.696239151,3.905496625,4.859578106,4.141613376,4.743400084,5.28652395,6.177789228
7297,5.708775313,5.328411794,4.696239151,3.905496625,4.859578106,4.141613376,4.743400084,5.28652395,6.177789228
7298,5.708775313,5.328411794,4.696239151,3.905496625,4.859578106,4.141613376,4.743400084,5.28652395,6.177789228
7299,5.708775313,5.328411794,4.696239151,3.905496625,4.859578106,4.141613376,4.743400084,5.28652395,6.177789228
7300,5.708775313,5.328411794,4.696239151,3.905496625,4.859578106,4.141613376,4.743400084,5.28652395,6.177789228
7301,5.708775313,5.328411794,4.696239151,3.905496625,4.859578106,4.141613376,4.743400084,5.28652395,6.177789228
7302,5.708775313,5.328411794,4.696239151,3.905496625,4.859578106,4.141613376,4.743400084,5.28652395,6.177789228
7303,5.708775313,5.328411794,4.696239151,3.905496625,4.859578106,4.141613376,4.743400084,5.28652395,6.177789228
7304,5.708775313,5.328411794,4.696239151,3.905496625,4.859578106,4.141613376,4.743400084,5.28652395,6.177789228
7305,5.708775313,5.328411794,4.696239151,3.905496625,4.859578106,4.141613376,4.743400084,5.28652395,6.177789228
7306,5.708775313,5.328411794,4.696239151,3.905496625,4.859578106,4.141613376,4.743400084,5.28652395,6.177789228
7307,5.708775313,5.328411794,4.696239151,3.905496625,4.859578106,4.141613376,4.743400084,5.28652395,6.177789228
7308,5.708775313,5.328411794,4.696239151,3.905496625,4.859578106,4.141613376,4.743400084,5.28652395,6.177789228
7309,5.708775313,5.328411794,4.696239151,3.905496625,4.859578106,4.141613376,4.743400084,5.28652395,6.177789228
7310,5.708775313,5.328411794,4.696239151,3.905496625,4.859578106,4.141613376,4.743400084,5.28652395,6.177789228
7311,5.708775313,5.328411794,4.696239151,3.905496625,4.859578106,4.141613376,4.743400084,5.28652395,6.177789228
7312,5.708775313,5.328411794,4.696239151,3.905496625,4.859578106,4.141613376,4.743400084,5.28652395,6.177789228
7313,5.708775313,5.328411794,4.696239151,3.905496625,4.859578106,4.141613376,4.743400084,5.28652395,6.177789228
7314,5.708775313,5.328411794,4.696239151,3.905496625,4.859578106,4.141613376,4.743400084,5.28652395,6.177789228
7315,5.708775313,5.328411794,4.696239151,3.905496625,4.859578106,4.141613376,4.743400084,5.28652395,6.177789228
7316,5.708775313,5.328411794,4.696239151,3.905496625,4.859578106,4.141613376,4.743400084,5.28652395,6.177789228
7317,5.708775313,5.328411794,4.696239151,3.905496625,4.859578106,4.141613376,4.743400084,5.28652395,6.177789228
7318,5.708775313,5.328411794,4.696239151,3.905496625,4.859578106,4.141613376,4.743400084,5.28652395,6.177789228
7319,5.708775313,5.328411794,4.696239151,3.905496625,4.859578106,4.141613376,4.743400084,5.28652395,6.177789228
7320,5.708775313,5.328411794,4.696239151,3.905496625,4.859578106,4.141613376,4.743400084,5.28652395,6.177789228
7321,5.708775313,5.328411794,4.696239151,3.905496625,4.859578106,4.141613376,4.743400084,5.28652395,6.177789228
7322,5.708775313,5.328411794,4.696239151,3.905496625,4.859578106,4.141613376,4.743400084,5.28652395,6.177789228
7323,5.708775313,5.328411794,4.696239151,3.905496625,4.859578106,4.141613376,4.743400084,5.28652395,6.177789228
7324,5.708775313,5.328411794,4.696239151,3.905496625,4.859578106,4.141613376,4.743400084,5.28652395,6.177789228
7325,5.708775313,5.328411794,4.696239151,3.905496625,4.859578106,4.141613376,4.743400084,5.28652395,6.177789228
7326,5.708775313,5.328411794,4.696239151,3.905496625,4.859578106,4.141613376,4.743400084,5.28652395,6.177789228
7327,5.708775313,5.328411794,4.696239151,3.905496625,4.859578106,4.141613376,4.743400084,5.28652395,6.177789228
7328,5.708775313,5.328411794,4.696239151,3.905496625,4.859578106,4.141613376,4.743400084,5.28652395,6.177789228
7329,5.708775313,5.328411794,4.696239151,3.905496625,4.859578106,4.141613376,4.743400084,5.28652395,6.177789228
7330,5.708775313,5.328411794,4.696239151,3.905496625,4.859578106,4.141613376,4.743400084,5.28652395,6.177789228
7331,5.708775313,5.328411794,4.696239151,3.905496625,4.859578106,4.141613376,4.743400084,5.28652395,6.177789228
7332,5.708775313,5.328411794,4.696239151,3.905496625,4.859578106,4.141613376,4.743400084,5.28652395,6.177789228
7333,5.708775313,5.328411794,4.696239151,3.905496625,4.859578106,4.141613376,4.743400084,5.28652395,6.177789228
7334,5.708775313,5.328411794,4.696239151,3.905496625,4.859578106,4.141613376,4.743400084,5.28652395,6.177789228
7335,5.708775313,5.328411794,4.696239151,3.905496625,4.859578106,4.141613376,4.743400084,5.28652395,6.177789228
7336,5.708775313,5.328411794,4.696239151,3.905496625,4.859578106,4.141613376,4.743400084,5.28652395,6.177789228
7337,5.708775313,5.328411794,4.696239151,3.905496625,4.859578106,4.141613376,4.743400084,5.28652395,6.177789228
7338,5.708775313,5.328411794,4.696239151,3.905496625,4.859578106,4.141613376,4.743400084,5.28652395,6.177789228
7339,5.708775313,5.328411794,4.696239151,3.905496625,4.859578106,4.141613376,4.743400084,5.28652395,6.177789228
7340,5.708775313,5.328411794,4.696239151,3.905496625,4.859578106,4.141613376,4.743400084,5.28652395,6.177789228
7341,5.708775313,5.328411794,4.696239151,3.905496625,4.859578106,4.141613376,4.743400084,5.28652395,6.177789228
7342,5.708775313,5.328411794,4.696239151,3.905496625,4.859578106,4.141613376,4.743400084,5.28652395,6.177789228
7343,5.708775313,5.328411794,4.696239151,3.905496625,4.859578106,4.141613376,4.743400084,5.28652395,6.177789228
7344,5.708775313,5.328411794,4.696239151,3.905496625,4.859578106,4.141613376,4.743400084,5.28652395,6.177789228
7345,5.708775313,5.328411794,4.696239151,3.905496625,4.859578106,4.141613376,4.743400084,5.28652395,6.177789228
7346,5.708775313,5.328411794,4.696239151,3.905496625,4.859578106,4.141613376,4.743400084,5.28652395,6.177789228
7347,5.708775313,5.328411794,4.696239151,3.905496625,4.859578106,4.141613376,4.743400084,5.28652395,6.177789228
7348,5.708775313,5.328411794,4.696239151,3.905496625,4.859578106,4.141613376,4.743400084,5.28652395,6.177789228
7349,5.708775313,5.328411794,4.696239151,3.905496625,4.859578106,4.141613376,4.743400084,5.28652395,6.177789228
7350,5.708775313,5.328411794,4.696239151,3.905496625,4.859578106,4.141613376,4.743400084,5.28652395,6.177789228
7351,5.708775313,5.328411794,4.696239151,3.905496625,4.859578106,4.141613376,4.743400084,5.28652395,6.177789228
7352,5.708775313,5.328411794,4.696239151,3.905496625,4.859578106,4.141613376,4.743400084,5.28652395,6.177789228
7353,5.708775313,5.328411794,4.696239151,3.905496625,4.859578106,4.141613376,4.743400084,5.28652395,6.177789228
7354,5.708775313,5.328411794,4.696239151,3.905496625,4.859578106,4.141613376,4.743400084,5.28652395,6.177789228
7355,5.708775313,5.328411794,4.696239151,3.905496625,4.859578106,4.141613376,4.743400084,5.28652395,6.177789228
7356,5.708775313,5.328411794,4.696239151,3.905496625,4.859578106,4.141613376,4.743400084,5.28652395,6.177789228
7357,5.708775313,5.328411794,4.696239151,3.905496625,4.859578106,4.141613376,4.743400084,5.28652395,6.177789228
7358,5.708775313,5.328411794,4.696239151,3.905496625,4.859578106,4.141613376,4.743400084,5.28652395,6.177789228
7359,5.708775313,5.328411794,4.696239151,3.905496625,4.859578106,4.141613376,4.743400084,5.28652395,6.177789228
7360,5.708775313,5.328411794,4.696239151,3.905496625,4.859578106,4.141613376,4.743400084,5.28652395,6.177789228
7361,5.708775313,5.328411794,4.696239151,3.905496625,4.859578106,4.141613376,4.743400084,5.28652395,6.177789228
7362,5.708775313,5.328411794,4.696239151,3.905496625,4.859578106,4.141613376,4.743400084,5.28652395,6.177789228
7363,5.708775313,5.328411794,4.696239151,3.905496625,4.859578106,4.141613376,4.743400084,5.28652395,6.177789228
7364,5.708775313,5.328411794,4.696239151,3.905496625,4.859578106,4.141613376,4.743400084,5.28652395,6.177789228
7365,5.708775313,5.328411794,4.696239151,3.905496625,4.859578106,4.141613376,4.743400084,5.28652395,6.177789228
7366,5.708775313,5.328411794,4.696239151,3.905496625,4.859578106,4.141613376,4.743400084,5.28652395,6.177789228
7367,5.708775313,5.328411794,4.696239151,3.905496625,4.859578106,4.141613376,4.743400084,5.28652395,6.177789228
7368,5.708775313,5.328411794,4.696239151,3.905496625,4.859578106,4.141613376,4.743400084,5.28652395,6.177789228
7369,5.708775313,5.328411794,4.696239151,3.905496625,4.859578106,4.141613376,4.743400084,5.28652395,6.177789228
7370,5.708775313,5.328411794,4.696239151,3.905496625,4.859578106,4.141613376,4.743400084,5.28652395,6.177789228
7371,5.708775313,5.328411794,4.696239151,3.905496625,4.859578106,4.141613376,4.743400084,5.28652395,6.177789228
7372,5.708775313,5.328411794,4.696239151,3.905496625,4.859578106,4.141613376,4.743400084,5.28652395,6.177789228
7373,5.708775313,5.328411794,4.696239151,3.905496625,4.859578106,4.141613376,4.743400084,5.28652395,6.177789228
7374,5.708775313,5.328411794,4.696239151,3.905496625,4.859578106,4.141613376,4.743400084,5.28652395,6.177789228
7375,5.708775313,5.328411794,4.696239151,3.905496625,4.859578106,4.141613376,4.743400084,5.28652395,6.177789228
7376,5.708775313,5.328411794,4.696239151,3.905496625,4.859578106,4.141613376,4.743400084,5.28652395,6.177789228
7377,5.708775313,5.328411794,4.696239151,3.905496625,4.859578106,4.141613376,4.743400084,5.28652395,6.177789228
7378,5.708775313,5.328411794,4.696239151,3.905496625,4.859578106,4.141613376,4.743400084,5.28652395,6.177789228
7379,5.708775313,5.328411794,4.696239151,3.905496625,4.859578106,4.141613376,4.743400084,5.28652395,6.177789228
7380,5.708775313,5.328411794,4.696239151,3.905496625,4.859578106,4.141613376,4.743400084,5.28652395,6.177789228
7381,5.708775313,5.328411794,4.696239151,3.905496625,4.859578106,4.141613376,4.743400084,5.28652395,6.177789228
7382,5.708775313,5.328411794,4.696239151,3.905496625,4.859578106,4.141613376,4.743400084,5.28652395,6.177789228
7383,5.708775313,5.328411794,4.696239151,3.905496625,4.859578106,4.141613376,4.743400084,5.28652395,6.177789228
7384,5.708775313,5.328411794,4.696239151,3.905496625,4.859578106,4.141613376,4.743400084,5.28652395,6.177789228
7385,5.708775313,5.328411794,4.696239151,3.905496625,4.859578106,4.141613376,4.743400084,5.28652395,6.177789228
7386,5.708775313,5.328411794,4.696239151,3.905496625,4.859578106,4.141613376,4.743400084,5.28652395,6.177789228
7387,5.708775313,5.328411794,4.696239151,3.905496625,4.859578106,4.141613376,4.743400084,5.28652395,6.177789228
7388,5.708775313,5.328411794,4.696239151,3.905496625,4.859578106,4.141613376,4.743400084,5.28652395,6.177789228
7389,5.708775313,5.328411794,4.696239151,3.905496625,4.859578106,4.141613376,4.743400084,5.28652395,6.177789228
7390,5.708775313,5.328411794,4.696239151,3.905496625,4.859578106,4.141613376,4.743400084,5.28652395,6.177789228
7391,5.708775313,5.328411794,4.696239151,3.905496625,4.859578106,4.141613376,4.743400084,5.28652395,6.177789228
7392,5.708775313,5.328411794,4.696239151,3.905496625,4.859578106,4.141613376,4.743400084,5.28652395,6.177789228
7393,5.708775313,5.328411794,4.696239151,3.905496625,4.859578106,4.141613376,4.743400084,5.28652395,6.177789228
7394,5.708775313,5.328411794,4.696239151,3.905496625,4.859578106,4.141613376,4.743400084,5.28652395,6.177789228
7395,5.708775313,5.328411794,4.696239151,3.905496625,4.859578106,4.141613376,4.743400084,5.28652395,6.177789228
7396,5.708775313,5.328411794,4.696239151,3.905496625,4.859578106,4.141613376,4.743400084,5.28652395,6.177789228
7397,5.708775313,5.328411794,4.696239151,3.905496625,4.859578106,4.141613376,4.743400084,5.28652395,6.177789228
7398,5.708775313,5.328411794,4.696239151,3.905496625,4.859578106,4.141613376,4.743400084,5.28652395,6.177789228
7399,5.708775313,5.328411794,4.696239151,3.905496625,4.859578106,4.141613376,4.743400084,5.28652395,6.177789228
7400,5.708775313,5.328411794,4.696239151,3.905496625,4.859578106,4.141613376,4.743400084,5.28652395,6.177789228
7401,5.708775313,5.328411794,4.696239151,3.905496625,4.859578106,4.141613376,4.743400084,5.28652395,6.177789228
7402,5.708775313,5.328411794,4.696239151,3.905496625,4.859578106,4.141613376,4.743400084,5.28652395,6.177789228
7403,5.708775313,5.328411794,4.696239151,3.905496625,4.859578106,4.141613376,4.743400084,5.28652395,6.177789228
7404,5.708775313,5.328411794,4.696239151,3.905496625,4.859578106,4.141613376,4.743400084,5.28652395,6.177789228
7405,5.708775313,5.328411794,4.696239151,3.905496625,4.859578106,4.141613376,4.743400084,5.28652395,6.177789228
7406,5.708775313,5.328411794,4.696239151,3.905496625,4.859578106,4.141613376,4.743400084,5.28652395,6.177789228
7407,5.708775313,5.328411794,4.696239151,3.905496625,4.859578106,4.141613376,4.743400084,5.28652395,6.177789228
7408,5.708775313,5.328411794,4.696239151,3.905496625,4.859578106,4.141613376,4.743400084,5.28652395,6.177789228
7409,5.708775313,5.328411794,4.696239151,3.905496625,4.859578106,4.141613376,4.743400084,5.28652395,6.177789228
7410,5.708775313,5.328411794,4.696239151,3.905496625,4.859578106,4.141613376,4.743400084,5.28652395,6.177789228
7411,5.708775313,5.328411794,4.696239151,3.905496625,4.859578106,4.141613376,4.743400084,5.28652395,6.177789228
7412,5.708775313,5.328411794,4.696239151,3.905496625,4.859578106,4.141613376,4.743400084,5.28652395,6.177789228
7413,5.708775313,5.328411794,4.696239151,3.905496625,4.859578106,4.141613376,4.743400084,5.28652395,6.177789228
7414,5.708775313,5.328411794,4.696239151,3.905496625,4.859578106,4.141613376,4.743400084,5.28652395,6.177789228
7415,5.708775313,5.328411794,4.696239151,3.905496625,4.859578106,4.141613376,4.743400084,5.28652395,6.177789228
7416,5.708775313,5.328411794,4.696239151,3.905496625,4.859578106,4.141613376,4.743400084,5.28652395,6.177789228
7417,5.708775313,5.328411794,4.696239151,3.905496625,4.859578106,4.141613376,4.743400084,5.28652395,6.177789228
7418,5.708775313,5.328411794,4.696239151,3.905496625,4.859578106,4.141613376,4.743400084,5.28652395,6.177789228
7419,5.708775313,5.328411794,4.696239151,3.905496625,4.859578106,4.141613376,4.743400084,5.28652395,6.177789228
7420,5.708775313,5.328411794,4.696239151,3.905496625,4.859578106,4.141613376,4.743400084,5.28652395,6.177789228
7421,5.708775313,5.328411794,4.696239151,3.905496625,4.859578106,4.141613376,4.743400084,5.28652395,6.177789228
7422,5.708775313,5.328411794,4.696239151,3.905496625,4.859578106,4.141613376,4.743400084,5.28652395,6.177789228
7423,5.708775313,5.328411794,4.696239151,3.905496625,4.859578106,4.141613376,4.743400084,5.28652395,6.177789228
7424,5.708775313,5.328411794,4.696239151,3.905496625,4.859578106,4.141613376,4.743400084,5.28652395,6.177789228
7425,5.708775313,5.328411794,4.696239151,3.905496625,4.859578106,4.141613376,4.743400084,5.28652395,6.177789228
7426,5.708775313,5.328411794,4.696239151,3.905496625,4.859578106,4.141613376,4.743400084,5.28652395,6.177789228
7427,5.708775313,5.328411794,4.696239151,3.905496625,4.859578106,4.141613376,4.743400084,5.28652395,6.177789228
7428,5.708775313,5.328411794,4.696239151,3.905496625,4.859578106,4.141613376,4.743400084,5.28652395,6.177789228
7429,5.708775313,5.328411794,4.696239151,3.905496625,4.859578106,4.141613376,4.743400084,5.28652395,6.177789228
7430,5.708775313,5.328411794,4.696239151,3.905496625,4.859578106,4.141613376,4.743400084,5.28652395,6.177789228
7431,5.708775313,5.328411794,4.696239151,3.905496625,4.859578106,4.141613376,4.743400084,5.28652395,6.177789228
7432,5.708775313,5.328411794,4.696239151,3.905496625,4.859578106,4.141613376,4.743400084,5.28652395,6.177789228
7433,5.708775313,5.328411794,4.696239151,3.905496625,4.859578106,4.141613376,4.743400084,5.28652395,6.177789228
7434,5.708775313,5.328411794,4.696239151,3.905496625,4.859578106,4.141613376,4.743400084,5.28652395,6.177789228
7435,5.708775313,5.328411794,4.696239151,3.905496625,4.859578106,4.141613376,4.743400084,5.28652395,6.177789228
7436,5.708775313,5.328411794,4.696239151,3.905496625,4.859578106,4.141613376,4.743400084,5.28652395,6.177789228
7437,5.708775313,5.328411794,4.696239151,3.905496625,4.859578106,4.141613376,4.743400084,5.28652395,6.177789228
7438,5.708775313,5.328411794,4.696239151,3.905496625,4.859578106,4.141613376,4.743400084,5.28652395,6.177789228
7439,5.708775313,5.328411794,4.696239151,3.905496625,4.859578106,4.141613376,4.743400084,5.28652395,6.177789228
7440,5.708775313,5.328411794,4.696239151,3.905496625,4.859578106,4.141613376,4.743400084,5.28652395,6.177789228
7441,5.708775313,5.328411794,4.696239151,3.905496625,4.859578106,4.141613376,4.743400084,5.28652395,6.177789228
7442,5.708775313,5.328411794,4.696239151,3.905496625,4.859578106,4.141613376,4.743400084,5.28652395,6.177789228
7443,5.708775313,5.328411794,4.696239151,3.905496625,4.859578106,4.141613376,4.743400084,5.28652395,6.177789228
7444,5.708775313,5.328411794,4.696239151,3.905496625,4.859578106,4.141613376,4.743400084,5.28652395,6.177789228
7445,5.708775313,5.328411794,4.696239151,3.905496625,4.859578106,4.141613376,4.743400084,5.28652395,6.177789228
7446,5.708775313,5.328411794,4.696239151,3.905496625,4.859578106,4.141613376,4.743400084,5.28652395,6.177789228
7447,5.708775313,5.328411794,4.696239151,3.905496625,4.859578106,4.141613376,4.743400084,5.28652395,6.177789228
7448,5.708775313,5.328411794,4.696239151,3.905496625,4.859578106,4.141613376,4.743400084,5.28652395,6.177789228
7449,5.708775313,5.328411794,4.696239151,3.905496625,4.859578106,4.141613376,4.743400084,5.28652395,6.177789228
7450,5.708775313,5.328411794,4.696239151,3.905496625,4.859578106,4.141613376,4.743400084,5.28652395,6.177789228
7451,5.708775313,5.328411794,4.696239151,3.905496625,4.859578106,4.141613376,4.743400084,5.28652395,6.177789228
7452,5.708775313,5.328411794,4.696239151,3.905496625,4.859578106,4.141613376,4.743400084,5.28652395,6.177789228
7453,5.708775313,5.328411794,4.696239151,3.905496625,4.859578106,4.141613376,4.743400084,5.28652395,6.177789228
7454,5.708775313,5.328411794,4.696239151,3.905496625,4.859578106,4.141613376,4.743400084,5.28652395,6.177789228
7455,5.708775313,5.328411794,4.696239151,3.905496625,4.859578106,4.141613376,4.743400084,5.28652395,6.177789228
7456,5.708775313,5.328411794,4.696239151,3.905496625,4.859578106,4.141613376,4.743400084,5.28652395,6.177789228
7457,5.708775313,5.328411794,4.696239151,3.905496625,4.859578106,4.141613376,4.743400084,5.28652395,6.177789228
7458,5.708775313,5.328411794,4.696239151,3.905496625,4.859578106,4.141613376,4.743400084,5.28652395,6.177789228
7459,5.708775313,5.328411794,4.696239151,3.905496625,4.859578106,4.141613376,4.743400084,5.28652395,6.177789228
7460,5.708775313,5.328411794,4.696239151,3.905496625,4.859578106,4.141613376,4.743400084,5.28652395,6.177789228
7461,5.708775313,5.328411794,4.696239151,3.905496625,4.859578106,4.141613376,4.743400084,5.28652395,6.177789228
7462,5.708775313,5.328411794,4.696239151,3.905496625,4.859578106,4.141613376,4.743400084,5.28652395,6.177789228
7463,5.708775313,5.328411794,4.696239151,3.905496625,4.859578106,4.141613376,4.743400084,5.28652395,6.177789228
7464,5.708775313,5.328411794,4.696239151,3.905496625,4.859578106,4.141613376,4.743400084,5.28652395,6.177789228
7465,5.708775313,5.328411794,4.696239151,3.905496625,4.859578106,4.141613376,4.743400084,5.28652395,6.177789228
7466,5.708775313,5.328411794,4.696239151,3.905496625,4.859578106,4.141613376,4.743400084,5.28652395,6.177789228
7467,5.708775313,5.328411794,4.696239151,3.905496625,4.859578106,4.141613376,4.743400084,5.28652395,6.177789228
7468,5.708775313,5.328411794,4.696239151,3.905496625,4.859578106,4.141613376,4.743400084,5.28652395,6.177789228
7469,5.708775313,5.328411794,4.696239151,3.905496625,4.859578106,4.141613376,4.743400084,5.28652395,6.177789228
7470,5.708775313,5.328411794,4.696239151,3.905496625,4.859578106,4.141613376,4.743400084,5.28652395,6.177789228
7471,5.708775313,5.328411794,4.696239151,3.905496625,4.859578106,4.141613376,4.743400084,5.28652395,6.177789228
7472,5.708775313,5.328411794,4.696239151,3.905496625,4.859578106,4.141613376,4.743400084,5.28652395,6.177789228
7473,5.708775313,5.328411794,4.696239151,3.905496625,4.859578106,4.141613376,4.743400084,5.28652395,6.177789228
7474,5.708775313,5.328411794,4.696239151,3.905496625,4.859578106,4.141613376,4.743400084,5.28652395,6.177789228
7475,5.708775313,5.328411794,4.696239151,3.905496625,4.859578106,4.141613376,4.743400084,5.28652395,6.177789228
7476,5.708775313,5.328411794,4.696239151,3.905496625,4.859578106,4.141613376,4.743400084,5.28652395,6.177789228
7477,5.708775313,5.328411794,4.696239151,3.905496625,4.859578106,4.141613376,4.743400084,5.28652395,6.177789228
7478,5.708775313,5.328411794,4.696239151,3.905496625,4.859578106,4.141613376,4.743400084,5.28652395,6.177789228
7479,5.708775313,5.328411794,4.696239151,3.905496625,4.859578106,4.141613376,4.743400084,5.28652395,6.177789228
7480,5.708775313,5.328411794,4.696239151,3.905496625,4.859578106,4.141613376,4.743400084,5.28652395,6.177789228
7481,5.708775313,5.328411794,4.696239151,3.905496625,4.859578106,4.141613376,4.743400084,5.28652395,6.177789228
7482,5.708775313,5.328411794,4.696239151,3.905496625,4.859578106,4.141613376,4.743400084,5.28652395,6.177789228
7483,5.708775313,5.328411794,4.696239151,3.905496625,4.859578106,4.141613376,4.743400084,5.28652395,6.177789228
7484,5.708775313,5.328411794,4.696239151,3.905496625,4.859578106,4.141613376,4.743400084,5.28652395,6.177789228
7485,5.708775313,5.328411794,4.696239151,3.905496625,4.859578106,4.141613376,4.743400084,5.28652395,6.177789228
7486,5.708775313,5.328411794,4.696239151,3.905496625,4.859578106,4.141613376,4.743400084,5.28652395,6.177789228
7487,5.708775313,5.328411794,4.696239151,3.905496625,4.859578106,4.141613376,4.743400084,5.28652395,6.177789228
7488,5.708775313,5.328411794,4.696239151,3.905496625,4.859578106,4.141613376,4.743400084,5.28652395,6.177789228
7489,5.708775313,5.328411794,4.696239151,3.905496625,4.859578106,4.141613376,4.743400084,5.28652395,6.177789228
7490,5.708775313,5.328411794,4.696239151,3.905496625,4.859578106,4.141613376,4.743400084,5.28652395,6.177789228
7491,5.708775313,5.328411794,4.696239151,3.905496625,4.859578106,4.141613376,4.743400084,5.28652395,6.177789228
7492,5.708775313,5.328411794,4.696239151,3.905496625,4.859578106,4.141613376,4.743400084,5.28652395,6.177789228
7493,5.708775313,5.328411794,4.696239151,3.905496625,4.859578106,4.141613376,4.743400084,5.28652395,6.177789228
7494,5.708775313,5.328411794,4.696239151,3.905496625,4.859578106,4.141613376,4.743400084,5.28652395,6.177789228
7495,5.708775313,5.328411794,4.696239151,3.905496625,4.859578106,4.141613376,4.743400084,5.28652395,6.177789228
7496,5.708775313,5.328411794,4.696239151,3.905496625,4.859578106,4.141613376,4.743400084,5.28652395,6.177789228
7497,5.708775313,5.328411794,4.696239151,3.905496625,4.859578106,4.141613376,4.743400084,5.28652395,6.177789228
7498,5.708775313,5.328411794,4.696239151,3.905496625,4.859578106,4.141613376,4.743400084,5.28652395,6.177789228
7499,5.708775313,5.328411794,4.696239151,3.905496625,4.859578106,4.141613376,4.743400084,5.28652395,6.177789228
7500,5.708775313,5.328411794,4.696239151,3.905496625,4.859578106,4.141613376,4.743400084,5.28652395,6.177789228
7501,5.708775313,5.328411794,4.696239151,3.905496625,4.859578106,4.141613376,4.743400084,5.28652395,6.177789228
7502,5.708775313,5.328411794,4.696239151,3.905496625,4.859578106,4.141613376,4.743400084,5.28652395,6.177789228
7503,5.708775313,5.328411794,4.696239151,3.905496625,4.859578106,4.141613376,4.743400084,5.28652395,6.177789228
7504,5.708775313,5.328411794,4.696239151,3.905496625,4.859578106,4.141613376,4.743400084,5.28652395,6.177789228
7505,5.708775313,5.328411794,4.696239151,3.905496625,4.859578106,4.141613376,4.743400084,5.28652395,6.177789228
7506,5.708775313,5.328411794,4.696239151,3.905496625,4.859578106,4.141613376,4.743400084,5.28652395,6.177789228
7507,5.708775313,5.328411794,4.696239151,3.905496625,4.859578106,4.141613376,4.743400084,5.28652395,6.177789228
7508,5.708775313,5.328411794,4.696239151,3.905496625,4.859578106,4.141613376,4.743400084,5.28652395,6.177789228
7509,5.708775313,5.328411794,4.696239151,3.905496625,4.859578106,4.141613376,4.743400084,5.28652395,6.177789228
7510,5.708775313,5.328411794,4.696239151,3.905496625,4.859578106,4.141613376,4.743400084,5.28652395,6.177789228
7511,5.708775313,5.328411794,4.696239151,3.905496625,4.859578106,4.141613376,4.743400084,5.28652395,6.177789228
7512,5.708775313,5.328411794,4.696239151,3.905496625,4.859578106,4.141613376,4.743400084,5.28652395,6.177789228
7513,5.708775313,5.328411794,4.696239151,3.905496625,4.859578106,4.141613376,4.743400084,5.28652395,6.177789228
7514,5.708775313,5.328411794,4.696239151,3.905496625,4.859578106,4.141613376,4.743400084,5.28652395,6.177789228
7515,5.708775313,5.328411794,4.696239151,3.905496625,4.859578106,4.141613376,4.743400084,5.28652395,6.177789228
7516,5.708775313,5.328411794,4.696239151,3.905496625,4.859578106,4.141613376,4.743400084,5.28652395,6.177789228
7517,5.708775313,5.328411794,4.696239151,3.905496625,4.859578106,4.141613376,4.743400084,5.28652395,6.177789228
7518,5.708775313,5.328411794,4.696239151,3.905496625,4.859578106,4.141613376,4.743400084,5.28652395,6.177789228
7519,5.708775313,5.328411794,4.696239151,3.905496625,4.859578106,4.141613376,4.743400084,5.28652395,6.177789228
7520,5.708775313,5.328411794,4.696239151,3.905496625,4.859578106,4.141613376,4.743400084,5.28652395,6.177789228
7521,5.708775313,5.328411794,4.696239151,3.905496625,4.859578106,4.141613376,4.743400084,5.28652395,6.177789228
7522,5.708775313,5.328411794,4.696239151,3.905496625,4.859578106,4.141613376,4.743400084,5.28652395,6.177789228
7523,5.708775313,5.328411794,4.696239151,3.905496625,4.859578106,4.141613376,4.743400084,5.28652395,6.177789228
7524,5.708775313,5.328411794,4.696239151,3.905496625,4.859578106,4.141613376,4.743400084,5.28652395,6.177789228
7525,5.708775313,5.328411794,4.696239151,3.905496625,4.859578106,4.141613376,4.743400084,5.28652395,6.177789228
7526,5.708775313,5.328411794,4.696239151,3.905496625,4.859578106,4.141613376,4.743400084,5.28652395,6.177789228
7527,5.708775313,5.328411794,4.696239151,3.905496625,4.859578106,4.141613376,4.743400084,5.28652395,6.177789228
7528,5.708775313,5.328411794,4.696239151,3.905496625,4.859578106,4.141613376,4.743400084,5.28652395,6.177789228
7529,5.708775313,5.328411794,4.696239151,3.905496625,4.859578106,4.141613376,4.743400084,5.28652395,6.177789228
7530,5.708775313,5.328411794,4.696239151,3.905496625,4.859578106,4.141613376,4.743400084,5.28652395,6.177789228
7531,5.708775313,5.328411794,4.696239151,3.905496625,4.859578106,4.141613376,4.743400084,5.28652395,6.177789228
7532,5.708775313,5.328411794,4.696239151,3.905496625,4.859578106,4.141613376,4.743400084,5.28652395,6.177789228
7533,5.708775313,5.328411794,4.696239151,3.905496625,4.859578106,4.141613376,4.743400084,5.28652395,6.177789228
7534,5.708775313,5.328411794,4.696239151,3.905496625,4.859578106,4.141613376,4.743400084,5.28652395,6.177789228
7535,5.708775313,5.328411794,4.696239151,3.905496625,4.859578106,4.141613376,4.743400084,5.28652395,6.177789228
7536,5.708775313,5.328411794,4.696239151,3.905496625,4.859578106,4.141613376,4.743400084,5.28652395,6.177789228
7537,5.708775313,5.328411794,4.696239151,3.905496625,4.859578106,4.141613376,4.743400084,5.28652395,6.177789228
7538,5.708775313,5.328411794,4.696239151,3.905496625,4.859578106,4.141613376,4.743400084,5.28652395,6.177789228
7539,5.708775313,5.328411794,4.696239151,3.905496625,4.859578106,4.141613376,4.743400084,5.28652395,6.177789228
7540,5.708775313,5.328411794,4.696239151,3.905496625,4.859578106,4.141613376,4.743400084,5.28652395,6.177789228
7541,5.708775313,5.328411794,4.696239151,3.905496625,4.859578106,4.141613376,4.743400084,5.28652395,6.177789228
7542,5.708775313,5.328411794,4.696239151,3.905496625,4.859578106,4.141613376,4.743400084,5.28652395,6.177789228
7543,5.708775313,5.328411794,4.696239151,3.905496625,4.859578106,4.141613376,4.743400084,5.28652395,6.177789228
7544,5.708775313,5.328411794,4.696239151,3.905496625,4.859578106,4.141613376,4.743400084,5.28652395,6.177789228
7545,5.708775313,5.328411794,4.696239151,3.905496625,4.859578106,4.141613376,4.743400084,5.28652395,6.177789228
7546,5.708775313,5.328411794,4.696239151,3.905496625,4.859578106,4.141613376,4.743400084,5.28652395,6.177789228
7547,5.708775313,5.328411794,4.696239151,3.905496625,4.859578106,4.141613376,4.743400084,5.28652395,6.177789228
7548,5.708775313,5.328411794,4.696239151,3.905496625,4.859578106,4.141613376,4.743400084,5.28652395,6.177789228
7549,5.708775313,5.328411794,4.696239151,3.905496625,4.859578106,4.141613376,4.743400084,5.28652395,6.177789228
7550,5.708775313,5.328411794,4.696239151,3.905496625,4.859578106,4.141613376,4.743400084,5.28652395,6.177789228
7551,5.708775313,5.328411794,4.696239151,3.905496625,4.859578106,4.141613376,4.743400084,5.28652395,6.177789228
7552,5.708775313,5.328411794,4.696239151,3.905496625,4.859578106,4.141613376,4.743400084,5.28652395,6.177789228
7553,5.708775313,5.328411794,4.696239151,3.905496625,4.859578106,4.141613376,4.743400084,5.28652395,6.177789228
7554,5.708775313,5.328411794,4.696239151,3.905496625,4.859578106,4.141613376,4.743400084,5.28652395,6.177789228
7555,5.708775313,5.328411794,4.696239151,3.905496625,4.859578106,4.141613376,4.743400084,5.28652395,6.177789228
7556,5.708775313,5.328411794,4.696239151,3.905496625,4.859578106,4.141613376,4.743400084,5.28652395,6.177789228
7557,5.708775313,5.328411794,4.696239151,3.905496625,4.859578106,4.141613376,4.743400084,5.28652395,6.177789228
7558,5.708775313,5.328411794,4.696239151,3.905496625,4.859578106,4.141613376,4.743400084,5.28652395,6.177789228
7559,5.708775313,5.328411794,4.696239151,3.905496625,4.859578106,4.141613376,4.743400084,5.28652395,6.177789228
7560,5.708775313,5.328411794,4.696239151,3.905496625,4.859578106,4.141613376,4.743400084,5.28652395,6.177789228
7561,5.708775313,5.328411794,4.696239151,3.905496625,4.859578106,4.141613376,4.743400084,5.28652395,6.177789228
7562,5.708775313,5.328411794,4.696239151,3.905496625,4.859578106,4.141613376,4.743400084,5.28652395,6.177789228
7563,5.708775313,5.328411794,4.696239151,3.905496625,4.859578106,4.141613376,4.743400084,5.28652395,6.177789228
7564,5.708775313,5.328411794,4.696239151,3.905496625,4.859578106,4.141613376,4.743400084,5.28652395,6.177789228
7565,5.708775313,5.328411794,4.696239151,3.905496625,4.859578106,4.141613376,4.743400084,5.28652395,6.177789228
7566,5.708775313,5.328411794,4.696239151,3.905496625,4.859578106,4.141613376,4.743400084,5.28652395,6.177789228
7567,5.708775313,5.328411794,4.696239151,3.905496625,4.859578106,4.141613376,4.743400084,5.28652395,6.177789228
7568,5.708775313,5.328411794,4.696239151,3.905496625,4.859578106,4.141613376,4.743400084,5.28652395,6.177789228
7569,5.708775313,5.328411794,4.696239151,3.905496625,4.859578106,4.141613376,4.743400084,5.28652395,6.177789228
7570,5.708775313,5.328411794,4.696239151,3.905496625,4.859578106,4.141613376,4.743400084,5.28652395,6.177789228
7571,5.708775313,5.328411794,4.696239151,3.905496625,4.859578106,4.141613376,4.743400084,5.28652395,6.177789228
7572,5.708775313,5.328411794,4.696239151,3.905496625,4.859578106,4.141613376,4.743400084,5.28652395,6.177789228
7573,5.708775313,5.328411794,4.696239151,3.905496625,4.859578106,4.141613376,4.743400084,5.28652395,6.177789228
7574,5.708775313,5.328411794,4.696239151,3.905496625,4.859578106,4.141613376,4.743400084,5.28652395,6.177789228
7575,5.708775313,5.328411794,4.696239151,3.905496625,4.859578106,4.141613376,4.743400084,5.28652395,6.177789228
7576,5.708775313,5.328411794,4.696239151,3.905496625,4.859578106,4.141613376,4.743400084,5.28652395,6.177789228
7577,5.708775313,5.328411794,4.696239151,3.905496625,4.859578106,4.141613376,4.743400084,5.28652395,6.177789228
7578,5.708775313,5.328411794,4.696239151,3.905496625,4.859578106,4.141613376,4.743400084,5.28652395,6.177789228
7579,5.708775313,5.328411794,4.696239151,3.905496625,4.859578106,4.141613376,4.743400084,5.28652395,6.177789228
7580,5.708775313,5.328411794,4.696239151,3.905496625,4.859578106,4.141613376,4.743400084,5.28652395,6.177789228
7581,5.708775313,5.328411794,4.696239151,3.905496625,4.859578106,4.141613376,4.743400084,5.28652395,6.177789228
7582,5.708775313,5.328411794,4.696239151,3.905496625,4.859578106,4.141613376,4.743400084,5.28652395,6.177789228
7583,5.708775313,5.328411794,4.696239151,3.905496625,4.859578106,4.141613376,4.743400084,5.28652395,6.177789228
7584,5.708775313,5.328411794,4.696239151,3.905496625,4.859578106,4.141613376,4.743400084,5.28652395,6.177789228
7585,5.708775313,5.328411794,4.696239151,3.905496625,4.859578106,4.141613376,4.743400084,5.28652395,6.177789228
7586,5.708775313,5.328411794,4.696239151,3.905496625,4.859578106,4.141613376,4.743400084,5.28652395,6.177789228
7587,5.708775313,5.328411794,4.696239151,3.905496625,4.859578106,4.141613376,4.743400084,5.28652395,6.177789228
7588,5.708775313,5.328411794,4.696239151,3.905496625,4.859578106,4.141613376,4.743400084,5.28652395,6.177789228
7589,5.708775313,5.328411794,4.696239151,3.905496625,4.859578106,4.141613376,4.743400084,5.28652395,6.177789228
7590,5.708775313,5.328411794,4.696239151,3.905496625,4.859578106,4.141613376,4.743400084,5.28652395,6.177789228
7591,5.708775313,5.328411794,4.696239151,3.905496625,4.859578106,4.141613376,4.743400084,5.28652395,6.177789228
7592,5.708775313,5.328411794,4.696239151,3.905496625,4.859578106,4.141613376,4.743400084,5.28652395,6.177789228
7593,5.708775313,5.328411794,4.696239151,3.905496625,4.859578106,4.141613376,4.743400084,5.28652395,6.177789228
7594,5.708775313,5.328411794,4.696239151,3.905496625,4.859578106,4.141613376,4.743400084,5.28652395,6.177789228
7595,5.708775313,5.328411794,4.696239151,3.905496625,4.859578106,4.141613376,4.743400084,5.28652395,6.177789228
7596,5.708775313,5.328411794,4.696239151,3.905496625,4.859578106,4.141613376,4.743400084,5.28652395,6.177789228
7597,5.708775313,5.328411794,4.696239151,3.905496625,4.859578106,4.141613376,4.743400084,5.28652395,6.177789228
7598,5.708775313,5.328411794,4.696239151,3.905496625,4.859578106,4.141613376,4.743400084,5.28652395,6.177789228
7599,5.708775313,5.328411794,4.696239151,3.905496625,4.859578106,4.141613376,4.743400084,5.28652395,6.177789228
7600,5.708775313,5.328411794,4.696239151,3.905496625,4.859578106,4.141613376,4.743400084,5.28652395,6.177789228
7601,5.708775313,5.328411794,4.696239151,3.905496625,4.859578106,4.141613376,4.743400084,5.28652395,6.177789228
7602,5.708775313,5.328411794,4.696239151,3.905496625,4.859578106,4.141613376,4.743400084,5.28652395,6.177789228
7603,5.708775313,5.328411794,4.696239151,3.905496625,4.859578106,4.141613376,4.743400084,5.28652395,6.177789228
7604,5.708775313,5.328411794,4.696239151,3.905496625,4.859578106,4.141613376,4.743400084,5.28652395,6.177789228
7605,5.708775313,5.328411794,4.696239151,3.905496625,4.859578106,4.141613376,4.743400084,5.28652395,6.177789228
7606,5.708775313,5.328411794,4.696239151,3.905496625,4.859578106,4.141613376,4.743400084,5.28652395,6.177789228
7607,5.708775313,5.328411794,4.696239151,3.905496625,4.859578106,4.141613376,4.743400084,5.28652395,6.177789228
7608,5.708775313,5.328411794,4.696239151,3.905496625,4.859578106,4.141613376,4.743400084,5.28652395,6.177789228
7609,5.708775313,5.328411794,4.696239151,3.905496625,4.859578106,4.141613376,4.743400084,5.28652395,6.177789228
7610,5.708775313,5.328411794,4.696239151,3.905496625,4.859578106,4.141613376,4.743400084,5.28652395,6.177789228
7611,5.708775313,5.328411794,4.696239151,3.905496625,4.859578106,4.141613376,4.743400084,5.28652395,6.177789228
7612,5.708775313,5.328411794,4.696239151,3.905496625,4.859578106,4.141613376,4.743400084,5.28652395,6.177789228
7613,5.708775313,5.328411794,4.696239151,3.905496625,4.859578106,4.141613376,4.743400084,5.28652395,6.177789228
7614,5.708775313,5.328411794,4.696239151,3.905496625,4.859578106,4.141613376,4.743400084,5.28652395,6.177789228
7615,5.708775313,5.328411794,4.696239151,3.905496625,4.859578106,4.141613376,4.743400084,5.28652395,6.177789228
7616,5.708775313,5.328411794,4.696239151,3.905496625,4.859578106,4.141613376,4.743400084,5.28652395,6.177789228
7617,5.708775313,5.328411794,4.696239151,3.905496625,4.859578106,4.141613376,4.743400084,5.28652395,6.177789228
7618,5.708775313,5.328411794,4.696239151,3.905496625,4.859578106,4.141613376,4.743400084,5.28652395,6.177789228
7619,5.708775313,5.328411794,4.696239151,3.905496625,4.859578106,4.141613376,4.743400084,5.28652395,6.177789228
7620,5.708775313,5.328411794,4.696239151,3.905496625,4.859578106,4.141613376,4.743400084,5.28652395,6.177789228
7621,5.708775313,5.328411794,4.696239151,3.905496625,4.859578106,4.141613376,4.743400084,5.28652395,6.177789228
7622,5.708775313,5.328411794,4.696239151,3.905496625,4.859578106,4.141613376,4.743400084,5.28652395,6.177789228
7623,5.708775313,5.328411794,4.696239151,3.905496625,4.859578106,4.141613376,4.743400084,5.28652395,6.177789228
7624,5.708775313,5.328411794,4.696239151,3.905496625,4.859578106,4.141613376,4.743400084,5.28652395,6.177789228
7625,5.708775313,5.328411794,4.696239151,3.905496625,4.859578106,4.141613376,4.743400084,5.28652395,6.177789228
7626,5.708775313,5.328411794,4.696239151,3.905496625,4.859578106,4.141613376,4.743400084,5.28652395,6.177789228
7627,5.708775313,5.328411794,4.696239151,3.905496625,4.859578106,4.141613376,4.743400084,5.28652395,6.177789228
7628,5.708775313,5.328411794,4.696239151,3.905496625,4.859578106,4.141613376,4.743400084,5.28652395,6.177789228
7629,5.708775313,5.328411794,4.696239151,3.905496625,4.859578106,4.141613376,4.743400084,5.28652395,6.177789228
7630,5.708775313,5.328411794,4.696239151,3.905496625,4.859578106,4.141613376,4.743400084,5.28652395,6.177789228
7631,5.708775313,5.328411794,4.696239151,3.905496625,4.859578106,4.141613376,4.743400084,5.28652395,6.177789228
7632,5.708775313,5.328411794,4.696239151,3.905496625,4.859578106,4.141613376,4.743400084,5.28652395,6.177789228
7633,5.708775313,5.328411794,4.696239151,3.905496625,4.859578106,4.141613376,4.743400084,5.28652395,6.177789228
7634,5.708775313,5.328411794,4.696239151,3.905496625,4.859578106,4.141613376,4.743400084,5.28652395,6.177789228
7635,5.708775313,5.328411794,4.696239151,3.905496625,4.859578106,4.141613376,4.743400084,5.28652395,6.177789228
7636,5.708775313,5.328411794,4.696239151,3.905496625,4.859578106,4.141613376,4.743400084,5.28652395,6.177789228
7637,5.708775313,5.328411794,4.696239151,3.905496625,4.859578106,4.141613376,4.743400084,5.28652395,6.177789228
7638,5.708775313,5.328411794,4.696239151,3.905496625,4.859578106,4.141613376,4.743400084,5.28652395,6.177789228
7639,5.708775313,5.328411794,4.696239151,3.905496625,4.859578106,4.141613376,4.743400084,5.28652395,6.177789228
7640,5.708775313,5.328411794,4.696239151,3.905496625,4.859578106,4.141613376,4.743400084,5.28652395,6.177789228
7641,5.708775313,5.328411794,4.696239151,3.905496625,4.859578106,4.141613376,4.743400084,5.28652395,6.177789228
7642,5.708775313,5.328411794,4.696239151,3.905496625,4.859578106,4.141613376,4.743400084,5.28652395,6.177789228
7643,5.708775313,5.328411794,4.696239151,3.905496625,4.859578106,4.141613376,4.743400084,5.28652395,6.177789228
7644,5.708775313,5.328411794,4.696239151,3.905496625,4.859578106,4.141613376,4.743400084,5.28652395,6.177789228
7645,5.708775313,5.328411794,4.696239151,3.905496625,4.859578106,4.141613376,4.743400084,5.28652395,6.177789228
7646,5.708775313,5.328411794,4.696239151,3.905496625,4.859578106,4.141613376,4.743400084,5.28652395,6.177789228
7647,5.708775313,5.328411794,4.696239151,3.905496625,4.859578106,4.141613376,4.743400084,5.28652395,6.177789228
7648,5.708775313,5.328411794,4.696239151,3.905496625,4.859578106,4.141613376,4.743400084,5.28652395,6.177789228
7649,5.708775313,5.328411794,4.696239151,3.905496625,4.859578106,4.141613376,4.743400084,5.28652395,6.177789228
7650,5.708775313,5.328411794,4.696239151,3.905496625,4.859578106,4.141613376,4.743400084,5.28652395,6.177789228
7651,5.708775313,5.328411794,4.696239151,3.905496625,4.859578106,4.141613376,4.743400084,5.28652395,6.177789228
7652,5.708775313,5.328411794,4.696239151,3.905496625,4.859578106,4.141613376,4.743400084,5.28652395,6.177789228
7653,5.708775313,5.328411794,4.696239151,3.905496625,4.859578106,4.141613376,4.743400084,5.28652395,6.177789228
7654,5.708775313,5.328411794,4.696239151,3.905496625,4.859578106,4.141613376,4.743400084,5.28652395,6.177789228
7655,5.708775313,5.328411794,4.696239151,3.905496625,4.859578106,4.141613376,4.743400084,5.28652395,6.177789228
7656,5.708775313,5.328411794,4.696239151,3.905496625,4.859578106,4.141613376,4.743400084,5.28652395,6.177789228
7657,5.708775313,5.328411794,4.696239151,3.905496625,4.859578106,4.141613376,4.743400084,5.28652395,6.177789228
7658,5.708775313,5.328411794,4.696239151,3.905496625,4.859578106,4.141613376,4.743400084,5.28652395,6.177789228
7659,5.708775313,5.328411794,4.696239151,3.905496625,4.859578106,4.141613376,4.743400084,5.28652395,6.177789228
7660,5.708775313,5.328411794,4.696239151,3.905496625,4.859578106,4.141613376,4.743400084,5.28652395,6.177789228
7661,5.708775313,5.328411794,4.696239151,3.905496625,4.859578106,4.141613376,4.743400084,5.28652395,6.177789228
7662,5.708775313,5.328411794,4.696239151,3.905496625,4.859578106,4.141613376,4.743400084,5.28652395,6.177789228
7663,5.708775313,5.328411794,4.696239151,3.905496625,4.859578106,4.141613376,4.743400084,5.28652395,6.177789228
7664,5.708775313,5.328411794,4.696239151,3.905496625,4.859578106,4.141613376,4.743400084,5.28652395,6.177789228
7665,5.708775313,5.328411794,4.696239151,3.905496625,4.859578106,4.141613376,4.743400084,5.28652395,6.177789228
7666,5.708775313,5.328411794,4.696239151,3.905496625,4.859578106,4.141613376,4.743400084,5.28652395,6.177789228
7667,5.708775313,5.328411794,4.696239151,3.905496625,4.859578106,4.141613376,4.743400084,5.28652395,6.177789228
7668,5.708775313,5.328411794,4.696239151,3.905496625,4.859578106,4.141613376,4.743400084,5.28652395,6.177789228
7669,5.708775313,5.328411794,4.696239151,3.905496625,4.859578106,4.141613376,4.743400084,5.28652395,6.177789228
7670,5.708775313,5.328411794,4.696239151,3.905496625,4.859578106,4.141613376,4.743400084,5.28652395,6.177789228
7671,5.708775313,5.328411794,4.696239151,3.905496625,4.859578106,4.141613376,4.743400084,5.28652395,6.177789228
7672,5.708775313,5.328411794,4.696239151,3.905496625,4.859578106,4.141613376,4.743400084,5.28652395,6.177789228
7673,5.708775313,5.328411794,4.696239151,3.905496625,4.859578106,4.141613376,4.743400084,5.28652395,6.177789228
7674,5.708775313,5.328411794,4.696239151,3.905496625,4.859578106,4.141613376,4.743400084,5.28652395,6.177789228
7675,5.708775313,5.328411794,4.696239151,3.905496625,4.859578106,4.141613376,4.743400084,5.28652395,6.177789228
7676,5.708775313,5.328411794,4.696239151,3.905496625,4.859578106,4.141613376,4.743400084,5.28652395,6.177789228
7677,5.708775313,5.328411794,4.696239151,3.905496625,4.859578106,4.141613376,4.743400084,5.28652395,6.177789228
7678,5.708775313,5.328411794,4.696239151,3.905496625,4.859578106,4.141613376,4.743400084,5.28652395,6.177789228
7679,5.708775313,5.328411794,4.696239151,3.905496625,4.859578106,4.141613376,4.743400084,5.28652395,6.177789228
7680,5.708775313,5.328411794,4.696239151,3.905496625,4.859578106,4.141613376,4.743400084,5.28652395,6.177789228
7681,5.708775313,5.328411794,4.696239151,3.905496625,4.859578106,4.141613376,4.743400084,5.28652395,6.177789228
7682,5.708775313,5.328411794,4.696239151,3.905496625,4.859578106,4.141613376,4.743400084,5.28652395,6.177789228
7683,5.708775313,5.328411794,4.696239151,3.905496625,4.859578106,4.141613376,4.743400084,5.28652395,6.177789228
7684,5.708775313,5.328411794,4.696239151,3.905496625,4.859578106,4.141613376,4.743400084,5.28652395,6.177789228
7685,5.708775313,5.328411794,4.696239151,3.905496625,4.859578106,4.141613376,4.743400084,5.28652395,6.177789228
7686,5.708775313,5.328411794,4.696239151,3.905496625,4.859578106,4.141613376,4.743400084,5.28652395,6.177789228
7687,5.708775313,5.328411794,4.696239151,3.905496625,4.859578106,4.141613376,4.743400084,5.28652395,6.177789228
7688,5.708775313,5.328411794,4.696239151,3.905496625,4.859578106,4.141613376,4.743400084,5.28652395,6.177789228
7689,5.708775313,5.328411794,4.696239151,3.905496625,4.859578106,4.141613376,4.743400084,5.28652395,6.177789228
7690,5.708775313,5.328411794,4.696239151,3.905496625,4.859578106,4.141613376,4.743400084,5.28652395,6.177789228
7691,5.708775313,5.328411794,4.696239151,3.905496625,4.859578106,4.141613376,4.743400084,5.28652395,6.177789228
7692,5.708775313,5.328411794,4.696239151,3.905496625,4.859578106,4.141613376,4.743400084,5.28652395,6.177789228
7693,5.708775313,5.328411794,4.696239151,3.905496625,4.859578106,4.141613376,4.743400084,5.28652395,6.177789228
7694,5.708775313,5.328411794,4.696239151,3.905496625,4.859578106,4.141613376,4.743400084,5.28652395,6.177789228
7695,5.708775313,5.328411794,4.696239151,3.905496625,4.859578106,4.141613376,4.743400084,5.28652395,6.177789228
7696,5.708775313,5.328411794,4.696239151,3.905496625,4.859578106,4.141613376,4.743400084,5.28652395,6.177789228
7697,5.708775313,5.328411794,4.696239151,3.905496625,4.859578106,4.141613376,4.743400084,5.28652395,6.177789228
7698,5.708775313,5.328411794,4.696239151,3.905496625,4.859578106,4.141613376,4.743400084,5.28652395,6.177789228
7699,5.708775313,5.328411794,4.696239151,3.905496625,4.859578106,4.141613376,4.743400084,5.28652395,6.177789228
7700,5.708775313,5.328411794,4.696239151,3.905496625,4.859578106,4.141613376,4.743400084,5.28652395,6.177789228
7701,5.708775313,5.328411794,4.696239151,3.905496625,4.859578106,4.141613376,4.743400084,5.28652395,6.177789228
7702,5.708775313,5.328411794,4.696239151,3.905496625,4.859578106,4.141613376,4.743400084,5.28652395,6.177789228
7703,5.708775313,5.328411794,4.696239151,3.905496625,4.859578106,4.141613376,4.743400084,5.28652395,6.177789228
7704,5.708775313,5.328411794,4.696239151,3.905496625,4.859578106,4.141613376,4.743400084,5.28652395,6.177789228
7705,5.708775313,5.328411794,4.696239151,3.905496625,4.859578106,4.141613376,4.743400084,5.28652395,6.177789228
7706,5.708775313,5.328411794,4.696239151,3.905496625,4.859578106,4.141613376,4.743400084,5.28652395,6.177789228
7707,5.708775313,5.328411794,4.696239151,3.905496625,4.859578106,4.141613376,4.743400084,5.28652395,6.177789228
7708,5.708775313,5.328411794,4.696239151,3.905496625,4.859578106,4.141613376,4.743400084,5.28652395,6.177789228
7709,5.708775313,5.328411794,4.696239151,3.905496625,4.859578106,4.141613376,4.743400084,5.28652395,6.177789228
7710,5.708775313,5.328411794,4.696239151,3.905496625,4.859578106,4.141613376,4.743400084,5.28652395,6.177789228
7711,5.708775313,5.328411794,4.696239151,3.905496625,4.859578106,4.141613376,4.743400084,5.28652395,6.177789228
7712,5.708775313,5.328411794,4.696239151,3.905496625,4.859578106,4.141613376,4.743400084,5.28652395,6.177789228
7713,5.708775313,5.328411794,4.696239151,3.905496625,4.859578106,4.141613376,4.743400084,5.28652395,6.177789228
7714,5.708775313,5.328411794,4.696239151,3.905496625,4.859578106,4.141613376,4.743400084,5.28652395,6.177789228
7715,5.708775313,5.328411794,4.696239151,3.905496625,4.859578106,4.141613376,4.743400084,5.28652395,6.177789228
7716,5.708775313,5.328411794,4.696239151,3.905496625,4.859578106,4.141613376,4.743400084,5.28652395,6.177789228
7717,5.708775313,5.328411794,4.696239151,3.905496625,4.859578106,4.141613376,4.743400084,5.28652395,6.177789228
7718,5.708775313,5.328411794,4.696239151,3.905496625,4.859578106,4.141613376,4.743400084,5.28652395,6.177789228
7719,5.708775313,5.328411794,4.696239151,3.905496625,4.859578106,4.141613376,4.743400084,5.28652395,6.177789228
7720,5.708775313,5.328411794,4.696239151,3.905496625,4.859578106,4.141613376,4.743400084,5.28652395,6.177789228
7721,5.708775313,5.328411794,4.696239151,3.905496625,4.859578106,4.141613376,4.743400084,5.28652395,6.177789228
7722,5.708775313,5.328411794,4.696239151,3.905496625,4.859578106,4.141613376,4.743400084,5.28652395,6.177789228
7723,5.708775313,5.328411794,4.696239151,3.905496625,4.859578106,4.141613376,4.743400084,5.28652395,6.177789228
7724,5.708775313,5.328411794,4.696239151,3.905496625,4.859578106,4.141613376,4.743400084,5.28652395,6.177789228
7725,5.708775313,5.328411794,4.696239151,3.905496625,4.859578106,4.141613376,4.743400084,5.28652395,6.177789228
7726,5.708775313,5.328411794,4.696239151,3.905496625,4.859578106,4.141613376,4.743400084,5.28652395,6.177789228
7727,5.708775313,5.328411794,4.696239151,3.905496625,4.859578106,4.141613376,4.743400084,5.28652395,6.177789228
7728,5.708775313,5.328411794,4.696239151,3.905496625,4.859578106,4.141613376,4.743400084,5.28652395,6.177789228
7729,5.708775313,5.328411794,4.696239151,3.905496625,4.859578106,4.141613376,4.743400084,5.28652395,6.177789228
7730,5.708775313,5.328411794,4.696239151,3.905496625,4.859578106,4.141613376,4.743400084,5.28652395,6.177789228
7731,5.708775313,5.328411794,4.696239151,3.905496625,4.859578106,4.141613376,4.743400084,5.28652395,6.177789228
7732,5.708775313,5.328411794,4.696239151,3.905496625,4.859578106,4.141613376,4.743400084,5.28652395,6.177789228
7733,5.708775313,5.328411794,4.696239151,3.905496625,4.859578106,4.141613376,4.743400084,5.28652395,6.177789228
7734,5.708775313,5.328411794,4.696239151,3.905496625,4.859578106,4.141613376,4.743400084,5.28652395,6.177789228
7735,5.708775313,5.328411794,4.696239151,3.905496625,4.859578106,4.141613376,4.743400084,5.28652395,6.177789228
7736,5.708775313,5.328411794,4.696239151,3.905496625,4.859578106,4.141613376,4.743400084,5.28652395,6.177789228
7737,5.708775313,5.328411794,4.696239151,3.905496625,4.859578106,4.141613376,4.743400084,5.28652395,6.177789228
7738,5.708775313,5.328411794,4.696239151,3.905496625,4.859578106,4.141613376,4.743400084,5.28652395,6.177789228
7739,5.708775313,5.328411794,4.696239151,3.905496625,4.859578106,4.141613376,4.743400084,5.28652395,6.177789228
7740,5.708775313,5.328411794,4.696239151,3.905496625,4.859578106,4.141613376,4.743400084,5.28652395,6.177789228
7741,5.708775313,5.328411794,4.696239151,3.905496625,4.859578106,4.141613376,4.743400084,5.28652395,6.177789228
7742,5.708775313,5.328411794,4.696239151,3.905496625,4.859578106,4.141613376,4.743400084,5.28652395,6.177789228
7743,5.708775313,5.328411794,4.696239151,3.905496625,4.859578106,4.141613376,4.743400084,5.28652395,6.177789228
7744,5.708775313,5.328411794,4.696239151,3.905496625,4.859578106,4.141613376,4.743400084,5.28652395,6.177789228
7745,5.708775313,5.328411794,4.696239151,3.905496625,4.859578106,4.141613376,4.743400084,5.28652395,6.177789228
7746,5.708775313,5.328411794,4.696239151,3.905496625,4.859578106,4.141613376,4.743400084,5.28652395,6.177789228
7747,5.708775313,5.328411794,4.696239151,3.905496625,4.859578106,4.141613376,4.743400084,5.28652395,6.177789228
7748,5.708775313,5.328411794,4.696239151,3.905496625,4.859578106,4.141613376,4.743400084,5.28652395,6.177789228
7749,5.708775313,5.328411794,4.696239151,3.905496625,4.859578106,4.141613376,4.743400084,5.28652395,6.177789228
7750,5.708775313,5.328411794,4.696239151,3.905496625,4.859578106,4.141613376,4.743400084,5.28652395,6.177789228
7751,5.708775313,5.328411794,4.696239151,3.905496625,4.859578106,4.141613376,4.743400084,5.28652395,6.177789228
7752,5.708775313,5.328411794,4.696239151,3.905496625,4.859578106,4.141613376,4.743400084,5.28652395,6.177789228
7753,5.708775313,5.328411794,4.696239151,3.905496625,4.859578106,4.141613376,4.743400084,5.28652395,6.177789228
7754,5.708775313,5.328411794,4.696239151,3.905496625,4.859578106,4.141613376,4.743400084,5.28652395,6.177789228
7755,5.708775313,5.328411794,4.696239151,3.905496625,4.859578106,4.141613376,4.743400084,5.28652395,6.177789228
7756,5.708775313,5.328411794,4.696239151,3.905496625,4.859578106,4.141613376,4.743400084,5.28652395,6.177789228
7757,5.708775313,5.328411794,4.696239151,3.905496625,4.859578106,4.141613376,4.743400084,5.28652395,6.177789228
7758,5.708775313,5.328411794,4.696239151,3.905496625,4.859578106,4.141613376,4.743400084,5.28652395,6.177789228
7759,5.708775313,5.328411794,4.696239151,3.905496625,4.859578106,4.141613376,4.743400084,5.28652395,6.177789228
7760,5.708775313,5.328411794,4.696239151,3.905496625,4.859578106,4.141613376,4.743400084,5.28652395,6.177789228
7761,5.708775313,5.328411794,4.696239151,3.905496625,4.859578106,4.141613376,4.743400084,5.28652395,6.177789228
7762,5.708775313,5.328411794,4.696239151,3.905496625,4.859578106,4.141613376,4.743400084,5.28652395,6.177789228
7763,5.708775313,5.328411794,4.696239151,3.905496625,4.859578106,4.141613376,4.743400084,5.28652395,6.177789228
7764,5.708775313,5.328411794,4.696239151,3.905496625,4.859578106,4.141613376,4.743400084,5.28652395,6.177789228
7765,5.708775313,5.328411794,4.696239151,3.905496625,4.859578106,4.141613376,4.743400084,5.28652395,6.177789228
7766,5.708775313,5.328411794,4.696239151,3.905496625,4.859578106,4.141613376,4.743400084,5.28652395,6.177789228
7767,5.708775313,5.328411794,4.696239151,3.905496625,4.859578106,4.141613376,4.743400084,5.28652395,6.177789228
7768,5.708775313,5.328411794,4.696239151,3.905496625,4.859578106,4.141613376,4.743400084,5.28652395,6.177789228
7769,5.708775313,5.328411794,4.696239151,3.905496625,4.859578106,4.141613376,4.743400084,5.28652395,6.177789228
7770,5.708775313,5.328411794,4.696239151,3.905496625,4.859578106,4.141613376,4.743400084,5.28652395,6.177789228
7771,5.708775313,5.328411794,4.696239151,3.905496625,4.859578106,4.141613376,4.743400084,5.28652395,6.177789228
7772,5.708775313,5.328411794,4.696239151,3.905496625,4.859578106,4.141613376,4.743400084,5.28652395,6.177789228
7773,5.708775313,5.328411794,4.696239151,3.905496625,4.859578106,4.141613376,4.743400084,5.28652395,6.177789228
7774,5.708775313,5.328411794,4.696239151,3.905496625,4.859578106,4.141613376,4.743400084,5.28652395,6.177789228
7775,5.708775313,5.328411794,4.696239151,3.905496625,4.859578106,4.141613376,4.743400084,5.28652395,6.177789228
7776,5.708775313,5.328411794,4.696239151,3.905496625,4.859578106,4.141613376,4.743400084,5.28652395,6.177789228
7777,5.708775313,5.328411794,4.696239151,3.905496625,4.859578106,4.141613376,4.743400084,5.28652395,6.177789228
7778,5.708775313,5.328411794,4.696239151,3.905496625,4.859578106,4.141613376,4.743400084,5.28652395,6.177789228
7779,5.708775313,5.328411794,4.696239151,3.905496625,4.859578106,4.141613376,4.743400084,5.28652395,6.177789228
7780,5.708775313,5.328411794,4.696239151,3.905496625,4.859578106,4.141613376,4.743400084,5.28652395,6.177789228
7781,5.708775313,5.328411794,4.696239151,3.905496625,4.859578106,4.141613376,4.743400084,5.28652395,6.177789228
7782,5.708775313,5.328411794,4.696239151,3.905496625,4.859578106,4.141613376,4.743400084,5.28652395,6.177789228
7783,5.708775313,5.328411794,4.696239151,3.905496625,4.859578106,4.141613376,4.743400084,5.28652395,6.177789228
7784,5.708775313,5.328411794,4.696239151,3.905496625,4.859578106,4.141613376,4.743400084,5.28652395,6.177789228
7785,5.708775313,5.328411794,4.696239151,3.905496625,4.859578106,4.141613376,4.743400084,5.28652395,6.177789228
7786,5.708775313,5.328411794,4.696239151,3.905496625,4.859578106,4.141613376,4.743400084,5.28652395,6.177789228
7787,5.708775313,5.328411794,4.696239151,3.905496625,4.859578106,4.141613376,4.743400084,5.28652395,6.177789228
7788,5.708775313,5.328411794,4.696239151,3.905496625,4.859578106,4.141613376,4.743400084,5.28652395,6.177789228
7789,5.708775313,5.328411794,4.696239151,3.905496625,4.859578106,4.141613376,4.743400084,5.28652395,6.177789228
7790,5.708775313,5.328411794,4.696239151,3.905496625,4.859578106,4.141613376,4.743400084,5.28652395,6.177789228
7791,5.708775313,5.328411794,4.696239151,3.905496625,4.859578106,4.141613376,4.743400084,5.28652395,6.177789228
7792,5.708775313,5.328411794,4.696239151,3.905496625,4.859578106,4.141613376,4.743400084,5.28652395,6.177789228
7793,5.708775313,5.328411794,4.696239151,3.905496625,4.859578106,4.141613376,4.743400084,5.28652395,6.177789228
7794,5.708775313,5.328411794,4.696239151,3.905496625,4.859578106,4.141613376,4.743400084,5.28652395,6.177789228
7795,5.708775313,5.328411794,4.696239151,3.905496625,4.859578106,4.141613376,4.743400084,5.28652395,6.177789228
7796,5.708775313,5.328411794,4.696239151,3.905496625,4.859578106,4.141613376,4.743400084,5.28652395,6.177789228
7797,5.708775313,5.328411794,4.696239151,3.905496625,4.859578106,4.141613376,4.743400084,5.28652395,6.177789228
7798,5.708775313,5.328411794,4.696239151,3.905496625,4.859578106,4.141613376,4.743400084,5.28652395,6.177789228
7799,5.708775313,5.328411794,4.696239151,3.905496625,4.859578106,4.141613376,4.743400084,5.28652395,6.177789228
7800,5.708775313,5.328411794,4.696239151,3.905496625,4.859578106,4.141613376,4.743400084,5.28652395,6.177789228
7801,5.708775313,5.328411794,4.696239151,3.905496625,4.859578106,4.141613376,4.743400084,5.28652395,6.177789228
7802,5.708775313,5.328411794,4.696239151,3.905496625,4.859578106,4.141613376,4.743400084,5.28652395,6.177789228
7803,5.708775313,5.328411794,4.696239151,3.905496625,4.859578106,4.141613376,4.743400084,5.28652395,6.177789228
7804,5.708775313,5.328411794,4.696239151,3.905496625,4.859578106,4.141613376,4.743400084,5.28652395,6.177789228
7805,5.708775313,5.328411794,4.696239151,3.905496625,4.859578106,4.141613376,4.743400084,5.28652395,6.177789228
7806,5.708775313,5.328411794,4.696239151,3.905496625,4.859578106,4.141613376,4.743400084,5.28652395,6.177789228
7807,5.708775313,5.328411794,4.696239151,3.905496625,4.859578106,4.141613376,4.743400084,5.28652395,6.177789228
7808,5.708775313,5.328411794,4.696239151,3.905496625,4.859578106,4.141613376,4.743400084,5.28652395,6.177789228
7809,5.708775313,5.328411794,4.696239151,3.905496625,4.859578106,4.141613376,4.743400084,5.28652395,6.177789228
7810,5.708775313,5.328411794,4.696239151,3.905496625,4.859578106,4.141613376,4.743400084,5.28652395,6.177789228
7811,5.708775313,5.328411794,4.696239151,3.905496625,4.859578106,4.141613376,4.743400084,5.28652395,6.177789228
7812,5.708775313,5.328411794,4.696239151,3.905496625,4.859578106,4.141613376,4.743400084,5.28652395,6.177789228
7813,5.708775313,5.328411794,4.696239151,3.905496625,4.859578106,4.141613376,4.743400084,5.28652395,6.177789228
7814,5.708775313,5.328411794,4.696239151,3.905496625,4.859578106,4.141613376,4.743400084,5.28652395,6.177789228
7815,5.708775313,5.328411794,4.696239151,3.905496625,4.859578106,4.141613376,4.743400084,5.28652395,6.177789228
7816,5.708775313,5.328411794,4.696239151,3.905496625,4.859578106,4.141613376,4.743400084,5.28652395,6.177789228
7817,5.708775313,5.328411794,4.696239151,3.905496625,4.859578106,4.141613376,4.743400084,5.28652395,6.177789228
7818,5.708775313,5.328411794,4.696239151,3.905496625,4.859578106,4.141613376,4.743400084,5.28652395,6.177789228
7819,5.708775313,5.328411794,4.696239151,3.905496625,4.859578106,4.141613376,4.743400084,5.28652395,6.177789228
7820,5.708775313,5.328411794,4.696239151,3.905496625,4.859578106,4.141613376,4.743400084,5.28652395,6.177789228
7821,5.708775313,5.328411794,4.696239151,3.905496625,4.859578106,4.141613376,4.743400084,5.28652395,6.177789228
7822,5.708775313,5.328411794,4.696239151,3.905496625,4.859578106,4.141613376,4.743400084,5.28652395,6.177789228
7823,5.708775313,5.328411794,4.696239151,3.905496625,4.859578106,4.141613376,4.743400084,5.28652395,6.177789228
7824,5.708775313,5.328411794,4.696239151,3.905496625,4.859578106,4.141613376,4.743400084,5.28652395,6.177789228
7825,5.708775313,5.328411794,4.696239151,3.905496625,4.859578106,4.141613376,4.743400084,5.28652395,6.177789228
7826,5.708775313,5.328411794,4.696239151,3.905496625,4.859578106,4.141613376,4.743400084,5.28652395,6.177789228
7827,5.708775313,5.328411794,4.696239151,3.905496625,4.859578106,4.141613376,4.743400084,5.28652395,6.177789228
7828,5.708775313,5.328411794,4.696239151,3.905496625,4.859578106,4.141613376,4.743400084,5.28652395,6.177789228
7829,5.708775313,5.328411794,4.696239151,3.905496625,4.859578106,4.141613376,4.743400084,5.28652395,6.177789228
7830,5.708775313,5.328411794,4.696239151,3.905496625,4.859578106,4.141613376,4.743400084,5.28652395,6.177789228
7831,5.708775313,5.328411794,4.696239151,3.905496625,4.859578106,4.141613376,4.743400084,5.28652395,6.177789228
7832,5.708775313,5.328411794,4.696239151,3.905496625,4.859578106,4.141613376,4.743400084,5.28652395,6.177789228
7833,5.708775313,5.328411794,4.696239151,3.905496625,4.859578106,4.141613376,4.743400084,5.28652395,6.177789228
7834,5.708775313,5.328411794,4.696239151,3.905496625,4.859578106,4.141613376,4.743400084,5.28652395,6.177789228
7835,5.708775313,5.328411794,4.696239151,3.905496625,4.859578106,4.141613376,4.743400084,5.28652395,6.177789228
7836,5.708775313,5.328411794,4.696239151,3.905496625,4.859578106,4.141613376,4.743400084,5.28652395,6.177789228
7837,5.708775313,5.328411794,4.696239151,3.905496625,4.859578106,4.141613376,4.743400084,5.28652395,6.177789228
7838,5.708775313,5.328411794,4.696239151,3.905496625,4.859578106,4.141613376,4.743400084,5.28652395,6.177789228
7839,5.708775313,5.328411794,4.696239151,3.905496625,4.859578106,4.141613376,4.743400084,5.28652395,6.177789228
7840,5.708775313,5.328411794,4.696239151,3.905496625,4.859578106,4.141613376,4.743400084,5.28652395,6.177789228
7841,5.708775313,5.328411794,4.696239151,3.905496625,4.859578106,4.141613376,4.743400084,5.28652395,6.177789228
7842,5.708775313,5.328411794,4.696239151,3.905496625,4.859578106,4.141613376,4.743400084,5.28652395,6.177789228
7843,5.708775313,5.328411794,4.696239151,3.905496625,4.859578106,4.141613376,4.743400084,5.28652395,6.177789228
7844,5.708775313,5.328411794,4.696239151,3.905496625,4.859578106,4.141613376,4.743400084,5.28652395,6.177789228
7845,5.708775313,5.328411794,4.696239151,3.905496625,4.859578106,4.141613376,4.743400084,5.28652395,6.177789228
7846,5.708775313,5.328411794,4.696239151,3.905496625,4.859578106,4.141613376,4.743400084,5.28652395,6.177789228
7847,5.708775313,5.328411794,4.696239151,3.905496625,4.859578106,4.141613376,4.743400084,5.28652395,6.177789228
7848,5.708775313,5.328411794,4.696239151,3.905496625,4.859578106,4.141613376,4.743400084,5.28652395,6.177789228
7849,5.708775313,5.328411794,4.696239151,3.905496625,4.859578106,4.141613376,4.743400084,5.28652395,6.177789228
7850,5.708775313,5.328411794,4.696239151,3.905496625,4.859578106,4.141613376,4.743400084,5.28652395,6.177789228
7851,5.708775313,5.328411794,4.696239151,3.905496625,4.859578106,4.141613376,4.743400084,5.28652395,6.177789228
7852,5.708775313,5.328411794,4.696239151,3.905496625,4.859578106,4.141613376,4.743400084,5.28652395,6.177789228
7853,5.708775313,5.328411794,4.696239151,3.905496625,4.859578106,4.141613376,4.743400084,5.28652395,6.177789228
7854,5.708775313,5.328411794,4.696239151,3.905496625,4.859578106,4.141613376,4.743400084,5.28652395,6.177789228
7855,5.708775313,5.328411794,4.696239151,3.905496625,4.859578106,4.141613376,4.743400084,5.28652395,6.177789228
7856,5.708775313,5.328411794,4.696239151,3.905496625,4.859578106,4.141613376,4.743400084,5.28652395,6.177789228
7857,5.708775313,5.328411794,4.696239151,3.905496625,4.859578106,4.141613376,4.743400084,5.28652395,6.177789228
7858,5.708775313,5.328411794,4.696239151,3.905496625,4.859578106,4.141613376,4.743400084,5.28652395,6.177789228
7859,5.708775313,5.328411794,4.696239151,3.905496625,4.859578106,4.141613376,4.743400084,5.28652395,6.177789228
7860,5.708775313,5.328411794,4.696239151,3.905496625,4.859578106,4.141613376,4.743400084,5.28652395,6.177789228
7861,5.708775313,5.328411794,4.696239151,3.905496625,4.859578106,4.141613376,4.743400084,5.28652395,6.177789228
7862,5.708775313,5.328411794,4.696239151,3.905496625,4.859578106,4.141613376,4.743400084,5.28652395,6.177789228
7863,5.708775313,5.328411794,4.696239151,3.905496625,4.859578106,4.141613376,4.743400084,5.28652395,6.177789228
7864,5.708775313,5.328411794,4.696239151,3.905496625,4.859578106,4.141613376,4.743400084,5.28652395,6.177789228
7865,5.708775313,5.328411794,4.696239151,3.905496625,4.859578106,4.141613376,4.743400084,5.28652395,6.177789228
7866,5.708775313,5.328411794,4.696239151,3.905496625,4.859578106,4.141613376,4.743400084,5.28652395,6.177789228
7867,5.708775313,5.328411794,4.696239151,3.905496625,4.859578106,4.141613376,4.743400084,5.28652395,6.177789228
7868,5.708775313,5.328411794,4.696239151,3.905496625,4.859578106,4.141613376,4.743400084,5.28652395,6.177789228
7869,5.708775313,5.328411794,4.696239151,3.905496625,4.859578106,4.141613376,4.743400084,5.28652395,6.177789228
7870,5.708775313,5.328411794,4.696239151,3.905496625,4.859578106,4.141613376,4.743400084,5.28652395,6.177789228
7871,5.708775313,5.328411794,4.696239151,3.905496625,4.859578106,4.141613376,4.743400084,5.28652395,6.177789228
7872,5.708775313,5.328411794,4.696239151,3.905496625,4.859578106,4.141613376,4.743400084,5.28652395,6.177789228
7873,5.708775313,5.328411794,4.696239151,3.905496625,4.859578106,4.141613376,4.743400084,5.28652395,6.177789228
7874,5.708775313,5.328411794,4.696239151,3.905496625,4.859578106,4.141613376,4.743400084,5.28652395,6.177789228
7875,5.708775313,5.328411794,4.696239151,3.905496625,4.859578106,4.141613376,4.743400084,5.28652395,6.177789228
7876,5.708775313,5.328411794,4.696239151,3.905496625,4.859578106,4.141613376,4.743400084,5.28652395,6.177789228
7877,5.708775313,5.328411794,4.696239151,3.905496625,4.859578106,4.141613376,4.743400084,5.28652395,6.177789228
7878,5.708775313,5.328411794,4.696239151,3.905496625,4.859578106,4.141613376,4.743400084,5.28652395,6.177789228
7879,5.708775313,5.328411794,4.696239151,3.905496625,4.859578106,4.141613376,4.743400084,5.28652395,6.177789228
7880,5.708775313,5.328411794,4.696239151,3.905496625,4.859578106,4.141613376,4.743400084,5.28652395,6.177789228
7881,5.708775313,5.328411794,4.696239151,3.905496625,4.859578106,4.141613376,4.743400084,5.28652395,6.177789228
7882,5.708775313,5.328411794,4.696239151,3.905496625,4.859578106,4.141613376,4.743400084,5.28652395,6.177789228
7883,5.708775313,5.328411794,4.696239151,3.905496625,4.859578106,4.141613376,4.743400084,5.28652395,6.177789228
7884,5.708775313,5.328411794,4.696239151,3.905496625,4.859578106,4.141613376,4.743400084,5.28652395,6.177789228
7885,5.708775313,5.328411794,4.696239151,3.905496625,4.859578106,4.141613376,4.743400084,5.28652395,6.177789228
7886,5.708775313,5.328411794,4.696239151,3.905496625,4.859578106,4.141613376,4.743400084,5.28652395,6.177789228
7887,5.708775313,5.328411794,4.696239151,3.905496625,4.859578106,4.141613376,4.743400084,5.28652395,6.177789228
7888,5.708775313,5.328411794,4.696239151,3.905496625,4.859578106,4.141613376,4.743400084,5.28652395,6.177789228
7889,5.708775313,5.328411794,4.696239151,3.905496625,4.859578106,4.141613376,4.743400084,5.28652395,6.177789228
7890,5.708775313,5.328411794,4.696239151,3.905496625,4.859578106,4.141613376,4.743400084,5.28652395,6.177789228
7891,5.708775313,5.328411794,4.696239151,3.905496625,4.859578106,4.141613376,4.743400084,5.28652395,6.177789228
7892,5.708775313,5.328411794,4.696239151,3.905496625,4.859578106,4.141613376,4.743400084,5.28652395,6.177789228
7893,5.708775313,5.328411794,4.696239151,3.905496625,4.859578106,4.141613376,4.743400084,5.28652395,6.177789228
7894,5.708775313,5.328411794,4.696239151,3.905496625,4.859578106,4.141613376,4.743400084,5.28652395,6.177789228
7895,5.708775313,5.328411794,4.696239151,3.905496625,4.859578106,4.141613376,4.743400084,5.28652395,6.177789228
7896,5.708775313,5.328411794,4.696239151,3.905496625,4.859578106,4.141613376,4.743400084,5.28652395,6.177789228
7897,5.708775313,5.328411794,4.696239151,3.905496625,4.859578106,4.141613376,4.743400084,5.28652395,6.177789228
7898,5.708775313,5.328411794,4.696239151,3.905496625,4.859578106,4.141613376,4.743400084,5.28652395,6.177789228
7899,5.708775313,5.328411794,4.696239151,3.905496625,4.859578106,4.141613376,4.743400084,5.28652395,6.177789228
7900,5.708775313,5.328411794,4.696239151,3.905496625,4.859578106,4.141613376,4.743400084,5.28652395,6.177789228
7901,5.708775313,5.328411794,4.696239151,3.905496625,4.859578106,4.141613376,4.743400084,5.28652395,6.177789228
7902,5.708775313,5.328411794,4.696239151,3.905496625,4.859578106,4.141613376,4.743400084,5.28652395,6.177789228
7903,5.708775313,5.328411794,4.696239151,3.905496625,4.859578106,4.141613376,4.743400084,5.28652395,6.177789228
7904,5.708775313,5.328411794,4.696239151,3.905496625,4.859578106,4.141613376,4.743400084,5.28652395,6.177789228
7905,5.708775313,5.328411794,4.696239151,3.905496625,4.859578106,4.141613376,4.743400084,5.28652395,6.177789228
7906,5.708775313,5.328411794,4.696239151,3.905496625,4.859578106,4.141613376,4.743400084,5.28652395,6.177789228
7907,5.708775313,5.328411794,4.696239151,3.905496625,4.859578106,4.141613376,4.743400084,5.28652395,6.177789228
7908,5.708775313,5.328411794,4.696239151,3.905496625,4.859578106,4.141613376,4.743400084,5.28652395,6.177789228
7909,5.708775313,5.328411794,4.696239151,3.905496625,4.859578106,4.141613376,4.743400084,5.28652395,6.177789228
7910,5.708775313,5.328411794,4.696239151,3.905496625,4.859578106,4.141613376,4.743400084,5.28652395,6.177789228
7911,5.708775313,5.328411794,4.696239151,3.905496625,4.859578106,4.141613376,4.743400084,5.28652395,6.177789228
7912,5.708775313,5.328411794,4.696239151,3.905496625,4.859578106,4.141613376,4.743400084,5.28652395,6.177789228
7913,5.708775313,5.328411794,4.696239151,3.905496625,4.859578106,4.141613376,4.743400084,5.28652395,6.177789228
7914,5.708775313,5.328411794,4.696239151,3.905496625,4.859578106,4.141613376,4.743400084,5.28652395,6.177789228
7915,5.708775313,5.328411794,4.696239151,3.905496625,4.859578106,4.141613376,4.743400084,5.28652395,6.177789228
7916,5.708775313,5.328411794,4.696239151,3.905496625,4.859578106,4.141613376,4.743400084,5.28652395,6.177789228
7917,5.708775313,5.328411794,4.696239151,3.905496625,4.859578106,4.141613376,4.743400084,5.28652395,6.177789228
7918,5.708775313,5.328411794,4.696239151,3.905496625,4.859578106,4.141613376,4.743400084,5.28652395,6.177789228
7919,5.708775313,5.328411794,4.696239151,3.905496625,4.859578106,4.141613376,4.743400084,5.28652395,6.177789228
7920,5.708775313,5.328411794,4.696239151,3.905496625,4.859578106,4.141613376,4.743400084,5.28652395,6.177789228
7921,5.708775313,5.328411794,4.696239151,3.905496625,4.859578106,4.141613376,4.743400084,5.28652395,6.177789228
7922,5.708775313,5.328411794,4.696239151,3.905496625,4.859578106,4.141613376,4.743400084,5.28652395,6.177789228
7923,5.708775313,5.328411794,4.696239151,3.905496625,4.859578106,4.141613376,4.743400084,5.28652395,6.177789228
7924,5.708775313,5.328411794,4.696239151,3.905496625,4.859578106,4.141613376,4.743400084,5.28652395,6.177789228
7925,5.708775313,5.328411794,4.696239151,3.905496625,4.859578106,4.141613376,4.743400084,5.28652395,6.177789228
7926,5.708775313,5.328411794,4.696239151,3.905496625,4.859578106,4.141613376,4.743400084,5.28652395,6.177789228
7927,5.708775313,5.328411794,4.696239151,3.905496625,4.859578106,4.141613376,4.743400084,5.28652395,6.177789228
7928,5.708775313,5.328411794,4.696239151,3.905496625,4.859578106,4.141613376,4.743400084,5.28652395,6.177789228
7929,5.708775313,5.328411794,4.696239151,3.905496625,4.859578106,4.141613376,4.743400084,5.28652395,6.177789228
7930,5.708775313,5.328411794,4.696239151,3.905496625,4.859578106,4.141613376,4.743400084,5.28652395,6.177789228
7931,5.708775313,5.328411794,4.696239151,3.905496625,4.859578106,4.141613376,4.743400084,5.28652395,6.177789228
7932,5.708775313,5.328411794,4.696239151,3.905496625,4.859578106,4.141613376,4.743400084,5.28652395,6.177789228
7933,5.708775313,5.328411794,4.696239151,3.905496625,4.859578106,4.141613376,4.743400084,5.28652395,6.177789228
7934,5.708775313,5.328411794,4.696239151,3.905496625,4.859578106,4.141613376,4.743400084,5.28652395,6.177789228
7935,5.708775313,5.328411794,4.696239151,3.905496625,4.859578106,4.141613376,4.743400084,5.28652395,6.177789228
7936,5.708775313,5.328411794,4.696239151,3.905496625,4.859578106,4.141613376,4.743400084,5.28652395,6.177789228
7937,5.708775313,5.328411794,4.696239151,3.905496625,4.859578106,4.141613376,4.743400084,5.28652395,6.177789228
7938,5.708775313,5.328411794,4.696239151,3.905496625,4.859578106,4.141613376,4.743400084,5.28652395,6.177789228
7939,5.708775313,5.328411794,4.696239151,3.905496625,4.859578106,4.141613376,4.743400084,5.28652395,6.177789228
7940,5.708775313,5.328411794,4.696239151,3.905496625,4.859578106,4.141613376,4.743400084,5.28652395,6.177789228
7941,5.708775313,5.328411794,4.696239151,3.905496625,4.859578106,4.141613376,4.743400084,5.28652395,6.177789228
7942,5.708775313,5.328411794,4.696239151,3.905496625,4.859578106,4.141613376,4.743400084,5.28652395,6.177789228
7943,5.708775313,5.328411794,4.696239151,3.905496625,4.859578106,4.141613376,4.743400084,5.28652395,6.177789228
7944,5.708775313,5.328411794,4.696239151,3.905496625,4.859578106,4.141613376,4.743400084,5.28652395,6.177789228
7945,5.708775313,5.328411794,4.696239151,3.905496625,4.859578106,4.141613376,4.743400084,5.28652395,6.177789228
7946,5.708775313,5.328411794,4.696239151,3.905496625,4.859578106,4.141613376,4.743400084,5.28652395,6.177789228
7947,5.708775313,5.328411794,4.696239151,3.905496625,4.859578106,4.141613376,4.743400084,5.28652395,6.177789228
7948,5.708775313,5.328411794,4.696239151,3.905496625,4.859578106,4.141613376,4.743400084,5.28652395,6.177789228
7949,5.708775313,5.328411794,4.696239151,3.905496625,4.859578106,4.141613376,4.743400084,5.28652395,6.177789228
7950,5.708775313,5.328411794,4.696239151,3.905496625,4.859578106,4.141613376,4.743400084,5.28652395,6.177789228
7951,5.708775313,5.328411794,4.696239151,3.905496625,4.859578106,4.141613376,4.743400084,5.28652395,6.177789228
7952,5.708775313,5.328411794,4.696239151,3.905496625,4.859578106,4.141613376,4.743400084,5.28652395,6.177789228
7953,5.708775313,5.328411794,4.696239151,3.905496625,4.859578106,4.141613376,4.743400084,5.28652395,6.177789228
7954,5.708775313,5.328411794,4.696239151,3.905496625,4.859578106,4.141613376,4.743400084,5.28652395,6.177789228
7955,5.708775313,5.328411794,4.696239151,3.905496625,4.859578106,4.141613376,4.743400084,5.28652395,6.177789228
7956,5.708775313,5.328411794,4.696239151,3.905496625,4.859578106,4.141613376,4.743400084,5.28652395,6.177789228
7957,5.708775313,5.328411794,4.696239151,3.905496625,4.859578106,4.141613376,4.743400084,5.28652395,6.177789228
7958,5.708775313,5.328411794,4.696239151,3.905496625,4.859578106,4.141613376,4.743400084,5.28652395,6.177789228
7959,5.708775313,5.328411794,4.696239151,3.905496625,4.859578106,4.141613376,4.743400084,5.28652395,6.177789228
7960,5.708775313,5.328411794,4.696239151,3.905496625,4.859578106,4.141613376,4.743400084,5.28652395,6.177789228
7961,5.708775313,5.328411794,4.696239151,3.905496625,4.859578106,4.141613376,4.743400084,5.28652395,6.177789228
7962,5.708775313,5.328411794,4.696239151,3.905496625,4.859578106,4.141613376,4.743400084,5.28652395,6.177789228
7963,5.708775313,5.328411794,4.696239151,3.905496625,4.859578106,4.141613376,4.743400084,5.28652395,6.177789228
7964,5.708775313,5.328411794,4.696239151,3.905496625,4.859578106,4.141613376,4.743400084,5.28652395,6.177789228
7965,5.708775313,5.328411794,4.696239151,3.905496625,4.859578106,4.141613376,4.743400084,5.28652395,6.177789228
7966,5.708775313,5.328411794,4.696239151,3.905496625,4.859578106,4.141613376,4.743400084,5.28652395,6.177789228
7967,5.708775313,5.328411794,4.696239151,3.905496625,4.859578106,4.141613376,4.743400084,5.28652395,6.177789228
7968,5.708775313,5.328411794,4.696239151,3.905496625,4.859578106,4.141613376,4.743400084,5.28652395,6.177789228
7969,5.708775313,5.328411794,4.696239151,3.905496625,4.859578106,4.141613376,4.743400084,5.28652395,6.177789228
7970,5.708775313,5.328411794,4.696239151,3.905496625,4.859578106,4.141613376,4.743400084,5.28652395,6.177789228
7971,5.708775313,5.328411794,4.696239151,3.905496625,4.859578106,4.141613376,4.743400084,5.28652395,6.177789228
7972,5.708775313,5.328411794,4.696239151,3.905496625,4.859578106,4.141613376,4.743400084,5.28652395,6.177789228
7973,5.708775313,5.328411794,4.696239151,3.905496625,4.859578106,4.141613376,4.743400084,5.28652395,6.177789228
7974,5.708775313,5.328411794,4.696239151,3.905496625,4.859578106,4.141613376,4.743400084,5.28652395,6.177789228
7975,5.708775313,5.328411794,4.696239151,3.905496625,4.859578106,4.141613376,4.743400084,5.28652395,6.177789228
7976,5.708775313,5.328411794,4.696239151,3.905496625,4.859578106,4.141613376,4.743400084,5.28652395,6.177789228
7977,5.708775313,5.328411794,4.696239151,3.905496625,4.859578106,4.141613376,4.743400084,5.28652395,6.177789228
7978,5.708775313,5.328411794,4.696239151,3.905496625,4.859578106,4.141613376,4.743400084,5.28652395,6.177789228
7979,5.708775313,5.328411794,4.696239151,3.905496625,4.859578106,4.141613376,4.743400084,5.28652395,6.177789228
7980,5.708775313,5.328411794,4.696239151,3.905496625,4.859578106,4.141613376,4.743400084,5.28652395,6.177789228
7981,5.708775313,5.328411794,4.696239151,3.905496625,4.859578106,4.141613376,4.743400084,5.28652395,6.177789228
7982,5.708775313,5.328411794,4.696239151,3.905496625,4.859578106,4.141613376,4.743400084,5.28652395,6.177789228
7983,5.708775313,5.328411794,4.696239151,3.905496625,4.859578106,4.141613376,4.743400084,5.28652395,6.177789228
7984,5.708775313,5.328411794,4.696239151,3.905496625,4.859578106,4.141613376,4.743400084,5.28652395,6.177789228
7985,5.708775313,5.328411794,4.696239151,3.905496625,4.859578106,4.141613376,4.743400084,5.28652395,6.177789228
7986,5.708775313,5.328411794,4.696239151,3.905496625,4.859578106,4.141613376,4.743400084,5.28652395,6.177789228
7987,5.708775313,5.328411794,4.696239151,3.905496625,4.859578106,4.141613376,4.743400084,5.28652395,6.177789228
7988,5.708775313,5.328411794,4.696239151,3.905496625,4.859578106,4.141613376,4.743400084,5.28652395,6.177789228
7989,5.708775313,5.328411794,4.696239151,3.905496625,4.859578106,4.141613376,4.743400084,5.28652395,6.177789228
7990,5.708775313,5.328411794,4.696239151,3.905496625,4.859578106,4.141613376,4.743400084,5.28652395,6.177789228
7991,5.708775313,5.328411794,4.696239151,3.905496625,4.859578106,4.141613376,4.743400084,5.28652395,6.177789228
7992,5.708775313,5.328411794,4.696239151,3.905496625,4.859578106,4.141613376,4.743400084,5.28652395,6.177789228
7993,5.708775313,5.328411794,4.696239151,3.905496625,4.859578106,4.141613376,4.743400084,5.28652395,6.177789228
7994,5.708775313,5.328411794,4.696239151,3.905496625,4.859578106,4.141613376,4.743400084,5.28652395,6.177789228
7995,5.708775313,5.328411794,4.696239151,3.905496625,4.859578106,4.141613376,4.743400084,5.28652395,6.177789228
7996,5.708775313,5.328411794,4.696239151,3.905496625,4.859578106,4.141613376,4.743400084,5.28652395,6.177789228
7997,5.708775313,5.328411794,4.696239151,3.905496625,4.859578106,4.141613376,4.743400084,5.28652395,6.177789228
7998,5.708775313,5.328411794,4.696239151,3.905496625,4.859578106,4.141613376,4.743400084,5.28652395,6.177789228
7999,5.708775313,5.328411794,4.696239151,3.905496625,4.859578106,4.141613376,4.743400084,5.28652395,6.177789228
8000,5.708775313,5.328411794,4.696239151,3.905496625,4.859578106,4.141613376,4.743400084,5.28652395,6.177789228
8001,5.708775313,5.328411794,4.696239151,3.905496625,4.859578106,4.141613376,4.743400084,5.28652395,6.177789228
8002,5.708775313,5.328411794,4.696239151,3.905496625,4.859578106,4.141613376,4.743400084,5.28652395,6.177789228
8003,5.708775313,5.328411794,4.696239151,3.905496625,4.859578106,4.141613376,4.743400084,5.28652395,6.177789228
8004,5.708775313,5.328411794,4.696239151,3.905496625,4.859578106,4.141613376,4.743400084,5.28652395,6.177789228
8005,5.708775313,5.328411794,4.696239151,3.905496625,4.859578106,4.141613376,4.743400084,5.28652395,6.177789228
8006,5.708775313,5.328411794,4.696239151,3.905496625,4.859578106,4.141613376,4.743400084,5.28652395,6.177789228
8007,5.708775313,5.328411794,4.696239151,3.905496625,4.859578106,4.141613376,4.743400084,5.28652395,6.177789228
8008,5.708775313,5.328411794,4.696239151,3.905496625,4.859578106,4.141613376,4.743400084,5.28652395,6.177789228
8009,5.708775313,5.328411794,4.696239151,3.905496625,4.859578106,4.141613376,4.743400084,5.28652395,6.177789228
8010,5.708775313,5.328411794,4.696239151,3.905496625,4.859578106,4.141613376,4.743400084,5.28652395,6.177789228
8011,5.708775313,5.328411794,4.696239151,3.905496625,4.859578106,4.141613376,4.743400084,5.28652395,6.177789228
8012,5.708775313,5.328411794,4.696239151,3.905496625,4.859578106,4.141613376,4.743400084,5.28652395,6.177789228
8013,5.708775313,5.328411794,4.696239151,3.905496625,4.859578106,4.141613376,4.743400084,5.28652395,6.177789228
8014,5.708775313,5.328411794,4.696239151,3.905496625,4.859578106,4.141613376,4.743400084,5.28652395,6.177789228
8015,5.708775313,5.328411794,4.696239151,3.905496625,4.859578106,4.141613376,4.743400084,5.28652395,6.177789228
8016,5.708775313,5.328411794,4.696239151,3.905496625,4.859578106,4.141613376,4.743400084,5.28652395,6.177789228
8017,5.708775313,5.328411794,4.696239151,3.905496625,4.859578106,4.141613376,4.743400084,5.28652395,6.177789228
8018,5.708775313,5.328411794,4.696239151,3.905496625,4.859578106,4.141613376,4.743400084,5.28652395,6.177789228
8019,5.708775313,5.328411794,4.696239151,3.905496625,4.859578106,4.141613376,4.743400084,5.28652395,6.177789228
8020,5.708775313,5.328411794,4.696239151,3.905496625,4.859578106,4.141613376,4.743400084,5.28652395,6.177789228
8021,5.708775313,5.328411794,4.696239151,3.905496625,4.859578106,4.141613376,4.743400084,5.28652395,6.177789228
8022,5.708775313,5.328411794,4.696239151,3.905496625,4.859578106,4.141613376,4.743400084,5.28652395,6.177789228
8023,5.708775313,5.328411794,4.696239151,3.905496625,4.859578106,4.141613376,4.743400084,5.28652395,6.177789228
8024,5.708775313,5.328411794,4.696239151,3.905496625,4.859578106,4.141613376,4.743400084,5.28652395,6.177789228
8025,5.708775313,5.328411794,4.696239151,3.905496625,4.859578106,4.141613376,4.743400084,5.28652395,6.177789228
8026,5.708775313,5.328411794,4.696239151,3.905496625,4.859578106,4.141613376,4.743400084,5.28652395,6.177789228
8027,5.708775313,5.328411794,4.696239151,3.905496625,4.859578106,4.141613376,4.743400084,5.28652395,6.177789228
8028,5.708775313,5.328411794,4.696239151,3.905496625,4.859578106,4.141613376,4.743400084,5.28652395,6.177789228
8029,5.708775313,5.328411794,4.696239151,3.905496625,4.859578106,4.141613376,4.743400084,5.28652395,6.177789228
8030,5.708775313,5.328411794,4.696239151,3.905496625,4.859578106,4.141613376,4.743400084,5.28652395,6.177789228
8031,5.708775313,5.328411794,4.696239151,3.905496625,4.859578106,4.141613376,4.743400084,5.28652395,6.177789228
8032,5.708775313,5.328411794,4.696239151,3.905496625,4.859578106,4.141613376,4.743400084,5.28652395,6.177789228
8033,5.708775313,5.328411794,4.696239151,3.905496625,4.859578106,4.141613376,4.743400084,5.28652395,6.177789228
8034,5.708775313,5.328411794,4.696239151,3.905496625,4.859578106,4.141613376,4.743400084,5.28652395,6.177789228
8035,5.708775313,5.328411794,4.696239151,3.905496625,4.859578106,4.141613376,4.743400084,5.28652395,6.177789228
8036,5.708775313,5.328411794,4.696239151,3.905496625,4.859578106,4.141613376,4.743400084,5.28652395,6.177789228
8037,5.708775313,5.328411794,4.696239151,3.905496625,4.859578106,4.141613376,4.743400084,5.28652395,6.177789228
8038,5.708775313,5.328411794,4.696239151,3.905496625,4.859578106,4.141613376,4.743400084,5.28652395,6.177789228
8039,5.708775313,5.328411794,4.696239151,3.905496625,4.859578106,4.141613376,4.743400084,5.28652395,6.177789228
8040,5.708775313,5.328411794,4.696239151,3.905496625,4.859578106,4.141613376,4.743400084,5.28652395,6.177789228
8041,5.708775313,5.328411794,4.696239151,3.905496625,4.859578106,4.141613376,4.743400084,5.28652395,6.177789228
8042,5.708775313,5.328411794,4.696239151,3.905496625,4.859578106,4.141613376,4.743400084,5.28652395,6.177789228
8043,5.708775313,5.328411794,4.696239151,3.905496625,4.859578106,4.141613376,4.743400084,5.28652395,6.177789228
8044,5.708775313,5.328411794,4.696239151,3.905496625,4.859578106,4.141613376,4.743400084,5.28652395,6.177789228
8045,5.708775313,5.328411794,4.696239151,3.905496625,4.859578106,4.141613376,4.743400084,5.28652395,6.177789228
8046,5.708775313,5.328411794,4.696239151,3.905496625,4.859578106,4.141613376,4.743400084,5.28652395,6.177789228
8047,5.708775313,5.328411794,4.696239151,3.905496625,4.859578106,4.141613376,4.743400084,5.28652395,6.177789228
8048,5.708775313,5.328411794,4.696239151,3.905496625,4.859578106,4.141613376,4.743400084,5.28652395,6.177789228
8049,5.708775313,5.328411794,4.696239151,3.905496625,4.859578106,4.141613376,4.743400084,5.28652395,6.177789228
8050,5.708775313,5.328411794,4.696239151,3.905496625,4.859578106,4.141613376,4.743400084,5.28652395,6.177789228
8051,5.708775313,5.328411794,4.696239151,3.905496625,4.859578106,4.141613376,4.743400084,5.28652395,6.177789228
8052,5.708775313,5.328411794,4.696239151,3.905496625,4.859578106,4.141613376,4.743400084,5.28652395,6.177789228
8053,5.708775313,5.328411794,4.696239151,3.905496625,4.859578106,4.141613376,4.743400084,5.28652395,6.177789228
8054,5.708775313,5.328411794,4.696239151,3.905496625,4.859578106,4.141613376,4.743400084,5.28652395,6.177789228
8055,5.708775313,5.328411794,4.696239151,3.905496625,4.859578106,4.141613376,4.743400084,5.28652395,6.177789228
8056,5.708775313,5.328411794,4.696239151,3.905496625,4.859578106,4.141613376,4.743400084,5.28652395,6.177789228
8057,5.708775313,5.328411794,4.696239151,3.905496625,4.859578106,4.141613376,4.743400084,5.28652395,6.177789228
8058,5.708775313,5.328411794,4.696239151,3.905496625,4.859578106,4.141613376,4.743400084,5.28652395,6.177789228
8059,5.708775313,5.328411794,4.696239151,3.905496625,4.859578106,4.141613376,4.743400084,5.28652395,6.177789228
8060,5.708775313,5.328411794,4.696239151,3.905496625,4.859578106,4.141613376,4.743400084,5.28652395,6.177789228
8061,5.708775313,5.328411794,4.696239151,3.905496625,4.859578106,4.141613376,4.743400084,5.28652395,6.177789228
8062,5.708775313,5.328411794,4.696239151,3.905496625,4.859578106,4.141613376,4.743400084,5.28652395,6.177789228
8063,5.708775313,5.328411794,4.696239151,3.905496625,4.859578106,4.141613376,4.743400084,5.28652395,6.177789228
8064,5.708775313,5.328411794,4.696239151,3.905496625,4.859578106,4.141613376,4.743400084,5.28652395,6.177789228
8065,5.708775313,5.328411794,4.696239151,3.905496625,4.859578106,4.141613376,4.743400084,5.28652395,6.177789228
8066,5.708775313,5.328411794,4.696239151,3.905496625,4.859578106,4.141613376,4.743400084,5.28652395,6.177789228
8067,5.708775313,5.328411794,4.696239151,3.905496625,4.859578106,4.141613376,4.743400084,5.28652395,6.177789228
8068,5.708775313,5.328411794,4.696239151,3.905496625,4.859578106,4.141613376,4.743400084,5.28652395,6.177789228
8069,5.708775313,5.328411794,4.696239151,3.905496625,4.859578106,4.141613376,4.743400084,5.28652395,6.177789228
8070,5.708775313,5.328411794,4.696239151,3.905496625,4.859578106,4.141613376,4.743400084,5.28652395,6.177789228
8071,5.708775313,5.328411794,4.696239151,3.905496625,4.859578106,4.141613376,4.743400084,5.28652395,6.177789228
8072,5.708775313,5.328411794,4.696239151,3.905496625,4.859578106,4.141613376,4.743400084,5.28652395,6.177789228
8073,5.708775313,5.328411794,4.696239151,3.905496625,4.859578106,4.141613376,4.743400084,5.28652395,6.177789228
8074,5.708775313,5.328411794,4.696239151,3.905496625,4.859578106,4.141613376,4.743400084,5.28652395,6.177789228
8075,5.708775313,5.328411794,4.696239151,3.905496625,4.859578106,4.141613376,4.743400084,5.28652395,6.177789228
8076,5.708775313,5.328411794,4.696239151,3.905496625,4.859578106,4.141613376,4.743400084,5.28652395,6.177789228
8077,5.708775313,5.328411794,4.696239151,3.905496625,4.859578106,4.141613376,4.743400084,5.28652395,6.177789228
8078,5.708775313,5.328411794,4.696239151,3.905496625,4.859578106,4.141613376,4.743400084,5.28652395,6.177789228
8079,5.708775313,5.328411794,4.696239151,3.905496625,4.859578106,4.141613376,4.743400084,5.28652395,6.177789228
8080,5.708775313,5.328411794,4.696239151,3.905496625,4.859578106,4.141613376,4.743400084,5.28652395,6.177789228
8081,5.708775313,5.328411794,4.696239151,3.905496625,4.859578106,4.141613376,4.743400084,5.28652395,6.177789228
8082,5.708775313,5.328411794,4.696239151,3.905496625,4.859578106,4.141613376,4.743400084,5.28652395,6.177789228
8083,5.708775313,5.328411794,4.696239151,3.905496625,4.859578106,4.141613376,4.743400084,5.28652395,6.177789228
8084,5.708775313,5.328411794,4.696239151,3.905496625,4.859578106,4.141613376,4.743400084,5.28652395,6.177789228
8085,5.708775313,5.328411794,4.696239151,3.905496625,4.859578106,4.141613376,4.743400084,5.28652395,6.177789228
8086,5.708775313,5.328411794,4.696239151,3.905496625,4.859578106,4.141613376,4.743400084,5.28652395,6.177789228
8087,5.708775313,5.328411794,4.696239151,3.905496625,4.859578106,4.141613376,4.743400084,5.28652395,6.177789228
8088,5.708775313,5.328411794,4.696239151,3.905496625,4.859578106,4.141613376,4.743400084,5.28652395,6.177789228
8089,5.708775313,5.328411794,4.696239151,3.905496625,4.859578106,4.141613376,4.743400084,5.28652395,6.177789228
8090,5.708775313,5.328411794,4.696239151,3.905496625,4.859578106,4.141613376,4.743400084,5.28652395,6.177789228
8091,5.708775313,5.328411794,4.696239151,3.905496625,4.859578106,4.141613376,4.743400084,5.28652395,6.177789228
8092,5.708775313,5.328411794,4.696239151,3.905496625,4.859578106,4.141613376,4.743400084,5.28652395,6.177789228
8093,5.708775313,5.328411794,4.696239151,3.905496625,4.859578106,4.141613376,4.743400084,5.28652395,6.177789228
8094,5.708775313,5.328411794,4.696239151,3.905496625,4.859578106,4.141613376,4.743400084,5.28652395,6.177789228
8095,5.708775313,5.328411794,4.696239151,3.905496625,4.859578106,4.141613376,4.743400084,5.28652395,6.177789228
8096,5.708775313,5.328411794,4.696239151,3.905496625,4.859578106,4.141613376,4.743400084,5.28652395,6.177789228
8097,5.708775313,5.328411794,4.696239151,3.905496625,4.859578106,4.141613376,4.743400084,5.28652395,6.177789228
8098,5.708775313,5.328411794,4.696239151,3.905496625,4.859578106,4.141613376,4.743400084,5.28652395,6.177789228
8099,5.708775313,5.328411794,4.696239151,3.905496625,4.859578106,4.141613376,4.743400084,5.28652395,6.177789228
8100,5.708775313,5.328411794,4.696239151,3.905496625,4.859578106,4.141613376,4.743400084,5.28652395,6.177789228
8101,5.708775313,5.328411794,4.696239151,3.905496625,4.859578106,4.141613376,4.743400084,5.28652395,6.177789228
8102,5.708775313,5.328411794,4.696239151,3.905496625,4.859578106,4.141613376,4.743400084,5.28652395,6.177789228
8103,5.708775313,5.328411794,4.696239151,3.905496625,4.859578106,4.141613376,4.743400084,5.28652395,6.177789228
8104,5.708775313,5.328411794,4.696239151,3.905496625,4.859578106,4.141613376,4.743400084,5.28652395,6.177789228
8105,5.708775313,5.328411794,4.696239151,3.905496625,4.859578106,4.141613376,4.743400084,5.28652395,6.177789228
8106,5.708775313,5.328411794,4.696239151,3.905496625,4.859578106,4.141613376,4.743400084,5.28652395,6.177789228
8107,5.708775313,5.328411794,4.696239151,3.905496625,4.859578106,4.141613376,4.743400084,5.28652395,6.177789228
8108,5.708775313,5.328411794,4.696239151,3.905496625,4.859578106,4.141613376,4.743400084,5.28652395,6.177789228
8109,5.708775313,5.328411794,4.696239151,3.905496625,4.859578106,4.141613376,4.743400084,5.28652395,6.177789228
8110,5.708775313,5.328411794,4.696239151,3.905496625,4.859578106,4.141613376,4.743400084,5.28652395,6.177789228
8111,5.708775313,5.328411794,4.696239151,3.905496625,4.859578106,4.141613376,4.743400084,5.28652395,6.177789228
8112,5.708775313,5.328411794,4.696239151,3.905496625,4.859578106,4.141613376,4.743400084,5.28652395,6.177789228
8113,5.708775313,5.328411794,4.696239151,3.905496625,4.859578106,4.141613376,4.743400084,5.28652395,6.177789228
8114,5.708775313,5.328411794,4.696239151,3.905496625,4.859578106,4.141613376,4.743400084,5.28652395,6.177789228
8115,5.708775313,5.328411794,4.696239151,3.905496625,4.859578106,4.141613376,4.743400084,5.28652395,6.177789228
8116,5.708775313,5.328411794,4.696239151,3.905496625,4.859578106,4.141613376,4.743400084,5.28652395,6.177789228
8117,5.708775313,5.328411794,4.696239151,3.905496625,4.859578106,4.141613376,4.743400084,5.28652395,6.177789228
8118,5.708775313,5.328411794,4.696239151,3.905496625,4.859578106,4.141613376,4.743400084,5.28652395,6.177789228
8119,5.708775313,5.328411794,4.696239151,3.905496625,4.859578106,4.141613376,4.743400084,5.28652395,6.177789228
8120,5.708775313,5.328411794,4.696239151,3.905496625,4.859578106,4.141613376,4.743400084,5.28652395,6.177789228
8121,5.708775313,5.328411794,4.696239151,3.905496625,4.859578106,4.141613376,4.743400084,5.28652395,6.177789228
8122,5.708775313,5.328411794,4.696239151,3.905496625,4.859578106,4.141613376,4.743400084,5.28652395,6.177789228
8123,5.708775313,5.328411794,4.696239151,3.905496625,4.859578106,4.141613376,4.743400084,5.28652395,6.177789228
8124,5.708775313,5.328411794,4.696239151,3.905496625,4.859578106,4.141613376,4.743400084,5.28652395,6.177789228
8125,5.708775313,5.328411794,4.696239151,3.905496625,4.859578106,4.141613376,4.743400084,5.28652395,6.177789228
8126,5.708775313,5.328411794,4.696239151,3.905496625,4.859578106,4.141613376,4.743400084,5.28652395,6.177789228
8127,5.708775313,5.328411794,4.696239151,3.905496625,4.859578106,4.141613376,4.743400084,5.28652395,6.177789228
8128,5.708775313,5.328411794,4.696239151,3.905496625,4.859578106,4.141613376,4.743400084,5.28652395,6.177789228
8129,5.708775313,5.328411794,4.696239151,3.905496625,4.859578106,4.141613376,4.743400084,5.28652395,6.177789228
8130,5.708775313,5.328411794,4.696239151,3.905496625,4.859578106,4.141613376,4.743400084,5.28652395,6.177789228
8131,5.708775313,5.328411794,4.696239151,3.905496625,4.859578106,4.141613376,4.743400084,5.28652395,6.177789228
8132,5.708775313,5.328411794,4.696239151,3.905496625,4.859578106,4.141613376,4.743400084,5.28652395,6.177789228
8133,5.708775313,5.328411794,4.696239151,3.905496625,4.859578106,4.141613376,4.743400084,5.28652395,6.177789228
8134,5.708775313,5.328411794,4.696239151,3.905496625,4.859578106,4.141613376,4.743400084,5.28652395,6.177789228
8135,5.708775313,5.328411794,4.696239151,3.905496625,4.859578106,4.141613376,4.743400084,5.28652395,6.177789228
8136,5.708775313,5.328411794,4.696239151,3.905496625,4.859578106,4.141613376,4.743400084,5.28652395,6.177789228
8137,5.708775313,5.328411794,4.696239151,3.905496625,4.859578106,4.141613376,4.743400084,5.28652395,6.177789228
8138,5.708775313,5.328411794,4.696239151,3.905496625,4.859578106,4.141613376,4.743400084,5.28652395,6.177789228
8139,5.708775313,5.328411794,4.696239151,3.905496625,4.859578106,4.141613376,4.743400084,5.28652395,6.177789228
8140,5.708775313,5.328411794,4.696239151,3.905496625,4.859578106,4.141613376,4.743400084,5.28652395,6.177789228
8141,5.708775313,5.328411794,4.696239151,3.905496625,4.859578106,4.141613376,4.743400084,5.28652395,6.177789228
8142,5.708775313,5.328411794,4.696239151,3.905496625,4.859578106,4.141613376,4.743400084,5.28652395,6.177789228
8143,5.708775313,5.328411794,4.696239151,3.905496625,4.859578106,4.141613376,4.743400084,5.28652395,6.177789228
8144,5.708775313,5.328411794,4.696239151,3.905496625,4.859578106,4.141613376,4.743400084,5.28652395,6.177789228
8145,5.708775313,5.328411794,4.696239151,3.905496625,4.859578106,4.141613376,4.743400084,5.28652395,6.177789228
8146,5.708775313,5.328411794,4.696239151,3.905496625,4.859578106,4.141613376,4.743400084,5.28652395,6.177789228
8147,5.708775313,5.328411794,4.696239151,3.905496625,4.859578106,4.141613376,4.743400084,5.28652395,6.177789228
8148,5.708775313,5.328411794,4.696239151,3.905496625,4.859578106,4.141613376,4.743400084,5.28652395,6.177789228
8149,5.708775313,5.328411794,4.696239151,3.905496625,4.859578106,4.141613376,4.743400084,5.28652395,6.177789228
8150,5.708775313,5.328411794,4.696239151,3.905496625,4.859578106,4.141613376,4.743400084,5.28652395,6.177789228
8151,5.708775313,5.328411794,4.696239151,3.905496625,4.859578106,4.141613376,4.743400084,5.28652395,6.177789228
8152,5.708775313,5.328411794,4.696239151,3.905496625,4.859578106,4.141613376,4.743400084,5.28652395,6.177789228
8153,5.708775313,5.328411794,4.696239151,3.905496625,4.859578106,4.141613376,4.743400084,5.28652395,6.177789228
8154,5.708775313,5.328411794,4.696239151,3.905496625,4.859578106,4.141613376,4.743400084,5.28652395,6.177789228
8155,5.708775313,5.328411794,4.696239151,3.905496625,4.859578106,4.141613376,4.743400084,5.28652395,6.177789228
8156,5.708775313,5.328411794,4.696239151,3.905496625,4.859578106,4.141613376,4.743400084,5.28652395,6.177789228
8157,5.708775313,5.328411794,4.696239151,3.905496625,4.859578106,4.141613376,4.743400084,5.28652395,6.177789228
8158,5.708775313,5.328411794,4.696239151,3.905496625,4.859578106,4.141613376,4.743400084,5.28652395,6.177789228
8159,5.708775313,5.328411794,4.696239151,3.905496625,4.859578106,4.141613376,4.743400084,5.28652395,6.177789228
8160,5.708775313,5.328411794,4.696239151,3.905496625,4.859578106,4.141613376,4.743400084,5.28652395,6.177789228
8161,5.708775313,5.328411794,4.696239151,3.905496625,4.859578106,4.141613376,4.743400084,5.28652395,6.177789228
8162,5.708775313,5.328411794,4.696239151,3.905496625,4.859578106,4.141613376,4.743400084,5.28652395,6.177789228
8163,5.708775313,5.328411794,4.696239151,3.905496625,4.859578106,4.141613376,4.743400084,5.28652395,6.177789228
8164,5.708775313,5.328411794,4.696239151,3.905496625,4.859578106,4.141613376,4.743400084,5.28652395,6.177789228
8165,5.708775313,5.328411794,4.696239151,3.905496625,4.859578106,4.141613376,4.743400084,5.28652395,6.177789228
8166,5.708775313,5.328411794,4.696239151,3.905496625,4.859578106,4.141613376,4.743400084,5.28652395,6.177789228
8167,5.708775313,5.328411794,4.696239151,3.905496625,4.859578106,4.141613376,4.743400084,5.28652395,6.177789228
8168,5.708775313,5.328411794,4.696239151,3.905496625,4.859578106,4.141613376,4.743400084,5.28652395,6.177789228
8169,5.708775313,5.328411794,4.696239151,3.905496625,4.859578106,4.141613376,4.743400084,5.28652395,6.177789228
8170,5.708775313,5.328411794,4.696239151,3.905496625,4.859578106,4.141613376,4.743400084,5.28652395,6.177789228
8171,5.708775313,5.328411794,4.696239151,3.905496625,4.859578106,4.141613376,4.743400084,5.28652395,6.177789228
8172,5.708775313,5.328411794,4.696239151,3.905496625,4.859578106,4.141613376,4.743400084,5.28652395,6.177789228
8173,5.708775313,5.328411794,4.696239151,3.905496625,4.859578106,4.141613376,4.743400084,5.28652395,6.177789228
8174,5.708775313,5.328411794,4.696239151,3.905496625,4.859578106,4.141613376,4.743400084,5.28652395,6.177789228
8175,5.708775313,5.328411794,4.696239151,3.905496625,4.859578106,4.141613376,4.743400084,5.28652395,6.177789228
8176,5.708775313,5.328411794,4.696239151,3.905496625,4.859578106,4.141613376,4.743400084,5.28652395,6.177789228
8177,5.708775313,5.328411794,4.696239151,3.905496625,4.859578106,4.141613376,4.743400084,5.28652395,6.177789228
8178,5.708775313,5.328411794,4.696239151,3.905496625,4.859578106,4.141613376,4.743400084,5.28652395,6.177789228
8179,5.708775313,5.328411794,4.696239151,3.905496625,4.859578106,4.141613376,4.743400084,5.28652395,6.177789228
8180,5.708775313,5.328411794,4.696239151,3.905496625,4.859578106,4.141613376,4.743400084,5.28652395,6.177789228
8181,5.708775313,5.328411794,4.696239151,3.905496625,4.859578106,4.141613376,4.743400084,5.28652395,6.177789228
8182,5.708775313,5.328411794,4.696239151,3.905496625,4.859578106,4.141613376,4.743400084,5.28652395,6.177789228
8183,5.708775313,5.328411794,4.696239151,3.905496625,4.859578106,4.141613376,4.743400084,5.28652395,6.177789228
8184,5.708775313,5.328411794,4.696239151,3.905496625,4.859578106,4.141613376,4.743400084,5.28652395,6.177789228
8185,5.708775313,5.328411794,4.696239151,3.905496625,4.859578106,4.141613376,4.743400084,5.28652395,6.177789228
8186,5.708775313,5.328411794,4.696239151,3.905496625,4.859578106,4.141613376,4.743400084,5.28652395,6.177789228
8187,5.708775313,5.328411794,4.696239151,3.905496625,4.859578106,4.141613376,4.743400084,5.28652395,6.177789228
8188,5.708775313,5.328411794,4.696239151,3.905496625,4.859578106,4.141613376,4.743400084,5.28652395,6.177789228
8189,5.708775313,5.328411794,4.696239151,3.905496625,4.859578106,4.141613376,4.743400084,5.28652395,6.177789228
8190,5.708775313,5.328411794,4.696239151,3.905496625,4.859578106,4.141613376,4.743400084,5.28652395,6.177789228
8191,5.708775313,5.328411794,4.696239151,3.905496625,4.859578106,4.141613376,4.743400084,5.28652395,6.177789228
8192,5.708775313,5.328411794,4.696239151,3.905496625,4.859578106,4.141613376,4.743400084,5.28652395,6.177789228
8193,5.708775313,5.328411794,4.696239151,3.905496625,4.859578106,4.141613376,4.743400084,5.28652395,6.177789228
8194,5.708775313,5.328411794,4.696239151,3.905496625,4.859578106,4.141613376,4.743400084,5.28652395,6.177789228
8195,5.708775313,5.328411794,4.696239151,3.905496625,4.859578106,4.141613376,4.743400084,5.28652395,6.177789228
8196,5.708775313,5.328411794,4.696239151,3.905496625,4.859578106,4.141613376,4.743400084,5.28652395,6.177789228
8197,5.708775313,5.328411794,4.696239151,3.905496625,4.859578106,4.141613376,4.743400084,5.28652395,6.177789228
8198,5.708775313,5.328411794,4.696239151,3.905496625,4.859578106,4.141613376,4.743400084,5.28652395,6.177789228
8199,5.708775313,5.328411794,4.696239151,3.905496625,4.859578106,4.141613376,4.743400084,5.28652395,6.177789228
8200,5.708775313,5.328411794,4.696239151,3.905496625,4.859578106,4.141613376,4.743400084,5.28652395,6.177789228
8201,5.708775313,5.328411794,4.696239151,3.905496625,4.859578106,4.141613376,4.743400084,5.28652395,6.177789228
8202,5.708775313,5.328411794,4.696239151,3.905496625,4.859578106,4.141613376,4.743400084,5.28652395,6.177789228
8203,5.708775313,5.328411794,4.696239151,3.905496625,4.859578106,4.141613376,4.743400084,5.28652395,6.177789228
8204,5.708775313,5.328411794,4.696239151,3.905496625,4.859578106,4.141613376,4.743400084,5.28652395,6.177789228
8205,5.708775313,5.328411794,4.696239151,3.905496625,4.859578106,4.141613376,4.743400084,5.28652395,6.177789228
8206,5.708775313,5.328411794,4.696239151,3.905496625,4.859578106,4.141613376,4.743400084,5.28652395,6.177789228
8207,5.708775313,5.328411794,4.696239151,3.905496625,4.859578106,4.141613376,4.743400084,5.28652395,6.177789228
8208,5.708775313,5.328411794,4.696239151,3.905496625,4.859578106,4.141613376,4.743400084,5.28652395,6.177789228
8209,5.708775313,5.328411794,4.696239151,3.905496625,4.859578106,4.141613376,4.743400084,5.28652395,6.177789228
8210,5.708775313,5.328411794,4.696239151,3.905496625,4.859578106,4.141613376,4.743400084,5.28652395,6.177789228
8211,5.708775313,5.328411794,4.696239151,3.905496625,4.859578106,4.141613376,4.743400084,5.28652395,6.177789228
8212,5.708775313,5.328411794,4.696239151,3.905496625,4.859578106,4.141613376,4.743400084,5.28652395,6.177789228
8213,5.708775313,5.328411794,4.696239151,3.905496625,4.859578106,4.141613376,4.743400084,5.28652395,6.177789228
8214,5.708775313,5.328411794,4.696239151,3.905496625,4.859578106,4.141613376,4.743400084,5.28652395,6.177789228
8215,5.708775313,5.328411794,4.696239151,3.905496625,4.859578106,4.141613376,4.743400084,5.28652395,6.177789228
8216,5.708775313,5.328411794,4.696239151,3.905496625,4.859578106,4.141613376,4.743400084,5.28652395,6.177789228
8217,5.708775313,5.328411794,4.696239151,3.905496625,4.859578106,4.141613376,4.743400084,5.28652395,6.177789228
8218,5.708775313,5.328411794,4.696239151,3.905496625,4.859578106,4.141613376,4.743400084,5.28652395,6.177789228
8219,5.708775313,5.328411794,4.696239151,3.905496625,4.859578106,4.141613376,4.743400084,5.28652395,6.177789228
8220,5.708775313,5.328411794,4.696239151,3.905496625,4.859578106,4.141613376,4.743400084,5.28652395,6.177789228
8221,5.708775313,5.328411794,4.696239151,3.905496625,4.859578106,4.141613376,4.743400084,5.28652395,6.177789228
8222,5.708775313,5.328411794,4.696239151,3.905496625,4.859578106,4.141613376,4.743400084,5.28652395,6.177789228
8223,5.708775313,5.328411794,4.696239151,3.905496625,4.859578106,4.141613376,4.743400084,5.28652395,6.177789228
8224,5.708775313,5.328411794,4.696239151,3.905496625,4.859578106,4.141613376,4.743400084,5.28652395,6.177789228
8225,5.708775313,5.328411794,4.696239151,3.905496625,4.859578106,4.141613376,4.743400084,5.28652395,6.177789228
8226,5.708775313,5.328411794,4.696239151,3.905496625,4.859578106,4.141613376,4.743400084,5.28652395,6.177789228
8227,5.708775313,5.328411794,4.696239151,3.905496625,4.859578106,4.141613376,4.743400084,5.28652395,6.177789228
8228,5.708775313,5.328411794,4.696239151,3.905496625,4.859578106,4.141613376,4.743400084,5.28652395,6.177789228
8229,5.708775313,5.328411794,4.696239151,3.905496625,4.859578106,4.141613376,4.743400084,5.28652395,6.177789228
8230,5.708775313,5.328411794,4.696239151,3.905496625,4.859578106,4.141613376,4.743400084,5.28652395,6.177789228
8231,5.708775313,5.328411794,4.696239151,3.905496625,4.859578106,4.141613376,4.743400084,5.28652395,6.177789228
8232,5.708775313,5.328411794,4.696239151,3.905496625,4.859578106,4.141613376,4.743400084,5.28652395,6.177789228
8233,5.708775313,5.328411794,4.696239151,3.905496625,4.859578106,4.141613376,4.743400084,5.28652395,6.177789228
8234,5.708775313,5.328411794,4.696239151,3.905496625,4.859578106,4.141613376,4.743400084,5.28652395,6.177789228
8235,5.708775313,5.328411794,4.696239151,3.905496625,4.859578106,4.141613376,4.743400084,5.28652395,6.177789228
8236,5.708775313,5.328411794,4.696239151,3.905496625,4.859578106,4.141613376,4.743400084,5.28652395,6.177789228
8237,5.708775313,5.328411794,4.696239151,3.905496625,4.859578106,4.141613376,4.743400084,5.28652395,6.177789228
8238,5.708775313,5.328411794,4.696239151,3.905496625,4.859578106,4.141613376,4.743400084,5.28652395,6.177789228
8239,5.708775313,5.328411794,4.696239151,3.905496625,4.859578106,4.141613376,4.743400084,5.28652395,6.177789228
8240,5.708775313,5.328411794,4.696239151,3.905496625,4.859578106,4.141613376,4.743400084,5.28652395,6.177789228
8241,5.708775313,5.328411794,4.696239151,3.905496625,4.859578106,4.141613376,4.743400084,5.28652395,6.177789228
8242,5.708775313,5.328411794,4.696239151,3.905496625,4.859578106,4.141613376,4.743400084,5.28652395,6.177789228
8243,5.708775313,5.328411794,4.696239151,3.905496625,4.859578106,4.141613376,4.743400084,5.28652395,6.177789228
8244,5.708775313,5.328411794,4.696239151,3.905496625,4.859578106,4.141613376,4.743400084,5.28652395,6.177789228
8245,5.708775313,5.328411794,4.696239151,3.905496625,4.859578106,4.141613376,4.743400084,5.28652395,6.177789228
8246,5.708775313,5.328411794,4.696239151,3.905496625,4.859578106,4.141613376,4.743400084,5.28652395,6.177789228
8247,5.708775313,5.328411794,4.696239151,3.905496625,4.859578106,4.141613376,4.743400084,5.28652395,6.177789228
8248,5.708775313,5.328411794,4.696239151,3.905496625,4.859578106,4.141613376,4.743400084,5.28652395,6.177789228
8249,5.708775313,5.328411794,4.696239151,3.905496625,4.859578106,4.141613376,4.743400084,5.28652395,6.177789228
8250,5.708775313,5.328411794,4.696239151,3.905496625,4.859578106,4.141613376,4.743400084,5.28652395,6.177789228
8251,5.708775313,5.328411794,4.696239151,3.905496625,4.859578106,4.141613376,4.743400084,5.28652395,6.177789228
8252,5.708775313,5.328411794,4.696239151,3.905496625,4.859578106,4.141613376,4.743400084,5.28652395,6.177789228
8253,5.708775313,5.328411794,4.696239151,3.905496625,4.859578106,4.141613376,4.743400084,5.28652395,6.177789228
8254,5.708775313,5.328411794,4.696239151,3.905496625,4.859578106,4.141613376,4.743400084,5.28652395,6.177789228
8255,5.708775313,5.328411794,4.696239151,3.905496625,4.859578106,4.141613376,4.743400084,5.28652395,6.177789228
8256,5.708775313,5.328411794,4.696239151,3.905496625,4.859578106,4.141613376,4.743400084,5.28652395,6.177789228
8257,5.708775313,5.328411794,4.696239151,3.905496625,4.859578106,4.141613376,4.743400084,5.28652395,6.177789228
8258,5.708775313,5.328411794,4.696239151,3.905496625,4.859578106,4.141613376,4.743400084,5.28652395,6.177789228
8259,5.708775313,5.328411794,4.696239151,3.905496625,4.859578106,4.141613376,4.743400084,5.28652395,6.177789228
8260,5.708775313,5.328411794,4.696239151,3.905496625,4.859578106,4.141613376,4.743400084,5.28652395,6.177789228
8261,5.708775313,5.328411794,4.696239151,3.905496625,4.859578106,4.141613376,4.743400084,5.28652395,6.177789228
8262,5.708775313,5.328411794,4.696239151,3.905496625,4.859578106,4.141613376,4.743400084,5.28652395,6.177789228
8263,5.708775313,5.328411794,4.696239151,3.905496625,4.859578106,4.141613376,4.743400084,5.28652395,6.177789228
8264,5.708775313,5.328411794,4.696239151,3.905496625,4.859578106,4.141613376,4.743400084,5.28652395,6.177789228
8265,5.708775313,5.328411794,4.696239151,3.905496625,4.859578106,4.141613376,4.743400084,5.28652395,6.177789228
8266,5.708775313,5.328411794,4.696239151,3.905496625,4.859578106,4.141613376,4.743400084,5.28652395,6.177789228
8267,5.708775313,5.328411794,4.696239151,3.905496625,4.859578106,4.141613376,4.743400084,5.28652395,6.177789228
8268,5.708775313,5.328411794,4.696239151,3.905496625,4.859578106,4.141613376,4.743400084,5.28652395,6.177789228
8269,5.708775313,5.328411794,4.696239151,3.905496625,4.859578106,4.141613376,4.743400084,5.28652395,6.177789228
8270,5.708775313,5.328411794,4.696239151,3.905496625,4.859578106,4.141613376,4.743400084,5.28652395,6.177789228
8271,5.708775313,5.328411794,4.696239151,3.905496625,4.859578106,4.141613376,4.743400084,5.28652395,6.177789228
8272,5.708775313,5.328411794,4.696239151,3.905496625,4.859578106,4.141613376,4.743400084,5.28652395,6.177789228
8273,5.708775313,5.328411794,4.696239151,3.905496625,4.859578106,4.141613376,4.743400084,5.28652395,6.177789228
8274,5.708775313,5.328411794,4.696239151,3.905496625,4.859578106,4.141613376,4.743400084,5.28652395,6.177789228
8275,5.708775313,5.328411794,4.696239151,3.905496625,4.859578106,4.141613376,4.743400084,5.28652395,6.177789228
8276,5.708775313,5.328411794,4.696239151,3.905496625,4.859578106,4.141613376,4.743400084,5.28652395,6.177789228
8277,5.708775313,5.328411794,4.696239151,3.905496625,4.859578106,4.141613376,4.743400084,5.28652395,6.177789228
8278,5.708775313,5.328411794,4.696239151,3.905496625,4.859578106,4.141613376,4.743400084,5.28652395,6.177789228
8279,5.708775313,5.328411794,4.696239151,3.905496625,4.859578106,4.141613376,4.743400084,5.28652395,6.177789228
8280,5.708775313,5.328411794,4.696239151,3.905496625,4.859578106,4.141613376,4.743400084,5.28652395,6.177789228
8281,5.708775313,5.328411794,4.696239151,3.905496625,4.859578106,4.141613376,4.743400084,5.28652395,6.177789228
8282,5.708775313,5.328411794,4.696239151,3.905496625,4.859578106,4.141613376,4.743400084,5.28652395,6.177789228
8283,5.708775313,5.328411794,4.696239151,3.905496625,4.859578106,4.141613376,4.743400084,5.28652395,6.177789228
8284,5.708775313,5.328411794,4.696239151,3.905496625,4.859578106,4.141613376,4.743400084,5.28652395,6.177789228
8285,5.708775313,5.328411794,4.696239151,3.905496625,4.859578106,4.141613376,4.743400084,5.28652395,6.177789228
8286,5.708775313,5.328411794,4.696239151,3.905496625,4.859578106,4.141613376,4.743400084,5.28652395,6.177789228
8287,5.708775313,5.328411794,4.696239151,3.905496625,4.859578106,4.141613376,4.743400084,5.28652395,6.177789228
8288,5.708775313,5.328411794,4.696239151,3.905496625,4.859578106,4.141613376,4.743400084,5.28652395,6.177789228
8289,5.708775313,5.328411794,4.696239151,3.905496625,4.859578106,4.141613376,4.743400084,5.28652395,6.177789228
8290,5.708775313,5.328411794,4.696239151,3.905496625,4.859578106,4.141613376,4.743400084,5.28652395,6.177789228
8291,5.708775313,5.328411794,4.696239151,3.905496625,4.859578106,4.141613376,4.743400084,5.28652395,6.177789228
8292,5.708775313,5.328411794,4.696239151,3.905496625,4.859578106,4.141613376,4.743400084,5.28652395,6.177789228
8293,5.708775313,5.328411794,4.696239151,3.905496625,4.859578106,4.141613376,4.743400084,5.28652395,6.177789228
8294,5.708775313,5.328411794,4.696239151,3.905496625,4.859578106,4.141613376,4.743400084,5.28652395,6.177789228
8295,5.708775313,5.328411794,4.696239151,3.905496625,4.859578106,4.141613376,4.743400084,5.28652395,6.177789228
8296,5.708775313,5.328411794,4.696239151,3.905496625,4.859578106,4.141613376,4.743400084,5.28652395,6.177789228
8297,5.708775313,5.328411794,4.696239151,3.905496625,4.859578106,4.141613376,4.743400084,5.28652395,6.177789228
8298,5.708775313,5.328411794,4.696239151,3.905496625,4.859578106,4.141613376,4.743400084,5.28652395,6.177789228
8299,5.708775313,5.328411794,4.696239151,3.905496625,4.859578106,4.141613376,4.743400084,5.28652395,6.177789228
8300,5.708775313,5.328411794,4.696239151,3.905496625,4.859578106,4.141613376,4.743400084,5.28652395,6.177789228
8301,5.708775313,5.328411794,4.696239151,3.905496625,4.859578106,4.141613376,4.743400084,5.28652395,6.177789228
8302,5.708775313,5.328411794,4.696239151,3.905496625,4.859578106,4.141613376,4.743400084,5.28652395,6.177789228
8303,5.708775313,5.328411794,4.696239151,3.905496625,4.859578106,4.141613376,4.743400084,5.28652395,6.177789228
8304,5.708775313,5.328411794,4.696239151,3.905496625,4.859578106,4.141613376,4.743400084,5.28652395,6.177789228
8305,5.708775313,5.328411794,4.696239151,3.905496625,4.859578106,4.141613376,4.743400084,5.28652395,6.177789228
8306,5.708775313,5.328411794,4.696239151,3.905496625,4.859578106,4.141613376,4.743400084,5.28652395,6.177789228
8307,5.708775313,5.328411794,4.696239151,3.905496625,4.859578106,4.141613376,4.743400084,5.28652395,6.177789228
8308,5.708775313,5.328411794,4.696239151,3.905496625,4.859578106,4.141613376,4.743400084,5.28652395,6.177789228
8309,5.708775313,5.328411794,4.696239151,3.905496625,4.859578106,4.141613376,4.743400084,5.28652395,6.177789228
8310,5.708775313,5.328411794,4.696239151,3.905496625,4.859578106,4.141613376,4.743400084,5.28652395,6.177789228
8311,5.708775313,5.328411794,4.696239151,3.905496625,4.859578106,4.141613376,4.743400084,5.28652395,6.177789228
8312,5.708775313,5.328411794,4.696239151,3.905496625,4.859578106,4.141613376,4.743400084,5.28652395,6.177789228
8313,5.708775313,5.328411794,4.696239151,3.905496625,4.859578106,4.141613376,4.743400084,5.28652395,6.177789228
8314,5.708775313,5.328411794,4.696239151,3.905496625,4.859578106,4.141613376,4.743400084,5.28652395,6.177789228
8315,5.708775313,5.328411794,4.696239151,3.905496625,4.859578106,4.141613376,4.743400084,5.28652395,6.177789228
8316,5.708775313,5.328411794,4.696239151,3.905496625,4.859578106,4.141613376,4.743400084,5.28652395,6.177789228
8317,5.708775313,5.328411794,4.696239151,3.905496625,4.859578106,4.141613376,4.743400084,5.28652395,6.177789228
8318,5.708775313,5.328411794,4.696239151,3.905496625,4.859578106,4.141613376,4.743400084,5.28652395,6.177789228
8319,5.708775313,5.328411794,4.696239151,3.905496625,4.859578106,4.141613376,4.743400084,5.28652395,6.177789228
8320,5.708775313,5.328411794,4.696239151,3.905496625,4.859578106,4.141613376,4.743400084,5.28652395,6.177789228
8321,5.708775313,5.328411794,4.696239151,3.905496625,4.859578106,4.141613376,4.743400084,5.28652395,6.177789228
8322,5.708775313,5.328411794,4.696239151,3.905496625,4.859578106,4.141613376,4.743400084,5.28652395,6.177789228
8323,5.708775313,5.328411794,4.696239151,3.905496625,4.859578106,4.141613376,4.743400084,5.28652395,6.177789228
8324,5.708775313,5.328411794,4.696239151,3.905496625,4.859578106,4.141613376,4.743400084,5.28652395,6.177789228
8325,5.708775313,5.328411794,4.696239151,3.905496625,4.859578106,4.141613376,4.743400084,5.28652395,6.177789228
8326,5.708775313,5.328411794,4.696239151,3.905496625,4.859578106,4.141613376,4.743400084,5.28652395,6.177789228
8327,5.708775313,5.328411794,4.696239151,3.905496625,4.859578106,4.141613376,4.743400084,5.28652395,6.177789228
8328,5.708775313,5.328411794,4.696239151,3.905496625,4.859578106,4.141613376,4.743400084,5.28652395,6.177789228
8329,5.708775313,5.328411794,4.696239151,3.905496625,4.859578106,4.141613376,4.743400084,5.28652395,6.177789228
8330,5.708775313,5.328411794,4.696239151,3.905496625,4.859578106,4.141613376,4.743400084,5.28652395,6.177789228
8331,5.708775313,5.328411794,4.696239151,3.905496625,4.859578106,4.141613376,4.743400084,5.28652395,6.177789228
8332,5.708775313,5.328411794,4.696239151,3.905496625,4.859578106,4.141613376,4.743400084,5.28652395,6.177789228
8333,5.708775313,5.328411794,4.696239151,3.905496625,4.859578106,4.141613376,4.743400084,5.28652395,6.177789228
8334,5.708775313,5.328411794,4.696239151,3.905496625,4.859578106,4.141613376,4.743400084,5.28652395,6.177789228
8335,5.708775313,5.328411794,4.696239151,3.905496625,4.859578106,4.141613376,4.743400084,5.28652395,6.177789228
8336,5.708775313,5.328411794,4.696239151,3.905496625,4.859578106,4.141613376,4.743400084,5.28652395,6.177789228
8337,5.708775313,5.328411794,4.696239151,3.905496625,4.859578106,4.141613376,4.743400084,5.28652395,6.177789228
8338,5.708775313,5.328411794,4.696239151,3.905496625,4.859578106,4.141613376,4.743400084,5.28652395,6.177789228
8339,5.708775313,5.328411794,4.696239151,3.905496625,4.859578106,4.141613376,4.743400084,5.28652395,6.177789228
8340,5.708775313,5.328411794,4.696239151,3.905496625,4.859578106,4.141613376,4.743400084,5.28652395,6.177789228
8341,5.708775313,5.328411794,4.696239151,3.905496625,4.859578106,4.141613376,4.743400084,5.28652395,6.177789228
8342,5.708775313,5.328411794,4.696239151,3.905496625,4.859578106,4.141613376,4.743400084,5.28652395,6.177789228
8343,5.708775313,5.328411794,4.696239151,3.905496625,4.859578106,4.141613376,4.743400084,5.28652395,6.177789228
8344,5.708775313,5.328411794,4.696239151,3.905496625,4.859578106,4.141613376,4.743400084,5.28652395,6.177789228
8345,5.708775313,5.328411794,4.696239151,3.905496625,4.859578106,4.141613376,4.743400084,5.28652395,6.177789228
8346,5.708775313,5.328411794,4.696239151,3.905496625,4.859578106,4.141613376,4.743400084,5.28652395,6.177789228
8347,5.708775313,5.328411794,4.696239151,3.905496625,4.859578106,4.141613376,4.743400084,5.28652395,6.177789228
8348,5.708775313,5.328411794,4.696239151,3.905496625,4.859578106,4.141613376,4.743400084,5.28652395,6.177789228
8349,5.708775313,5.328411794,4.696239151,3.905496625,4.859578106,4.141613376,4.743400084,5.28652395,6.177789228
8350,5.708775313,5.328411794,4.696239151,3.905496625,4.859578106,4.141613376,4.743400084,5.28652395,6.177789228
8351,5.708775313,5.328411794,4.696239151,3.905496625,4.859578106,4.141613376,4.743400084,5.28652395,6.177789228
8352,5.708775313,5.328411794,4.696239151,3.905496625,4.859578106,4.141613376,4.743400084,5.28652395,6.177789228
8353,5.708775313,5.328411794,4.696239151,3.905496625,4.859578106,4.141613376,4.743400084,5.28652395,6.177789228
8354,5.708775313,5.328411794,4.696239151,3.905496625,4.859578106,4.141613376,4.743400084,5.28652395,6.177789228
8355,5.708775313,5.328411794,4.696239151,3.905496625,4.859578106,4.141613376,4.743400084,5.28652395,6.177789228
8356,5.708775313,5.328411794,4.696239151,3.905496625,4.859578106,4.141613376,4.743400084,5.28652395,6.177789228
8357,5.708775313,5.328411794,4.696239151,3.905496625,4.859578106,4.141613376,4.743400084,5.28652395,6.177789228
8358,5.708775313,5.328411794,4.696239151,3.905496625,4.859578106,4.141613376,4.743400084,5.28652395,6.177789228
8359,5.708775313,5.328411794,4.696239151,3.905496625,4.859578106,4.141613376,4.743400084,5.28652395,6.177789228
8360,5.708775313,5.328411794,4.696239151,3.905496625,4.859578106,4.141613376,4.743400084,5.28652395,6.177789228
8361,5.708775313,5.328411794,4.696239151,3.905496625,4.859578106,4.141613376,4.743400084,5.28652395,6.177789228
8362,5.708775313,5.328411794,4.696239151,3.905496625,4.859578106,4.141613376,4.743400084,5.28652395,6.177789228
8363,5.708775313,5.328411794,4.696239151,3.905496625,4.859578106,4.141613376,4.743400084,5.28652395,6.177789228
8364,5.708775313,5.328411794,4.696239151,3.905496625,4.859578106,4.141613376,4.743400084,5.28652395,6.177789228
8365,5.708775313,5.328411794,4.696239151,3.905496625,4.859578106,4.141613376,4.743400084,5.28652395,6.177789228
8366,5.708775313,5.328411794,4.696239151,3.905496625,4.859578106,4.141613376,4.743400084,5.28652395,6.177789228
8367,5.708775313,5.328411794,4.696239151,3.905496625,4.859578106,4.141613376,4.743400084,5.28652395,6.177789228
8368,5.708775313,5.328411794,4.696239151,3.905496625,4.859578106,4.141613376,4.743400084,5.28652395,6.177789228
8369,5.708775313,5.328411794,4.696239151,3.905496625,4.859578106,4.141613376,4.743400084,5.28652395,6.177789228
8370,5.708775313,5.328411794,4.696239151,3.905496625,4.859578106,4.141613376,4.743400084,5.28652395,6.177789228
8371,5.708775313,5.328411794,4.696239151,3.905496625,4.859578106,4.141613376,4.743400084,5.28652395,6.177789228
8372,5.708775313,5.328411794,4.696239151,3.905496625,4.859578106,4.141613376,4.743400084,5.28652395,6.177789228
8373,5.708775313,5.328411794,4.696239151,3.905496625,4.859578106,4.141613376,4.743400084,5.28652395,6.177789228
8374,5.708775313,5.328411794,4.696239151,3.905496625,4.859578106,4.141613376,4.743400084,5.28652395,6.177789228
8375,5.708775313,5.328411794,4.696239151,3.905496625,4.859578106,4.141613376,4.743400084,5.28652395,6.177789228
8376,5.708775313,5.328411794,4.696239151,3.905496625,4.859578106,4.141613376,4.743400084,5.28652395,6.177789228
8377,5.708775313,5.328411794,4.696239151,3.905496625,4.859578106,4.141613376,4.743400084,5.28652395,6.177789228
8378,5.708775313,5.328411794,4.696239151,3.905496625,4.859578106,4.141613376,4.743400084,5.28652395,6.177789228
8379,5.708775313,5.328411794,4.696239151,3.905496625,4.859578106,4.141613376,4.743400084,5.28652395,6.177789228
8380,5.708775313,5.328411794,4.696239151,3.905496625,4.859578106,4.141613376,4.743400084,5.28652395,6.177789228
8381,5.708775313,5.328411794,4.696239151,3.905496625,4.859578106,4.141613376,4.743400084,5.28652395,6.177789228
8382,5.708775313,5.328411794,4.696239151,3.905496625,4.859578106,4.141613376,4.743400084,5.28652395,6.177789228
8383,5.708775313,5.328411794,4.696239151,3.905496625,4.859578106,4.141613376,4.743400084,5.28652395,6.177789228
8384,5.708775313,5.328411794,4.696239151,3.905496625,4.859578106,4.141613376,4.743400084,5.28652395,6.177789228
8385,5.708775313,5.328411794,4.696239151,3.905496625,4.859578106,4.141613376,4.743400084,5.28652395,6.177789228
8386,5.708775313,5.328411794,4.696239151,3.905496625,4.859578106,4.141613376,4.743400084,5.28652395,6.177789228
8387,5.708775313,5.328411794,4.696239151,3.905496625,4.859578106,4.141613376,4.743400084,5.28652395,6.177789228
8388,5.708775313,5.328411794,4.696239151,3.905496625,4.859578106,4.141613376,4.743400084,5.28652395,6.177789228
8389,5.708775313,5.328411794,4.696239151,3.905496625,4.859578106,4.141613376,4.743400084,5.28652395,6.177789228
8390,5.708775313,5.328411794,4.696239151,3.905496625,4.859578106,4.141613376,4.743400084,5.28652395,6.177789228
8391,5.708775313,5.328411794,4.696239151,3.905496625,4.859578106,4.141613376,4.743400084,5.28652395,6.177789228
8392,5.708775313,5.328411794,4.696239151,3.905496625,4.859578106,4.141613376,4.743400084,5.28652395,6.177789228
8393,5.708775313,5.328411794,4.696239151,3.905496625,4.859578106,4.141613376,4.743400084,5.28652395,6.177789228
8394,5.708775313,5.328411794,4.696239151,3.905496625,4.859578106,4.141613376,4.743400084,5.28652395,6.177789228
8395,5.708775313,5.328411794,4.696239151,3.905496625,4.859578106,4.141613376,4.743400084,5.28652395,6.177789228
8396,5.708775313,5.328411794,4.696239151,3.905496625,4.859578106,4.141613376,4.743400084,5.28652395,6.177789228
8397,5.708775313,5.328411794,4.696239151,3.905496625,4.859578106,4.141613376,4.743400084,5.28652395,6.177789228
8398,5.708775313,5.328411794,4.696239151,3.905496625,4.859578106,4.141613376,4.743400084,5.28652395,6.177789228
8399,5.708775313,5.328411794,4.696239151,3.905496625,4.859578106,4.141613376,4.743400084,5.28652395,6.177789228
8400,5.708775313,5.328411794,4.696239151,3.905496625,4.859578106,4.141613376,4.743400084,5.28652395,6.177789228
8401,5.708775313,5.328411794,4.696239151,3.905496625,4.859578106,4.141613376,4.743400084,5.28652395,6.177789228
8402,5.708775313,5.328411794,4.696239151,3.905496625,4.859578106,4.141613376,4.743400084,5.28652395,6.177789228
8403,5.708775313,5.328411794,4.696239151,3.905496625,4.859578106,4.141613376,4.743400084,5.28652395,6.177789228
8404,5.708775313,5.328411794,4.696239151,3.905496625,4.859578106,4.141613376,4.743400084,5.28652395,6.177789228
8405,5.708775313,5.328411794,4.696239151,3.905496625,4.859578106,4.141613376,4.743400084,5.28652395,6.177789228
8406,5.708775313,5.328411794,4.696239151,3.905496625,4.859578106,4.141613376,4.743400084,5.28652395,6.177789228
8407,5.708775313,5.328411794,4.696239151,3.905496625,4.859578106,4.141613376,4.743400084,5.28652395,6.177789228
8408,5.708775313,5.328411794,4.696239151,3.905496625,4.859578106,4.141613376,4.743400084,5.28652395,6.177789228
8409,5.708775313,5.328411794,4.696239151,3.905496625,4.859578106,4.141613376,4.743400084,5.28652395,6.177789228
8410,5.708775313,5.328411794,4.696239151,3.905496625,4.859578106,4.141613376,4.743400084,5.28652395,6.177789228
8411,5.708775313,5.328411794,4.696239151,3.905496625,4.859578106,4.141613376,4.743400084,5.28652395,6.177789228
8412,5.708775313,5.328411794,4.696239151,3.905496625,4.859578106,4.141613376,4.743400084,5.28652395,6.177789228
8413,5.708775313,5.328411794,4.696239151,3.905496625,4.859578106,4.141613376,4.743400084,5.28652395,6.177789228
8414,5.708775313,5.328411794,4.696239151,3.905496625,4.859578106,4.141613376,4.743400084,5.28652395,6.177789228
8415,5.708775313,5.328411794,4.696239151,3.905496625,4.859578106,4.141613376,4.743400084,5.28652395,6.177789228
8416,5.708775313,5.328411794,4.696239151,3.905496625,4.859578106,4.141613376,4.743400084,5.28652395,6.177789228
8417,5.708775313,5.328411794,4.696239151,3.905496625,4.859578106,4.141613376,4.743400084,5.28652395,6.177789228
8418,5.708775313,5.328411794,4.696239151,3.905496625,4.859578106,4.141613376,4.743400084,5.28652395,6.177789228
8419,5.708775313,5.328411794,4.696239151,3.905496625,4.859578106,4.141613376,4.743400084,5.28652395,6.177789228
8420,5.708775313,5.328411794,4.696239151,3.905496625,4.859578106,4.141613376,4.743400084,5.28652395,6.177789228
8421,5.708775313,5.328411794,4.696239151,3.905496625,4.859578106,4.141613376,4.743400084,5.28652395,6.177789228
8422,5.708775313,5.328411794,4.696239151,3.905496625,4.859578106,4.141613376,4.743400084,5.28652395,6.177789228
8423,5.708775313,5.328411794,4.696239151,3.905496625,4.859578106,4.141613376,4.743400084,5.28652395,6.177789228
8424,5.708775313,5.328411794,4.696239151,3.905496625,4.859578106,4.141613376,4.743400084,5.28652395,6.177789228
8425,5.708775313,5.328411794,4.696239151,3.905496625,4.859578106,4.141613376,4.743400084,5.28652395,6.177789228
8426,5.708775313,5.328411794,4.696239151,3.905496625,4.859578106,4.141613376,4.743400084,5.28652395,6.177789228
8427,5.708775313,5.328411794,4.696239151,3.905496625,4.859578106,4.141613376,4.743400084,5.28652395,6.177789228
8428,5.708775313,5.328411794,4.696239151,3.905496625,4.859578106,4.141613376,4.743400084,5.28652395,6.177789228
8429,5.708775313,5.328411794,4.696239151,3.905496625,4.859578106,4.141613376,4.743400084,5.28652395,6.177789228
8430,5.708775313,5.328411794,4.696239151,3.905496625,4.859578106,4.141613376,4.743400084,5.28652395,6.177789228
8431,5.708775313,5.328411794,4.696239151,3.905496625,4.859578106,4.141613376,4.743400084,5.28652395,6.177789228
8432,5.708775313,5.328411794,4.696239151,3.905496625,4.859578106,4.141613376,4.743400084,5.28652395,6.177789228
8433,5.708775313,5.328411794,4.696239151,3.905496625,4.859578106,4.141613376,4.743400084,5.28652395,6.177789228
8434,5.708775313,5.328411794,4.696239151,3.905496625,4.859578106,4.141613376,4.743400084,5.28652395,6.177789228
8435,5.708775313,5.328411794,4.696239151,3.905496625,4.859578106,4.141613376,4.743400084,5.28652395,6.177789228
8436,5.708775313,5.328411794,4.696239151,3.905496625,4.859578106,4.141613376,4.743400084,5.28652395,6.177789228
8437,5.708775313,5.328411794,4.696239151,3.905496625,4.859578106,4.141613376,4.743400084,5.28652395,6.177789228
8438,5.708775313,5.328411794,4.696239151,3.905496625,4.859578106,4.141613376,4.743400084,5.28652395,6.177789228
8439,5.708775313,5.328411794,4.696239151,3.905496625,4.859578106,4.141613376,4.743400084,5.28652395,6.177789228
8440,5.708775313,5.328411794,4.696239151,3.905496625,4.859578106,4.141613376,4.743400084,5.28652395,6.177789228
8441,5.708775313,5.328411794,4.696239151,3.905496625,4.859578106,4.141613376,4.743400084,5.28652395,6.177789228
8442,5.708775313,5.328411794,4.696239151,3.905496625,4.859578106,4.141613376,4.743400084,5.28652395,6.177789228
8443,5.708775313,5.328411794,4.696239151,3.905496625,4.859578106,4.141613376,4.743400084,5.28652395,6.177789228
8444,5.708775313,5.328411794,4.696239151,3.905496625,4.859578106,4.141613376,4.743400084,5.28652395,6.177789228
8445,5.708775313,5.328411794,4.696239151,3.905496625,4.859578106,4.141613376,4.743400084,5.28652395,6.177789228
8446,5.708775313,5.328411794,4.696239151,3.905496625,4.859578106,4.141613376,4.743400084,5.28652395,6.177789228
8447,5.708775313,5.328411794,4.696239151,3.905496625,4.859578106,4.141613376,4.743400084,5.28652395,6.177789228
8448,5.708775313,5.328411794,4.696239151,3.905496625,4.859578106,4.141613376,4.743400084,5.28652395,6.177789228
8449,5.708775313,5.328411794,4.696239151,3.905496625,4.859578106,4.141613376,4.743400084,5.28652395,6.177789228
8450,5.708775313,5.328411794,4.696239151,3.905496625,4.859578106,4.141613376,4.743400084,5.28652395,6.177789228
8451,5.708775313,5.328411794,4.696239151,3.905496625,4.859578106,4.141613376,4.743400084,5.28652395,6.177789228
8452,5.708775313,5.328411794,4.696239151,3.905496625,4.859578106,4.141613376,4.743400084,5.28652395,6.177789228
8453,5.708775313,5.328411794,4.696239151,3.905496625,4.859578106,4.141613376,4.743400084,5.28652395,6.177789228
8454,5.708775313,5.328411794,4.696239151,3.905496625,4.859578106,4.141613376,4.743400084,5.28652395,6.177789228
8455,5.708775313,5.328411794,4.696239151,3.905496625,4.859578106,4.141613376,4.743400084,5.28652395,6.177789228
8456,5.708775313,5.328411794,4.696239151,3.905496625,4.859578106,4.141613376,4.743400084,5.28652395,6.177789228
8457,5.708775313,5.328411794,4.696239151,3.905496625,4.859578106,4.141613376,4.743400084,5.28652395,6.177789228
8458,5.708775313,5.328411794,4.696239151,3.905496625,4.859578106,4.141613376,4.743400084,5.28652395,6.177789228
8459,5.708775313,5.328411794,4.696239151,3.905496625,4.859578106,4.141613376,4.743400084,5.28652395,6.177789228
8460,5.708775313,5.328411794,4.696239151,3.905496625,4.859578106,4.141613376,4.743400084,5.28652395,6.177789228
8461,5.708775313,5.328411794,4.696239151,3.905496625,4.859578106,4.141613376,4.743400084,5.28652395,6.177789228
8462,5.708775313,5.328411794,4.696239151,3.905496625,4.859578106,4.141613376,4.743400084,5.28652395,6.177789228
8463,5.708775313,5.328411794,4.696239151,3.905496625,4.859578106,4.141613376,4.743400084,5.28652395,6.177789228
8464,5.708775313,5.328411794,4.696239151,3.905496625,4.859578106,4.141613376,4.743400084,5.28652395,6.177789228
8465,5.708775313,5.328411794,4.696239151,3.905496625,4.859578106,4.141613376,4.743400084,5.28652395,6.177789228
8466,5.708775313,5.328411794,4.696239151,3.905496625,4.859578106,4.141613376,4.743400084,5.28652395,6.177789228
8467,5.708775313,5.328411794,4.696239151,3.905496625,4.859578106,4.141613376,4.743400084,5.28652395,6.177789228
8468,5.708775313,5.328411794,4.696239151,3.905496625,4.859578106,4.141613376,4.743400084,5.28652395,6.177789228
8469,5.708775313,5.328411794,4.696239151,3.905496625,4.859578106,4.141613376,4.743400084,5.28652395,6.177789228
8470,5.708775313,5.328411794,4.696239151,3.905496625,4.859578106,4.141613376,4.743400084,5.28652395,6.177789228
8471,5.708775313,5.328411794,4.696239151,3.905496625,4.859578106,4.141613376,4.743400084,5.28652395,6.177789228
8472,5.708775313,5.328411794,4.696239151,3.905496625,4.859578106,4.141613376,4.743400084,5.28652395,6.177789228
8473,5.708775313,5.328411794,4.696239151,3.905496625,4.859578106,4.141613376,4.743400084,5.28652395,6.177789228
8474,5.708775313,5.328411794,4.696239151,3.905496625,4.859578106,4.141613376,4.743400084,5.28652395,6.177789228
8475,5.708775313,5.328411794,4.696239151,3.905496625,4.859578106,4.141613376,4.743400084,5.28652395,6.177789228
8476,5.708775313,5.328411794,4.696239151,3.905496625,4.859578106,4.141613376,4.743400084,5.28652395,6.177789228
8477,5.708775313,5.328411794,4.696239151,3.905496625,4.859578106,4.141613376,4.743400084,5.28652395,6.177789228
8478,5.708775313,5.328411794,4.696239151,3.905496625,4.859578106,4.141613376,4.743400084,5.28652395,6.177789228
8479,5.708775313,5.328411794,4.696239151,3.905496625,4.859578106,4.141613376,4.743400084,5.28652395,6.177789228
8480,5.708775313,5.328411794,4.696239151,3.905496625,4.859578106,4.141613376,4.743400084,5.28652395,6.177789228
8481,5.708775313,5.328411794,4.696239151,3.905496625,4.859578106,4.141613376,4.743400084,5.28652395,6.177789228
8482,5.708775313,5.328411794,4.696239151,3.905496625,4.859578106,4.141613376,4.743400084,5.28652395,6.177789228
8483,5.708775313,5.328411794,4.696239151,3.905496625,4.859578106,4.141613376,4.743400084,5.28652395,6.177789228
8484,5.708775313,5.328411794,4.696239151,3.905496625,4.859578106,4.141613376,4.743400084,5.28652395,6.177789228
8485,5.708775313,5.328411794,4.696239151,3.905496625,4.859578106,4.141613376,4.743400084,5.28652395,6.177789228
8486,5.708775313,5.328411794,4.696239151,3.905496625,4.859578106,4.141613376,4.743400084,5.28652395,6.177789228
8487,5.708775313,5.328411794,4.696239151,3.905496625,4.859578106,4.141613376,4.743400084,5.28652395,6.177789228
8488,5.708775313,5.328411794,4.696239151,3.905496625,4.859578106,4.141613376,4.743400084,5.28652395,6.177789228
8489,5.708775313,5.328411794,4.696239151,3.905496625,4.859578106,4.141613376,4.743400084,5.28652395,6.177789228
8490,5.708775313,5.328411794,4.696239151,3.905496625,4.859578106,4.141613376,4.743400084,5.28652395,6.177789228
8491,5.708775313,5.328411794,4.696239151,3.905496625,4.859578106,4.141613376,4.743400084,5.28652395,6.177789228
8492,5.708775313,5.328411794,4.696239151,3.905496625,4.859578106,4.141613376,4.743400084,5.28652395,6.177789228
8493,5.708775313,5.328411794,4.696239151,3.905496625,4.859578106,4.141613376,4.743400084,5.28652395,6.177789228
8494,5.708775313,5.328411794,4.696239151,3.905496625,4.859578106,4.141613376,4.743400084,5.28652395,6.177789228
8495,5.708775313,5.328411794,4.696239151,3.905496625,4.859578106,4.141613376,4.743400084,5.28652395,6.177789228
8496,5.708775313,5.328411794,4.696239151,3.905496625,4.859578106,4.141613376,4.743400084,5.28652395,6.177789228
8497,5.708775313,5.328411794,4.696239151,3.905496625,4.859578106,4.141613376,4.743400084,5.28652395,6.177789228
8498,5.708775313,5.328411794,4.696239151,3.905496625,4.859578106,4.141613376,4.743400084,5.28652395,6.177789228
8499,5.708775313,5.328411794,4.696239151,3.905496625,4.859578106,4.141613376,4.743400084,5.28652395,6.177789228
8500,5.708775313,5.328411794,4.696239151,3.905496625,4.859578106,4.141613376,4.743400084,5.28652395,6.177789228
8501,5.708775313,5.328411794,4.696239151,3.905496625,4.859578106,4.141613376,4.743400084,5.28652395,6.177789228
8502,5.708775313,5.328411794,4.696239151,3.905496625,4.859578106,4.141613376,4.743400084,5.28652395,6.177789228
8503,5.708775313,5.328411794,4.696239151,3.905496625,4.859578106,4.141613376,4.743400084,5.28652395,6.177789228
8504,5.708775313,5.328411794,4.696239151,3.905496625,4.859578106,4.141613376,4.743400084,5.28652395,6.177789228
8505,5.708775313,5.328411794,4.696239151,3.905496625,4.859578106,4.141613376,4.743400084,5.28652395,6.177789228
8506,5.708775313,5.328411794,4.696239151,3.905496625,4.859578106,4.141613376,4.743400084,5.28652395,6.177789228
8507,5.708775313,5.328411794,4.696239151,3.905496625,4.859578106,4.141613376,4.743400084,5.28652395,6.177789228
8508,5.708775313,5.328411794,4.696239151,3.905496625,4.859578106,4.141613376,4.743400084,5.28652395,6.177789228
8509,5.708775313,5.328411794,4.696239151,3.905496625,4.859578106,4.141613376,4.743400084,5.28652395,6.177789228
8510,5.708775313,5.328411794,4.696239151,3.905496625,4.859578106,4.141613376,4.743400084,5.28652395,6.177789228
8511,5.708775313,5.328411794,4.696239151,3.905496625,4.859578106,4.141613376,4.743400084,5.28652395,6.177789228
8512,5.708775313,5.328411794,4.696239151,3.905496625,4.859578106,4.141613376,4.743400084,5.28652395,6.177789228
8513,5.708775313,5.328411794,4.696239151,3.905496625,4.859578106,4.141613376,4.743400084,5.28652395,6.177789228
8514,5.708775313,5.328411794,4.696239151,3.905496625,4.859578106,4.141613376,4.743400084,5.28652395,6.177789228
8515,5.708775313,5.328411794,4.696239151,3.905496625,4.859578106,4.141613376,4.743400084,5.28652395,6.177789228
8516,5.708775313,5.328411794,4.696239151,3.905496625,4.859578106,4.141613376,4.743400084,5.28652395,6.177789228
8517,5.708775313,5.328411794,4.696239151,3.905496625,4.859578106,4.141613376,4.743400084,5.28652395,6.177789228
8518,5.708775313,5.328411794,4.696239151,3.905496625,4.859578106,4.141613376,4.743400084,5.28652395,6.177789228
8519,5.708775313,5.328411794,4.696239151,3.905496625,4.859578106,4.141613376,4.743400084,5.28652395,6.177789228
8520,5.708775313,5.328411794,4.696239151,3.905496625,4.859578106,4.141613376,4.743400084,5.28652395,6.177789228
8521,5.708775313,5.328411794,4.696239151,3.905496625,4.859578106,4.141613376,4.743400084,5.28652395,6.177789228
8522,5.708775313,5.328411794,4.696239151,3.905496625,4.859578106,4.141613376,4.743400084,5.28652395,6.177789228
8523,5.708775313,5.328411794,4.696239151,3.905496625,4.859578106,4.141613376,4.743400084,5.28652395,6.177789228
8524,5.708775313,5.328411794,4.696239151,3.905496625,4.859578106,4.141613376,4.743400084,5.28652395,6.177789228
8525,5.708775313,5.328411794,4.696239151,3.905496625,4.859578106,4.141613376,4.743400084,5.28652395,6.177789228
8526,5.708775313,5.328411794,4.696239151,3.905496625,4.859578106,4.141613376,4.743400084,5.28652395,6.177789228
8527,5.708775313,5.328411794,4.696239151,3.905496625,4.859578106,4.141613376,4.743400084,5.28652395,6.177789228
8528,5.708775313,5.328411794,4.696239151,3.905496625,4.859578106,4.141613376,4.743400084,5.28652395,6.177789228
8529,5.708775313,5.328411794,4.696239151,3.905496625,4.859578106,4.141613376,4.743400084,5.28652395,6.177789228
8530,5.708775313,5.328411794,4.696239151,3.905496625,4.859578106,4.141613376,4.743400084,5.28652395,6.177789228
8531,5.708775313,5.328411794,4.696239151,3.905496625,4.859578106,4.141613376,4.743400084,5.28652395,6.177789228
8532,5.708775313,5.328411794,4.696239151,3.905496625,4.859578106,4.141613376,4.743400084,5.28652395,6.177789228
8533,5.708775313,5.328411794,4.696239151,3.905496625,4.859578106,4.141613376,4.743400084,5.28652395,6.177789228
8534,5.708775313,5.328411794,4.696239151,3.905496625,4.859578106,4.141613376,4.743400084,5.28652395,6.177789228
8535,5.708775313,5.328411794,4.696239151,3.905496625,4.859578106,4.141613376,4.743400084,5.28652395,6.177789228
8536,5.708775313,5.328411794,4.696239151,3.905496625,4.859578106,4.141613376,4.743400084,5.28652395,6.177789228
8537,5.708775313,5.328411794,4.696239151,3.905496625,4.859578106,4.141613376,4.743400084,5.28652395,6.177789228
8538,5.708775313,5.328411794,4.696239151,3.905496625,4.859578106,4.141613376,4.743400084,5.28652395,6.177789228
8539,5.708775313,5.328411794,4.696239151,3.905496625,4.859578106,4.141613376,4.743400084,5.28652395,6.177789228
8540,5.708775313,5.328411794,4.696239151,3.905496625,4.859578106,4.141613376,4.743400084,5.28652395,6.177789228
8541,5.708775313,5.328411794,4.696239151,3.905496625,4.859578106,4.141613376,4.743400084,5.28652395,6.177789228
8542,5.708775313,5.328411794,4.696239151,3.905496625,4.859578106,4.141613376,4.743400084,5.28652395,6.177789228
8543,5.708775313,5.328411794,4.696239151,3.905496625,4.859578106,4.141613376,4.743400084,5.28652395,6.177789228
8544,5.708775313,5.328411794,4.696239151,3.905496625,4.859578106,4.141613376,4.743400084,5.28652395,6.177789228
8545,5.708775313,5.328411794,4.696239151,3.905496625,4.859578106,4.141613376,4.743400084,5.28652395,6.177789228
8546,5.708775313,5.328411794,4.696239151,3.905496625,4.859578106,4.141613376,4.743400084,5.28652395,6.177789228
8547,5.708775313,5.328411794,4.696239151,3.905496625,4.859578106,4.141613376,4.743400084,5.28652395,6.177789228
8548,5.708775313,5.328411794,4.696239151,3.905496625,4.859578106,4.141613376,4.743400084,5.28652395,6.177789228
8549,5.708775313,5.328411794,4.696239151,3.905496625,4.859578106,4.141613376,4.743400084,5.28652395,6.177789228
8550,5.708775313,5.328411794,4.696239151,3.905496625,4.859578106,4.141613376,4.743400084,5.28652395,6.177789228
8551,5.708775313,5.328411794,4.696239151,3.905496625,4.859578106,4.141613376,4.743400084,5.28652395,6.177789228
8552,5.708775313,5.328411794,4.696239151,3.905496625,4.859578106,4.141613376,4.743400084,5.28652395,6.177789228
8553,5.708775313,5.328411794,4.696239151,3.905496625,4.859578106,4.141613376,4.743400084,5.28652395,6.177789228
8554,5.708775313,5.328411794,4.696239151,3.905496625,4.859578106,4.141613376,4.743400084,5.28652395,6.177789228
8555,5.708775313,5.328411794,4.696239151,3.905496625,4.859578106,4.141613376,4.743400084,5.28652395,6.177789228
8556,5.708775313,5.328411794,4.696239151,3.905496625,4.859578106,4.141613376,4.743400084,5.28652395,6.177789228
8557,5.708775313,5.328411794,4.696239151,3.905496625,4.859578106,4.141613376,4.743400084,5.28652395,6.177789228
8558,5.708775313,5.328411794,4.696239151,3.905496625,4.859578106,4.141613376,4.743400084,5.28652395,6.177789228
8559,5.708775313,5.328411794,4.696239151,3.905496625,4.859578106,4.141613376,4.743400084,5.28652395,6.177789228
8560,5.708775313,5.328411794,4.696239151,3.905496625,4.859578106,4.141613376,4.743400084,5.28652395,6.177789228
8561,5.708775313,5.328411794,4.696239151,3.905496625,4.859578106,4.141613376,4.743400084,5.28652395,6.177789228
8562,5.708775313,5.328411794,4.696239151,3.905496625,4.859578106,4.141613376,4.743400084,5.28652395,6.177789228
8563,5.708775313,5.328411794,4.696239151,3.905496625,4.859578106,4.141613376,4.743400084,5.28652395,6.177789228
8564,5.708775313,5.328411794,4.696239151,3.905496625,4.859578106,4.141613376,4.743400084,5.28652395,6.177789228
8565,5.708775313,5.328411794,4.696239151,3.905496625,4.859578106,4.141613376,4.743400084,5.28652395,6.177789228
8566,5.708775313,5.328411794,4.696239151,3.905496625,4.859578106,4.141613376,4.743400084,5.28652395,6.177789228
8567,5.708775313,5.328411794,4.696239151,3.905496625,4.859578106,4.141613376,4.743400084,5.28652395,6.177789228
8568,5.708775313,5.328411794,4.696239151,3.905496625,4.859578106,4.141613376,4.743400084,5.28652395,6.177789228
8569,5.708775313,5.328411794,4.696239151,3.905496625,4.859578106,4.141613376,4.743400084,5.28652395,6.177789228
8570,5.708775313,5.328411794,4.696239151,3.905496625,4.859578106,4.141613376,4.743400084,5.28652395,6.177789228
8571,5.708775313,5.328411794,4.696239151,3.905496625,4.859578106,4.141613376,4.743400084,5.28652395,6.177789228
8572,5.708775313,5.328411794,4.696239151,3.905496625,4.859578106,4.141613376,4.743400084,5.28652395,6.177789228
8573,5.708775313,5.328411794,4.696239151,3.905496625,4.859578106,4.141613376,4.743400084,5.28652395,6.177789228
8574,5.708775313,5.328411794,4.696239151,3.905496625,4.859578106,4.141613376,4.743400084,5.28652395,6.177789228
8575,5.708775313,5.328411794,4.696239151,3.905496625,4.859578106,4.141613376,4.743400084,5.28652395,6.177789228
8576,5.708775313,5.328411794,4.696239151,3.905496625,4.859578106,4.141613376,4.743400084,5.28652395,6.177789228
8577,5.708775313,5.328411794,4.696239151,3.905496625,4.859578106,4.141613376,4.743400084,5.28652395,6.177789228
8578,5.708775313,5.328411794,4.696239151,3.905496625,4.859578106,4.141613376,4.743400084,5.28652395,6.177789228
8579,5.708775313,5.328411794,4.696239151,3.905496625,4.859578106,4.141613376,4.743400084,5.28652395,6.177789228
8580,5.708775313,5.328411794,4.696239151,3.905496625,4.859578106,4.141613376,4.743400084,5.28652395,6.177789228
8581,5.708775313,5.328411794,4.696239151,3.905496625,4.859578106,4.141613376,4.743400084,5.28652395,6.177789228
8582,5.708775313,5.328411794,4.696239151,3.905496625,4.859578106,4.141613376,4.743400084,5.28652395,6.177789228
8583,5.708775313,5.328411794,4.696239151,3.905496625,4.859578106,4.141613376,4.743400084,5.28652395,6.177789228
8584,5.708775313,5.328411794,4.696239151,3.905496625,4.859578106,4.141613376,4.743400084,5.28652395,6.177789228
8585,5.708775313,5.328411794,4.696239151,3.905496625,4.859578106,4.141613376,4.743400084,5.28652395,6.177789228
8586,5.708775313,5.328411794,4.696239151,3.905496625,4.859578106,4.141613376,4.743400084,5.28652395,6.177789228
8587,5.708775313,5.328411794,4.696239151,3.905496625,4.859578106,4.141613376,4.743400084,5.28652395,6.177789228
8588,5.708775313,5.328411794,4.696239151,3.905496625,4.859578106,4.141613376,4.743400084,5.28652395,6.177789228
8589,5.708775313,5.328411794,4.696239151,3.905496625,4.859578106,4.141613376,4.743400084,5.28652395,6.177789228
8590,5.708775313,5.328411794,4.696239151,3.905496625,4.859578106,4.141613376,4.743400084,5.28652395,6.177789228
8591,5.708775313,5.328411794,4.696239151,3.905496625,4.859578106,4.141613376,4.743400084,5.28652395,6.177789228
8592,5.708775313,5.328411794,4.696239151,3.905496625,4.859578106,4.141613376,4.743400084,5.28652395,6.177789228
8593,5.708775313,5.328411794,4.696239151,3.905496625,4.859578106,4.141613376,4.743400084,5.28652395,6.177789228
8594,5.708775313,5.328411794,4.696239151,3.905496625,4.859578106,4.141613376,4.743400084,5.28652395,6.177789228
8595,5.708775313,5.328411794,4.696239151,3.905496625,4.859578106,4.141613376,4.743400084,5.28652395,6.177789228
8596,5.708775313,5.328411794,4.696239151,3.905496625,4.859578106,4.141613376,4.743400084,5.28652395,6.177789228
8597,5.708775313,5.328411794,4.696239151,3.905496625,4.859578106,4.141613376,4.743400084,5.28652395,6.177789228
8598,5.708775313,5.328411794,4.696239151,3.905496625,4.859578106,4.141613376,4.743400084,5.28652395,6.177789228
8599,5.708775313,5.328411794,4.696239151,3.905496625,4.859578106,4.141613376,4.743400084,5.28652395,6.177789228
8600,5.708775313,5.328411794,4.696239151,3.905496625,4.859578106,4.141613376,4.743400084,5.28652395,6.177789228
8601,5.708775313,5.328411794,4.696239151,3.905496625,4.859578106,4.141613376,4.743400084,5.28652395,6.177789228
8602,5.708775313,5.328411794,4.696239151,3.905496625,4.859578106,4.141613376,4.743400084,5.28652395,6.177789228
8603,5.708775313,5.328411794,4.696239151,3.905496625,4.859578106,4.141613376,4.743400084,5.28652395,6.177789228
8604,5.708775313,5.328411794,4.696239151,3.905496625,4.859578106,4.141613376,4.743400084,5.28652395,6.177789228
8605,5.708775313,5.328411794,4.696239151,3.905496625,4.859578106,4.141613376,4.743400084,5.28652395,6.177789228
8606,5.708775313,5.328411794,4.696239151,3.905496625,4.859578106,4.141613376,4.743400084,5.28652395,6.177789228
8607,5.708775313,5.328411794,4.696239151,3.905496625,4.859578106,4.141613376,4.743400084,5.28652395,6.177789228
8608,5.708775313,5.328411794,4.696239151,3.905496625,4.859578106,4.141613376,4.743400084,5.28652395,6.177789228
8609,5.708775313,5.328411794,4.696239151,3.905496625,4.859578106,4.141613376,4.743400084,5.28652395,6.177789228
8610,5.708775313,5.328411794,4.696239151,3.905496625,4.859578106,4.141613376,4.743400084,5.28652395,6.177789228
8611,5.708775313,5.328411794,4.696239151,3.905496625,4.859578106,4.141613376,4.743400084,5.28652395,6.177789228
8612,5.708775313,5.328411794,4.696239151,3.905496625,4.859578106,4.141613376,4.743400084,5.28652395,6.177789228
8613,5.708775313,5.328411794,4.696239151,3.905496625,4.859578106,4.141613376,4.743400084,5.28652395,6.177789228
8614,5.708775313,5.328411794,4.696239151,3.905496625,4.859578106,4.141613376,4.743400084,5.28652395,6.177789228
8615,5.708775313,5.328411794,4.696239151,3.905496625,4.859578106,4.141613376,4.743400084,5.28652395,6.177789228
8616,5.708775313,5.328411794,4.696239151,3.905496625,4.859578106,4.141613376,4.743400084,5.28652395,6.177789228
8617,5.708775313,5.328411794,4.696239151,3.905496625,4.859578106,4.141613376,4.743400084,5.28652395,6.177789228
8618,5.708775313,5.328411794,4.696239151,3.905496625,4.859578106,4.141613376,4.743400084,5.28652395,6.177789228
8619,5.708775313,5.328411794,4.696239151,3.905496625,4.859578106,4.141613376,4.743400084,5.28652395,6.177789228
8620,5.708775313,5.328411794,4.696239151,3.905496625,4.859578106,4.141613376,4.743400084,5.28652395,6.177789228
8621,5.708775313,5.328411794,4.696239151,3.905496625,4.859578106,4.141613376,4.743400084,5.28652395,6.177789228
8622,5.708775313,5.328411794,4.696239151,3.905496625,4.859578106,4.141613376,4.743400084,5.28652395,6.177789228
8623,5.708775313,5.328411794,4.696239151,3.905496625,4.859578106,4.141613376,4.743400084,5.28652395,6.177789228
8624,5.708775313,5.328411794,4.696239151,3.905496625,4.859578106,4.141613376,4.743400084,5.28652395,6.177789228
8625,5.708775313,5.328411794,4.696239151,3.905496625,4.859578106,4.141613376,4.743400084,5.28652395,6.177789228
8626,5.708775313,5.328411794,4.696239151,3.905496625,4.859578106,4.141613376,4.743400084,5.28652395,6.177789228
8627,5.708775313,5.328411794,4.696239151,3.905496625,4.859578106,4.141613376,4.743400084,5.28652395,6.177789228
8628,5.708775313,5.328411794,4.696239151,3.905496625,4.859578106,4.141613376,4.743400084,5.28652395,6.177789228
8629,5.708775313,5.328411794,4.696239151,3.905496625,4.859578106,4.141613376,4.743400084,5.28652395,6.177789228
8630,5.708775313,5.328411794,4.696239151,3.905496625,4.859578106,4.141613376,4.743400084,5.28652395,6.177789228
8631,5.708775313,5.328411794,4.696239151,3.905496625,4.859578106,4.141613376,4.743400084,5.28652395,6.177789228
8632,5.708775313,5.328411794,4.696239151,3.905496625,4.859578106,4.141613376,4.743400084,5.28652395,6.177789228
8633,5.708775313,5.328411794,4.696239151,3.905496625,4.859578106,4.141613376,4.743400084,5.28652395,6.177789228
8634,5.708775313,5.328411794,4.696239151,3.905496625,4.859578106,4.141613376,4.743400084,5.28652395,6.177789228
8635,5.708775313,5.328411794,4.696239151,3.905496625,4.859578106,4.141613376,4.743400084,5.28652395,6.177789228
8636,5.708775313,5.328411794,4.696239151,3.905496625,4.859578106,4.141613376,4.743400084,5.28652395,6.177789228
8637,5.708775313,5.328411794,4.696239151,3.905496625,4.859578106,4.141613376,4.743400084,5.28652395,6.177789228
8638,5.708775313,5.328411794,4.696239151,3.905496625,4.859578106,4.141613376,4.743400084,5.28652395,6.177789228
8639,5.708775313,5.328411794,4.696239151,3.905496625,4.859578106,4.141613376,4.743400084,5.28652395,6.177789228
8640,5.708775313,5.328411794,4.696239151,3.905496625,4.859578106,4.141613376,4.743400084,5.28652395,6.177789228
8641,5.708775313,5.328411794,4.696239151,3.905496625,4.859578106,4.141613376,4.743400084,5.28652395,6.177789228
8642,5.708775313,5.328411794,4.696239151,3.905496625,4.859578106,4.141613376,4.743400084,5.28652395,6.177789228
8643,5.708775313,5.328411794,4.696239151,3.905496625,4.859578106,4.141613376,4.743400084,5.28652395,6.177789228
8644,5.708775313,5.328411794,4.696239151,3.905496625,4.859578106,4.141613376,4.743400084,5.28652395,6.177789228
8645,5.708775313,5.328411794,4.696239151,3.905496625,4.859578106,4.141613376,4.743400084,5.28652395,6.177789228
8646,5.708775313,5.328411794,4.696239151,3.905496625,4.859578106,4.141613376,4.743400084,5.28652395,6.177789228
8647,5.708775313,5.328411794,4.696239151,3.905496625,4.859578106,4.141613376,4.743400084,5.28652395,6.177789228
8648,5.708775313,5.328411794,4.696239151,3.905496625,4.859578106,4.141613376,4.743400084,5.28652395,6.177789228
8649,5.708775313,5.328411794,4.696239151,3.905496625,4.859578106,4.141613376,4.743400084,5.28652395,6.177789228
8650,5.708775313,5.328411794,4.696239151,3.905496625,4.859578106,4.141613376,4.743400084,5.28652395,6.177789228
8651,5.708775313,5.328411794,4.696239151,3.905496625,4.859578106,4.141613376,4.743400084,5.28652395,6.177789228
8652,5.708775313,5.328411794,4.696239151,3.905496625,4.859578106,4.141613376,4.743400084,5.28652395,6.177789228
8653,5.708775313,5.328411794,4.696239151,3.905496625,4.859578106,4.141613376,4.743400084,5.28652395,6.177789228
8654,5.708775313,5.328411794,4.696239151,3.905496625,4.859578106,4.141613376,4.743400084,5.28652395,6.177789228
8655,5.708775313,5.328411794,4.696239151,3.905496625,4.859578106,4.141613376,4.743400084,5.28652395,6.177789228
8656,5.708775313,5.328411794,4.696239151,3.905496625,4.859578106,4.141613376,4.743400084,5.28652395,6.177789228
8657,5.708775313,5.328411794,4.696239151,3.905496625,4.859578106,4.141613376,4.743400084,5.28652395,6.177789228
8658,5.708775313,5.328411794,4.696239151,3.905496625,4.859578106,4.141613376,4.743400084,5.28652395,6.177789228
8659,5.708775313,5.328411794,4.696239151,3.905496625,4.859578106,4.141613376,4.743400084,5.28652395,6.177789228
8660,5.708775313,5.328411794,4.696239151,3.905496625,4.859578106,4.141613376,4.743400084,5.28652395,6.177789228
8661,5.708775313,5.328411794,4.696239151,3.905496625,4.859578106,4.141613376,4.743400084,5.28652395,6.177789228
8662,5.708775313,5.328411794,4.696239151,3.905496625,4.859578106,4.141613376,4.743400084,5.28652395,6.177789228
8663,5.708775313,5.328411794,4.696239151,3.905496625,4.859578106,4.141613376,4.743400084,5.28652395,6.177789228
8664,5.708775313,5.328411794,4.696239151,3.905496625,4.859578106,4.141613376,4.743400084,5.28652395,6.177789228
8665,5.708775313,5.328411794,4.696239151,3.905496625,4.859578106,4.141613376,4.743400084,5.28652395,6.177789228
8666,5.708775313,5.328411794,4.696239151,3.905496625,4.859578106,4.141613376,4.743400084,5.28652395,6.177789228
8667,5.708775313,5.328411794,4.696239151,3.905496625,4.859578106,4.141613376,4.743400084,5.28652395,6.177789228
8668,5.708775313,5.328411794,4.696239151,3.905496625,4.859578106,4.141613376,4.743400084,5.28652395,6.177789228
8669,5.708775313,5.328411794,4.696239151,3.905496625,4.859578106,4.141613376,4.743400084,5.28652395,6.177789228
8670,5.708775313,5.328411794,4.696239151,3.905496625,4.859578106,4.141613376,4.743400084,5.28652395,6.177789228
8671,5.708775313,5.328411794,4.696239151,3.905496625,4.859578106,4.141613376,4.743400084,5.28652395,6.177789228
8672,5.708775313,5.328411794,4.696239151,3.905496625,4.859578106,4.141613376,4.743400084,5.28652395,6.177789228
8673,5.708775313,5.328411794,4.696239151,3.905496625,4.859578106,4.141613376,4.743400084,5.28652395,6.177789228
8674,5.708775313,5.328411794,4.696239151,3.905496625,4.859578106,4.141613376,4.743400084,5.28652395,6.177789228
8675,5.708775313,5.328411794,4.696239151,3.905496625,4.859578106,4.141613376,4.743400084,5.28652395,6.177789228
8676,5.708775313,5.328411794,4.696239151,3.905496625,4.859578106,4.141613376,4.743400084,5.28652395,6.177789228
8677,5.708775313,5.328411794,4.696239151,3.905496625,4.859578106,4.141613376,4.743400084,5.28652395,6.177789228
8678,5.708775313,5.328411794,4.696239151,3.905496625,4.859578106,4.141613376,4.743400084,5.28652395,6.177789228
8679,5.708775313,5.328411794,4.696239151,3.905496625,4.859578106,4.141613376,4.743400084,5.28652395,6.177789228
8680,5.708775313,5.328411794,4.696239151,3.905496625,4.859578106,4.141613376,4.743400084,5.28652395,6.177789228
8681,5.708775313,5.328411794,4.696239151,3.905496625,4.859578106,4.141613376,4.743400084,5.28652395,6.177789228
8682,5.708775313,5.328411794,4.696239151,3.905496625,4.859578106,4.141613376,4.743400084,5.28652395,6.177789228
8683,5.708775313,5.328411794,4.696239151,3.905496625,4.859578106,4.141613376,4.743400084,5.28652395,6.177789228
8684,5.708775313,5.328411794,4.696239151,3.905496625,4.859578106,4.141613376,4.743400084,5.28652395,6.177789228
8685,5.708775313,5.328411794,4.696239151,3.905496625,4.859578106,4.141613376,4.743400084,5.28652395,6.177789228
8686,5.708775313,5.328411794,4.696239151,3.905496625,4.859578106,4.141613376,4.743400084,5.28652395,6.177789228
8687,5.708775313,5.328411794,4.696239151,3.905496625,4.859578106,4.141613376,4.743400084,5.28652395,6.177789228
8688,5.708775313,5.328411794,4.696239151,3.905496625,4.859578106,4.141613376,4.743400084,5.28652395,6.177789228
8689,5.708775313,5.328411794,4.696239151,3.905496625,4.859578106,4.141613376,4.743400084,5.28652395,6.177789228
8690,5.708775313,5.328411794,4.696239151,3.905496625,4.859578106,4.141613376,4.743400084,5.28652395,6.177789228
8691,5.708775313,5.328411794,4.696239151,3.905496625,4.859578106,4.141613376,4.743400084,5.28652395,6.177789228
8692,5.708775313,5.328411794,4.696239151,3.905496625,4.859578106,4.141613376,4.743400084,5.28652395,6.177789228
8693,5.708775313,5.328411794,4.696239151,3.905496625,4.859578106,4.141613376,4.743400084,5.28652395,6.177789228
8694,5.708775313,5.328411794,4.696239151,3.905496625,4.859578106,4.141613376,4.743400084,5.28652395,6.177789228
8695,5.708775313,5.328411794,4.696239151,3.905496625,4.859578106,4.141613376,4.743400084,5.28652395,6.177789228
8696,5.708775313,5.328411794,4.696239151,3.905496625,4.859578106,4.141613376,4.743400084,5.28652395,6.177789228
8697,5.708775313,5.328411794,4.696239151,3.905496625,4.859578106,4.141613376,4.743400084,5.28652395,6.177789228
8698,5.708775313,5.328411794,4.696239151,3.905496625,4.859578106,4.141613376,4.743400084,5.28652395,6.177789228
8699,5.708775313,5.328411794,4.696239151,3.905496625,4.859578106,4.141613376,4.743400084,5.28652395,6.177789228
8700,5.708775313,5.328411794,4.696239151,3.905496625,4.859578106,4.141613376,4.743400084,5.28652395,6.177789228
8701,5.708775313,5.328411794,4.696239151,3.905496625,4.859578106,4.141613376,4.743400084,5.28652395,6.177789228
8702,5.708775313,5.328411794,4.696239151,3.905496625,4.859578106,4.141613376,4.743400084,5.28652395,6.177789228
8703,5.708775313,5.328411794,4.696239151,3.905496625,4.859578106,4.141613376,4.743400084,5.28652395,6.177789228
8704,5.708775313,5.328411794,4.696239151,3.905496625,4.859578106,4.141613376,4.743400084,5.28652395,6.177789228
8705,5.708775313,5.328411794,4.696239151,3.905496625,4.859578106,4.141613376,4.743400084,5.28652395,6.177789228
8706,5.708775313,5.328411794,4.696239151,3.905496625,4.859578106,4.141613376,4.743400084,5.28652395,6.177789228
8707,5.708775313,5.328411794,4.696239151,3.905496625,4.859578106,4.141613376,4.743400084,5.28652395,6.177789228
8708,5.708775313,5.328411794,4.696239151,3.905496625,4.859578106,4.141613376,4.743400084,5.28652395,6.177789228
8709,5.708775313,5.328411794,4.696239151,3.905496625,4.859578106,4.141613376,4.743400084,5.28652395,6.177789228
8710,5.708775313,5.328411794,4.696239151,3.905496625,4.859578106,4.141613376,4.743400084,5.28652395,6.177789228
8711,5.708775313,5.328411794,4.696239151,3.905496625,4.859578106,4.141613376,4.743400084,5.28652395,6.177789228
8712,5.708775313,5.328411794,4.696239151,3.905496625,4.859578106,4.141613376,4.743400084,5.28652395,6.177789228
8713,5.708775313,5.328411794,4.696239151,3.905496625,4.859578106,4.141613376,4.743400084,5.28652395,6.177789228
8714,5.708775313,5.328411794,4.696239151,3.905496625,4.859578106,4.141613376,4.743400084,5.28652395,6.177789228
8715,5.708775313,5.328411794,4.696239151,3.905496625,4.859578106,4.141613376,4.743400084,5.28652395,6.177789228
8716,5.708775313,5.328411794,4.696239151,3.905496625,4.859578106,4.141613376,4.743400084,5.28652395,6.177789228
8717,5.708775313,5.328411794,4.696239151,3.905496625,4.859578106,4.141613376,4.743400084,5.28652395,6.177789228
8718,5.708775313,5.328411794,4.696239151,3.905496625,4.859578106,4.141613376,4.743400084,5.28652395,6.177789228
8719,5.708775313,5.328411794,4.696239151,3.905496625,4.859578106,4.141613376,4.743400084,5.28652395,6.177789228
8720,5.708775313,5.328411794,4.696239151,3.905496625,4.859578106,4.141613376,4.743400084,5.28652395,6.177789228
8721,5.708775313,5.328411794,4.696239151,3.905496625,4.859578106,4.141613376,4.743400084,5.28652395,6.177789228
8722,5.708775313,5.328411794,4.696239151,3.905496625,4.859578106,4.141613376,4.743400084,5.28652395,6.177789228
8723,5.708775313,5.328411794,4.696239151,3.905496625,4.859578106,4.141613376,4.743400084,5.28652395,6.177789228
8724,5.708775313,5.328411794,4.696239151,3.905496625,4.859578106,4.141613376,4.743400084,5.28652395,6.177789228
8725,5.708775313,5.328411794,4.696239151,3.905496625,4.859578106,4.141613376,4.743400084,5.28652395,6.177789228
8726,5.708775313,5.328411794,4.696239151,3.905496625,4.859578106,4.141613376,4.743400084,5.28652395,6.177789228
8727,5.708775313,5.328411794,4.696239151,3.905496625,4.859578106,4.141613376,4.743400084,5.28652395,6.177789228
8728,5.708775313,5.328411794,4.696239151,3.905496625,4.859578106,4.141613376,4.743400084,5.28652395,6.177789228
8729,5.708775313,5.328411794,4.696239151,3.905496625,4.859578106,4.141613376,4.743400084,5.28652395,6.177789228
8730,5.708775313,5.328411794,4.696239151,3.905496625,4.859578106,4.141613376,4.743400084,5.28652395,6.177789228
8731,5.708775313,5.328411794,4.696239151,3.905496625,4.859578106,4.141613376,4.743400084,5.28652395,6.177789228
8732,5.708775313,5.328411794,4.696239151,3.905496625,4.859578106,4.141613376,4.743400084,5.28652395,6.177789228
8733,5.708775313,5.328411794,4.696239151,3.905496625,4.859578106,4.141613376,4.743400084,5.28652395,6.177789228
8734,5.708775313,5.328411794,4.696239151,3.905496625,4.859578106,4.141613376,4.743400084,5.28652395,6.177789228
8735,5.708775313,5.328411794,4.696239151,3.905496625,4.859578106,4.141613376,4.743400084,5.28652395,6.177789228
8736,5.708775313,5.328411794,4.696239151,3.905496625,4.859578106,4.141613376,4.743400084,5.28652395,6.177789228
8737,5.708775313,5.328411794,4.696239151,3.905496625,4.859578106,4.141613376,4.743400084,5.28652395,6.177789228
8738,5.708775313,5.328411794,4.696239151,3.905496625,4.859578106,4.141613376,4.743400084,5.28652395,6.177789228
8739,5.708775313,5.328411794,4.696239151,3.905496625,4.859578106,4.141613376,4.743400084,5.28652395,6.177789228
8740,5.708775313,5.328411794,4.696239151,3.905496625,4.859578106,4.141613376,4.743400084,5.28652395,6.177789228
8741,5.708775313,5.328411794,4.696239151,3.905496625,4.859578106,4.141613376,4.743400084,5.28652395,6.177789228
8742,5.708775313,5.328411794,4.696239151,3.905496625,4.859578106,4.141613376,4.743400084,5.28652395,6.177789228
8743,5.708775313,5.328411794,4.696239151,3.905496625,4.859578106,4.141613376,4.743400084,5.28652395,6.177789228
8744,5.708775313,5.328411794,4.696239151,3.905496625,4.859578106,4.141613376,4.743400084,5.28652395,6.177789228
8745,5.708775313,5.328411794,4.696239151,3.905496625,4.859578106,4.141613376,4.743400084,5.28652395,6.177789228
8746,5.708775313,5.328411794,4.696239151,3.905496625,4.859578106,4.141613376,4.743400084,5.28652395,6.177789228
8747,5.708775313,5.328411794,4.696239151,3.905496625,4.859578106,4.141613376,4.743400084,5.28652395,6.177789228
8748,5.708775313,5.328411794,4.696239151,3.905496625,4.859578106,4.141613376,4.743400084,5.28652395,6.177789228
8749,5.708775313,5.328411794,4.696239151,3.905496625,4.859578106,4.141613376,4.743400084,5.28652395,6.177789228
8750,5.708775313,5.328411794,4.696239151,3.905496625,4.859578106,4.141613376,4.743400084,5.28652395,6.177789228
8751,5.708775313,5.328411794,4.696239151,3.905496625,4.859578106,4.141613376,4.743400084,5.28652395,6.177789228
8752,5.708775313,5.328411794,4.696239151,3.905496625,4.859578106,4.141613376,4.743400084,5.28652395,6.177789228
8753,5.708775313,5.328411794,4.696239151,3.905496625,4.859578106,4.141613376,4.743400084,5.28652395,6.177789228
8754,5.708775313,5.328411794,4.696239151,3.905496625,4.859578106,4.141613376,4.743400084,5.28652395,6.177789228
8755,5.708775313,5.328411794,4.696239151,3.905496625,4.859578106,4.141613376,4.743400084,5.28652395,6.177789228
8756,5.708775313,5.328411794,4.696239151,3.905496625,4.859578106,4.141613376,4.743400084,5.28652395,6.177789228
8757,5.708775313,5.328411794,4.696239151,3.905496625,4.859578106,4.141613376,4.743400084,5.28652395,6.177789228
8758,5.708775313,5.328411794,4.696239151,3.905496625,4.859578106,4.141613376,4.743400084,5.28652395,6.177789228
8759,5.708775313,5.328411794,4.696239151,3.905496625,4.859578106,4.141613376,4.743400084,5.28652395,6.177789228
8760,5.708775313,5.328411794,4.696239151,3.905496625,4.859578106,4.141613376,4.743400084,5.28652395,6.177789228
