Time_Index,natgas_fossil_CA,natgas_fossil_NW,natgas_fossil_SW,natgas_fossil_TX,natgas_fossil_NCEN,natgas_fossil_CEN,natgas_fossil_SE,natgas_fossil_MIDAT,natgas_fossil_NE,uranium_source,gasoline_fossil_global,jetfuel_fossil_global,diesel_fossil_global,ethane_global,ethane_high
1,30.19746068,27.67247527,23.50966148,16.68537658,20.77994752,19.17624057,22.48601875,21.59886171,25.96640405,2.490863989,69.57358456,70.56310587,92.81027464,22.54439512,1000000000
2,30.19746068,27.67247527,23.50966148,16.68537658,20.77994752,19.17624057,22.48601875,21.59886171,25.96640405,2.490863989,69.57358456,70.56310587,92.81027464,22.54439512,1000000000
3,30.19746068,27.67247527,23.50966148,16.68537658,20.77994752,19.17624057,22.48601875,21.59886171,25.96640405,2.490863989,69.57358456,70.56310587,92.81027464,22.54439512,1000000000
4,30.19746068,27.67247527,23.50966148,16.68537658,20.77994752,19.17624057,22.48601875,21.59886171,25.96640405,2.490863989,69.57358456,70.56310587,92.81027464,22.54439512,1000000000
5,30.19746068,27.67247527,23.50966148,16.68537658,20.77994752,19.17624057,22.48601875,21.59886171,25.96640405,2.490863989,69.57358456,70.56310587,92.81027464,22.54439512,1000000000
6,30.19746068,27.67247527,23.50966148,16.68537658,20.77994752,19.17624057,22.48601875,21.59886171,25.96640405,2.490863989,69.57358456,70.56310587,92.81027464,22.54439512,1000000000
7,30.19746068,27.67247527,23.50966148,16.68537658,20.77994752,19.17624057,22.48601875,21.59886171,25.96640405,2.490863989,69.57358456,70.56310587,92.81027464,22.54439512,1000000000
8,30.19746068,27.67247527,23.50966148,16.68537658,20.77994752,19.17624057,22.48601875,21.59886171,25.96640405,2.490863989,69.57358456,70.56310587,92.81027464,22.54439512,1000000000
9,30.19746068,27.67247527,23.50966148,16.68537658,20.77994752,19.17624057,22.48601875,21.59886171,25.96640405,2.490863989,69.57358456,70.56310587,92.81027464,22.54439512,1000000000
10,30.19746068,27.67247527,23.50966148,16.68537658,20.77994752,19.17624057,22.48601875,21.59886171,25.96640405,2.490863989,69.57358456,70.56310587,92.81027464,22.54439512,1000000000
11,30.19746068,27.67247527,23.50966148,16.68537658,20.77994752,19.17624057,22.48601875,21.59886171,25.96640405,2.490863989,69.57358456,70.56310587,92.81027464,22.54439512,1000000000
12,30.19746068,27.67247527,23.50966148,16.68537658,20.77994752,19.17624057,22.48601875,21.59886171,25.96640405,2.490863989,69.57358456,70.56310587,92.81027464,22.54439512,1000000000
13,30.19746068,27.67247527,23.50966148,16.68537658,20.77994752,19.17624057,22.48601875,21.59886171,25.96640405,2.490863989,69.57358456,70.56310587,92.81027464,22.54439512,1000000000
14,30.19746068,27.67247527,23.50966148,16.68537658,20.77994752,19.17624057,22.48601875,21.59886171,25.96640405,2.490863989,69.57358456,70.56310587,92.81027464,22.54439512,1000000000
15,30.19746068,27.67247527,23.50966148,16.68537658,20.77994752,19.17624057,22.48601875,21.59886171,25.96640405,2.490863989,69.57358456,70.56310587,92.81027464,22.54439512,1000000000
16,30.19746068,27.67247527,23.50966148,16.68537658,20.77994752,19.17624057,22.48601875,21.59886171,25.96640405,2.490863989,69.57358456,70.56310587,92.81027464,22.54439512,1000000000
17,30.19746068,27.67247527,23.50966148,16.68537658,20.77994752,19.17624057,22.48601875,21.59886171,25.96640405,2.490863989,69.57358456,70.56310587,92.81027464,22.54439512,1000000000
18,30.19746068,27.67247527,23.50966148,16.68537658,20.77994752,19.17624057,22.48601875,21.59886171,25.96640405,2.490863989,69.57358456,70.56310587,92.81027464,22.54439512,1000000000
19,30.19746068,27.67247527,23.50966148,16.68537658,20.77994752,19.17624057,22.48601875,21.59886171,25.96640405,2.490863989,69.57358456,70.56310587,92.81027464,22.54439512,1000000000
20,30.19746068,27.67247527,23.50966148,16.68537658,20.77994752,19.17624057,22.48601875,21.59886171,25.96640405,2.490863989,69.57358456,70.56310587,92.81027464,22.54439512,1000000000
21,30.19746068,27.67247527,23.50966148,16.68537658,20.77994752,19.17624057,22.48601875,21.59886171,25.96640405,2.490863989,69.57358456,70.56310587,92.81027464,22.54439512,1000000000
22,30.19746068,27.67247527,23.50966148,16.68537658,20.77994752,19.17624057,22.48601875,21.59886171,25.96640405,2.490863989,69.57358456,70.56310587,92.81027464,22.54439512,1000000000
23,30.19746068,27.67247527,23.50966148,16.68537658,20.77994752,19.17624057,22.48601875,21.59886171,25.96640405,2.490863989,69.57358456,70.56310587,92.81027464,22.54439512,1000000000
24,30.19746068,27.67247527,23.50966148,16.68537658,20.77994752,19.17624057,22.48601875,21.59886171,25.96640405,2.490863989,69.57358456,70.56310587,92.81027464,22.54439512,1000000000
25,30.19746068,27.67247527,23.50966148,16.68537658,20.77994752,19.17624057,22.48601875,21.59886171,25.96640405,2.490863989,69.57358456,70.56310587,92.81027464,22.54439512,1000000000
26,30.19746068,27.67247527,23.50966148,16.68537658,20.77994752,19.17624057,22.48601875,21.59886171,25.96640405,2.490863989,69.57358456,70.56310587,92.81027464,22.54439512,1000000000
27,30.19746068,27.67247527,23.50966148,16.68537658,20.77994752,19.17624057,22.48601875,21.59886171,25.96640405,2.490863989,69.57358456,70.56310587,92.81027464,22.54439512,1000000000
28,30.19746068,27.67247527,23.50966148,16.68537658,20.77994752,19.17624057,22.48601875,21.59886171,25.96640405,2.490863989,69.57358456,70.56310587,92.81027464,22.54439512,1000000000
29,30.19746068,27.67247527,23.50966148,16.68537658,20.77994752,19.17624057,22.48601875,21.59886171,25.96640405,2.490863989,69.57358456,70.56310587,92.81027464,22.54439512,1000000000
30,30.19746068,27.67247527,23.50966148,16.68537658,20.77994752,19.17624057,22.48601875,21.59886171,25.96640405,2.490863989,69.57358456,70.56310587,92.81027464,22.54439512,1000000000
31,30.19746068,27.67247527,23.50966148,16.68537658,20.77994752,19.17624057,22.48601875,21.59886171,25.96640405,2.490863989,69.57358456,70.56310587,92.81027464,22.54439512,1000000000
32,30.19746068,27.67247527,23.50966148,16.68537658,20.77994752,19.17624057,22.48601875,21.59886171,25.96640405,2.490863989,69.57358456,70.56310587,92.81027464,22.54439512,1000000000
33,30.19746068,27.67247527,23.50966148,16.68537658,20.77994752,19.17624057,22.48601875,21.59886171,25.96640405,2.490863989,69.57358456,70.56310587,92.81027464,22.54439512,1000000000
34,30.19746068,27.67247527,23.50966148,16.68537658,20.77994752,19.17624057,22.48601875,21.59886171,25.96640405,2.490863989,69.57358456,70.56310587,92.81027464,22.54439512,1000000000
35,30.19746068,27.67247527,23.50966148,16.68537658,20.77994752,19.17624057,22.48601875,21.59886171,25.96640405,2.490863989,69.57358456,70.56310587,92.81027464,22.54439512,1000000000
36,30.19746068,27.67247527,23.50966148,16.68537658,20.77994752,19.17624057,22.48601875,21.59886171,25.96640405,2.490863989,69.57358456,70.56310587,92.81027464,22.54439512,1000000000
37,30.19746068,27.67247527,23.50966148,16.68537658,20.77994752,19.17624057,22.48601875,21.59886171,25.96640405,2.490863989,69.57358456,70.56310587,92.81027464,22.54439512,1000000000
38,30.19746068,27.67247527,23.50966148,16.68537658,20.77994752,19.17624057,22.48601875,21.59886171,25.96640405,2.490863989,69.57358456,70.56310587,92.81027464,22.54439512,1000000000
39,30.19746068,27.67247527,23.50966148,16.68537658,20.77994752,19.17624057,22.48601875,21.59886171,25.96640405,2.490863989,69.57358456,70.56310587,92.81027464,22.54439512,1000000000
40,30.19746068,27.67247527,23.50966148,16.68537658,20.77994752,19.17624057,22.48601875,21.59886171,25.96640405,2.490863989,69.57358456,70.56310587,92.81027464,22.54439512,1000000000
41,30.19746068,27.67247527,23.50966148,16.68537658,20.77994752,19.17624057,22.48601875,21.59886171,25.96640405,2.490863989,69.57358456,70.56310587,92.81027464,22.54439512,1000000000
42,30.19746068,27.67247527,23.50966148,16.68537658,20.77994752,19.17624057,22.48601875,21.59886171,25.96640405,2.490863989,69.57358456,70.56310587,92.81027464,22.54439512,1000000000
43,30.19746068,27.67247527,23.50966148,16.68537658,20.77994752,19.17624057,22.48601875,21.59886171,25.96640405,2.490863989,69.57358456,70.56310587,92.81027464,22.54439512,1000000000
44,30.19746068,27.67247527,23.50966148,16.68537658,20.77994752,19.17624057,22.48601875,21.59886171,25.96640405,2.490863989,69.57358456,70.56310587,92.81027464,22.54439512,1000000000
45,30.19746068,27.67247527,23.50966148,16.68537658,20.77994752,19.17624057,22.48601875,21.59886171,25.96640405,2.490863989,69.57358456,70.56310587,92.81027464,22.54439512,1000000000
46,30.19746068,27.67247527,23.50966148,16.68537658,20.77994752,19.17624057,22.48601875,21.59886171,25.96640405,2.490863989,69.57358456,70.56310587,92.81027464,22.54439512,1000000000
47,30.19746068,27.67247527,23.50966148,16.68537658,20.77994752,19.17624057,22.48601875,21.59886171,25.96640405,2.490863989,69.57358456,70.56310587,92.81027464,22.54439512,1000000000
48,30.19746068,27.67247527,23.50966148,16.68537658,20.77994752,19.17624057,22.48601875,21.59886171,25.96640405,2.490863989,69.57358456,70.56310587,92.81027464,22.54439512,1000000000
49,30.19746068,27.67247527,23.50966148,16.68537658,20.77994752,19.17624057,22.48601875,21.59886171,25.96640405,2.490863989,69.57358456,70.56310587,92.81027464,22.54439512,1000000000
50,30.19746068,27.67247527,23.50966148,16.68537658,20.77994752,19.17624057,22.48601875,21.59886171,25.96640405,2.490863989,69.57358456,70.56310587,92.81027464,22.54439512,1000000000
51,30.19746068,27.67247527,23.50966148,16.68537658,20.77994752,19.17624057,22.48601875,21.59886171,25.96640405,2.490863989,69.57358456,70.56310587,92.81027464,22.54439512,1000000000
52,30.19746068,27.67247527,23.50966148,16.68537658,20.77994752,19.17624057,22.48601875,21.59886171,25.96640405,2.490863989,69.57358456,70.56310587,92.81027464,22.54439512,1000000000
53,30.19746068,27.67247527,23.50966148,16.68537658,20.77994752,19.17624057,22.48601875,21.59886171,25.96640405,2.490863989,69.57358456,70.56310587,92.81027464,22.54439512,1000000000
54,30.19746068,27.67247527,23.50966148,16.68537658,20.77994752,19.17624057,22.48601875,21.59886171,25.96640405,2.490863989,69.57358456,70.56310587,92.81027464,22.54439512,1000000000
55,30.19746068,27.67247527,23.50966148,16.68537658,20.77994752,19.17624057,22.48601875,21.59886171,25.96640405,2.490863989,69.57358456,70.56310587,92.81027464,22.54439512,1000000000
56,30.19746068,27.67247527,23.50966148,16.68537658,20.77994752,19.17624057,22.48601875,21.59886171,25.96640405,2.490863989,69.57358456,70.56310587,92.81027464,22.54439512,1000000000
57,30.19746068,27.67247527,23.50966148,16.68537658,20.77994752,19.17624057,22.48601875,21.59886171,25.96640405,2.490863989,69.57358456,70.56310587,92.81027464,22.54439512,1000000000
58,30.19746068,27.67247527,23.50966148,16.68537658,20.77994752,19.17624057,22.48601875,21.59886171,25.96640405,2.490863989,69.57358456,70.56310587,92.81027464,22.54439512,1000000000
59,30.19746068,27.67247527,23.50966148,16.68537658,20.77994752,19.17624057,22.48601875,21.59886171,25.96640405,2.490863989,69.57358456,70.56310587,92.81027464,22.54439512,1000000000
60,30.19746068,27.67247527,23.50966148,16.68537658,20.77994752,19.17624057,22.48601875,21.59886171,25.96640405,2.490863989,69.57358456,70.56310587,92.81027464,22.54439512,1000000000
61,30.19746068,27.67247527,23.50966148,16.68537658,20.77994752,19.17624057,22.48601875,21.59886171,25.96640405,2.490863989,69.57358456,70.56310587,92.81027464,22.54439512,1000000000
62,30.19746068,27.67247527,23.50966148,16.68537658,20.77994752,19.17624057,22.48601875,21.59886171,25.96640405,2.490863989,69.57358456,70.56310587,92.81027464,22.54439512,1000000000
63,30.19746068,27.67247527,23.50966148,16.68537658,20.77994752,19.17624057,22.48601875,21.59886171,25.96640405,2.490863989,69.57358456,70.56310587,92.81027464,22.54439512,1000000000
64,30.19746068,27.67247527,23.50966148,16.68537658,20.77994752,19.17624057,22.48601875,21.59886171,25.96640405,2.490863989,69.57358456,70.56310587,92.81027464,22.54439512,1000000000
65,30.19746068,27.67247527,23.50966148,16.68537658,20.77994752,19.17624057,22.48601875,21.59886171,25.96640405,2.490863989,69.57358456,70.56310587,92.81027464,22.54439512,1000000000
66,30.19746068,27.67247527,23.50966148,16.68537658,20.77994752,19.17624057,22.48601875,21.59886171,25.96640405,2.490863989,69.57358456,70.56310587,92.81027464,22.54439512,1000000000
67,30.19746068,27.67247527,23.50966148,16.68537658,20.77994752,19.17624057,22.48601875,21.59886171,25.96640405,2.490863989,69.57358456,70.56310587,92.81027464,22.54439512,1000000000
68,30.19746068,27.67247527,23.50966148,16.68537658,20.77994752,19.17624057,22.48601875,21.59886171,25.96640405,2.490863989,69.57358456,70.56310587,92.81027464,22.54439512,1000000000
69,30.19746068,27.67247527,23.50966148,16.68537658,20.77994752,19.17624057,22.48601875,21.59886171,25.96640405,2.490863989,69.57358456,70.56310587,92.81027464,22.54439512,1000000000
70,30.19746068,27.67247527,23.50966148,16.68537658,20.77994752,19.17624057,22.48601875,21.59886171,25.96640405,2.490863989,69.57358456,70.56310587,92.81027464,22.54439512,1000000000
71,30.19746068,27.67247527,23.50966148,16.68537658,20.77994752,19.17624057,22.48601875,21.59886171,25.96640405,2.490863989,69.57358456,70.56310587,92.81027464,22.54439512,1000000000
72,30.19746068,27.67247527,23.50966148,16.68537658,20.77994752,19.17624057,22.48601875,21.59886171,25.96640405,2.490863989,69.57358456,70.56310587,92.81027464,22.54439512,1000000000
73,30.19746068,27.67247527,23.50966148,16.68537658,20.77994752,19.17624057,22.48601875,21.59886171,25.96640405,2.490863989,69.57358456,70.56310587,92.81027464,22.54439512,1000000000
74,30.19746068,27.67247527,23.50966148,16.68537658,20.77994752,19.17624057,22.48601875,21.59886171,25.96640405,2.490863989,69.57358456,70.56310587,92.81027464,22.54439512,1000000000
75,30.19746068,27.67247527,23.50966148,16.68537658,20.77994752,19.17624057,22.48601875,21.59886171,25.96640405,2.490863989,69.57358456,70.56310587,92.81027464,22.54439512,1000000000
76,30.19746068,27.67247527,23.50966148,16.68537658,20.77994752,19.17624057,22.48601875,21.59886171,25.96640405,2.490863989,69.57358456,70.56310587,92.81027464,22.54439512,1000000000
77,30.19746068,27.67247527,23.50966148,16.68537658,20.77994752,19.17624057,22.48601875,21.59886171,25.96640405,2.490863989,69.57358456,70.56310587,92.81027464,22.54439512,1000000000
78,30.19746068,27.67247527,23.50966148,16.68537658,20.77994752,19.17624057,22.48601875,21.59886171,25.96640405,2.490863989,69.57358456,70.56310587,92.81027464,22.54439512,1000000000
79,30.19746068,27.67247527,23.50966148,16.68537658,20.77994752,19.17624057,22.48601875,21.59886171,25.96640405,2.490863989,69.57358456,70.56310587,92.81027464,22.54439512,1000000000
80,30.19746068,27.67247527,23.50966148,16.68537658,20.77994752,19.17624057,22.48601875,21.59886171,25.96640405,2.490863989,69.57358456,70.56310587,92.81027464,22.54439512,1000000000
81,30.19746068,27.67247527,23.50966148,16.68537658,20.77994752,19.17624057,22.48601875,21.59886171,25.96640405,2.490863989,69.57358456,70.56310587,92.81027464,22.54439512,1000000000
82,30.19746068,27.67247527,23.50966148,16.68537658,20.77994752,19.17624057,22.48601875,21.59886171,25.96640405,2.490863989,69.57358456,70.56310587,92.81027464,22.54439512,1000000000
83,30.19746068,27.67247527,23.50966148,16.68537658,20.77994752,19.17624057,22.48601875,21.59886171,25.96640405,2.490863989,69.57358456,70.56310587,92.81027464,22.54439512,1000000000
84,30.19746068,27.67247527,23.50966148,16.68537658,20.77994752,19.17624057,22.48601875,21.59886171,25.96640405,2.490863989,69.57358456,70.56310587,92.81027464,22.54439512,1000000000
85,30.19746068,27.67247527,23.50966148,16.68537658,20.77994752,19.17624057,22.48601875,21.59886171,25.96640405,2.490863989,69.57358456,70.56310587,92.81027464,22.54439512,1000000000
86,30.19746068,27.67247527,23.50966148,16.68537658,20.77994752,19.17624057,22.48601875,21.59886171,25.96640405,2.490863989,69.57358456,70.56310587,92.81027464,22.54439512,1000000000
87,30.19746068,27.67247527,23.50966148,16.68537658,20.77994752,19.17624057,22.48601875,21.59886171,25.96640405,2.490863989,69.57358456,70.56310587,92.81027464,22.54439512,1000000000
88,30.19746068,27.67247527,23.50966148,16.68537658,20.77994752,19.17624057,22.48601875,21.59886171,25.96640405,2.490863989,69.57358456,70.56310587,92.81027464,22.54439512,1000000000
89,30.19746068,27.67247527,23.50966148,16.68537658,20.77994752,19.17624057,22.48601875,21.59886171,25.96640405,2.490863989,69.57358456,70.56310587,92.81027464,22.54439512,1000000000
90,30.19746068,27.67247527,23.50966148,16.68537658,20.77994752,19.17624057,22.48601875,21.59886171,25.96640405,2.490863989,69.57358456,70.56310587,92.81027464,22.54439512,1000000000
91,30.19746068,27.67247527,23.50966148,16.68537658,20.77994752,19.17624057,22.48601875,21.59886171,25.96640405,2.490863989,69.57358456,70.56310587,92.81027464,22.54439512,1000000000
92,30.19746068,27.67247527,23.50966148,16.68537658,20.77994752,19.17624057,22.48601875,21.59886171,25.96640405,2.490863989,69.57358456,70.56310587,92.81027464,22.54439512,1000000000
93,30.19746068,27.67247527,23.50966148,16.68537658,20.77994752,19.17624057,22.48601875,21.59886171,25.96640405,2.490863989,69.57358456,70.56310587,92.81027464,22.54439512,1000000000
94,30.19746068,27.67247527,23.50966148,16.68537658,20.77994752,19.17624057,22.48601875,21.59886171,25.96640405,2.490863989,69.57358456,70.56310587,92.81027464,22.54439512,1000000000
95,30.19746068,27.67247527,23.50966148,16.68537658,20.77994752,19.17624057,22.48601875,21.59886171,25.96640405,2.490863989,69.57358456,70.56310587,92.81027464,22.54439512,1000000000
96,30.19746068,27.67247527,23.50966148,16.68537658,20.77994752,19.17624057,22.48601875,21.59886171,25.96640405,2.490863989,69.57358456,70.56310587,92.81027464,22.54439512,1000000000
97,30.19746068,27.67247527,23.50966148,16.68537658,20.77994752,19.17624057,22.48601875,21.59886171,25.96640405,2.490863989,69.57358456,70.56310587,92.81027464,22.54439512,1000000000
98,30.19746068,27.67247527,23.50966148,16.68537658,20.77994752,19.17624057,22.48601875,21.59886171,25.96640405,2.490863989,69.57358456,70.56310587,92.81027464,22.54439512,1000000000
99,30.19746068,27.67247527,23.50966148,16.68537658,20.77994752,19.17624057,22.48601875,21.59886171,25.96640405,2.490863989,69.57358456,70.56310587,92.81027464,22.54439512,1000000000
100,30.19746068,27.67247527,23.50966148,16.68537658,20.77994752,19.17624057,22.48601875,21.59886171,25.96640405,2.490863989,69.57358456,70.56310587,92.81027464,22.54439512,1000000000
101,30.19746068,27.67247527,23.50966148,16.68537658,20.77994752,19.17624057,22.48601875,21.59886171,25.96640405,2.490863989,69.57358456,70.56310587,92.81027464,22.54439512,1000000000
102,30.19746068,27.67247527,23.50966148,16.68537658,20.77994752,19.17624057,22.48601875,21.59886171,25.96640405,2.490863989,69.57358456,70.56310587,92.81027464,22.54439512,1000000000
103,30.19746068,27.67247527,23.50966148,16.68537658,20.77994752,19.17624057,22.48601875,21.59886171,25.96640405,2.490863989,69.57358456,70.56310587,92.81027464,22.54439512,1000000000
104,30.19746068,27.67247527,23.50966148,16.68537658,20.77994752,19.17624057,22.48601875,21.59886171,25.96640405,2.490863989,69.57358456,70.56310587,92.81027464,22.54439512,1000000000
105,30.19746068,27.67247527,23.50966148,16.68537658,20.77994752,19.17624057,22.48601875,21.59886171,25.96640405,2.490863989,69.57358456,70.56310587,92.81027464,22.54439512,1000000000
106,30.19746068,27.67247527,23.50966148,16.68537658,20.77994752,19.17624057,22.48601875,21.59886171,25.96640405,2.490863989,69.57358456,70.56310587,92.81027464,22.54439512,1000000000
107,30.19746068,27.67247527,23.50966148,16.68537658,20.77994752,19.17624057,22.48601875,21.59886171,25.96640405,2.490863989,69.57358456,70.56310587,92.81027464,22.54439512,1000000000
108,30.19746068,27.67247527,23.50966148,16.68537658,20.77994752,19.17624057,22.48601875,21.59886171,25.96640405,2.490863989,69.57358456,70.56310587,92.81027464,22.54439512,1000000000
109,30.19746068,27.67247527,23.50966148,16.68537658,20.77994752,19.17624057,22.48601875,21.59886171,25.96640405,2.490863989,69.57358456,70.56310587,92.81027464,22.54439512,1000000000
110,30.19746068,27.67247527,23.50966148,16.68537658,20.77994752,19.17624057,22.48601875,21.59886171,25.96640405,2.490863989,69.57358456,70.56310587,92.81027464,22.54439512,1000000000
111,30.19746068,27.67247527,23.50966148,16.68537658,20.77994752,19.17624057,22.48601875,21.59886171,25.96640405,2.490863989,69.57358456,70.56310587,92.81027464,22.54439512,1000000000
112,30.19746068,27.67247527,23.50966148,16.68537658,20.77994752,19.17624057,22.48601875,21.59886171,25.96640405,2.490863989,69.57358456,70.56310587,92.81027464,22.54439512,1000000000
113,30.19746068,27.67247527,23.50966148,16.68537658,20.77994752,19.17624057,22.48601875,21.59886171,25.96640405,2.490863989,69.57358456,70.56310587,92.81027464,22.54439512,1000000000
114,30.19746068,27.67247527,23.50966148,16.68537658,20.77994752,19.17624057,22.48601875,21.59886171,25.96640405,2.490863989,69.57358456,70.56310587,92.81027464,22.54439512,1000000000
115,30.19746068,27.67247527,23.50966148,16.68537658,20.77994752,19.17624057,22.48601875,21.59886171,25.96640405,2.490863989,69.57358456,70.56310587,92.81027464,22.54439512,1000000000
116,30.19746068,27.67247527,23.50966148,16.68537658,20.77994752,19.17624057,22.48601875,21.59886171,25.96640405,2.490863989,69.57358456,70.56310587,92.81027464,22.54439512,1000000000
117,30.19746068,27.67247527,23.50966148,16.68537658,20.77994752,19.17624057,22.48601875,21.59886171,25.96640405,2.490863989,69.57358456,70.56310587,92.81027464,22.54439512,1000000000
118,30.19746068,27.67247527,23.50966148,16.68537658,20.77994752,19.17624057,22.48601875,21.59886171,25.96640405,2.490863989,69.57358456,70.56310587,92.81027464,22.54439512,1000000000
119,30.19746068,27.67247527,23.50966148,16.68537658,20.77994752,19.17624057,22.48601875,21.59886171,25.96640405,2.490863989,69.57358456,70.56310587,92.81027464,22.54439512,1000000000
120,30.19746068,27.67247527,23.50966148,16.68537658,20.77994752,19.17624057,22.48601875,21.59886171,25.96640405,2.490863989,69.57358456,70.56310587,92.81027464,22.54439512,1000000000
121,30.19746068,27.67247527,23.50966148,16.68537658,20.77994752,19.17624057,22.48601875,21.59886171,25.96640405,2.490863989,69.57358456,70.56310587,92.81027464,22.54439512,1000000000
122,30.19746068,27.67247527,23.50966148,16.68537658,20.77994752,19.17624057,22.48601875,21.59886171,25.96640405,2.490863989,69.57358456,70.56310587,92.81027464,22.54439512,1000000000
123,30.19746068,27.67247527,23.50966148,16.68537658,20.77994752,19.17624057,22.48601875,21.59886171,25.96640405,2.490863989,69.57358456,70.56310587,92.81027464,22.54439512,1000000000
124,30.19746068,27.67247527,23.50966148,16.68537658,20.77994752,19.17624057,22.48601875,21.59886171,25.96640405,2.490863989,69.57358456,70.56310587,92.81027464,22.54439512,1000000000
125,30.19746068,27.67247527,23.50966148,16.68537658,20.77994752,19.17624057,22.48601875,21.59886171,25.96640405,2.490863989,69.57358456,70.56310587,92.81027464,22.54439512,1000000000
126,30.19746068,27.67247527,23.50966148,16.68537658,20.77994752,19.17624057,22.48601875,21.59886171,25.96640405,2.490863989,69.57358456,70.56310587,92.81027464,22.54439512,1000000000
127,30.19746068,27.67247527,23.50966148,16.68537658,20.77994752,19.17624057,22.48601875,21.59886171,25.96640405,2.490863989,69.57358456,70.56310587,92.81027464,22.54439512,1000000000
128,30.19746068,27.67247527,23.50966148,16.68537658,20.77994752,19.17624057,22.48601875,21.59886171,25.96640405,2.490863989,69.57358456,70.56310587,92.81027464,22.54439512,1000000000
129,30.19746068,27.67247527,23.50966148,16.68537658,20.77994752,19.17624057,22.48601875,21.59886171,25.96640405,2.490863989,69.57358456,70.56310587,92.81027464,22.54439512,1000000000
130,30.19746068,27.67247527,23.50966148,16.68537658,20.77994752,19.17624057,22.48601875,21.59886171,25.96640405,2.490863989,69.57358456,70.56310587,92.81027464,22.54439512,1000000000
131,30.19746068,27.67247527,23.50966148,16.68537658,20.77994752,19.17624057,22.48601875,21.59886171,25.96640405,2.490863989,69.57358456,70.56310587,92.81027464,22.54439512,1000000000
132,30.19746068,27.67247527,23.50966148,16.68537658,20.77994752,19.17624057,22.48601875,21.59886171,25.96640405,2.490863989,69.57358456,70.56310587,92.81027464,22.54439512,1000000000
133,30.19746068,27.67247527,23.50966148,16.68537658,20.77994752,19.17624057,22.48601875,21.59886171,25.96640405,2.490863989,69.57358456,70.56310587,92.81027464,22.54439512,1000000000
134,30.19746068,27.67247527,23.50966148,16.68537658,20.77994752,19.17624057,22.48601875,21.59886171,25.96640405,2.490863989,69.57358456,70.56310587,92.81027464,22.54439512,1000000000
135,30.19746068,27.67247527,23.50966148,16.68537658,20.77994752,19.17624057,22.48601875,21.59886171,25.96640405,2.490863989,69.57358456,70.56310587,92.81027464,22.54439512,1000000000
136,30.19746068,27.67247527,23.50966148,16.68537658,20.77994752,19.17624057,22.48601875,21.59886171,25.96640405,2.490863989,69.57358456,70.56310587,92.81027464,22.54439512,1000000000
137,30.19746068,27.67247527,23.50966148,16.68537658,20.77994752,19.17624057,22.48601875,21.59886171,25.96640405,2.490863989,69.57358456,70.56310587,92.81027464,22.54439512,1000000000
138,30.19746068,27.67247527,23.50966148,16.68537658,20.77994752,19.17624057,22.48601875,21.59886171,25.96640405,2.490863989,69.57358456,70.56310587,92.81027464,22.54439512,1000000000
139,30.19746068,27.67247527,23.50966148,16.68537658,20.77994752,19.17624057,22.48601875,21.59886171,25.96640405,2.490863989,69.57358456,70.56310587,92.81027464,22.54439512,1000000000
140,30.19746068,27.67247527,23.50966148,16.68537658,20.77994752,19.17624057,22.48601875,21.59886171,25.96640405,2.490863989,69.57358456,70.56310587,92.81027464,22.54439512,1000000000
141,30.19746068,27.67247527,23.50966148,16.68537658,20.77994752,19.17624057,22.48601875,21.59886171,25.96640405,2.490863989,69.57358456,70.56310587,92.81027464,22.54439512,1000000000
142,30.19746068,27.67247527,23.50966148,16.68537658,20.77994752,19.17624057,22.48601875,21.59886171,25.96640405,2.490863989,69.57358456,70.56310587,92.81027464,22.54439512,1000000000
143,30.19746068,27.67247527,23.50966148,16.68537658,20.77994752,19.17624057,22.48601875,21.59886171,25.96640405,2.490863989,69.57358456,70.56310587,92.81027464,22.54439512,1000000000
144,30.19746068,27.67247527,23.50966148,16.68537658,20.77994752,19.17624057,22.48601875,21.59886171,25.96640405,2.490863989,69.57358456,70.56310587,92.81027464,22.54439512,1000000000
145,30.19746068,27.67247527,23.50966148,16.68537658,20.77994752,19.17624057,22.48601875,21.59886171,25.96640405,2.490863989,69.57358456,70.56310587,92.81027464,22.54439512,1000000000
146,30.19746068,27.67247527,23.50966148,16.68537658,20.77994752,19.17624057,22.48601875,21.59886171,25.96640405,2.490863989,69.57358456,70.56310587,92.81027464,22.54439512,1000000000
147,30.19746068,27.67247527,23.50966148,16.68537658,20.77994752,19.17624057,22.48601875,21.59886171,25.96640405,2.490863989,69.57358456,70.56310587,92.81027464,22.54439512,1000000000
148,30.19746068,27.67247527,23.50966148,16.68537658,20.77994752,19.17624057,22.48601875,21.59886171,25.96640405,2.490863989,69.57358456,70.56310587,92.81027464,22.54439512,1000000000
149,30.19746068,27.67247527,23.50966148,16.68537658,20.77994752,19.17624057,22.48601875,21.59886171,25.96640405,2.490863989,69.57358456,70.56310587,92.81027464,22.54439512,1000000000
150,30.19746068,27.67247527,23.50966148,16.68537658,20.77994752,19.17624057,22.48601875,21.59886171,25.96640405,2.490863989,69.57358456,70.56310587,92.81027464,22.54439512,1000000000
151,30.19746068,27.67247527,23.50966148,16.68537658,20.77994752,19.17624057,22.48601875,21.59886171,25.96640405,2.490863989,69.57358456,70.56310587,92.81027464,22.54439512,1000000000
152,30.19746068,27.67247527,23.50966148,16.68537658,20.77994752,19.17624057,22.48601875,21.59886171,25.96640405,2.490863989,69.57358456,70.56310587,92.81027464,22.54439512,1000000000
153,30.19746068,27.67247527,23.50966148,16.68537658,20.77994752,19.17624057,22.48601875,21.59886171,25.96640405,2.490863989,69.57358456,70.56310587,92.81027464,22.54439512,1000000000
154,30.19746068,27.67247527,23.50966148,16.68537658,20.77994752,19.17624057,22.48601875,21.59886171,25.96640405,2.490863989,69.57358456,70.56310587,92.81027464,22.54439512,1000000000
155,30.19746068,27.67247527,23.50966148,16.68537658,20.77994752,19.17624057,22.48601875,21.59886171,25.96640405,2.490863989,69.57358456,70.56310587,92.81027464,22.54439512,1000000000
156,30.19746068,27.67247527,23.50966148,16.68537658,20.77994752,19.17624057,22.48601875,21.59886171,25.96640405,2.490863989,69.57358456,70.56310587,92.81027464,22.54439512,1000000000
157,30.19746068,27.67247527,23.50966148,16.68537658,20.77994752,19.17624057,22.48601875,21.59886171,25.96640405,2.490863989,69.57358456,70.56310587,92.81027464,22.54439512,1000000000
158,30.19746068,27.67247527,23.50966148,16.68537658,20.77994752,19.17624057,22.48601875,21.59886171,25.96640405,2.490863989,69.57358456,70.56310587,92.81027464,22.54439512,1000000000
159,30.19746068,27.67247527,23.50966148,16.68537658,20.77994752,19.17624057,22.48601875,21.59886171,25.96640405,2.490863989,69.57358456,70.56310587,92.81027464,22.54439512,1000000000
160,30.19746068,27.67247527,23.50966148,16.68537658,20.77994752,19.17624057,22.48601875,21.59886171,25.96640405,2.490863989,69.57358456,70.56310587,92.81027464,22.54439512,1000000000
161,30.19746068,27.67247527,23.50966148,16.68537658,20.77994752,19.17624057,22.48601875,21.59886171,25.96640405,2.490863989,69.57358456,70.56310587,92.81027464,22.54439512,1000000000
162,30.19746068,27.67247527,23.50966148,16.68537658,20.77994752,19.17624057,22.48601875,21.59886171,25.96640405,2.490863989,69.57358456,70.56310587,92.81027464,22.54439512,1000000000
163,30.19746068,27.67247527,23.50966148,16.68537658,20.77994752,19.17624057,22.48601875,21.59886171,25.96640405,2.490863989,69.57358456,70.56310587,92.81027464,22.54439512,1000000000
164,30.19746068,27.67247527,23.50966148,16.68537658,20.77994752,19.17624057,22.48601875,21.59886171,25.96640405,2.490863989,69.57358456,70.56310587,92.81027464,22.54439512,1000000000
165,30.19746068,27.67247527,23.50966148,16.68537658,20.77994752,19.17624057,22.48601875,21.59886171,25.96640405,2.490863989,69.57358456,70.56310587,92.81027464,22.54439512,1000000000
166,30.19746068,27.67247527,23.50966148,16.68537658,20.77994752,19.17624057,22.48601875,21.59886171,25.96640405,2.490863989,69.57358456,70.56310587,92.81027464,22.54439512,1000000000
167,30.19746068,27.67247527,23.50966148,16.68537658,20.77994752,19.17624057,22.48601875,21.59886171,25.96640405,2.490863989,69.57358456,70.56310587,92.81027464,22.54439512,1000000000
168,30.19746068,27.67247527,23.50966148,16.68537658,20.77994752,19.17624057,22.48601875,21.59886171,25.96640405,2.490863989,69.57358456,70.56310587,92.81027464,22.54439512,1000000000
169,30.19746068,27.67247527,23.50966148,16.68537658,20.77994752,19.17624057,22.48601875,21.59886171,25.96640405,2.490863989,69.57358456,70.56310587,92.81027464,22.54439512,1000000000
170,30.19746068,27.67247527,23.50966148,16.68537658,20.77994752,19.17624057,22.48601875,21.59886171,25.96640405,2.490863989,69.57358456,70.56310587,92.81027464,22.54439512,1000000000
171,30.19746068,27.67247527,23.50966148,16.68537658,20.77994752,19.17624057,22.48601875,21.59886171,25.96640405,2.490863989,69.57358456,70.56310587,92.81027464,22.54439512,1000000000
172,30.19746068,27.67247527,23.50966148,16.68537658,20.77994752,19.17624057,22.48601875,21.59886171,25.96640405,2.490863989,69.57358456,70.56310587,92.81027464,22.54439512,1000000000
173,30.19746068,27.67247527,23.50966148,16.68537658,20.77994752,19.17624057,22.48601875,21.59886171,25.96640405,2.490863989,69.57358456,70.56310587,92.81027464,22.54439512,1000000000
174,30.19746068,27.67247527,23.50966148,16.68537658,20.77994752,19.17624057,22.48601875,21.59886171,25.96640405,2.490863989,69.57358456,70.56310587,92.81027464,22.54439512,1000000000
175,30.19746068,27.67247527,23.50966148,16.68537658,20.77994752,19.17624057,22.48601875,21.59886171,25.96640405,2.490863989,69.57358456,70.56310587,92.81027464,22.54439512,1000000000
176,30.19746068,27.67247527,23.50966148,16.68537658,20.77994752,19.17624057,22.48601875,21.59886171,25.96640405,2.490863989,69.57358456,70.56310587,92.81027464,22.54439512,1000000000
177,30.19746068,27.67247527,23.50966148,16.68537658,20.77994752,19.17624057,22.48601875,21.59886171,25.96640405,2.490863989,69.57358456,70.56310587,92.81027464,22.54439512,1000000000
178,30.19746068,27.67247527,23.50966148,16.68537658,20.77994752,19.17624057,22.48601875,21.59886171,25.96640405,2.490863989,69.57358456,70.56310587,92.81027464,22.54439512,1000000000
179,30.19746068,27.67247527,23.50966148,16.68537658,20.77994752,19.17624057,22.48601875,21.59886171,25.96640405,2.490863989,69.57358456,70.56310587,92.81027464,22.54439512,1000000000
180,30.19746068,27.67247527,23.50966148,16.68537658,20.77994752,19.17624057,22.48601875,21.59886171,25.96640405,2.490863989,69.57358456,70.56310587,92.81027464,22.54439512,1000000000
181,30.19746068,27.67247527,23.50966148,16.68537658,20.77994752,19.17624057,22.48601875,21.59886171,25.96640405,2.490863989,69.57358456,70.56310587,92.81027464,22.54439512,1000000000
182,30.19746068,27.67247527,23.50966148,16.68537658,20.77994752,19.17624057,22.48601875,21.59886171,25.96640405,2.490863989,69.57358456,70.56310587,92.81027464,22.54439512,1000000000
183,30.19746068,27.67247527,23.50966148,16.68537658,20.77994752,19.17624057,22.48601875,21.59886171,25.96640405,2.490863989,69.57358456,70.56310587,92.81027464,22.54439512,1000000000
184,30.19746068,27.67247527,23.50966148,16.68537658,20.77994752,19.17624057,22.48601875,21.59886171,25.96640405,2.490863989,69.57358456,70.56310587,92.81027464,22.54439512,1000000000
185,30.19746068,27.67247527,23.50966148,16.68537658,20.77994752,19.17624057,22.48601875,21.59886171,25.96640405,2.490863989,69.57358456,70.56310587,92.81027464,22.54439512,1000000000
186,30.19746068,27.67247527,23.50966148,16.68537658,20.77994752,19.17624057,22.48601875,21.59886171,25.96640405,2.490863989,69.57358456,70.56310587,92.81027464,22.54439512,1000000000
187,30.19746068,27.67247527,23.50966148,16.68537658,20.77994752,19.17624057,22.48601875,21.59886171,25.96640405,2.490863989,69.57358456,70.56310587,92.81027464,22.54439512,1000000000
188,30.19746068,27.67247527,23.50966148,16.68537658,20.77994752,19.17624057,22.48601875,21.59886171,25.96640405,2.490863989,69.57358456,70.56310587,92.81027464,22.54439512,1000000000
189,30.19746068,27.67247527,23.50966148,16.68537658,20.77994752,19.17624057,22.48601875,21.59886171,25.96640405,2.490863989,69.57358456,70.56310587,92.81027464,22.54439512,1000000000
190,30.19746068,27.67247527,23.50966148,16.68537658,20.77994752,19.17624057,22.48601875,21.59886171,25.96640405,2.490863989,69.57358456,70.56310587,92.81027464,22.54439512,1000000000
191,30.19746068,27.67247527,23.50966148,16.68537658,20.77994752,19.17624057,22.48601875,21.59886171,25.96640405,2.490863989,69.57358456,70.56310587,92.81027464,22.54439512,1000000000
192,30.19746068,27.67247527,23.50966148,16.68537658,20.77994752,19.17624057,22.48601875,21.59886171,25.96640405,2.490863989,69.57358456,70.56310587,92.81027464,22.54439512,1000000000
193,30.19746068,27.67247527,23.50966148,16.68537658,20.77994752,19.17624057,22.48601875,21.59886171,25.96640405,2.490863989,69.57358456,70.56310587,92.81027464,22.54439512,1000000000
194,30.19746068,27.67247527,23.50966148,16.68537658,20.77994752,19.17624057,22.48601875,21.59886171,25.96640405,2.490863989,69.57358456,70.56310587,92.81027464,22.54439512,1000000000
195,30.19746068,27.67247527,23.50966148,16.68537658,20.77994752,19.17624057,22.48601875,21.59886171,25.96640405,2.490863989,69.57358456,70.56310587,92.81027464,22.54439512,1000000000
196,30.19746068,27.67247527,23.50966148,16.68537658,20.77994752,19.17624057,22.48601875,21.59886171,25.96640405,2.490863989,69.57358456,70.56310587,92.81027464,22.54439512,1000000000
197,30.19746068,27.67247527,23.50966148,16.68537658,20.77994752,19.17624057,22.48601875,21.59886171,25.96640405,2.490863989,69.57358456,70.56310587,92.81027464,22.54439512,1000000000
198,30.19746068,27.67247527,23.50966148,16.68537658,20.77994752,19.17624057,22.48601875,21.59886171,25.96640405,2.490863989,69.57358456,70.56310587,92.81027464,22.54439512,1000000000
199,30.19746068,27.67247527,23.50966148,16.68537658,20.77994752,19.17624057,22.48601875,21.59886171,25.96640405,2.490863989,69.57358456,70.56310587,92.81027464,22.54439512,1000000000
200,30.19746068,27.67247527,23.50966148,16.68537658,20.77994752,19.17624057,22.48601875,21.59886171,25.96640405,2.490863989,69.57358456,70.56310587,92.81027464,22.54439512,1000000000
201,30.19746068,27.67247527,23.50966148,16.68537658,20.77994752,19.17624057,22.48601875,21.59886171,25.96640405,2.490863989,69.57358456,70.56310587,92.81027464,22.54439512,1000000000
202,30.19746068,27.67247527,23.50966148,16.68537658,20.77994752,19.17624057,22.48601875,21.59886171,25.96640405,2.490863989,69.57358456,70.56310587,92.81027464,22.54439512,1000000000
203,30.19746068,27.67247527,23.50966148,16.68537658,20.77994752,19.17624057,22.48601875,21.59886171,25.96640405,2.490863989,69.57358456,70.56310587,92.81027464,22.54439512,1000000000
204,30.19746068,27.67247527,23.50966148,16.68537658,20.77994752,19.17624057,22.48601875,21.59886171,25.96640405,2.490863989,69.57358456,70.56310587,92.81027464,22.54439512,1000000000
205,30.19746068,27.67247527,23.50966148,16.68537658,20.77994752,19.17624057,22.48601875,21.59886171,25.96640405,2.490863989,69.57358456,70.56310587,92.81027464,22.54439512,1000000000
206,30.19746068,27.67247527,23.50966148,16.68537658,20.77994752,19.17624057,22.48601875,21.59886171,25.96640405,2.490863989,69.57358456,70.56310587,92.81027464,22.54439512,1000000000
207,30.19746068,27.67247527,23.50966148,16.68537658,20.77994752,19.17624057,22.48601875,21.59886171,25.96640405,2.490863989,69.57358456,70.56310587,92.81027464,22.54439512,1000000000
208,30.19746068,27.67247527,23.50966148,16.68537658,20.77994752,19.17624057,22.48601875,21.59886171,25.96640405,2.490863989,69.57358456,70.56310587,92.81027464,22.54439512,1000000000
209,30.19746068,27.67247527,23.50966148,16.68537658,20.77994752,19.17624057,22.48601875,21.59886171,25.96640405,2.490863989,69.57358456,70.56310587,92.81027464,22.54439512,1000000000
210,30.19746068,27.67247527,23.50966148,16.68537658,20.77994752,19.17624057,22.48601875,21.59886171,25.96640405,2.490863989,69.57358456,70.56310587,92.81027464,22.54439512,1000000000
211,30.19746068,27.67247527,23.50966148,16.68537658,20.77994752,19.17624057,22.48601875,21.59886171,25.96640405,2.490863989,69.57358456,70.56310587,92.81027464,22.54439512,1000000000
212,30.19746068,27.67247527,23.50966148,16.68537658,20.77994752,19.17624057,22.48601875,21.59886171,25.96640405,2.490863989,69.57358456,70.56310587,92.81027464,22.54439512,1000000000
213,30.19746068,27.67247527,23.50966148,16.68537658,20.77994752,19.17624057,22.48601875,21.59886171,25.96640405,2.490863989,69.57358456,70.56310587,92.81027464,22.54439512,1000000000
214,30.19746068,27.67247527,23.50966148,16.68537658,20.77994752,19.17624057,22.48601875,21.59886171,25.96640405,2.490863989,69.57358456,70.56310587,92.81027464,22.54439512,1000000000
215,30.19746068,27.67247527,23.50966148,16.68537658,20.77994752,19.17624057,22.48601875,21.59886171,25.96640405,2.490863989,69.57358456,70.56310587,92.81027464,22.54439512,1000000000
216,30.19746068,27.67247527,23.50966148,16.68537658,20.77994752,19.17624057,22.48601875,21.59886171,25.96640405,2.490863989,69.57358456,70.56310587,92.81027464,22.54439512,1000000000
217,30.19746068,27.67247527,23.50966148,16.68537658,20.77994752,19.17624057,22.48601875,21.59886171,25.96640405,2.490863989,69.57358456,70.56310587,92.81027464,22.54439512,1000000000
218,30.19746068,27.67247527,23.50966148,16.68537658,20.77994752,19.17624057,22.48601875,21.59886171,25.96640405,2.490863989,69.57358456,70.56310587,92.81027464,22.54439512,1000000000
219,30.19746068,27.67247527,23.50966148,16.68537658,20.77994752,19.17624057,22.48601875,21.59886171,25.96640405,2.490863989,69.57358456,70.56310587,92.81027464,22.54439512,1000000000
220,30.19746068,27.67247527,23.50966148,16.68537658,20.77994752,19.17624057,22.48601875,21.59886171,25.96640405,2.490863989,69.57358456,70.56310587,92.81027464,22.54439512,1000000000
221,30.19746068,27.67247527,23.50966148,16.68537658,20.77994752,19.17624057,22.48601875,21.59886171,25.96640405,2.490863989,69.57358456,70.56310587,92.81027464,22.54439512,1000000000
222,30.19746068,27.67247527,23.50966148,16.68537658,20.77994752,19.17624057,22.48601875,21.59886171,25.96640405,2.490863989,69.57358456,70.56310587,92.81027464,22.54439512,1000000000
223,30.19746068,27.67247527,23.50966148,16.68537658,20.77994752,19.17624057,22.48601875,21.59886171,25.96640405,2.490863989,69.57358456,70.56310587,92.81027464,22.54439512,1000000000
224,30.19746068,27.67247527,23.50966148,16.68537658,20.77994752,19.17624057,22.48601875,21.59886171,25.96640405,2.490863989,69.57358456,70.56310587,92.81027464,22.54439512,1000000000
225,30.19746068,27.67247527,23.50966148,16.68537658,20.77994752,19.17624057,22.48601875,21.59886171,25.96640405,2.490863989,69.57358456,70.56310587,92.81027464,22.54439512,1000000000
226,30.19746068,27.67247527,23.50966148,16.68537658,20.77994752,19.17624057,22.48601875,21.59886171,25.96640405,2.490863989,69.57358456,70.56310587,92.81027464,22.54439512,1000000000
227,30.19746068,27.67247527,23.50966148,16.68537658,20.77994752,19.17624057,22.48601875,21.59886171,25.96640405,2.490863989,69.57358456,70.56310587,92.81027464,22.54439512,1000000000
228,30.19746068,27.67247527,23.50966148,16.68537658,20.77994752,19.17624057,22.48601875,21.59886171,25.96640405,2.490863989,69.57358456,70.56310587,92.81027464,22.54439512,1000000000
229,30.19746068,27.67247527,23.50966148,16.68537658,20.77994752,19.17624057,22.48601875,21.59886171,25.96640405,2.490863989,69.57358456,70.56310587,92.81027464,22.54439512,1000000000
230,30.19746068,27.67247527,23.50966148,16.68537658,20.77994752,19.17624057,22.48601875,21.59886171,25.96640405,2.490863989,69.57358456,70.56310587,92.81027464,22.54439512,1000000000
231,30.19746068,27.67247527,23.50966148,16.68537658,20.77994752,19.17624057,22.48601875,21.59886171,25.96640405,2.490863989,69.57358456,70.56310587,92.81027464,22.54439512,1000000000
232,30.19746068,27.67247527,23.50966148,16.68537658,20.77994752,19.17624057,22.48601875,21.59886171,25.96640405,2.490863989,69.57358456,70.56310587,92.81027464,22.54439512,1000000000
233,30.19746068,27.67247527,23.50966148,16.68537658,20.77994752,19.17624057,22.48601875,21.59886171,25.96640405,2.490863989,69.57358456,70.56310587,92.81027464,22.54439512,1000000000
234,30.19746068,27.67247527,23.50966148,16.68537658,20.77994752,19.17624057,22.48601875,21.59886171,25.96640405,2.490863989,69.57358456,70.56310587,92.81027464,22.54439512,1000000000
235,30.19746068,27.67247527,23.50966148,16.68537658,20.77994752,19.17624057,22.48601875,21.59886171,25.96640405,2.490863989,69.57358456,70.56310587,92.81027464,22.54439512,1000000000
236,30.19746068,27.67247527,23.50966148,16.68537658,20.77994752,19.17624057,22.48601875,21.59886171,25.96640405,2.490863989,69.57358456,70.56310587,92.81027464,22.54439512,1000000000
237,30.19746068,27.67247527,23.50966148,16.68537658,20.77994752,19.17624057,22.48601875,21.59886171,25.96640405,2.490863989,69.57358456,70.56310587,92.81027464,22.54439512,1000000000
238,30.19746068,27.67247527,23.50966148,16.68537658,20.77994752,19.17624057,22.48601875,21.59886171,25.96640405,2.490863989,69.57358456,70.56310587,92.81027464,22.54439512,1000000000
239,30.19746068,27.67247527,23.50966148,16.68537658,20.77994752,19.17624057,22.48601875,21.59886171,25.96640405,2.490863989,69.57358456,70.56310587,92.81027464,22.54439512,1000000000
240,30.19746068,27.67247527,23.50966148,16.68537658,20.77994752,19.17624057,22.48601875,21.59886171,25.96640405,2.490863989,69.57358456,70.56310587,92.81027464,22.54439512,1000000000
241,30.19746068,27.67247527,23.50966148,16.68537658,20.77994752,19.17624057,22.48601875,21.59886171,25.96640405,2.490863989,69.57358456,70.56310587,92.81027464,22.54439512,1000000000
242,30.19746068,27.67247527,23.50966148,16.68537658,20.77994752,19.17624057,22.48601875,21.59886171,25.96640405,2.490863989,69.57358456,70.56310587,92.81027464,22.54439512,1000000000
243,30.19746068,27.67247527,23.50966148,16.68537658,20.77994752,19.17624057,22.48601875,21.59886171,25.96640405,2.490863989,69.57358456,70.56310587,92.81027464,22.54439512,1000000000
244,30.19746068,27.67247527,23.50966148,16.68537658,20.77994752,19.17624057,22.48601875,21.59886171,25.96640405,2.490863989,69.57358456,70.56310587,92.81027464,22.54439512,1000000000
245,30.19746068,27.67247527,23.50966148,16.68537658,20.77994752,19.17624057,22.48601875,21.59886171,25.96640405,2.490863989,69.57358456,70.56310587,92.81027464,22.54439512,1000000000
246,30.19746068,27.67247527,23.50966148,16.68537658,20.77994752,19.17624057,22.48601875,21.59886171,25.96640405,2.490863989,69.57358456,70.56310587,92.81027464,22.54439512,1000000000
247,30.19746068,27.67247527,23.50966148,16.68537658,20.77994752,19.17624057,22.48601875,21.59886171,25.96640405,2.490863989,69.57358456,70.56310587,92.81027464,22.54439512,1000000000
248,30.19746068,27.67247527,23.50966148,16.68537658,20.77994752,19.17624057,22.48601875,21.59886171,25.96640405,2.490863989,69.57358456,70.56310587,92.81027464,22.54439512,1000000000
249,30.19746068,27.67247527,23.50966148,16.68537658,20.77994752,19.17624057,22.48601875,21.59886171,25.96640405,2.490863989,69.57358456,70.56310587,92.81027464,22.54439512,1000000000
250,30.19746068,27.67247527,23.50966148,16.68537658,20.77994752,19.17624057,22.48601875,21.59886171,25.96640405,2.490863989,69.57358456,70.56310587,92.81027464,22.54439512,1000000000
251,30.19746068,27.67247527,23.50966148,16.68537658,20.77994752,19.17624057,22.48601875,21.59886171,25.96640405,2.490863989,69.57358456,70.56310587,92.81027464,22.54439512,1000000000
252,30.19746068,27.67247527,23.50966148,16.68537658,20.77994752,19.17624057,22.48601875,21.59886171,25.96640405,2.490863989,69.57358456,70.56310587,92.81027464,22.54439512,1000000000
253,30.19746068,27.67247527,23.50966148,16.68537658,20.77994752,19.17624057,22.48601875,21.59886171,25.96640405,2.490863989,69.57358456,70.56310587,92.81027464,22.54439512,1000000000
254,30.19746068,27.67247527,23.50966148,16.68537658,20.77994752,19.17624057,22.48601875,21.59886171,25.96640405,2.490863989,69.57358456,70.56310587,92.81027464,22.54439512,1000000000
255,30.19746068,27.67247527,23.50966148,16.68537658,20.77994752,19.17624057,22.48601875,21.59886171,25.96640405,2.490863989,69.57358456,70.56310587,92.81027464,22.54439512,1000000000
256,30.19746068,27.67247527,23.50966148,16.68537658,20.77994752,19.17624057,22.48601875,21.59886171,25.96640405,2.490863989,69.57358456,70.56310587,92.81027464,22.54439512,1000000000
257,30.19746068,27.67247527,23.50966148,16.68537658,20.77994752,19.17624057,22.48601875,21.59886171,25.96640405,2.490863989,69.57358456,70.56310587,92.81027464,22.54439512,1000000000
258,30.19746068,27.67247527,23.50966148,16.68537658,20.77994752,19.17624057,22.48601875,21.59886171,25.96640405,2.490863989,69.57358456,70.56310587,92.81027464,22.54439512,1000000000
259,30.19746068,27.67247527,23.50966148,16.68537658,20.77994752,19.17624057,22.48601875,21.59886171,25.96640405,2.490863989,69.57358456,70.56310587,92.81027464,22.54439512,1000000000
260,30.19746068,27.67247527,23.50966148,16.68537658,20.77994752,19.17624057,22.48601875,21.59886171,25.96640405,2.490863989,69.57358456,70.56310587,92.81027464,22.54439512,1000000000
261,30.19746068,27.67247527,23.50966148,16.68537658,20.77994752,19.17624057,22.48601875,21.59886171,25.96640405,2.490863989,69.57358456,70.56310587,92.81027464,22.54439512,1000000000
262,30.19746068,27.67247527,23.50966148,16.68537658,20.77994752,19.17624057,22.48601875,21.59886171,25.96640405,2.490863989,69.57358456,70.56310587,92.81027464,22.54439512,1000000000
263,30.19746068,27.67247527,23.50966148,16.68537658,20.77994752,19.17624057,22.48601875,21.59886171,25.96640405,2.490863989,69.57358456,70.56310587,92.81027464,22.54439512,1000000000
264,30.19746068,27.67247527,23.50966148,16.68537658,20.77994752,19.17624057,22.48601875,21.59886171,25.96640405,2.490863989,69.57358456,70.56310587,92.81027464,22.54439512,1000000000
265,30.19746068,27.67247527,23.50966148,16.68537658,20.77994752,19.17624057,22.48601875,21.59886171,25.96640405,2.490863989,69.57358456,70.56310587,92.81027464,22.54439512,1000000000
266,30.19746068,27.67247527,23.50966148,16.68537658,20.77994752,19.17624057,22.48601875,21.59886171,25.96640405,2.490863989,69.57358456,70.56310587,92.81027464,22.54439512,1000000000
267,30.19746068,27.67247527,23.50966148,16.68537658,20.77994752,19.17624057,22.48601875,21.59886171,25.96640405,2.490863989,69.57358456,70.56310587,92.81027464,22.54439512,1000000000
268,30.19746068,27.67247527,23.50966148,16.68537658,20.77994752,19.17624057,22.48601875,21.59886171,25.96640405,2.490863989,69.57358456,70.56310587,92.81027464,22.54439512,1000000000
269,30.19746068,27.67247527,23.50966148,16.68537658,20.77994752,19.17624057,22.48601875,21.59886171,25.96640405,2.490863989,69.57358456,70.56310587,92.81027464,22.54439512,1000000000
270,30.19746068,27.67247527,23.50966148,16.68537658,20.77994752,19.17624057,22.48601875,21.59886171,25.96640405,2.490863989,69.57358456,70.56310587,92.81027464,22.54439512,1000000000
271,30.19746068,27.67247527,23.50966148,16.68537658,20.77994752,19.17624057,22.48601875,21.59886171,25.96640405,2.490863989,69.57358456,70.56310587,92.81027464,22.54439512,1000000000
272,30.19746068,27.67247527,23.50966148,16.68537658,20.77994752,19.17624057,22.48601875,21.59886171,25.96640405,2.490863989,69.57358456,70.56310587,92.81027464,22.54439512,1000000000
273,30.19746068,27.67247527,23.50966148,16.68537658,20.77994752,19.17624057,22.48601875,21.59886171,25.96640405,2.490863989,69.57358456,70.56310587,92.81027464,22.54439512,1000000000
274,30.19746068,27.67247527,23.50966148,16.68537658,20.77994752,19.17624057,22.48601875,21.59886171,25.96640405,2.490863989,69.57358456,70.56310587,92.81027464,22.54439512,1000000000
275,30.19746068,27.67247527,23.50966148,16.68537658,20.77994752,19.17624057,22.48601875,21.59886171,25.96640405,2.490863989,69.57358456,70.56310587,92.81027464,22.54439512,1000000000
276,30.19746068,27.67247527,23.50966148,16.68537658,20.77994752,19.17624057,22.48601875,21.59886171,25.96640405,2.490863989,69.57358456,70.56310587,92.81027464,22.54439512,1000000000
277,30.19746068,27.67247527,23.50966148,16.68537658,20.77994752,19.17624057,22.48601875,21.59886171,25.96640405,2.490863989,69.57358456,70.56310587,92.81027464,22.54439512,1000000000
278,30.19746068,27.67247527,23.50966148,16.68537658,20.77994752,19.17624057,22.48601875,21.59886171,25.96640405,2.490863989,69.57358456,70.56310587,92.81027464,22.54439512,1000000000
279,30.19746068,27.67247527,23.50966148,16.68537658,20.77994752,19.17624057,22.48601875,21.59886171,25.96640405,2.490863989,69.57358456,70.56310587,92.81027464,22.54439512,1000000000
280,30.19746068,27.67247527,23.50966148,16.68537658,20.77994752,19.17624057,22.48601875,21.59886171,25.96640405,2.490863989,69.57358456,70.56310587,92.81027464,22.54439512,1000000000
281,30.19746068,27.67247527,23.50966148,16.68537658,20.77994752,19.17624057,22.48601875,21.59886171,25.96640405,2.490863989,69.57358456,70.56310587,92.81027464,22.54439512,1000000000
282,30.19746068,27.67247527,23.50966148,16.68537658,20.77994752,19.17624057,22.48601875,21.59886171,25.96640405,2.490863989,69.57358456,70.56310587,92.81027464,22.54439512,1000000000
283,30.19746068,27.67247527,23.50966148,16.68537658,20.77994752,19.17624057,22.48601875,21.59886171,25.96640405,2.490863989,69.57358456,70.56310587,92.81027464,22.54439512,1000000000
284,30.19746068,27.67247527,23.50966148,16.68537658,20.77994752,19.17624057,22.48601875,21.59886171,25.96640405,2.490863989,69.57358456,70.56310587,92.81027464,22.54439512,1000000000
285,30.19746068,27.67247527,23.50966148,16.68537658,20.77994752,19.17624057,22.48601875,21.59886171,25.96640405,2.490863989,69.57358456,70.56310587,92.81027464,22.54439512,1000000000
286,30.19746068,27.67247527,23.50966148,16.68537658,20.77994752,19.17624057,22.48601875,21.59886171,25.96640405,2.490863989,69.57358456,70.56310587,92.81027464,22.54439512,1000000000
287,30.19746068,27.67247527,23.50966148,16.68537658,20.77994752,19.17624057,22.48601875,21.59886171,25.96640405,2.490863989,69.57358456,70.56310587,92.81027464,22.54439512,1000000000
288,30.19746068,27.67247527,23.50966148,16.68537658,20.77994752,19.17624057,22.48601875,21.59886171,25.96640405,2.490863989,69.57358456,70.56310587,92.81027464,22.54439512,1000000000
289,30.19746068,27.67247527,23.50966148,16.68537658,20.77994752,19.17624057,22.48601875,21.59886171,25.96640405,2.490863989,69.57358456,70.56310587,92.81027464,22.54439512,1000000000
290,30.19746068,27.67247527,23.50966148,16.68537658,20.77994752,19.17624057,22.48601875,21.59886171,25.96640405,2.490863989,69.57358456,70.56310587,92.81027464,22.54439512,1000000000
291,30.19746068,27.67247527,23.50966148,16.68537658,20.77994752,19.17624057,22.48601875,21.59886171,25.96640405,2.490863989,69.57358456,70.56310587,92.81027464,22.54439512,1000000000
292,30.19746068,27.67247527,23.50966148,16.68537658,20.77994752,19.17624057,22.48601875,21.59886171,25.96640405,2.490863989,69.57358456,70.56310587,92.81027464,22.54439512,1000000000
293,30.19746068,27.67247527,23.50966148,16.68537658,20.77994752,19.17624057,22.48601875,21.59886171,25.96640405,2.490863989,69.57358456,70.56310587,92.81027464,22.54439512,1000000000
294,30.19746068,27.67247527,23.50966148,16.68537658,20.77994752,19.17624057,22.48601875,21.59886171,25.96640405,2.490863989,69.57358456,70.56310587,92.81027464,22.54439512,1000000000
295,30.19746068,27.67247527,23.50966148,16.68537658,20.77994752,19.17624057,22.48601875,21.59886171,25.96640405,2.490863989,69.57358456,70.56310587,92.81027464,22.54439512,1000000000
296,30.19746068,27.67247527,23.50966148,16.68537658,20.77994752,19.17624057,22.48601875,21.59886171,25.96640405,2.490863989,69.57358456,70.56310587,92.81027464,22.54439512,1000000000
297,30.19746068,27.67247527,23.50966148,16.68537658,20.77994752,19.17624057,22.48601875,21.59886171,25.96640405,2.490863989,69.57358456,70.56310587,92.81027464,22.54439512,1000000000
298,30.19746068,27.67247527,23.50966148,16.68537658,20.77994752,19.17624057,22.48601875,21.59886171,25.96640405,2.490863989,69.57358456,70.56310587,92.81027464,22.54439512,1000000000
299,30.19746068,27.67247527,23.50966148,16.68537658,20.77994752,19.17624057,22.48601875,21.59886171,25.96640405,2.490863989,69.57358456,70.56310587,92.81027464,22.54439512,1000000000
300,30.19746068,27.67247527,23.50966148,16.68537658,20.77994752,19.17624057,22.48601875,21.59886171,25.96640405,2.490863989,69.57358456,70.56310587,92.81027464,22.54439512,1000000000
301,30.19746068,27.67247527,23.50966148,16.68537658,20.77994752,19.17624057,22.48601875,21.59886171,25.96640405,2.490863989,69.57358456,70.56310587,92.81027464,22.54439512,1000000000
302,30.19746068,27.67247527,23.50966148,16.68537658,20.77994752,19.17624057,22.48601875,21.59886171,25.96640405,2.490863989,69.57358456,70.56310587,92.81027464,22.54439512,1000000000
303,30.19746068,27.67247527,23.50966148,16.68537658,20.77994752,19.17624057,22.48601875,21.59886171,25.96640405,2.490863989,69.57358456,70.56310587,92.81027464,22.54439512,1000000000
304,30.19746068,27.67247527,23.50966148,16.68537658,20.77994752,19.17624057,22.48601875,21.59886171,25.96640405,2.490863989,69.57358456,70.56310587,92.81027464,22.54439512,1000000000
305,30.19746068,27.67247527,23.50966148,16.68537658,20.77994752,19.17624057,22.48601875,21.59886171,25.96640405,2.490863989,69.57358456,70.56310587,92.81027464,22.54439512,1000000000
306,30.19746068,27.67247527,23.50966148,16.68537658,20.77994752,19.17624057,22.48601875,21.59886171,25.96640405,2.490863989,69.57358456,70.56310587,92.81027464,22.54439512,1000000000
307,30.19746068,27.67247527,23.50966148,16.68537658,20.77994752,19.17624057,22.48601875,21.59886171,25.96640405,2.490863989,69.57358456,70.56310587,92.81027464,22.54439512,1000000000
308,30.19746068,27.67247527,23.50966148,16.68537658,20.77994752,19.17624057,22.48601875,21.59886171,25.96640405,2.490863989,69.57358456,70.56310587,92.81027464,22.54439512,1000000000
309,30.19746068,27.67247527,23.50966148,16.68537658,20.77994752,19.17624057,22.48601875,21.59886171,25.96640405,2.490863989,69.57358456,70.56310587,92.81027464,22.54439512,1000000000
310,30.19746068,27.67247527,23.50966148,16.68537658,20.77994752,19.17624057,22.48601875,21.59886171,25.96640405,2.490863989,69.57358456,70.56310587,92.81027464,22.54439512,1000000000
311,30.19746068,27.67247527,23.50966148,16.68537658,20.77994752,19.17624057,22.48601875,21.59886171,25.96640405,2.490863989,69.57358456,70.56310587,92.81027464,22.54439512,1000000000
312,30.19746068,27.67247527,23.50966148,16.68537658,20.77994752,19.17624057,22.48601875,21.59886171,25.96640405,2.490863989,69.57358456,70.56310587,92.81027464,22.54439512,1000000000
313,30.19746068,27.67247527,23.50966148,16.68537658,20.77994752,19.17624057,22.48601875,21.59886171,25.96640405,2.490863989,69.57358456,70.56310587,92.81027464,22.54439512,1000000000
314,30.19746068,27.67247527,23.50966148,16.68537658,20.77994752,19.17624057,22.48601875,21.59886171,25.96640405,2.490863989,69.57358456,70.56310587,92.81027464,22.54439512,1000000000
315,30.19746068,27.67247527,23.50966148,16.68537658,20.77994752,19.17624057,22.48601875,21.59886171,25.96640405,2.490863989,69.57358456,70.56310587,92.81027464,22.54439512,1000000000
316,30.19746068,27.67247527,23.50966148,16.68537658,20.77994752,19.17624057,22.48601875,21.59886171,25.96640405,2.490863989,69.57358456,70.56310587,92.81027464,22.54439512,1000000000
317,30.19746068,27.67247527,23.50966148,16.68537658,20.77994752,19.17624057,22.48601875,21.59886171,25.96640405,2.490863989,69.57358456,70.56310587,92.81027464,22.54439512,1000000000
318,30.19746068,27.67247527,23.50966148,16.68537658,20.77994752,19.17624057,22.48601875,21.59886171,25.96640405,2.490863989,69.57358456,70.56310587,92.81027464,22.54439512,1000000000
319,30.19746068,27.67247527,23.50966148,16.68537658,20.77994752,19.17624057,22.48601875,21.59886171,25.96640405,2.490863989,69.57358456,70.56310587,92.81027464,22.54439512,1000000000
320,30.19746068,27.67247527,23.50966148,16.68537658,20.77994752,19.17624057,22.48601875,21.59886171,25.96640405,2.490863989,69.57358456,70.56310587,92.81027464,22.54439512,1000000000
321,30.19746068,27.67247527,23.50966148,16.68537658,20.77994752,19.17624057,22.48601875,21.59886171,25.96640405,2.490863989,69.57358456,70.56310587,92.81027464,22.54439512,1000000000
322,30.19746068,27.67247527,23.50966148,16.68537658,20.77994752,19.17624057,22.48601875,21.59886171,25.96640405,2.490863989,69.57358456,70.56310587,92.81027464,22.54439512,1000000000
323,30.19746068,27.67247527,23.50966148,16.68537658,20.77994752,19.17624057,22.48601875,21.59886171,25.96640405,2.490863989,69.57358456,70.56310587,92.81027464,22.54439512,1000000000
324,30.19746068,27.67247527,23.50966148,16.68537658,20.77994752,19.17624057,22.48601875,21.59886171,25.96640405,2.490863989,69.57358456,70.56310587,92.81027464,22.54439512,1000000000
325,30.19746068,27.67247527,23.50966148,16.68537658,20.77994752,19.17624057,22.48601875,21.59886171,25.96640405,2.490863989,69.57358456,70.56310587,92.81027464,22.54439512,1000000000
326,30.19746068,27.67247527,23.50966148,16.68537658,20.77994752,19.17624057,22.48601875,21.59886171,25.96640405,2.490863989,69.57358456,70.56310587,92.81027464,22.54439512,1000000000
327,30.19746068,27.67247527,23.50966148,16.68537658,20.77994752,19.17624057,22.48601875,21.59886171,25.96640405,2.490863989,69.57358456,70.56310587,92.81027464,22.54439512,1000000000
328,30.19746068,27.67247527,23.50966148,16.68537658,20.77994752,19.17624057,22.48601875,21.59886171,25.96640405,2.490863989,69.57358456,70.56310587,92.81027464,22.54439512,1000000000
329,30.19746068,27.67247527,23.50966148,16.68537658,20.77994752,19.17624057,22.48601875,21.59886171,25.96640405,2.490863989,69.57358456,70.56310587,92.81027464,22.54439512,1000000000
330,30.19746068,27.67247527,23.50966148,16.68537658,20.77994752,19.17624057,22.48601875,21.59886171,25.96640405,2.490863989,69.57358456,70.56310587,92.81027464,22.54439512,1000000000
331,30.19746068,27.67247527,23.50966148,16.68537658,20.77994752,19.17624057,22.48601875,21.59886171,25.96640405,2.490863989,69.57358456,70.56310587,92.81027464,22.54439512,1000000000
332,30.19746068,27.67247527,23.50966148,16.68537658,20.77994752,19.17624057,22.48601875,21.59886171,25.96640405,2.490863989,69.57358456,70.56310587,92.81027464,22.54439512,1000000000
333,30.19746068,27.67247527,23.50966148,16.68537658,20.77994752,19.17624057,22.48601875,21.59886171,25.96640405,2.490863989,69.57358456,70.56310587,92.81027464,22.54439512,1000000000
334,30.19746068,27.67247527,23.50966148,16.68537658,20.77994752,19.17624057,22.48601875,21.59886171,25.96640405,2.490863989,69.57358456,70.56310587,92.81027464,22.54439512,1000000000
335,30.19746068,27.67247527,23.50966148,16.68537658,20.77994752,19.17624057,22.48601875,21.59886171,25.96640405,2.490863989,69.57358456,70.56310587,92.81027464,22.54439512,1000000000
336,30.19746068,27.67247527,23.50966148,16.68537658,20.77994752,19.17624057,22.48601875,21.59886171,25.96640405,2.490863989,69.57358456,70.56310587,92.81027464,22.54439512,1000000000
337,30.19746068,27.67247527,23.50966148,16.68537658,20.77994752,19.17624057,22.48601875,21.59886171,25.96640405,2.490863989,69.57358456,70.56310587,92.81027464,22.54439512,1000000000
338,30.19746068,27.67247527,23.50966148,16.68537658,20.77994752,19.17624057,22.48601875,21.59886171,25.96640405,2.490863989,69.57358456,70.56310587,92.81027464,22.54439512,1000000000
339,30.19746068,27.67247527,23.50966148,16.68537658,20.77994752,19.17624057,22.48601875,21.59886171,25.96640405,2.490863989,69.57358456,70.56310587,92.81027464,22.54439512,1000000000
340,30.19746068,27.67247527,23.50966148,16.68537658,20.77994752,19.17624057,22.48601875,21.59886171,25.96640405,2.490863989,69.57358456,70.56310587,92.81027464,22.54439512,1000000000
341,30.19746068,27.67247527,23.50966148,16.68537658,20.77994752,19.17624057,22.48601875,21.59886171,25.96640405,2.490863989,69.57358456,70.56310587,92.81027464,22.54439512,1000000000
342,30.19746068,27.67247527,23.50966148,16.68537658,20.77994752,19.17624057,22.48601875,21.59886171,25.96640405,2.490863989,69.57358456,70.56310587,92.81027464,22.54439512,1000000000
343,30.19746068,27.67247527,23.50966148,16.68537658,20.77994752,19.17624057,22.48601875,21.59886171,25.96640405,2.490863989,69.57358456,70.56310587,92.81027464,22.54439512,1000000000
344,30.19746068,27.67247527,23.50966148,16.68537658,20.77994752,19.17624057,22.48601875,21.59886171,25.96640405,2.490863989,69.57358456,70.56310587,92.81027464,22.54439512,1000000000
345,30.19746068,27.67247527,23.50966148,16.68537658,20.77994752,19.17624057,22.48601875,21.59886171,25.96640405,2.490863989,69.57358456,70.56310587,92.81027464,22.54439512,1000000000
346,30.19746068,27.67247527,23.50966148,16.68537658,20.77994752,19.17624057,22.48601875,21.59886171,25.96640405,2.490863989,69.57358456,70.56310587,92.81027464,22.54439512,1000000000
347,30.19746068,27.67247527,23.50966148,16.68537658,20.77994752,19.17624057,22.48601875,21.59886171,25.96640405,2.490863989,69.57358456,70.56310587,92.81027464,22.54439512,1000000000
348,30.19746068,27.67247527,23.50966148,16.68537658,20.77994752,19.17624057,22.48601875,21.59886171,25.96640405,2.490863989,69.57358456,70.56310587,92.81027464,22.54439512,1000000000
349,30.19746068,27.67247527,23.50966148,16.68537658,20.77994752,19.17624057,22.48601875,21.59886171,25.96640405,2.490863989,69.57358456,70.56310587,92.81027464,22.54439512,1000000000
350,30.19746068,27.67247527,23.50966148,16.68537658,20.77994752,19.17624057,22.48601875,21.59886171,25.96640405,2.490863989,69.57358456,70.56310587,92.81027464,22.54439512,1000000000
351,30.19746068,27.67247527,23.50966148,16.68537658,20.77994752,19.17624057,22.48601875,21.59886171,25.96640405,2.490863989,69.57358456,70.56310587,92.81027464,22.54439512,1000000000
352,30.19746068,27.67247527,23.50966148,16.68537658,20.77994752,19.17624057,22.48601875,21.59886171,25.96640405,2.490863989,69.57358456,70.56310587,92.81027464,22.54439512,1000000000
353,30.19746068,27.67247527,23.50966148,16.68537658,20.77994752,19.17624057,22.48601875,21.59886171,25.96640405,2.490863989,69.57358456,70.56310587,92.81027464,22.54439512,1000000000
354,30.19746068,27.67247527,23.50966148,16.68537658,20.77994752,19.17624057,22.48601875,21.59886171,25.96640405,2.490863989,69.57358456,70.56310587,92.81027464,22.54439512,1000000000
355,30.19746068,27.67247527,23.50966148,16.68537658,20.77994752,19.17624057,22.48601875,21.59886171,25.96640405,2.490863989,69.57358456,70.56310587,92.81027464,22.54439512,1000000000
356,30.19746068,27.67247527,23.50966148,16.68537658,20.77994752,19.17624057,22.48601875,21.59886171,25.96640405,2.490863989,69.57358456,70.56310587,92.81027464,22.54439512,1000000000
357,30.19746068,27.67247527,23.50966148,16.68537658,20.77994752,19.17624057,22.48601875,21.59886171,25.96640405,2.490863989,69.57358456,70.56310587,92.81027464,22.54439512,1000000000
358,30.19746068,27.67247527,23.50966148,16.68537658,20.77994752,19.17624057,22.48601875,21.59886171,25.96640405,2.490863989,69.57358456,70.56310587,92.81027464,22.54439512,1000000000
359,30.19746068,27.67247527,23.50966148,16.68537658,20.77994752,19.17624057,22.48601875,21.59886171,25.96640405,2.490863989,69.57358456,70.56310587,92.81027464,22.54439512,1000000000
360,30.19746068,27.67247527,23.50966148,16.68537658,20.77994752,19.17624057,22.48601875,21.59886171,25.96640405,2.490863989,69.57358456,70.56310587,92.81027464,22.54439512,1000000000
361,30.19746068,27.67247527,23.50966148,16.68537658,20.77994752,19.17624057,22.48601875,21.59886171,25.96640405,2.490863989,69.57358456,70.56310587,92.81027464,22.54439512,1000000000
362,30.19746068,27.67247527,23.50966148,16.68537658,20.77994752,19.17624057,22.48601875,21.59886171,25.96640405,2.490863989,69.57358456,70.56310587,92.81027464,22.54439512,1000000000
363,30.19746068,27.67247527,23.50966148,16.68537658,20.77994752,19.17624057,22.48601875,21.59886171,25.96640405,2.490863989,69.57358456,70.56310587,92.81027464,22.54439512,1000000000
364,30.19746068,27.67247527,23.50966148,16.68537658,20.77994752,19.17624057,22.48601875,21.59886171,25.96640405,2.490863989,69.57358456,70.56310587,92.81027464,22.54439512,1000000000
365,30.19746068,27.67247527,23.50966148,16.68537658,20.77994752,19.17624057,22.48601875,21.59886171,25.96640405,2.490863989,69.57358456,70.56310587,92.81027464,22.54439512,1000000000
366,30.19746068,27.67247527,23.50966148,16.68537658,20.77994752,19.17624057,22.48601875,21.59886171,25.96640405,2.490863989,69.57358456,70.56310587,92.81027464,22.54439512,1000000000
367,30.19746068,27.67247527,23.50966148,16.68537658,20.77994752,19.17624057,22.48601875,21.59886171,25.96640405,2.490863989,69.57358456,70.56310587,92.81027464,22.54439512,1000000000
368,30.19746068,27.67247527,23.50966148,16.68537658,20.77994752,19.17624057,22.48601875,21.59886171,25.96640405,2.490863989,69.57358456,70.56310587,92.81027464,22.54439512,1000000000
369,30.19746068,27.67247527,23.50966148,16.68537658,20.77994752,19.17624057,22.48601875,21.59886171,25.96640405,2.490863989,69.57358456,70.56310587,92.81027464,22.54439512,1000000000
370,30.19746068,27.67247527,23.50966148,16.68537658,20.77994752,19.17624057,22.48601875,21.59886171,25.96640405,2.490863989,69.57358456,70.56310587,92.81027464,22.54439512,1000000000
371,30.19746068,27.67247527,23.50966148,16.68537658,20.77994752,19.17624057,22.48601875,21.59886171,25.96640405,2.490863989,69.57358456,70.56310587,92.81027464,22.54439512,1000000000
372,30.19746068,27.67247527,23.50966148,16.68537658,20.77994752,19.17624057,22.48601875,21.59886171,25.96640405,2.490863989,69.57358456,70.56310587,92.81027464,22.54439512,1000000000
373,30.19746068,27.67247527,23.50966148,16.68537658,20.77994752,19.17624057,22.48601875,21.59886171,25.96640405,2.490863989,69.57358456,70.56310587,92.81027464,22.54439512,1000000000
374,30.19746068,27.67247527,23.50966148,16.68537658,20.77994752,19.17624057,22.48601875,21.59886171,25.96640405,2.490863989,69.57358456,70.56310587,92.81027464,22.54439512,1000000000
375,30.19746068,27.67247527,23.50966148,16.68537658,20.77994752,19.17624057,22.48601875,21.59886171,25.96640405,2.490863989,69.57358456,70.56310587,92.81027464,22.54439512,1000000000
376,30.19746068,27.67247527,23.50966148,16.68537658,20.77994752,19.17624057,22.48601875,21.59886171,25.96640405,2.490863989,69.57358456,70.56310587,92.81027464,22.54439512,1000000000
377,30.19746068,27.67247527,23.50966148,16.68537658,20.77994752,19.17624057,22.48601875,21.59886171,25.96640405,2.490863989,69.57358456,70.56310587,92.81027464,22.54439512,1000000000
378,30.19746068,27.67247527,23.50966148,16.68537658,20.77994752,19.17624057,22.48601875,21.59886171,25.96640405,2.490863989,69.57358456,70.56310587,92.81027464,22.54439512,1000000000
379,30.19746068,27.67247527,23.50966148,16.68537658,20.77994752,19.17624057,22.48601875,21.59886171,25.96640405,2.490863989,69.57358456,70.56310587,92.81027464,22.54439512,1000000000
380,30.19746068,27.67247527,23.50966148,16.68537658,20.77994752,19.17624057,22.48601875,21.59886171,25.96640405,2.490863989,69.57358456,70.56310587,92.81027464,22.54439512,1000000000
381,30.19746068,27.67247527,23.50966148,16.68537658,20.77994752,19.17624057,22.48601875,21.59886171,25.96640405,2.490863989,69.57358456,70.56310587,92.81027464,22.54439512,1000000000
382,30.19746068,27.67247527,23.50966148,16.68537658,20.77994752,19.17624057,22.48601875,21.59886171,25.96640405,2.490863989,69.57358456,70.56310587,92.81027464,22.54439512,1000000000
383,30.19746068,27.67247527,23.50966148,16.68537658,20.77994752,19.17624057,22.48601875,21.59886171,25.96640405,2.490863989,69.57358456,70.56310587,92.81027464,22.54439512,1000000000
384,30.19746068,27.67247527,23.50966148,16.68537658,20.77994752,19.17624057,22.48601875,21.59886171,25.96640405,2.490863989,69.57358456,70.56310587,92.81027464,22.54439512,1000000000
385,30.19746068,27.67247527,23.50966148,16.68537658,20.77994752,19.17624057,22.48601875,21.59886171,25.96640405,2.490863989,69.57358456,70.56310587,92.81027464,22.54439512,1000000000
386,30.19746068,27.67247527,23.50966148,16.68537658,20.77994752,19.17624057,22.48601875,21.59886171,25.96640405,2.490863989,69.57358456,70.56310587,92.81027464,22.54439512,1000000000
387,30.19746068,27.67247527,23.50966148,16.68537658,20.77994752,19.17624057,22.48601875,21.59886171,25.96640405,2.490863989,69.57358456,70.56310587,92.81027464,22.54439512,1000000000
388,30.19746068,27.67247527,23.50966148,16.68537658,20.77994752,19.17624057,22.48601875,21.59886171,25.96640405,2.490863989,69.57358456,70.56310587,92.81027464,22.54439512,1000000000
389,30.19746068,27.67247527,23.50966148,16.68537658,20.77994752,19.17624057,22.48601875,21.59886171,25.96640405,2.490863989,69.57358456,70.56310587,92.81027464,22.54439512,1000000000
390,30.19746068,27.67247527,23.50966148,16.68537658,20.77994752,19.17624057,22.48601875,21.59886171,25.96640405,2.490863989,69.57358456,70.56310587,92.81027464,22.54439512,1000000000
391,30.19746068,27.67247527,23.50966148,16.68537658,20.77994752,19.17624057,22.48601875,21.59886171,25.96640405,2.490863989,69.57358456,70.56310587,92.81027464,22.54439512,1000000000
392,30.19746068,27.67247527,23.50966148,16.68537658,20.77994752,19.17624057,22.48601875,21.59886171,25.96640405,2.490863989,69.57358456,70.56310587,92.81027464,22.54439512,1000000000
393,30.19746068,27.67247527,23.50966148,16.68537658,20.77994752,19.17624057,22.48601875,21.59886171,25.96640405,2.490863989,69.57358456,70.56310587,92.81027464,22.54439512,1000000000
394,30.19746068,27.67247527,23.50966148,16.68537658,20.77994752,19.17624057,22.48601875,21.59886171,25.96640405,2.490863989,69.57358456,70.56310587,92.81027464,22.54439512,1000000000
395,30.19746068,27.67247527,23.50966148,16.68537658,20.77994752,19.17624057,22.48601875,21.59886171,25.96640405,2.490863989,69.57358456,70.56310587,92.81027464,22.54439512,1000000000
396,30.19746068,27.67247527,23.50966148,16.68537658,20.77994752,19.17624057,22.48601875,21.59886171,25.96640405,2.490863989,69.57358456,70.56310587,92.81027464,22.54439512,1000000000
397,30.19746068,27.67247527,23.50966148,16.68537658,20.77994752,19.17624057,22.48601875,21.59886171,25.96640405,2.490863989,69.57358456,70.56310587,92.81027464,22.54439512,1000000000
398,30.19746068,27.67247527,23.50966148,16.68537658,20.77994752,19.17624057,22.48601875,21.59886171,25.96640405,2.490863989,69.57358456,70.56310587,92.81027464,22.54439512,1000000000
399,30.19746068,27.67247527,23.50966148,16.68537658,20.77994752,19.17624057,22.48601875,21.59886171,25.96640405,2.490863989,69.57358456,70.56310587,92.81027464,22.54439512,1000000000
400,30.19746068,27.67247527,23.50966148,16.68537658,20.77994752,19.17624057,22.48601875,21.59886171,25.96640405,2.490863989,69.57358456,70.56310587,92.81027464,22.54439512,1000000000
401,30.19746068,27.67247527,23.50966148,16.68537658,20.77994752,19.17624057,22.48601875,21.59886171,25.96640405,2.490863989,69.57358456,70.56310587,92.81027464,22.54439512,1000000000
402,30.19746068,27.67247527,23.50966148,16.68537658,20.77994752,19.17624057,22.48601875,21.59886171,25.96640405,2.490863989,69.57358456,70.56310587,92.81027464,22.54439512,1000000000
403,30.19746068,27.67247527,23.50966148,16.68537658,20.77994752,19.17624057,22.48601875,21.59886171,25.96640405,2.490863989,69.57358456,70.56310587,92.81027464,22.54439512,1000000000
404,30.19746068,27.67247527,23.50966148,16.68537658,20.77994752,19.17624057,22.48601875,21.59886171,25.96640405,2.490863989,69.57358456,70.56310587,92.81027464,22.54439512,1000000000
405,30.19746068,27.67247527,23.50966148,16.68537658,20.77994752,19.17624057,22.48601875,21.59886171,25.96640405,2.490863989,69.57358456,70.56310587,92.81027464,22.54439512,1000000000
406,30.19746068,27.67247527,23.50966148,16.68537658,20.77994752,19.17624057,22.48601875,21.59886171,25.96640405,2.490863989,69.57358456,70.56310587,92.81027464,22.54439512,1000000000
407,30.19746068,27.67247527,23.50966148,16.68537658,20.77994752,19.17624057,22.48601875,21.59886171,25.96640405,2.490863989,69.57358456,70.56310587,92.81027464,22.54439512,1000000000
408,30.19746068,27.67247527,23.50966148,16.68537658,20.77994752,19.17624057,22.48601875,21.59886171,25.96640405,2.490863989,69.57358456,70.56310587,92.81027464,22.54439512,1000000000
409,30.19746068,27.67247527,23.50966148,16.68537658,20.77994752,19.17624057,22.48601875,21.59886171,25.96640405,2.490863989,69.57358456,70.56310587,92.81027464,22.54439512,1000000000
410,30.19746068,27.67247527,23.50966148,16.68537658,20.77994752,19.17624057,22.48601875,21.59886171,25.96640405,2.490863989,69.57358456,70.56310587,92.81027464,22.54439512,1000000000
411,30.19746068,27.67247527,23.50966148,16.68537658,20.77994752,19.17624057,22.48601875,21.59886171,25.96640405,2.490863989,69.57358456,70.56310587,92.81027464,22.54439512,1000000000
412,30.19746068,27.67247527,23.50966148,16.68537658,20.77994752,19.17624057,22.48601875,21.59886171,25.96640405,2.490863989,69.57358456,70.56310587,92.81027464,22.54439512,1000000000
413,30.19746068,27.67247527,23.50966148,16.68537658,20.77994752,19.17624057,22.48601875,21.59886171,25.96640405,2.490863989,69.57358456,70.56310587,92.81027464,22.54439512,1000000000
414,30.19746068,27.67247527,23.50966148,16.68537658,20.77994752,19.17624057,22.48601875,21.59886171,25.96640405,2.490863989,69.57358456,70.56310587,92.81027464,22.54439512,1000000000
415,30.19746068,27.67247527,23.50966148,16.68537658,20.77994752,19.17624057,22.48601875,21.59886171,25.96640405,2.490863989,69.57358456,70.56310587,92.81027464,22.54439512,1000000000
416,30.19746068,27.67247527,23.50966148,16.68537658,20.77994752,19.17624057,22.48601875,21.59886171,25.96640405,2.490863989,69.57358456,70.56310587,92.81027464,22.54439512,1000000000
417,30.19746068,27.67247527,23.50966148,16.68537658,20.77994752,19.17624057,22.48601875,21.59886171,25.96640405,2.490863989,69.57358456,70.56310587,92.81027464,22.54439512,1000000000
418,30.19746068,27.67247527,23.50966148,16.68537658,20.77994752,19.17624057,22.48601875,21.59886171,25.96640405,2.490863989,69.57358456,70.56310587,92.81027464,22.54439512,1000000000
419,30.19746068,27.67247527,23.50966148,16.68537658,20.77994752,19.17624057,22.48601875,21.59886171,25.96640405,2.490863989,69.57358456,70.56310587,92.81027464,22.54439512,1000000000
420,30.19746068,27.67247527,23.50966148,16.68537658,20.77994752,19.17624057,22.48601875,21.59886171,25.96640405,2.490863989,69.57358456,70.56310587,92.81027464,22.54439512,1000000000
421,30.19746068,27.67247527,23.50966148,16.68537658,20.77994752,19.17624057,22.48601875,21.59886171,25.96640405,2.490863989,69.57358456,70.56310587,92.81027464,22.54439512,1000000000
422,30.19746068,27.67247527,23.50966148,16.68537658,20.77994752,19.17624057,22.48601875,21.59886171,25.96640405,2.490863989,69.57358456,70.56310587,92.81027464,22.54439512,1000000000
423,30.19746068,27.67247527,23.50966148,16.68537658,20.77994752,19.17624057,22.48601875,21.59886171,25.96640405,2.490863989,69.57358456,70.56310587,92.81027464,22.54439512,1000000000
424,30.19746068,27.67247527,23.50966148,16.68537658,20.77994752,19.17624057,22.48601875,21.59886171,25.96640405,2.490863989,69.57358456,70.56310587,92.81027464,22.54439512,1000000000
425,30.19746068,27.67247527,23.50966148,16.68537658,20.77994752,19.17624057,22.48601875,21.59886171,25.96640405,2.490863989,69.57358456,70.56310587,92.81027464,22.54439512,1000000000
426,30.19746068,27.67247527,23.50966148,16.68537658,20.77994752,19.17624057,22.48601875,21.59886171,25.96640405,2.490863989,69.57358456,70.56310587,92.81027464,22.54439512,1000000000
427,30.19746068,27.67247527,23.50966148,16.68537658,20.77994752,19.17624057,22.48601875,21.59886171,25.96640405,2.490863989,69.57358456,70.56310587,92.81027464,22.54439512,1000000000
428,30.19746068,27.67247527,23.50966148,16.68537658,20.77994752,19.17624057,22.48601875,21.59886171,25.96640405,2.490863989,69.57358456,70.56310587,92.81027464,22.54439512,1000000000
429,30.19746068,27.67247527,23.50966148,16.68537658,20.77994752,19.17624057,22.48601875,21.59886171,25.96640405,2.490863989,69.57358456,70.56310587,92.81027464,22.54439512,1000000000
430,30.19746068,27.67247527,23.50966148,16.68537658,20.77994752,19.17624057,22.48601875,21.59886171,25.96640405,2.490863989,69.57358456,70.56310587,92.81027464,22.54439512,1000000000
431,30.19746068,27.67247527,23.50966148,16.68537658,20.77994752,19.17624057,22.48601875,21.59886171,25.96640405,2.490863989,69.57358456,70.56310587,92.81027464,22.54439512,1000000000
432,30.19746068,27.67247527,23.50966148,16.68537658,20.77994752,19.17624057,22.48601875,21.59886171,25.96640405,2.490863989,69.57358456,70.56310587,92.81027464,22.54439512,1000000000
433,30.19746068,27.67247527,23.50966148,16.68537658,20.77994752,19.17624057,22.48601875,21.59886171,25.96640405,2.490863989,69.57358456,70.56310587,92.81027464,22.54439512,1000000000
434,30.19746068,27.67247527,23.50966148,16.68537658,20.77994752,19.17624057,22.48601875,21.59886171,25.96640405,2.490863989,69.57358456,70.56310587,92.81027464,22.54439512,1000000000
435,30.19746068,27.67247527,23.50966148,16.68537658,20.77994752,19.17624057,22.48601875,21.59886171,25.96640405,2.490863989,69.57358456,70.56310587,92.81027464,22.54439512,1000000000
436,30.19746068,27.67247527,23.50966148,16.68537658,20.77994752,19.17624057,22.48601875,21.59886171,25.96640405,2.490863989,69.57358456,70.56310587,92.81027464,22.54439512,1000000000
437,30.19746068,27.67247527,23.50966148,16.68537658,20.77994752,19.17624057,22.48601875,21.59886171,25.96640405,2.490863989,69.57358456,70.56310587,92.81027464,22.54439512,1000000000
438,30.19746068,27.67247527,23.50966148,16.68537658,20.77994752,19.17624057,22.48601875,21.59886171,25.96640405,2.490863989,69.57358456,70.56310587,92.81027464,22.54439512,1000000000
439,30.19746068,27.67247527,23.50966148,16.68537658,20.77994752,19.17624057,22.48601875,21.59886171,25.96640405,2.490863989,69.57358456,70.56310587,92.81027464,22.54439512,1000000000
440,30.19746068,27.67247527,23.50966148,16.68537658,20.77994752,19.17624057,22.48601875,21.59886171,25.96640405,2.490863989,69.57358456,70.56310587,92.81027464,22.54439512,1000000000
441,30.19746068,27.67247527,23.50966148,16.68537658,20.77994752,19.17624057,22.48601875,21.59886171,25.96640405,2.490863989,69.57358456,70.56310587,92.81027464,22.54439512,1000000000
442,30.19746068,27.67247527,23.50966148,16.68537658,20.77994752,19.17624057,22.48601875,21.59886171,25.96640405,2.490863989,69.57358456,70.56310587,92.81027464,22.54439512,1000000000
443,30.19746068,27.67247527,23.50966148,16.68537658,20.77994752,19.17624057,22.48601875,21.59886171,25.96640405,2.490863989,69.57358456,70.56310587,92.81027464,22.54439512,1000000000
444,30.19746068,27.67247527,23.50966148,16.68537658,20.77994752,19.17624057,22.48601875,21.59886171,25.96640405,2.490863989,69.57358456,70.56310587,92.81027464,22.54439512,1000000000
445,30.19746068,27.67247527,23.50966148,16.68537658,20.77994752,19.17624057,22.48601875,21.59886171,25.96640405,2.490863989,69.57358456,70.56310587,92.81027464,22.54439512,1000000000
446,30.19746068,27.67247527,23.50966148,16.68537658,20.77994752,19.17624057,22.48601875,21.59886171,25.96640405,2.490863989,69.57358456,70.56310587,92.81027464,22.54439512,1000000000
447,30.19746068,27.67247527,23.50966148,16.68537658,20.77994752,19.17624057,22.48601875,21.59886171,25.96640405,2.490863989,69.57358456,70.56310587,92.81027464,22.54439512,1000000000
448,30.19746068,27.67247527,23.50966148,16.68537658,20.77994752,19.17624057,22.48601875,21.59886171,25.96640405,2.490863989,69.57358456,70.56310587,92.81027464,22.54439512,1000000000
449,30.19746068,27.67247527,23.50966148,16.68537658,20.77994752,19.17624057,22.48601875,21.59886171,25.96640405,2.490863989,69.57358456,70.56310587,92.81027464,22.54439512,1000000000
450,30.19746068,27.67247527,23.50966148,16.68537658,20.77994752,19.17624057,22.48601875,21.59886171,25.96640405,2.490863989,69.57358456,70.56310587,92.81027464,22.54439512,1000000000
451,30.19746068,27.67247527,23.50966148,16.68537658,20.77994752,19.17624057,22.48601875,21.59886171,25.96640405,2.490863989,69.57358456,70.56310587,92.81027464,22.54439512,1000000000
452,30.19746068,27.67247527,23.50966148,16.68537658,20.77994752,19.17624057,22.48601875,21.59886171,25.96640405,2.490863989,69.57358456,70.56310587,92.81027464,22.54439512,1000000000
453,30.19746068,27.67247527,23.50966148,16.68537658,20.77994752,19.17624057,22.48601875,21.59886171,25.96640405,2.490863989,69.57358456,70.56310587,92.81027464,22.54439512,1000000000
454,30.19746068,27.67247527,23.50966148,16.68537658,20.77994752,19.17624057,22.48601875,21.59886171,25.96640405,2.490863989,69.57358456,70.56310587,92.81027464,22.54439512,1000000000
455,30.19746068,27.67247527,23.50966148,16.68537658,20.77994752,19.17624057,22.48601875,21.59886171,25.96640405,2.490863989,69.57358456,70.56310587,92.81027464,22.54439512,1000000000
456,30.19746068,27.67247527,23.50966148,16.68537658,20.77994752,19.17624057,22.48601875,21.59886171,25.96640405,2.490863989,69.57358456,70.56310587,92.81027464,22.54439512,1000000000
457,30.19746068,27.67247527,23.50966148,16.68537658,20.77994752,19.17624057,22.48601875,21.59886171,25.96640405,2.490863989,69.57358456,70.56310587,92.81027464,22.54439512,1000000000
458,30.19746068,27.67247527,23.50966148,16.68537658,20.77994752,19.17624057,22.48601875,21.59886171,25.96640405,2.490863989,69.57358456,70.56310587,92.81027464,22.54439512,1000000000
459,30.19746068,27.67247527,23.50966148,16.68537658,20.77994752,19.17624057,22.48601875,21.59886171,25.96640405,2.490863989,69.57358456,70.56310587,92.81027464,22.54439512,1000000000
460,30.19746068,27.67247527,23.50966148,16.68537658,20.77994752,19.17624057,22.48601875,21.59886171,25.96640405,2.490863989,69.57358456,70.56310587,92.81027464,22.54439512,1000000000
461,30.19746068,27.67247527,23.50966148,16.68537658,20.77994752,19.17624057,22.48601875,21.59886171,25.96640405,2.490863989,69.57358456,70.56310587,92.81027464,22.54439512,1000000000
462,30.19746068,27.67247527,23.50966148,16.68537658,20.77994752,19.17624057,22.48601875,21.59886171,25.96640405,2.490863989,69.57358456,70.56310587,92.81027464,22.54439512,1000000000
463,30.19746068,27.67247527,23.50966148,16.68537658,20.77994752,19.17624057,22.48601875,21.59886171,25.96640405,2.490863989,69.57358456,70.56310587,92.81027464,22.54439512,1000000000
464,30.19746068,27.67247527,23.50966148,16.68537658,20.77994752,19.17624057,22.48601875,21.59886171,25.96640405,2.490863989,69.57358456,70.56310587,92.81027464,22.54439512,1000000000
465,30.19746068,27.67247527,23.50966148,16.68537658,20.77994752,19.17624057,22.48601875,21.59886171,25.96640405,2.490863989,69.57358456,70.56310587,92.81027464,22.54439512,1000000000
466,30.19746068,27.67247527,23.50966148,16.68537658,20.77994752,19.17624057,22.48601875,21.59886171,25.96640405,2.490863989,69.57358456,70.56310587,92.81027464,22.54439512,1000000000
467,30.19746068,27.67247527,23.50966148,16.68537658,20.77994752,19.17624057,22.48601875,21.59886171,25.96640405,2.490863989,69.57358456,70.56310587,92.81027464,22.54439512,1000000000
468,30.19746068,27.67247527,23.50966148,16.68537658,20.77994752,19.17624057,22.48601875,21.59886171,25.96640405,2.490863989,69.57358456,70.56310587,92.81027464,22.54439512,1000000000
469,30.19746068,27.67247527,23.50966148,16.68537658,20.77994752,19.17624057,22.48601875,21.59886171,25.96640405,2.490863989,69.57358456,70.56310587,92.81027464,22.54439512,1000000000
470,30.19746068,27.67247527,23.50966148,16.68537658,20.77994752,19.17624057,22.48601875,21.59886171,25.96640405,2.490863989,69.57358456,70.56310587,92.81027464,22.54439512,1000000000
471,30.19746068,27.67247527,23.50966148,16.68537658,20.77994752,19.17624057,22.48601875,21.59886171,25.96640405,2.490863989,69.57358456,70.56310587,92.81027464,22.54439512,1000000000
472,30.19746068,27.67247527,23.50966148,16.68537658,20.77994752,19.17624057,22.48601875,21.59886171,25.96640405,2.490863989,69.57358456,70.56310587,92.81027464,22.54439512,1000000000
473,30.19746068,27.67247527,23.50966148,16.68537658,20.77994752,19.17624057,22.48601875,21.59886171,25.96640405,2.490863989,69.57358456,70.56310587,92.81027464,22.54439512,1000000000
474,30.19746068,27.67247527,23.50966148,16.68537658,20.77994752,19.17624057,22.48601875,21.59886171,25.96640405,2.490863989,69.57358456,70.56310587,92.81027464,22.54439512,1000000000
475,30.19746068,27.67247527,23.50966148,16.68537658,20.77994752,19.17624057,22.48601875,21.59886171,25.96640405,2.490863989,69.57358456,70.56310587,92.81027464,22.54439512,1000000000
476,30.19746068,27.67247527,23.50966148,16.68537658,20.77994752,19.17624057,22.48601875,21.59886171,25.96640405,2.490863989,69.57358456,70.56310587,92.81027464,22.54439512,1000000000
477,30.19746068,27.67247527,23.50966148,16.68537658,20.77994752,19.17624057,22.48601875,21.59886171,25.96640405,2.490863989,69.57358456,70.56310587,92.81027464,22.54439512,1000000000
478,30.19746068,27.67247527,23.50966148,16.68537658,20.77994752,19.17624057,22.48601875,21.59886171,25.96640405,2.490863989,69.57358456,70.56310587,92.81027464,22.54439512,1000000000
479,30.19746068,27.67247527,23.50966148,16.68537658,20.77994752,19.17624057,22.48601875,21.59886171,25.96640405,2.490863989,69.57358456,70.56310587,92.81027464,22.54439512,1000000000
480,30.19746068,27.67247527,23.50966148,16.68537658,20.77994752,19.17624057,22.48601875,21.59886171,25.96640405,2.490863989,69.57358456,70.56310587,92.81027464,22.54439512,1000000000
481,30.19746068,27.67247527,23.50966148,16.68537658,20.77994752,19.17624057,22.48601875,21.59886171,25.96640405,2.490863989,69.57358456,70.56310587,92.81027464,22.54439512,1000000000
482,30.19746068,27.67247527,23.50966148,16.68537658,20.77994752,19.17624057,22.48601875,21.59886171,25.96640405,2.490863989,69.57358456,70.56310587,92.81027464,22.54439512,1000000000
483,30.19746068,27.67247527,23.50966148,16.68537658,20.77994752,19.17624057,22.48601875,21.59886171,25.96640405,2.490863989,69.57358456,70.56310587,92.81027464,22.54439512,1000000000
484,30.19746068,27.67247527,23.50966148,16.68537658,20.77994752,19.17624057,22.48601875,21.59886171,25.96640405,2.490863989,69.57358456,70.56310587,92.81027464,22.54439512,1000000000
485,30.19746068,27.67247527,23.50966148,16.68537658,20.77994752,19.17624057,22.48601875,21.59886171,25.96640405,2.490863989,69.57358456,70.56310587,92.81027464,22.54439512,1000000000
486,30.19746068,27.67247527,23.50966148,16.68537658,20.77994752,19.17624057,22.48601875,21.59886171,25.96640405,2.490863989,69.57358456,70.56310587,92.81027464,22.54439512,1000000000
487,30.19746068,27.67247527,23.50966148,16.68537658,20.77994752,19.17624057,22.48601875,21.59886171,25.96640405,2.490863989,69.57358456,70.56310587,92.81027464,22.54439512,1000000000
488,30.19746068,27.67247527,23.50966148,16.68537658,20.77994752,19.17624057,22.48601875,21.59886171,25.96640405,2.490863989,69.57358456,70.56310587,92.81027464,22.54439512,1000000000
489,30.19746068,27.67247527,23.50966148,16.68537658,20.77994752,19.17624057,22.48601875,21.59886171,25.96640405,2.490863989,69.57358456,70.56310587,92.81027464,22.54439512,1000000000
490,30.19746068,27.67247527,23.50966148,16.68537658,20.77994752,19.17624057,22.48601875,21.59886171,25.96640405,2.490863989,69.57358456,70.56310587,92.81027464,22.54439512,1000000000
491,30.19746068,27.67247527,23.50966148,16.68537658,20.77994752,19.17624057,22.48601875,21.59886171,25.96640405,2.490863989,69.57358456,70.56310587,92.81027464,22.54439512,1000000000
492,30.19746068,27.67247527,23.50966148,16.68537658,20.77994752,19.17624057,22.48601875,21.59886171,25.96640405,2.490863989,69.57358456,70.56310587,92.81027464,22.54439512,1000000000
493,30.19746068,27.67247527,23.50966148,16.68537658,20.77994752,19.17624057,22.48601875,21.59886171,25.96640405,2.490863989,69.57358456,70.56310587,92.81027464,22.54439512,1000000000
494,30.19746068,27.67247527,23.50966148,16.68537658,20.77994752,19.17624057,22.48601875,21.59886171,25.96640405,2.490863989,69.57358456,70.56310587,92.81027464,22.54439512,1000000000
495,30.19746068,27.67247527,23.50966148,16.68537658,20.77994752,19.17624057,22.48601875,21.59886171,25.96640405,2.490863989,69.57358456,70.56310587,92.81027464,22.54439512,1000000000
496,30.19746068,27.67247527,23.50966148,16.68537658,20.77994752,19.17624057,22.48601875,21.59886171,25.96640405,2.490863989,69.57358456,70.56310587,92.81027464,22.54439512,1000000000
497,30.19746068,27.67247527,23.50966148,16.68537658,20.77994752,19.17624057,22.48601875,21.59886171,25.96640405,2.490863989,69.57358456,70.56310587,92.81027464,22.54439512,1000000000
498,30.19746068,27.67247527,23.50966148,16.68537658,20.77994752,19.17624057,22.48601875,21.59886171,25.96640405,2.490863989,69.57358456,70.56310587,92.81027464,22.54439512,1000000000
499,30.19746068,27.67247527,23.50966148,16.68537658,20.77994752,19.17624057,22.48601875,21.59886171,25.96640405,2.490863989,69.57358456,70.56310587,92.81027464,22.54439512,1000000000
500,30.19746068,27.67247527,23.50966148,16.68537658,20.77994752,19.17624057,22.48601875,21.59886171,25.96640405,2.490863989,69.57358456,70.56310587,92.81027464,22.54439512,1000000000
501,30.19746068,27.67247527,23.50966148,16.68537658,20.77994752,19.17624057,22.48601875,21.59886171,25.96640405,2.490863989,69.57358456,70.56310587,92.81027464,22.54439512,1000000000
502,30.19746068,27.67247527,23.50966148,16.68537658,20.77994752,19.17624057,22.48601875,21.59886171,25.96640405,2.490863989,69.57358456,70.56310587,92.81027464,22.54439512,1000000000
503,30.19746068,27.67247527,23.50966148,16.68537658,20.77994752,19.17624057,22.48601875,21.59886171,25.96640405,2.490863989,69.57358456,70.56310587,92.81027464,22.54439512,1000000000
504,30.19746068,27.67247527,23.50966148,16.68537658,20.77994752,19.17624057,22.48601875,21.59886171,25.96640405,2.490863989,69.57358456,70.56310587,92.81027464,22.54439512,1000000000
505,30.19746068,27.67247527,23.50966148,16.68537658,20.77994752,19.17624057,22.48601875,21.59886171,25.96640405,2.490863989,69.57358456,70.56310587,92.81027464,22.54439512,1000000000
506,30.19746068,27.67247527,23.50966148,16.68537658,20.77994752,19.17624057,22.48601875,21.59886171,25.96640405,2.490863989,69.57358456,70.56310587,92.81027464,22.54439512,1000000000
507,30.19746068,27.67247527,23.50966148,16.68537658,20.77994752,19.17624057,22.48601875,21.59886171,25.96640405,2.490863989,69.57358456,70.56310587,92.81027464,22.54439512,1000000000
508,30.19746068,27.67247527,23.50966148,16.68537658,20.77994752,19.17624057,22.48601875,21.59886171,25.96640405,2.490863989,69.57358456,70.56310587,92.81027464,22.54439512,1000000000
509,30.19746068,27.67247527,23.50966148,16.68537658,20.77994752,19.17624057,22.48601875,21.59886171,25.96640405,2.490863989,69.57358456,70.56310587,92.81027464,22.54439512,1000000000
510,30.19746068,27.67247527,23.50966148,16.68537658,20.77994752,19.17624057,22.48601875,21.59886171,25.96640405,2.490863989,69.57358456,70.56310587,92.81027464,22.54439512,1000000000
511,30.19746068,27.67247527,23.50966148,16.68537658,20.77994752,19.17624057,22.48601875,21.59886171,25.96640405,2.490863989,69.57358456,70.56310587,92.81027464,22.54439512,1000000000
512,30.19746068,27.67247527,23.50966148,16.68537658,20.77994752,19.17624057,22.48601875,21.59886171,25.96640405,2.490863989,69.57358456,70.56310587,92.81027464,22.54439512,1000000000
513,30.19746068,27.67247527,23.50966148,16.68537658,20.77994752,19.17624057,22.48601875,21.59886171,25.96640405,2.490863989,69.57358456,70.56310587,92.81027464,22.54439512,1000000000
514,30.19746068,27.67247527,23.50966148,16.68537658,20.77994752,19.17624057,22.48601875,21.59886171,25.96640405,2.490863989,69.57358456,70.56310587,92.81027464,22.54439512,1000000000
515,30.19746068,27.67247527,23.50966148,16.68537658,20.77994752,19.17624057,22.48601875,21.59886171,25.96640405,2.490863989,69.57358456,70.56310587,92.81027464,22.54439512,1000000000
516,30.19746068,27.67247527,23.50966148,16.68537658,20.77994752,19.17624057,22.48601875,21.59886171,25.96640405,2.490863989,69.57358456,70.56310587,92.81027464,22.54439512,1000000000
517,30.19746068,27.67247527,23.50966148,16.68537658,20.77994752,19.17624057,22.48601875,21.59886171,25.96640405,2.490863989,69.57358456,70.56310587,92.81027464,22.54439512,1000000000
518,30.19746068,27.67247527,23.50966148,16.68537658,20.77994752,19.17624057,22.48601875,21.59886171,25.96640405,2.490863989,69.57358456,70.56310587,92.81027464,22.54439512,1000000000
519,30.19746068,27.67247527,23.50966148,16.68537658,20.77994752,19.17624057,22.48601875,21.59886171,25.96640405,2.490863989,69.57358456,70.56310587,92.81027464,22.54439512,1000000000
520,30.19746068,27.67247527,23.50966148,16.68537658,20.77994752,19.17624057,22.48601875,21.59886171,25.96640405,2.490863989,69.57358456,70.56310587,92.81027464,22.54439512,1000000000
521,30.19746068,27.67247527,23.50966148,16.68537658,20.77994752,19.17624057,22.48601875,21.59886171,25.96640405,2.490863989,69.57358456,70.56310587,92.81027464,22.54439512,1000000000
522,30.19746068,27.67247527,23.50966148,16.68537658,20.77994752,19.17624057,22.48601875,21.59886171,25.96640405,2.490863989,69.57358456,70.56310587,92.81027464,22.54439512,1000000000
523,30.19746068,27.67247527,23.50966148,16.68537658,20.77994752,19.17624057,22.48601875,21.59886171,25.96640405,2.490863989,69.57358456,70.56310587,92.81027464,22.54439512,1000000000
524,30.19746068,27.67247527,23.50966148,16.68537658,20.77994752,19.17624057,22.48601875,21.59886171,25.96640405,2.490863989,69.57358456,70.56310587,92.81027464,22.54439512,1000000000
525,30.19746068,27.67247527,23.50966148,16.68537658,20.77994752,19.17624057,22.48601875,21.59886171,25.96640405,2.490863989,69.57358456,70.56310587,92.81027464,22.54439512,1000000000
526,30.19746068,27.67247527,23.50966148,16.68537658,20.77994752,19.17624057,22.48601875,21.59886171,25.96640405,2.490863989,69.57358456,70.56310587,92.81027464,22.54439512,1000000000
527,30.19746068,27.67247527,23.50966148,16.68537658,20.77994752,19.17624057,22.48601875,21.59886171,25.96640405,2.490863989,69.57358456,70.56310587,92.81027464,22.54439512,1000000000
528,30.19746068,27.67247527,23.50966148,16.68537658,20.77994752,19.17624057,22.48601875,21.59886171,25.96640405,2.490863989,69.57358456,70.56310587,92.81027464,22.54439512,1000000000
529,30.19746068,27.67247527,23.50966148,16.68537658,20.77994752,19.17624057,22.48601875,21.59886171,25.96640405,2.490863989,69.57358456,70.56310587,92.81027464,22.54439512,1000000000
530,30.19746068,27.67247527,23.50966148,16.68537658,20.77994752,19.17624057,22.48601875,21.59886171,25.96640405,2.490863989,69.57358456,70.56310587,92.81027464,22.54439512,1000000000
531,30.19746068,27.67247527,23.50966148,16.68537658,20.77994752,19.17624057,22.48601875,21.59886171,25.96640405,2.490863989,69.57358456,70.56310587,92.81027464,22.54439512,1000000000
532,30.19746068,27.67247527,23.50966148,16.68537658,20.77994752,19.17624057,22.48601875,21.59886171,25.96640405,2.490863989,69.57358456,70.56310587,92.81027464,22.54439512,1000000000
533,30.19746068,27.67247527,23.50966148,16.68537658,20.77994752,19.17624057,22.48601875,21.59886171,25.96640405,2.490863989,69.57358456,70.56310587,92.81027464,22.54439512,1000000000
534,30.19746068,27.67247527,23.50966148,16.68537658,20.77994752,19.17624057,22.48601875,21.59886171,25.96640405,2.490863989,69.57358456,70.56310587,92.81027464,22.54439512,1000000000
535,30.19746068,27.67247527,23.50966148,16.68537658,20.77994752,19.17624057,22.48601875,21.59886171,25.96640405,2.490863989,69.57358456,70.56310587,92.81027464,22.54439512,1000000000
536,30.19746068,27.67247527,23.50966148,16.68537658,20.77994752,19.17624057,22.48601875,21.59886171,25.96640405,2.490863989,69.57358456,70.56310587,92.81027464,22.54439512,1000000000
537,30.19746068,27.67247527,23.50966148,16.68537658,20.77994752,19.17624057,22.48601875,21.59886171,25.96640405,2.490863989,69.57358456,70.56310587,92.81027464,22.54439512,1000000000
538,30.19746068,27.67247527,23.50966148,16.68537658,20.77994752,19.17624057,22.48601875,21.59886171,25.96640405,2.490863989,69.57358456,70.56310587,92.81027464,22.54439512,1000000000
539,30.19746068,27.67247527,23.50966148,16.68537658,20.77994752,19.17624057,22.48601875,21.59886171,25.96640405,2.490863989,69.57358456,70.56310587,92.81027464,22.54439512,1000000000
540,30.19746068,27.67247527,23.50966148,16.68537658,20.77994752,19.17624057,22.48601875,21.59886171,25.96640405,2.490863989,69.57358456,70.56310587,92.81027464,22.54439512,1000000000
541,30.19746068,27.67247527,23.50966148,16.68537658,20.77994752,19.17624057,22.48601875,21.59886171,25.96640405,2.490863989,69.57358456,70.56310587,92.81027464,22.54439512,1000000000
542,30.19746068,27.67247527,23.50966148,16.68537658,20.77994752,19.17624057,22.48601875,21.59886171,25.96640405,2.490863989,69.57358456,70.56310587,92.81027464,22.54439512,1000000000
543,30.19746068,27.67247527,23.50966148,16.68537658,20.77994752,19.17624057,22.48601875,21.59886171,25.96640405,2.490863989,69.57358456,70.56310587,92.81027464,22.54439512,1000000000
544,30.19746068,27.67247527,23.50966148,16.68537658,20.77994752,19.17624057,22.48601875,21.59886171,25.96640405,2.490863989,69.57358456,70.56310587,92.81027464,22.54439512,1000000000
545,30.19746068,27.67247527,23.50966148,16.68537658,20.77994752,19.17624057,22.48601875,21.59886171,25.96640405,2.490863989,69.57358456,70.56310587,92.81027464,22.54439512,1000000000
546,30.19746068,27.67247527,23.50966148,16.68537658,20.77994752,19.17624057,22.48601875,21.59886171,25.96640405,2.490863989,69.57358456,70.56310587,92.81027464,22.54439512,1000000000
547,30.19746068,27.67247527,23.50966148,16.68537658,20.77994752,19.17624057,22.48601875,21.59886171,25.96640405,2.490863989,69.57358456,70.56310587,92.81027464,22.54439512,1000000000
548,30.19746068,27.67247527,23.50966148,16.68537658,20.77994752,19.17624057,22.48601875,21.59886171,25.96640405,2.490863989,69.57358456,70.56310587,92.81027464,22.54439512,1000000000
549,30.19746068,27.67247527,23.50966148,16.68537658,20.77994752,19.17624057,22.48601875,21.59886171,25.96640405,2.490863989,69.57358456,70.56310587,92.81027464,22.54439512,1000000000
550,30.19746068,27.67247527,23.50966148,16.68537658,20.77994752,19.17624057,22.48601875,21.59886171,25.96640405,2.490863989,69.57358456,70.56310587,92.81027464,22.54439512,1000000000
551,30.19746068,27.67247527,23.50966148,16.68537658,20.77994752,19.17624057,22.48601875,21.59886171,25.96640405,2.490863989,69.57358456,70.56310587,92.81027464,22.54439512,1000000000
552,30.19746068,27.67247527,23.50966148,16.68537658,20.77994752,19.17624057,22.48601875,21.59886171,25.96640405,2.490863989,69.57358456,70.56310587,92.81027464,22.54439512,1000000000
553,30.19746068,27.67247527,23.50966148,16.68537658,20.77994752,19.17624057,22.48601875,21.59886171,25.96640405,2.490863989,69.57358456,70.56310587,92.81027464,22.54439512,1000000000
554,30.19746068,27.67247527,23.50966148,16.68537658,20.77994752,19.17624057,22.48601875,21.59886171,25.96640405,2.490863989,69.57358456,70.56310587,92.81027464,22.54439512,1000000000
555,30.19746068,27.67247527,23.50966148,16.68537658,20.77994752,19.17624057,22.48601875,21.59886171,25.96640405,2.490863989,69.57358456,70.56310587,92.81027464,22.54439512,1000000000
556,30.19746068,27.67247527,23.50966148,16.68537658,20.77994752,19.17624057,22.48601875,21.59886171,25.96640405,2.490863989,69.57358456,70.56310587,92.81027464,22.54439512,1000000000
557,30.19746068,27.67247527,23.50966148,16.68537658,20.77994752,19.17624057,22.48601875,21.59886171,25.96640405,2.490863989,69.57358456,70.56310587,92.81027464,22.54439512,1000000000
558,30.19746068,27.67247527,23.50966148,16.68537658,20.77994752,19.17624057,22.48601875,21.59886171,25.96640405,2.490863989,69.57358456,70.56310587,92.81027464,22.54439512,1000000000
559,30.19746068,27.67247527,23.50966148,16.68537658,20.77994752,19.17624057,22.48601875,21.59886171,25.96640405,2.490863989,69.57358456,70.56310587,92.81027464,22.54439512,1000000000
560,30.19746068,27.67247527,23.50966148,16.68537658,20.77994752,19.17624057,22.48601875,21.59886171,25.96640405,2.490863989,69.57358456,70.56310587,92.81027464,22.54439512,1000000000
561,30.19746068,27.67247527,23.50966148,16.68537658,20.77994752,19.17624057,22.48601875,21.59886171,25.96640405,2.490863989,69.57358456,70.56310587,92.81027464,22.54439512,1000000000
562,30.19746068,27.67247527,23.50966148,16.68537658,20.77994752,19.17624057,22.48601875,21.59886171,25.96640405,2.490863989,69.57358456,70.56310587,92.81027464,22.54439512,1000000000
563,30.19746068,27.67247527,23.50966148,16.68537658,20.77994752,19.17624057,22.48601875,21.59886171,25.96640405,2.490863989,69.57358456,70.56310587,92.81027464,22.54439512,1000000000
564,30.19746068,27.67247527,23.50966148,16.68537658,20.77994752,19.17624057,22.48601875,21.59886171,25.96640405,2.490863989,69.57358456,70.56310587,92.81027464,22.54439512,1000000000
565,30.19746068,27.67247527,23.50966148,16.68537658,20.77994752,19.17624057,22.48601875,21.59886171,25.96640405,2.490863989,69.57358456,70.56310587,92.81027464,22.54439512,1000000000
566,30.19746068,27.67247527,23.50966148,16.68537658,20.77994752,19.17624057,22.48601875,21.59886171,25.96640405,2.490863989,69.57358456,70.56310587,92.81027464,22.54439512,1000000000
567,30.19746068,27.67247527,23.50966148,16.68537658,20.77994752,19.17624057,22.48601875,21.59886171,25.96640405,2.490863989,69.57358456,70.56310587,92.81027464,22.54439512,1000000000
568,30.19746068,27.67247527,23.50966148,16.68537658,20.77994752,19.17624057,22.48601875,21.59886171,25.96640405,2.490863989,69.57358456,70.56310587,92.81027464,22.54439512,1000000000
569,30.19746068,27.67247527,23.50966148,16.68537658,20.77994752,19.17624057,22.48601875,21.59886171,25.96640405,2.490863989,69.57358456,70.56310587,92.81027464,22.54439512,1000000000
570,30.19746068,27.67247527,23.50966148,16.68537658,20.77994752,19.17624057,22.48601875,21.59886171,25.96640405,2.490863989,69.57358456,70.56310587,92.81027464,22.54439512,1000000000
571,30.19746068,27.67247527,23.50966148,16.68537658,20.77994752,19.17624057,22.48601875,21.59886171,25.96640405,2.490863989,69.57358456,70.56310587,92.81027464,22.54439512,1000000000
572,30.19746068,27.67247527,23.50966148,16.68537658,20.77994752,19.17624057,22.48601875,21.59886171,25.96640405,2.490863989,69.57358456,70.56310587,92.81027464,22.54439512,1000000000
573,30.19746068,27.67247527,23.50966148,16.68537658,20.77994752,19.17624057,22.48601875,21.59886171,25.96640405,2.490863989,69.57358456,70.56310587,92.81027464,22.54439512,1000000000
574,30.19746068,27.67247527,23.50966148,16.68537658,20.77994752,19.17624057,22.48601875,21.59886171,25.96640405,2.490863989,69.57358456,70.56310587,92.81027464,22.54439512,1000000000
575,30.19746068,27.67247527,23.50966148,16.68537658,20.77994752,19.17624057,22.48601875,21.59886171,25.96640405,2.490863989,69.57358456,70.56310587,92.81027464,22.54439512,1000000000
576,30.19746068,27.67247527,23.50966148,16.68537658,20.77994752,19.17624057,22.48601875,21.59886171,25.96640405,2.490863989,69.57358456,70.56310587,92.81027464,22.54439512,1000000000
577,30.19746068,27.67247527,23.50966148,16.68537658,20.77994752,19.17624057,22.48601875,21.59886171,25.96640405,2.490863989,69.57358456,70.56310587,92.81027464,22.54439512,1000000000
578,30.19746068,27.67247527,23.50966148,16.68537658,20.77994752,19.17624057,22.48601875,21.59886171,25.96640405,2.490863989,69.57358456,70.56310587,92.81027464,22.54439512,1000000000
579,30.19746068,27.67247527,23.50966148,16.68537658,20.77994752,19.17624057,22.48601875,21.59886171,25.96640405,2.490863989,69.57358456,70.56310587,92.81027464,22.54439512,1000000000
580,30.19746068,27.67247527,23.50966148,16.68537658,20.77994752,19.17624057,22.48601875,21.59886171,25.96640405,2.490863989,69.57358456,70.56310587,92.81027464,22.54439512,1000000000
581,30.19746068,27.67247527,23.50966148,16.68537658,20.77994752,19.17624057,22.48601875,21.59886171,25.96640405,2.490863989,69.57358456,70.56310587,92.81027464,22.54439512,1000000000
582,30.19746068,27.67247527,23.50966148,16.68537658,20.77994752,19.17624057,22.48601875,21.59886171,25.96640405,2.490863989,69.57358456,70.56310587,92.81027464,22.54439512,1000000000
583,30.19746068,27.67247527,23.50966148,16.68537658,20.77994752,19.17624057,22.48601875,21.59886171,25.96640405,2.490863989,69.57358456,70.56310587,92.81027464,22.54439512,1000000000
584,30.19746068,27.67247527,23.50966148,16.68537658,20.77994752,19.17624057,22.48601875,21.59886171,25.96640405,2.490863989,69.57358456,70.56310587,92.81027464,22.54439512,1000000000
585,30.19746068,27.67247527,23.50966148,16.68537658,20.77994752,19.17624057,22.48601875,21.59886171,25.96640405,2.490863989,69.57358456,70.56310587,92.81027464,22.54439512,1000000000
586,30.19746068,27.67247527,23.50966148,16.68537658,20.77994752,19.17624057,22.48601875,21.59886171,25.96640405,2.490863989,69.57358456,70.56310587,92.81027464,22.54439512,1000000000
587,30.19746068,27.67247527,23.50966148,16.68537658,20.77994752,19.17624057,22.48601875,21.59886171,25.96640405,2.490863989,69.57358456,70.56310587,92.81027464,22.54439512,1000000000
588,30.19746068,27.67247527,23.50966148,16.68537658,20.77994752,19.17624057,22.48601875,21.59886171,25.96640405,2.490863989,69.57358456,70.56310587,92.81027464,22.54439512,1000000000
589,30.19746068,27.67247527,23.50966148,16.68537658,20.77994752,19.17624057,22.48601875,21.59886171,25.96640405,2.490863989,69.57358456,70.56310587,92.81027464,22.54439512,1000000000
590,30.19746068,27.67247527,23.50966148,16.68537658,20.77994752,19.17624057,22.48601875,21.59886171,25.96640405,2.490863989,69.57358456,70.56310587,92.81027464,22.54439512,1000000000
591,30.19746068,27.67247527,23.50966148,16.68537658,20.77994752,19.17624057,22.48601875,21.59886171,25.96640405,2.490863989,69.57358456,70.56310587,92.81027464,22.54439512,1000000000
592,30.19746068,27.67247527,23.50966148,16.68537658,20.77994752,19.17624057,22.48601875,21.59886171,25.96640405,2.490863989,69.57358456,70.56310587,92.81027464,22.54439512,1000000000
593,30.19746068,27.67247527,23.50966148,16.68537658,20.77994752,19.17624057,22.48601875,21.59886171,25.96640405,2.490863989,69.57358456,70.56310587,92.81027464,22.54439512,1000000000
594,30.19746068,27.67247527,23.50966148,16.68537658,20.77994752,19.17624057,22.48601875,21.59886171,25.96640405,2.490863989,69.57358456,70.56310587,92.81027464,22.54439512,1000000000
595,30.19746068,27.67247527,23.50966148,16.68537658,20.77994752,19.17624057,22.48601875,21.59886171,25.96640405,2.490863989,69.57358456,70.56310587,92.81027464,22.54439512,1000000000
596,30.19746068,27.67247527,23.50966148,16.68537658,20.77994752,19.17624057,22.48601875,21.59886171,25.96640405,2.490863989,69.57358456,70.56310587,92.81027464,22.54439512,1000000000
597,30.19746068,27.67247527,23.50966148,16.68537658,20.77994752,19.17624057,22.48601875,21.59886171,25.96640405,2.490863989,69.57358456,70.56310587,92.81027464,22.54439512,1000000000
598,30.19746068,27.67247527,23.50966148,16.68537658,20.77994752,19.17624057,22.48601875,21.59886171,25.96640405,2.490863989,69.57358456,70.56310587,92.81027464,22.54439512,1000000000
599,30.19746068,27.67247527,23.50966148,16.68537658,20.77994752,19.17624057,22.48601875,21.59886171,25.96640405,2.490863989,69.57358456,70.56310587,92.81027464,22.54439512,1000000000
600,30.19746068,27.67247527,23.50966148,16.68537658,20.77994752,19.17624057,22.48601875,21.59886171,25.96640405,2.490863989,69.57358456,70.56310587,92.81027464,22.54439512,1000000000
601,30.19746068,27.67247527,23.50966148,16.68537658,20.77994752,19.17624057,22.48601875,21.59886171,25.96640405,2.490863989,69.57358456,70.56310587,92.81027464,22.54439512,1000000000
602,30.19746068,27.67247527,23.50966148,16.68537658,20.77994752,19.17624057,22.48601875,21.59886171,25.96640405,2.490863989,69.57358456,70.56310587,92.81027464,22.54439512,1000000000
603,30.19746068,27.67247527,23.50966148,16.68537658,20.77994752,19.17624057,22.48601875,21.59886171,25.96640405,2.490863989,69.57358456,70.56310587,92.81027464,22.54439512,1000000000
604,30.19746068,27.67247527,23.50966148,16.68537658,20.77994752,19.17624057,22.48601875,21.59886171,25.96640405,2.490863989,69.57358456,70.56310587,92.81027464,22.54439512,1000000000
605,30.19746068,27.67247527,23.50966148,16.68537658,20.77994752,19.17624057,22.48601875,21.59886171,25.96640405,2.490863989,69.57358456,70.56310587,92.81027464,22.54439512,1000000000
606,30.19746068,27.67247527,23.50966148,16.68537658,20.77994752,19.17624057,22.48601875,21.59886171,25.96640405,2.490863989,69.57358456,70.56310587,92.81027464,22.54439512,1000000000
607,30.19746068,27.67247527,23.50966148,16.68537658,20.77994752,19.17624057,22.48601875,21.59886171,25.96640405,2.490863989,69.57358456,70.56310587,92.81027464,22.54439512,1000000000
608,30.19746068,27.67247527,23.50966148,16.68537658,20.77994752,19.17624057,22.48601875,21.59886171,25.96640405,2.490863989,69.57358456,70.56310587,92.81027464,22.54439512,1000000000
609,30.19746068,27.67247527,23.50966148,16.68537658,20.77994752,19.17624057,22.48601875,21.59886171,25.96640405,2.490863989,69.57358456,70.56310587,92.81027464,22.54439512,1000000000
610,30.19746068,27.67247527,23.50966148,16.68537658,20.77994752,19.17624057,22.48601875,21.59886171,25.96640405,2.490863989,69.57358456,70.56310587,92.81027464,22.54439512,1000000000
611,30.19746068,27.67247527,23.50966148,16.68537658,20.77994752,19.17624057,22.48601875,21.59886171,25.96640405,2.490863989,69.57358456,70.56310587,92.81027464,22.54439512,1000000000
612,30.19746068,27.67247527,23.50966148,16.68537658,20.77994752,19.17624057,22.48601875,21.59886171,25.96640405,2.490863989,69.57358456,70.56310587,92.81027464,22.54439512,1000000000
613,30.19746068,27.67247527,23.50966148,16.68537658,20.77994752,19.17624057,22.48601875,21.59886171,25.96640405,2.490863989,69.57358456,70.56310587,92.81027464,22.54439512,1000000000
614,30.19746068,27.67247527,23.50966148,16.68537658,20.77994752,19.17624057,22.48601875,21.59886171,25.96640405,2.490863989,69.57358456,70.56310587,92.81027464,22.54439512,1000000000
615,30.19746068,27.67247527,23.50966148,16.68537658,20.77994752,19.17624057,22.48601875,21.59886171,25.96640405,2.490863989,69.57358456,70.56310587,92.81027464,22.54439512,1000000000
616,30.19746068,27.67247527,23.50966148,16.68537658,20.77994752,19.17624057,22.48601875,21.59886171,25.96640405,2.490863989,69.57358456,70.56310587,92.81027464,22.54439512,1000000000
617,30.19746068,27.67247527,23.50966148,16.68537658,20.77994752,19.17624057,22.48601875,21.59886171,25.96640405,2.490863989,69.57358456,70.56310587,92.81027464,22.54439512,1000000000
618,30.19746068,27.67247527,23.50966148,16.68537658,20.77994752,19.17624057,22.48601875,21.59886171,25.96640405,2.490863989,69.57358456,70.56310587,92.81027464,22.54439512,1000000000
619,30.19746068,27.67247527,23.50966148,16.68537658,20.77994752,19.17624057,22.48601875,21.59886171,25.96640405,2.490863989,69.57358456,70.56310587,92.81027464,22.54439512,1000000000
620,30.19746068,27.67247527,23.50966148,16.68537658,20.77994752,19.17624057,22.48601875,21.59886171,25.96640405,2.490863989,69.57358456,70.56310587,92.81027464,22.54439512,1000000000
621,30.19746068,27.67247527,23.50966148,16.68537658,20.77994752,19.17624057,22.48601875,21.59886171,25.96640405,2.490863989,69.57358456,70.56310587,92.81027464,22.54439512,1000000000
622,30.19746068,27.67247527,23.50966148,16.68537658,20.77994752,19.17624057,22.48601875,21.59886171,25.96640405,2.490863989,69.57358456,70.56310587,92.81027464,22.54439512,1000000000
623,30.19746068,27.67247527,23.50966148,16.68537658,20.77994752,19.17624057,22.48601875,21.59886171,25.96640405,2.490863989,69.57358456,70.56310587,92.81027464,22.54439512,1000000000
624,30.19746068,27.67247527,23.50966148,16.68537658,20.77994752,19.17624057,22.48601875,21.59886171,25.96640405,2.490863989,69.57358456,70.56310587,92.81027464,22.54439512,1000000000
625,30.19746068,27.67247527,23.50966148,16.68537658,20.77994752,19.17624057,22.48601875,21.59886171,25.96640405,2.490863989,69.57358456,70.56310587,92.81027464,22.54439512,1000000000
626,30.19746068,27.67247527,23.50966148,16.68537658,20.77994752,19.17624057,22.48601875,21.59886171,25.96640405,2.490863989,69.57358456,70.56310587,92.81027464,22.54439512,1000000000
627,30.19746068,27.67247527,23.50966148,16.68537658,20.77994752,19.17624057,22.48601875,21.59886171,25.96640405,2.490863989,69.57358456,70.56310587,92.81027464,22.54439512,1000000000
628,30.19746068,27.67247527,23.50966148,16.68537658,20.77994752,19.17624057,22.48601875,21.59886171,25.96640405,2.490863989,69.57358456,70.56310587,92.81027464,22.54439512,1000000000
629,30.19746068,27.67247527,23.50966148,16.68537658,20.77994752,19.17624057,22.48601875,21.59886171,25.96640405,2.490863989,69.57358456,70.56310587,92.81027464,22.54439512,1000000000
630,30.19746068,27.67247527,23.50966148,16.68537658,20.77994752,19.17624057,22.48601875,21.59886171,25.96640405,2.490863989,69.57358456,70.56310587,92.81027464,22.54439512,1000000000
631,30.19746068,27.67247527,23.50966148,16.68537658,20.77994752,19.17624057,22.48601875,21.59886171,25.96640405,2.490863989,69.57358456,70.56310587,92.81027464,22.54439512,1000000000
632,30.19746068,27.67247527,23.50966148,16.68537658,20.77994752,19.17624057,22.48601875,21.59886171,25.96640405,2.490863989,69.57358456,70.56310587,92.81027464,22.54439512,1000000000
633,30.19746068,27.67247527,23.50966148,16.68537658,20.77994752,19.17624057,22.48601875,21.59886171,25.96640405,2.490863989,69.57358456,70.56310587,92.81027464,22.54439512,1000000000
634,30.19746068,27.67247527,23.50966148,16.68537658,20.77994752,19.17624057,22.48601875,21.59886171,25.96640405,2.490863989,69.57358456,70.56310587,92.81027464,22.54439512,1000000000
635,30.19746068,27.67247527,23.50966148,16.68537658,20.77994752,19.17624057,22.48601875,21.59886171,25.96640405,2.490863989,69.57358456,70.56310587,92.81027464,22.54439512,1000000000
636,30.19746068,27.67247527,23.50966148,16.68537658,20.77994752,19.17624057,22.48601875,21.59886171,25.96640405,2.490863989,69.57358456,70.56310587,92.81027464,22.54439512,1000000000
637,30.19746068,27.67247527,23.50966148,16.68537658,20.77994752,19.17624057,22.48601875,21.59886171,25.96640405,2.490863989,69.57358456,70.56310587,92.81027464,22.54439512,1000000000
638,30.19746068,27.67247527,23.50966148,16.68537658,20.77994752,19.17624057,22.48601875,21.59886171,25.96640405,2.490863989,69.57358456,70.56310587,92.81027464,22.54439512,1000000000
639,30.19746068,27.67247527,23.50966148,16.68537658,20.77994752,19.17624057,22.48601875,21.59886171,25.96640405,2.490863989,69.57358456,70.56310587,92.81027464,22.54439512,1000000000
640,30.19746068,27.67247527,23.50966148,16.68537658,20.77994752,19.17624057,22.48601875,21.59886171,25.96640405,2.490863989,69.57358456,70.56310587,92.81027464,22.54439512,1000000000
641,30.19746068,27.67247527,23.50966148,16.68537658,20.77994752,19.17624057,22.48601875,21.59886171,25.96640405,2.490863989,69.57358456,70.56310587,92.81027464,22.54439512,1000000000
642,30.19746068,27.67247527,23.50966148,16.68537658,20.77994752,19.17624057,22.48601875,21.59886171,25.96640405,2.490863989,69.57358456,70.56310587,92.81027464,22.54439512,1000000000
643,30.19746068,27.67247527,23.50966148,16.68537658,20.77994752,19.17624057,22.48601875,21.59886171,25.96640405,2.490863989,69.57358456,70.56310587,92.81027464,22.54439512,1000000000
644,30.19746068,27.67247527,23.50966148,16.68537658,20.77994752,19.17624057,22.48601875,21.59886171,25.96640405,2.490863989,69.57358456,70.56310587,92.81027464,22.54439512,1000000000
645,30.19746068,27.67247527,23.50966148,16.68537658,20.77994752,19.17624057,22.48601875,21.59886171,25.96640405,2.490863989,69.57358456,70.56310587,92.81027464,22.54439512,1000000000
646,30.19746068,27.67247527,23.50966148,16.68537658,20.77994752,19.17624057,22.48601875,21.59886171,25.96640405,2.490863989,69.57358456,70.56310587,92.81027464,22.54439512,1000000000
647,30.19746068,27.67247527,23.50966148,16.68537658,20.77994752,19.17624057,22.48601875,21.59886171,25.96640405,2.490863989,69.57358456,70.56310587,92.81027464,22.54439512,1000000000
648,30.19746068,27.67247527,23.50966148,16.68537658,20.77994752,19.17624057,22.48601875,21.59886171,25.96640405,2.490863989,69.57358456,70.56310587,92.81027464,22.54439512,1000000000
649,30.19746068,27.67247527,23.50966148,16.68537658,20.77994752,19.17624057,22.48601875,21.59886171,25.96640405,2.490863989,69.57358456,70.56310587,92.81027464,22.54439512,1000000000
650,30.19746068,27.67247527,23.50966148,16.68537658,20.77994752,19.17624057,22.48601875,21.59886171,25.96640405,2.490863989,69.57358456,70.56310587,92.81027464,22.54439512,1000000000
651,30.19746068,27.67247527,23.50966148,16.68537658,20.77994752,19.17624057,22.48601875,21.59886171,25.96640405,2.490863989,69.57358456,70.56310587,92.81027464,22.54439512,1000000000
652,30.19746068,27.67247527,23.50966148,16.68537658,20.77994752,19.17624057,22.48601875,21.59886171,25.96640405,2.490863989,69.57358456,70.56310587,92.81027464,22.54439512,1000000000
653,30.19746068,27.67247527,23.50966148,16.68537658,20.77994752,19.17624057,22.48601875,21.59886171,25.96640405,2.490863989,69.57358456,70.56310587,92.81027464,22.54439512,1000000000
654,30.19746068,27.67247527,23.50966148,16.68537658,20.77994752,19.17624057,22.48601875,21.59886171,25.96640405,2.490863989,69.57358456,70.56310587,92.81027464,22.54439512,1000000000
655,30.19746068,27.67247527,23.50966148,16.68537658,20.77994752,19.17624057,22.48601875,21.59886171,25.96640405,2.490863989,69.57358456,70.56310587,92.81027464,22.54439512,1000000000
656,30.19746068,27.67247527,23.50966148,16.68537658,20.77994752,19.17624057,22.48601875,21.59886171,25.96640405,2.490863989,69.57358456,70.56310587,92.81027464,22.54439512,1000000000
657,30.19746068,27.67247527,23.50966148,16.68537658,20.77994752,19.17624057,22.48601875,21.59886171,25.96640405,2.490863989,69.57358456,70.56310587,92.81027464,22.54439512,1000000000
658,30.19746068,27.67247527,23.50966148,16.68537658,20.77994752,19.17624057,22.48601875,21.59886171,25.96640405,2.490863989,69.57358456,70.56310587,92.81027464,22.54439512,1000000000
659,30.19746068,27.67247527,23.50966148,16.68537658,20.77994752,19.17624057,22.48601875,21.59886171,25.96640405,2.490863989,69.57358456,70.56310587,92.81027464,22.54439512,1000000000
660,30.19746068,27.67247527,23.50966148,16.68537658,20.77994752,19.17624057,22.48601875,21.59886171,25.96640405,2.490863989,69.57358456,70.56310587,92.81027464,22.54439512,1000000000
661,30.19746068,27.67247527,23.50966148,16.68537658,20.77994752,19.17624057,22.48601875,21.59886171,25.96640405,2.490863989,69.57358456,70.56310587,92.81027464,22.54439512,1000000000
662,30.19746068,27.67247527,23.50966148,16.68537658,20.77994752,19.17624057,22.48601875,21.59886171,25.96640405,2.490863989,69.57358456,70.56310587,92.81027464,22.54439512,1000000000
663,30.19746068,27.67247527,23.50966148,16.68537658,20.77994752,19.17624057,22.48601875,21.59886171,25.96640405,2.490863989,69.57358456,70.56310587,92.81027464,22.54439512,1000000000
664,30.19746068,27.67247527,23.50966148,16.68537658,20.77994752,19.17624057,22.48601875,21.59886171,25.96640405,2.490863989,69.57358456,70.56310587,92.81027464,22.54439512,1000000000
665,30.19746068,27.67247527,23.50966148,16.68537658,20.77994752,19.17624057,22.48601875,21.59886171,25.96640405,2.490863989,69.57358456,70.56310587,92.81027464,22.54439512,1000000000
666,30.19746068,27.67247527,23.50966148,16.68537658,20.77994752,19.17624057,22.48601875,21.59886171,25.96640405,2.490863989,69.57358456,70.56310587,92.81027464,22.54439512,1000000000
667,30.19746068,27.67247527,23.50966148,16.68537658,20.77994752,19.17624057,22.48601875,21.59886171,25.96640405,2.490863989,69.57358456,70.56310587,92.81027464,22.54439512,1000000000
668,30.19746068,27.67247527,23.50966148,16.68537658,20.77994752,19.17624057,22.48601875,21.59886171,25.96640405,2.490863989,69.57358456,70.56310587,92.81027464,22.54439512,1000000000
669,30.19746068,27.67247527,23.50966148,16.68537658,20.77994752,19.17624057,22.48601875,21.59886171,25.96640405,2.490863989,69.57358456,70.56310587,92.81027464,22.54439512,1000000000
670,30.19746068,27.67247527,23.50966148,16.68537658,20.77994752,19.17624057,22.48601875,21.59886171,25.96640405,2.490863989,69.57358456,70.56310587,92.81027464,22.54439512,1000000000
671,30.19746068,27.67247527,23.50966148,16.68537658,20.77994752,19.17624057,22.48601875,21.59886171,25.96640405,2.490863989,69.57358456,70.56310587,92.81027464,22.54439512,1000000000
672,30.19746068,27.67247527,23.50966148,16.68537658,20.77994752,19.17624057,22.48601875,21.59886171,25.96640405,2.490863989,69.57358456,70.56310587,92.81027464,22.54439512,1000000000
673,30.19746068,27.67247527,23.50966148,16.68537658,20.77994752,19.17624057,22.48601875,21.59886171,25.96640405,2.490863989,69.57358456,70.56310587,92.81027464,22.54439512,1000000000
674,30.19746068,27.67247527,23.50966148,16.68537658,20.77994752,19.17624057,22.48601875,21.59886171,25.96640405,2.490863989,69.57358456,70.56310587,92.81027464,22.54439512,1000000000
675,30.19746068,27.67247527,23.50966148,16.68537658,20.77994752,19.17624057,22.48601875,21.59886171,25.96640405,2.490863989,69.57358456,70.56310587,92.81027464,22.54439512,1000000000
676,30.19746068,27.67247527,23.50966148,16.68537658,20.77994752,19.17624057,22.48601875,21.59886171,25.96640405,2.490863989,69.57358456,70.56310587,92.81027464,22.54439512,1000000000
677,30.19746068,27.67247527,23.50966148,16.68537658,20.77994752,19.17624057,22.48601875,21.59886171,25.96640405,2.490863989,69.57358456,70.56310587,92.81027464,22.54439512,1000000000
678,30.19746068,27.67247527,23.50966148,16.68537658,20.77994752,19.17624057,22.48601875,21.59886171,25.96640405,2.490863989,69.57358456,70.56310587,92.81027464,22.54439512,1000000000
679,30.19746068,27.67247527,23.50966148,16.68537658,20.77994752,19.17624057,22.48601875,21.59886171,25.96640405,2.490863989,69.57358456,70.56310587,92.81027464,22.54439512,1000000000
680,30.19746068,27.67247527,23.50966148,16.68537658,20.77994752,19.17624057,22.48601875,21.59886171,25.96640405,2.490863989,69.57358456,70.56310587,92.81027464,22.54439512,1000000000
681,30.19746068,27.67247527,23.50966148,16.68537658,20.77994752,19.17624057,22.48601875,21.59886171,25.96640405,2.490863989,69.57358456,70.56310587,92.81027464,22.54439512,1000000000
682,30.19746068,27.67247527,23.50966148,16.68537658,20.77994752,19.17624057,22.48601875,21.59886171,25.96640405,2.490863989,69.57358456,70.56310587,92.81027464,22.54439512,1000000000
683,30.19746068,27.67247527,23.50966148,16.68537658,20.77994752,19.17624057,22.48601875,21.59886171,25.96640405,2.490863989,69.57358456,70.56310587,92.81027464,22.54439512,1000000000
684,30.19746068,27.67247527,23.50966148,16.68537658,20.77994752,19.17624057,22.48601875,21.59886171,25.96640405,2.490863989,69.57358456,70.56310587,92.81027464,22.54439512,1000000000
685,30.19746068,27.67247527,23.50966148,16.68537658,20.77994752,19.17624057,22.48601875,21.59886171,25.96640405,2.490863989,69.57358456,70.56310587,92.81027464,22.54439512,1000000000
686,30.19746068,27.67247527,23.50966148,16.68537658,20.77994752,19.17624057,22.48601875,21.59886171,25.96640405,2.490863989,69.57358456,70.56310587,92.81027464,22.54439512,1000000000
687,30.19746068,27.67247527,23.50966148,16.68537658,20.77994752,19.17624057,22.48601875,21.59886171,25.96640405,2.490863989,69.57358456,70.56310587,92.81027464,22.54439512,1000000000
688,30.19746068,27.67247527,23.50966148,16.68537658,20.77994752,19.17624057,22.48601875,21.59886171,25.96640405,2.490863989,69.57358456,70.56310587,92.81027464,22.54439512,1000000000
689,30.19746068,27.67247527,23.50966148,16.68537658,20.77994752,19.17624057,22.48601875,21.59886171,25.96640405,2.490863989,69.57358456,70.56310587,92.81027464,22.54439512,1000000000
690,30.19746068,27.67247527,23.50966148,16.68537658,20.77994752,19.17624057,22.48601875,21.59886171,25.96640405,2.490863989,69.57358456,70.56310587,92.81027464,22.54439512,1000000000
691,30.19746068,27.67247527,23.50966148,16.68537658,20.77994752,19.17624057,22.48601875,21.59886171,25.96640405,2.490863989,69.57358456,70.56310587,92.81027464,22.54439512,1000000000
692,30.19746068,27.67247527,23.50966148,16.68537658,20.77994752,19.17624057,22.48601875,21.59886171,25.96640405,2.490863989,69.57358456,70.56310587,92.81027464,22.54439512,1000000000
693,30.19746068,27.67247527,23.50966148,16.68537658,20.77994752,19.17624057,22.48601875,21.59886171,25.96640405,2.490863989,69.57358456,70.56310587,92.81027464,22.54439512,1000000000
694,30.19746068,27.67247527,23.50966148,16.68537658,20.77994752,19.17624057,22.48601875,21.59886171,25.96640405,2.490863989,69.57358456,70.56310587,92.81027464,22.54439512,1000000000
695,30.19746068,27.67247527,23.50966148,16.68537658,20.77994752,19.17624057,22.48601875,21.59886171,25.96640405,2.490863989,69.57358456,70.56310587,92.81027464,22.54439512,1000000000
696,30.19746068,27.67247527,23.50966148,16.68537658,20.77994752,19.17624057,22.48601875,21.59886171,25.96640405,2.490863989,69.57358456,70.56310587,92.81027464,22.54439512,1000000000
697,30.19746068,27.67247527,23.50966148,16.68537658,20.77994752,19.17624057,22.48601875,21.59886171,25.96640405,2.490863989,69.57358456,70.56310587,92.81027464,22.54439512,1000000000
698,30.19746068,27.67247527,23.50966148,16.68537658,20.77994752,19.17624057,22.48601875,21.59886171,25.96640405,2.490863989,69.57358456,70.56310587,92.81027464,22.54439512,1000000000
699,30.19746068,27.67247527,23.50966148,16.68537658,20.77994752,19.17624057,22.48601875,21.59886171,25.96640405,2.490863989,69.57358456,70.56310587,92.81027464,22.54439512,1000000000
700,30.19746068,27.67247527,23.50966148,16.68537658,20.77994752,19.17624057,22.48601875,21.59886171,25.96640405,2.490863989,69.57358456,70.56310587,92.81027464,22.54439512,1000000000
701,30.19746068,27.67247527,23.50966148,16.68537658,20.77994752,19.17624057,22.48601875,21.59886171,25.96640405,2.490863989,69.57358456,70.56310587,92.81027464,22.54439512,1000000000
702,30.19746068,27.67247527,23.50966148,16.68537658,20.77994752,19.17624057,22.48601875,21.59886171,25.96640405,2.490863989,69.57358456,70.56310587,92.81027464,22.54439512,1000000000
703,30.19746068,27.67247527,23.50966148,16.68537658,20.77994752,19.17624057,22.48601875,21.59886171,25.96640405,2.490863989,69.57358456,70.56310587,92.81027464,22.54439512,1000000000
704,30.19746068,27.67247527,23.50966148,16.68537658,20.77994752,19.17624057,22.48601875,21.59886171,25.96640405,2.490863989,69.57358456,70.56310587,92.81027464,22.54439512,1000000000
705,30.19746068,27.67247527,23.50966148,16.68537658,20.77994752,19.17624057,22.48601875,21.59886171,25.96640405,2.490863989,69.57358456,70.56310587,92.81027464,22.54439512,1000000000
706,30.19746068,27.67247527,23.50966148,16.68537658,20.77994752,19.17624057,22.48601875,21.59886171,25.96640405,2.490863989,69.57358456,70.56310587,92.81027464,22.54439512,1000000000
707,30.19746068,27.67247527,23.50966148,16.68537658,20.77994752,19.17624057,22.48601875,21.59886171,25.96640405,2.490863989,69.57358456,70.56310587,92.81027464,22.54439512,1000000000
708,30.19746068,27.67247527,23.50966148,16.68537658,20.77994752,19.17624057,22.48601875,21.59886171,25.96640405,2.490863989,69.57358456,70.56310587,92.81027464,22.54439512,1000000000
709,30.19746068,27.67247527,23.50966148,16.68537658,20.77994752,19.17624057,22.48601875,21.59886171,25.96640405,2.490863989,69.57358456,70.56310587,92.81027464,22.54439512,1000000000
710,30.19746068,27.67247527,23.50966148,16.68537658,20.77994752,19.17624057,22.48601875,21.59886171,25.96640405,2.490863989,69.57358456,70.56310587,92.81027464,22.54439512,1000000000
711,30.19746068,27.67247527,23.50966148,16.68537658,20.77994752,19.17624057,22.48601875,21.59886171,25.96640405,2.490863989,69.57358456,70.56310587,92.81027464,22.54439512,1000000000
712,30.19746068,27.67247527,23.50966148,16.68537658,20.77994752,19.17624057,22.48601875,21.59886171,25.96640405,2.490863989,69.57358456,70.56310587,92.81027464,22.54439512,1000000000
713,30.19746068,27.67247527,23.50966148,16.68537658,20.77994752,19.17624057,22.48601875,21.59886171,25.96640405,2.490863989,69.57358456,70.56310587,92.81027464,22.54439512,1000000000
714,30.19746068,27.67247527,23.50966148,16.68537658,20.77994752,19.17624057,22.48601875,21.59886171,25.96640405,2.490863989,69.57358456,70.56310587,92.81027464,22.54439512,1000000000
715,30.19746068,27.67247527,23.50966148,16.68537658,20.77994752,19.17624057,22.48601875,21.59886171,25.96640405,2.490863989,69.57358456,70.56310587,92.81027464,22.54439512,1000000000
716,30.19746068,27.67247527,23.50966148,16.68537658,20.77994752,19.17624057,22.48601875,21.59886171,25.96640405,2.490863989,69.57358456,70.56310587,92.81027464,22.54439512,1000000000
717,30.19746068,27.67247527,23.50966148,16.68537658,20.77994752,19.17624057,22.48601875,21.59886171,25.96640405,2.490863989,69.57358456,70.56310587,92.81027464,22.54439512,1000000000
718,30.19746068,27.67247527,23.50966148,16.68537658,20.77994752,19.17624057,22.48601875,21.59886171,25.96640405,2.490863989,69.57358456,70.56310587,92.81027464,22.54439512,1000000000
719,30.19746068,27.67247527,23.50966148,16.68537658,20.77994752,19.17624057,22.48601875,21.59886171,25.96640405,2.490863989,69.57358456,70.56310587,92.81027464,22.54439512,1000000000
720,30.19746068,27.67247527,23.50966148,16.68537658,20.77994752,19.17624057,22.48601875,21.59886171,25.96640405,2.490863989,69.57358456,70.56310587,92.81027464,22.54439512,1000000000
721,30.19746068,27.67247527,23.50966148,16.68537658,20.77994752,19.17624057,22.48601875,21.59886171,25.96640405,2.490863989,69.57358456,70.56310587,92.81027464,22.54439512,1000000000
722,30.19746068,27.67247527,23.50966148,16.68537658,20.77994752,19.17624057,22.48601875,21.59886171,25.96640405,2.490863989,69.57358456,70.56310587,92.81027464,22.54439512,1000000000
723,30.19746068,27.67247527,23.50966148,16.68537658,20.77994752,19.17624057,22.48601875,21.59886171,25.96640405,2.490863989,69.57358456,70.56310587,92.81027464,22.54439512,1000000000
724,30.19746068,27.67247527,23.50966148,16.68537658,20.77994752,19.17624057,22.48601875,21.59886171,25.96640405,2.490863989,69.57358456,70.56310587,92.81027464,22.54439512,1000000000
725,30.19746068,27.67247527,23.50966148,16.68537658,20.77994752,19.17624057,22.48601875,21.59886171,25.96640405,2.490863989,69.57358456,70.56310587,92.81027464,22.54439512,1000000000
726,30.19746068,27.67247527,23.50966148,16.68537658,20.77994752,19.17624057,22.48601875,21.59886171,25.96640405,2.490863989,69.57358456,70.56310587,92.81027464,22.54439512,1000000000
727,30.19746068,27.67247527,23.50966148,16.68537658,20.77994752,19.17624057,22.48601875,21.59886171,25.96640405,2.490863989,69.57358456,70.56310587,92.81027464,22.54439512,1000000000
728,30.19746068,27.67247527,23.50966148,16.68537658,20.77994752,19.17624057,22.48601875,21.59886171,25.96640405,2.490863989,69.57358456,70.56310587,92.81027464,22.54439512,1000000000
729,30.19746068,27.67247527,23.50966148,16.68537658,20.77994752,19.17624057,22.48601875,21.59886171,25.96640405,2.490863989,69.57358456,70.56310587,92.81027464,22.54439512,1000000000
730,30.19746068,27.67247527,23.50966148,16.68537658,20.77994752,19.17624057,22.48601875,21.59886171,25.96640405,2.490863989,69.57358456,70.56310587,92.81027464,22.54439512,1000000000
731,30.19746068,27.67247527,23.50966148,16.68537658,20.77994752,19.17624057,22.48601875,21.59886171,25.96640405,2.490863989,69.57358456,70.56310587,92.81027464,22.54439512,1000000000
732,30.19746068,27.67247527,23.50966148,16.68537658,20.77994752,19.17624057,22.48601875,21.59886171,25.96640405,2.490863989,69.57358456,70.56310587,92.81027464,22.54439512,1000000000
733,30.19746068,27.67247527,23.50966148,16.68537658,20.77994752,19.17624057,22.48601875,21.59886171,25.96640405,2.490863989,69.57358456,70.56310587,92.81027464,22.54439512,1000000000
734,30.19746068,27.67247527,23.50966148,16.68537658,20.77994752,19.17624057,22.48601875,21.59886171,25.96640405,2.490863989,69.57358456,70.56310587,92.81027464,22.54439512,1000000000
735,30.19746068,27.67247527,23.50966148,16.68537658,20.77994752,19.17624057,22.48601875,21.59886171,25.96640405,2.490863989,69.57358456,70.56310587,92.81027464,22.54439512,1000000000
736,30.19746068,27.67247527,23.50966148,16.68537658,20.77994752,19.17624057,22.48601875,21.59886171,25.96640405,2.490863989,69.57358456,70.56310587,92.81027464,22.54439512,1000000000
737,30.19746068,27.67247527,23.50966148,16.68537658,20.77994752,19.17624057,22.48601875,21.59886171,25.96640405,2.490863989,69.57358456,70.56310587,92.81027464,22.54439512,1000000000
738,30.19746068,27.67247527,23.50966148,16.68537658,20.77994752,19.17624057,22.48601875,21.59886171,25.96640405,2.490863989,69.57358456,70.56310587,92.81027464,22.54439512,1000000000
739,30.19746068,27.67247527,23.50966148,16.68537658,20.77994752,19.17624057,22.48601875,21.59886171,25.96640405,2.490863989,69.57358456,70.56310587,92.81027464,22.54439512,1000000000
740,30.19746068,27.67247527,23.50966148,16.68537658,20.77994752,19.17624057,22.48601875,21.59886171,25.96640405,2.490863989,69.57358456,70.56310587,92.81027464,22.54439512,1000000000
741,30.19746068,27.67247527,23.50966148,16.68537658,20.77994752,19.17624057,22.48601875,21.59886171,25.96640405,2.490863989,69.57358456,70.56310587,92.81027464,22.54439512,1000000000
742,30.19746068,27.67247527,23.50966148,16.68537658,20.77994752,19.17624057,22.48601875,21.59886171,25.96640405,2.490863989,69.57358456,70.56310587,92.81027464,22.54439512,1000000000
743,30.19746068,27.67247527,23.50966148,16.68537658,20.77994752,19.17624057,22.48601875,21.59886171,25.96640405,2.490863989,69.57358456,70.56310587,92.81027464,22.54439512,1000000000
744,30.19746068,27.67247527,23.50966148,16.68537658,20.77994752,19.17624057,22.48601875,21.59886171,25.96640405,2.490863989,69.57358456,70.56310587,92.81027464,22.54439512,1000000000
745,30.19746068,27.67247527,23.50966148,16.68537658,20.77994752,19.17624057,22.48601875,21.59886171,25.96640405,2.490863989,69.57358456,70.56310587,92.81027464,22.54439512,1000000000
746,30.19746068,27.67247527,23.50966148,16.68537658,20.77994752,19.17624057,22.48601875,21.59886171,25.96640405,2.490863989,69.57358456,70.56310587,92.81027464,22.54439512,1000000000
747,30.19746068,27.67247527,23.50966148,16.68537658,20.77994752,19.17624057,22.48601875,21.59886171,25.96640405,2.490863989,69.57358456,70.56310587,92.81027464,22.54439512,1000000000
748,30.19746068,27.67247527,23.50966148,16.68537658,20.77994752,19.17624057,22.48601875,21.59886171,25.96640405,2.490863989,69.57358456,70.56310587,92.81027464,22.54439512,1000000000
749,30.19746068,27.67247527,23.50966148,16.68537658,20.77994752,19.17624057,22.48601875,21.59886171,25.96640405,2.490863989,69.57358456,70.56310587,92.81027464,22.54439512,1000000000
750,30.19746068,27.67247527,23.50966148,16.68537658,20.77994752,19.17624057,22.48601875,21.59886171,25.96640405,2.490863989,69.57358456,70.56310587,92.81027464,22.54439512,1000000000
751,30.19746068,27.67247527,23.50966148,16.68537658,20.77994752,19.17624057,22.48601875,21.59886171,25.96640405,2.490863989,69.57358456,70.56310587,92.81027464,22.54439512,1000000000
752,30.19746068,27.67247527,23.50966148,16.68537658,20.77994752,19.17624057,22.48601875,21.59886171,25.96640405,2.490863989,69.57358456,70.56310587,92.81027464,22.54439512,1000000000
753,30.19746068,27.67247527,23.50966148,16.68537658,20.77994752,19.17624057,22.48601875,21.59886171,25.96640405,2.490863989,69.57358456,70.56310587,92.81027464,22.54439512,1000000000
754,30.19746068,27.67247527,23.50966148,16.68537658,20.77994752,19.17624057,22.48601875,21.59886171,25.96640405,2.490863989,69.57358456,70.56310587,92.81027464,22.54439512,1000000000
755,30.19746068,27.67247527,23.50966148,16.68537658,20.77994752,19.17624057,22.48601875,21.59886171,25.96640405,2.490863989,69.57358456,70.56310587,92.81027464,22.54439512,1000000000
756,30.19746068,27.67247527,23.50966148,16.68537658,20.77994752,19.17624057,22.48601875,21.59886171,25.96640405,2.490863989,69.57358456,70.56310587,92.81027464,22.54439512,1000000000
757,30.19746068,27.67247527,23.50966148,16.68537658,20.77994752,19.17624057,22.48601875,21.59886171,25.96640405,2.490863989,69.57358456,70.56310587,92.81027464,22.54439512,1000000000
758,30.19746068,27.67247527,23.50966148,16.68537658,20.77994752,19.17624057,22.48601875,21.59886171,25.96640405,2.490863989,69.57358456,70.56310587,92.81027464,22.54439512,1000000000
759,30.19746068,27.67247527,23.50966148,16.68537658,20.77994752,19.17624057,22.48601875,21.59886171,25.96640405,2.490863989,69.57358456,70.56310587,92.81027464,22.54439512,1000000000
760,30.19746068,27.67247527,23.50966148,16.68537658,20.77994752,19.17624057,22.48601875,21.59886171,25.96640405,2.490863989,69.57358456,70.56310587,92.81027464,22.54439512,1000000000
761,30.19746068,27.67247527,23.50966148,16.68537658,20.77994752,19.17624057,22.48601875,21.59886171,25.96640405,2.490863989,69.57358456,70.56310587,92.81027464,22.54439512,1000000000
762,30.19746068,27.67247527,23.50966148,16.68537658,20.77994752,19.17624057,22.48601875,21.59886171,25.96640405,2.490863989,69.57358456,70.56310587,92.81027464,22.54439512,1000000000
763,30.19746068,27.67247527,23.50966148,16.68537658,20.77994752,19.17624057,22.48601875,21.59886171,25.96640405,2.490863989,69.57358456,70.56310587,92.81027464,22.54439512,1000000000
764,30.19746068,27.67247527,23.50966148,16.68537658,20.77994752,19.17624057,22.48601875,21.59886171,25.96640405,2.490863989,69.57358456,70.56310587,92.81027464,22.54439512,1000000000
765,30.19746068,27.67247527,23.50966148,16.68537658,20.77994752,19.17624057,22.48601875,21.59886171,25.96640405,2.490863989,69.57358456,70.56310587,92.81027464,22.54439512,1000000000
766,30.19746068,27.67247527,23.50966148,16.68537658,20.77994752,19.17624057,22.48601875,21.59886171,25.96640405,2.490863989,69.57358456,70.56310587,92.81027464,22.54439512,1000000000
767,30.19746068,27.67247527,23.50966148,16.68537658,20.77994752,19.17624057,22.48601875,21.59886171,25.96640405,2.490863989,69.57358456,70.56310587,92.81027464,22.54439512,1000000000
768,30.19746068,27.67247527,23.50966148,16.68537658,20.77994752,19.17624057,22.48601875,21.59886171,25.96640405,2.490863989,69.57358456,70.56310587,92.81027464,22.54439512,1000000000
769,30.19746068,27.67247527,23.50966148,16.68537658,20.77994752,19.17624057,22.48601875,21.59886171,25.96640405,2.490863989,69.57358456,70.56310587,92.81027464,22.54439512,1000000000
770,30.19746068,27.67247527,23.50966148,16.68537658,20.77994752,19.17624057,22.48601875,21.59886171,25.96640405,2.490863989,69.57358456,70.56310587,92.81027464,22.54439512,1000000000
771,30.19746068,27.67247527,23.50966148,16.68537658,20.77994752,19.17624057,22.48601875,21.59886171,25.96640405,2.490863989,69.57358456,70.56310587,92.81027464,22.54439512,1000000000
772,30.19746068,27.67247527,23.50966148,16.68537658,20.77994752,19.17624057,22.48601875,21.59886171,25.96640405,2.490863989,69.57358456,70.56310587,92.81027464,22.54439512,1000000000
773,30.19746068,27.67247527,23.50966148,16.68537658,20.77994752,19.17624057,22.48601875,21.59886171,25.96640405,2.490863989,69.57358456,70.56310587,92.81027464,22.54439512,1000000000
774,30.19746068,27.67247527,23.50966148,16.68537658,20.77994752,19.17624057,22.48601875,21.59886171,25.96640405,2.490863989,69.57358456,70.56310587,92.81027464,22.54439512,1000000000
775,30.19746068,27.67247527,23.50966148,16.68537658,20.77994752,19.17624057,22.48601875,21.59886171,25.96640405,2.490863989,69.57358456,70.56310587,92.81027464,22.54439512,1000000000
776,30.19746068,27.67247527,23.50966148,16.68537658,20.77994752,19.17624057,22.48601875,21.59886171,25.96640405,2.490863989,69.57358456,70.56310587,92.81027464,22.54439512,1000000000
777,30.19746068,27.67247527,23.50966148,16.68537658,20.77994752,19.17624057,22.48601875,21.59886171,25.96640405,2.490863989,69.57358456,70.56310587,92.81027464,22.54439512,1000000000
778,30.19746068,27.67247527,23.50966148,16.68537658,20.77994752,19.17624057,22.48601875,21.59886171,25.96640405,2.490863989,69.57358456,70.56310587,92.81027464,22.54439512,1000000000
779,30.19746068,27.67247527,23.50966148,16.68537658,20.77994752,19.17624057,22.48601875,21.59886171,25.96640405,2.490863989,69.57358456,70.56310587,92.81027464,22.54439512,1000000000
780,30.19746068,27.67247527,23.50966148,16.68537658,20.77994752,19.17624057,22.48601875,21.59886171,25.96640405,2.490863989,69.57358456,70.56310587,92.81027464,22.54439512,1000000000
781,30.19746068,27.67247527,23.50966148,16.68537658,20.77994752,19.17624057,22.48601875,21.59886171,25.96640405,2.490863989,69.57358456,70.56310587,92.81027464,22.54439512,1000000000
782,30.19746068,27.67247527,23.50966148,16.68537658,20.77994752,19.17624057,22.48601875,21.59886171,25.96640405,2.490863989,69.57358456,70.56310587,92.81027464,22.54439512,1000000000
783,30.19746068,27.67247527,23.50966148,16.68537658,20.77994752,19.17624057,22.48601875,21.59886171,25.96640405,2.490863989,69.57358456,70.56310587,92.81027464,22.54439512,1000000000
784,30.19746068,27.67247527,23.50966148,16.68537658,20.77994752,19.17624057,22.48601875,21.59886171,25.96640405,2.490863989,69.57358456,70.56310587,92.81027464,22.54439512,1000000000
785,30.19746068,27.67247527,23.50966148,16.68537658,20.77994752,19.17624057,22.48601875,21.59886171,25.96640405,2.490863989,69.57358456,70.56310587,92.81027464,22.54439512,1000000000
786,30.19746068,27.67247527,23.50966148,16.68537658,20.77994752,19.17624057,22.48601875,21.59886171,25.96640405,2.490863989,69.57358456,70.56310587,92.81027464,22.54439512,1000000000
787,30.19746068,27.67247527,23.50966148,16.68537658,20.77994752,19.17624057,22.48601875,21.59886171,25.96640405,2.490863989,69.57358456,70.56310587,92.81027464,22.54439512,1000000000
788,30.19746068,27.67247527,23.50966148,16.68537658,20.77994752,19.17624057,22.48601875,21.59886171,25.96640405,2.490863989,69.57358456,70.56310587,92.81027464,22.54439512,1000000000
789,30.19746068,27.67247527,23.50966148,16.68537658,20.77994752,19.17624057,22.48601875,21.59886171,25.96640405,2.490863989,69.57358456,70.56310587,92.81027464,22.54439512,1000000000
790,30.19746068,27.67247527,23.50966148,16.68537658,20.77994752,19.17624057,22.48601875,21.59886171,25.96640405,2.490863989,69.57358456,70.56310587,92.81027464,22.54439512,1000000000
791,30.19746068,27.67247527,23.50966148,16.68537658,20.77994752,19.17624057,22.48601875,21.59886171,25.96640405,2.490863989,69.57358456,70.56310587,92.81027464,22.54439512,1000000000
792,30.19746068,27.67247527,23.50966148,16.68537658,20.77994752,19.17624057,22.48601875,21.59886171,25.96640405,2.490863989,69.57358456,70.56310587,92.81027464,22.54439512,1000000000
793,30.19746068,27.67247527,23.50966148,16.68537658,20.77994752,19.17624057,22.48601875,21.59886171,25.96640405,2.490863989,69.57358456,70.56310587,92.81027464,22.54439512,1000000000
794,30.19746068,27.67247527,23.50966148,16.68537658,20.77994752,19.17624057,22.48601875,21.59886171,25.96640405,2.490863989,69.57358456,70.56310587,92.81027464,22.54439512,1000000000
795,30.19746068,27.67247527,23.50966148,16.68537658,20.77994752,19.17624057,22.48601875,21.59886171,25.96640405,2.490863989,69.57358456,70.56310587,92.81027464,22.54439512,1000000000
796,30.19746068,27.67247527,23.50966148,16.68537658,20.77994752,19.17624057,22.48601875,21.59886171,25.96640405,2.490863989,69.57358456,70.56310587,92.81027464,22.54439512,1000000000
797,30.19746068,27.67247527,23.50966148,16.68537658,20.77994752,19.17624057,22.48601875,21.59886171,25.96640405,2.490863989,69.57358456,70.56310587,92.81027464,22.54439512,1000000000
798,30.19746068,27.67247527,23.50966148,16.68537658,20.77994752,19.17624057,22.48601875,21.59886171,25.96640405,2.490863989,69.57358456,70.56310587,92.81027464,22.54439512,1000000000
799,30.19746068,27.67247527,23.50966148,16.68537658,20.77994752,19.17624057,22.48601875,21.59886171,25.96640405,2.490863989,69.57358456,70.56310587,92.81027464,22.54439512,1000000000
800,30.19746068,27.67247527,23.50966148,16.68537658,20.77994752,19.17624057,22.48601875,21.59886171,25.96640405,2.490863989,69.57358456,70.56310587,92.81027464,22.54439512,1000000000
801,30.19746068,27.67247527,23.50966148,16.68537658,20.77994752,19.17624057,22.48601875,21.59886171,25.96640405,2.490863989,69.57358456,70.56310587,92.81027464,22.54439512,1000000000
802,30.19746068,27.67247527,23.50966148,16.68537658,20.77994752,19.17624057,22.48601875,21.59886171,25.96640405,2.490863989,69.57358456,70.56310587,92.81027464,22.54439512,1000000000
803,30.19746068,27.67247527,23.50966148,16.68537658,20.77994752,19.17624057,22.48601875,21.59886171,25.96640405,2.490863989,69.57358456,70.56310587,92.81027464,22.54439512,1000000000
804,30.19746068,27.67247527,23.50966148,16.68537658,20.77994752,19.17624057,22.48601875,21.59886171,25.96640405,2.490863989,69.57358456,70.56310587,92.81027464,22.54439512,1000000000
805,30.19746068,27.67247527,23.50966148,16.68537658,20.77994752,19.17624057,22.48601875,21.59886171,25.96640405,2.490863989,69.57358456,70.56310587,92.81027464,22.54439512,1000000000
806,30.19746068,27.67247527,23.50966148,16.68537658,20.77994752,19.17624057,22.48601875,21.59886171,25.96640405,2.490863989,69.57358456,70.56310587,92.81027464,22.54439512,1000000000
807,30.19746068,27.67247527,23.50966148,16.68537658,20.77994752,19.17624057,22.48601875,21.59886171,25.96640405,2.490863989,69.57358456,70.56310587,92.81027464,22.54439512,1000000000
808,30.19746068,27.67247527,23.50966148,16.68537658,20.77994752,19.17624057,22.48601875,21.59886171,25.96640405,2.490863989,69.57358456,70.56310587,92.81027464,22.54439512,1000000000
809,30.19746068,27.67247527,23.50966148,16.68537658,20.77994752,19.17624057,22.48601875,21.59886171,25.96640405,2.490863989,69.57358456,70.56310587,92.81027464,22.54439512,1000000000
810,30.19746068,27.67247527,23.50966148,16.68537658,20.77994752,19.17624057,22.48601875,21.59886171,25.96640405,2.490863989,69.57358456,70.56310587,92.81027464,22.54439512,1000000000
811,30.19746068,27.67247527,23.50966148,16.68537658,20.77994752,19.17624057,22.48601875,21.59886171,25.96640405,2.490863989,69.57358456,70.56310587,92.81027464,22.54439512,1000000000
812,30.19746068,27.67247527,23.50966148,16.68537658,20.77994752,19.17624057,22.48601875,21.59886171,25.96640405,2.490863989,69.57358456,70.56310587,92.81027464,22.54439512,1000000000
813,30.19746068,27.67247527,23.50966148,16.68537658,20.77994752,19.17624057,22.48601875,21.59886171,25.96640405,2.490863989,69.57358456,70.56310587,92.81027464,22.54439512,1000000000
814,30.19746068,27.67247527,23.50966148,16.68537658,20.77994752,19.17624057,22.48601875,21.59886171,25.96640405,2.490863989,69.57358456,70.56310587,92.81027464,22.54439512,1000000000
815,30.19746068,27.67247527,23.50966148,16.68537658,20.77994752,19.17624057,22.48601875,21.59886171,25.96640405,2.490863989,69.57358456,70.56310587,92.81027464,22.54439512,1000000000
816,30.19746068,27.67247527,23.50966148,16.68537658,20.77994752,19.17624057,22.48601875,21.59886171,25.96640405,2.490863989,69.57358456,70.56310587,92.81027464,22.54439512,1000000000
817,30.19746068,27.67247527,23.50966148,16.68537658,20.77994752,19.17624057,22.48601875,21.59886171,25.96640405,2.490863989,69.57358456,70.56310587,92.81027464,22.54439512,1000000000
818,30.19746068,27.67247527,23.50966148,16.68537658,20.77994752,19.17624057,22.48601875,21.59886171,25.96640405,2.490863989,69.57358456,70.56310587,92.81027464,22.54439512,1000000000
819,30.19746068,27.67247527,23.50966148,16.68537658,20.77994752,19.17624057,22.48601875,21.59886171,25.96640405,2.490863989,69.57358456,70.56310587,92.81027464,22.54439512,1000000000
820,30.19746068,27.67247527,23.50966148,16.68537658,20.77994752,19.17624057,22.48601875,21.59886171,25.96640405,2.490863989,69.57358456,70.56310587,92.81027464,22.54439512,1000000000
821,30.19746068,27.67247527,23.50966148,16.68537658,20.77994752,19.17624057,22.48601875,21.59886171,25.96640405,2.490863989,69.57358456,70.56310587,92.81027464,22.54439512,1000000000
822,30.19746068,27.67247527,23.50966148,16.68537658,20.77994752,19.17624057,22.48601875,21.59886171,25.96640405,2.490863989,69.57358456,70.56310587,92.81027464,22.54439512,1000000000
823,30.19746068,27.67247527,23.50966148,16.68537658,20.77994752,19.17624057,22.48601875,21.59886171,25.96640405,2.490863989,69.57358456,70.56310587,92.81027464,22.54439512,1000000000
824,30.19746068,27.67247527,23.50966148,16.68537658,20.77994752,19.17624057,22.48601875,21.59886171,25.96640405,2.490863989,69.57358456,70.56310587,92.81027464,22.54439512,1000000000
825,30.19746068,27.67247527,23.50966148,16.68537658,20.77994752,19.17624057,22.48601875,21.59886171,25.96640405,2.490863989,69.57358456,70.56310587,92.81027464,22.54439512,1000000000
826,30.19746068,27.67247527,23.50966148,16.68537658,20.77994752,19.17624057,22.48601875,21.59886171,25.96640405,2.490863989,69.57358456,70.56310587,92.81027464,22.54439512,1000000000
827,30.19746068,27.67247527,23.50966148,16.68537658,20.77994752,19.17624057,22.48601875,21.59886171,25.96640405,2.490863989,69.57358456,70.56310587,92.81027464,22.54439512,1000000000
828,30.19746068,27.67247527,23.50966148,16.68537658,20.77994752,19.17624057,22.48601875,21.59886171,25.96640405,2.490863989,69.57358456,70.56310587,92.81027464,22.54439512,1000000000
829,30.19746068,27.67247527,23.50966148,16.68537658,20.77994752,19.17624057,22.48601875,21.59886171,25.96640405,2.490863989,69.57358456,70.56310587,92.81027464,22.54439512,1000000000
830,30.19746068,27.67247527,23.50966148,16.68537658,20.77994752,19.17624057,22.48601875,21.59886171,25.96640405,2.490863989,69.57358456,70.56310587,92.81027464,22.54439512,1000000000
831,30.19746068,27.67247527,23.50966148,16.68537658,20.77994752,19.17624057,22.48601875,21.59886171,25.96640405,2.490863989,69.57358456,70.56310587,92.81027464,22.54439512,1000000000
832,30.19746068,27.67247527,23.50966148,16.68537658,20.77994752,19.17624057,22.48601875,21.59886171,25.96640405,2.490863989,69.57358456,70.56310587,92.81027464,22.54439512,1000000000
833,30.19746068,27.67247527,23.50966148,16.68537658,20.77994752,19.17624057,22.48601875,21.59886171,25.96640405,2.490863989,69.57358456,70.56310587,92.81027464,22.54439512,1000000000
834,30.19746068,27.67247527,23.50966148,16.68537658,20.77994752,19.17624057,22.48601875,21.59886171,25.96640405,2.490863989,69.57358456,70.56310587,92.81027464,22.54439512,1000000000
835,30.19746068,27.67247527,23.50966148,16.68537658,20.77994752,19.17624057,22.48601875,21.59886171,25.96640405,2.490863989,69.57358456,70.56310587,92.81027464,22.54439512,1000000000
836,30.19746068,27.67247527,23.50966148,16.68537658,20.77994752,19.17624057,22.48601875,21.59886171,25.96640405,2.490863989,69.57358456,70.56310587,92.81027464,22.54439512,1000000000
837,30.19746068,27.67247527,23.50966148,16.68537658,20.77994752,19.17624057,22.48601875,21.59886171,25.96640405,2.490863989,69.57358456,70.56310587,92.81027464,22.54439512,1000000000
838,30.19746068,27.67247527,23.50966148,16.68537658,20.77994752,19.17624057,22.48601875,21.59886171,25.96640405,2.490863989,69.57358456,70.56310587,92.81027464,22.54439512,1000000000
839,30.19746068,27.67247527,23.50966148,16.68537658,20.77994752,19.17624057,22.48601875,21.59886171,25.96640405,2.490863989,69.57358456,70.56310587,92.81027464,22.54439512,1000000000
840,30.19746068,27.67247527,23.50966148,16.68537658,20.77994752,19.17624057,22.48601875,21.59886171,25.96640405,2.490863989,69.57358456,70.56310587,92.81027464,22.54439512,1000000000
841,30.19746068,27.67247527,23.50966148,16.68537658,20.77994752,19.17624057,22.48601875,21.59886171,25.96640405,2.490863989,69.57358456,70.56310587,92.81027464,22.54439512,1000000000
842,30.19746068,27.67247527,23.50966148,16.68537658,20.77994752,19.17624057,22.48601875,21.59886171,25.96640405,2.490863989,69.57358456,70.56310587,92.81027464,22.54439512,1000000000
843,30.19746068,27.67247527,23.50966148,16.68537658,20.77994752,19.17624057,22.48601875,21.59886171,25.96640405,2.490863989,69.57358456,70.56310587,92.81027464,22.54439512,1000000000
844,30.19746068,27.67247527,23.50966148,16.68537658,20.77994752,19.17624057,22.48601875,21.59886171,25.96640405,2.490863989,69.57358456,70.56310587,92.81027464,22.54439512,1000000000
845,30.19746068,27.67247527,23.50966148,16.68537658,20.77994752,19.17624057,22.48601875,21.59886171,25.96640405,2.490863989,69.57358456,70.56310587,92.81027464,22.54439512,1000000000
846,30.19746068,27.67247527,23.50966148,16.68537658,20.77994752,19.17624057,22.48601875,21.59886171,25.96640405,2.490863989,69.57358456,70.56310587,92.81027464,22.54439512,1000000000
847,30.19746068,27.67247527,23.50966148,16.68537658,20.77994752,19.17624057,22.48601875,21.59886171,25.96640405,2.490863989,69.57358456,70.56310587,92.81027464,22.54439512,1000000000
848,30.19746068,27.67247527,23.50966148,16.68537658,20.77994752,19.17624057,22.48601875,21.59886171,25.96640405,2.490863989,69.57358456,70.56310587,92.81027464,22.54439512,1000000000
849,30.19746068,27.67247527,23.50966148,16.68537658,20.77994752,19.17624057,22.48601875,21.59886171,25.96640405,2.490863989,69.57358456,70.56310587,92.81027464,22.54439512,1000000000
850,30.19746068,27.67247527,23.50966148,16.68537658,20.77994752,19.17624057,22.48601875,21.59886171,25.96640405,2.490863989,69.57358456,70.56310587,92.81027464,22.54439512,1000000000
851,30.19746068,27.67247527,23.50966148,16.68537658,20.77994752,19.17624057,22.48601875,21.59886171,25.96640405,2.490863989,69.57358456,70.56310587,92.81027464,22.54439512,1000000000
852,30.19746068,27.67247527,23.50966148,16.68537658,20.77994752,19.17624057,22.48601875,21.59886171,25.96640405,2.490863989,69.57358456,70.56310587,92.81027464,22.54439512,1000000000
853,30.19746068,27.67247527,23.50966148,16.68537658,20.77994752,19.17624057,22.48601875,21.59886171,25.96640405,2.490863989,69.57358456,70.56310587,92.81027464,22.54439512,1000000000
854,30.19746068,27.67247527,23.50966148,16.68537658,20.77994752,19.17624057,22.48601875,21.59886171,25.96640405,2.490863989,69.57358456,70.56310587,92.81027464,22.54439512,1000000000
855,30.19746068,27.67247527,23.50966148,16.68537658,20.77994752,19.17624057,22.48601875,21.59886171,25.96640405,2.490863989,69.57358456,70.56310587,92.81027464,22.54439512,1000000000
856,30.19746068,27.67247527,23.50966148,16.68537658,20.77994752,19.17624057,22.48601875,21.59886171,25.96640405,2.490863989,69.57358456,70.56310587,92.81027464,22.54439512,1000000000
857,30.19746068,27.67247527,23.50966148,16.68537658,20.77994752,19.17624057,22.48601875,21.59886171,25.96640405,2.490863989,69.57358456,70.56310587,92.81027464,22.54439512,1000000000
858,30.19746068,27.67247527,23.50966148,16.68537658,20.77994752,19.17624057,22.48601875,21.59886171,25.96640405,2.490863989,69.57358456,70.56310587,92.81027464,22.54439512,1000000000
859,30.19746068,27.67247527,23.50966148,16.68537658,20.77994752,19.17624057,22.48601875,21.59886171,25.96640405,2.490863989,69.57358456,70.56310587,92.81027464,22.54439512,1000000000
860,30.19746068,27.67247527,23.50966148,16.68537658,20.77994752,19.17624057,22.48601875,21.59886171,25.96640405,2.490863989,69.57358456,70.56310587,92.81027464,22.54439512,1000000000
861,30.19746068,27.67247527,23.50966148,16.68537658,20.77994752,19.17624057,22.48601875,21.59886171,25.96640405,2.490863989,69.57358456,70.56310587,92.81027464,22.54439512,1000000000
862,30.19746068,27.67247527,23.50966148,16.68537658,20.77994752,19.17624057,22.48601875,21.59886171,25.96640405,2.490863989,69.57358456,70.56310587,92.81027464,22.54439512,1000000000
863,30.19746068,27.67247527,23.50966148,16.68537658,20.77994752,19.17624057,22.48601875,21.59886171,25.96640405,2.490863989,69.57358456,70.56310587,92.81027464,22.54439512,1000000000
864,30.19746068,27.67247527,23.50966148,16.68537658,20.77994752,19.17624057,22.48601875,21.59886171,25.96640405,2.490863989,69.57358456,70.56310587,92.81027464,22.54439512,1000000000
865,30.19746068,27.67247527,23.50966148,16.68537658,20.77994752,19.17624057,22.48601875,21.59886171,25.96640405,2.490863989,69.57358456,70.56310587,92.81027464,22.54439512,1000000000
866,30.19746068,27.67247527,23.50966148,16.68537658,20.77994752,19.17624057,22.48601875,21.59886171,25.96640405,2.490863989,69.57358456,70.56310587,92.81027464,22.54439512,1000000000
867,30.19746068,27.67247527,23.50966148,16.68537658,20.77994752,19.17624057,22.48601875,21.59886171,25.96640405,2.490863989,69.57358456,70.56310587,92.81027464,22.54439512,1000000000
868,30.19746068,27.67247527,23.50966148,16.68537658,20.77994752,19.17624057,22.48601875,21.59886171,25.96640405,2.490863989,69.57358456,70.56310587,92.81027464,22.54439512,1000000000
869,30.19746068,27.67247527,23.50966148,16.68537658,20.77994752,19.17624057,22.48601875,21.59886171,25.96640405,2.490863989,69.57358456,70.56310587,92.81027464,22.54439512,1000000000
870,30.19746068,27.67247527,23.50966148,16.68537658,20.77994752,19.17624057,22.48601875,21.59886171,25.96640405,2.490863989,69.57358456,70.56310587,92.81027464,22.54439512,1000000000
871,30.19746068,27.67247527,23.50966148,16.68537658,20.77994752,19.17624057,22.48601875,21.59886171,25.96640405,2.490863989,69.57358456,70.56310587,92.81027464,22.54439512,1000000000
872,30.19746068,27.67247527,23.50966148,16.68537658,20.77994752,19.17624057,22.48601875,21.59886171,25.96640405,2.490863989,69.57358456,70.56310587,92.81027464,22.54439512,1000000000
873,30.19746068,27.67247527,23.50966148,16.68537658,20.77994752,19.17624057,22.48601875,21.59886171,25.96640405,2.490863989,69.57358456,70.56310587,92.81027464,22.54439512,1000000000
874,30.19746068,27.67247527,23.50966148,16.68537658,20.77994752,19.17624057,22.48601875,21.59886171,25.96640405,2.490863989,69.57358456,70.56310587,92.81027464,22.54439512,1000000000
875,30.19746068,27.67247527,23.50966148,16.68537658,20.77994752,19.17624057,22.48601875,21.59886171,25.96640405,2.490863989,69.57358456,70.56310587,92.81027464,22.54439512,1000000000
876,30.19746068,27.67247527,23.50966148,16.68537658,20.77994752,19.17624057,22.48601875,21.59886171,25.96640405,2.490863989,69.57358456,70.56310587,92.81027464,22.54439512,1000000000
877,30.19746068,27.67247527,23.50966148,16.68537658,20.77994752,19.17624057,22.48601875,21.59886171,25.96640405,2.490863989,69.57358456,70.56310587,92.81027464,22.54439512,1000000000
878,30.19746068,27.67247527,23.50966148,16.68537658,20.77994752,19.17624057,22.48601875,21.59886171,25.96640405,2.490863989,69.57358456,70.56310587,92.81027464,22.54439512,1000000000
879,30.19746068,27.67247527,23.50966148,16.68537658,20.77994752,19.17624057,22.48601875,21.59886171,25.96640405,2.490863989,69.57358456,70.56310587,92.81027464,22.54439512,1000000000
880,30.19746068,27.67247527,23.50966148,16.68537658,20.77994752,19.17624057,22.48601875,21.59886171,25.96640405,2.490863989,69.57358456,70.56310587,92.81027464,22.54439512,1000000000
881,30.19746068,27.67247527,23.50966148,16.68537658,20.77994752,19.17624057,22.48601875,21.59886171,25.96640405,2.490863989,69.57358456,70.56310587,92.81027464,22.54439512,1000000000
882,30.19746068,27.67247527,23.50966148,16.68537658,20.77994752,19.17624057,22.48601875,21.59886171,25.96640405,2.490863989,69.57358456,70.56310587,92.81027464,22.54439512,1000000000
883,30.19746068,27.67247527,23.50966148,16.68537658,20.77994752,19.17624057,22.48601875,21.59886171,25.96640405,2.490863989,69.57358456,70.56310587,92.81027464,22.54439512,1000000000
884,30.19746068,27.67247527,23.50966148,16.68537658,20.77994752,19.17624057,22.48601875,21.59886171,25.96640405,2.490863989,69.57358456,70.56310587,92.81027464,22.54439512,1000000000
885,30.19746068,27.67247527,23.50966148,16.68537658,20.77994752,19.17624057,22.48601875,21.59886171,25.96640405,2.490863989,69.57358456,70.56310587,92.81027464,22.54439512,1000000000
886,30.19746068,27.67247527,23.50966148,16.68537658,20.77994752,19.17624057,22.48601875,21.59886171,25.96640405,2.490863989,69.57358456,70.56310587,92.81027464,22.54439512,1000000000
887,30.19746068,27.67247527,23.50966148,16.68537658,20.77994752,19.17624057,22.48601875,21.59886171,25.96640405,2.490863989,69.57358456,70.56310587,92.81027464,22.54439512,1000000000
888,30.19746068,27.67247527,23.50966148,16.68537658,20.77994752,19.17624057,22.48601875,21.59886171,25.96640405,2.490863989,69.57358456,70.56310587,92.81027464,22.54439512,1000000000
889,30.19746068,27.67247527,23.50966148,16.68537658,20.77994752,19.17624057,22.48601875,21.59886171,25.96640405,2.490863989,69.57358456,70.56310587,92.81027464,22.54439512,1000000000
890,30.19746068,27.67247527,23.50966148,16.68537658,20.77994752,19.17624057,22.48601875,21.59886171,25.96640405,2.490863989,69.57358456,70.56310587,92.81027464,22.54439512,1000000000
891,30.19746068,27.67247527,23.50966148,16.68537658,20.77994752,19.17624057,22.48601875,21.59886171,25.96640405,2.490863989,69.57358456,70.56310587,92.81027464,22.54439512,1000000000
892,30.19746068,27.67247527,23.50966148,16.68537658,20.77994752,19.17624057,22.48601875,21.59886171,25.96640405,2.490863989,69.57358456,70.56310587,92.81027464,22.54439512,1000000000
893,30.19746068,27.67247527,23.50966148,16.68537658,20.77994752,19.17624057,22.48601875,21.59886171,25.96640405,2.490863989,69.57358456,70.56310587,92.81027464,22.54439512,1000000000
894,30.19746068,27.67247527,23.50966148,16.68537658,20.77994752,19.17624057,22.48601875,21.59886171,25.96640405,2.490863989,69.57358456,70.56310587,92.81027464,22.54439512,1000000000
895,30.19746068,27.67247527,23.50966148,16.68537658,20.77994752,19.17624057,22.48601875,21.59886171,25.96640405,2.490863989,69.57358456,70.56310587,92.81027464,22.54439512,1000000000
896,30.19746068,27.67247527,23.50966148,16.68537658,20.77994752,19.17624057,22.48601875,21.59886171,25.96640405,2.490863989,69.57358456,70.56310587,92.81027464,22.54439512,1000000000
897,30.19746068,27.67247527,23.50966148,16.68537658,20.77994752,19.17624057,22.48601875,21.59886171,25.96640405,2.490863989,69.57358456,70.56310587,92.81027464,22.54439512,1000000000
898,30.19746068,27.67247527,23.50966148,16.68537658,20.77994752,19.17624057,22.48601875,21.59886171,25.96640405,2.490863989,69.57358456,70.56310587,92.81027464,22.54439512,1000000000
899,30.19746068,27.67247527,23.50966148,16.68537658,20.77994752,19.17624057,22.48601875,21.59886171,25.96640405,2.490863989,69.57358456,70.56310587,92.81027464,22.54439512,1000000000
900,30.19746068,27.67247527,23.50966148,16.68537658,20.77994752,19.17624057,22.48601875,21.59886171,25.96640405,2.490863989,69.57358456,70.56310587,92.81027464,22.54439512,1000000000
901,30.19746068,27.67247527,23.50966148,16.68537658,20.77994752,19.17624057,22.48601875,21.59886171,25.96640405,2.490863989,69.57358456,70.56310587,92.81027464,22.54439512,1000000000
902,30.19746068,27.67247527,23.50966148,16.68537658,20.77994752,19.17624057,22.48601875,21.59886171,25.96640405,2.490863989,69.57358456,70.56310587,92.81027464,22.54439512,1000000000
903,30.19746068,27.67247527,23.50966148,16.68537658,20.77994752,19.17624057,22.48601875,21.59886171,25.96640405,2.490863989,69.57358456,70.56310587,92.81027464,22.54439512,1000000000
904,30.19746068,27.67247527,23.50966148,16.68537658,20.77994752,19.17624057,22.48601875,21.59886171,25.96640405,2.490863989,69.57358456,70.56310587,92.81027464,22.54439512,1000000000
905,30.19746068,27.67247527,23.50966148,16.68537658,20.77994752,19.17624057,22.48601875,21.59886171,25.96640405,2.490863989,69.57358456,70.56310587,92.81027464,22.54439512,1000000000
906,30.19746068,27.67247527,23.50966148,16.68537658,20.77994752,19.17624057,22.48601875,21.59886171,25.96640405,2.490863989,69.57358456,70.56310587,92.81027464,22.54439512,1000000000
907,30.19746068,27.67247527,23.50966148,16.68537658,20.77994752,19.17624057,22.48601875,21.59886171,25.96640405,2.490863989,69.57358456,70.56310587,92.81027464,22.54439512,1000000000
908,30.19746068,27.67247527,23.50966148,16.68537658,20.77994752,19.17624057,22.48601875,21.59886171,25.96640405,2.490863989,69.57358456,70.56310587,92.81027464,22.54439512,1000000000
909,30.19746068,27.67247527,23.50966148,16.68537658,20.77994752,19.17624057,22.48601875,21.59886171,25.96640405,2.490863989,69.57358456,70.56310587,92.81027464,22.54439512,1000000000
910,30.19746068,27.67247527,23.50966148,16.68537658,20.77994752,19.17624057,22.48601875,21.59886171,25.96640405,2.490863989,69.57358456,70.56310587,92.81027464,22.54439512,1000000000
911,30.19746068,27.67247527,23.50966148,16.68537658,20.77994752,19.17624057,22.48601875,21.59886171,25.96640405,2.490863989,69.57358456,70.56310587,92.81027464,22.54439512,1000000000
912,30.19746068,27.67247527,23.50966148,16.68537658,20.77994752,19.17624057,22.48601875,21.59886171,25.96640405,2.490863989,69.57358456,70.56310587,92.81027464,22.54439512,1000000000
913,30.19746068,27.67247527,23.50966148,16.68537658,20.77994752,19.17624057,22.48601875,21.59886171,25.96640405,2.490863989,69.57358456,70.56310587,92.81027464,22.54439512,1000000000
914,30.19746068,27.67247527,23.50966148,16.68537658,20.77994752,19.17624057,22.48601875,21.59886171,25.96640405,2.490863989,69.57358456,70.56310587,92.81027464,22.54439512,1000000000
915,30.19746068,27.67247527,23.50966148,16.68537658,20.77994752,19.17624057,22.48601875,21.59886171,25.96640405,2.490863989,69.57358456,70.56310587,92.81027464,22.54439512,1000000000
916,30.19746068,27.67247527,23.50966148,16.68537658,20.77994752,19.17624057,22.48601875,21.59886171,25.96640405,2.490863989,69.57358456,70.56310587,92.81027464,22.54439512,1000000000
917,30.19746068,27.67247527,23.50966148,16.68537658,20.77994752,19.17624057,22.48601875,21.59886171,25.96640405,2.490863989,69.57358456,70.56310587,92.81027464,22.54439512,1000000000
918,30.19746068,27.67247527,23.50966148,16.68537658,20.77994752,19.17624057,22.48601875,21.59886171,25.96640405,2.490863989,69.57358456,70.56310587,92.81027464,22.54439512,1000000000
919,30.19746068,27.67247527,23.50966148,16.68537658,20.77994752,19.17624057,22.48601875,21.59886171,25.96640405,2.490863989,69.57358456,70.56310587,92.81027464,22.54439512,1000000000
920,30.19746068,27.67247527,23.50966148,16.68537658,20.77994752,19.17624057,22.48601875,21.59886171,25.96640405,2.490863989,69.57358456,70.56310587,92.81027464,22.54439512,1000000000
921,30.19746068,27.67247527,23.50966148,16.68537658,20.77994752,19.17624057,22.48601875,21.59886171,25.96640405,2.490863989,69.57358456,70.56310587,92.81027464,22.54439512,1000000000
922,30.19746068,27.67247527,23.50966148,16.68537658,20.77994752,19.17624057,22.48601875,21.59886171,25.96640405,2.490863989,69.57358456,70.56310587,92.81027464,22.54439512,1000000000
923,30.19746068,27.67247527,23.50966148,16.68537658,20.77994752,19.17624057,22.48601875,21.59886171,25.96640405,2.490863989,69.57358456,70.56310587,92.81027464,22.54439512,1000000000
924,30.19746068,27.67247527,23.50966148,16.68537658,20.77994752,19.17624057,22.48601875,21.59886171,25.96640405,2.490863989,69.57358456,70.56310587,92.81027464,22.54439512,1000000000
925,30.19746068,27.67247527,23.50966148,16.68537658,20.77994752,19.17624057,22.48601875,21.59886171,25.96640405,2.490863989,69.57358456,70.56310587,92.81027464,22.54439512,1000000000
926,30.19746068,27.67247527,23.50966148,16.68537658,20.77994752,19.17624057,22.48601875,21.59886171,25.96640405,2.490863989,69.57358456,70.56310587,92.81027464,22.54439512,1000000000
927,30.19746068,27.67247527,23.50966148,16.68537658,20.77994752,19.17624057,22.48601875,21.59886171,25.96640405,2.490863989,69.57358456,70.56310587,92.81027464,22.54439512,1000000000
928,30.19746068,27.67247527,23.50966148,16.68537658,20.77994752,19.17624057,22.48601875,21.59886171,25.96640405,2.490863989,69.57358456,70.56310587,92.81027464,22.54439512,1000000000
929,30.19746068,27.67247527,23.50966148,16.68537658,20.77994752,19.17624057,22.48601875,21.59886171,25.96640405,2.490863989,69.57358456,70.56310587,92.81027464,22.54439512,1000000000
930,30.19746068,27.67247527,23.50966148,16.68537658,20.77994752,19.17624057,22.48601875,21.59886171,25.96640405,2.490863989,69.57358456,70.56310587,92.81027464,22.54439512,1000000000
931,30.19746068,27.67247527,23.50966148,16.68537658,20.77994752,19.17624057,22.48601875,21.59886171,25.96640405,2.490863989,69.57358456,70.56310587,92.81027464,22.54439512,1000000000
932,30.19746068,27.67247527,23.50966148,16.68537658,20.77994752,19.17624057,22.48601875,21.59886171,25.96640405,2.490863989,69.57358456,70.56310587,92.81027464,22.54439512,1000000000
933,30.19746068,27.67247527,23.50966148,16.68537658,20.77994752,19.17624057,22.48601875,21.59886171,25.96640405,2.490863989,69.57358456,70.56310587,92.81027464,22.54439512,1000000000
934,30.19746068,27.67247527,23.50966148,16.68537658,20.77994752,19.17624057,22.48601875,21.59886171,25.96640405,2.490863989,69.57358456,70.56310587,92.81027464,22.54439512,1000000000
935,30.19746068,27.67247527,23.50966148,16.68537658,20.77994752,19.17624057,22.48601875,21.59886171,25.96640405,2.490863989,69.57358456,70.56310587,92.81027464,22.54439512,1000000000
936,30.19746068,27.67247527,23.50966148,16.68537658,20.77994752,19.17624057,22.48601875,21.59886171,25.96640405,2.490863989,69.57358456,70.56310587,92.81027464,22.54439512,1000000000
937,30.19746068,27.67247527,23.50966148,16.68537658,20.77994752,19.17624057,22.48601875,21.59886171,25.96640405,2.490863989,69.57358456,70.56310587,92.81027464,22.54439512,1000000000
938,30.19746068,27.67247527,23.50966148,16.68537658,20.77994752,19.17624057,22.48601875,21.59886171,25.96640405,2.490863989,69.57358456,70.56310587,92.81027464,22.54439512,1000000000
939,30.19746068,27.67247527,23.50966148,16.68537658,20.77994752,19.17624057,22.48601875,21.59886171,25.96640405,2.490863989,69.57358456,70.56310587,92.81027464,22.54439512,1000000000
940,30.19746068,27.67247527,23.50966148,16.68537658,20.77994752,19.17624057,22.48601875,21.59886171,25.96640405,2.490863989,69.57358456,70.56310587,92.81027464,22.54439512,1000000000
941,30.19746068,27.67247527,23.50966148,16.68537658,20.77994752,19.17624057,22.48601875,21.59886171,25.96640405,2.490863989,69.57358456,70.56310587,92.81027464,22.54439512,1000000000
942,30.19746068,27.67247527,23.50966148,16.68537658,20.77994752,19.17624057,22.48601875,21.59886171,25.96640405,2.490863989,69.57358456,70.56310587,92.81027464,22.54439512,1000000000
943,30.19746068,27.67247527,23.50966148,16.68537658,20.77994752,19.17624057,22.48601875,21.59886171,25.96640405,2.490863989,69.57358456,70.56310587,92.81027464,22.54439512,1000000000
944,30.19746068,27.67247527,23.50966148,16.68537658,20.77994752,19.17624057,22.48601875,21.59886171,25.96640405,2.490863989,69.57358456,70.56310587,92.81027464,22.54439512,1000000000
945,30.19746068,27.67247527,23.50966148,16.68537658,20.77994752,19.17624057,22.48601875,21.59886171,25.96640405,2.490863989,69.57358456,70.56310587,92.81027464,22.54439512,1000000000
946,30.19746068,27.67247527,23.50966148,16.68537658,20.77994752,19.17624057,22.48601875,21.59886171,25.96640405,2.490863989,69.57358456,70.56310587,92.81027464,22.54439512,1000000000
947,30.19746068,27.67247527,23.50966148,16.68537658,20.77994752,19.17624057,22.48601875,21.59886171,25.96640405,2.490863989,69.57358456,70.56310587,92.81027464,22.54439512,1000000000
948,30.19746068,27.67247527,23.50966148,16.68537658,20.77994752,19.17624057,22.48601875,21.59886171,25.96640405,2.490863989,69.57358456,70.56310587,92.81027464,22.54439512,1000000000
949,30.19746068,27.67247527,23.50966148,16.68537658,20.77994752,19.17624057,22.48601875,21.59886171,25.96640405,2.490863989,69.57358456,70.56310587,92.81027464,22.54439512,1000000000
950,30.19746068,27.67247527,23.50966148,16.68537658,20.77994752,19.17624057,22.48601875,21.59886171,25.96640405,2.490863989,69.57358456,70.56310587,92.81027464,22.54439512,1000000000
951,30.19746068,27.67247527,23.50966148,16.68537658,20.77994752,19.17624057,22.48601875,21.59886171,25.96640405,2.490863989,69.57358456,70.56310587,92.81027464,22.54439512,1000000000
952,30.19746068,27.67247527,23.50966148,16.68537658,20.77994752,19.17624057,22.48601875,21.59886171,25.96640405,2.490863989,69.57358456,70.56310587,92.81027464,22.54439512,1000000000
953,30.19746068,27.67247527,23.50966148,16.68537658,20.77994752,19.17624057,22.48601875,21.59886171,25.96640405,2.490863989,69.57358456,70.56310587,92.81027464,22.54439512,1000000000
954,30.19746068,27.67247527,23.50966148,16.68537658,20.77994752,19.17624057,22.48601875,21.59886171,25.96640405,2.490863989,69.57358456,70.56310587,92.81027464,22.54439512,1000000000
955,30.19746068,27.67247527,23.50966148,16.68537658,20.77994752,19.17624057,22.48601875,21.59886171,25.96640405,2.490863989,69.57358456,70.56310587,92.81027464,22.54439512,1000000000
956,30.19746068,27.67247527,23.50966148,16.68537658,20.77994752,19.17624057,22.48601875,21.59886171,25.96640405,2.490863989,69.57358456,70.56310587,92.81027464,22.54439512,1000000000
957,30.19746068,27.67247527,23.50966148,16.68537658,20.77994752,19.17624057,22.48601875,21.59886171,25.96640405,2.490863989,69.57358456,70.56310587,92.81027464,22.54439512,1000000000
958,30.19746068,27.67247527,23.50966148,16.68537658,20.77994752,19.17624057,22.48601875,21.59886171,25.96640405,2.490863989,69.57358456,70.56310587,92.81027464,22.54439512,1000000000
959,30.19746068,27.67247527,23.50966148,16.68537658,20.77994752,19.17624057,22.48601875,21.59886171,25.96640405,2.490863989,69.57358456,70.56310587,92.81027464,22.54439512,1000000000
960,30.19746068,27.67247527,23.50966148,16.68537658,20.77994752,19.17624057,22.48601875,21.59886171,25.96640405,2.490863989,69.57358456,70.56310587,92.81027464,22.54439512,1000000000
961,30.19746068,27.67247527,23.50966148,16.68537658,20.77994752,19.17624057,22.48601875,21.59886171,25.96640405,2.490863989,69.57358456,70.56310587,92.81027464,22.54439512,1000000000
962,30.19746068,27.67247527,23.50966148,16.68537658,20.77994752,19.17624057,22.48601875,21.59886171,25.96640405,2.490863989,69.57358456,70.56310587,92.81027464,22.54439512,1000000000
963,30.19746068,27.67247527,23.50966148,16.68537658,20.77994752,19.17624057,22.48601875,21.59886171,25.96640405,2.490863989,69.57358456,70.56310587,92.81027464,22.54439512,1000000000
964,30.19746068,27.67247527,23.50966148,16.68537658,20.77994752,19.17624057,22.48601875,21.59886171,25.96640405,2.490863989,69.57358456,70.56310587,92.81027464,22.54439512,1000000000
965,30.19746068,27.67247527,23.50966148,16.68537658,20.77994752,19.17624057,22.48601875,21.59886171,25.96640405,2.490863989,69.57358456,70.56310587,92.81027464,22.54439512,1000000000
966,30.19746068,27.67247527,23.50966148,16.68537658,20.77994752,19.17624057,22.48601875,21.59886171,25.96640405,2.490863989,69.57358456,70.56310587,92.81027464,22.54439512,1000000000
967,30.19746068,27.67247527,23.50966148,16.68537658,20.77994752,19.17624057,22.48601875,21.59886171,25.96640405,2.490863989,69.57358456,70.56310587,92.81027464,22.54439512,1000000000
968,30.19746068,27.67247527,23.50966148,16.68537658,20.77994752,19.17624057,22.48601875,21.59886171,25.96640405,2.490863989,69.57358456,70.56310587,92.81027464,22.54439512,1000000000
969,30.19746068,27.67247527,23.50966148,16.68537658,20.77994752,19.17624057,22.48601875,21.59886171,25.96640405,2.490863989,69.57358456,70.56310587,92.81027464,22.54439512,1000000000
970,30.19746068,27.67247527,23.50966148,16.68537658,20.77994752,19.17624057,22.48601875,21.59886171,25.96640405,2.490863989,69.57358456,70.56310587,92.81027464,22.54439512,1000000000
971,30.19746068,27.67247527,23.50966148,16.68537658,20.77994752,19.17624057,22.48601875,21.59886171,25.96640405,2.490863989,69.57358456,70.56310587,92.81027464,22.54439512,1000000000
972,30.19746068,27.67247527,23.50966148,16.68537658,20.77994752,19.17624057,22.48601875,21.59886171,25.96640405,2.490863989,69.57358456,70.56310587,92.81027464,22.54439512,1000000000
973,30.19746068,27.67247527,23.50966148,16.68537658,20.77994752,19.17624057,22.48601875,21.59886171,25.96640405,2.490863989,69.57358456,70.56310587,92.81027464,22.54439512,1000000000
974,30.19746068,27.67247527,23.50966148,16.68537658,20.77994752,19.17624057,22.48601875,21.59886171,25.96640405,2.490863989,69.57358456,70.56310587,92.81027464,22.54439512,1000000000
975,30.19746068,27.67247527,23.50966148,16.68537658,20.77994752,19.17624057,22.48601875,21.59886171,25.96640405,2.490863989,69.57358456,70.56310587,92.81027464,22.54439512,1000000000
976,30.19746068,27.67247527,23.50966148,16.68537658,20.77994752,19.17624057,22.48601875,21.59886171,25.96640405,2.490863989,69.57358456,70.56310587,92.81027464,22.54439512,1000000000
977,30.19746068,27.67247527,23.50966148,16.68537658,20.77994752,19.17624057,22.48601875,21.59886171,25.96640405,2.490863989,69.57358456,70.56310587,92.81027464,22.54439512,1000000000
978,30.19746068,27.67247527,23.50966148,16.68537658,20.77994752,19.17624057,22.48601875,21.59886171,25.96640405,2.490863989,69.57358456,70.56310587,92.81027464,22.54439512,1000000000
979,30.19746068,27.67247527,23.50966148,16.68537658,20.77994752,19.17624057,22.48601875,21.59886171,25.96640405,2.490863989,69.57358456,70.56310587,92.81027464,22.54439512,1000000000
980,30.19746068,27.67247527,23.50966148,16.68537658,20.77994752,19.17624057,22.48601875,21.59886171,25.96640405,2.490863989,69.57358456,70.56310587,92.81027464,22.54439512,1000000000
981,30.19746068,27.67247527,23.50966148,16.68537658,20.77994752,19.17624057,22.48601875,21.59886171,25.96640405,2.490863989,69.57358456,70.56310587,92.81027464,22.54439512,1000000000
982,30.19746068,27.67247527,23.50966148,16.68537658,20.77994752,19.17624057,22.48601875,21.59886171,25.96640405,2.490863989,69.57358456,70.56310587,92.81027464,22.54439512,1000000000
983,30.19746068,27.67247527,23.50966148,16.68537658,20.77994752,19.17624057,22.48601875,21.59886171,25.96640405,2.490863989,69.57358456,70.56310587,92.81027464,22.54439512,1000000000
984,30.19746068,27.67247527,23.50966148,16.68537658,20.77994752,19.17624057,22.48601875,21.59886171,25.96640405,2.490863989,69.57358456,70.56310587,92.81027464,22.54439512,1000000000
985,30.19746068,27.67247527,23.50966148,16.68537658,20.77994752,19.17624057,22.48601875,21.59886171,25.96640405,2.490863989,69.57358456,70.56310587,92.81027464,22.54439512,1000000000
986,30.19746068,27.67247527,23.50966148,16.68537658,20.77994752,19.17624057,22.48601875,21.59886171,25.96640405,2.490863989,69.57358456,70.56310587,92.81027464,22.54439512,1000000000
987,30.19746068,27.67247527,23.50966148,16.68537658,20.77994752,19.17624057,22.48601875,21.59886171,25.96640405,2.490863989,69.57358456,70.56310587,92.81027464,22.54439512,1000000000
988,30.19746068,27.67247527,23.50966148,16.68537658,20.77994752,19.17624057,22.48601875,21.59886171,25.96640405,2.490863989,69.57358456,70.56310587,92.81027464,22.54439512,1000000000
989,30.19746068,27.67247527,23.50966148,16.68537658,20.77994752,19.17624057,22.48601875,21.59886171,25.96640405,2.490863989,69.57358456,70.56310587,92.81027464,22.54439512,1000000000
990,30.19746068,27.67247527,23.50966148,16.68537658,20.77994752,19.17624057,22.48601875,21.59886171,25.96640405,2.490863989,69.57358456,70.56310587,92.81027464,22.54439512,1000000000
991,30.19746068,27.67247527,23.50966148,16.68537658,20.77994752,19.17624057,22.48601875,21.59886171,25.96640405,2.490863989,69.57358456,70.56310587,92.81027464,22.54439512,1000000000
992,30.19746068,27.67247527,23.50966148,16.68537658,20.77994752,19.17624057,22.48601875,21.59886171,25.96640405,2.490863989,69.57358456,70.56310587,92.81027464,22.54439512,1000000000
993,30.19746068,27.67247527,23.50966148,16.68537658,20.77994752,19.17624057,22.48601875,21.59886171,25.96640405,2.490863989,69.57358456,70.56310587,92.81027464,22.54439512,1000000000
994,30.19746068,27.67247527,23.50966148,16.68537658,20.77994752,19.17624057,22.48601875,21.59886171,25.96640405,2.490863989,69.57358456,70.56310587,92.81027464,22.54439512,1000000000
995,30.19746068,27.67247527,23.50966148,16.68537658,20.77994752,19.17624057,22.48601875,21.59886171,25.96640405,2.490863989,69.57358456,70.56310587,92.81027464,22.54439512,1000000000
996,30.19746068,27.67247527,23.50966148,16.68537658,20.77994752,19.17624057,22.48601875,21.59886171,25.96640405,2.490863989,69.57358456,70.56310587,92.81027464,22.54439512,1000000000
997,30.19746068,27.67247527,23.50966148,16.68537658,20.77994752,19.17624057,22.48601875,21.59886171,25.96640405,2.490863989,69.57358456,70.56310587,92.81027464,22.54439512,1000000000
998,30.19746068,27.67247527,23.50966148,16.68537658,20.77994752,19.17624057,22.48601875,21.59886171,25.96640405,2.490863989,69.57358456,70.56310587,92.81027464,22.54439512,1000000000
999,30.19746068,27.67247527,23.50966148,16.68537658,20.77994752,19.17624057,22.48601875,21.59886171,25.96640405,2.490863989,69.57358456,70.56310587,92.81027464,22.54439512,1000000000
1000,30.19746068,27.67247527,23.50966148,16.68537658,20.77994752,19.17624057,22.48601875,21.59886171,25.96640405,2.490863989,69.57358456,70.56310587,92.81027464,22.54439512,1000000000
1001,30.19746068,27.67247527,23.50966148,16.68537658,20.77994752,19.17624057,22.48601875,21.59886171,25.96640405,2.490863989,69.57358456,70.56310587,92.81027464,22.54439512,1000000000
1002,30.19746068,27.67247527,23.50966148,16.68537658,20.77994752,19.17624057,22.48601875,21.59886171,25.96640405,2.490863989,69.57358456,70.56310587,92.81027464,22.54439512,1000000000
1003,30.19746068,27.67247527,23.50966148,16.68537658,20.77994752,19.17624057,22.48601875,21.59886171,25.96640405,2.490863989,69.57358456,70.56310587,92.81027464,22.54439512,1000000000
1004,30.19746068,27.67247527,23.50966148,16.68537658,20.77994752,19.17624057,22.48601875,21.59886171,25.96640405,2.490863989,69.57358456,70.56310587,92.81027464,22.54439512,1000000000
1005,30.19746068,27.67247527,23.50966148,16.68537658,20.77994752,19.17624057,22.48601875,21.59886171,25.96640405,2.490863989,69.57358456,70.56310587,92.81027464,22.54439512,1000000000
1006,30.19746068,27.67247527,23.50966148,16.68537658,20.77994752,19.17624057,22.48601875,21.59886171,25.96640405,2.490863989,69.57358456,70.56310587,92.81027464,22.54439512,1000000000
1007,30.19746068,27.67247527,23.50966148,16.68537658,20.77994752,19.17624057,22.48601875,21.59886171,25.96640405,2.490863989,69.57358456,70.56310587,92.81027464,22.54439512,1000000000
1008,30.19746068,27.67247527,23.50966148,16.68537658,20.77994752,19.17624057,22.48601875,21.59886171,25.96640405,2.490863989,69.57358456,70.56310587,92.81027464,22.54439512,1000000000
1009,30.19746068,27.67247527,23.50966148,16.68537658,20.77994752,19.17624057,22.48601875,21.59886171,25.96640405,2.490863989,69.57358456,70.56310587,92.81027464,22.54439512,1000000000
1010,30.19746068,27.67247527,23.50966148,16.68537658,20.77994752,19.17624057,22.48601875,21.59886171,25.96640405,2.490863989,69.57358456,70.56310587,92.81027464,22.54439512,1000000000
1011,30.19746068,27.67247527,23.50966148,16.68537658,20.77994752,19.17624057,22.48601875,21.59886171,25.96640405,2.490863989,69.57358456,70.56310587,92.81027464,22.54439512,1000000000
1012,30.19746068,27.67247527,23.50966148,16.68537658,20.77994752,19.17624057,22.48601875,21.59886171,25.96640405,2.490863989,69.57358456,70.56310587,92.81027464,22.54439512,1000000000
1013,30.19746068,27.67247527,23.50966148,16.68537658,20.77994752,19.17624057,22.48601875,21.59886171,25.96640405,2.490863989,69.57358456,70.56310587,92.81027464,22.54439512,1000000000
1014,30.19746068,27.67247527,23.50966148,16.68537658,20.77994752,19.17624057,22.48601875,21.59886171,25.96640405,2.490863989,69.57358456,70.56310587,92.81027464,22.54439512,1000000000
1015,30.19746068,27.67247527,23.50966148,16.68537658,20.77994752,19.17624057,22.48601875,21.59886171,25.96640405,2.490863989,69.57358456,70.56310587,92.81027464,22.54439512,1000000000
1016,30.19746068,27.67247527,23.50966148,16.68537658,20.77994752,19.17624057,22.48601875,21.59886171,25.96640405,2.490863989,69.57358456,70.56310587,92.81027464,22.54439512,1000000000
1017,30.19746068,27.67247527,23.50966148,16.68537658,20.77994752,19.17624057,22.48601875,21.59886171,25.96640405,2.490863989,69.57358456,70.56310587,92.81027464,22.54439512,1000000000
1018,30.19746068,27.67247527,23.50966148,16.68537658,20.77994752,19.17624057,22.48601875,21.59886171,25.96640405,2.490863989,69.57358456,70.56310587,92.81027464,22.54439512,1000000000
1019,30.19746068,27.67247527,23.50966148,16.68537658,20.77994752,19.17624057,22.48601875,21.59886171,25.96640405,2.490863989,69.57358456,70.56310587,92.81027464,22.54439512,1000000000
1020,30.19746068,27.67247527,23.50966148,16.68537658,20.77994752,19.17624057,22.48601875,21.59886171,25.96640405,2.490863989,69.57358456,70.56310587,92.81027464,22.54439512,1000000000
1021,30.19746068,27.67247527,23.50966148,16.68537658,20.77994752,19.17624057,22.48601875,21.59886171,25.96640405,2.490863989,69.57358456,70.56310587,92.81027464,22.54439512,1000000000
1022,30.19746068,27.67247527,23.50966148,16.68537658,20.77994752,19.17624057,22.48601875,21.59886171,25.96640405,2.490863989,69.57358456,70.56310587,92.81027464,22.54439512,1000000000
1023,30.19746068,27.67247527,23.50966148,16.68537658,20.77994752,19.17624057,22.48601875,21.59886171,25.96640405,2.490863989,69.57358456,70.56310587,92.81027464,22.54439512,1000000000
1024,30.19746068,27.67247527,23.50966148,16.68537658,20.77994752,19.17624057,22.48601875,21.59886171,25.96640405,2.490863989,69.57358456,70.56310587,92.81027464,22.54439512,1000000000
1025,30.19746068,27.67247527,23.50966148,16.68537658,20.77994752,19.17624057,22.48601875,21.59886171,25.96640405,2.490863989,69.57358456,70.56310587,92.81027464,22.54439512,1000000000
1026,30.19746068,27.67247527,23.50966148,16.68537658,20.77994752,19.17624057,22.48601875,21.59886171,25.96640405,2.490863989,69.57358456,70.56310587,92.81027464,22.54439512,1000000000
1027,30.19746068,27.67247527,23.50966148,16.68537658,20.77994752,19.17624057,22.48601875,21.59886171,25.96640405,2.490863989,69.57358456,70.56310587,92.81027464,22.54439512,1000000000
1028,30.19746068,27.67247527,23.50966148,16.68537658,20.77994752,19.17624057,22.48601875,21.59886171,25.96640405,2.490863989,69.57358456,70.56310587,92.81027464,22.54439512,1000000000
1029,30.19746068,27.67247527,23.50966148,16.68537658,20.77994752,19.17624057,22.48601875,21.59886171,25.96640405,2.490863989,69.57358456,70.56310587,92.81027464,22.54439512,1000000000
1030,30.19746068,27.67247527,23.50966148,16.68537658,20.77994752,19.17624057,22.48601875,21.59886171,25.96640405,2.490863989,69.57358456,70.56310587,92.81027464,22.54439512,1000000000
1031,30.19746068,27.67247527,23.50966148,16.68537658,20.77994752,19.17624057,22.48601875,21.59886171,25.96640405,2.490863989,69.57358456,70.56310587,92.81027464,22.54439512,1000000000
1032,30.19746068,27.67247527,23.50966148,16.68537658,20.77994752,19.17624057,22.48601875,21.59886171,25.96640405,2.490863989,69.57358456,70.56310587,92.81027464,22.54439512,1000000000
1033,30.19746068,27.67247527,23.50966148,16.68537658,20.77994752,19.17624057,22.48601875,21.59886171,25.96640405,2.490863989,69.57358456,70.56310587,92.81027464,22.54439512,1000000000
1034,30.19746068,27.67247527,23.50966148,16.68537658,20.77994752,19.17624057,22.48601875,21.59886171,25.96640405,2.490863989,69.57358456,70.56310587,92.81027464,22.54439512,1000000000
1035,30.19746068,27.67247527,23.50966148,16.68537658,20.77994752,19.17624057,22.48601875,21.59886171,25.96640405,2.490863989,69.57358456,70.56310587,92.81027464,22.54439512,1000000000
1036,30.19746068,27.67247527,23.50966148,16.68537658,20.77994752,19.17624057,22.48601875,21.59886171,25.96640405,2.490863989,69.57358456,70.56310587,92.81027464,22.54439512,1000000000
1037,30.19746068,27.67247527,23.50966148,16.68537658,20.77994752,19.17624057,22.48601875,21.59886171,25.96640405,2.490863989,69.57358456,70.56310587,92.81027464,22.54439512,1000000000
1038,30.19746068,27.67247527,23.50966148,16.68537658,20.77994752,19.17624057,22.48601875,21.59886171,25.96640405,2.490863989,69.57358456,70.56310587,92.81027464,22.54439512,1000000000
1039,30.19746068,27.67247527,23.50966148,16.68537658,20.77994752,19.17624057,22.48601875,21.59886171,25.96640405,2.490863989,69.57358456,70.56310587,92.81027464,22.54439512,1000000000
1040,30.19746068,27.67247527,23.50966148,16.68537658,20.77994752,19.17624057,22.48601875,21.59886171,25.96640405,2.490863989,69.57358456,70.56310587,92.81027464,22.54439512,1000000000
1041,30.19746068,27.67247527,23.50966148,16.68537658,20.77994752,19.17624057,22.48601875,21.59886171,25.96640405,2.490863989,69.57358456,70.56310587,92.81027464,22.54439512,1000000000
1042,30.19746068,27.67247527,23.50966148,16.68537658,20.77994752,19.17624057,22.48601875,21.59886171,25.96640405,2.490863989,69.57358456,70.56310587,92.81027464,22.54439512,1000000000
1043,30.19746068,27.67247527,23.50966148,16.68537658,20.77994752,19.17624057,22.48601875,21.59886171,25.96640405,2.490863989,69.57358456,70.56310587,92.81027464,22.54439512,1000000000
1044,30.19746068,27.67247527,23.50966148,16.68537658,20.77994752,19.17624057,22.48601875,21.59886171,25.96640405,2.490863989,69.57358456,70.56310587,92.81027464,22.54439512,1000000000
1045,30.19746068,27.67247527,23.50966148,16.68537658,20.77994752,19.17624057,22.48601875,21.59886171,25.96640405,2.490863989,69.57358456,70.56310587,92.81027464,22.54439512,1000000000
1046,30.19746068,27.67247527,23.50966148,16.68537658,20.77994752,19.17624057,22.48601875,21.59886171,25.96640405,2.490863989,69.57358456,70.56310587,92.81027464,22.54439512,1000000000
1047,30.19746068,27.67247527,23.50966148,16.68537658,20.77994752,19.17624057,22.48601875,21.59886171,25.96640405,2.490863989,69.57358456,70.56310587,92.81027464,22.54439512,1000000000
1048,30.19746068,27.67247527,23.50966148,16.68537658,20.77994752,19.17624057,22.48601875,21.59886171,25.96640405,2.490863989,69.57358456,70.56310587,92.81027464,22.54439512,1000000000
1049,30.19746068,27.67247527,23.50966148,16.68537658,20.77994752,19.17624057,22.48601875,21.59886171,25.96640405,2.490863989,69.57358456,70.56310587,92.81027464,22.54439512,1000000000
1050,30.19746068,27.67247527,23.50966148,16.68537658,20.77994752,19.17624057,22.48601875,21.59886171,25.96640405,2.490863989,69.57358456,70.56310587,92.81027464,22.54439512,1000000000
1051,30.19746068,27.67247527,23.50966148,16.68537658,20.77994752,19.17624057,22.48601875,21.59886171,25.96640405,2.490863989,69.57358456,70.56310587,92.81027464,22.54439512,1000000000
1052,30.19746068,27.67247527,23.50966148,16.68537658,20.77994752,19.17624057,22.48601875,21.59886171,25.96640405,2.490863989,69.57358456,70.56310587,92.81027464,22.54439512,1000000000
1053,30.19746068,27.67247527,23.50966148,16.68537658,20.77994752,19.17624057,22.48601875,21.59886171,25.96640405,2.490863989,69.57358456,70.56310587,92.81027464,22.54439512,1000000000
1054,30.19746068,27.67247527,23.50966148,16.68537658,20.77994752,19.17624057,22.48601875,21.59886171,25.96640405,2.490863989,69.57358456,70.56310587,92.81027464,22.54439512,1000000000
1055,30.19746068,27.67247527,23.50966148,16.68537658,20.77994752,19.17624057,22.48601875,21.59886171,25.96640405,2.490863989,69.57358456,70.56310587,92.81027464,22.54439512,1000000000
1056,30.19746068,27.67247527,23.50966148,16.68537658,20.77994752,19.17624057,22.48601875,21.59886171,25.96640405,2.490863989,69.57358456,70.56310587,92.81027464,22.54439512,1000000000
1057,30.19746068,27.67247527,23.50966148,16.68537658,20.77994752,19.17624057,22.48601875,21.59886171,25.96640405,2.490863989,69.57358456,70.56310587,92.81027464,22.54439512,1000000000
1058,30.19746068,27.67247527,23.50966148,16.68537658,20.77994752,19.17624057,22.48601875,21.59886171,25.96640405,2.490863989,69.57358456,70.56310587,92.81027464,22.54439512,1000000000
1059,30.19746068,27.67247527,23.50966148,16.68537658,20.77994752,19.17624057,22.48601875,21.59886171,25.96640405,2.490863989,69.57358456,70.56310587,92.81027464,22.54439512,1000000000
1060,30.19746068,27.67247527,23.50966148,16.68537658,20.77994752,19.17624057,22.48601875,21.59886171,25.96640405,2.490863989,69.57358456,70.56310587,92.81027464,22.54439512,1000000000
1061,30.19746068,27.67247527,23.50966148,16.68537658,20.77994752,19.17624057,22.48601875,21.59886171,25.96640405,2.490863989,69.57358456,70.56310587,92.81027464,22.54439512,1000000000
1062,30.19746068,27.67247527,23.50966148,16.68537658,20.77994752,19.17624057,22.48601875,21.59886171,25.96640405,2.490863989,69.57358456,70.56310587,92.81027464,22.54439512,1000000000
1063,30.19746068,27.67247527,23.50966148,16.68537658,20.77994752,19.17624057,22.48601875,21.59886171,25.96640405,2.490863989,69.57358456,70.56310587,92.81027464,22.54439512,1000000000
1064,30.19746068,27.67247527,23.50966148,16.68537658,20.77994752,19.17624057,22.48601875,21.59886171,25.96640405,2.490863989,69.57358456,70.56310587,92.81027464,22.54439512,1000000000
1065,30.19746068,27.67247527,23.50966148,16.68537658,20.77994752,19.17624057,22.48601875,21.59886171,25.96640405,2.490863989,69.57358456,70.56310587,92.81027464,22.54439512,1000000000
1066,30.19746068,27.67247527,23.50966148,16.68537658,20.77994752,19.17624057,22.48601875,21.59886171,25.96640405,2.490863989,69.57358456,70.56310587,92.81027464,22.54439512,1000000000
1067,30.19746068,27.67247527,23.50966148,16.68537658,20.77994752,19.17624057,22.48601875,21.59886171,25.96640405,2.490863989,69.57358456,70.56310587,92.81027464,22.54439512,1000000000
1068,30.19746068,27.67247527,23.50966148,16.68537658,20.77994752,19.17624057,22.48601875,21.59886171,25.96640405,2.490863989,69.57358456,70.56310587,92.81027464,22.54439512,1000000000
1069,30.19746068,27.67247527,23.50966148,16.68537658,20.77994752,19.17624057,22.48601875,21.59886171,25.96640405,2.490863989,69.57358456,70.56310587,92.81027464,22.54439512,1000000000
1070,30.19746068,27.67247527,23.50966148,16.68537658,20.77994752,19.17624057,22.48601875,21.59886171,25.96640405,2.490863989,69.57358456,70.56310587,92.81027464,22.54439512,1000000000
1071,30.19746068,27.67247527,23.50966148,16.68537658,20.77994752,19.17624057,22.48601875,21.59886171,25.96640405,2.490863989,69.57358456,70.56310587,92.81027464,22.54439512,1000000000
1072,30.19746068,27.67247527,23.50966148,16.68537658,20.77994752,19.17624057,22.48601875,21.59886171,25.96640405,2.490863989,69.57358456,70.56310587,92.81027464,22.54439512,1000000000
1073,30.19746068,27.67247527,23.50966148,16.68537658,20.77994752,19.17624057,22.48601875,21.59886171,25.96640405,2.490863989,69.57358456,70.56310587,92.81027464,22.54439512,1000000000
1074,30.19746068,27.67247527,23.50966148,16.68537658,20.77994752,19.17624057,22.48601875,21.59886171,25.96640405,2.490863989,69.57358456,70.56310587,92.81027464,22.54439512,1000000000
1075,30.19746068,27.67247527,23.50966148,16.68537658,20.77994752,19.17624057,22.48601875,21.59886171,25.96640405,2.490863989,69.57358456,70.56310587,92.81027464,22.54439512,1000000000
1076,30.19746068,27.67247527,23.50966148,16.68537658,20.77994752,19.17624057,22.48601875,21.59886171,25.96640405,2.490863989,69.57358456,70.56310587,92.81027464,22.54439512,1000000000
1077,30.19746068,27.67247527,23.50966148,16.68537658,20.77994752,19.17624057,22.48601875,21.59886171,25.96640405,2.490863989,69.57358456,70.56310587,92.81027464,22.54439512,1000000000
1078,30.19746068,27.67247527,23.50966148,16.68537658,20.77994752,19.17624057,22.48601875,21.59886171,25.96640405,2.490863989,69.57358456,70.56310587,92.81027464,22.54439512,1000000000
1079,30.19746068,27.67247527,23.50966148,16.68537658,20.77994752,19.17624057,22.48601875,21.59886171,25.96640405,2.490863989,69.57358456,70.56310587,92.81027464,22.54439512,1000000000
1080,30.19746068,27.67247527,23.50966148,16.68537658,20.77994752,19.17624057,22.48601875,21.59886171,25.96640405,2.490863989,69.57358456,70.56310587,92.81027464,22.54439512,1000000000
1081,30.19746068,27.67247527,23.50966148,16.68537658,20.77994752,19.17624057,22.48601875,21.59886171,25.96640405,2.490863989,69.57358456,70.56310587,92.81027464,22.54439512,1000000000
1082,30.19746068,27.67247527,23.50966148,16.68537658,20.77994752,19.17624057,22.48601875,21.59886171,25.96640405,2.490863989,69.57358456,70.56310587,92.81027464,22.54439512,1000000000
1083,30.19746068,27.67247527,23.50966148,16.68537658,20.77994752,19.17624057,22.48601875,21.59886171,25.96640405,2.490863989,69.57358456,70.56310587,92.81027464,22.54439512,1000000000
1084,30.19746068,27.67247527,23.50966148,16.68537658,20.77994752,19.17624057,22.48601875,21.59886171,25.96640405,2.490863989,69.57358456,70.56310587,92.81027464,22.54439512,1000000000
1085,30.19746068,27.67247527,23.50966148,16.68537658,20.77994752,19.17624057,22.48601875,21.59886171,25.96640405,2.490863989,69.57358456,70.56310587,92.81027464,22.54439512,1000000000
1086,30.19746068,27.67247527,23.50966148,16.68537658,20.77994752,19.17624057,22.48601875,21.59886171,25.96640405,2.490863989,69.57358456,70.56310587,92.81027464,22.54439512,1000000000
1087,30.19746068,27.67247527,23.50966148,16.68537658,20.77994752,19.17624057,22.48601875,21.59886171,25.96640405,2.490863989,69.57358456,70.56310587,92.81027464,22.54439512,1000000000
1088,30.19746068,27.67247527,23.50966148,16.68537658,20.77994752,19.17624057,22.48601875,21.59886171,25.96640405,2.490863989,69.57358456,70.56310587,92.81027464,22.54439512,1000000000
1089,30.19746068,27.67247527,23.50966148,16.68537658,20.77994752,19.17624057,22.48601875,21.59886171,25.96640405,2.490863989,69.57358456,70.56310587,92.81027464,22.54439512,1000000000
1090,30.19746068,27.67247527,23.50966148,16.68537658,20.77994752,19.17624057,22.48601875,21.59886171,25.96640405,2.490863989,69.57358456,70.56310587,92.81027464,22.54439512,1000000000
1091,30.19746068,27.67247527,23.50966148,16.68537658,20.77994752,19.17624057,22.48601875,21.59886171,25.96640405,2.490863989,69.57358456,70.56310587,92.81027464,22.54439512,1000000000
1092,30.19746068,27.67247527,23.50966148,16.68537658,20.77994752,19.17624057,22.48601875,21.59886171,25.96640405,2.490863989,69.57358456,70.56310587,92.81027464,22.54439512,1000000000
1093,30.19746068,27.67247527,23.50966148,16.68537658,20.77994752,19.17624057,22.48601875,21.59886171,25.96640405,2.490863989,69.57358456,70.56310587,92.81027464,22.54439512,1000000000
1094,30.19746068,27.67247527,23.50966148,16.68537658,20.77994752,19.17624057,22.48601875,21.59886171,25.96640405,2.490863989,69.57358456,70.56310587,92.81027464,22.54439512,1000000000
1095,30.19746068,27.67247527,23.50966148,16.68537658,20.77994752,19.17624057,22.48601875,21.59886171,25.96640405,2.490863989,69.57358456,70.56310587,92.81027464,22.54439512,1000000000
1096,30.19746068,27.67247527,23.50966148,16.68537658,20.77994752,19.17624057,22.48601875,21.59886171,25.96640405,2.490863989,69.57358456,70.56310587,92.81027464,22.54439512,1000000000
1097,30.19746068,27.67247527,23.50966148,16.68537658,20.77994752,19.17624057,22.48601875,21.59886171,25.96640405,2.490863989,69.57358456,70.56310587,92.81027464,22.54439512,1000000000
1098,30.19746068,27.67247527,23.50966148,16.68537658,20.77994752,19.17624057,22.48601875,21.59886171,25.96640405,2.490863989,69.57358456,70.56310587,92.81027464,22.54439512,1000000000
1099,30.19746068,27.67247527,23.50966148,16.68537658,20.77994752,19.17624057,22.48601875,21.59886171,25.96640405,2.490863989,69.57358456,70.56310587,92.81027464,22.54439512,1000000000
1100,30.19746068,27.67247527,23.50966148,16.68537658,20.77994752,19.17624057,22.48601875,21.59886171,25.96640405,2.490863989,69.57358456,70.56310587,92.81027464,22.54439512,1000000000
1101,30.19746068,27.67247527,23.50966148,16.68537658,20.77994752,19.17624057,22.48601875,21.59886171,25.96640405,2.490863989,69.57358456,70.56310587,92.81027464,22.54439512,1000000000
1102,30.19746068,27.67247527,23.50966148,16.68537658,20.77994752,19.17624057,22.48601875,21.59886171,25.96640405,2.490863989,69.57358456,70.56310587,92.81027464,22.54439512,1000000000
1103,30.19746068,27.67247527,23.50966148,16.68537658,20.77994752,19.17624057,22.48601875,21.59886171,25.96640405,2.490863989,69.57358456,70.56310587,92.81027464,22.54439512,1000000000
1104,30.19746068,27.67247527,23.50966148,16.68537658,20.77994752,19.17624057,22.48601875,21.59886171,25.96640405,2.490863989,69.57358456,70.56310587,92.81027464,22.54439512,1000000000
1105,30.19746068,27.67247527,23.50966148,16.68537658,20.77994752,19.17624057,22.48601875,21.59886171,25.96640405,2.490863989,69.57358456,70.56310587,92.81027464,22.54439512,1000000000
1106,30.19746068,27.67247527,23.50966148,16.68537658,20.77994752,19.17624057,22.48601875,21.59886171,25.96640405,2.490863989,69.57358456,70.56310587,92.81027464,22.54439512,1000000000
1107,30.19746068,27.67247527,23.50966148,16.68537658,20.77994752,19.17624057,22.48601875,21.59886171,25.96640405,2.490863989,69.57358456,70.56310587,92.81027464,22.54439512,1000000000
1108,30.19746068,27.67247527,23.50966148,16.68537658,20.77994752,19.17624057,22.48601875,21.59886171,25.96640405,2.490863989,69.57358456,70.56310587,92.81027464,22.54439512,1000000000
1109,30.19746068,27.67247527,23.50966148,16.68537658,20.77994752,19.17624057,22.48601875,21.59886171,25.96640405,2.490863989,69.57358456,70.56310587,92.81027464,22.54439512,1000000000
1110,30.19746068,27.67247527,23.50966148,16.68537658,20.77994752,19.17624057,22.48601875,21.59886171,25.96640405,2.490863989,69.57358456,70.56310587,92.81027464,22.54439512,1000000000
1111,30.19746068,27.67247527,23.50966148,16.68537658,20.77994752,19.17624057,22.48601875,21.59886171,25.96640405,2.490863989,69.57358456,70.56310587,92.81027464,22.54439512,1000000000
1112,30.19746068,27.67247527,23.50966148,16.68537658,20.77994752,19.17624057,22.48601875,21.59886171,25.96640405,2.490863989,69.57358456,70.56310587,92.81027464,22.54439512,1000000000
1113,30.19746068,27.67247527,23.50966148,16.68537658,20.77994752,19.17624057,22.48601875,21.59886171,25.96640405,2.490863989,69.57358456,70.56310587,92.81027464,22.54439512,1000000000
1114,30.19746068,27.67247527,23.50966148,16.68537658,20.77994752,19.17624057,22.48601875,21.59886171,25.96640405,2.490863989,69.57358456,70.56310587,92.81027464,22.54439512,1000000000
1115,30.19746068,27.67247527,23.50966148,16.68537658,20.77994752,19.17624057,22.48601875,21.59886171,25.96640405,2.490863989,69.57358456,70.56310587,92.81027464,22.54439512,1000000000
1116,30.19746068,27.67247527,23.50966148,16.68537658,20.77994752,19.17624057,22.48601875,21.59886171,25.96640405,2.490863989,69.57358456,70.56310587,92.81027464,22.54439512,1000000000
1117,30.19746068,27.67247527,23.50966148,16.68537658,20.77994752,19.17624057,22.48601875,21.59886171,25.96640405,2.490863989,69.57358456,70.56310587,92.81027464,22.54439512,1000000000
1118,30.19746068,27.67247527,23.50966148,16.68537658,20.77994752,19.17624057,22.48601875,21.59886171,25.96640405,2.490863989,69.57358456,70.56310587,92.81027464,22.54439512,1000000000
1119,30.19746068,27.67247527,23.50966148,16.68537658,20.77994752,19.17624057,22.48601875,21.59886171,25.96640405,2.490863989,69.57358456,70.56310587,92.81027464,22.54439512,1000000000
1120,30.19746068,27.67247527,23.50966148,16.68537658,20.77994752,19.17624057,22.48601875,21.59886171,25.96640405,2.490863989,69.57358456,70.56310587,92.81027464,22.54439512,1000000000
1121,30.19746068,27.67247527,23.50966148,16.68537658,20.77994752,19.17624057,22.48601875,21.59886171,25.96640405,2.490863989,69.57358456,70.56310587,92.81027464,22.54439512,1000000000
1122,30.19746068,27.67247527,23.50966148,16.68537658,20.77994752,19.17624057,22.48601875,21.59886171,25.96640405,2.490863989,69.57358456,70.56310587,92.81027464,22.54439512,1000000000
1123,30.19746068,27.67247527,23.50966148,16.68537658,20.77994752,19.17624057,22.48601875,21.59886171,25.96640405,2.490863989,69.57358456,70.56310587,92.81027464,22.54439512,1000000000
1124,30.19746068,27.67247527,23.50966148,16.68537658,20.77994752,19.17624057,22.48601875,21.59886171,25.96640405,2.490863989,69.57358456,70.56310587,92.81027464,22.54439512,1000000000
1125,30.19746068,27.67247527,23.50966148,16.68537658,20.77994752,19.17624057,22.48601875,21.59886171,25.96640405,2.490863989,69.57358456,70.56310587,92.81027464,22.54439512,1000000000
1126,30.19746068,27.67247527,23.50966148,16.68537658,20.77994752,19.17624057,22.48601875,21.59886171,25.96640405,2.490863989,69.57358456,70.56310587,92.81027464,22.54439512,1000000000
1127,30.19746068,27.67247527,23.50966148,16.68537658,20.77994752,19.17624057,22.48601875,21.59886171,25.96640405,2.490863989,69.57358456,70.56310587,92.81027464,22.54439512,1000000000
1128,30.19746068,27.67247527,23.50966148,16.68537658,20.77994752,19.17624057,22.48601875,21.59886171,25.96640405,2.490863989,69.57358456,70.56310587,92.81027464,22.54439512,1000000000
1129,30.19746068,27.67247527,23.50966148,16.68537658,20.77994752,19.17624057,22.48601875,21.59886171,25.96640405,2.490863989,69.57358456,70.56310587,92.81027464,22.54439512,1000000000
1130,30.19746068,27.67247527,23.50966148,16.68537658,20.77994752,19.17624057,22.48601875,21.59886171,25.96640405,2.490863989,69.57358456,70.56310587,92.81027464,22.54439512,1000000000
1131,30.19746068,27.67247527,23.50966148,16.68537658,20.77994752,19.17624057,22.48601875,21.59886171,25.96640405,2.490863989,69.57358456,70.56310587,92.81027464,22.54439512,1000000000
1132,30.19746068,27.67247527,23.50966148,16.68537658,20.77994752,19.17624057,22.48601875,21.59886171,25.96640405,2.490863989,69.57358456,70.56310587,92.81027464,22.54439512,1000000000
1133,30.19746068,27.67247527,23.50966148,16.68537658,20.77994752,19.17624057,22.48601875,21.59886171,25.96640405,2.490863989,69.57358456,70.56310587,92.81027464,22.54439512,1000000000
1134,30.19746068,27.67247527,23.50966148,16.68537658,20.77994752,19.17624057,22.48601875,21.59886171,25.96640405,2.490863989,69.57358456,70.56310587,92.81027464,22.54439512,1000000000
1135,30.19746068,27.67247527,23.50966148,16.68537658,20.77994752,19.17624057,22.48601875,21.59886171,25.96640405,2.490863989,69.57358456,70.56310587,92.81027464,22.54439512,1000000000
1136,30.19746068,27.67247527,23.50966148,16.68537658,20.77994752,19.17624057,22.48601875,21.59886171,25.96640405,2.490863989,69.57358456,70.56310587,92.81027464,22.54439512,1000000000
1137,30.19746068,27.67247527,23.50966148,16.68537658,20.77994752,19.17624057,22.48601875,21.59886171,25.96640405,2.490863989,69.57358456,70.56310587,92.81027464,22.54439512,1000000000
1138,30.19746068,27.67247527,23.50966148,16.68537658,20.77994752,19.17624057,22.48601875,21.59886171,25.96640405,2.490863989,69.57358456,70.56310587,92.81027464,22.54439512,1000000000
1139,30.19746068,27.67247527,23.50966148,16.68537658,20.77994752,19.17624057,22.48601875,21.59886171,25.96640405,2.490863989,69.57358456,70.56310587,92.81027464,22.54439512,1000000000
1140,30.19746068,27.67247527,23.50966148,16.68537658,20.77994752,19.17624057,22.48601875,21.59886171,25.96640405,2.490863989,69.57358456,70.56310587,92.81027464,22.54439512,1000000000
1141,30.19746068,27.67247527,23.50966148,16.68537658,20.77994752,19.17624057,22.48601875,21.59886171,25.96640405,2.490863989,69.57358456,70.56310587,92.81027464,22.54439512,1000000000
1142,30.19746068,27.67247527,23.50966148,16.68537658,20.77994752,19.17624057,22.48601875,21.59886171,25.96640405,2.490863989,69.57358456,70.56310587,92.81027464,22.54439512,1000000000
1143,30.19746068,27.67247527,23.50966148,16.68537658,20.77994752,19.17624057,22.48601875,21.59886171,25.96640405,2.490863989,69.57358456,70.56310587,92.81027464,22.54439512,1000000000
1144,30.19746068,27.67247527,23.50966148,16.68537658,20.77994752,19.17624057,22.48601875,21.59886171,25.96640405,2.490863989,69.57358456,70.56310587,92.81027464,22.54439512,1000000000
1145,30.19746068,27.67247527,23.50966148,16.68537658,20.77994752,19.17624057,22.48601875,21.59886171,25.96640405,2.490863989,69.57358456,70.56310587,92.81027464,22.54439512,1000000000
1146,30.19746068,27.67247527,23.50966148,16.68537658,20.77994752,19.17624057,22.48601875,21.59886171,25.96640405,2.490863989,69.57358456,70.56310587,92.81027464,22.54439512,1000000000
1147,30.19746068,27.67247527,23.50966148,16.68537658,20.77994752,19.17624057,22.48601875,21.59886171,25.96640405,2.490863989,69.57358456,70.56310587,92.81027464,22.54439512,1000000000
1148,30.19746068,27.67247527,23.50966148,16.68537658,20.77994752,19.17624057,22.48601875,21.59886171,25.96640405,2.490863989,69.57358456,70.56310587,92.81027464,22.54439512,1000000000
1149,30.19746068,27.67247527,23.50966148,16.68537658,20.77994752,19.17624057,22.48601875,21.59886171,25.96640405,2.490863989,69.57358456,70.56310587,92.81027464,22.54439512,1000000000
1150,30.19746068,27.67247527,23.50966148,16.68537658,20.77994752,19.17624057,22.48601875,21.59886171,25.96640405,2.490863989,69.57358456,70.56310587,92.81027464,22.54439512,1000000000
1151,30.19746068,27.67247527,23.50966148,16.68537658,20.77994752,19.17624057,22.48601875,21.59886171,25.96640405,2.490863989,69.57358456,70.56310587,92.81027464,22.54439512,1000000000
1152,30.19746068,27.67247527,23.50966148,16.68537658,20.77994752,19.17624057,22.48601875,21.59886171,25.96640405,2.490863989,69.57358456,70.56310587,92.81027464,22.54439512,1000000000
1153,30.19746068,27.67247527,23.50966148,16.68537658,20.77994752,19.17624057,22.48601875,21.59886171,25.96640405,2.490863989,69.57358456,70.56310587,92.81027464,22.54439512,1000000000
1154,30.19746068,27.67247527,23.50966148,16.68537658,20.77994752,19.17624057,22.48601875,21.59886171,25.96640405,2.490863989,69.57358456,70.56310587,92.81027464,22.54439512,1000000000
1155,30.19746068,27.67247527,23.50966148,16.68537658,20.77994752,19.17624057,22.48601875,21.59886171,25.96640405,2.490863989,69.57358456,70.56310587,92.81027464,22.54439512,1000000000
1156,30.19746068,27.67247527,23.50966148,16.68537658,20.77994752,19.17624057,22.48601875,21.59886171,25.96640405,2.490863989,69.57358456,70.56310587,92.81027464,22.54439512,1000000000
1157,30.19746068,27.67247527,23.50966148,16.68537658,20.77994752,19.17624057,22.48601875,21.59886171,25.96640405,2.490863989,69.57358456,70.56310587,92.81027464,22.54439512,1000000000
1158,30.19746068,27.67247527,23.50966148,16.68537658,20.77994752,19.17624057,22.48601875,21.59886171,25.96640405,2.490863989,69.57358456,70.56310587,92.81027464,22.54439512,1000000000
1159,30.19746068,27.67247527,23.50966148,16.68537658,20.77994752,19.17624057,22.48601875,21.59886171,25.96640405,2.490863989,69.57358456,70.56310587,92.81027464,22.54439512,1000000000
1160,30.19746068,27.67247527,23.50966148,16.68537658,20.77994752,19.17624057,22.48601875,21.59886171,25.96640405,2.490863989,69.57358456,70.56310587,92.81027464,22.54439512,1000000000
1161,30.19746068,27.67247527,23.50966148,16.68537658,20.77994752,19.17624057,22.48601875,21.59886171,25.96640405,2.490863989,69.57358456,70.56310587,92.81027464,22.54439512,1000000000
1162,30.19746068,27.67247527,23.50966148,16.68537658,20.77994752,19.17624057,22.48601875,21.59886171,25.96640405,2.490863989,69.57358456,70.56310587,92.81027464,22.54439512,1000000000
1163,30.19746068,27.67247527,23.50966148,16.68537658,20.77994752,19.17624057,22.48601875,21.59886171,25.96640405,2.490863989,69.57358456,70.56310587,92.81027464,22.54439512,1000000000
1164,30.19746068,27.67247527,23.50966148,16.68537658,20.77994752,19.17624057,22.48601875,21.59886171,25.96640405,2.490863989,69.57358456,70.56310587,92.81027464,22.54439512,1000000000
1165,30.19746068,27.67247527,23.50966148,16.68537658,20.77994752,19.17624057,22.48601875,21.59886171,25.96640405,2.490863989,69.57358456,70.56310587,92.81027464,22.54439512,1000000000
1166,30.19746068,27.67247527,23.50966148,16.68537658,20.77994752,19.17624057,22.48601875,21.59886171,25.96640405,2.490863989,69.57358456,70.56310587,92.81027464,22.54439512,1000000000
1167,30.19746068,27.67247527,23.50966148,16.68537658,20.77994752,19.17624057,22.48601875,21.59886171,25.96640405,2.490863989,69.57358456,70.56310587,92.81027464,22.54439512,1000000000
1168,30.19746068,27.67247527,23.50966148,16.68537658,20.77994752,19.17624057,22.48601875,21.59886171,25.96640405,2.490863989,69.57358456,70.56310587,92.81027464,22.54439512,1000000000
1169,30.19746068,27.67247527,23.50966148,16.68537658,20.77994752,19.17624057,22.48601875,21.59886171,25.96640405,2.490863989,69.57358456,70.56310587,92.81027464,22.54439512,1000000000
1170,30.19746068,27.67247527,23.50966148,16.68537658,20.77994752,19.17624057,22.48601875,21.59886171,25.96640405,2.490863989,69.57358456,70.56310587,92.81027464,22.54439512,1000000000
1171,30.19746068,27.67247527,23.50966148,16.68537658,20.77994752,19.17624057,22.48601875,21.59886171,25.96640405,2.490863989,69.57358456,70.56310587,92.81027464,22.54439512,1000000000
1172,30.19746068,27.67247527,23.50966148,16.68537658,20.77994752,19.17624057,22.48601875,21.59886171,25.96640405,2.490863989,69.57358456,70.56310587,92.81027464,22.54439512,1000000000
1173,30.19746068,27.67247527,23.50966148,16.68537658,20.77994752,19.17624057,22.48601875,21.59886171,25.96640405,2.490863989,69.57358456,70.56310587,92.81027464,22.54439512,1000000000
1174,30.19746068,27.67247527,23.50966148,16.68537658,20.77994752,19.17624057,22.48601875,21.59886171,25.96640405,2.490863989,69.57358456,70.56310587,92.81027464,22.54439512,1000000000
1175,30.19746068,27.67247527,23.50966148,16.68537658,20.77994752,19.17624057,22.48601875,21.59886171,25.96640405,2.490863989,69.57358456,70.56310587,92.81027464,22.54439512,1000000000
1176,30.19746068,27.67247527,23.50966148,16.68537658,20.77994752,19.17624057,22.48601875,21.59886171,25.96640405,2.490863989,69.57358456,70.56310587,92.81027464,22.54439512,1000000000
1177,30.19746068,27.67247527,23.50966148,16.68537658,20.77994752,19.17624057,22.48601875,21.59886171,25.96640405,2.490863989,69.57358456,70.56310587,92.81027464,22.54439512,1000000000
1178,30.19746068,27.67247527,23.50966148,16.68537658,20.77994752,19.17624057,22.48601875,21.59886171,25.96640405,2.490863989,69.57358456,70.56310587,92.81027464,22.54439512,1000000000
1179,30.19746068,27.67247527,23.50966148,16.68537658,20.77994752,19.17624057,22.48601875,21.59886171,25.96640405,2.490863989,69.57358456,70.56310587,92.81027464,22.54439512,1000000000
1180,30.19746068,27.67247527,23.50966148,16.68537658,20.77994752,19.17624057,22.48601875,21.59886171,25.96640405,2.490863989,69.57358456,70.56310587,92.81027464,22.54439512,1000000000
1181,30.19746068,27.67247527,23.50966148,16.68537658,20.77994752,19.17624057,22.48601875,21.59886171,25.96640405,2.490863989,69.57358456,70.56310587,92.81027464,22.54439512,1000000000
1182,30.19746068,27.67247527,23.50966148,16.68537658,20.77994752,19.17624057,22.48601875,21.59886171,25.96640405,2.490863989,69.57358456,70.56310587,92.81027464,22.54439512,1000000000
1183,30.19746068,27.67247527,23.50966148,16.68537658,20.77994752,19.17624057,22.48601875,21.59886171,25.96640405,2.490863989,69.57358456,70.56310587,92.81027464,22.54439512,1000000000
1184,30.19746068,27.67247527,23.50966148,16.68537658,20.77994752,19.17624057,22.48601875,21.59886171,25.96640405,2.490863989,69.57358456,70.56310587,92.81027464,22.54439512,1000000000
1185,30.19746068,27.67247527,23.50966148,16.68537658,20.77994752,19.17624057,22.48601875,21.59886171,25.96640405,2.490863989,69.57358456,70.56310587,92.81027464,22.54439512,1000000000
1186,30.19746068,27.67247527,23.50966148,16.68537658,20.77994752,19.17624057,22.48601875,21.59886171,25.96640405,2.490863989,69.57358456,70.56310587,92.81027464,22.54439512,1000000000
1187,30.19746068,27.67247527,23.50966148,16.68537658,20.77994752,19.17624057,22.48601875,21.59886171,25.96640405,2.490863989,69.57358456,70.56310587,92.81027464,22.54439512,1000000000
1188,30.19746068,27.67247527,23.50966148,16.68537658,20.77994752,19.17624057,22.48601875,21.59886171,25.96640405,2.490863989,69.57358456,70.56310587,92.81027464,22.54439512,1000000000
1189,30.19746068,27.67247527,23.50966148,16.68537658,20.77994752,19.17624057,22.48601875,21.59886171,25.96640405,2.490863989,69.57358456,70.56310587,92.81027464,22.54439512,1000000000
1190,30.19746068,27.67247527,23.50966148,16.68537658,20.77994752,19.17624057,22.48601875,21.59886171,25.96640405,2.490863989,69.57358456,70.56310587,92.81027464,22.54439512,1000000000
1191,30.19746068,27.67247527,23.50966148,16.68537658,20.77994752,19.17624057,22.48601875,21.59886171,25.96640405,2.490863989,69.57358456,70.56310587,92.81027464,22.54439512,1000000000
1192,30.19746068,27.67247527,23.50966148,16.68537658,20.77994752,19.17624057,22.48601875,21.59886171,25.96640405,2.490863989,69.57358456,70.56310587,92.81027464,22.54439512,1000000000
1193,30.19746068,27.67247527,23.50966148,16.68537658,20.77994752,19.17624057,22.48601875,21.59886171,25.96640405,2.490863989,69.57358456,70.56310587,92.81027464,22.54439512,1000000000
1194,30.19746068,27.67247527,23.50966148,16.68537658,20.77994752,19.17624057,22.48601875,21.59886171,25.96640405,2.490863989,69.57358456,70.56310587,92.81027464,22.54439512,1000000000
1195,30.19746068,27.67247527,23.50966148,16.68537658,20.77994752,19.17624057,22.48601875,21.59886171,25.96640405,2.490863989,69.57358456,70.56310587,92.81027464,22.54439512,1000000000
1196,30.19746068,27.67247527,23.50966148,16.68537658,20.77994752,19.17624057,22.48601875,21.59886171,25.96640405,2.490863989,69.57358456,70.56310587,92.81027464,22.54439512,1000000000
1197,30.19746068,27.67247527,23.50966148,16.68537658,20.77994752,19.17624057,22.48601875,21.59886171,25.96640405,2.490863989,69.57358456,70.56310587,92.81027464,22.54439512,1000000000
1198,30.19746068,27.67247527,23.50966148,16.68537658,20.77994752,19.17624057,22.48601875,21.59886171,25.96640405,2.490863989,69.57358456,70.56310587,92.81027464,22.54439512,1000000000
1199,30.19746068,27.67247527,23.50966148,16.68537658,20.77994752,19.17624057,22.48601875,21.59886171,25.96640405,2.490863989,69.57358456,70.56310587,92.81027464,22.54439512,1000000000
1200,30.19746068,27.67247527,23.50966148,16.68537658,20.77994752,19.17624057,22.48601875,21.59886171,25.96640405,2.490863989,69.57358456,70.56310587,92.81027464,22.54439512,1000000000
1201,30.19746068,27.67247527,23.50966148,16.68537658,20.77994752,19.17624057,22.48601875,21.59886171,25.96640405,2.490863989,69.57358456,70.56310587,92.81027464,22.54439512,1000000000
1202,30.19746068,27.67247527,23.50966148,16.68537658,20.77994752,19.17624057,22.48601875,21.59886171,25.96640405,2.490863989,69.57358456,70.56310587,92.81027464,22.54439512,1000000000
1203,30.19746068,27.67247527,23.50966148,16.68537658,20.77994752,19.17624057,22.48601875,21.59886171,25.96640405,2.490863989,69.57358456,70.56310587,92.81027464,22.54439512,1000000000
1204,30.19746068,27.67247527,23.50966148,16.68537658,20.77994752,19.17624057,22.48601875,21.59886171,25.96640405,2.490863989,69.57358456,70.56310587,92.81027464,22.54439512,1000000000
1205,30.19746068,27.67247527,23.50966148,16.68537658,20.77994752,19.17624057,22.48601875,21.59886171,25.96640405,2.490863989,69.57358456,70.56310587,92.81027464,22.54439512,1000000000
1206,30.19746068,27.67247527,23.50966148,16.68537658,20.77994752,19.17624057,22.48601875,21.59886171,25.96640405,2.490863989,69.57358456,70.56310587,92.81027464,22.54439512,1000000000
1207,30.19746068,27.67247527,23.50966148,16.68537658,20.77994752,19.17624057,22.48601875,21.59886171,25.96640405,2.490863989,69.57358456,70.56310587,92.81027464,22.54439512,1000000000
1208,30.19746068,27.67247527,23.50966148,16.68537658,20.77994752,19.17624057,22.48601875,21.59886171,25.96640405,2.490863989,69.57358456,70.56310587,92.81027464,22.54439512,1000000000
1209,30.19746068,27.67247527,23.50966148,16.68537658,20.77994752,19.17624057,22.48601875,21.59886171,25.96640405,2.490863989,69.57358456,70.56310587,92.81027464,22.54439512,1000000000
1210,30.19746068,27.67247527,23.50966148,16.68537658,20.77994752,19.17624057,22.48601875,21.59886171,25.96640405,2.490863989,69.57358456,70.56310587,92.81027464,22.54439512,1000000000
1211,30.19746068,27.67247527,23.50966148,16.68537658,20.77994752,19.17624057,22.48601875,21.59886171,25.96640405,2.490863989,69.57358456,70.56310587,92.81027464,22.54439512,1000000000
1212,30.19746068,27.67247527,23.50966148,16.68537658,20.77994752,19.17624057,22.48601875,21.59886171,25.96640405,2.490863989,69.57358456,70.56310587,92.81027464,22.54439512,1000000000
1213,30.19746068,27.67247527,23.50966148,16.68537658,20.77994752,19.17624057,22.48601875,21.59886171,25.96640405,2.490863989,69.57358456,70.56310587,92.81027464,22.54439512,1000000000
1214,30.19746068,27.67247527,23.50966148,16.68537658,20.77994752,19.17624057,22.48601875,21.59886171,25.96640405,2.490863989,69.57358456,70.56310587,92.81027464,22.54439512,1000000000
1215,30.19746068,27.67247527,23.50966148,16.68537658,20.77994752,19.17624057,22.48601875,21.59886171,25.96640405,2.490863989,69.57358456,70.56310587,92.81027464,22.54439512,1000000000
1216,30.19746068,27.67247527,23.50966148,16.68537658,20.77994752,19.17624057,22.48601875,21.59886171,25.96640405,2.490863989,69.57358456,70.56310587,92.81027464,22.54439512,1000000000
1217,30.19746068,27.67247527,23.50966148,16.68537658,20.77994752,19.17624057,22.48601875,21.59886171,25.96640405,2.490863989,69.57358456,70.56310587,92.81027464,22.54439512,1000000000
1218,30.19746068,27.67247527,23.50966148,16.68537658,20.77994752,19.17624057,22.48601875,21.59886171,25.96640405,2.490863989,69.57358456,70.56310587,92.81027464,22.54439512,1000000000
1219,30.19746068,27.67247527,23.50966148,16.68537658,20.77994752,19.17624057,22.48601875,21.59886171,25.96640405,2.490863989,69.57358456,70.56310587,92.81027464,22.54439512,1000000000
1220,30.19746068,27.67247527,23.50966148,16.68537658,20.77994752,19.17624057,22.48601875,21.59886171,25.96640405,2.490863989,69.57358456,70.56310587,92.81027464,22.54439512,1000000000
1221,30.19746068,27.67247527,23.50966148,16.68537658,20.77994752,19.17624057,22.48601875,21.59886171,25.96640405,2.490863989,69.57358456,70.56310587,92.81027464,22.54439512,1000000000
1222,30.19746068,27.67247527,23.50966148,16.68537658,20.77994752,19.17624057,22.48601875,21.59886171,25.96640405,2.490863989,69.57358456,70.56310587,92.81027464,22.54439512,1000000000
1223,30.19746068,27.67247527,23.50966148,16.68537658,20.77994752,19.17624057,22.48601875,21.59886171,25.96640405,2.490863989,69.57358456,70.56310587,92.81027464,22.54439512,1000000000
1224,30.19746068,27.67247527,23.50966148,16.68537658,20.77994752,19.17624057,22.48601875,21.59886171,25.96640405,2.490863989,69.57358456,70.56310587,92.81027464,22.54439512,1000000000
1225,30.19746068,27.67247527,23.50966148,16.68537658,20.77994752,19.17624057,22.48601875,21.59886171,25.96640405,2.490863989,69.57358456,70.56310587,92.81027464,22.54439512,1000000000
1226,30.19746068,27.67247527,23.50966148,16.68537658,20.77994752,19.17624057,22.48601875,21.59886171,25.96640405,2.490863989,69.57358456,70.56310587,92.81027464,22.54439512,1000000000
1227,30.19746068,27.67247527,23.50966148,16.68537658,20.77994752,19.17624057,22.48601875,21.59886171,25.96640405,2.490863989,69.57358456,70.56310587,92.81027464,22.54439512,1000000000
1228,30.19746068,27.67247527,23.50966148,16.68537658,20.77994752,19.17624057,22.48601875,21.59886171,25.96640405,2.490863989,69.57358456,70.56310587,92.81027464,22.54439512,1000000000
1229,30.19746068,27.67247527,23.50966148,16.68537658,20.77994752,19.17624057,22.48601875,21.59886171,25.96640405,2.490863989,69.57358456,70.56310587,92.81027464,22.54439512,1000000000
1230,30.19746068,27.67247527,23.50966148,16.68537658,20.77994752,19.17624057,22.48601875,21.59886171,25.96640405,2.490863989,69.57358456,70.56310587,92.81027464,22.54439512,1000000000
1231,30.19746068,27.67247527,23.50966148,16.68537658,20.77994752,19.17624057,22.48601875,21.59886171,25.96640405,2.490863989,69.57358456,70.56310587,92.81027464,22.54439512,1000000000
1232,30.19746068,27.67247527,23.50966148,16.68537658,20.77994752,19.17624057,22.48601875,21.59886171,25.96640405,2.490863989,69.57358456,70.56310587,92.81027464,22.54439512,1000000000
1233,30.19746068,27.67247527,23.50966148,16.68537658,20.77994752,19.17624057,22.48601875,21.59886171,25.96640405,2.490863989,69.57358456,70.56310587,92.81027464,22.54439512,1000000000
1234,30.19746068,27.67247527,23.50966148,16.68537658,20.77994752,19.17624057,22.48601875,21.59886171,25.96640405,2.490863989,69.57358456,70.56310587,92.81027464,22.54439512,1000000000
1235,30.19746068,27.67247527,23.50966148,16.68537658,20.77994752,19.17624057,22.48601875,21.59886171,25.96640405,2.490863989,69.57358456,70.56310587,92.81027464,22.54439512,1000000000
1236,30.19746068,27.67247527,23.50966148,16.68537658,20.77994752,19.17624057,22.48601875,21.59886171,25.96640405,2.490863989,69.57358456,70.56310587,92.81027464,22.54439512,1000000000
1237,30.19746068,27.67247527,23.50966148,16.68537658,20.77994752,19.17624057,22.48601875,21.59886171,25.96640405,2.490863989,69.57358456,70.56310587,92.81027464,22.54439512,1000000000
1238,30.19746068,27.67247527,23.50966148,16.68537658,20.77994752,19.17624057,22.48601875,21.59886171,25.96640405,2.490863989,69.57358456,70.56310587,92.81027464,22.54439512,1000000000
1239,30.19746068,27.67247527,23.50966148,16.68537658,20.77994752,19.17624057,22.48601875,21.59886171,25.96640405,2.490863989,69.57358456,70.56310587,92.81027464,22.54439512,1000000000
1240,30.19746068,27.67247527,23.50966148,16.68537658,20.77994752,19.17624057,22.48601875,21.59886171,25.96640405,2.490863989,69.57358456,70.56310587,92.81027464,22.54439512,1000000000
1241,30.19746068,27.67247527,23.50966148,16.68537658,20.77994752,19.17624057,22.48601875,21.59886171,25.96640405,2.490863989,69.57358456,70.56310587,92.81027464,22.54439512,1000000000
1242,30.19746068,27.67247527,23.50966148,16.68537658,20.77994752,19.17624057,22.48601875,21.59886171,25.96640405,2.490863989,69.57358456,70.56310587,92.81027464,22.54439512,1000000000
1243,30.19746068,27.67247527,23.50966148,16.68537658,20.77994752,19.17624057,22.48601875,21.59886171,25.96640405,2.490863989,69.57358456,70.56310587,92.81027464,22.54439512,1000000000
1244,30.19746068,27.67247527,23.50966148,16.68537658,20.77994752,19.17624057,22.48601875,21.59886171,25.96640405,2.490863989,69.57358456,70.56310587,92.81027464,22.54439512,1000000000
1245,30.19746068,27.67247527,23.50966148,16.68537658,20.77994752,19.17624057,22.48601875,21.59886171,25.96640405,2.490863989,69.57358456,70.56310587,92.81027464,22.54439512,1000000000
1246,30.19746068,27.67247527,23.50966148,16.68537658,20.77994752,19.17624057,22.48601875,21.59886171,25.96640405,2.490863989,69.57358456,70.56310587,92.81027464,22.54439512,1000000000
1247,30.19746068,27.67247527,23.50966148,16.68537658,20.77994752,19.17624057,22.48601875,21.59886171,25.96640405,2.490863989,69.57358456,70.56310587,92.81027464,22.54439512,1000000000
1248,30.19746068,27.67247527,23.50966148,16.68537658,20.77994752,19.17624057,22.48601875,21.59886171,25.96640405,2.490863989,69.57358456,70.56310587,92.81027464,22.54439512,1000000000
1249,30.19746068,27.67247527,23.50966148,16.68537658,20.77994752,19.17624057,22.48601875,21.59886171,25.96640405,2.490863989,69.57358456,70.56310587,92.81027464,22.54439512,1000000000
1250,30.19746068,27.67247527,23.50966148,16.68537658,20.77994752,19.17624057,22.48601875,21.59886171,25.96640405,2.490863989,69.57358456,70.56310587,92.81027464,22.54439512,1000000000
1251,30.19746068,27.67247527,23.50966148,16.68537658,20.77994752,19.17624057,22.48601875,21.59886171,25.96640405,2.490863989,69.57358456,70.56310587,92.81027464,22.54439512,1000000000
1252,30.19746068,27.67247527,23.50966148,16.68537658,20.77994752,19.17624057,22.48601875,21.59886171,25.96640405,2.490863989,69.57358456,70.56310587,92.81027464,22.54439512,1000000000
1253,30.19746068,27.67247527,23.50966148,16.68537658,20.77994752,19.17624057,22.48601875,21.59886171,25.96640405,2.490863989,69.57358456,70.56310587,92.81027464,22.54439512,1000000000
1254,30.19746068,27.67247527,23.50966148,16.68537658,20.77994752,19.17624057,22.48601875,21.59886171,25.96640405,2.490863989,69.57358456,70.56310587,92.81027464,22.54439512,1000000000
1255,30.19746068,27.67247527,23.50966148,16.68537658,20.77994752,19.17624057,22.48601875,21.59886171,25.96640405,2.490863989,69.57358456,70.56310587,92.81027464,22.54439512,1000000000
1256,30.19746068,27.67247527,23.50966148,16.68537658,20.77994752,19.17624057,22.48601875,21.59886171,25.96640405,2.490863989,69.57358456,70.56310587,92.81027464,22.54439512,1000000000
1257,30.19746068,27.67247527,23.50966148,16.68537658,20.77994752,19.17624057,22.48601875,21.59886171,25.96640405,2.490863989,69.57358456,70.56310587,92.81027464,22.54439512,1000000000
1258,30.19746068,27.67247527,23.50966148,16.68537658,20.77994752,19.17624057,22.48601875,21.59886171,25.96640405,2.490863989,69.57358456,70.56310587,92.81027464,22.54439512,1000000000
1259,30.19746068,27.67247527,23.50966148,16.68537658,20.77994752,19.17624057,22.48601875,21.59886171,25.96640405,2.490863989,69.57358456,70.56310587,92.81027464,22.54439512,1000000000
1260,30.19746068,27.67247527,23.50966148,16.68537658,20.77994752,19.17624057,22.48601875,21.59886171,25.96640405,2.490863989,69.57358456,70.56310587,92.81027464,22.54439512,1000000000
1261,30.19746068,27.67247527,23.50966148,16.68537658,20.77994752,19.17624057,22.48601875,21.59886171,25.96640405,2.490863989,69.57358456,70.56310587,92.81027464,22.54439512,1000000000
1262,30.19746068,27.67247527,23.50966148,16.68537658,20.77994752,19.17624057,22.48601875,21.59886171,25.96640405,2.490863989,69.57358456,70.56310587,92.81027464,22.54439512,1000000000
1263,30.19746068,27.67247527,23.50966148,16.68537658,20.77994752,19.17624057,22.48601875,21.59886171,25.96640405,2.490863989,69.57358456,70.56310587,92.81027464,22.54439512,1000000000
1264,30.19746068,27.67247527,23.50966148,16.68537658,20.77994752,19.17624057,22.48601875,21.59886171,25.96640405,2.490863989,69.57358456,70.56310587,92.81027464,22.54439512,1000000000
1265,30.19746068,27.67247527,23.50966148,16.68537658,20.77994752,19.17624057,22.48601875,21.59886171,25.96640405,2.490863989,69.57358456,70.56310587,92.81027464,22.54439512,1000000000
1266,30.19746068,27.67247527,23.50966148,16.68537658,20.77994752,19.17624057,22.48601875,21.59886171,25.96640405,2.490863989,69.57358456,70.56310587,92.81027464,22.54439512,1000000000
1267,30.19746068,27.67247527,23.50966148,16.68537658,20.77994752,19.17624057,22.48601875,21.59886171,25.96640405,2.490863989,69.57358456,70.56310587,92.81027464,22.54439512,1000000000
1268,30.19746068,27.67247527,23.50966148,16.68537658,20.77994752,19.17624057,22.48601875,21.59886171,25.96640405,2.490863989,69.57358456,70.56310587,92.81027464,22.54439512,1000000000
1269,30.19746068,27.67247527,23.50966148,16.68537658,20.77994752,19.17624057,22.48601875,21.59886171,25.96640405,2.490863989,69.57358456,70.56310587,92.81027464,22.54439512,1000000000
1270,30.19746068,27.67247527,23.50966148,16.68537658,20.77994752,19.17624057,22.48601875,21.59886171,25.96640405,2.490863989,69.57358456,70.56310587,92.81027464,22.54439512,1000000000
1271,30.19746068,27.67247527,23.50966148,16.68537658,20.77994752,19.17624057,22.48601875,21.59886171,25.96640405,2.490863989,69.57358456,70.56310587,92.81027464,22.54439512,1000000000
1272,30.19746068,27.67247527,23.50966148,16.68537658,20.77994752,19.17624057,22.48601875,21.59886171,25.96640405,2.490863989,69.57358456,70.56310587,92.81027464,22.54439512,1000000000
1273,30.19746068,27.67247527,23.50966148,16.68537658,20.77994752,19.17624057,22.48601875,21.59886171,25.96640405,2.490863989,69.57358456,70.56310587,92.81027464,22.54439512,1000000000
1274,30.19746068,27.67247527,23.50966148,16.68537658,20.77994752,19.17624057,22.48601875,21.59886171,25.96640405,2.490863989,69.57358456,70.56310587,92.81027464,22.54439512,1000000000
1275,30.19746068,27.67247527,23.50966148,16.68537658,20.77994752,19.17624057,22.48601875,21.59886171,25.96640405,2.490863989,69.57358456,70.56310587,92.81027464,22.54439512,1000000000
1276,30.19746068,27.67247527,23.50966148,16.68537658,20.77994752,19.17624057,22.48601875,21.59886171,25.96640405,2.490863989,69.57358456,70.56310587,92.81027464,22.54439512,1000000000
1277,30.19746068,27.67247527,23.50966148,16.68537658,20.77994752,19.17624057,22.48601875,21.59886171,25.96640405,2.490863989,69.57358456,70.56310587,92.81027464,22.54439512,1000000000
1278,30.19746068,27.67247527,23.50966148,16.68537658,20.77994752,19.17624057,22.48601875,21.59886171,25.96640405,2.490863989,69.57358456,70.56310587,92.81027464,22.54439512,1000000000
1279,30.19746068,27.67247527,23.50966148,16.68537658,20.77994752,19.17624057,22.48601875,21.59886171,25.96640405,2.490863989,69.57358456,70.56310587,92.81027464,22.54439512,1000000000
1280,30.19746068,27.67247527,23.50966148,16.68537658,20.77994752,19.17624057,22.48601875,21.59886171,25.96640405,2.490863989,69.57358456,70.56310587,92.81027464,22.54439512,1000000000
1281,30.19746068,27.67247527,23.50966148,16.68537658,20.77994752,19.17624057,22.48601875,21.59886171,25.96640405,2.490863989,69.57358456,70.56310587,92.81027464,22.54439512,1000000000
1282,30.19746068,27.67247527,23.50966148,16.68537658,20.77994752,19.17624057,22.48601875,21.59886171,25.96640405,2.490863989,69.57358456,70.56310587,92.81027464,22.54439512,1000000000
1283,30.19746068,27.67247527,23.50966148,16.68537658,20.77994752,19.17624057,22.48601875,21.59886171,25.96640405,2.490863989,69.57358456,70.56310587,92.81027464,22.54439512,1000000000
1284,30.19746068,27.67247527,23.50966148,16.68537658,20.77994752,19.17624057,22.48601875,21.59886171,25.96640405,2.490863989,69.57358456,70.56310587,92.81027464,22.54439512,1000000000
1285,30.19746068,27.67247527,23.50966148,16.68537658,20.77994752,19.17624057,22.48601875,21.59886171,25.96640405,2.490863989,69.57358456,70.56310587,92.81027464,22.54439512,1000000000
1286,30.19746068,27.67247527,23.50966148,16.68537658,20.77994752,19.17624057,22.48601875,21.59886171,25.96640405,2.490863989,69.57358456,70.56310587,92.81027464,22.54439512,1000000000
1287,30.19746068,27.67247527,23.50966148,16.68537658,20.77994752,19.17624057,22.48601875,21.59886171,25.96640405,2.490863989,69.57358456,70.56310587,92.81027464,22.54439512,1000000000
1288,30.19746068,27.67247527,23.50966148,16.68537658,20.77994752,19.17624057,22.48601875,21.59886171,25.96640405,2.490863989,69.57358456,70.56310587,92.81027464,22.54439512,1000000000
1289,30.19746068,27.67247527,23.50966148,16.68537658,20.77994752,19.17624057,22.48601875,21.59886171,25.96640405,2.490863989,69.57358456,70.56310587,92.81027464,22.54439512,1000000000
1290,30.19746068,27.67247527,23.50966148,16.68537658,20.77994752,19.17624057,22.48601875,21.59886171,25.96640405,2.490863989,69.57358456,70.56310587,92.81027464,22.54439512,1000000000
1291,30.19746068,27.67247527,23.50966148,16.68537658,20.77994752,19.17624057,22.48601875,21.59886171,25.96640405,2.490863989,69.57358456,70.56310587,92.81027464,22.54439512,1000000000
1292,30.19746068,27.67247527,23.50966148,16.68537658,20.77994752,19.17624057,22.48601875,21.59886171,25.96640405,2.490863989,69.57358456,70.56310587,92.81027464,22.54439512,1000000000
1293,30.19746068,27.67247527,23.50966148,16.68537658,20.77994752,19.17624057,22.48601875,21.59886171,25.96640405,2.490863989,69.57358456,70.56310587,92.81027464,22.54439512,1000000000
1294,30.19746068,27.67247527,23.50966148,16.68537658,20.77994752,19.17624057,22.48601875,21.59886171,25.96640405,2.490863989,69.57358456,70.56310587,92.81027464,22.54439512,1000000000
1295,30.19746068,27.67247527,23.50966148,16.68537658,20.77994752,19.17624057,22.48601875,21.59886171,25.96640405,2.490863989,69.57358456,70.56310587,92.81027464,22.54439512,1000000000
1296,30.19746068,27.67247527,23.50966148,16.68537658,20.77994752,19.17624057,22.48601875,21.59886171,25.96640405,2.490863989,69.57358456,70.56310587,92.81027464,22.54439512,1000000000
1297,30.19746068,27.67247527,23.50966148,16.68537658,20.77994752,19.17624057,22.48601875,21.59886171,25.96640405,2.490863989,69.57358456,70.56310587,92.81027464,22.54439512,1000000000
1298,30.19746068,27.67247527,23.50966148,16.68537658,20.77994752,19.17624057,22.48601875,21.59886171,25.96640405,2.490863989,69.57358456,70.56310587,92.81027464,22.54439512,1000000000
1299,30.19746068,27.67247527,23.50966148,16.68537658,20.77994752,19.17624057,22.48601875,21.59886171,25.96640405,2.490863989,69.57358456,70.56310587,92.81027464,22.54439512,1000000000
1300,30.19746068,27.67247527,23.50966148,16.68537658,20.77994752,19.17624057,22.48601875,21.59886171,25.96640405,2.490863989,69.57358456,70.56310587,92.81027464,22.54439512,1000000000
1301,30.19746068,27.67247527,23.50966148,16.68537658,20.77994752,19.17624057,22.48601875,21.59886171,25.96640405,2.490863989,69.57358456,70.56310587,92.81027464,22.54439512,1000000000
1302,30.19746068,27.67247527,23.50966148,16.68537658,20.77994752,19.17624057,22.48601875,21.59886171,25.96640405,2.490863989,69.57358456,70.56310587,92.81027464,22.54439512,1000000000
1303,30.19746068,27.67247527,23.50966148,16.68537658,20.77994752,19.17624057,22.48601875,21.59886171,25.96640405,2.490863989,69.57358456,70.56310587,92.81027464,22.54439512,1000000000
1304,30.19746068,27.67247527,23.50966148,16.68537658,20.77994752,19.17624057,22.48601875,21.59886171,25.96640405,2.490863989,69.57358456,70.56310587,92.81027464,22.54439512,1000000000
1305,30.19746068,27.67247527,23.50966148,16.68537658,20.77994752,19.17624057,22.48601875,21.59886171,25.96640405,2.490863989,69.57358456,70.56310587,92.81027464,22.54439512,1000000000
1306,30.19746068,27.67247527,23.50966148,16.68537658,20.77994752,19.17624057,22.48601875,21.59886171,25.96640405,2.490863989,69.57358456,70.56310587,92.81027464,22.54439512,1000000000
1307,30.19746068,27.67247527,23.50966148,16.68537658,20.77994752,19.17624057,22.48601875,21.59886171,25.96640405,2.490863989,69.57358456,70.56310587,92.81027464,22.54439512,1000000000
1308,30.19746068,27.67247527,23.50966148,16.68537658,20.77994752,19.17624057,22.48601875,21.59886171,25.96640405,2.490863989,69.57358456,70.56310587,92.81027464,22.54439512,1000000000
1309,30.19746068,27.67247527,23.50966148,16.68537658,20.77994752,19.17624057,22.48601875,21.59886171,25.96640405,2.490863989,69.57358456,70.56310587,92.81027464,22.54439512,1000000000
1310,30.19746068,27.67247527,23.50966148,16.68537658,20.77994752,19.17624057,22.48601875,21.59886171,25.96640405,2.490863989,69.57358456,70.56310587,92.81027464,22.54439512,1000000000
1311,30.19746068,27.67247527,23.50966148,16.68537658,20.77994752,19.17624057,22.48601875,21.59886171,25.96640405,2.490863989,69.57358456,70.56310587,92.81027464,22.54439512,1000000000
1312,30.19746068,27.67247527,23.50966148,16.68537658,20.77994752,19.17624057,22.48601875,21.59886171,25.96640405,2.490863989,69.57358456,70.56310587,92.81027464,22.54439512,1000000000
1313,30.19746068,27.67247527,23.50966148,16.68537658,20.77994752,19.17624057,22.48601875,21.59886171,25.96640405,2.490863989,69.57358456,70.56310587,92.81027464,22.54439512,1000000000
1314,30.19746068,27.67247527,23.50966148,16.68537658,20.77994752,19.17624057,22.48601875,21.59886171,25.96640405,2.490863989,69.57358456,70.56310587,92.81027464,22.54439512,1000000000
1315,30.19746068,27.67247527,23.50966148,16.68537658,20.77994752,19.17624057,22.48601875,21.59886171,25.96640405,2.490863989,69.57358456,70.56310587,92.81027464,22.54439512,1000000000
1316,30.19746068,27.67247527,23.50966148,16.68537658,20.77994752,19.17624057,22.48601875,21.59886171,25.96640405,2.490863989,69.57358456,70.56310587,92.81027464,22.54439512,1000000000
1317,30.19746068,27.67247527,23.50966148,16.68537658,20.77994752,19.17624057,22.48601875,21.59886171,25.96640405,2.490863989,69.57358456,70.56310587,92.81027464,22.54439512,1000000000
1318,30.19746068,27.67247527,23.50966148,16.68537658,20.77994752,19.17624057,22.48601875,21.59886171,25.96640405,2.490863989,69.57358456,70.56310587,92.81027464,22.54439512,1000000000
1319,30.19746068,27.67247527,23.50966148,16.68537658,20.77994752,19.17624057,22.48601875,21.59886171,25.96640405,2.490863989,69.57358456,70.56310587,92.81027464,22.54439512,1000000000
1320,30.19746068,27.67247527,23.50966148,16.68537658,20.77994752,19.17624057,22.48601875,21.59886171,25.96640405,2.490863989,69.57358456,70.56310587,92.81027464,22.54439512,1000000000
1321,30.19746068,27.67247527,23.50966148,16.68537658,20.77994752,19.17624057,22.48601875,21.59886171,25.96640405,2.490863989,69.57358456,70.56310587,92.81027464,22.54439512,1000000000
1322,30.19746068,27.67247527,23.50966148,16.68537658,20.77994752,19.17624057,22.48601875,21.59886171,25.96640405,2.490863989,69.57358456,70.56310587,92.81027464,22.54439512,1000000000
1323,30.19746068,27.67247527,23.50966148,16.68537658,20.77994752,19.17624057,22.48601875,21.59886171,25.96640405,2.490863989,69.57358456,70.56310587,92.81027464,22.54439512,1000000000
1324,30.19746068,27.67247527,23.50966148,16.68537658,20.77994752,19.17624057,22.48601875,21.59886171,25.96640405,2.490863989,69.57358456,70.56310587,92.81027464,22.54439512,1000000000
1325,30.19746068,27.67247527,23.50966148,16.68537658,20.77994752,19.17624057,22.48601875,21.59886171,25.96640405,2.490863989,69.57358456,70.56310587,92.81027464,22.54439512,1000000000
1326,30.19746068,27.67247527,23.50966148,16.68537658,20.77994752,19.17624057,22.48601875,21.59886171,25.96640405,2.490863989,69.57358456,70.56310587,92.81027464,22.54439512,1000000000
1327,30.19746068,27.67247527,23.50966148,16.68537658,20.77994752,19.17624057,22.48601875,21.59886171,25.96640405,2.490863989,69.57358456,70.56310587,92.81027464,22.54439512,1000000000
1328,30.19746068,27.67247527,23.50966148,16.68537658,20.77994752,19.17624057,22.48601875,21.59886171,25.96640405,2.490863989,69.57358456,70.56310587,92.81027464,22.54439512,1000000000
1329,30.19746068,27.67247527,23.50966148,16.68537658,20.77994752,19.17624057,22.48601875,21.59886171,25.96640405,2.490863989,69.57358456,70.56310587,92.81027464,22.54439512,1000000000
1330,30.19746068,27.67247527,23.50966148,16.68537658,20.77994752,19.17624057,22.48601875,21.59886171,25.96640405,2.490863989,69.57358456,70.56310587,92.81027464,22.54439512,1000000000
1331,30.19746068,27.67247527,23.50966148,16.68537658,20.77994752,19.17624057,22.48601875,21.59886171,25.96640405,2.490863989,69.57358456,70.56310587,92.81027464,22.54439512,1000000000
1332,30.19746068,27.67247527,23.50966148,16.68537658,20.77994752,19.17624057,22.48601875,21.59886171,25.96640405,2.490863989,69.57358456,70.56310587,92.81027464,22.54439512,1000000000
1333,30.19746068,27.67247527,23.50966148,16.68537658,20.77994752,19.17624057,22.48601875,21.59886171,25.96640405,2.490863989,69.57358456,70.56310587,92.81027464,22.54439512,1000000000
1334,30.19746068,27.67247527,23.50966148,16.68537658,20.77994752,19.17624057,22.48601875,21.59886171,25.96640405,2.490863989,69.57358456,70.56310587,92.81027464,22.54439512,1000000000
1335,30.19746068,27.67247527,23.50966148,16.68537658,20.77994752,19.17624057,22.48601875,21.59886171,25.96640405,2.490863989,69.57358456,70.56310587,92.81027464,22.54439512,1000000000
1336,30.19746068,27.67247527,23.50966148,16.68537658,20.77994752,19.17624057,22.48601875,21.59886171,25.96640405,2.490863989,69.57358456,70.56310587,92.81027464,22.54439512,1000000000
1337,30.19746068,27.67247527,23.50966148,16.68537658,20.77994752,19.17624057,22.48601875,21.59886171,25.96640405,2.490863989,69.57358456,70.56310587,92.81027464,22.54439512,1000000000
1338,30.19746068,27.67247527,23.50966148,16.68537658,20.77994752,19.17624057,22.48601875,21.59886171,25.96640405,2.490863989,69.57358456,70.56310587,92.81027464,22.54439512,1000000000
1339,30.19746068,27.67247527,23.50966148,16.68537658,20.77994752,19.17624057,22.48601875,21.59886171,25.96640405,2.490863989,69.57358456,70.56310587,92.81027464,22.54439512,1000000000
1340,30.19746068,27.67247527,23.50966148,16.68537658,20.77994752,19.17624057,22.48601875,21.59886171,25.96640405,2.490863989,69.57358456,70.56310587,92.81027464,22.54439512,1000000000
1341,30.19746068,27.67247527,23.50966148,16.68537658,20.77994752,19.17624057,22.48601875,21.59886171,25.96640405,2.490863989,69.57358456,70.56310587,92.81027464,22.54439512,1000000000
1342,30.19746068,27.67247527,23.50966148,16.68537658,20.77994752,19.17624057,22.48601875,21.59886171,25.96640405,2.490863989,69.57358456,70.56310587,92.81027464,22.54439512,1000000000
1343,30.19746068,27.67247527,23.50966148,16.68537658,20.77994752,19.17624057,22.48601875,21.59886171,25.96640405,2.490863989,69.57358456,70.56310587,92.81027464,22.54439512,1000000000
1344,30.19746068,27.67247527,23.50966148,16.68537658,20.77994752,19.17624057,22.48601875,21.59886171,25.96640405,2.490863989,69.57358456,70.56310587,92.81027464,22.54439512,1000000000
1345,30.19746068,27.67247527,23.50966148,16.68537658,20.77994752,19.17624057,22.48601875,21.59886171,25.96640405,2.490863989,69.57358456,70.56310587,92.81027464,22.54439512,1000000000
1346,30.19746068,27.67247527,23.50966148,16.68537658,20.77994752,19.17624057,22.48601875,21.59886171,25.96640405,2.490863989,69.57358456,70.56310587,92.81027464,22.54439512,1000000000
1347,30.19746068,27.67247527,23.50966148,16.68537658,20.77994752,19.17624057,22.48601875,21.59886171,25.96640405,2.490863989,69.57358456,70.56310587,92.81027464,22.54439512,1000000000
1348,30.19746068,27.67247527,23.50966148,16.68537658,20.77994752,19.17624057,22.48601875,21.59886171,25.96640405,2.490863989,69.57358456,70.56310587,92.81027464,22.54439512,1000000000
1349,30.19746068,27.67247527,23.50966148,16.68537658,20.77994752,19.17624057,22.48601875,21.59886171,25.96640405,2.490863989,69.57358456,70.56310587,92.81027464,22.54439512,1000000000
1350,30.19746068,27.67247527,23.50966148,16.68537658,20.77994752,19.17624057,22.48601875,21.59886171,25.96640405,2.490863989,69.57358456,70.56310587,92.81027464,22.54439512,1000000000
1351,30.19746068,27.67247527,23.50966148,16.68537658,20.77994752,19.17624057,22.48601875,21.59886171,25.96640405,2.490863989,69.57358456,70.56310587,92.81027464,22.54439512,1000000000
1352,30.19746068,27.67247527,23.50966148,16.68537658,20.77994752,19.17624057,22.48601875,21.59886171,25.96640405,2.490863989,69.57358456,70.56310587,92.81027464,22.54439512,1000000000
1353,30.19746068,27.67247527,23.50966148,16.68537658,20.77994752,19.17624057,22.48601875,21.59886171,25.96640405,2.490863989,69.57358456,70.56310587,92.81027464,22.54439512,1000000000
1354,30.19746068,27.67247527,23.50966148,16.68537658,20.77994752,19.17624057,22.48601875,21.59886171,25.96640405,2.490863989,69.57358456,70.56310587,92.81027464,22.54439512,1000000000
1355,30.19746068,27.67247527,23.50966148,16.68537658,20.77994752,19.17624057,22.48601875,21.59886171,25.96640405,2.490863989,69.57358456,70.56310587,92.81027464,22.54439512,1000000000
1356,30.19746068,27.67247527,23.50966148,16.68537658,20.77994752,19.17624057,22.48601875,21.59886171,25.96640405,2.490863989,69.57358456,70.56310587,92.81027464,22.54439512,1000000000
1357,30.19746068,27.67247527,23.50966148,16.68537658,20.77994752,19.17624057,22.48601875,21.59886171,25.96640405,2.490863989,69.57358456,70.56310587,92.81027464,22.54439512,1000000000
1358,30.19746068,27.67247527,23.50966148,16.68537658,20.77994752,19.17624057,22.48601875,21.59886171,25.96640405,2.490863989,69.57358456,70.56310587,92.81027464,22.54439512,1000000000
1359,30.19746068,27.67247527,23.50966148,16.68537658,20.77994752,19.17624057,22.48601875,21.59886171,25.96640405,2.490863989,69.57358456,70.56310587,92.81027464,22.54439512,1000000000
1360,30.19746068,27.67247527,23.50966148,16.68537658,20.77994752,19.17624057,22.48601875,21.59886171,25.96640405,2.490863989,69.57358456,70.56310587,92.81027464,22.54439512,1000000000
1361,30.19746068,27.67247527,23.50966148,16.68537658,20.77994752,19.17624057,22.48601875,21.59886171,25.96640405,2.490863989,69.57358456,70.56310587,92.81027464,22.54439512,1000000000
1362,30.19746068,27.67247527,23.50966148,16.68537658,20.77994752,19.17624057,22.48601875,21.59886171,25.96640405,2.490863989,69.57358456,70.56310587,92.81027464,22.54439512,1000000000
1363,30.19746068,27.67247527,23.50966148,16.68537658,20.77994752,19.17624057,22.48601875,21.59886171,25.96640405,2.490863989,69.57358456,70.56310587,92.81027464,22.54439512,1000000000
1364,30.19746068,27.67247527,23.50966148,16.68537658,20.77994752,19.17624057,22.48601875,21.59886171,25.96640405,2.490863989,69.57358456,70.56310587,92.81027464,22.54439512,1000000000
1365,30.19746068,27.67247527,23.50966148,16.68537658,20.77994752,19.17624057,22.48601875,21.59886171,25.96640405,2.490863989,69.57358456,70.56310587,92.81027464,22.54439512,1000000000
1366,30.19746068,27.67247527,23.50966148,16.68537658,20.77994752,19.17624057,22.48601875,21.59886171,25.96640405,2.490863989,69.57358456,70.56310587,92.81027464,22.54439512,1000000000
1367,30.19746068,27.67247527,23.50966148,16.68537658,20.77994752,19.17624057,22.48601875,21.59886171,25.96640405,2.490863989,69.57358456,70.56310587,92.81027464,22.54439512,1000000000
1368,30.19746068,27.67247527,23.50966148,16.68537658,20.77994752,19.17624057,22.48601875,21.59886171,25.96640405,2.490863989,69.57358456,70.56310587,92.81027464,22.54439512,1000000000
1369,30.19746068,27.67247527,23.50966148,16.68537658,20.77994752,19.17624057,22.48601875,21.59886171,25.96640405,2.490863989,69.57358456,70.56310587,92.81027464,22.54439512,1000000000
1370,30.19746068,27.67247527,23.50966148,16.68537658,20.77994752,19.17624057,22.48601875,21.59886171,25.96640405,2.490863989,69.57358456,70.56310587,92.81027464,22.54439512,1000000000
1371,30.19746068,27.67247527,23.50966148,16.68537658,20.77994752,19.17624057,22.48601875,21.59886171,25.96640405,2.490863989,69.57358456,70.56310587,92.81027464,22.54439512,1000000000
1372,30.19746068,27.67247527,23.50966148,16.68537658,20.77994752,19.17624057,22.48601875,21.59886171,25.96640405,2.490863989,69.57358456,70.56310587,92.81027464,22.54439512,1000000000
1373,30.19746068,27.67247527,23.50966148,16.68537658,20.77994752,19.17624057,22.48601875,21.59886171,25.96640405,2.490863989,69.57358456,70.56310587,92.81027464,22.54439512,1000000000
1374,30.19746068,27.67247527,23.50966148,16.68537658,20.77994752,19.17624057,22.48601875,21.59886171,25.96640405,2.490863989,69.57358456,70.56310587,92.81027464,22.54439512,1000000000
1375,30.19746068,27.67247527,23.50966148,16.68537658,20.77994752,19.17624057,22.48601875,21.59886171,25.96640405,2.490863989,69.57358456,70.56310587,92.81027464,22.54439512,1000000000
1376,30.19746068,27.67247527,23.50966148,16.68537658,20.77994752,19.17624057,22.48601875,21.59886171,25.96640405,2.490863989,69.57358456,70.56310587,92.81027464,22.54439512,1000000000
1377,30.19746068,27.67247527,23.50966148,16.68537658,20.77994752,19.17624057,22.48601875,21.59886171,25.96640405,2.490863989,69.57358456,70.56310587,92.81027464,22.54439512,1000000000
1378,30.19746068,27.67247527,23.50966148,16.68537658,20.77994752,19.17624057,22.48601875,21.59886171,25.96640405,2.490863989,69.57358456,70.56310587,92.81027464,22.54439512,1000000000
1379,30.19746068,27.67247527,23.50966148,16.68537658,20.77994752,19.17624057,22.48601875,21.59886171,25.96640405,2.490863989,69.57358456,70.56310587,92.81027464,22.54439512,1000000000
1380,30.19746068,27.67247527,23.50966148,16.68537658,20.77994752,19.17624057,22.48601875,21.59886171,25.96640405,2.490863989,69.57358456,70.56310587,92.81027464,22.54439512,1000000000
1381,30.19746068,27.67247527,23.50966148,16.68537658,20.77994752,19.17624057,22.48601875,21.59886171,25.96640405,2.490863989,69.57358456,70.56310587,92.81027464,22.54439512,1000000000
1382,30.19746068,27.67247527,23.50966148,16.68537658,20.77994752,19.17624057,22.48601875,21.59886171,25.96640405,2.490863989,69.57358456,70.56310587,92.81027464,22.54439512,1000000000
1383,30.19746068,27.67247527,23.50966148,16.68537658,20.77994752,19.17624057,22.48601875,21.59886171,25.96640405,2.490863989,69.57358456,70.56310587,92.81027464,22.54439512,1000000000
1384,30.19746068,27.67247527,23.50966148,16.68537658,20.77994752,19.17624057,22.48601875,21.59886171,25.96640405,2.490863989,69.57358456,70.56310587,92.81027464,22.54439512,1000000000
1385,30.19746068,27.67247527,23.50966148,16.68537658,20.77994752,19.17624057,22.48601875,21.59886171,25.96640405,2.490863989,69.57358456,70.56310587,92.81027464,22.54439512,1000000000
1386,30.19746068,27.67247527,23.50966148,16.68537658,20.77994752,19.17624057,22.48601875,21.59886171,25.96640405,2.490863989,69.57358456,70.56310587,92.81027464,22.54439512,1000000000
1387,30.19746068,27.67247527,23.50966148,16.68537658,20.77994752,19.17624057,22.48601875,21.59886171,25.96640405,2.490863989,69.57358456,70.56310587,92.81027464,22.54439512,1000000000
1388,30.19746068,27.67247527,23.50966148,16.68537658,20.77994752,19.17624057,22.48601875,21.59886171,25.96640405,2.490863989,69.57358456,70.56310587,92.81027464,22.54439512,1000000000
1389,30.19746068,27.67247527,23.50966148,16.68537658,20.77994752,19.17624057,22.48601875,21.59886171,25.96640405,2.490863989,69.57358456,70.56310587,92.81027464,22.54439512,1000000000
1390,30.19746068,27.67247527,23.50966148,16.68537658,20.77994752,19.17624057,22.48601875,21.59886171,25.96640405,2.490863989,69.57358456,70.56310587,92.81027464,22.54439512,1000000000
1391,30.19746068,27.67247527,23.50966148,16.68537658,20.77994752,19.17624057,22.48601875,21.59886171,25.96640405,2.490863989,69.57358456,70.56310587,92.81027464,22.54439512,1000000000
1392,30.19746068,27.67247527,23.50966148,16.68537658,20.77994752,19.17624057,22.48601875,21.59886171,25.96640405,2.490863989,69.57358456,70.56310587,92.81027464,22.54439512,1000000000
1393,30.19746068,27.67247527,23.50966148,16.68537658,20.77994752,19.17624057,22.48601875,21.59886171,25.96640405,2.490863989,69.57358456,70.56310587,92.81027464,22.54439512,1000000000
1394,30.19746068,27.67247527,23.50966148,16.68537658,20.77994752,19.17624057,22.48601875,21.59886171,25.96640405,2.490863989,69.57358456,70.56310587,92.81027464,22.54439512,1000000000
1395,30.19746068,27.67247527,23.50966148,16.68537658,20.77994752,19.17624057,22.48601875,21.59886171,25.96640405,2.490863989,69.57358456,70.56310587,92.81027464,22.54439512,1000000000
1396,30.19746068,27.67247527,23.50966148,16.68537658,20.77994752,19.17624057,22.48601875,21.59886171,25.96640405,2.490863989,69.57358456,70.56310587,92.81027464,22.54439512,1000000000
1397,30.19746068,27.67247527,23.50966148,16.68537658,20.77994752,19.17624057,22.48601875,21.59886171,25.96640405,2.490863989,69.57358456,70.56310587,92.81027464,22.54439512,1000000000
1398,30.19746068,27.67247527,23.50966148,16.68537658,20.77994752,19.17624057,22.48601875,21.59886171,25.96640405,2.490863989,69.57358456,70.56310587,92.81027464,22.54439512,1000000000
1399,30.19746068,27.67247527,23.50966148,16.68537658,20.77994752,19.17624057,22.48601875,21.59886171,25.96640405,2.490863989,69.57358456,70.56310587,92.81027464,22.54439512,1000000000
1400,30.19746068,27.67247527,23.50966148,16.68537658,20.77994752,19.17624057,22.48601875,21.59886171,25.96640405,2.490863989,69.57358456,70.56310587,92.81027464,22.54439512,1000000000
1401,30.19746068,27.67247527,23.50966148,16.68537658,20.77994752,19.17624057,22.48601875,21.59886171,25.96640405,2.490863989,69.57358456,70.56310587,92.81027464,22.54439512,1000000000
1402,30.19746068,27.67247527,23.50966148,16.68537658,20.77994752,19.17624057,22.48601875,21.59886171,25.96640405,2.490863989,69.57358456,70.56310587,92.81027464,22.54439512,1000000000
1403,30.19746068,27.67247527,23.50966148,16.68537658,20.77994752,19.17624057,22.48601875,21.59886171,25.96640405,2.490863989,69.57358456,70.56310587,92.81027464,22.54439512,1000000000
1404,30.19746068,27.67247527,23.50966148,16.68537658,20.77994752,19.17624057,22.48601875,21.59886171,25.96640405,2.490863989,69.57358456,70.56310587,92.81027464,22.54439512,1000000000
1405,30.19746068,27.67247527,23.50966148,16.68537658,20.77994752,19.17624057,22.48601875,21.59886171,25.96640405,2.490863989,69.57358456,70.56310587,92.81027464,22.54439512,1000000000
1406,30.19746068,27.67247527,23.50966148,16.68537658,20.77994752,19.17624057,22.48601875,21.59886171,25.96640405,2.490863989,69.57358456,70.56310587,92.81027464,22.54439512,1000000000
1407,30.19746068,27.67247527,23.50966148,16.68537658,20.77994752,19.17624057,22.48601875,21.59886171,25.96640405,2.490863989,69.57358456,70.56310587,92.81027464,22.54439512,1000000000
1408,30.19746068,27.67247527,23.50966148,16.68537658,20.77994752,19.17624057,22.48601875,21.59886171,25.96640405,2.490863989,69.57358456,70.56310587,92.81027464,22.54439512,1000000000
1409,30.19746068,27.67247527,23.50966148,16.68537658,20.77994752,19.17624057,22.48601875,21.59886171,25.96640405,2.490863989,69.57358456,70.56310587,92.81027464,22.54439512,1000000000
1410,30.19746068,27.67247527,23.50966148,16.68537658,20.77994752,19.17624057,22.48601875,21.59886171,25.96640405,2.490863989,69.57358456,70.56310587,92.81027464,22.54439512,1000000000
1411,30.19746068,27.67247527,23.50966148,16.68537658,20.77994752,19.17624057,22.48601875,21.59886171,25.96640405,2.490863989,69.57358456,70.56310587,92.81027464,22.54439512,1000000000
1412,30.19746068,27.67247527,23.50966148,16.68537658,20.77994752,19.17624057,22.48601875,21.59886171,25.96640405,2.490863989,69.57358456,70.56310587,92.81027464,22.54439512,1000000000
1413,30.19746068,27.67247527,23.50966148,16.68537658,20.77994752,19.17624057,22.48601875,21.59886171,25.96640405,2.490863989,69.57358456,70.56310587,92.81027464,22.54439512,1000000000
1414,30.19746068,27.67247527,23.50966148,16.68537658,20.77994752,19.17624057,22.48601875,21.59886171,25.96640405,2.490863989,69.57358456,70.56310587,92.81027464,22.54439512,1000000000
1415,30.19746068,27.67247527,23.50966148,16.68537658,20.77994752,19.17624057,22.48601875,21.59886171,25.96640405,2.490863989,69.57358456,70.56310587,92.81027464,22.54439512,1000000000
1416,30.19746068,27.67247527,23.50966148,16.68537658,20.77994752,19.17624057,22.48601875,21.59886171,25.96640405,2.490863989,69.57358456,70.56310587,92.81027464,22.54439512,1000000000
1417,30.19746068,27.67247527,23.50966148,16.68537658,20.77994752,19.17624057,22.48601875,21.59886171,25.96640405,2.490863989,69.57358456,70.56310587,92.81027464,22.54439512,1000000000
1418,30.19746068,27.67247527,23.50966148,16.68537658,20.77994752,19.17624057,22.48601875,21.59886171,25.96640405,2.490863989,69.57358456,70.56310587,92.81027464,22.54439512,1000000000
1419,30.19746068,27.67247527,23.50966148,16.68537658,20.77994752,19.17624057,22.48601875,21.59886171,25.96640405,2.490863989,69.57358456,70.56310587,92.81027464,22.54439512,1000000000
1420,30.19746068,27.67247527,23.50966148,16.68537658,20.77994752,19.17624057,22.48601875,21.59886171,25.96640405,2.490863989,69.57358456,70.56310587,92.81027464,22.54439512,1000000000
1421,30.19746068,27.67247527,23.50966148,16.68537658,20.77994752,19.17624057,22.48601875,21.59886171,25.96640405,2.490863989,69.57358456,70.56310587,92.81027464,22.54439512,1000000000
1422,30.19746068,27.67247527,23.50966148,16.68537658,20.77994752,19.17624057,22.48601875,21.59886171,25.96640405,2.490863989,69.57358456,70.56310587,92.81027464,22.54439512,1000000000
1423,30.19746068,27.67247527,23.50966148,16.68537658,20.77994752,19.17624057,22.48601875,21.59886171,25.96640405,2.490863989,69.57358456,70.56310587,92.81027464,22.54439512,1000000000
1424,30.19746068,27.67247527,23.50966148,16.68537658,20.77994752,19.17624057,22.48601875,21.59886171,25.96640405,2.490863989,69.57358456,70.56310587,92.81027464,22.54439512,1000000000
1425,30.19746068,27.67247527,23.50966148,16.68537658,20.77994752,19.17624057,22.48601875,21.59886171,25.96640405,2.490863989,69.57358456,70.56310587,92.81027464,22.54439512,1000000000
1426,30.19746068,27.67247527,23.50966148,16.68537658,20.77994752,19.17624057,22.48601875,21.59886171,25.96640405,2.490863989,69.57358456,70.56310587,92.81027464,22.54439512,1000000000
1427,30.19746068,27.67247527,23.50966148,16.68537658,20.77994752,19.17624057,22.48601875,21.59886171,25.96640405,2.490863989,69.57358456,70.56310587,92.81027464,22.54439512,1000000000
1428,30.19746068,27.67247527,23.50966148,16.68537658,20.77994752,19.17624057,22.48601875,21.59886171,25.96640405,2.490863989,69.57358456,70.56310587,92.81027464,22.54439512,1000000000
1429,30.19746068,27.67247527,23.50966148,16.68537658,20.77994752,19.17624057,22.48601875,21.59886171,25.96640405,2.490863989,69.57358456,70.56310587,92.81027464,22.54439512,1000000000
1430,30.19746068,27.67247527,23.50966148,16.68537658,20.77994752,19.17624057,22.48601875,21.59886171,25.96640405,2.490863989,69.57358456,70.56310587,92.81027464,22.54439512,1000000000
1431,30.19746068,27.67247527,23.50966148,16.68537658,20.77994752,19.17624057,22.48601875,21.59886171,25.96640405,2.490863989,69.57358456,70.56310587,92.81027464,22.54439512,1000000000
1432,30.19746068,27.67247527,23.50966148,16.68537658,20.77994752,19.17624057,22.48601875,21.59886171,25.96640405,2.490863989,69.57358456,70.56310587,92.81027464,22.54439512,1000000000
1433,30.19746068,27.67247527,23.50966148,16.68537658,20.77994752,19.17624057,22.48601875,21.59886171,25.96640405,2.490863989,69.57358456,70.56310587,92.81027464,22.54439512,1000000000
1434,30.19746068,27.67247527,23.50966148,16.68537658,20.77994752,19.17624057,22.48601875,21.59886171,25.96640405,2.490863989,69.57358456,70.56310587,92.81027464,22.54439512,1000000000
1435,30.19746068,27.67247527,23.50966148,16.68537658,20.77994752,19.17624057,22.48601875,21.59886171,25.96640405,2.490863989,69.57358456,70.56310587,92.81027464,22.54439512,1000000000
1436,30.19746068,27.67247527,23.50966148,16.68537658,20.77994752,19.17624057,22.48601875,21.59886171,25.96640405,2.490863989,69.57358456,70.56310587,92.81027464,22.54439512,1000000000
1437,30.19746068,27.67247527,23.50966148,16.68537658,20.77994752,19.17624057,22.48601875,21.59886171,25.96640405,2.490863989,69.57358456,70.56310587,92.81027464,22.54439512,1000000000
1438,30.19746068,27.67247527,23.50966148,16.68537658,20.77994752,19.17624057,22.48601875,21.59886171,25.96640405,2.490863989,69.57358456,70.56310587,92.81027464,22.54439512,1000000000
1439,30.19746068,27.67247527,23.50966148,16.68537658,20.77994752,19.17624057,22.48601875,21.59886171,25.96640405,2.490863989,69.57358456,70.56310587,92.81027464,22.54439512,1000000000
1440,30.19746068,27.67247527,23.50966148,16.68537658,20.77994752,19.17624057,22.48601875,21.59886171,25.96640405,2.490863989,69.57358456,70.56310587,92.81027464,22.54439512,1000000000
1441,30.19746068,27.67247527,23.50966148,16.68537658,20.77994752,19.17624057,22.48601875,21.59886171,25.96640405,2.490863989,69.57358456,70.56310587,92.81027464,22.54439512,1000000000
1442,30.19746068,27.67247527,23.50966148,16.68537658,20.77994752,19.17624057,22.48601875,21.59886171,25.96640405,2.490863989,69.57358456,70.56310587,92.81027464,22.54439512,1000000000
1443,30.19746068,27.67247527,23.50966148,16.68537658,20.77994752,19.17624057,22.48601875,21.59886171,25.96640405,2.490863989,69.57358456,70.56310587,92.81027464,22.54439512,1000000000
1444,30.19746068,27.67247527,23.50966148,16.68537658,20.77994752,19.17624057,22.48601875,21.59886171,25.96640405,2.490863989,69.57358456,70.56310587,92.81027464,22.54439512,1000000000
1445,30.19746068,27.67247527,23.50966148,16.68537658,20.77994752,19.17624057,22.48601875,21.59886171,25.96640405,2.490863989,69.57358456,70.56310587,92.81027464,22.54439512,1000000000
1446,30.19746068,27.67247527,23.50966148,16.68537658,20.77994752,19.17624057,22.48601875,21.59886171,25.96640405,2.490863989,69.57358456,70.56310587,92.81027464,22.54439512,1000000000
1447,30.19746068,27.67247527,23.50966148,16.68537658,20.77994752,19.17624057,22.48601875,21.59886171,25.96640405,2.490863989,69.57358456,70.56310587,92.81027464,22.54439512,1000000000
1448,30.19746068,27.67247527,23.50966148,16.68537658,20.77994752,19.17624057,22.48601875,21.59886171,25.96640405,2.490863989,69.57358456,70.56310587,92.81027464,22.54439512,1000000000
1449,30.19746068,27.67247527,23.50966148,16.68537658,20.77994752,19.17624057,22.48601875,21.59886171,25.96640405,2.490863989,69.57358456,70.56310587,92.81027464,22.54439512,1000000000
1450,30.19746068,27.67247527,23.50966148,16.68537658,20.77994752,19.17624057,22.48601875,21.59886171,25.96640405,2.490863989,69.57358456,70.56310587,92.81027464,22.54439512,1000000000
1451,30.19746068,27.67247527,23.50966148,16.68537658,20.77994752,19.17624057,22.48601875,21.59886171,25.96640405,2.490863989,69.57358456,70.56310587,92.81027464,22.54439512,1000000000
1452,30.19746068,27.67247527,23.50966148,16.68537658,20.77994752,19.17624057,22.48601875,21.59886171,25.96640405,2.490863989,69.57358456,70.56310587,92.81027464,22.54439512,1000000000
1453,30.19746068,27.67247527,23.50966148,16.68537658,20.77994752,19.17624057,22.48601875,21.59886171,25.96640405,2.490863989,69.57358456,70.56310587,92.81027464,22.54439512,1000000000
1454,30.19746068,27.67247527,23.50966148,16.68537658,20.77994752,19.17624057,22.48601875,21.59886171,25.96640405,2.490863989,69.57358456,70.56310587,92.81027464,22.54439512,1000000000
1455,30.19746068,27.67247527,23.50966148,16.68537658,20.77994752,19.17624057,22.48601875,21.59886171,25.96640405,2.490863989,69.57358456,70.56310587,92.81027464,22.54439512,1000000000
1456,30.19746068,27.67247527,23.50966148,16.68537658,20.77994752,19.17624057,22.48601875,21.59886171,25.96640405,2.490863989,69.57358456,70.56310587,92.81027464,22.54439512,1000000000
1457,30.19746068,27.67247527,23.50966148,16.68537658,20.77994752,19.17624057,22.48601875,21.59886171,25.96640405,2.490863989,69.57358456,70.56310587,92.81027464,22.54439512,1000000000
1458,30.19746068,27.67247527,23.50966148,16.68537658,20.77994752,19.17624057,22.48601875,21.59886171,25.96640405,2.490863989,69.57358456,70.56310587,92.81027464,22.54439512,1000000000
1459,30.19746068,27.67247527,23.50966148,16.68537658,20.77994752,19.17624057,22.48601875,21.59886171,25.96640405,2.490863989,69.57358456,70.56310587,92.81027464,22.54439512,1000000000
1460,30.19746068,27.67247527,23.50966148,16.68537658,20.77994752,19.17624057,22.48601875,21.59886171,25.96640405,2.490863989,69.57358456,70.56310587,92.81027464,22.54439512,1000000000
1461,30.19746068,27.67247527,23.50966148,16.68537658,20.77994752,19.17624057,22.48601875,21.59886171,25.96640405,2.490863989,69.57358456,70.56310587,92.81027464,22.54439512,1000000000
1462,30.19746068,27.67247527,23.50966148,16.68537658,20.77994752,19.17624057,22.48601875,21.59886171,25.96640405,2.490863989,69.57358456,70.56310587,92.81027464,22.54439512,1000000000
1463,30.19746068,27.67247527,23.50966148,16.68537658,20.77994752,19.17624057,22.48601875,21.59886171,25.96640405,2.490863989,69.57358456,70.56310587,92.81027464,22.54439512,1000000000
1464,30.19746068,27.67247527,23.50966148,16.68537658,20.77994752,19.17624057,22.48601875,21.59886171,25.96640405,2.490863989,69.57358456,70.56310587,92.81027464,22.54439512,1000000000
1465,30.19746068,27.67247527,23.50966148,16.68537658,20.77994752,19.17624057,22.48601875,21.59886171,25.96640405,2.490863989,69.57358456,70.56310587,92.81027464,22.54439512,1000000000
1466,30.19746068,27.67247527,23.50966148,16.68537658,20.77994752,19.17624057,22.48601875,21.59886171,25.96640405,2.490863989,69.57358456,70.56310587,92.81027464,22.54439512,1000000000
1467,30.19746068,27.67247527,23.50966148,16.68537658,20.77994752,19.17624057,22.48601875,21.59886171,25.96640405,2.490863989,69.57358456,70.56310587,92.81027464,22.54439512,1000000000
1468,30.19746068,27.67247527,23.50966148,16.68537658,20.77994752,19.17624057,22.48601875,21.59886171,25.96640405,2.490863989,69.57358456,70.56310587,92.81027464,22.54439512,1000000000
1469,30.19746068,27.67247527,23.50966148,16.68537658,20.77994752,19.17624057,22.48601875,21.59886171,25.96640405,2.490863989,69.57358456,70.56310587,92.81027464,22.54439512,1000000000
1470,30.19746068,27.67247527,23.50966148,16.68537658,20.77994752,19.17624057,22.48601875,21.59886171,25.96640405,2.490863989,69.57358456,70.56310587,92.81027464,22.54439512,1000000000
1471,30.19746068,27.67247527,23.50966148,16.68537658,20.77994752,19.17624057,22.48601875,21.59886171,25.96640405,2.490863989,69.57358456,70.56310587,92.81027464,22.54439512,1000000000
1472,30.19746068,27.67247527,23.50966148,16.68537658,20.77994752,19.17624057,22.48601875,21.59886171,25.96640405,2.490863989,69.57358456,70.56310587,92.81027464,22.54439512,1000000000
1473,30.19746068,27.67247527,23.50966148,16.68537658,20.77994752,19.17624057,22.48601875,21.59886171,25.96640405,2.490863989,69.57358456,70.56310587,92.81027464,22.54439512,1000000000
1474,30.19746068,27.67247527,23.50966148,16.68537658,20.77994752,19.17624057,22.48601875,21.59886171,25.96640405,2.490863989,69.57358456,70.56310587,92.81027464,22.54439512,1000000000
1475,30.19746068,27.67247527,23.50966148,16.68537658,20.77994752,19.17624057,22.48601875,21.59886171,25.96640405,2.490863989,69.57358456,70.56310587,92.81027464,22.54439512,1000000000
1476,30.19746068,27.67247527,23.50966148,16.68537658,20.77994752,19.17624057,22.48601875,21.59886171,25.96640405,2.490863989,69.57358456,70.56310587,92.81027464,22.54439512,1000000000
1477,30.19746068,27.67247527,23.50966148,16.68537658,20.77994752,19.17624057,22.48601875,21.59886171,25.96640405,2.490863989,69.57358456,70.56310587,92.81027464,22.54439512,1000000000
1478,30.19746068,27.67247527,23.50966148,16.68537658,20.77994752,19.17624057,22.48601875,21.59886171,25.96640405,2.490863989,69.57358456,70.56310587,92.81027464,22.54439512,1000000000
1479,30.19746068,27.67247527,23.50966148,16.68537658,20.77994752,19.17624057,22.48601875,21.59886171,25.96640405,2.490863989,69.57358456,70.56310587,92.81027464,22.54439512,1000000000
1480,30.19746068,27.67247527,23.50966148,16.68537658,20.77994752,19.17624057,22.48601875,21.59886171,25.96640405,2.490863989,69.57358456,70.56310587,92.81027464,22.54439512,1000000000
1481,30.19746068,27.67247527,23.50966148,16.68537658,20.77994752,19.17624057,22.48601875,21.59886171,25.96640405,2.490863989,69.57358456,70.56310587,92.81027464,22.54439512,1000000000
1482,30.19746068,27.67247527,23.50966148,16.68537658,20.77994752,19.17624057,22.48601875,21.59886171,25.96640405,2.490863989,69.57358456,70.56310587,92.81027464,22.54439512,1000000000
1483,30.19746068,27.67247527,23.50966148,16.68537658,20.77994752,19.17624057,22.48601875,21.59886171,25.96640405,2.490863989,69.57358456,70.56310587,92.81027464,22.54439512,1000000000
1484,30.19746068,27.67247527,23.50966148,16.68537658,20.77994752,19.17624057,22.48601875,21.59886171,25.96640405,2.490863989,69.57358456,70.56310587,92.81027464,22.54439512,1000000000
1485,30.19746068,27.67247527,23.50966148,16.68537658,20.77994752,19.17624057,22.48601875,21.59886171,25.96640405,2.490863989,69.57358456,70.56310587,92.81027464,22.54439512,1000000000
1486,30.19746068,27.67247527,23.50966148,16.68537658,20.77994752,19.17624057,22.48601875,21.59886171,25.96640405,2.490863989,69.57358456,70.56310587,92.81027464,22.54439512,1000000000
1487,30.19746068,27.67247527,23.50966148,16.68537658,20.77994752,19.17624057,22.48601875,21.59886171,25.96640405,2.490863989,69.57358456,70.56310587,92.81027464,22.54439512,1000000000
1488,30.19746068,27.67247527,23.50966148,16.68537658,20.77994752,19.17624057,22.48601875,21.59886171,25.96640405,2.490863989,69.57358456,70.56310587,92.81027464,22.54439512,1000000000
1489,30.19746068,27.67247527,23.50966148,16.68537658,20.77994752,19.17624057,22.48601875,21.59886171,25.96640405,2.490863989,69.57358456,70.56310587,92.81027464,22.54439512,1000000000
1490,30.19746068,27.67247527,23.50966148,16.68537658,20.77994752,19.17624057,22.48601875,21.59886171,25.96640405,2.490863989,69.57358456,70.56310587,92.81027464,22.54439512,1000000000
1491,30.19746068,27.67247527,23.50966148,16.68537658,20.77994752,19.17624057,22.48601875,21.59886171,25.96640405,2.490863989,69.57358456,70.56310587,92.81027464,22.54439512,1000000000
1492,30.19746068,27.67247527,23.50966148,16.68537658,20.77994752,19.17624057,22.48601875,21.59886171,25.96640405,2.490863989,69.57358456,70.56310587,92.81027464,22.54439512,1000000000
1493,30.19746068,27.67247527,23.50966148,16.68537658,20.77994752,19.17624057,22.48601875,21.59886171,25.96640405,2.490863989,69.57358456,70.56310587,92.81027464,22.54439512,1000000000
1494,30.19746068,27.67247527,23.50966148,16.68537658,20.77994752,19.17624057,22.48601875,21.59886171,25.96640405,2.490863989,69.57358456,70.56310587,92.81027464,22.54439512,1000000000
1495,30.19746068,27.67247527,23.50966148,16.68537658,20.77994752,19.17624057,22.48601875,21.59886171,25.96640405,2.490863989,69.57358456,70.56310587,92.81027464,22.54439512,1000000000
1496,30.19746068,27.67247527,23.50966148,16.68537658,20.77994752,19.17624057,22.48601875,21.59886171,25.96640405,2.490863989,69.57358456,70.56310587,92.81027464,22.54439512,1000000000
1497,30.19746068,27.67247527,23.50966148,16.68537658,20.77994752,19.17624057,22.48601875,21.59886171,25.96640405,2.490863989,69.57358456,70.56310587,92.81027464,22.54439512,1000000000
1498,30.19746068,27.67247527,23.50966148,16.68537658,20.77994752,19.17624057,22.48601875,21.59886171,25.96640405,2.490863989,69.57358456,70.56310587,92.81027464,22.54439512,1000000000
1499,30.19746068,27.67247527,23.50966148,16.68537658,20.77994752,19.17624057,22.48601875,21.59886171,25.96640405,2.490863989,69.57358456,70.56310587,92.81027464,22.54439512,1000000000
1500,30.19746068,27.67247527,23.50966148,16.68537658,20.77994752,19.17624057,22.48601875,21.59886171,25.96640405,2.490863989,69.57358456,70.56310587,92.81027464,22.54439512,1000000000
1501,30.19746068,27.67247527,23.50966148,16.68537658,20.77994752,19.17624057,22.48601875,21.59886171,25.96640405,2.490863989,69.57358456,70.56310587,92.81027464,22.54439512,1000000000
1502,30.19746068,27.67247527,23.50966148,16.68537658,20.77994752,19.17624057,22.48601875,21.59886171,25.96640405,2.490863989,69.57358456,70.56310587,92.81027464,22.54439512,1000000000
1503,30.19746068,27.67247527,23.50966148,16.68537658,20.77994752,19.17624057,22.48601875,21.59886171,25.96640405,2.490863989,69.57358456,70.56310587,92.81027464,22.54439512,1000000000
1504,30.19746068,27.67247527,23.50966148,16.68537658,20.77994752,19.17624057,22.48601875,21.59886171,25.96640405,2.490863989,69.57358456,70.56310587,92.81027464,22.54439512,1000000000
1505,30.19746068,27.67247527,23.50966148,16.68537658,20.77994752,19.17624057,22.48601875,21.59886171,25.96640405,2.490863989,69.57358456,70.56310587,92.81027464,22.54439512,1000000000
1506,30.19746068,27.67247527,23.50966148,16.68537658,20.77994752,19.17624057,22.48601875,21.59886171,25.96640405,2.490863989,69.57358456,70.56310587,92.81027464,22.54439512,1000000000
1507,30.19746068,27.67247527,23.50966148,16.68537658,20.77994752,19.17624057,22.48601875,21.59886171,25.96640405,2.490863989,69.57358456,70.56310587,92.81027464,22.54439512,1000000000
1508,30.19746068,27.67247527,23.50966148,16.68537658,20.77994752,19.17624057,22.48601875,21.59886171,25.96640405,2.490863989,69.57358456,70.56310587,92.81027464,22.54439512,1000000000
1509,30.19746068,27.67247527,23.50966148,16.68537658,20.77994752,19.17624057,22.48601875,21.59886171,25.96640405,2.490863989,69.57358456,70.56310587,92.81027464,22.54439512,1000000000
1510,30.19746068,27.67247527,23.50966148,16.68537658,20.77994752,19.17624057,22.48601875,21.59886171,25.96640405,2.490863989,69.57358456,70.56310587,92.81027464,22.54439512,1000000000
1511,30.19746068,27.67247527,23.50966148,16.68537658,20.77994752,19.17624057,22.48601875,21.59886171,25.96640405,2.490863989,69.57358456,70.56310587,92.81027464,22.54439512,1000000000
1512,30.19746068,27.67247527,23.50966148,16.68537658,20.77994752,19.17624057,22.48601875,21.59886171,25.96640405,2.490863989,69.57358456,70.56310587,92.81027464,22.54439512,1000000000
1513,30.19746068,27.67247527,23.50966148,16.68537658,20.77994752,19.17624057,22.48601875,21.59886171,25.96640405,2.490863989,69.57358456,70.56310587,92.81027464,22.54439512,1000000000
1514,30.19746068,27.67247527,23.50966148,16.68537658,20.77994752,19.17624057,22.48601875,21.59886171,25.96640405,2.490863989,69.57358456,70.56310587,92.81027464,22.54439512,1000000000
1515,30.19746068,27.67247527,23.50966148,16.68537658,20.77994752,19.17624057,22.48601875,21.59886171,25.96640405,2.490863989,69.57358456,70.56310587,92.81027464,22.54439512,1000000000
1516,30.19746068,27.67247527,23.50966148,16.68537658,20.77994752,19.17624057,22.48601875,21.59886171,25.96640405,2.490863989,69.57358456,70.56310587,92.81027464,22.54439512,1000000000
1517,30.19746068,27.67247527,23.50966148,16.68537658,20.77994752,19.17624057,22.48601875,21.59886171,25.96640405,2.490863989,69.57358456,70.56310587,92.81027464,22.54439512,1000000000
1518,30.19746068,27.67247527,23.50966148,16.68537658,20.77994752,19.17624057,22.48601875,21.59886171,25.96640405,2.490863989,69.57358456,70.56310587,92.81027464,22.54439512,1000000000
1519,30.19746068,27.67247527,23.50966148,16.68537658,20.77994752,19.17624057,22.48601875,21.59886171,25.96640405,2.490863989,69.57358456,70.56310587,92.81027464,22.54439512,1000000000
1520,30.19746068,27.67247527,23.50966148,16.68537658,20.77994752,19.17624057,22.48601875,21.59886171,25.96640405,2.490863989,69.57358456,70.56310587,92.81027464,22.54439512,1000000000
1521,30.19746068,27.67247527,23.50966148,16.68537658,20.77994752,19.17624057,22.48601875,21.59886171,25.96640405,2.490863989,69.57358456,70.56310587,92.81027464,22.54439512,1000000000
1522,30.19746068,27.67247527,23.50966148,16.68537658,20.77994752,19.17624057,22.48601875,21.59886171,25.96640405,2.490863989,69.57358456,70.56310587,92.81027464,22.54439512,1000000000
1523,30.19746068,27.67247527,23.50966148,16.68537658,20.77994752,19.17624057,22.48601875,21.59886171,25.96640405,2.490863989,69.57358456,70.56310587,92.81027464,22.54439512,1000000000
1524,30.19746068,27.67247527,23.50966148,16.68537658,20.77994752,19.17624057,22.48601875,21.59886171,25.96640405,2.490863989,69.57358456,70.56310587,92.81027464,22.54439512,1000000000
1525,30.19746068,27.67247527,23.50966148,16.68537658,20.77994752,19.17624057,22.48601875,21.59886171,25.96640405,2.490863989,69.57358456,70.56310587,92.81027464,22.54439512,1000000000
1526,30.19746068,27.67247527,23.50966148,16.68537658,20.77994752,19.17624057,22.48601875,21.59886171,25.96640405,2.490863989,69.57358456,70.56310587,92.81027464,22.54439512,1000000000
1527,30.19746068,27.67247527,23.50966148,16.68537658,20.77994752,19.17624057,22.48601875,21.59886171,25.96640405,2.490863989,69.57358456,70.56310587,92.81027464,22.54439512,1000000000
1528,30.19746068,27.67247527,23.50966148,16.68537658,20.77994752,19.17624057,22.48601875,21.59886171,25.96640405,2.490863989,69.57358456,70.56310587,92.81027464,22.54439512,1000000000
1529,30.19746068,27.67247527,23.50966148,16.68537658,20.77994752,19.17624057,22.48601875,21.59886171,25.96640405,2.490863989,69.57358456,70.56310587,92.81027464,22.54439512,1000000000
1530,30.19746068,27.67247527,23.50966148,16.68537658,20.77994752,19.17624057,22.48601875,21.59886171,25.96640405,2.490863989,69.57358456,70.56310587,92.81027464,22.54439512,1000000000
1531,30.19746068,27.67247527,23.50966148,16.68537658,20.77994752,19.17624057,22.48601875,21.59886171,25.96640405,2.490863989,69.57358456,70.56310587,92.81027464,22.54439512,1000000000
1532,30.19746068,27.67247527,23.50966148,16.68537658,20.77994752,19.17624057,22.48601875,21.59886171,25.96640405,2.490863989,69.57358456,70.56310587,92.81027464,22.54439512,1000000000
1533,30.19746068,27.67247527,23.50966148,16.68537658,20.77994752,19.17624057,22.48601875,21.59886171,25.96640405,2.490863989,69.57358456,70.56310587,92.81027464,22.54439512,1000000000
1534,30.19746068,27.67247527,23.50966148,16.68537658,20.77994752,19.17624057,22.48601875,21.59886171,25.96640405,2.490863989,69.57358456,70.56310587,92.81027464,22.54439512,1000000000
1535,30.19746068,27.67247527,23.50966148,16.68537658,20.77994752,19.17624057,22.48601875,21.59886171,25.96640405,2.490863989,69.57358456,70.56310587,92.81027464,22.54439512,1000000000
1536,30.19746068,27.67247527,23.50966148,16.68537658,20.77994752,19.17624057,22.48601875,21.59886171,25.96640405,2.490863989,69.57358456,70.56310587,92.81027464,22.54439512,1000000000
1537,30.19746068,27.67247527,23.50966148,16.68537658,20.77994752,19.17624057,22.48601875,21.59886171,25.96640405,2.490863989,69.57358456,70.56310587,92.81027464,22.54439512,1000000000
1538,30.19746068,27.67247527,23.50966148,16.68537658,20.77994752,19.17624057,22.48601875,21.59886171,25.96640405,2.490863989,69.57358456,70.56310587,92.81027464,22.54439512,1000000000
1539,30.19746068,27.67247527,23.50966148,16.68537658,20.77994752,19.17624057,22.48601875,21.59886171,25.96640405,2.490863989,69.57358456,70.56310587,92.81027464,22.54439512,1000000000
1540,30.19746068,27.67247527,23.50966148,16.68537658,20.77994752,19.17624057,22.48601875,21.59886171,25.96640405,2.490863989,69.57358456,70.56310587,92.81027464,22.54439512,1000000000
1541,30.19746068,27.67247527,23.50966148,16.68537658,20.77994752,19.17624057,22.48601875,21.59886171,25.96640405,2.490863989,69.57358456,70.56310587,92.81027464,22.54439512,1000000000
1542,30.19746068,27.67247527,23.50966148,16.68537658,20.77994752,19.17624057,22.48601875,21.59886171,25.96640405,2.490863989,69.57358456,70.56310587,92.81027464,22.54439512,1000000000
1543,30.19746068,27.67247527,23.50966148,16.68537658,20.77994752,19.17624057,22.48601875,21.59886171,25.96640405,2.490863989,69.57358456,70.56310587,92.81027464,22.54439512,1000000000
1544,30.19746068,27.67247527,23.50966148,16.68537658,20.77994752,19.17624057,22.48601875,21.59886171,25.96640405,2.490863989,69.57358456,70.56310587,92.81027464,22.54439512,1000000000
1545,30.19746068,27.67247527,23.50966148,16.68537658,20.77994752,19.17624057,22.48601875,21.59886171,25.96640405,2.490863989,69.57358456,70.56310587,92.81027464,22.54439512,1000000000
1546,30.19746068,27.67247527,23.50966148,16.68537658,20.77994752,19.17624057,22.48601875,21.59886171,25.96640405,2.490863989,69.57358456,70.56310587,92.81027464,22.54439512,1000000000
1547,30.19746068,27.67247527,23.50966148,16.68537658,20.77994752,19.17624057,22.48601875,21.59886171,25.96640405,2.490863989,69.57358456,70.56310587,92.81027464,22.54439512,1000000000
1548,30.19746068,27.67247527,23.50966148,16.68537658,20.77994752,19.17624057,22.48601875,21.59886171,25.96640405,2.490863989,69.57358456,70.56310587,92.81027464,22.54439512,1000000000
1549,30.19746068,27.67247527,23.50966148,16.68537658,20.77994752,19.17624057,22.48601875,21.59886171,25.96640405,2.490863989,69.57358456,70.56310587,92.81027464,22.54439512,1000000000
1550,30.19746068,27.67247527,23.50966148,16.68537658,20.77994752,19.17624057,22.48601875,21.59886171,25.96640405,2.490863989,69.57358456,70.56310587,92.81027464,22.54439512,1000000000
1551,30.19746068,27.67247527,23.50966148,16.68537658,20.77994752,19.17624057,22.48601875,21.59886171,25.96640405,2.490863989,69.57358456,70.56310587,92.81027464,22.54439512,1000000000
1552,30.19746068,27.67247527,23.50966148,16.68537658,20.77994752,19.17624057,22.48601875,21.59886171,25.96640405,2.490863989,69.57358456,70.56310587,92.81027464,22.54439512,1000000000
1553,30.19746068,27.67247527,23.50966148,16.68537658,20.77994752,19.17624057,22.48601875,21.59886171,25.96640405,2.490863989,69.57358456,70.56310587,92.81027464,22.54439512,1000000000
1554,30.19746068,27.67247527,23.50966148,16.68537658,20.77994752,19.17624057,22.48601875,21.59886171,25.96640405,2.490863989,69.57358456,70.56310587,92.81027464,22.54439512,1000000000
1555,30.19746068,27.67247527,23.50966148,16.68537658,20.77994752,19.17624057,22.48601875,21.59886171,25.96640405,2.490863989,69.57358456,70.56310587,92.81027464,22.54439512,1000000000
1556,30.19746068,27.67247527,23.50966148,16.68537658,20.77994752,19.17624057,22.48601875,21.59886171,25.96640405,2.490863989,69.57358456,70.56310587,92.81027464,22.54439512,1000000000
1557,30.19746068,27.67247527,23.50966148,16.68537658,20.77994752,19.17624057,22.48601875,21.59886171,25.96640405,2.490863989,69.57358456,70.56310587,92.81027464,22.54439512,1000000000
1558,30.19746068,27.67247527,23.50966148,16.68537658,20.77994752,19.17624057,22.48601875,21.59886171,25.96640405,2.490863989,69.57358456,70.56310587,92.81027464,22.54439512,1000000000
1559,30.19746068,27.67247527,23.50966148,16.68537658,20.77994752,19.17624057,22.48601875,21.59886171,25.96640405,2.490863989,69.57358456,70.56310587,92.81027464,22.54439512,1000000000
1560,30.19746068,27.67247527,23.50966148,16.68537658,20.77994752,19.17624057,22.48601875,21.59886171,25.96640405,2.490863989,69.57358456,70.56310587,92.81027464,22.54439512,1000000000
1561,30.19746068,27.67247527,23.50966148,16.68537658,20.77994752,19.17624057,22.48601875,21.59886171,25.96640405,2.490863989,69.57358456,70.56310587,92.81027464,22.54439512,1000000000
1562,30.19746068,27.67247527,23.50966148,16.68537658,20.77994752,19.17624057,22.48601875,21.59886171,25.96640405,2.490863989,69.57358456,70.56310587,92.81027464,22.54439512,1000000000
1563,30.19746068,27.67247527,23.50966148,16.68537658,20.77994752,19.17624057,22.48601875,21.59886171,25.96640405,2.490863989,69.57358456,70.56310587,92.81027464,22.54439512,1000000000
1564,30.19746068,27.67247527,23.50966148,16.68537658,20.77994752,19.17624057,22.48601875,21.59886171,25.96640405,2.490863989,69.57358456,70.56310587,92.81027464,22.54439512,1000000000
1565,30.19746068,27.67247527,23.50966148,16.68537658,20.77994752,19.17624057,22.48601875,21.59886171,25.96640405,2.490863989,69.57358456,70.56310587,92.81027464,22.54439512,1000000000
1566,30.19746068,27.67247527,23.50966148,16.68537658,20.77994752,19.17624057,22.48601875,21.59886171,25.96640405,2.490863989,69.57358456,70.56310587,92.81027464,22.54439512,1000000000
1567,30.19746068,27.67247527,23.50966148,16.68537658,20.77994752,19.17624057,22.48601875,21.59886171,25.96640405,2.490863989,69.57358456,70.56310587,92.81027464,22.54439512,1000000000
1568,30.19746068,27.67247527,23.50966148,16.68537658,20.77994752,19.17624057,22.48601875,21.59886171,25.96640405,2.490863989,69.57358456,70.56310587,92.81027464,22.54439512,1000000000
1569,30.19746068,27.67247527,23.50966148,16.68537658,20.77994752,19.17624057,22.48601875,21.59886171,25.96640405,2.490863989,69.57358456,70.56310587,92.81027464,22.54439512,1000000000
1570,30.19746068,27.67247527,23.50966148,16.68537658,20.77994752,19.17624057,22.48601875,21.59886171,25.96640405,2.490863989,69.57358456,70.56310587,92.81027464,22.54439512,1000000000
1571,30.19746068,27.67247527,23.50966148,16.68537658,20.77994752,19.17624057,22.48601875,21.59886171,25.96640405,2.490863989,69.57358456,70.56310587,92.81027464,22.54439512,1000000000
1572,30.19746068,27.67247527,23.50966148,16.68537658,20.77994752,19.17624057,22.48601875,21.59886171,25.96640405,2.490863989,69.57358456,70.56310587,92.81027464,22.54439512,1000000000
1573,30.19746068,27.67247527,23.50966148,16.68537658,20.77994752,19.17624057,22.48601875,21.59886171,25.96640405,2.490863989,69.57358456,70.56310587,92.81027464,22.54439512,1000000000
1574,30.19746068,27.67247527,23.50966148,16.68537658,20.77994752,19.17624057,22.48601875,21.59886171,25.96640405,2.490863989,69.57358456,70.56310587,92.81027464,22.54439512,1000000000
1575,30.19746068,27.67247527,23.50966148,16.68537658,20.77994752,19.17624057,22.48601875,21.59886171,25.96640405,2.490863989,69.57358456,70.56310587,92.81027464,22.54439512,1000000000
1576,30.19746068,27.67247527,23.50966148,16.68537658,20.77994752,19.17624057,22.48601875,21.59886171,25.96640405,2.490863989,69.57358456,70.56310587,92.81027464,22.54439512,1000000000
1577,30.19746068,27.67247527,23.50966148,16.68537658,20.77994752,19.17624057,22.48601875,21.59886171,25.96640405,2.490863989,69.57358456,70.56310587,92.81027464,22.54439512,1000000000
1578,30.19746068,27.67247527,23.50966148,16.68537658,20.77994752,19.17624057,22.48601875,21.59886171,25.96640405,2.490863989,69.57358456,70.56310587,92.81027464,22.54439512,1000000000
1579,30.19746068,27.67247527,23.50966148,16.68537658,20.77994752,19.17624057,22.48601875,21.59886171,25.96640405,2.490863989,69.57358456,70.56310587,92.81027464,22.54439512,1000000000
1580,30.19746068,27.67247527,23.50966148,16.68537658,20.77994752,19.17624057,22.48601875,21.59886171,25.96640405,2.490863989,69.57358456,70.56310587,92.81027464,22.54439512,1000000000
1581,30.19746068,27.67247527,23.50966148,16.68537658,20.77994752,19.17624057,22.48601875,21.59886171,25.96640405,2.490863989,69.57358456,70.56310587,92.81027464,22.54439512,1000000000
1582,30.19746068,27.67247527,23.50966148,16.68537658,20.77994752,19.17624057,22.48601875,21.59886171,25.96640405,2.490863989,69.57358456,70.56310587,92.81027464,22.54439512,1000000000
1583,30.19746068,27.67247527,23.50966148,16.68537658,20.77994752,19.17624057,22.48601875,21.59886171,25.96640405,2.490863989,69.57358456,70.56310587,92.81027464,22.54439512,1000000000
1584,30.19746068,27.67247527,23.50966148,16.68537658,20.77994752,19.17624057,22.48601875,21.59886171,25.96640405,2.490863989,69.57358456,70.56310587,92.81027464,22.54439512,1000000000
1585,30.19746068,27.67247527,23.50966148,16.68537658,20.77994752,19.17624057,22.48601875,21.59886171,25.96640405,2.490863989,69.57358456,70.56310587,92.81027464,22.54439512,1000000000
1586,30.19746068,27.67247527,23.50966148,16.68537658,20.77994752,19.17624057,22.48601875,21.59886171,25.96640405,2.490863989,69.57358456,70.56310587,92.81027464,22.54439512,1000000000
1587,30.19746068,27.67247527,23.50966148,16.68537658,20.77994752,19.17624057,22.48601875,21.59886171,25.96640405,2.490863989,69.57358456,70.56310587,92.81027464,22.54439512,1000000000
1588,30.19746068,27.67247527,23.50966148,16.68537658,20.77994752,19.17624057,22.48601875,21.59886171,25.96640405,2.490863989,69.57358456,70.56310587,92.81027464,22.54439512,1000000000
1589,30.19746068,27.67247527,23.50966148,16.68537658,20.77994752,19.17624057,22.48601875,21.59886171,25.96640405,2.490863989,69.57358456,70.56310587,92.81027464,22.54439512,1000000000
1590,30.19746068,27.67247527,23.50966148,16.68537658,20.77994752,19.17624057,22.48601875,21.59886171,25.96640405,2.490863989,69.57358456,70.56310587,92.81027464,22.54439512,1000000000
1591,30.19746068,27.67247527,23.50966148,16.68537658,20.77994752,19.17624057,22.48601875,21.59886171,25.96640405,2.490863989,69.57358456,70.56310587,92.81027464,22.54439512,1000000000
1592,30.19746068,27.67247527,23.50966148,16.68537658,20.77994752,19.17624057,22.48601875,21.59886171,25.96640405,2.490863989,69.57358456,70.56310587,92.81027464,22.54439512,1000000000
1593,30.19746068,27.67247527,23.50966148,16.68537658,20.77994752,19.17624057,22.48601875,21.59886171,25.96640405,2.490863989,69.57358456,70.56310587,92.81027464,22.54439512,1000000000
1594,30.19746068,27.67247527,23.50966148,16.68537658,20.77994752,19.17624057,22.48601875,21.59886171,25.96640405,2.490863989,69.57358456,70.56310587,92.81027464,22.54439512,1000000000
1595,30.19746068,27.67247527,23.50966148,16.68537658,20.77994752,19.17624057,22.48601875,21.59886171,25.96640405,2.490863989,69.57358456,70.56310587,92.81027464,22.54439512,1000000000
1596,30.19746068,27.67247527,23.50966148,16.68537658,20.77994752,19.17624057,22.48601875,21.59886171,25.96640405,2.490863989,69.57358456,70.56310587,92.81027464,22.54439512,1000000000
1597,30.19746068,27.67247527,23.50966148,16.68537658,20.77994752,19.17624057,22.48601875,21.59886171,25.96640405,2.490863989,69.57358456,70.56310587,92.81027464,22.54439512,1000000000
1598,30.19746068,27.67247527,23.50966148,16.68537658,20.77994752,19.17624057,22.48601875,21.59886171,25.96640405,2.490863989,69.57358456,70.56310587,92.81027464,22.54439512,1000000000
1599,30.19746068,27.67247527,23.50966148,16.68537658,20.77994752,19.17624057,22.48601875,21.59886171,25.96640405,2.490863989,69.57358456,70.56310587,92.81027464,22.54439512,1000000000
1600,30.19746068,27.67247527,23.50966148,16.68537658,20.77994752,19.17624057,22.48601875,21.59886171,25.96640405,2.490863989,69.57358456,70.56310587,92.81027464,22.54439512,1000000000
1601,30.19746068,27.67247527,23.50966148,16.68537658,20.77994752,19.17624057,22.48601875,21.59886171,25.96640405,2.490863989,69.57358456,70.56310587,92.81027464,22.54439512,1000000000
1602,30.19746068,27.67247527,23.50966148,16.68537658,20.77994752,19.17624057,22.48601875,21.59886171,25.96640405,2.490863989,69.57358456,70.56310587,92.81027464,22.54439512,1000000000
1603,30.19746068,27.67247527,23.50966148,16.68537658,20.77994752,19.17624057,22.48601875,21.59886171,25.96640405,2.490863989,69.57358456,70.56310587,92.81027464,22.54439512,1000000000
1604,30.19746068,27.67247527,23.50966148,16.68537658,20.77994752,19.17624057,22.48601875,21.59886171,25.96640405,2.490863989,69.57358456,70.56310587,92.81027464,22.54439512,1000000000
1605,30.19746068,27.67247527,23.50966148,16.68537658,20.77994752,19.17624057,22.48601875,21.59886171,25.96640405,2.490863989,69.57358456,70.56310587,92.81027464,22.54439512,1000000000
1606,30.19746068,27.67247527,23.50966148,16.68537658,20.77994752,19.17624057,22.48601875,21.59886171,25.96640405,2.490863989,69.57358456,70.56310587,92.81027464,22.54439512,1000000000
1607,30.19746068,27.67247527,23.50966148,16.68537658,20.77994752,19.17624057,22.48601875,21.59886171,25.96640405,2.490863989,69.57358456,70.56310587,92.81027464,22.54439512,1000000000
1608,30.19746068,27.67247527,23.50966148,16.68537658,20.77994752,19.17624057,22.48601875,21.59886171,25.96640405,2.490863989,69.57358456,70.56310587,92.81027464,22.54439512,1000000000
1609,30.19746068,27.67247527,23.50966148,16.68537658,20.77994752,19.17624057,22.48601875,21.59886171,25.96640405,2.490863989,69.57358456,70.56310587,92.81027464,22.54439512,1000000000
1610,30.19746068,27.67247527,23.50966148,16.68537658,20.77994752,19.17624057,22.48601875,21.59886171,25.96640405,2.490863989,69.57358456,70.56310587,92.81027464,22.54439512,1000000000
1611,30.19746068,27.67247527,23.50966148,16.68537658,20.77994752,19.17624057,22.48601875,21.59886171,25.96640405,2.490863989,69.57358456,70.56310587,92.81027464,22.54439512,1000000000
1612,30.19746068,27.67247527,23.50966148,16.68537658,20.77994752,19.17624057,22.48601875,21.59886171,25.96640405,2.490863989,69.57358456,70.56310587,92.81027464,22.54439512,1000000000
1613,30.19746068,27.67247527,23.50966148,16.68537658,20.77994752,19.17624057,22.48601875,21.59886171,25.96640405,2.490863989,69.57358456,70.56310587,92.81027464,22.54439512,1000000000
1614,30.19746068,27.67247527,23.50966148,16.68537658,20.77994752,19.17624057,22.48601875,21.59886171,25.96640405,2.490863989,69.57358456,70.56310587,92.81027464,22.54439512,1000000000
1615,30.19746068,27.67247527,23.50966148,16.68537658,20.77994752,19.17624057,22.48601875,21.59886171,25.96640405,2.490863989,69.57358456,70.56310587,92.81027464,22.54439512,1000000000
1616,30.19746068,27.67247527,23.50966148,16.68537658,20.77994752,19.17624057,22.48601875,21.59886171,25.96640405,2.490863989,69.57358456,70.56310587,92.81027464,22.54439512,1000000000
1617,30.19746068,27.67247527,23.50966148,16.68537658,20.77994752,19.17624057,22.48601875,21.59886171,25.96640405,2.490863989,69.57358456,70.56310587,92.81027464,22.54439512,1000000000
1618,30.19746068,27.67247527,23.50966148,16.68537658,20.77994752,19.17624057,22.48601875,21.59886171,25.96640405,2.490863989,69.57358456,70.56310587,92.81027464,22.54439512,1000000000
1619,30.19746068,27.67247527,23.50966148,16.68537658,20.77994752,19.17624057,22.48601875,21.59886171,25.96640405,2.490863989,69.57358456,70.56310587,92.81027464,22.54439512,1000000000
1620,30.19746068,27.67247527,23.50966148,16.68537658,20.77994752,19.17624057,22.48601875,21.59886171,25.96640405,2.490863989,69.57358456,70.56310587,92.81027464,22.54439512,1000000000
1621,30.19746068,27.67247527,23.50966148,16.68537658,20.77994752,19.17624057,22.48601875,21.59886171,25.96640405,2.490863989,69.57358456,70.56310587,92.81027464,22.54439512,1000000000
1622,30.19746068,27.67247527,23.50966148,16.68537658,20.77994752,19.17624057,22.48601875,21.59886171,25.96640405,2.490863989,69.57358456,70.56310587,92.81027464,22.54439512,1000000000
1623,30.19746068,27.67247527,23.50966148,16.68537658,20.77994752,19.17624057,22.48601875,21.59886171,25.96640405,2.490863989,69.57358456,70.56310587,92.81027464,22.54439512,1000000000
1624,30.19746068,27.67247527,23.50966148,16.68537658,20.77994752,19.17624057,22.48601875,21.59886171,25.96640405,2.490863989,69.57358456,70.56310587,92.81027464,22.54439512,1000000000
1625,30.19746068,27.67247527,23.50966148,16.68537658,20.77994752,19.17624057,22.48601875,21.59886171,25.96640405,2.490863989,69.57358456,70.56310587,92.81027464,22.54439512,1000000000
1626,30.19746068,27.67247527,23.50966148,16.68537658,20.77994752,19.17624057,22.48601875,21.59886171,25.96640405,2.490863989,69.57358456,70.56310587,92.81027464,22.54439512,1000000000
1627,30.19746068,27.67247527,23.50966148,16.68537658,20.77994752,19.17624057,22.48601875,21.59886171,25.96640405,2.490863989,69.57358456,70.56310587,92.81027464,22.54439512,1000000000
1628,30.19746068,27.67247527,23.50966148,16.68537658,20.77994752,19.17624057,22.48601875,21.59886171,25.96640405,2.490863989,69.57358456,70.56310587,92.81027464,22.54439512,1000000000
1629,30.19746068,27.67247527,23.50966148,16.68537658,20.77994752,19.17624057,22.48601875,21.59886171,25.96640405,2.490863989,69.57358456,70.56310587,92.81027464,22.54439512,1000000000
1630,30.19746068,27.67247527,23.50966148,16.68537658,20.77994752,19.17624057,22.48601875,21.59886171,25.96640405,2.490863989,69.57358456,70.56310587,92.81027464,22.54439512,1000000000
1631,30.19746068,27.67247527,23.50966148,16.68537658,20.77994752,19.17624057,22.48601875,21.59886171,25.96640405,2.490863989,69.57358456,70.56310587,92.81027464,22.54439512,1000000000
1632,30.19746068,27.67247527,23.50966148,16.68537658,20.77994752,19.17624057,22.48601875,21.59886171,25.96640405,2.490863989,69.57358456,70.56310587,92.81027464,22.54439512,1000000000
1633,30.19746068,27.67247527,23.50966148,16.68537658,20.77994752,19.17624057,22.48601875,21.59886171,25.96640405,2.490863989,69.57358456,70.56310587,92.81027464,22.54439512,1000000000
1634,30.19746068,27.67247527,23.50966148,16.68537658,20.77994752,19.17624057,22.48601875,21.59886171,25.96640405,2.490863989,69.57358456,70.56310587,92.81027464,22.54439512,1000000000
1635,30.19746068,27.67247527,23.50966148,16.68537658,20.77994752,19.17624057,22.48601875,21.59886171,25.96640405,2.490863989,69.57358456,70.56310587,92.81027464,22.54439512,1000000000
1636,30.19746068,27.67247527,23.50966148,16.68537658,20.77994752,19.17624057,22.48601875,21.59886171,25.96640405,2.490863989,69.57358456,70.56310587,92.81027464,22.54439512,1000000000
1637,30.19746068,27.67247527,23.50966148,16.68537658,20.77994752,19.17624057,22.48601875,21.59886171,25.96640405,2.490863989,69.57358456,70.56310587,92.81027464,22.54439512,1000000000
1638,30.19746068,27.67247527,23.50966148,16.68537658,20.77994752,19.17624057,22.48601875,21.59886171,25.96640405,2.490863989,69.57358456,70.56310587,92.81027464,22.54439512,1000000000
1639,30.19746068,27.67247527,23.50966148,16.68537658,20.77994752,19.17624057,22.48601875,21.59886171,25.96640405,2.490863989,69.57358456,70.56310587,92.81027464,22.54439512,1000000000
1640,30.19746068,27.67247527,23.50966148,16.68537658,20.77994752,19.17624057,22.48601875,21.59886171,25.96640405,2.490863989,69.57358456,70.56310587,92.81027464,22.54439512,1000000000
1641,30.19746068,27.67247527,23.50966148,16.68537658,20.77994752,19.17624057,22.48601875,21.59886171,25.96640405,2.490863989,69.57358456,70.56310587,92.81027464,22.54439512,1000000000
1642,30.19746068,27.67247527,23.50966148,16.68537658,20.77994752,19.17624057,22.48601875,21.59886171,25.96640405,2.490863989,69.57358456,70.56310587,92.81027464,22.54439512,1000000000
1643,30.19746068,27.67247527,23.50966148,16.68537658,20.77994752,19.17624057,22.48601875,21.59886171,25.96640405,2.490863989,69.57358456,70.56310587,92.81027464,22.54439512,1000000000
1644,30.19746068,27.67247527,23.50966148,16.68537658,20.77994752,19.17624057,22.48601875,21.59886171,25.96640405,2.490863989,69.57358456,70.56310587,92.81027464,22.54439512,1000000000
1645,30.19746068,27.67247527,23.50966148,16.68537658,20.77994752,19.17624057,22.48601875,21.59886171,25.96640405,2.490863989,69.57358456,70.56310587,92.81027464,22.54439512,1000000000
1646,30.19746068,27.67247527,23.50966148,16.68537658,20.77994752,19.17624057,22.48601875,21.59886171,25.96640405,2.490863989,69.57358456,70.56310587,92.81027464,22.54439512,1000000000
1647,30.19746068,27.67247527,23.50966148,16.68537658,20.77994752,19.17624057,22.48601875,21.59886171,25.96640405,2.490863989,69.57358456,70.56310587,92.81027464,22.54439512,1000000000
1648,30.19746068,27.67247527,23.50966148,16.68537658,20.77994752,19.17624057,22.48601875,21.59886171,25.96640405,2.490863989,69.57358456,70.56310587,92.81027464,22.54439512,1000000000
1649,30.19746068,27.67247527,23.50966148,16.68537658,20.77994752,19.17624057,22.48601875,21.59886171,25.96640405,2.490863989,69.57358456,70.56310587,92.81027464,22.54439512,1000000000
1650,30.19746068,27.67247527,23.50966148,16.68537658,20.77994752,19.17624057,22.48601875,21.59886171,25.96640405,2.490863989,69.57358456,70.56310587,92.81027464,22.54439512,1000000000
1651,30.19746068,27.67247527,23.50966148,16.68537658,20.77994752,19.17624057,22.48601875,21.59886171,25.96640405,2.490863989,69.57358456,70.56310587,92.81027464,22.54439512,1000000000
1652,30.19746068,27.67247527,23.50966148,16.68537658,20.77994752,19.17624057,22.48601875,21.59886171,25.96640405,2.490863989,69.57358456,70.56310587,92.81027464,22.54439512,1000000000
1653,30.19746068,27.67247527,23.50966148,16.68537658,20.77994752,19.17624057,22.48601875,21.59886171,25.96640405,2.490863989,69.57358456,70.56310587,92.81027464,22.54439512,1000000000
1654,30.19746068,27.67247527,23.50966148,16.68537658,20.77994752,19.17624057,22.48601875,21.59886171,25.96640405,2.490863989,69.57358456,70.56310587,92.81027464,22.54439512,1000000000
1655,30.19746068,27.67247527,23.50966148,16.68537658,20.77994752,19.17624057,22.48601875,21.59886171,25.96640405,2.490863989,69.57358456,70.56310587,92.81027464,22.54439512,1000000000
1656,30.19746068,27.67247527,23.50966148,16.68537658,20.77994752,19.17624057,22.48601875,21.59886171,25.96640405,2.490863989,69.57358456,70.56310587,92.81027464,22.54439512,1000000000
1657,30.19746068,27.67247527,23.50966148,16.68537658,20.77994752,19.17624057,22.48601875,21.59886171,25.96640405,2.490863989,69.57358456,70.56310587,92.81027464,22.54439512,1000000000
1658,30.19746068,27.67247527,23.50966148,16.68537658,20.77994752,19.17624057,22.48601875,21.59886171,25.96640405,2.490863989,69.57358456,70.56310587,92.81027464,22.54439512,1000000000
1659,30.19746068,27.67247527,23.50966148,16.68537658,20.77994752,19.17624057,22.48601875,21.59886171,25.96640405,2.490863989,69.57358456,70.56310587,92.81027464,22.54439512,1000000000
1660,30.19746068,27.67247527,23.50966148,16.68537658,20.77994752,19.17624057,22.48601875,21.59886171,25.96640405,2.490863989,69.57358456,70.56310587,92.81027464,22.54439512,1000000000
1661,30.19746068,27.67247527,23.50966148,16.68537658,20.77994752,19.17624057,22.48601875,21.59886171,25.96640405,2.490863989,69.57358456,70.56310587,92.81027464,22.54439512,1000000000
1662,30.19746068,27.67247527,23.50966148,16.68537658,20.77994752,19.17624057,22.48601875,21.59886171,25.96640405,2.490863989,69.57358456,70.56310587,92.81027464,22.54439512,1000000000
1663,30.19746068,27.67247527,23.50966148,16.68537658,20.77994752,19.17624057,22.48601875,21.59886171,25.96640405,2.490863989,69.57358456,70.56310587,92.81027464,22.54439512,1000000000
1664,30.19746068,27.67247527,23.50966148,16.68537658,20.77994752,19.17624057,22.48601875,21.59886171,25.96640405,2.490863989,69.57358456,70.56310587,92.81027464,22.54439512,1000000000
1665,30.19746068,27.67247527,23.50966148,16.68537658,20.77994752,19.17624057,22.48601875,21.59886171,25.96640405,2.490863989,69.57358456,70.56310587,92.81027464,22.54439512,1000000000
1666,30.19746068,27.67247527,23.50966148,16.68537658,20.77994752,19.17624057,22.48601875,21.59886171,25.96640405,2.490863989,69.57358456,70.56310587,92.81027464,22.54439512,1000000000
1667,30.19746068,27.67247527,23.50966148,16.68537658,20.77994752,19.17624057,22.48601875,21.59886171,25.96640405,2.490863989,69.57358456,70.56310587,92.81027464,22.54439512,1000000000
1668,30.19746068,27.67247527,23.50966148,16.68537658,20.77994752,19.17624057,22.48601875,21.59886171,25.96640405,2.490863989,69.57358456,70.56310587,92.81027464,22.54439512,1000000000
1669,30.19746068,27.67247527,23.50966148,16.68537658,20.77994752,19.17624057,22.48601875,21.59886171,25.96640405,2.490863989,69.57358456,70.56310587,92.81027464,22.54439512,1000000000
1670,30.19746068,27.67247527,23.50966148,16.68537658,20.77994752,19.17624057,22.48601875,21.59886171,25.96640405,2.490863989,69.57358456,70.56310587,92.81027464,22.54439512,1000000000
1671,30.19746068,27.67247527,23.50966148,16.68537658,20.77994752,19.17624057,22.48601875,21.59886171,25.96640405,2.490863989,69.57358456,70.56310587,92.81027464,22.54439512,1000000000
1672,30.19746068,27.67247527,23.50966148,16.68537658,20.77994752,19.17624057,22.48601875,21.59886171,25.96640405,2.490863989,69.57358456,70.56310587,92.81027464,22.54439512,1000000000
1673,30.19746068,27.67247527,23.50966148,16.68537658,20.77994752,19.17624057,22.48601875,21.59886171,25.96640405,2.490863989,69.57358456,70.56310587,92.81027464,22.54439512,1000000000
1674,30.19746068,27.67247527,23.50966148,16.68537658,20.77994752,19.17624057,22.48601875,21.59886171,25.96640405,2.490863989,69.57358456,70.56310587,92.81027464,22.54439512,1000000000
1675,30.19746068,27.67247527,23.50966148,16.68537658,20.77994752,19.17624057,22.48601875,21.59886171,25.96640405,2.490863989,69.57358456,70.56310587,92.81027464,22.54439512,1000000000
1676,30.19746068,27.67247527,23.50966148,16.68537658,20.77994752,19.17624057,22.48601875,21.59886171,25.96640405,2.490863989,69.57358456,70.56310587,92.81027464,22.54439512,1000000000
1677,30.19746068,27.67247527,23.50966148,16.68537658,20.77994752,19.17624057,22.48601875,21.59886171,25.96640405,2.490863989,69.57358456,70.56310587,92.81027464,22.54439512,1000000000
1678,30.19746068,27.67247527,23.50966148,16.68537658,20.77994752,19.17624057,22.48601875,21.59886171,25.96640405,2.490863989,69.57358456,70.56310587,92.81027464,22.54439512,1000000000
1679,30.19746068,27.67247527,23.50966148,16.68537658,20.77994752,19.17624057,22.48601875,21.59886171,25.96640405,2.490863989,69.57358456,70.56310587,92.81027464,22.54439512,1000000000
1680,30.19746068,27.67247527,23.50966148,16.68537658,20.77994752,19.17624057,22.48601875,21.59886171,25.96640405,2.490863989,69.57358456,70.56310587,92.81027464,22.54439512,1000000000
1681,30.19746068,27.67247527,23.50966148,16.68537658,20.77994752,19.17624057,22.48601875,21.59886171,25.96640405,2.490863989,69.57358456,70.56310587,92.81027464,22.54439512,1000000000
1682,30.19746068,27.67247527,23.50966148,16.68537658,20.77994752,19.17624057,22.48601875,21.59886171,25.96640405,2.490863989,69.57358456,70.56310587,92.81027464,22.54439512,1000000000
1683,30.19746068,27.67247527,23.50966148,16.68537658,20.77994752,19.17624057,22.48601875,21.59886171,25.96640405,2.490863989,69.57358456,70.56310587,92.81027464,22.54439512,1000000000
1684,30.19746068,27.67247527,23.50966148,16.68537658,20.77994752,19.17624057,22.48601875,21.59886171,25.96640405,2.490863989,69.57358456,70.56310587,92.81027464,22.54439512,1000000000
1685,30.19746068,27.67247527,23.50966148,16.68537658,20.77994752,19.17624057,22.48601875,21.59886171,25.96640405,2.490863989,69.57358456,70.56310587,92.81027464,22.54439512,1000000000
1686,30.19746068,27.67247527,23.50966148,16.68537658,20.77994752,19.17624057,22.48601875,21.59886171,25.96640405,2.490863989,69.57358456,70.56310587,92.81027464,22.54439512,1000000000
1687,30.19746068,27.67247527,23.50966148,16.68537658,20.77994752,19.17624057,22.48601875,21.59886171,25.96640405,2.490863989,69.57358456,70.56310587,92.81027464,22.54439512,1000000000
1688,30.19746068,27.67247527,23.50966148,16.68537658,20.77994752,19.17624057,22.48601875,21.59886171,25.96640405,2.490863989,69.57358456,70.56310587,92.81027464,22.54439512,1000000000
1689,30.19746068,27.67247527,23.50966148,16.68537658,20.77994752,19.17624057,22.48601875,21.59886171,25.96640405,2.490863989,69.57358456,70.56310587,92.81027464,22.54439512,1000000000
1690,30.19746068,27.67247527,23.50966148,16.68537658,20.77994752,19.17624057,22.48601875,21.59886171,25.96640405,2.490863989,69.57358456,70.56310587,92.81027464,22.54439512,1000000000
1691,30.19746068,27.67247527,23.50966148,16.68537658,20.77994752,19.17624057,22.48601875,21.59886171,25.96640405,2.490863989,69.57358456,70.56310587,92.81027464,22.54439512,1000000000
1692,30.19746068,27.67247527,23.50966148,16.68537658,20.77994752,19.17624057,22.48601875,21.59886171,25.96640405,2.490863989,69.57358456,70.56310587,92.81027464,22.54439512,1000000000
1693,30.19746068,27.67247527,23.50966148,16.68537658,20.77994752,19.17624057,22.48601875,21.59886171,25.96640405,2.490863989,69.57358456,70.56310587,92.81027464,22.54439512,1000000000
1694,30.19746068,27.67247527,23.50966148,16.68537658,20.77994752,19.17624057,22.48601875,21.59886171,25.96640405,2.490863989,69.57358456,70.56310587,92.81027464,22.54439512,1000000000
1695,30.19746068,27.67247527,23.50966148,16.68537658,20.77994752,19.17624057,22.48601875,21.59886171,25.96640405,2.490863989,69.57358456,70.56310587,92.81027464,22.54439512,1000000000
1696,30.19746068,27.67247527,23.50966148,16.68537658,20.77994752,19.17624057,22.48601875,21.59886171,25.96640405,2.490863989,69.57358456,70.56310587,92.81027464,22.54439512,1000000000
1697,30.19746068,27.67247527,23.50966148,16.68537658,20.77994752,19.17624057,22.48601875,21.59886171,25.96640405,2.490863989,69.57358456,70.56310587,92.81027464,22.54439512,1000000000
1698,30.19746068,27.67247527,23.50966148,16.68537658,20.77994752,19.17624057,22.48601875,21.59886171,25.96640405,2.490863989,69.57358456,70.56310587,92.81027464,22.54439512,1000000000
1699,30.19746068,27.67247527,23.50966148,16.68537658,20.77994752,19.17624057,22.48601875,21.59886171,25.96640405,2.490863989,69.57358456,70.56310587,92.81027464,22.54439512,1000000000
1700,30.19746068,27.67247527,23.50966148,16.68537658,20.77994752,19.17624057,22.48601875,21.59886171,25.96640405,2.490863989,69.57358456,70.56310587,92.81027464,22.54439512,1000000000
1701,30.19746068,27.67247527,23.50966148,16.68537658,20.77994752,19.17624057,22.48601875,21.59886171,25.96640405,2.490863989,69.57358456,70.56310587,92.81027464,22.54439512,1000000000
1702,30.19746068,27.67247527,23.50966148,16.68537658,20.77994752,19.17624057,22.48601875,21.59886171,25.96640405,2.490863989,69.57358456,70.56310587,92.81027464,22.54439512,1000000000
1703,30.19746068,27.67247527,23.50966148,16.68537658,20.77994752,19.17624057,22.48601875,21.59886171,25.96640405,2.490863989,69.57358456,70.56310587,92.81027464,22.54439512,1000000000
1704,30.19746068,27.67247527,23.50966148,16.68537658,20.77994752,19.17624057,22.48601875,21.59886171,25.96640405,2.490863989,69.57358456,70.56310587,92.81027464,22.54439512,1000000000
1705,30.19746068,27.67247527,23.50966148,16.68537658,20.77994752,19.17624057,22.48601875,21.59886171,25.96640405,2.490863989,69.57358456,70.56310587,92.81027464,22.54439512,1000000000
1706,30.19746068,27.67247527,23.50966148,16.68537658,20.77994752,19.17624057,22.48601875,21.59886171,25.96640405,2.490863989,69.57358456,70.56310587,92.81027464,22.54439512,1000000000
1707,30.19746068,27.67247527,23.50966148,16.68537658,20.77994752,19.17624057,22.48601875,21.59886171,25.96640405,2.490863989,69.57358456,70.56310587,92.81027464,22.54439512,1000000000
1708,30.19746068,27.67247527,23.50966148,16.68537658,20.77994752,19.17624057,22.48601875,21.59886171,25.96640405,2.490863989,69.57358456,70.56310587,92.81027464,22.54439512,1000000000
1709,30.19746068,27.67247527,23.50966148,16.68537658,20.77994752,19.17624057,22.48601875,21.59886171,25.96640405,2.490863989,69.57358456,70.56310587,92.81027464,22.54439512,1000000000
1710,30.19746068,27.67247527,23.50966148,16.68537658,20.77994752,19.17624057,22.48601875,21.59886171,25.96640405,2.490863989,69.57358456,70.56310587,92.81027464,22.54439512,1000000000
1711,30.19746068,27.67247527,23.50966148,16.68537658,20.77994752,19.17624057,22.48601875,21.59886171,25.96640405,2.490863989,69.57358456,70.56310587,92.81027464,22.54439512,1000000000
1712,30.19746068,27.67247527,23.50966148,16.68537658,20.77994752,19.17624057,22.48601875,21.59886171,25.96640405,2.490863989,69.57358456,70.56310587,92.81027464,22.54439512,1000000000
1713,30.19746068,27.67247527,23.50966148,16.68537658,20.77994752,19.17624057,22.48601875,21.59886171,25.96640405,2.490863989,69.57358456,70.56310587,92.81027464,22.54439512,1000000000
1714,30.19746068,27.67247527,23.50966148,16.68537658,20.77994752,19.17624057,22.48601875,21.59886171,25.96640405,2.490863989,69.57358456,70.56310587,92.81027464,22.54439512,1000000000
1715,30.19746068,27.67247527,23.50966148,16.68537658,20.77994752,19.17624057,22.48601875,21.59886171,25.96640405,2.490863989,69.57358456,70.56310587,92.81027464,22.54439512,1000000000
1716,30.19746068,27.67247527,23.50966148,16.68537658,20.77994752,19.17624057,22.48601875,21.59886171,25.96640405,2.490863989,69.57358456,70.56310587,92.81027464,22.54439512,1000000000
1717,30.19746068,27.67247527,23.50966148,16.68537658,20.77994752,19.17624057,22.48601875,21.59886171,25.96640405,2.490863989,69.57358456,70.56310587,92.81027464,22.54439512,1000000000
1718,30.19746068,27.67247527,23.50966148,16.68537658,20.77994752,19.17624057,22.48601875,21.59886171,25.96640405,2.490863989,69.57358456,70.56310587,92.81027464,22.54439512,1000000000
1719,30.19746068,27.67247527,23.50966148,16.68537658,20.77994752,19.17624057,22.48601875,21.59886171,25.96640405,2.490863989,69.57358456,70.56310587,92.81027464,22.54439512,1000000000
1720,30.19746068,27.67247527,23.50966148,16.68537658,20.77994752,19.17624057,22.48601875,21.59886171,25.96640405,2.490863989,69.57358456,70.56310587,92.81027464,22.54439512,1000000000
1721,30.19746068,27.67247527,23.50966148,16.68537658,20.77994752,19.17624057,22.48601875,21.59886171,25.96640405,2.490863989,69.57358456,70.56310587,92.81027464,22.54439512,1000000000
1722,30.19746068,27.67247527,23.50966148,16.68537658,20.77994752,19.17624057,22.48601875,21.59886171,25.96640405,2.490863989,69.57358456,70.56310587,92.81027464,22.54439512,1000000000
1723,30.19746068,27.67247527,23.50966148,16.68537658,20.77994752,19.17624057,22.48601875,21.59886171,25.96640405,2.490863989,69.57358456,70.56310587,92.81027464,22.54439512,1000000000
1724,30.19746068,27.67247527,23.50966148,16.68537658,20.77994752,19.17624057,22.48601875,21.59886171,25.96640405,2.490863989,69.57358456,70.56310587,92.81027464,22.54439512,1000000000
1725,30.19746068,27.67247527,23.50966148,16.68537658,20.77994752,19.17624057,22.48601875,21.59886171,25.96640405,2.490863989,69.57358456,70.56310587,92.81027464,22.54439512,1000000000
1726,30.19746068,27.67247527,23.50966148,16.68537658,20.77994752,19.17624057,22.48601875,21.59886171,25.96640405,2.490863989,69.57358456,70.56310587,92.81027464,22.54439512,1000000000
1727,30.19746068,27.67247527,23.50966148,16.68537658,20.77994752,19.17624057,22.48601875,21.59886171,25.96640405,2.490863989,69.57358456,70.56310587,92.81027464,22.54439512,1000000000
1728,30.19746068,27.67247527,23.50966148,16.68537658,20.77994752,19.17624057,22.48601875,21.59886171,25.96640405,2.490863989,69.57358456,70.56310587,92.81027464,22.54439512,1000000000
1729,30.19746068,27.67247527,23.50966148,16.68537658,20.77994752,19.17624057,22.48601875,21.59886171,25.96640405,2.490863989,69.57358456,70.56310587,92.81027464,22.54439512,1000000000
1730,30.19746068,27.67247527,23.50966148,16.68537658,20.77994752,19.17624057,22.48601875,21.59886171,25.96640405,2.490863989,69.57358456,70.56310587,92.81027464,22.54439512,1000000000
1731,30.19746068,27.67247527,23.50966148,16.68537658,20.77994752,19.17624057,22.48601875,21.59886171,25.96640405,2.490863989,69.57358456,70.56310587,92.81027464,22.54439512,1000000000
1732,30.19746068,27.67247527,23.50966148,16.68537658,20.77994752,19.17624057,22.48601875,21.59886171,25.96640405,2.490863989,69.57358456,70.56310587,92.81027464,22.54439512,1000000000
1733,30.19746068,27.67247527,23.50966148,16.68537658,20.77994752,19.17624057,22.48601875,21.59886171,25.96640405,2.490863989,69.57358456,70.56310587,92.81027464,22.54439512,1000000000
1734,30.19746068,27.67247527,23.50966148,16.68537658,20.77994752,19.17624057,22.48601875,21.59886171,25.96640405,2.490863989,69.57358456,70.56310587,92.81027464,22.54439512,1000000000
1735,30.19746068,27.67247527,23.50966148,16.68537658,20.77994752,19.17624057,22.48601875,21.59886171,25.96640405,2.490863989,69.57358456,70.56310587,92.81027464,22.54439512,1000000000
1736,30.19746068,27.67247527,23.50966148,16.68537658,20.77994752,19.17624057,22.48601875,21.59886171,25.96640405,2.490863989,69.57358456,70.56310587,92.81027464,22.54439512,1000000000
1737,30.19746068,27.67247527,23.50966148,16.68537658,20.77994752,19.17624057,22.48601875,21.59886171,25.96640405,2.490863989,69.57358456,70.56310587,92.81027464,22.54439512,1000000000
1738,30.19746068,27.67247527,23.50966148,16.68537658,20.77994752,19.17624057,22.48601875,21.59886171,25.96640405,2.490863989,69.57358456,70.56310587,92.81027464,22.54439512,1000000000
1739,30.19746068,27.67247527,23.50966148,16.68537658,20.77994752,19.17624057,22.48601875,21.59886171,25.96640405,2.490863989,69.57358456,70.56310587,92.81027464,22.54439512,1000000000
1740,30.19746068,27.67247527,23.50966148,16.68537658,20.77994752,19.17624057,22.48601875,21.59886171,25.96640405,2.490863989,69.57358456,70.56310587,92.81027464,22.54439512,1000000000
1741,30.19746068,27.67247527,23.50966148,16.68537658,20.77994752,19.17624057,22.48601875,21.59886171,25.96640405,2.490863989,69.57358456,70.56310587,92.81027464,22.54439512,1000000000
1742,30.19746068,27.67247527,23.50966148,16.68537658,20.77994752,19.17624057,22.48601875,21.59886171,25.96640405,2.490863989,69.57358456,70.56310587,92.81027464,22.54439512,1000000000
1743,30.19746068,27.67247527,23.50966148,16.68537658,20.77994752,19.17624057,22.48601875,21.59886171,25.96640405,2.490863989,69.57358456,70.56310587,92.81027464,22.54439512,1000000000
1744,30.19746068,27.67247527,23.50966148,16.68537658,20.77994752,19.17624057,22.48601875,21.59886171,25.96640405,2.490863989,69.57358456,70.56310587,92.81027464,22.54439512,1000000000
1745,30.19746068,27.67247527,23.50966148,16.68537658,20.77994752,19.17624057,22.48601875,21.59886171,25.96640405,2.490863989,69.57358456,70.56310587,92.81027464,22.54439512,1000000000
1746,30.19746068,27.67247527,23.50966148,16.68537658,20.77994752,19.17624057,22.48601875,21.59886171,25.96640405,2.490863989,69.57358456,70.56310587,92.81027464,22.54439512,1000000000
1747,30.19746068,27.67247527,23.50966148,16.68537658,20.77994752,19.17624057,22.48601875,21.59886171,25.96640405,2.490863989,69.57358456,70.56310587,92.81027464,22.54439512,1000000000
1748,30.19746068,27.67247527,23.50966148,16.68537658,20.77994752,19.17624057,22.48601875,21.59886171,25.96640405,2.490863989,69.57358456,70.56310587,92.81027464,22.54439512,1000000000
1749,30.19746068,27.67247527,23.50966148,16.68537658,20.77994752,19.17624057,22.48601875,21.59886171,25.96640405,2.490863989,69.57358456,70.56310587,92.81027464,22.54439512,1000000000
1750,30.19746068,27.67247527,23.50966148,16.68537658,20.77994752,19.17624057,22.48601875,21.59886171,25.96640405,2.490863989,69.57358456,70.56310587,92.81027464,22.54439512,1000000000
1751,30.19746068,27.67247527,23.50966148,16.68537658,20.77994752,19.17624057,22.48601875,21.59886171,25.96640405,2.490863989,69.57358456,70.56310587,92.81027464,22.54439512,1000000000
1752,30.19746068,27.67247527,23.50966148,16.68537658,20.77994752,19.17624057,22.48601875,21.59886171,25.96640405,2.490863989,69.57358456,70.56310587,92.81027464,22.54439512,1000000000
1753,30.19746068,27.67247527,23.50966148,16.68537658,20.77994752,19.17624057,22.48601875,21.59886171,25.96640405,2.490863989,69.57358456,70.56310587,92.81027464,22.54439512,1000000000
1754,30.19746068,27.67247527,23.50966148,16.68537658,20.77994752,19.17624057,22.48601875,21.59886171,25.96640405,2.490863989,69.57358456,70.56310587,92.81027464,22.54439512,1000000000
1755,30.19746068,27.67247527,23.50966148,16.68537658,20.77994752,19.17624057,22.48601875,21.59886171,25.96640405,2.490863989,69.57358456,70.56310587,92.81027464,22.54439512,1000000000
1756,30.19746068,27.67247527,23.50966148,16.68537658,20.77994752,19.17624057,22.48601875,21.59886171,25.96640405,2.490863989,69.57358456,70.56310587,92.81027464,22.54439512,1000000000
1757,30.19746068,27.67247527,23.50966148,16.68537658,20.77994752,19.17624057,22.48601875,21.59886171,25.96640405,2.490863989,69.57358456,70.56310587,92.81027464,22.54439512,1000000000
1758,30.19746068,27.67247527,23.50966148,16.68537658,20.77994752,19.17624057,22.48601875,21.59886171,25.96640405,2.490863989,69.57358456,70.56310587,92.81027464,22.54439512,1000000000
1759,30.19746068,27.67247527,23.50966148,16.68537658,20.77994752,19.17624057,22.48601875,21.59886171,25.96640405,2.490863989,69.57358456,70.56310587,92.81027464,22.54439512,1000000000
1760,30.19746068,27.67247527,23.50966148,16.68537658,20.77994752,19.17624057,22.48601875,21.59886171,25.96640405,2.490863989,69.57358456,70.56310587,92.81027464,22.54439512,1000000000
1761,30.19746068,27.67247527,23.50966148,16.68537658,20.77994752,19.17624057,22.48601875,21.59886171,25.96640405,2.490863989,69.57358456,70.56310587,92.81027464,22.54439512,1000000000
1762,30.19746068,27.67247527,23.50966148,16.68537658,20.77994752,19.17624057,22.48601875,21.59886171,25.96640405,2.490863989,69.57358456,70.56310587,92.81027464,22.54439512,1000000000
1763,30.19746068,27.67247527,23.50966148,16.68537658,20.77994752,19.17624057,22.48601875,21.59886171,25.96640405,2.490863989,69.57358456,70.56310587,92.81027464,22.54439512,1000000000
1764,30.19746068,27.67247527,23.50966148,16.68537658,20.77994752,19.17624057,22.48601875,21.59886171,25.96640405,2.490863989,69.57358456,70.56310587,92.81027464,22.54439512,1000000000
1765,30.19746068,27.67247527,23.50966148,16.68537658,20.77994752,19.17624057,22.48601875,21.59886171,25.96640405,2.490863989,69.57358456,70.56310587,92.81027464,22.54439512,1000000000
1766,30.19746068,27.67247527,23.50966148,16.68537658,20.77994752,19.17624057,22.48601875,21.59886171,25.96640405,2.490863989,69.57358456,70.56310587,92.81027464,22.54439512,1000000000
1767,30.19746068,27.67247527,23.50966148,16.68537658,20.77994752,19.17624057,22.48601875,21.59886171,25.96640405,2.490863989,69.57358456,70.56310587,92.81027464,22.54439512,1000000000
1768,30.19746068,27.67247527,23.50966148,16.68537658,20.77994752,19.17624057,22.48601875,21.59886171,25.96640405,2.490863989,69.57358456,70.56310587,92.81027464,22.54439512,1000000000
1769,30.19746068,27.67247527,23.50966148,16.68537658,20.77994752,19.17624057,22.48601875,21.59886171,25.96640405,2.490863989,69.57358456,70.56310587,92.81027464,22.54439512,1000000000
1770,30.19746068,27.67247527,23.50966148,16.68537658,20.77994752,19.17624057,22.48601875,21.59886171,25.96640405,2.490863989,69.57358456,70.56310587,92.81027464,22.54439512,1000000000
1771,30.19746068,27.67247527,23.50966148,16.68537658,20.77994752,19.17624057,22.48601875,21.59886171,25.96640405,2.490863989,69.57358456,70.56310587,92.81027464,22.54439512,1000000000
1772,30.19746068,27.67247527,23.50966148,16.68537658,20.77994752,19.17624057,22.48601875,21.59886171,25.96640405,2.490863989,69.57358456,70.56310587,92.81027464,22.54439512,1000000000
1773,30.19746068,27.67247527,23.50966148,16.68537658,20.77994752,19.17624057,22.48601875,21.59886171,25.96640405,2.490863989,69.57358456,70.56310587,92.81027464,22.54439512,1000000000
1774,30.19746068,27.67247527,23.50966148,16.68537658,20.77994752,19.17624057,22.48601875,21.59886171,25.96640405,2.490863989,69.57358456,70.56310587,92.81027464,22.54439512,1000000000
1775,30.19746068,27.67247527,23.50966148,16.68537658,20.77994752,19.17624057,22.48601875,21.59886171,25.96640405,2.490863989,69.57358456,70.56310587,92.81027464,22.54439512,1000000000
1776,30.19746068,27.67247527,23.50966148,16.68537658,20.77994752,19.17624057,22.48601875,21.59886171,25.96640405,2.490863989,69.57358456,70.56310587,92.81027464,22.54439512,1000000000
1777,30.19746068,27.67247527,23.50966148,16.68537658,20.77994752,19.17624057,22.48601875,21.59886171,25.96640405,2.490863989,69.57358456,70.56310587,92.81027464,22.54439512,1000000000
1778,30.19746068,27.67247527,23.50966148,16.68537658,20.77994752,19.17624057,22.48601875,21.59886171,25.96640405,2.490863989,69.57358456,70.56310587,92.81027464,22.54439512,1000000000
1779,30.19746068,27.67247527,23.50966148,16.68537658,20.77994752,19.17624057,22.48601875,21.59886171,25.96640405,2.490863989,69.57358456,70.56310587,92.81027464,22.54439512,1000000000
1780,30.19746068,27.67247527,23.50966148,16.68537658,20.77994752,19.17624057,22.48601875,21.59886171,25.96640405,2.490863989,69.57358456,70.56310587,92.81027464,22.54439512,1000000000
1781,30.19746068,27.67247527,23.50966148,16.68537658,20.77994752,19.17624057,22.48601875,21.59886171,25.96640405,2.490863989,69.57358456,70.56310587,92.81027464,22.54439512,1000000000
1782,30.19746068,27.67247527,23.50966148,16.68537658,20.77994752,19.17624057,22.48601875,21.59886171,25.96640405,2.490863989,69.57358456,70.56310587,92.81027464,22.54439512,1000000000
1783,30.19746068,27.67247527,23.50966148,16.68537658,20.77994752,19.17624057,22.48601875,21.59886171,25.96640405,2.490863989,69.57358456,70.56310587,92.81027464,22.54439512,1000000000
1784,30.19746068,27.67247527,23.50966148,16.68537658,20.77994752,19.17624057,22.48601875,21.59886171,25.96640405,2.490863989,69.57358456,70.56310587,92.81027464,22.54439512,1000000000
1785,30.19746068,27.67247527,23.50966148,16.68537658,20.77994752,19.17624057,22.48601875,21.59886171,25.96640405,2.490863989,69.57358456,70.56310587,92.81027464,22.54439512,1000000000
1786,30.19746068,27.67247527,23.50966148,16.68537658,20.77994752,19.17624057,22.48601875,21.59886171,25.96640405,2.490863989,69.57358456,70.56310587,92.81027464,22.54439512,1000000000
1787,30.19746068,27.67247527,23.50966148,16.68537658,20.77994752,19.17624057,22.48601875,21.59886171,25.96640405,2.490863989,69.57358456,70.56310587,92.81027464,22.54439512,1000000000
1788,30.19746068,27.67247527,23.50966148,16.68537658,20.77994752,19.17624057,22.48601875,21.59886171,25.96640405,2.490863989,69.57358456,70.56310587,92.81027464,22.54439512,1000000000
1789,30.19746068,27.67247527,23.50966148,16.68537658,20.77994752,19.17624057,22.48601875,21.59886171,25.96640405,2.490863989,69.57358456,70.56310587,92.81027464,22.54439512,1000000000
1790,30.19746068,27.67247527,23.50966148,16.68537658,20.77994752,19.17624057,22.48601875,21.59886171,25.96640405,2.490863989,69.57358456,70.56310587,92.81027464,22.54439512,1000000000
1791,30.19746068,27.67247527,23.50966148,16.68537658,20.77994752,19.17624057,22.48601875,21.59886171,25.96640405,2.490863989,69.57358456,70.56310587,92.81027464,22.54439512,1000000000
1792,30.19746068,27.67247527,23.50966148,16.68537658,20.77994752,19.17624057,22.48601875,21.59886171,25.96640405,2.490863989,69.57358456,70.56310587,92.81027464,22.54439512,1000000000
1793,30.19746068,27.67247527,23.50966148,16.68537658,20.77994752,19.17624057,22.48601875,21.59886171,25.96640405,2.490863989,69.57358456,70.56310587,92.81027464,22.54439512,1000000000
1794,30.19746068,27.67247527,23.50966148,16.68537658,20.77994752,19.17624057,22.48601875,21.59886171,25.96640405,2.490863989,69.57358456,70.56310587,92.81027464,22.54439512,1000000000
1795,30.19746068,27.67247527,23.50966148,16.68537658,20.77994752,19.17624057,22.48601875,21.59886171,25.96640405,2.490863989,69.57358456,70.56310587,92.81027464,22.54439512,1000000000
1796,30.19746068,27.67247527,23.50966148,16.68537658,20.77994752,19.17624057,22.48601875,21.59886171,25.96640405,2.490863989,69.57358456,70.56310587,92.81027464,22.54439512,1000000000
1797,30.19746068,27.67247527,23.50966148,16.68537658,20.77994752,19.17624057,22.48601875,21.59886171,25.96640405,2.490863989,69.57358456,70.56310587,92.81027464,22.54439512,1000000000
1798,30.19746068,27.67247527,23.50966148,16.68537658,20.77994752,19.17624057,22.48601875,21.59886171,25.96640405,2.490863989,69.57358456,70.56310587,92.81027464,22.54439512,1000000000
1799,30.19746068,27.67247527,23.50966148,16.68537658,20.77994752,19.17624057,22.48601875,21.59886171,25.96640405,2.490863989,69.57358456,70.56310587,92.81027464,22.54439512,1000000000
1800,30.19746068,27.67247527,23.50966148,16.68537658,20.77994752,19.17624057,22.48601875,21.59886171,25.96640405,2.490863989,69.57358456,70.56310587,92.81027464,22.54439512,1000000000
1801,30.19746068,27.67247527,23.50966148,16.68537658,20.77994752,19.17624057,22.48601875,21.59886171,25.96640405,2.490863989,69.57358456,70.56310587,92.81027464,22.54439512,1000000000
1802,30.19746068,27.67247527,23.50966148,16.68537658,20.77994752,19.17624057,22.48601875,21.59886171,25.96640405,2.490863989,69.57358456,70.56310587,92.81027464,22.54439512,1000000000
1803,30.19746068,27.67247527,23.50966148,16.68537658,20.77994752,19.17624057,22.48601875,21.59886171,25.96640405,2.490863989,69.57358456,70.56310587,92.81027464,22.54439512,1000000000
1804,30.19746068,27.67247527,23.50966148,16.68537658,20.77994752,19.17624057,22.48601875,21.59886171,25.96640405,2.490863989,69.57358456,70.56310587,92.81027464,22.54439512,1000000000
1805,30.19746068,27.67247527,23.50966148,16.68537658,20.77994752,19.17624057,22.48601875,21.59886171,25.96640405,2.490863989,69.57358456,70.56310587,92.81027464,22.54439512,1000000000
1806,30.19746068,27.67247527,23.50966148,16.68537658,20.77994752,19.17624057,22.48601875,21.59886171,25.96640405,2.490863989,69.57358456,70.56310587,92.81027464,22.54439512,1000000000
1807,30.19746068,27.67247527,23.50966148,16.68537658,20.77994752,19.17624057,22.48601875,21.59886171,25.96640405,2.490863989,69.57358456,70.56310587,92.81027464,22.54439512,1000000000
1808,30.19746068,27.67247527,23.50966148,16.68537658,20.77994752,19.17624057,22.48601875,21.59886171,25.96640405,2.490863989,69.57358456,70.56310587,92.81027464,22.54439512,1000000000
1809,30.19746068,27.67247527,23.50966148,16.68537658,20.77994752,19.17624057,22.48601875,21.59886171,25.96640405,2.490863989,69.57358456,70.56310587,92.81027464,22.54439512,1000000000
1810,30.19746068,27.67247527,23.50966148,16.68537658,20.77994752,19.17624057,22.48601875,21.59886171,25.96640405,2.490863989,69.57358456,70.56310587,92.81027464,22.54439512,1000000000
1811,30.19746068,27.67247527,23.50966148,16.68537658,20.77994752,19.17624057,22.48601875,21.59886171,25.96640405,2.490863989,69.57358456,70.56310587,92.81027464,22.54439512,1000000000
1812,30.19746068,27.67247527,23.50966148,16.68537658,20.77994752,19.17624057,22.48601875,21.59886171,25.96640405,2.490863989,69.57358456,70.56310587,92.81027464,22.54439512,1000000000
1813,30.19746068,27.67247527,23.50966148,16.68537658,20.77994752,19.17624057,22.48601875,21.59886171,25.96640405,2.490863989,69.57358456,70.56310587,92.81027464,22.54439512,1000000000
1814,30.19746068,27.67247527,23.50966148,16.68537658,20.77994752,19.17624057,22.48601875,21.59886171,25.96640405,2.490863989,69.57358456,70.56310587,92.81027464,22.54439512,1000000000
1815,30.19746068,27.67247527,23.50966148,16.68537658,20.77994752,19.17624057,22.48601875,21.59886171,25.96640405,2.490863989,69.57358456,70.56310587,92.81027464,22.54439512,1000000000
1816,30.19746068,27.67247527,23.50966148,16.68537658,20.77994752,19.17624057,22.48601875,21.59886171,25.96640405,2.490863989,69.57358456,70.56310587,92.81027464,22.54439512,1000000000
1817,30.19746068,27.67247527,23.50966148,16.68537658,20.77994752,19.17624057,22.48601875,21.59886171,25.96640405,2.490863989,69.57358456,70.56310587,92.81027464,22.54439512,1000000000
1818,30.19746068,27.67247527,23.50966148,16.68537658,20.77994752,19.17624057,22.48601875,21.59886171,25.96640405,2.490863989,69.57358456,70.56310587,92.81027464,22.54439512,1000000000
1819,30.19746068,27.67247527,23.50966148,16.68537658,20.77994752,19.17624057,22.48601875,21.59886171,25.96640405,2.490863989,69.57358456,70.56310587,92.81027464,22.54439512,1000000000
1820,30.19746068,27.67247527,23.50966148,16.68537658,20.77994752,19.17624057,22.48601875,21.59886171,25.96640405,2.490863989,69.57358456,70.56310587,92.81027464,22.54439512,1000000000
1821,30.19746068,27.67247527,23.50966148,16.68537658,20.77994752,19.17624057,22.48601875,21.59886171,25.96640405,2.490863989,69.57358456,70.56310587,92.81027464,22.54439512,1000000000
1822,30.19746068,27.67247527,23.50966148,16.68537658,20.77994752,19.17624057,22.48601875,21.59886171,25.96640405,2.490863989,69.57358456,70.56310587,92.81027464,22.54439512,1000000000
1823,30.19746068,27.67247527,23.50966148,16.68537658,20.77994752,19.17624057,22.48601875,21.59886171,25.96640405,2.490863989,69.57358456,70.56310587,92.81027464,22.54439512,1000000000
1824,30.19746068,27.67247527,23.50966148,16.68537658,20.77994752,19.17624057,22.48601875,21.59886171,25.96640405,2.490863989,69.57358456,70.56310587,92.81027464,22.54439512,1000000000
1825,30.19746068,27.67247527,23.50966148,16.68537658,20.77994752,19.17624057,22.48601875,21.59886171,25.96640405,2.490863989,69.57358456,70.56310587,92.81027464,22.54439512,1000000000
1826,30.19746068,27.67247527,23.50966148,16.68537658,20.77994752,19.17624057,22.48601875,21.59886171,25.96640405,2.490863989,69.57358456,70.56310587,92.81027464,22.54439512,1000000000
1827,30.19746068,27.67247527,23.50966148,16.68537658,20.77994752,19.17624057,22.48601875,21.59886171,25.96640405,2.490863989,69.57358456,70.56310587,92.81027464,22.54439512,1000000000
1828,30.19746068,27.67247527,23.50966148,16.68537658,20.77994752,19.17624057,22.48601875,21.59886171,25.96640405,2.490863989,69.57358456,70.56310587,92.81027464,22.54439512,1000000000
1829,30.19746068,27.67247527,23.50966148,16.68537658,20.77994752,19.17624057,22.48601875,21.59886171,25.96640405,2.490863989,69.57358456,70.56310587,92.81027464,22.54439512,1000000000
1830,30.19746068,27.67247527,23.50966148,16.68537658,20.77994752,19.17624057,22.48601875,21.59886171,25.96640405,2.490863989,69.57358456,70.56310587,92.81027464,22.54439512,1000000000
1831,30.19746068,27.67247527,23.50966148,16.68537658,20.77994752,19.17624057,22.48601875,21.59886171,25.96640405,2.490863989,69.57358456,70.56310587,92.81027464,22.54439512,1000000000
1832,30.19746068,27.67247527,23.50966148,16.68537658,20.77994752,19.17624057,22.48601875,21.59886171,25.96640405,2.490863989,69.57358456,70.56310587,92.81027464,22.54439512,1000000000
1833,30.19746068,27.67247527,23.50966148,16.68537658,20.77994752,19.17624057,22.48601875,21.59886171,25.96640405,2.490863989,69.57358456,70.56310587,92.81027464,22.54439512,1000000000
1834,30.19746068,27.67247527,23.50966148,16.68537658,20.77994752,19.17624057,22.48601875,21.59886171,25.96640405,2.490863989,69.57358456,70.56310587,92.81027464,22.54439512,1000000000
1835,30.19746068,27.67247527,23.50966148,16.68537658,20.77994752,19.17624057,22.48601875,21.59886171,25.96640405,2.490863989,69.57358456,70.56310587,92.81027464,22.54439512,1000000000
1836,30.19746068,27.67247527,23.50966148,16.68537658,20.77994752,19.17624057,22.48601875,21.59886171,25.96640405,2.490863989,69.57358456,70.56310587,92.81027464,22.54439512,1000000000
1837,30.19746068,27.67247527,23.50966148,16.68537658,20.77994752,19.17624057,22.48601875,21.59886171,25.96640405,2.490863989,69.57358456,70.56310587,92.81027464,22.54439512,1000000000
1838,30.19746068,27.67247527,23.50966148,16.68537658,20.77994752,19.17624057,22.48601875,21.59886171,25.96640405,2.490863989,69.57358456,70.56310587,92.81027464,22.54439512,1000000000
1839,30.19746068,27.67247527,23.50966148,16.68537658,20.77994752,19.17624057,22.48601875,21.59886171,25.96640405,2.490863989,69.57358456,70.56310587,92.81027464,22.54439512,1000000000
1840,30.19746068,27.67247527,23.50966148,16.68537658,20.77994752,19.17624057,22.48601875,21.59886171,25.96640405,2.490863989,69.57358456,70.56310587,92.81027464,22.54439512,1000000000
1841,30.19746068,27.67247527,23.50966148,16.68537658,20.77994752,19.17624057,22.48601875,21.59886171,25.96640405,2.490863989,69.57358456,70.56310587,92.81027464,22.54439512,1000000000
1842,30.19746068,27.67247527,23.50966148,16.68537658,20.77994752,19.17624057,22.48601875,21.59886171,25.96640405,2.490863989,69.57358456,70.56310587,92.81027464,22.54439512,1000000000
1843,30.19746068,27.67247527,23.50966148,16.68537658,20.77994752,19.17624057,22.48601875,21.59886171,25.96640405,2.490863989,69.57358456,70.56310587,92.81027464,22.54439512,1000000000
1844,30.19746068,27.67247527,23.50966148,16.68537658,20.77994752,19.17624057,22.48601875,21.59886171,25.96640405,2.490863989,69.57358456,70.56310587,92.81027464,22.54439512,1000000000
1845,30.19746068,27.67247527,23.50966148,16.68537658,20.77994752,19.17624057,22.48601875,21.59886171,25.96640405,2.490863989,69.57358456,70.56310587,92.81027464,22.54439512,1000000000
1846,30.19746068,27.67247527,23.50966148,16.68537658,20.77994752,19.17624057,22.48601875,21.59886171,25.96640405,2.490863989,69.57358456,70.56310587,92.81027464,22.54439512,1000000000
1847,30.19746068,27.67247527,23.50966148,16.68537658,20.77994752,19.17624057,22.48601875,21.59886171,25.96640405,2.490863989,69.57358456,70.56310587,92.81027464,22.54439512,1000000000
1848,30.19746068,27.67247527,23.50966148,16.68537658,20.77994752,19.17624057,22.48601875,21.59886171,25.96640405,2.490863989,69.57358456,70.56310587,92.81027464,22.54439512,1000000000