Voll,Demand_Segment,Cost_of_Demand_Curtailment_per_Tonne,Max_Demand_Curtailment,Rep_Periods,Timesteps_per_Rep_Period,Sub_Weights,Time_Index,Load_H2_tonne_per_hr_z1,Load_H2_tonne_per_hr_z2,Load_H2_tonne_per_hr_z3,Load_H2_tonne_per_hr_z4,Load_H2_tonne_per_hr_z5,Load_H2_tonne_per_hr_z6,Load_H2_tonne_per_hr_z7,Load_H2_tonne_per_hr_z8,Load_H2_tonne_per_hr_z9
1666500,1,1,0,11,168,842.3076923076924,1,105.0,100.0,82.0,275.0,362.0,594.0,375.0,187.0,46.0
,,,,,,505.3846153846154,2,105.0,100.0,82.0,275.0,362.0,594.0,375.0,187.0,46.0
,,,,,,673.8461538461539,3,105.0,100.0,82.0,275.0,362.0,594.0,375.0,187.0,46.0
,,,,,,673.8461538461539,4,105.0,100.0,82.0,275.0,362.0,594.0,375.0,187.0,46.0
,,,,,,1684.6153846153848,5,105.0,100.0,82.0,275.0,362.0,594.0,375.0,187.0,46.0
,,,,,,168.46153846153848,6,105.0,100.0,82.0,275.0,362.0,594.0,375.0,187.0,46.0
,,,,,,168.46153846153848,7,105.0,100.0,82.0,275.0,362.0,594.0,375.0,187.0,46.0
,,,,,,1684.6153846153848,8,105.0,100.0,82.0,275.0,362.0,594.0,375.0,187.0,46.0
,,,,,,1179.2307692307693,9,105.0,100.0,82.0,275.0,362.0,594.0,375.0,187.0,46.0
,,,,,,1010.7692307692308,10,105.0,100.0,82.0,275.0,362.0,594.0,375.0,187.0,46.0
,,,,,,168.46153846153848,11,105.0,100.0,82.0,275.0,362.0,594.0,375.0,187.0,46.0
,,,,,,,12,105.0,100.0,82.0,275.0,362.0,594.0,375.0,187.0,46.0
,,,,,,,13,105.0,100.0,82.0,275.0,362.0,594.0,375.0,187.0,46.0
,,,,,,,14,105.0,100.0,82.0,275.0,362.0,594.0,375.0,187.0,46.0
,,,,,,,15,105.0,100.0,82.0,275.0,362.0,594.0,375.0,187.0,46.0
,,,,,,,16,105.0,100.0,82.0,275.0,362.0,594.0,375.0,187.0,46.0
,,,,,,,17,105.0,100.0,82.0,275.0,362.0,594.0,375.0,187.0,46.0
,,,,,,,18,105.0,100.0,82.0,275.0,362.0,594.0,375.0,187.0,46.0
,,,,,,,19,105.0,100.0,82.0,275.0,362.0,594.0,375.0,187.0,46.0
,,,,,,,20,105.0,100.0,82.0,275.0,362.0,594.0,375.0,187.0,46.0
,,,,,,,21,105.0,100.0,82.0,275.0,362.0,594.0,375.0,187.0,46.0
,,,,,,,22,105.0,100.0,82.0,275.0,362.0,594.0,375.0,187.0,46.0
,,,,,,,23,105.0,100.0,82.0,275.0,362.0,594.0,375.0,187.0,46.0
,,,,,,,24,105.0,100.0,82.0,275.0,362.0,594.0,375.0,187.0,46.0
,,,,,,,25,105.0,100.0,82.0,275.0,362.0,594.0,375.0,187.0,46.0
,,,,,,,26,105.0,100.0,82.0,275.0,362.0,594.0,375.0,187.0,46.0
,,,,,,,27,105.0,100.0,82.0,275.0,362.0,594.0,375.0,187.0,46.0
,,,,,,,28,105.0,100.0,82.0,275.0,362.0,594.0,375.0,187.0,46.0
,,,,,,,29,105.0,100.0,82.0,275.0,362.0,594.0,375.0,187.0,46.0
,,,,,,,30,105.0,100.0,82.0,275.0,362.0,594.0,375.0,187.0,46.0
,,,,,,,31,105.0,100.0,82.0,275.0,362.0,594.0,375.0,187.0,46.0
,,,,,,,32,105.0,100.0,82.0,275.0,362.0,594.0,375.0,187.0,46.0
,,,,,,,33,105.0,100.0,82.0,275.0,362.0,594.0,375.0,187.0,46.0
,,,,,,,34,105.0,100.0,82.0,275.0,362.0,594.0,375.0,187.0,46.0
,,,,,,,35,105.0,100.0,82.0,275.0,362.0,594.0,375.0,187.0,46.0
,,,,,,,36,105.0,100.0,82.0,275.0,362.0,594.0,375.0,187.0,46.0
,,,,,,,37,105.0,100.0,82.0,275.0,362.0,594.0,375.0,187.0,46.0
,,,,,,,38,105.0,100.0,82.0,275.0,362.0,594.0,375.0,187.0,46.0
,,,,,,,39,105.0,100.0,82.0,275.0,362.0,594.0,375.0,187.0,46.0
,,,,,,,40,105.0,100.0,82.0,275.0,362.0,594.0,375.0,187.0,46.0
,,,,,,,41,105.0,100.0,82.0,275.0,362.0,594.0,375.0,187.0,46.0
,,,,,,,42,105.0,100.0,82.0,275.0,362.0,594.0,375.0,187.0,46.0
,,,,,,,43,105.0,100.0,82.0,275.0,362.0,594.0,375.0,187.0,46.0
,,,,,,,44,105.0,100.0,82.0,275.0,362.0,594.0,375.0,187.0,46.0
,,,,,,,45,105.0,100.0,82.0,275.0,362.0,594.0,375.0,187.0,46.0
,,,,,,,46,105.0,100.0,82.0,275.0,362.0,594.0,375.0,187.0,46.0
,,,,,,,47,105.0,100.0,82.0,275.0,362.0,594.0,375.0,187.0,46.0
,,,,,,,48,105.0,100.0,82.0,275.0,362.0,594.0,375.0,187.0,46.0
,,,,,,,49,105.0,100.0,82.0,275.0,362.0,594.0,375.0,187.0,46.0
,,,,,,,50,105.0,100.0,82.0,275.0,362.0,594.0,375.0,187.0,46.0
,,,,,,,51,105.0,100.0,82.0,275.0,362.0,594.0,375.0,187.0,46.0
,,,,,,,52,105.0,100.0,82.0,275.0,362.0,594.0,375.0,187.0,46.0
,,,,,,,53,105.0,100.0,82.0,275.0,362.0,594.0,375.0,187.0,46.0
,,,,,,,54,105.0,100.0,82.0,275.0,362.0,594.0,375.0,187.0,46.0
,,,,,,,55,105.0,100.0,82.0,275.0,362.0,594.0,375.0,187.0,46.0
,,,,,,,56,105.0,100.0,82.0,275.0,362.0,594.0,375.0,187.0,46.0
,,,,,,,57,105.0,100.0,82.0,275.0,362.0,594.0,375.0,187.0,46.0
,,,,,,,58,105.0,100.0,82.0,275.0,362.0,594.0,375.0,187.0,46.0
,,,,,,,59,105.0,100.0,82.0,275.0,362.0,594.0,375.0,187.0,46.0
,,,,,,,60,105.0,100.0,82.0,275.0,362.0,594.0,375.0,187.0,46.0
,,,,,,,61,105.0,100.0,82.0,275.0,362.0,594.0,375.0,187.0,46.0
,,,,,,,62,105.0,100.0,82.0,275.0,362.0,594.0,375.0,187.0,46.0
,,,,,,,63,105.0,100.0,82.0,275.0,362.0,594.0,375.0,187.0,46.0
,,,,,,,64,105.0,100.0,82.0,275.0,362.0,594.0,375.0,187.0,46.0
,,,,,,,65,105.0,100.0,82.0,275.0,362.0,594.0,375.0,187.0,46.0
,,,,,,,66,105.0,100.0,82.0,275.0,362.0,594.0,375.0,187.0,46.0
,,,,,,,67,105.0,100.0,82.0,275.0,362.0,594.0,375.0,187.0,46.0
,,,,,,,68,105.0,100.0,82.0,275.0,362.0,594.0,375.0,187.0,46.0
,,,,,,,69,105.0,100.0,82.0,275.0,362.0,594.0,375.0,187.0,46.0
,,,,,,,70,105.0,100.0,82.0,275.0,362.0,594.0,375.0,187.0,46.0
,,,,,,,71,105.0,100.0,82.0,275.0,362.0,594.0,375.0,187.0,46.0
,,,,,,,72,105.0,100.0,82.0,275.0,362.0,594.0,375.0,187.0,46.0
,,,,,,,73,105.0,100.0,82.0,275.0,362.0,594.0,375.0,187.0,46.0
,,,,,,,74,105.0,100.0,82.0,275.0,362.0,594.0,375.0,187.0,46.0
,,,,,,,75,105.0,100.0,82.0,275.0,362.0,594.0,375.0,187.0,46.0
,,,,,,,76,105.0,100.0,82.0,275.0,362.0,594.0,375.0,187.0,46.0
,,,,,,,77,105.0,100.0,82.0,275.0,362.0,594.0,375.0,187.0,46.0
,,,,,,,78,105.0,100.0,82.0,275.0,362.0,594.0,375.0,187.0,46.0
,,,,,,,79,105.0,100.0,82.0,275.0,362.0,594.0,375.0,187.0,46.0
,,,,,,,80,105.0,100.0,82.0,275.0,362.0,594.0,375.0,187.0,46.0
,,,,,,,81,105.0,100.0,82.0,275.0,362.0,594.0,375.0,187.0,46.0
,,,,,,,82,105.0,100.0,82.0,275.0,362.0,594.0,375.0,187.0,46.0
,,,,,,,83,105.0,100.0,82.0,275.0,362.0,594.0,375.0,187.0,46.0
,,,,,,,84,105.0,100.0,82.0,275.0,362.0,594.0,375.0,187.0,46.0
,,,,,,,85,105.0,100.0,82.0,275.0,362.0,594.0,375.0,187.0,46.0
,,,,,,,86,105.0,100.0,82.0,275.0,362.0,594.0,375.0,187.0,46.0
,,,,,,,87,105.0,100.0,82.0,275.0,362.0,594.0,375.0,187.0,46.0
,,,,,,,88,105.0,100.0,82.0,275.0,362.0,594.0,375.0,187.0,46.0
,,,,,,,89,105.0,100.0,82.0,275.0,362.0,594.0,375.0,187.0,46.0
,,,,,,,90,105.0,100.0,82.0,275.0,362.0,594.0,375.0,187.0,46.0
,,,,,,,91,105.0,100.0,82.0,275.0,362.0,594.0,375.0,187.0,46.0
,,,,,,,92,105.0,100.0,82.0,275.0,362.0,594.0,375.0,187.0,46.0
,,,,,,,93,105.0,100.0,82.0,275.0,362.0,594.0,375.0,187.0,46.0
,,,,,,,94,105.0,100.0,82.0,275.0,362.0,594.0,375.0,187.0,46.0
,,,,,,,95,105.0,100.0,82.0,275.0,362.0,594.0,375.0,187.0,46.0
,,,,,,,96,105.0,100.0,82.0,275.0,362.0,594.0,375.0,187.0,46.0
,,,,,,,97,105.0,100.0,82.0,275.0,362.0,594.0,375.0,187.0,46.0
,,,,,,,98,105.0,100.0,82.0,275.0,362.0,594.0,375.0,187.0,46.0
,,,,,,,99,105.0,100.0,82.0,275.0,362.0,594.0,375.0,187.0,46.0
,,,,,,,100,105.0,100.0,82.0,275.0,362.0,594.0,375.0,187.0,46.0
,,,,,,,101,105.0,100.0,82.0,275.0,362.0,594.0,375.0,187.0,46.0
,,,,,,,102,105.0,100.0,82.0,275.0,362.0,594.0,375.0,187.0,46.0
,,,,,,,103,105.0,100.0,82.0,275.0,362.0,594.0,375.0,187.0,46.0
,,,,,,,104,105.0,100.0,82.0,275.0,362.0,594.0,375.0,187.0,46.0
,,,,,,,105,105.0,100.0,82.0,275.0,362.0,594.0,375.0,187.0,46.0
,,,,,,,106,105.0,100.0,82.0,275.0,362.0,594.0,375.0,187.0,46.0
,,,,,,,107,105.0,100.0,82.0,275.0,362.0,594.0,375.0,187.0,46.0
,,,,,,,108,105.0,100.0,82.0,275.0,362.0,594.0,375.0,187.0,46.0
,,,,,,,109,105.0,100.0,82.0,275.0,362.0,594.0,375.0,187.0,46.0
,,,,,,,110,105.0,100.0,82.0,275.0,362.0,594.0,375.0,187.0,46.0
,,,,,,,111,105.0,100.0,82.0,275.0,362.0,594.0,375.0,187.0,46.0
,,,,,,,112,105.0,100.0,82.0,275.0,362.0,594.0,375.0,187.0,46.0
,,,,,,,113,105.0,100.0,82.0,275.0,362.0,594.0,375.0,187.0,46.0
,,,,,,,114,105.0,100.0,82.0,275.0,362.0,594.0,375.0,187.0,46.0
,,,,,,,115,105.0,100.0,82.0,275.0,362.0,594.0,375.0,187.0,46.0
,,,,,,,116,105.0,100.0,82.0,275.0,362.0,594.0,375.0,187.0,46.0
,,,,,,,117,105.0,100.0,82.0,275.0,362.0,594.0,375.0,187.0,46.0
,,,,,,,118,105.0,100.0,82.0,275.0,362.0,594.0,375.0,187.0,46.0
,,,,,,,119,105.0,100.0,82.0,275.0,362.0,594.0,375.0,187.0,46.0
,,,,,,,120,105.0,100.0,82.0,275.0,362.0,594.0,375.0,187.0,46.0
,,,,,,,121,105.0,100.0,82.0,275.0,362.0,594.0,375.0,187.0,46.0
,,,,,,,122,105.0,100.0,82.0,275.0,362.0,594.0,375.0,187.0,46.0
,,,,,,,123,105.0,100.0,82.0,275.0,362.0,594.0,375.0,187.0,46.0
,,,,,,,124,105.0,100.0,82.0,275.0,362.0,594.0,375.0,187.0,46.0
,,,,,,,125,105.0,100.0,82.0,275.0,362.0,594.0,375.0,187.0,46.0
,,,,,,,126,105.0,100.0,82.0,275.0,362.0,594.0,375.0,187.0,46.0
,,,,,,,127,105.0,100.0,82.0,275.0,362.0,594.0,375.0,187.0,46.0
,,,,,,,128,105.0,100.0,82.0,275.0,362.0,594.0,375.0,187.0,46.0
,,,,,,,129,105.0,100.0,82.0,275.0,362.0,594.0,375.0,187.0,46.0
,,,,,,,130,105.0,100.0,82.0,275.0,362.0,594.0,375.0,187.0,46.0
,,,,,,,131,105.0,100.0,82.0,275.0,362.0,594.0,375.0,187.0,46.0
,,,,,,,132,105.0,100.0,82.0,275.0,362.0,594.0,375.0,187.0,46.0
,,,,,,,133,105.0,100.0,82.0,275.0,362.0,594.0,375.0,187.0,46.0
,,,,,,,134,105.0,100.0,82.0,275.0,362.0,594.0,375.0,187.0,46.0
,,,,,,,135,105.0,100.0,82.0,275.0,362.0,594.0,375.0,187.0,46.0
,,,,,,,136,105.0,100.0,82.0,275.0,362.0,594.0,375.0,187.0,46.0
,,,,,,,137,105.0,100.0,82.0,275.0,362.0,594.0,375.0,187.0,46.0
,,,,,,,138,105.0,100.0,82.0,275.0,362.0,594.0,375.0,187.0,46.0
,,,,,,,139,105.0,100.0,82.0,275.0,362.0,594.0,375.0,187.0,46.0
,,,,,,,140,105.0,100.0,82.0,275.0,362.0,594.0,375.0,187.0,46.0
,,,,,,,141,105.0,100.0,82.0,275.0,362.0,594.0,375.0,187.0,46.0
,,,,,,,142,105.0,100.0,82.0,275.0,362.0,594.0,375.0,187.0,46.0
,,,,,,,143,105.0,100.0,82.0,275.0,362.0,594.0,375.0,187.0,46.0
,,,,,,,144,105.0,100.0,82.0,275.0,362.0,594.0,375.0,187.0,46.0
,,,,,,,145,105.0,100.0,82.0,275.0,362.0,594.0,375.0,187.0,46.0
,,,,,,,146,105.0,100.0,82.0,275.0,362.0,594.0,375.0,187.0,46.0
,,,,,,,147,105.0,100.0,82.0,275.0,362.0,594.0,375.0,187.0,46.0
,,,,,,,148,105.0,100.0,82.0,275.0,362.0,594.0,375.0,187.0,46.0
,,,,,,,149,105.0,100.0,82.0,275.0,362.0,594.0,375.0,187.0,46.0
,,,,,,,150,105.0,100.0,82.0,275.0,362.0,594.0,375.0,187.0,46.0
,,,,,,,151,105.0,100.0,82.0,275.0,362.0,594.0,375.0,187.0,46.0
,,,,,,,152,105.0,100.0,82.0,275.0,362.0,594.0,375.0,187.0,46.0
,,,,,,,153,105.0,100.0,82.0,275.0,362.0,594.0,375.0,187.0,46.0
,,,,,,,154,105.0,100.0,82.0,275.0,362.0,594.0,375.0,187.0,46.0
,,,,,,,155,105.0,100.0,82.0,275.0,362.0,594.0,375.0,187.0,46.0
,,,,,,,156,105.0,100.0,82.0,275.0,362.0,594.0,375.0,187.0,46.0
,,,,,,,157,105.0,100.0,82.0,275.0,362.0,594.0,375.0,187.0,46.0
,,,,,,,158,105.0,100.0,82.0,275.0,362.0,594.0,375.0,187.0,46.0
,,,,,,,159,105.0,100.0,82.0,275.0,362.0,594.0,375.0,187.0,46.0
,,,,,,,160,105.0,100.0,82.0,275.0,362.0,594.0,375.0,187.0,46.0
,,,,,,,161,105.0,100.0,82.0,275.0,362.0,594.0,375.0,187.0,46.0
,,,,,,,162,105.0,100.0,82.0,275.0,362.0,594.0,375.0,187.0,46.0
,,,,,,,163,105.0,100.0,82.0,275.0,362.0,594.0,375.0,187.0,46.0
,,,,,,,164,105.0,100.0,82.0,275.0,362.0,594.0,375.0,187.0,46.0
,,,,,,,165,105.0,100.0,82.0,275.0,362.0,594.0,375.0,187.0,46.0
,,,,,,,166,105.0,100.0,82.0,275.0,362.0,594.0,375.0,187.0,46.0
,,,,,,,167,105.0,100.0,82.0,275.0,362.0,594.0,375.0,187.0,46.0
,,,,,,,168,105.0,100.0,82.0,275.0,362.0,594.0,375.0,187.0,46.0
,,,,,,,169,105.0,100.0,82.0,275.0,362.0,594.0,375.0,187.0,46.0
,,,,,,,170,105.0,100.0,82.0,275.0,362.0,594.0,375.0,187.0,46.0
,,,,,,,171,105.0,100.0,82.0,275.0,362.0,594.0,375.0,187.0,46.0
,,,,,,,172,105.0,100.0,82.0,275.0,362.0,594.0,375.0,187.0,46.0
,,,,,,,173,105.0,100.0,82.0,275.0,362.0,594.0,375.0,187.0,46.0
,,,,,,,174,105.0,100.0,82.0,275.0,362.0,594.0,375.0,187.0,46.0
,,,,,,,175,105.0,100.0,82.0,275.0,362.0,594.0,375.0,187.0,46.0
,,,,,,,176,105.0,100.0,82.0,275.0,362.0,594.0,375.0,187.0,46.0
,,,,,,,177,105.0,100.0,82.0,275.0,362.0,594.0,375.0,187.0,46.0
,,,,,,,178,105.0,100.0,82.0,275.0,362.0,594.0,375.0,187.0,46.0
,,,,,,,179,105.0,100.0,82.0,275.0,362.0,594.0,375.0,187.0,46.0
,,,,,,,180,105.0,100.0,82.0,275.0,362.0,594.0,375.0,187.0,46.0
,,,,,,,181,105.0,100.0,82.0,275.0,362.0,594.0,375.0,187.0,46.0
,,,,,,,182,105.0,100.0,82.0,275.0,362.0,594.0,375.0,187.0,46.0
,,,,,,,183,105.0,100.0,82.0,275.0,362.0,594.0,375.0,187.0,46.0
,,,,,,,184,105.0,100.0,82.0,275.0,362.0,594.0,375.0,187.0,46.0
,,,,,,,185,105.0,100.0,82.0,275.0,362.0,594.0,375.0,187.0,46.0
,,,,,,,186,105.0,100.0,82.0,275.0,362.0,594.0,375.0,187.0,46.0
,,,,,,,187,105.0,100.0,82.0,275.0,362.0,594.0,375.0,187.0,46.0
,,,,,,,188,105.0,100.0,82.0,275.0,362.0,594.0,375.0,187.0,46.0
,,,,,,,189,105.0,100.0,82.0,275.0,362.0,594.0,375.0,187.0,46.0
,,,,,,,190,105.0,100.0,82.0,275.0,362.0,594.0,375.0,187.0,46.0
,,,,,,,191,105.0,100.0,82.0,275.0,362.0,594.0,375.0,187.0,46.0
,,,,,,,192,105.0,100.0,82.0,275.0,362.0,594.0,375.0,187.0,46.0
,,,,,,,193,105.0,100.0,82.0,275.0,362.0,594.0,375.0,187.0,46.0
,,,,,,,194,105.0,100.0,82.0,275.0,362.0,594.0,375.0,187.0,46.0
,,,,,,,195,105.0,100.0,82.0,275.0,362.0,594.0,375.0,187.0,46.0
,,,,,,,196,105.0,100.0,82.0,275.0,362.0,594.0,375.0,187.0,46.0
,,,,,,,197,105.0,100.0,82.0,275.0,362.0,594.0,375.0,187.0,46.0
,,,,,,,198,105.0,100.0,82.0,275.0,362.0,594.0,375.0,187.0,46.0
,,,,,,,199,105.0,100.0,82.0,275.0,362.0,594.0,375.0,187.0,46.0
,,,,,,,200,105.0,100.0,82.0,275.0,362.0,594.0,375.0,187.0,46.0
,,,,,,,201,105.0,100.0,82.0,275.0,362.0,594.0,375.0,187.0,46.0
,,,,,,,202,105.0,100.0,82.0,275.0,362.0,594.0,375.0,187.0,46.0
,,,,,,,203,105.0,100.0,82.0,275.0,362.0,594.0,375.0,187.0,46.0
,,,,,,,204,105.0,100.0,82.0,275.0,362.0,594.0,375.0,187.0,46.0
,,,,,,,205,105.0,100.0,82.0,275.0,362.0,594.0,375.0,187.0,46.0
,,,,,,,206,105.0,100.0,82.0,275.0,362.0,594.0,375.0,187.0,46.0
,,,,,,,207,105.0,100.0,82.0,275.0,362.0,594.0,375.0,187.0,46.0
,,,,,,,208,105.0,100.0,82.0,275.0,362.0,594.0,375.0,187.0,46.0
,,,,,,,209,105.0,100.0,82.0,275.0,362.0,594.0,375.0,187.0,46.0
,,,,,,,210,105.0,100.0,82.0,275.0,362.0,594.0,375.0,187.0,46.0
,,,,,,,211,105.0,100.0,82.0,275.0,362.0,594.0,375.0,187.0,46.0
,,,,,,,212,105.0,100.0,82.0,275.0,362.0,594.0,375.0,187.0,46.0
,,,,,,,213,105.0,100.0,82.0,275.0,362.0,594.0,375.0,187.0,46.0
,,,,,,,214,105.0,100.0,82.0,275.0,362.0,594.0,375.0,187.0,46.0
,,,,,,,215,105.0,100.0,82.0,275.0,362.0,594.0,375.0,187.0,46.0
,,,,,,,216,105.0,100.0,82.0,275.0,362.0,594.0,375.0,187.0,46.0
,,,,,,,217,105.0,100.0,82.0,275.0,362.0,594.0,375.0,187.0,46.0
,,,,,,,218,105.0,100.0,82.0,275.0,362.0,594.0,375.0,187.0,46.0
,,,,,,,219,105.0,100.0,82.0,275.0,362.0,594.0,375.0,187.0,46.0
,,,,,,,220,105.0,100.0,82.0,275.0,362.0,594.0,375.0,187.0,46.0
,,,,,,,221,105.0,100.0,82.0,275.0,362.0,594.0,375.0,187.0,46.0
,,,,,,,222,105.0,100.0,82.0,275.0,362.0,594.0,375.0,187.0,46.0
,,,,,,,223,105.0,100.0,82.0,275.0,362.0,594.0,375.0,187.0,46.0
,,,,,,,224,105.0,100.0,82.0,275.0,362.0,594.0,375.0,187.0,46.0
,,,,,,,225,105.0,100.0,82.0,275.0,362.0,594.0,375.0,187.0,46.0
,,,,,,,226,105.0,100.0,82.0,275.0,362.0,594.0,375.0,187.0,46.0
,,,,,,,227,105.0,100.0,82.0,275.0,362.0,594.0,375.0,187.0,46.0
,,,,,,,228,105.0,100.0,82.0,275.0,362.0,594.0,375.0,187.0,46.0
,,,,,,,229,105.0,100.0,82.0,275.0,362.0,594.0,375.0,187.0,46.0
,,,,,,,230,105.0,100.0,82.0,275.0,362.0,594.0,375.0,187.0,46.0
,,,,,,,231,105.0,100.0,82.0,275.0,362.0,594.0,375.0,187.0,46.0
,,,,,,,232,105.0,100.0,82.0,275.0,362.0,594.0,375.0,187.0,46.0
,,,,,,,233,105.0,100.0,82.0,275.0,362.0,594.0,375.0,187.0,46.0
,,,,,,,234,105.0,100.0,82.0,275.0,362.0,594.0,375.0,187.0,46.0
,,,,,,,235,105.0,100.0,82.0,275.0,362.0,594.0,375.0,187.0,46.0
,,,,,,,236,105.0,100.0,82.0,275.0,362.0,594.0,375.0,187.0,46.0
,,,,,,,237,105.0,100.0,82.0,275.0,362.0,594.0,375.0,187.0,46.0
,,,,,,,238,105.0,100.0,82.0,275.0,362.0,594.0,375.0,187.0,46.0
,,,,,,,239,105.0,100.0,82.0,275.0,362.0,594.0,375.0,187.0,46.0
,,,,,,,240,105.0,100.0,82.0,275.0,362.0,594.0,375.0,187.0,46.0
,,,,,,,241,105.0,100.0,82.0,275.0,362.0,594.0,375.0,187.0,46.0
,,,,,,,242,105.0,100.0,82.0,275.0,362.0,594.0,375.0,187.0,46.0
,,,,,,,243,105.0,100.0,82.0,275.0,362.0,594.0,375.0,187.0,46.0
,,,,,,,244,105.0,100.0,82.0,275.0,362.0,594.0,375.0,187.0,46.0
,,,,,,,245,105.0,100.0,82.0,275.0,362.0,594.0,375.0,187.0,46.0
,,,,,,,246,105.0,100.0,82.0,275.0,362.0,594.0,375.0,187.0,46.0
,,,,,,,247,105.0,100.0,82.0,275.0,362.0,594.0,375.0,187.0,46.0
,,,,,,,248,105.0,100.0,82.0,275.0,362.0,594.0,375.0,187.0,46.0
,,,,,,,249,105.0,100.0,82.0,275.0,362.0,594.0,375.0,187.0,46.0
,,,,,,,250,105.0,100.0,82.0,275.0,362.0,594.0,375.0,187.0,46.0
,,,,,,,251,105.0,100.0,82.0,275.0,362.0,594.0,375.0,187.0,46.0
,,,,,,,252,105.0,100.0,82.0,275.0,362.0,594.0,375.0,187.0,46.0
,,,,,,,253,105.0,100.0,82.0,275.0,362.0,594.0,375.0,187.0,46.0
,,,,,,,254,105.0,100.0,82.0,275.0,362.0,594.0,375.0,187.0,46.0
,,,,,,,255,105.0,100.0,82.0,275.0,362.0,594.0,375.0,187.0,46.0
,,,,,,,256,105.0,100.0,82.0,275.0,362.0,594.0,375.0,187.0,46.0
,,,,,,,257,105.0,100.0,82.0,275.0,362.0,594.0,375.0,187.0,46.0
,,,,,,,258,105.0,100.0,82.0,275.0,362.0,594.0,375.0,187.0,46.0
,,,,,,,259,105.0,100.0,82.0,275.0,362.0,594.0,375.0,187.0,46.0
,,,,,,,260,105.0,100.0,82.0,275.0,362.0,594.0,375.0,187.0,46.0
,,,,,,,261,105.0,100.0,82.0,275.0,362.0,594.0,375.0,187.0,46.0
,,,,,,,262,105.0,100.0,82.0,275.0,362.0,594.0,375.0,187.0,46.0
,,,,,,,263,105.0,100.0,82.0,275.0,362.0,594.0,375.0,187.0,46.0
,,,,,,,264,105.0,100.0,82.0,275.0,362.0,594.0,375.0,187.0,46.0
,,,,,,,265,105.0,100.0,82.0,275.0,362.0,594.0,375.0,187.0,46.0
,,,,,,,266,105.0,100.0,82.0,275.0,362.0,594.0,375.0,187.0,46.0
,,,,,,,267,105.0,100.0,82.0,275.0,362.0,594.0,375.0,187.0,46.0
,,,,,,,268,105.0,100.0,82.0,275.0,362.0,594.0,375.0,187.0,46.0
,,,,,,,269,105.0,100.0,82.0,275.0,362.0,594.0,375.0,187.0,46.0
,,,,,,,270,105.0,100.0,82.0,275.0,362.0,594.0,375.0,187.0,46.0
,,,,,,,271,105.0,100.0,82.0,275.0,362.0,594.0,375.0,187.0,46.0
,,,,,,,272,105.0,100.0,82.0,275.0,362.0,594.0,375.0,187.0,46.0
,,,,,,,273,105.0,100.0,82.0,275.0,362.0,594.0,375.0,187.0,46.0
,,,,,,,274,105.0,100.0,82.0,275.0,362.0,594.0,375.0,187.0,46.0
,,,,,,,275,105.0,100.0,82.0,275.0,362.0,594.0,375.0,187.0,46.0
,,,,,,,276,105.0,100.0,82.0,275.0,362.0,594.0,375.0,187.0,46.0
,,,,,,,277,105.0,100.0,82.0,275.0,362.0,594.0,375.0,187.0,46.0
,,,,,,,278,105.0,100.0,82.0,275.0,362.0,594.0,375.0,187.0,46.0
,,,,,,,279,105.0,100.0,82.0,275.0,362.0,594.0,375.0,187.0,46.0
,,,,,,,280,105.0,100.0,82.0,275.0,362.0,594.0,375.0,187.0,46.0
,,,,,,,281,105.0,100.0,82.0,275.0,362.0,594.0,375.0,187.0,46.0
,,,,,,,282,105.0,100.0,82.0,275.0,362.0,594.0,375.0,187.0,46.0
,,,,,,,283,105.0,100.0,82.0,275.0,362.0,594.0,375.0,187.0,46.0
,,,,,,,284,105.0,100.0,82.0,275.0,362.0,594.0,375.0,187.0,46.0
,,,,,,,285,105.0,100.0,82.0,275.0,362.0,594.0,375.0,187.0,46.0
,,,,,,,286,105.0,100.0,82.0,275.0,362.0,594.0,375.0,187.0,46.0
,,,,,,,287,105.0,100.0,82.0,275.0,362.0,594.0,375.0,187.0,46.0
,,,,,,,288,105.0,100.0,82.0,275.0,362.0,594.0,375.0,187.0,46.0
,,,,,,,289,105.0,100.0,82.0,275.0,362.0,594.0,375.0,187.0,46.0
,,,,,,,290,105.0,100.0,82.0,275.0,362.0,594.0,375.0,187.0,46.0
,,,,,,,291,105.0,100.0,82.0,275.0,362.0,594.0,375.0,187.0,46.0
,,,,,,,292,105.0,100.0,82.0,275.0,362.0,594.0,375.0,187.0,46.0
,,,,,,,293,105.0,100.0,82.0,275.0,362.0,594.0,375.0,187.0,46.0
,,,,,,,294,105.0,100.0,82.0,275.0,362.0,594.0,375.0,187.0,46.0
,,,,,,,295,105.0,100.0,82.0,275.0,362.0,594.0,375.0,187.0,46.0
,,,,,,,296,105.0,100.0,82.0,275.0,362.0,594.0,375.0,187.0,46.0
,,,,,,,297,105.0,100.0,82.0,275.0,362.0,594.0,375.0,187.0,46.0
,,,,,,,298,105.0,100.0,82.0,275.0,362.0,594.0,375.0,187.0,46.0
,,,,,,,299,105.0,100.0,82.0,275.0,362.0,594.0,375.0,187.0,46.0
,,,,,,,300,105.0,100.0,82.0,275.0,362.0,594.0,375.0,187.0,46.0
,,,,,,,301,105.0,100.0,82.0,275.0,362.0,594.0,375.0,187.0,46.0
,,,,,,,302,105.0,100.0,82.0,275.0,362.0,594.0,375.0,187.0,46.0
,,,,,,,303,105.0,100.0,82.0,275.0,362.0,594.0,375.0,187.0,46.0
,,,,,,,304,105.0,100.0,82.0,275.0,362.0,594.0,375.0,187.0,46.0
,,,,,,,305,105.0,100.0,82.0,275.0,362.0,594.0,375.0,187.0,46.0
,,,,,,,306,105.0,100.0,82.0,275.0,362.0,594.0,375.0,187.0,46.0
,,,,,,,307,105.0,100.0,82.0,275.0,362.0,594.0,375.0,187.0,46.0
,,,,,,,308,105.0,100.0,82.0,275.0,362.0,594.0,375.0,187.0,46.0
,,,,,,,309,105.0,100.0,82.0,275.0,362.0,594.0,375.0,187.0,46.0
,,,,,,,310,105.0,100.0,82.0,275.0,362.0,594.0,375.0,187.0,46.0
,,,,,,,311,105.0,100.0,82.0,275.0,362.0,594.0,375.0,187.0,46.0
,,,,,,,312,105.0,100.0,82.0,275.0,362.0,594.0,375.0,187.0,46.0
,,,,,,,313,105.0,100.0,82.0,275.0,362.0,594.0,375.0,187.0,46.0
,,,,,,,314,105.0,100.0,82.0,275.0,362.0,594.0,375.0,187.0,46.0
,,,,,,,315,105.0,100.0,82.0,275.0,362.0,594.0,375.0,187.0,46.0
,,,,,,,316,105.0,100.0,82.0,275.0,362.0,594.0,375.0,187.0,46.0
,,,,,,,317,105.0,100.0,82.0,275.0,362.0,594.0,375.0,187.0,46.0
,,,,,,,318,105.0,100.0,82.0,275.0,362.0,594.0,375.0,187.0,46.0
,,,,,,,319,105.0,100.0,82.0,275.0,362.0,594.0,375.0,187.0,46.0
,,,,,,,320,105.0,100.0,82.0,275.0,362.0,594.0,375.0,187.0,46.0
,,,,,,,321,105.0,100.0,82.0,275.0,362.0,594.0,375.0,187.0,46.0
,,,,,,,322,105.0,100.0,82.0,275.0,362.0,594.0,375.0,187.0,46.0
,,,,,,,323,105.0,100.0,82.0,275.0,362.0,594.0,375.0,187.0,46.0
,,,,,,,324,105.0,100.0,82.0,275.0,362.0,594.0,375.0,187.0,46.0
,,,,,,,325,105.0,100.0,82.0,275.0,362.0,594.0,375.0,187.0,46.0
,,,,,,,326,105.0,100.0,82.0,275.0,362.0,594.0,375.0,187.0,46.0
,,,,,,,327,105.0,100.0,82.0,275.0,362.0,594.0,375.0,187.0,46.0
,,,,,,,328,105.0,100.0,82.0,275.0,362.0,594.0,375.0,187.0,46.0
,,,,,,,329,105.0,100.0,82.0,275.0,362.0,594.0,375.0,187.0,46.0
,,,,,,,330,105.0,100.0,82.0,275.0,362.0,594.0,375.0,187.0,46.0
,,,,,,,331,105.0,100.0,82.0,275.0,362.0,594.0,375.0,187.0,46.0
,,,,,,,332,105.0,100.0,82.0,275.0,362.0,594.0,375.0,187.0,46.0
,,,,,,,333,105.0,100.0,82.0,275.0,362.0,594.0,375.0,187.0,46.0
,,,,,,,334,105.0,100.0,82.0,275.0,362.0,594.0,375.0,187.0,46.0
,,,,,,,335,105.0,100.0,82.0,275.0,362.0,594.0,375.0,187.0,46.0
,,,,,,,336,105.0,100.0,82.0,275.0,362.0,594.0,375.0,187.0,46.0
,,,,,,,337,105.0,100.0,82.0,275.0,362.0,594.0,375.0,187.0,46.0
,,,,,,,338,105.0,100.0,82.0,275.0,362.0,594.0,375.0,187.0,46.0
,,,,,,,339,105.0,100.0,82.0,275.0,362.0,594.0,375.0,187.0,46.0
,,,,,,,340,105.0,100.0,82.0,275.0,362.0,594.0,375.0,187.0,46.0
,,,,,,,341,105.0,100.0,82.0,275.0,362.0,594.0,375.0,187.0,46.0
,,,,,,,342,105.0,100.0,82.0,275.0,362.0,594.0,375.0,187.0,46.0
,,,,,,,343,105.0,100.0,82.0,275.0,362.0,594.0,375.0,187.0,46.0
,,,,,,,344,105.0,100.0,82.0,275.0,362.0,594.0,375.0,187.0,46.0
,,,,,,,345,105.0,100.0,82.0,275.0,362.0,594.0,375.0,187.0,46.0
,,,,,,,346,105.0,100.0,82.0,275.0,362.0,594.0,375.0,187.0,46.0
,,,,,,,347,105.0,100.0,82.0,275.0,362.0,594.0,375.0,187.0,46.0
,,,,,,,348,105.0,100.0,82.0,275.0,362.0,594.0,375.0,187.0,46.0
,,,,,,,349,105.0,100.0,82.0,275.0,362.0,594.0,375.0,187.0,46.0
,,,,,,,350,105.0,100.0,82.0,275.0,362.0,594.0,375.0,187.0,46.0
,,,,,,,351,105.0,100.0,82.0,275.0,362.0,594.0,375.0,187.0,46.0
,,,,,,,352,105.0,100.0,82.0,275.0,362.0,594.0,375.0,187.0,46.0
,,,,,,,353,105.0,100.0,82.0,275.0,362.0,594.0,375.0,187.0,46.0
,,,,,,,354,105.0,100.0,82.0,275.0,362.0,594.0,375.0,187.0,46.0
,,,,,,,355,105.0,100.0,82.0,275.0,362.0,594.0,375.0,187.0,46.0
,,,,,,,356,105.0,100.0,82.0,275.0,362.0,594.0,375.0,187.0,46.0
,,,,,,,357,105.0,100.0,82.0,275.0,362.0,594.0,375.0,187.0,46.0
,,,,,,,358,105.0,100.0,82.0,275.0,362.0,594.0,375.0,187.0,46.0
,,,,,,,359,105.0,100.0,82.0,275.0,362.0,594.0,375.0,187.0,46.0
,,,,,,,360,105.0,100.0,82.0,275.0,362.0,594.0,375.0,187.0,46.0
,,,,,,,361,105.0,100.0,82.0,275.0,362.0,594.0,375.0,187.0,46.0
,,,,,,,362,105.0,100.0,82.0,275.0,362.0,594.0,375.0,187.0,46.0
,,,,,,,363,105.0,100.0,82.0,275.0,362.0,594.0,375.0,187.0,46.0
,,,,,,,364,105.0,100.0,82.0,275.0,362.0,594.0,375.0,187.0,46.0
,,,,,,,365,105.0,100.0,82.0,275.0,362.0,594.0,375.0,187.0,46.0
,,,,,,,366,105.0,100.0,82.0,275.0,362.0,594.0,375.0,187.0,46.0
,,,,,,,367,105.0,100.0,82.0,275.0,362.0,594.0,375.0,187.0,46.0
,,,,,,,368,105.0,100.0,82.0,275.0,362.0,594.0,375.0,187.0,46.0
,,,,,,,369,105.0,100.0,82.0,275.0,362.0,594.0,375.0,187.0,46.0
,,,,,,,370,105.0,100.0,82.0,275.0,362.0,594.0,375.0,187.0,46.0
,,,,,,,371,105.0,100.0,82.0,275.0,362.0,594.0,375.0,187.0,46.0
,,,,,,,372,105.0,100.0,82.0,275.0,362.0,594.0,375.0,187.0,46.0
,,,,,,,373,105.0,100.0,82.0,275.0,362.0,594.0,375.0,187.0,46.0
,,,,,,,374,105.0,100.0,82.0,275.0,362.0,594.0,375.0,187.0,46.0
,,,,,,,375,105.0,100.0,82.0,275.0,362.0,594.0,375.0,187.0,46.0
,,,,,,,376,105.0,100.0,82.0,275.0,362.0,594.0,375.0,187.0,46.0
,,,,,,,377,105.0,100.0,82.0,275.0,362.0,594.0,375.0,187.0,46.0
,,,,,,,378,105.0,100.0,82.0,275.0,362.0,594.0,375.0,187.0,46.0
,,,,,,,379,105.0,100.0,82.0,275.0,362.0,594.0,375.0,187.0,46.0
,,,,,,,380,105.0,100.0,82.0,275.0,362.0,594.0,375.0,187.0,46.0
,,,,,,,381,105.0,100.0,82.0,275.0,362.0,594.0,375.0,187.0,46.0
,,,,,,,382,105.0,100.0,82.0,275.0,362.0,594.0,375.0,187.0,46.0
,,,,,,,383,105.0,100.0,82.0,275.0,362.0,594.0,375.0,187.0,46.0
,,,,,,,384,105.0,100.0,82.0,275.0,362.0,594.0,375.0,187.0,46.0
,,,,,,,385,105.0,100.0,82.0,275.0,362.0,594.0,375.0,187.0,46.0
,,,,,,,386,105.0,100.0,82.0,275.0,362.0,594.0,375.0,187.0,46.0
,,,,,,,387,105.0,100.0,82.0,275.0,362.0,594.0,375.0,187.0,46.0
,,,,,,,388,105.0,100.0,82.0,275.0,362.0,594.0,375.0,187.0,46.0
,,,,,,,389,105.0,100.0,82.0,275.0,362.0,594.0,375.0,187.0,46.0
,,,,,,,390,105.0,100.0,82.0,275.0,362.0,594.0,375.0,187.0,46.0
,,,,,,,391,105.0,100.0,82.0,275.0,362.0,594.0,375.0,187.0,46.0
,,,,,,,392,105.0,100.0,82.0,275.0,362.0,594.0,375.0,187.0,46.0
,,,,,,,393,105.0,100.0,82.0,275.0,362.0,594.0,375.0,187.0,46.0
,,,,,,,394,105.0,100.0,82.0,275.0,362.0,594.0,375.0,187.0,46.0
,,,,,,,395,105.0,100.0,82.0,275.0,362.0,594.0,375.0,187.0,46.0
,,,,,,,396,105.0,100.0,82.0,275.0,362.0,594.0,375.0,187.0,46.0
,,,,,,,397,105.0,100.0,82.0,275.0,362.0,594.0,375.0,187.0,46.0
,,,,,,,398,105.0,100.0,82.0,275.0,362.0,594.0,375.0,187.0,46.0
,,,,,,,399,105.0,100.0,82.0,275.0,362.0,594.0,375.0,187.0,46.0
,,,,,,,400,105.0,100.0,82.0,275.0,362.0,594.0,375.0,187.0,46.0
,,,,,,,401,105.0,100.0,82.0,275.0,362.0,594.0,375.0,187.0,46.0
,,,,,,,402,105.0,100.0,82.0,275.0,362.0,594.0,375.0,187.0,46.0
,,,,,,,403,105.0,100.0,82.0,275.0,362.0,594.0,375.0,187.0,46.0
,,,,,,,404,105.0,100.0,82.0,275.0,362.0,594.0,375.0,187.0,46.0
,,,,,,,405,105.0,100.0,82.0,275.0,362.0,594.0,375.0,187.0,46.0
,,,,,,,406,105.0,100.0,82.0,275.0,362.0,594.0,375.0,187.0,46.0
,,,,,,,407,105.0,100.0,82.0,275.0,362.0,594.0,375.0,187.0,46.0
,,,,,,,408,105.0,100.0,82.0,275.0,362.0,594.0,375.0,187.0,46.0
,,,,,,,409,105.0,100.0,82.0,275.0,362.0,594.0,375.0,187.0,46.0
,,,,,,,410,105.0,100.0,82.0,275.0,362.0,594.0,375.0,187.0,46.0
,,,,,,,411,105.0,100.0,82.0,275.0,362.0,594.0,375.0,187.0,46.0
,,,,,,,412,105.0,100.0,82.0,275.0,362.0,594.0,375.0,187.0,46.0
,,,,,,,413,105.0,100.0,82.0,275.0,362.0,594.0,375.0,187.0,46.0
,,,,,,,414,105.0,100.0,82.0,275.0,362.0,594.0,375.0,187.0,46.0
,,,,,,,415,105.0,100.0,82.0,275.0,362.0,594.0,375.0,187.0,46.0
,,,,,,,416,105.0,100.0,82.0,275.0,362.0,594.0,375.0,187.0,46.0
,,,,,,,417,105.0,100.0,82.0,275.0,362.0,594.0,375.0,187.0,46.0
,,,,,,,418,105.0,100.0,82.0,275.0,362.0,594.0,375.0,187.0,46.0
,,,,,,,419,105.0,100.0,82.0,275.0,362.0,594.0,375.0,187.0,46.0
,,,,,,,420,105.0,100.0,82.0,275.0,362.0,594.0,375.0,187.0,46.0
,,,,,,,421,105.0,100.0,82.0,275.0,362.0,594.0,375.0,187.0,46.0
,,,,,,,422,105.0,100.0,82.0,275.0,362.0,594.0,375.0,187.0,46.0
,,,,,,,423,105.0,100.0,82.0,275.0,362.0,594.0,375.0,187.0,46.0
,,,,,,,424,105.0,100.0,82.0,275.0,362.0,594.0,375.0,187.0,46.0
,,,,,,,425,105.0,100.0,82.0,275.0,362.0,594.0,375.0,187.0,46.0
,,,,,,,426,105.0,100.0,82.0,275.0,362.0,594.0,375.0,187.0,46.0
,,,,,,,427,105.0,100.0,82.0,275.0,362.0,594.0,375.0,187.0,46.0
,,,,,,,428,105.0,100.0,82.0,275.0,362.0,594.0,375.0,187.0,46.0
,,,,,,,429,105.0,100.0,82.0,275.0,362.0,594.0,375.0,187.0,46.0
,,,,,,,430,105.0,100.0,82.0,275.0,362.0,594.0,375.0,187.0,46.0
,,,,,,,431,105.0,100.0,82.0,275.0,362.0,594.0,375.0,187.0,46.0
,,,,,,,432,105.0,100.0,82.0,275.0,362.0,594.0,375.0,187.0,46.0
,,,,,,,433,105.0,100.0,82.0,275.0,362.0,594.0,375.0,187.0,46.0
,,,,,,,434,105.0,100.0,82.0,275.0,362.0,594.0,375.0,187.0,46.0
,,,,,,,435,105.0,100.0,82.0,275.0,362.0,594.0,375.0,187.0,46.0
,,,,,,,436,105.0,100.0,82.0,275.0,362.0,594.0,375.0,187.0,46.0
,,,,,,,437,105.0,100.0,82.0,275.0,362.0,594.0,375.0,187.0,46.0
,,,,,,,438,105.0,100.0,82.0,275.0,362.0,594.0,375.0,187.0,46.0
,,,,,,,439,105.0,100.0,82.0,275.0,362.0,594.0,375.0,187.0,46.0
,,,,,,,440,105.0,100.0,82.0,275.0,362.0,594.0,375.0,187.0,46.0
,,,,,,,441,105.0,100.0,82.0,275.0,362.0,594.0,375.0,187.0,46.0
,,,,,,,442,105.0,100.0,82.0,275.0,362.0,594.0,375.0,187.0,46.0
,,,,,,,443,105.0,100.0,82.0,275.0,362.0,594.0,375.0,187.0,46.0
,,,,,,,444,105.0,100.0,82.0,275.0,362.0,594.0,375.0,187.0,46.0
,,,,,,,445,105.0,100.0,82.0,275.0,362.0,594.0,375.0,187.0,46.0
,,,,,,,446,105.0,100.0,82.0,275.0,362.0,594.0,375.0,187.0,46.0
,,,,,,,447,105.0,100.0,82.0,275.0,362.0,594.0,375.0,187.0,46.0
,,,,,,,448,105.0,100.0,82.0,275.0,362.0,594.0,375.0,187.0,46.0
,,,,,,,449,105.0,100.0,82.0,275.0,362.0,594.0,375.0,187.0,46.0
,,,,,,,450,105.0,100.0,82.0,275.0,362.0,594.0,375.0,187.0,46.0
,,,,,,,451,105.0,100.0,82.0,275.0,362.0,594.0,375.0,187.0,46.0
,,,,,,,452,105.0,100.0,82.0,275.0,362.0,594.0,375.0,187.0,46.0
,,,,,,,453,105.0,100.0,82.0,275.0,362.0,594.0,375.0,187.0,46.0
,,,,,,,454,105.0,100.0,82.0,275.0,362.0,594.0,375.0,187.0,46.0
,,,,,,,455,105.0,100.0,82.0,275.0,362.0,594.0,375.0,187.0,46.0
,,,,,,,456,105.0,100.0,82.0,275.0,362.0,594.0,375.0,187.0,46.0
,,,,,,,457,105.0,100.0,82.0,275.0,362.0,594.0,375.0,187.0,46.0
,,,,,,,458,105.0,100.0,82.0,275.0,362.0,594.0,375.0,187.0,46.0
,,,,,,,459,105.0,100.0,82.0,275.0,362.0,594.0,375.0,187.0,46.0
,,,,,,,460,105.0,100.0,82.0,275.0,362.0,594.0,375.0,187.0,46.0
,,,,,,,461,105.0,100.0,82.0,275.0,362.0,594.0,375.0,187.0,46.0
,,,,,,,462,105.0,100.0,82.0,275.0,362.0,594.0,375.0,187.0,46.0
,,,,,,,463,105.0,100.0,82.0,275.0,362.0,594.0,375.0,187.0,46.0
,,,,,,,464,105.0,100.0,82.0,275.0,362.0,594.0,375.0,187.0,46.0
,,,,,,,465,105.0,100.0,82.0,275.0,362.0,594.0,375.0,187.0,46.0
,,,,,,,466,105.0,100.0,82.0,275.0,362.0,594.0,375.0,187.0,46.0
,,,,,,,467,105.0,100.0,82.0,275.0,362.0,594.0,375.0,187.0,46.0
,,,,,,,468,105.0,100.0,82.0,275.0,362.0,594.0,375.0,187.0,46.0
,,,,,,,469,105.0,100.0,82.0,275.0,362.0,594.0,375.0,187.0,46.0
,,,,,,,470,105.0,100.0,82.0,275.0,362.0,594.0,375.0,187.0,46.0
,,,,,,,471,105.0,100.0,82.0,275.0,362.0,594.0,375.0,187.0,46.0
,,,,,,,472,105.0,100.0,82.0,275.0,362.0,594.0,375.0,187.0,46.0
,,,,,,,473,105.0,100.0,82.0,275.0,362.0,594.0,375.0,187.0,46.0
,,,,,,,474,105.0,100.0,82.0,275.0,362.0,594.0,375.0,187.0,46.0
,,,,,,,475,105.0,100.0,82.0,275.0,362.0,594.0,375.0,187.0,46.0
,,,,,,,476,105.0,100.0,82.0,275.0,362.0,594.0,375.0,187.0,46.0
,,,,,,,477,105.0,100.0,82.0,275.0,362.0,594.0,375.0,187.0,46.0
,,,,,,,478,105.0,100.0,82.0,275.0,362.0,594.0,375.0,187.0,46.0
,,,,,,,479,105.0,100.0,82.0,275.0,362.0,594.0,375.0,187.0,46.0
,,,,,,,480,105.0,100.0,82.0,275.0,362.0,594.0,375.0,187.0,46.0
,,,,,,,481,105.0,100.0,82.0,275.0,362.0,594.0,375.0,187.0,46.0
,,,,,,,482,105.0,100.0,82.0,275.0,362.0,594.0,375.0,187.0,46.0
,,,,,,,483,105.0,100.0,82.0,275.0,362.0,594.0,375.0,187.0,46.0
,,,,,,,484,105.0,100.0,82.0,275.0,362.0,594.0,375.0,187.0,46.0
,,,,,,,485,105.0,100.0,82.0,275.0,362.0,594.0,375.0,187.0,46.0
,,,,,,,486,105.0,100.0,82.0,275.0,362.0,594.0,375.0,187.0,46.0
,,,,,,,487,105.0,100.0,82.0,275.0,362.0,594.0,375.0,187.0,46.0
,,,,,,,488,105.0,100.0,82.0,275.0,362.0,594.0,375.0,187.0,46.0
,,,,,,,489,105.0,100.0,82.0,275.0,362.0,594.0,375.0,187.0,46.0
,,,,,,,490,105.0,100.0,82.0,275.0,362.0,594.0,375.0,187.0,46.0
,,,,,,,491,105.0,100.0,82.0,275.0,362.0,594.0,375.0,187.0,46.0
,,,,,,,492,105.0,100.0,82.0,275.0,362.0,594.0,375.0,187.0,46.0
,,,,,,,493,105.0,100.0,82.0,275.0,362.0,594.0,375.0,187.0,46.0
,,,,,,,494,105.0,100.0,82.0,275.0,362.0,594.0,375.0,187.0,46.0
,,,,,,,495,105.0,100.0,82.0,275.0,362.0,594.0,375.0,187.0,46.0
,,,,,,,496,105.0,100.0,82.0,275.0,362.0,594.0,375.0,187.0,46.0
,,,,,,,497,105.0,100.0,82.0,275.0,362.0,594.0,375.0,187.0,46.0
,,,,,,,498,105.0,100.0,82.0,275.0,362.0,594.0,375.0,187.0,46.0
,,,,,,,499,105.0,100.0,82.0,275.0,362.0,594.0,375.0,187.0,46.0
,,,,,,,500,105.0,100.0,82.0,275.0,362.0,594.0,375.0,187.0,46.0
,,,,,,,501,105.0,100.0,82.0,275.0,362.0,594.0,375.0,187.0,46.0
,,,,,,,502,105.0,100.0,82.0,275.0,362.0,594.0,375.0,187.0,46.0
,,,,,,,503,105.0,100.0,82.0,275.0,362.0,594.0,375.0,187.0,46.0
,,,,,,,504,105.0,100.0,82.0,275.0,362.0,594.0,375.0,187.0,46.0
,,,,,,,505,105.0,100.0,82.0,275.0,362.0,594.0,375.0,187.0,46.0
,,,,,,,506,105.0,100.0,82.0,275.0,362.0,594.0,375.0,187.0,46.0
,,,,,,,507,105.0,100.0,82.0,275.0,362.0,594.0,375.0,187.0,46.0
,,,,,,,508,105.0,100.0,82.0,275.0,362.0,594.0,375.0,187.0,46.0
,,,,,,,509,105.0,100.0,82.0,275.0,362.0,594.0,375.0,187.0,46.0
,,,,,,,510,105.0,100.0,82.0,275.0,362.0,594.0,375.0,187.0,46.0
,,,,,,,511,105.0,100.0,82.0,275.0,362.0,594.0,375.0,187.0,46.0
,,,,,,,512,105.0,100.0,82.0,275.0,362.0,594.0,375.0,187.0,46.0
,,,,,,,513,105.0,100.0,82.0,275.0,362.0,594.0,375.0,187.0,46.0
,,,,,,,514,105.0,100.0,82.0,275.0,362.0,594.0,375.0,187.0,46.0
,,,,,,,515,105.0,100.0,82.0,275.0,362.0,594.0,375.0,187.0,46.0
,,,,,,,516,105.0,100.0,82.0,275.0,362.0,594.0,375.0,187.0,46.0
,,,,,,,517,105.0,100.0,82.0,275.0,362.0,594.0,375.0,187.0,46.0
,,,,,,,518,105.0,100.0,82.0,275.0,362.0,594.0,375.0,187.0,46.0
,,,,,,,519,105.0,100.0,82.0,275.0,362.0,594.0,375.0,187.0,46.0
,,,,,,,520,105.0,100.0,82.0,275.0,362.0,594.0,375.0,187.0,46.0
,,,,,,,521,105.0,100.0,82.0,275.0,362.0,594.0,375.0,187.0,46.0
,,,,,,,522,105.0,100.0,82.0,275.0,362.0,594.0,375.0,187.0,46.0
,,,,,,,523,105.0,100.0,82.0,275.0,362.0,594.0,375.0,187.0,46.0
,,,,,,,524,105.0,100.0,82.0,275.0,362.0,594.0,375.0,187.0,46.0
,,,,,,,525,105.0,100.0,82.0,275.0,362.0,594.0,375.0,187.0,46.0
,,,,,,,526,105.0,100.0,82.0,275.0,362.0,594.0,375.0,187.0,46.0
,,,,,,,527,105.0,100.0,82.0,275.0,362.0,594.0,375.0,187.0,46.0
,,,,,,,528,105.0,100.0,82.0,275.0,362.0,594.0,375.0,187.0,46.0
,,,,,,,529,105.0,100.0,82.0,275.0,362.0,594.0,375.0,187.0,46.0
,,,,,,,530,105.0,100.0,82.0,275.0,362.0,594.0,375.0,187.0,46.0
,,,,,,,531,105.0,100.0,82.0,275.0,362.0,594.0,375.0,187.0,46.0
,,,,,,,532,105.0,100.0,82.0,275.0,362.0,594.0,375.0,187.0,46.0
,,,,,,,533,105.0,100.0,82.0,275.0,362.0,594.0,375.0,187.0,46.0
,,,,,,,534,105.0,100.0,82.0,275.0,362.0,594.0,375.0,187.0,46.0
,,,,,,,535,105.0,100.0,82.0,275.0,362.0,594.0,375.0,187.0,46.0
,,,,,,,536,105.0,100.0,82.0,275.0,362.0,594.0,375.0,187.0,46.0
,,,,,,,537,105.0,100.0,82.0,275.0,362.0,594.0,375.0,187.0,46.0
,,,,,,,538,105.0,100.0,82.0,275.0,362.0,594.0,375.0,187.0,46.0
,,,,,,,539,105.0,100.0,82.0,275.0,362.0,594.0,375.0,187.0,46.0
,,,,,,,540,105.0,100.0,82.0,275.0,362.0,594.0,375.0,187.0,46.0
,,,,,,,541,105.0,100.0,82.0,275.0,362.0,594.0,375.0,187.0,46.0
,,,,,,,542,105.0,100.0,82.0,275.0,362.0,594.0,375.0,187.0,46.0
,,,,,,,543,105.0,100.0,82.0,275.0,362.0,594.0,375.0,187.0,46.0
,,,,,,,544,105.0,100.0,82.0,275.0,362.0,594.0,375.0,187.0,46.0
,,,,,,,545,105.0,100.0,82.0,275.0,362.0,594.0,375.0,187.0,46.0
,,,,,,,546,105.0,100.0,82.0,275.0,362.0,594.0,375.0,187.0,46.0
,,,,,,,547,105.0,100.0,82.0,275.0,362.0,594.0,375.0,187.0,46.0
,,,,,,,548,105.0,100.0,82.0,275.0,362.0,594.0,375.0,187.0,46.0
,,,,,,,549,105.0,100.0,82.0,275.0,362.0,594.0,375.0,187.0,46.0
,,,,,,,550,105.0,100.0,82.0,275.0,362.0,594.0,375.0,187.0,46.0
,,,,,,,551,105.0,100.0,82.0,275.0,362.0,594.0,375.0,187.0,46.0
,,,,,,,552,105.0,100.0,82.0,275.0,362.0,594.0,375.0,187.0,46.0
,,,,,,,553,105.0,100.0,82.0,275.0,362.0,594.0,375.0,187.0,46.0
,,,,,,,554,105.0,100.0,82.0,275.0,362.0,594.0,375.0,187.0,46.0
,,,,,,,555,105.0,100.0,82.0,275.0,362.0,594.0,375.0,187.0,46.0
,,,,,,,556,105.0,100.0,82.0,275.0,362.0,594.0,375.0,187.0,46.0
,,,,,,,557,105.0,100.0,82.0,275.0,362.0,594.0,375.0,187.0,46.0
,,,,,,,558,105.0,100.0,82.0,275.0,362.0,594.0,375.0,187.0,46.0
,,,,,,,559,105.0,100.0,82.0,275.0,362.0,594.0,375.0,187.0,46.0
,,,,,,,560,105.0,100.0,82.0,275.0,362.0,594.0,375.0,187.0,46.0
,,,,,,,561,105.0,100.0,82.0,275.0,362.0,594.0,375.0,187.0,46.0
,,,,,,,562,105.0,100.0,82.0,275.0,362.0,594.0,375.0,187.0,46.0
,,,,,,,563,105.0,100.0,82.0,275.0,362.0,594.0,375.0,187.0,46.0
,,,,,,,564,105.0,100.0,82.0,275.0,362.0,594.0,375.0,187.0,46.0
,,,,,,,565,105.0,100.0,82.0,275.0,362.0,594.0,375.0,187.0,46.0
,,,,,,,566,105.0,100.0,82.0,275.0,362.0,594.0,375.0,187.0,46.0
,,,,,,,567,105.0,100.0,82.0,275.0,362.0,594.0,375.0,187.0,46.0
,,,,,,,568,105.0,100.0,82.0,275.0,362.0,594.0,375.0,187.0,46.0
,,,,,,,569,105.0,100.0,82.0,275.0,362.0,594.0,375.0,187.0,46.0
,,,,,,,570,105.0,100.0,82.0,275.0,362.0,594.0,375.0,187.0,46.0
,,,,,,,571,105.0,100.0,82.0,275.0,362.0,594.0,375.0,187.0,46.0
,,,,,,,572,105.0,100.0,82.0,275.0,362.0,594.0,375.0,187.0,46.0
,,,,,,,573,105.0,100.0,82.0,275.0,362.0,594.0,375.0,187.0,46.0
,,,,,,,574,105.0,100.0,82.0,275.0,362.0,594.0,375.0,187.0,46.0
,,,,,,,575,105.0,100.0,82.0,275.0,362.0,594.0,375.0,187.0,46.0
,,,,,,,576,105.0,100.0,82.0,275.0,362.0,594.0,375.0,187.0,46.0
,,,,,,,577,105.0,100.0,82.0,275.0,362.0,594.0,375.0,187.0,46.0
,,,,,,,578,105.0,100.0,82.0,275.0,362.0,594.0,375.0,187.0,46.0
,,,,,,,579,105.0,100.0,82.0,275.0,362.0,594.0,375.0,187.0,46.0
,,,,,,,580,105.0,100.0,82.0,275.0,362.0,594.0,375.0,187.0,46.0
,,,,,,,581,105.0,100.0,82.0,275.0,362.0,594.0,375.0,187.0,46.0
,,,,,,,582,105.0,100.0,82.0,275.0,362.0,594.0,375.0,187.0,46.0
,,,,,,,583,105.0,100.0,82.0,275.0,362.0,594.0,375.0,187.0,46.0
,,,,,,,584,105.0,100.0,82.0,275.0,362.0,594.0,375.0,187.0,46.0
,,,,,,,585,105.0,100.0,82.0,275.0,362.0,594.0,375.0,187.0,46.0
,,,,,,,586,105.0,100.0,82.0,275.0,362.0,594.0,375.0,187.0,46.0
,,,,,,,587,105.0,100.0,82.0,275.0,362.0,594.0,375.0,187.0,46.0
,,,,,,,588,105.0,100.0,82.0,275.0,362.0,594.0,375.0,187.0,46.0
,,,,,,,589,105.0,100.0,82.0,275.0,362.0,594.0,375.0,187.0,46.0
,,,,,,,590,105.0,100.0,82.0,275.0,362.0,594.0,375.0,187.0,46.0
,,,,,,,591,105.0,100.0,82.0,275.0,362.0,594.0,375.0,187.0,46.0
,,,,,,,592,105.0,100.0,82.0,275.0,362.0,594.0,375.0,187.0,46.0
,,,,,,,593,105.0,100.0,82.0,275.0,362.0,594.0,375.0,187.0,46.0
,,,,,,,594,105.0,100.0,82.0,275.0,362.0,594.0,375.0,187.0,46.0
,,,,,,,595,105.0,100.0,82.0,275.0,362.0,594.0,375.0,187.0,46.0
,,,,,,,596,105.0,100.0,82.0,275.0,362.0,594.0,375.0,187.0,46.0
,,,,,,,597,105.0,100.0,82.0,275.0,362.0,594.0,375.0,187.0,46.0
,,,,,,,598,105.0,100.0,82.0,275.0,362.0,594.0,375.0,187.0,46.0
,,,,,,,599,105.0,100.0,82.0,275.0,362.0,594.0,375.0,187.0,46.0
,,,,,,,600,105.0,100.0,82.0,275.0,362.0,594.0,375.0,187.0,46.0
,,,,,,,601,105.0,100.0,82.0,275.0,362.0,594.0,375.0,187.0,46.0
,,,,,,,602,105.0,100.0,82.0,275.0,362.0,594.0,375.0,187.0,46.0
,,,,,,,603,105.0,100.0,82.0,275.0,362.0,594.0,375.0,187.0,46.0
,,,,,,,604,105.0,100.0,82.0,275.0,362.0,594.0,375.0,187.0,46.0
,,,,,,,605,105.0,100.0,82.0,275.0,362.0,594.0,375.0,187.0,46.0
,,,,,,,606,105.0,100.0,82.0,275.0,362.0,594.0,375.0,187.0,46.0
,,,,,,,607,105.0,100.0,82.0,275.0,362.0,594.0,375.0,187.0,46.0
,,,,,,,608,105.0,100.0,82.0,275.0,362.0,594.0,375.0,187.0,46.0
,,,,,,,609,105.0,100.0,82.0,275.0,362.0,594.0,375.0,187.0,46.0
,,,,,,,610,105.0,100.0,82.0,275.0,362.0,594.0,375.0,187.0,46.0
,,,,,,,611,105.0,100.0,82.0,275.0,362.0,594.0,375.0,187.0,46.0
,,,,,,,612,105.0,100.0,82.0,275.0,362.0,594.0,375.0,187.0,46.0
,,,,,,,613,105.0,100.0,82.0,275.0,362.0,594.0,375.0,187.0,46.0
,,,,,,,614,105.0,100.0,82.0,275.0,362.0,594.0,375.0,187.0,46.0
,,,,,,,615,105.0,100.0,82.0,275.0,362.0,594.0,375.0,187.0,46.0
,,,,,,,616,105.0,100.0,82.0,275.0,362.0,594.0,375.0,187.0,46.0
,,,,,,,617,105.0,100.0,82.0,275.0,362.0,594.0,375.0,187.0,46.0
,,,,,,,618,105.0,100.0,82.0,275.0,362.0,594.0,375.0,187.0,46.0
,,,,,,,619,105.0,100.0,82.0,275.0,362.0,594.0,375.0,187.0,46.0
,,,,,,,620,105.0,100.0,82.0,275.0,362.0,594.0,375.0,187.0,46.0
,,,,,,,621,105.0,100.0,82.0,275.0,362.0,594.0,375.0,187.0,46.0
,,,,,,,622,105.0,100.0,82.0,275.0,362.0,594.0,375.0,187.0,46.0
,,,,,,,623,105.0,100.0,82.0,275.0,362.0,594.0,375.0,187.0,46.0
,,,,,,,624,105.0,100.0,82.0,275.0,362.0,594.0,375.0,187.0,46.0
,,,,,,,625,105.0,100.0,82.0,275.0,362.0,594.0,375.0,187.0,46.0
,,,,,,,626,105.0,100.0,82.0,275.0,362.0,594.0,375.0,187.0,46.0
,,,,,,,627,105.0,100.0,82.0,275.0,362.0,594.0,375.0,187.0,46.0
,,,,,,,628,105.0,100.0,82.0,275.0,362.0,594.0,375.0,187.0,46.0
,,,,,,,629,105.0,100.0,82.0,275.0,362.0,594.0,375.0,187.0,46.0
,,,,,,,630,105.0,100.0,82.0,275.0,362.0,594.0,375.0,187.0,46.0
,,,,,,,631,105.0,100.0,82.0,275.0,362.0,594.0,375.0,187.0,46.0
,,,,,,,632,105.0,100.0,82.0,275.0,362.0,594.0,375.0,187.0,46.0
,,,,,,,633,105.0,100.0,82.0,275.0,362.0,594.0,375.0,187.0,46.0
,,,,,,,634,105.0,100.0,82.0,275.0,362.0,594.0,375.0,187.0,46.0
,,,,,,,635,105.0,100.0,82.0,275.0,362.0,594.0,375.0,187.0,46.0
,,,,,,,636,105.0,100.0,82.0,275.0,362.0,594.0,375.0,187.0,46.0
,,,,,,,637,105.0,100.0,82.0,275.0,362.0,594.0,375.0,187.0,46.0
,,,,,,,638,105.0,100.0,82.0,275.0,362.0,594.0,375.0,187.0,46.0
,,,,,,,639,105.0,100.0,82.0,275.0,362.0,594.0,375.0,187.0,46.0
,,,,,,,640,105.0,100.0,82.0,275.0,362.0,594.0,375.0,187.0,46.0
,,,,,,,641,105.0,100.0,82.0,275.0,362.0,594.0,375.0,187.0,46.0
,,,,,,,642,105.0,100.0,82.0,275.0,362.0,594.0,375.0,187.0,46.0
,,,,,,,643,105.0,100.0,82.0,275.0,362.0,594.0,375.0,187.0,46.0
,,,,,,,644,105.0,100.0,82.0,275.0,362.0,594.0,375.0,187.0,46.0
,,,,,,,645,105.0,100.0,82.0,275.0,362.0,594.0,375.0,187.0,46.0
,,,,,,,646,105.0,100.0,82.0,275.0,362.0,594.0,375.0,187.0,46.0
,,,,,,,647,105.0,100.0,82.0,275.0,362.0,594.0,375.0,187.0,46.0
,,,,,,,648,105.0,100.0,82.0,275.0,362.0,594.0,375.0,187.0,46.0
,,,,,,,649,105.0,100.0,82.0,275.0,362.0,594.0,375.0,187.0,46.0
,,,,,,,650,105.0,100.0,82.0,275.0,362.0,594.0,375.0,187.0,46.0
,,,,,,,651,105.0,100.0,82.0,275.0,362.0,594.0,375.0,187.0,46.0
,,,,,,,652,105.0,100.0,82.0,275.0,362.0,594.0,375.0,187.0,46.0
,,,,,,,653,105.0,100.0,82.0,275.0,362.0,594.0,375.0,187.0,46.0
,,,,,,,654,105.0,100.0,82.0,275.0,362.0,594.0,375.0,187.0,46.0
,,,,,,,655,105.0,100.0,82.0,275.0,362.0,594.0,375.0,187.0,46.0
,,,,,,,656,105.0,100.0,82.0,275.0,362.0,594.0,375.0,187.0,46.0
,,,,,,,657,105.0,100.0,82.0,275.0,362.0,594.0,375.0,187.0,46.0
,,,,,,,658,105.0,100.0,82.0,275.0,362.0,594.0,375.0,187.0,46.0
,,,,,,,659,105.0,100.0,82.0,275.0,362.0,594.0,375.0,187.0,46.0
,,,,,,,660,105.0,100.0,82.0,275.0,362.0,594.0,375.0,187.0,46.0
,,,,,,,661,105.0,100.0,82.0,275.0,362.0,594.0,375.0,187.0,46.0
,,,,,,,662,105.0,100.0,82.0,275.0,362.0,594.0,375.0,187.0,46.0
,,,,,,,663,105.0,100.0,82.0,275.0,362.0,594.0,375.0,187.0,46.0
,,,,,,,664,105.0,100.0,82.0,275.0,362.0,594.0,375.0,187.0,46.0
,,,,,,,665,105.0,100.0,82.0,275.0,362.0,594.0,375.0,187.0,46.0
,,,,,,,666,105.0,100.0,82.0,275.0,362.0,594.0,375.0,187.0,46.0
,,,,,,,667,105.0,100.0,82.0,275.0,362.0,594.0,375.0,187.0,46.0
,,,,,,,668,105.0,100.0,82.0,275.0,362.0,594.0,375.0,187.0,46.0
,,,,,,,669,105.0,100.0,82.0,275.0,362.0,594.0,375.0,187.0,46.0
,,,,,,,670,105.0,100.0,82.0,275.0,362.0,594.0,375.0,187.0,46.0
,,,,,,,671,105.0,100.0,82.0,275.0,362.0,594.0,375.0,187.0,46.0
,,,,,,,672,105.0,100.0,82.0,275.0,362.0,594.0,375.0,187.0,46.0
,,,,,,,673,105.0,100.0,82.0,275.0,362.0,594.0,375.0,187.0,46.0
,,,,,,,674,105.0,100.0,82.0,275.0,362.0,594.0,375.0,187.0,46.0
,,,,,,,675,105.0,100.0,82.0,275.0,362.0,594.0,375.0,187.0,46.0
,,,,,,,676,105.0,100.0,82.0,275.0,362.0,594.0,375.0,187.0,46.0
,,,,,,,677,105.0,100.0,82.0,275.0,362.0,594.0,375.0,187.0,46.0
,,,,,,,678,105.0,100.0,82.0,275.0,362.0,594.0,375.0,187.0,46.0
,,,,,,,679,105.0,100.0,82.0,275.0,362.0,594.0,375.0,187.0,46.0
,,,,,,,680,105.0,100.0,82.0,275.0,362.0,594.0,375.0,187.0,46.0
,,,,,,,681,105.0,100.0,82.0,275.0,362.0,594.0,375.0,187.0,46.0
,,,,,,,682,105.0,100.0,82.0,275.0,362.0,594.0,375.0,187.0,46.0
,,,,,,,683,105.0,100.0,82.0,275.0,362.0,594.0,375.0,187.0,46.0
,,,,,,,684,105.0,100.0,82.0,275.0,362.0,594.0,375.0,187.0,46.0
,,,,,,,685,105.0,100.0,82.0,275.0,362.0,594.0,375.0,187.0,46.0
,,,,,,,686,105.0,100.0,82.0,275.0,362.0,594.0,375.0,187.0,46.0
,,,,,,,687,105.0,100.0,82.0,275.0,362.0,594.0,375.0,187.0,46.0
,,,,,,,688,105.0,100.0,82.0,275.0,362.0,594.0,375.0,187.0,46.0
,,,,,,,689,105.0,100.0,82.0,275.0,362.0,594.0,375.0,187.0,46.0
,,,,,,,690,105.0,100.0,82.0,275.0,362.0,594.0,375.0,187.0,46.0
,,,,,,,691,105.0,100.0,82.0,275.0,362.0,594.0,375.0,187.0,46.0
,,,,,,,692,105.0,100.0,82.0,275.0,362.0,594.0,375.0,187.0,46.0
,,,,,,,693,105.0,100.0,82.0,275.0,362.0,594.0,375.0,187.0,46.0
,,,,,,,694,105.0,100.0,82.0,275.0,362.0,594.0,375.0,187.0,46.0
,,,,,,,695,105.0,100.0,82.0,275.0,362.0,594.0,375.0,187.0,46.0
,,,,,,,696,105.0,100.0,82.0,275.0,362.0,594.0,375.0,187.0,46.0
,,,,,,,697,105.0,100.0,82.0,275.0,362.0,594.0,375.0,187.0,46.0
,,,,,,,698,105.0,100.0,82.0,275.0,362.0,594.0,375.0,187.0,46.0
,,,,,,,699,105.0,100.0,82.0,275.0,362.0,594.0,375.0,187.0,46.0
,,,,,,,700,105.0,100.0,82.0,275.0,362.0,594.0,375.0,187.0,46.0
,,,,,,,701,105.0,100.0,82.0,275.0,362.0,594.0,375.0,187.0,46.0
,,,,,,,702,105.0,100.0,82.0,275.0,362.0,594.0,375.0,187.0,46.0
,,,,,,,703,105.0,100.0,82.0,275.0,362.0,594.0,375.0,187.0,46.0
,,,,,,,704,105.0,100.0,82.0,275.0,362.0,594.0,375.0,187.0,46.0
,,,,,,,705,105.0,100.0,82.0,275.0,362.0,594.0,375.0,187.0,46.0
,,,,,,,706,105.0,100.0,82.0,275.0,362.0,594.0,375.0,187.0,46.0
,,,,,,,707,105.0,100.0,82.0,275.0,362.0,594.0,375.0,187.0,46.0
,,,,,,,708,105.0,100.0,82.0,275.0,362.0,594.0,375.0,187.0,46.0
,,,,,,,709,105.0,100.0,82.0,275.0,362.0,594.0,375.0,187.0,46.0
,,,,,,,710,105.0,100.0,82.0,275.0,362.0,594.0,375.0,187.0,46.0
,,,,,,,711,105.0,100.0,82.0,275.0,362.0,594.0,375.0,187.0,46.0
,,,,,,,712,105.0,100.0,82.0,275.0,362.0,594.0,375.0,187.0,46.0
,,,,,,,713,105.0,100.0,82.0,275.0,362.0,594.0,375.0,187.0,46.0
,,,,,,,714,105.0,100.0,82.0,275.0,362.0,594.0,375.0,187.0,46.0
,,,,,,,715,105.0,100.0,82.0,275.0,362.0,594.0,375.0,187.0,46.0
,,,,,,,716,105.0,100.0,82.0,275.0,362.0,594.0,375.0,187.0,46.0
,,,,,,,717,105.0,100.0,82.0,275.0,362.0,594.0,375.0,187.0,46.0
,,,,,,,718,105.0,100.0,82.0,275.0,362.0,594.0,375.0,187.0,46.0
,,,,,,,719,105.0,100.0,82.0,275.0,362.0,594.0,375.0,187.0,46.0
,,,,,,,720,105.0,100.0,82.0,275.0,362.0,594.0,375.0,187.0,46.0
,,,,,,,721,105.0,100.0,82.0,275.0,362.0,594.0,375.0,187.0,46.0
,,,,,,,722,105.0,100.0,82.0,275.0,362.0,594.0,375.0,187.0,46.0
,,,,,,,723,105.0,100.0,82.0,275.0,362.0,594.0,375.0,187.0,46.0
,,,,,,,724,105.0,100.0,82.0,275.0,362.0,594.0,375.0,187.0,46.0
,,,,,,,725,105.0,100.0,82.0,275.0,362.0,594.0,375.0,187.0,46.0
,,,,,,,726,105.0,100.0,82.0,275.0,362.0,594.0,375.0,187.0,46.0
,,,,,,,727,105.0,100.0,82.0,275.0,362.0,594.0,375.0,187.0,46.0
,,,,,,,728,105.0,100.0,82.0,275.0,362.0,594.0,375.0,187.0,46.0
,,,,,,,729,105.0,100.0,82.0,275.0,362.0,594.0,375.0,187.0,46.0
,,,,,,,730,105.0,100.0,82.0,275.0,362.0,594.0,375.0,187.0,46.0
,,,,,,,731,105.0,100.0,82.0,275.0,362.0,594.0,375.0,187.0,46.0
,,,,,,,732,105.0,100.0,82.0,275.0,362.0,594.0,375.0,187.0,46.0
,,,,,,,733,105.0,100.0,82.0,275.0,362.0,594.0,375.0,187.0,46.0
,,,,,,,734,105.0,100.0,82.0,275.0,362.0,594.0,375.0,187.0,46.0
,,,,,,,735,105.0,100.0,82.0,275.0,362.0,594.0,375.0,187.0,46.0
,,,,,,,736,105.0,100.0,82.0,275.0,362.0,594.0,375.0,187.0,46.0
,,,,,,,737,105.0,100.0,82.0,275.0,362.0,594.0,375.0,187.0,46.0
,,,,,,,738,105.0,100.0,82.0,275.0,362.0,594.0,375.0,187.0,46.0
,,,,,,,739,105.0,100.0,82.0,275.0,362.0,594.0,375.0,187.0,46.0
,,,,,,,740,105.0,100.0,82.0,275.0,362.0,594.0,375.0,187.0,46.0
,,,,,,,741,105.0,100.0,82.0,275.0,362.0,594.0,375.0,187.0,46.0
,,,,,,,742,105.0,100.0,82.0,275.0,362.0,594.0,375.0,187.0,46.0
,,,,,,,743,105.0,100.0,82.0,275.0,362.0,594.0,375.0,187.0,46.0
,,,,,,,744,105.0,100.0,82.0,275.0,362.0,594.0,375.0,187.0,46.0
,,,,,,,745,105.0,100.0,82.0,275.0,362.0,594.0,375.0,187.0,46.0
,,,,,,,746,105.0,100.0,82.0,275.0,362.0,594.0,375.0,187.0,46.0
,,,,,,,747,105.0,100.0,82.0,275.0,362.0,594.0,375.0,187.0,46.0
,,,,,,,748,105.0,100.0,82.0,275.0,362.0,594.0,375.0,187.0,46.0
,,,,,,,749,105.0,100.0,82.0,275.0,362.0,594.0,375.0,187.0,46.0
,,,,,,,750,105.0,100.0,82.0,275.0,362.0,594.0,375.0,187.0,46.0
,,,,,,,751,105.0,100.0,82.0,275.0,362.0,594.0,375.0,187.0,46.0
,,,,,,,752,105.0,100.0,82.0,275.0,362.0,594.0,375.0,187.0,46.0
,,,,,,,753,105.0,100.0,82.0,275.0,362.0,594.0,375.0,187.0,46.0
,,,,,,,754,105.0,100.0,82.0,275.0,362.0,594.0,375.0,187.0,46.0
,,,,,,,755,105.0,100.0,82.0,275.0,362.0,594.0,375.0,187.0,46.0
,,,,,,,756,105.0,100.0,82.0,275.0,362.0,594.0,375.0,187.0,46.0
,,,,,,,757,105.0,100.0,82.0,275.0,362.0,594.0,375.0,187.0,46.0
,,,,,,,758,105.0,100.0,82.0,275.0,362.0,594.0,375.0,187.0,46.0
,,,,,,,759,105.0,100.0,82.0,275.0,362.0,594.0,375.0,187.0,46.0
,,,,,,,760,105.0,100.0,82.0,275.0,362.0,594.0,375.0,187.0,46.0
,,,,,,,761,105.0,100.0,82.0,275.0,362.0,594.0,375.0,187.0,46.0
,,,,,,,762,105.0,100.0,82.0,275.0,362.0,594.0,375.0,187.0,46.0
,,,,,,,763,105.0,100.0,82.0,275.0,362.0,594.0,375.0,187.0,46.0
,,,,,,,764,105.0,100.0,82.0,275.0,362.0,594.0,375.0,187.0,46.0
,,,,,,,765,105.0,100.0,82.0,275.0,362.0,594.0,375.0,187.0,46.0
,,,,,,,766,105.0,100.0,82.0,275.0,362.0,594.0,375.0,187.0,46.0
,,,,,,,767,105.0,100.0,82.0,275.0,362.0,594.0,375.0,187.0,46.0
,,,,,,,768,105.0,100.0,82.0,275.0,362.0,594.0,375.0,187.0,46.0
,,,,,,,769,105.0,100.0,82.0,275.0,362.0,594.0,375.0,187.0,46.0
,,,,,,,770,105.0,100.0,82.0,275.0,362.0,594.0,375.0,187.0,46.0
,,,,,,,771,105.0,100.0,82.0,275.0,362.0,594.0,375.0,187.0,46.0
,,,,,,,772,105.0,100.0,82.0,275.0,362.0,594.0,375.0,187.0,46.0
,,,,,,,773,105.0,100.0,82.0,275.0,362.0,594.0,375.0,187.0,46.0
,,,,,,,774,105.0,100.0,82.0,275.0,362.0,594.0,375.0,187.0,46.0
,,,,,,,775,105.0,100.0,82.0,275.0,362.0,594.0,375.0,187.0,46.0
,,,,,,,776,105.0,100.0,82.0,275.0,362.0,594.0,375.0,187.0,46.0
,,,,,,,777,105.0,100.0,82.0,275.0,362.0,594.0,375.0,187.0,46.0
,,,,,,,778,105.0,100.0,82.0,275.0,362.0,594.0,375.0,187.0,46.0
,,,,,,,779,105.0,100.0,82.0,275.0,362.0,594.0,375.0,187.0,46.0
,,,,,,,780,105.0,100.0,82.0,275.0,362.0,594.0,375.0,187.0,46.0
,,,,,,,781,105.0,100.0,82.0,275.0,362.0,594.0,375.0,187.0,46.0
,,,,,,,782,105.0,100.0,82.0,275.0,362.0,594.0,375.0,187.0,46.0
,,,,,,,783,105.0,100.0,82.0,275.0,362.0,594.0,375.0,187.0,46.0
,,,,,,,784,105.0,100.0,82.0,275.0,362.0,594.0,375.0,187.0,46.0
,,,,,,,785,105.0,100.0,82.0,275.0,362.0,594.0,375.0,187.0,46.0
,,,,,,,786,105.0,100.0,82.0,275.0,362.0,594.0,375.0,187.0,46.0
,,,,,,,787,105.0,100.0,82.0,275.0,362.0,594.0,375.0,187.0,46.0
,,,,,,,788,105.0,100.0,82.0,275.0,362.0,594.0,375.0,187.0,46.0
,,,,,,,789,105.0,100.0,82.0,275.0,362.0,594.0,375.0,187.0,46.0
,,,,,,,790,105.0,100.0,82.0,275.0,362.0,594.0,375.0,187.0,46.0
,,,,,,,791,105.0,100.0,82.0,275.0,362.0,594.0,375.0,187.0,46.0
,,,,,,,792,105.0,100.0,82.0,275.0,362.0,594.0,375.0,187.0,46.0
,,,,,,,793,105.0,100.0,82.0,275.0,362.0,594.0,375.0,187.0,46.0
,,,,,,,794,105.0,100.0,82.0,275.0,362.0,594.0,375.0,187.0,46.0
,,,,,,,795,105.0,100.0,82.0,275.0,362.0,594.0,375.0,187.0,46.0
,,,,,,,796,105.0,100.0,82.0,275.0,362.0,594.0,375.0,187.0,46.0
,,,,,,,797,105.0,100.0,82.0,275.0,362.0,594.0,375.0,187.0,46.0
,,,,,,,798,105.0,100.0,82.0,275.0,362.0,594.0,375.0,187.0,46.0
,,,,,,,799,105.0,100.0,82.0,275.0,362.0,594.0,375.0,187.0,46.0
,,,,,,,800,105.0,100.0,82.0,275.0,362.0,594.0,375.0,187.0,46.0
,,,,,,,801,105.0,100.0,82.0,275.0,362.0,594.0,375.0,187.0,46.0
,,,,,,,802,105.0,100.0,82.0,275.0,362.0,594.0,375.0,187.0,46.0
,,,,,,,803,105.0,100.0,82.0,275.0,362.0,594.0,375.0,187.0,46.0
,,,,,,,804,105.0,100.0,82.0,275.0,362.0,594.0,375.0,187.0,46.0
,,,,,,,805,105.0,100.0,82.0,275.0,362.0,594.0,375.0,187.0,46.0
,,,,,,,806,105.0,100.0,82.0,275.0,362.0,594.0,375.0,187.0,46.0
,,,,,,,807,105.0,100.0,82.0,275.0,362.0,594.0,375.0,187.0,46.0
,,,,,,,808,105.0,100.0,82.0,275.0,362.0,594.0,375.0,187.0,46.0
,,,,,,,809,105.0,100.0,82.0,275.0,362.0,594.0,375.0,187.0,46.0
,,,,,,,810,105.0,100.0,82.0,275.0,362.0,594.0,375.0,187.0,46.0
,,,,,,,811,105.0,100.0,82.0,275.0,362.0,594.0,375.0,187.0,46.0
,,,,,,,812,105.0,100.0,82.0,275.0,362.0,594.0,375.0,187.0,46.0
,,,,,,,813,105.0,100.0,82.0,275.0,362.0,594.0,375.0,187.0,46.0
,,,,,,,814,105.0,100.0,82.0,275.0,362.0,594.0,375.0,187.0,46.0
,,,,,,,815,105.0,100.0,82.0,275.0,362.0,594.0,375.0,187.0,46.0
,,,,,,,816,105.0,100.0,82.0,275.0,362.0,594.0,375.0,187.0,46.0
,,,,,,,817,105.0,100.0,82.0,275.0,362.0,594.0,375.0,187.0,46.0
,,,,,,,818,105.0,100.0,82.0,275.0,362.0,594.0,375.0,187.0,46.0
,,,,,,,819,105.0,100.0,82.0,275.0,362.0,594.0,375.0,187.0,46.0
,,,,,,,820,105.0,100.0,82.0,275.0,362.0,594.0,375.0,187.0,46.0
,,,,,,,821,105.0,100.0,82.0,275.0,362.0,594.0,375.0,187.0,46.0
,,,,,,,822,105.0,100.0,82.0,275.0,362.0,594.0,375.0,187.0,46.0
,,,,,,,823,105.0,100.0,82.0,275.0,362.0,594.0,375.0,187.0,46.0
,,,,,,,824,105.0,100.0,82.0,275.0,362.0,594.0,375.0,187.0,46.0
,,,,,,,825,105.0,100.0,82.0,275.0,362.0,594.0,375.0,187.0,46.0
,,,,,,,826,105.0,100.0,82.0,275.0,362.0,594.0,375.0,187.0,46.0
,,,,,,,827,105.0,100.0,82.0,275.0,362.0,594.0,375.0,187.0,46.0
,,,,,,,828,105.0,100.0,82.0,275.0,362.0,594.0,375.0,187.0,46.0
,,,,,,,829,105.0,100.0,82.0,275.0,362.0,594.0,375.0,187.0,46.0
,,,,,,,830,105.0,100.0,82.0,275.0,362.0,594.0,375.0,187.0,46.0
,,,,,,,831,105.0,100.0,82.0,275.0,362.0,594.0,375.0,187.0,46.0
,,,,,,,832,105.0,100.0,82.0,275.0,362.0,594.0,375.0,187.0,46.0
,,,,,,,833,105.0,100.0,82.0,275.0,362.0,594.0,375.0,187.0,46.0
,,,,,,,834,105.0,100.0,82.0,275.0,362.0,594.0,375.0,187.0,46.0
,,,,,,,835,105.0,100.0,82.0,275.0,362.0,594.0,375.0,187.0,46.0
,,,,,,,836,105.0,100.0,82.0,275.0,362.0,594.0,375.0,187.0,46.0
,,,,,,,837,105.0,100.0,82.0,275.0,362.0,594.0,375.0,187.0,46.0
,,,,,,,838,105.0,100.0,82.0,275.0,362.0,594.0,375.0,187.0,46.0
,,,,,,,839,105.0,100.0,82.0,275.0,362.0,594.0,375.0,187.0,46.0
,,,,,,,840,105.0,100.0,82.0,275.0,362.0,594.0,375.0,187.0,46.0
,,,,,,,841,105.0,100.0,82.0,275.0,362.0,594.0,375.0,187.0,46.0
,,,,,,,842,105.0,100.0,82.0,275.0,362.0,594.0,375.0,187.0,46.0
,,,,,,,843,105.0,100.0,82.0,275.0,362.0,594.0,375.0,187.0,46.0
,,,,,,,844,105.0,100.0,82.0,275.0,362.0,594.0,375.0,187.0,46.0
,,,,,,,845,105.0,100.0,82.0,275.0,362.0,594.0,375.0,187.0,46.0
,,,,,,,846,105.0,100.0,82.0,275.0,362.0,594.0,375.0,187.0,46.0
,,,,,,,847,105.0,100.0,82.0,275.0,362.0,594.0,375.0,187.0,46.0
,,,,,,,848,105.0,100.0,82.0,275.0,362.0,594.0,375.0,187.0,46.0
,,,,,,,849,105.0,100.0,82.0,275.0,362.0,594.0,375.0,187.0,46.0
,,,,,,,850,105.0,100.0,82.0,275.0,362.0,594.0,375.0,187.0,46.0
,,,,,,,851,105.0,100.0,82.0,275.0,362.0,594.0,375.0,187.0,46.0
,,,,,,,852,105.0,100.0,82.0,275.0,362.0,594.0,375.0,187.0,46.0
,,,,,,,853,105.0,100.0,82.0,275.0,362.0,594.0,375.0,187.0,46.0
,,,,,,,854,105.0,100.0,82.0,275.0,362.0,594.0,375.0,187.0,46.0
,,,,,,,855,105.0,100.0,82.0,275.0,362.0,594.0,375.0,187.0,46.0
,,,,,,,856,105.0,100.0,82.0,275.0,362.0,594.0,375.0,187.0,46.0
,,,,,,,857,105.0,100.0,82.0,275.0,362.0,594.0,375.0,187.0,46.0
,,,,,,,858,105.0,100.0,82.0,275.0,362.0,594.0,375.0,187.0,46.0
,,,,,,,859,105.0,100.0,82.0,275.0,362.0,594.0,375.0,187.0,46.0
,,,,,,,860,105.0,100.0,82.0,275.0,362.0,594.0,375.0,187.0,46.0
,,,,,,,861,105.0,100.0,82.0,275.0,362.0,594.0,375.0,187.0,46.0
,,,,,,,862,105.0,100.0,82.0,275.0,362.0,594.0,375.0,187.0,46.0
,,,,,,,863,105.0,100.0,82.0,275.0,362.0,594.0,375.0,187.0,46.0
,,,,,,,864,105.0,100.0,82.0,275.0,362.0,594.0,375.0,187.0,46.0
,,,,,,,865,105.0,100.0,82.0,275.0,362.0,594.0,375.0,187.0,46.0
,,,,,,,866,105.0,100.0,82.0,275.0,362.0,594.0,375.0,187.0,46.0
,,,,,,,867,105.0,100.0,82.0,275.0,362.0,594.0,375.0,187.0,46.0
,,,,,,,868,105.0,100.0,82.0,275.0,362.0,594.0,375.0,187.0,46.0
,,,,,,,869,105.0,100.0,82.0,275.0,362.0,594.0,375.0,187.0,46.0
,,,,,,,870,105.0,100.0,82.0,275.0,362.0,594.0,375.0,187.0,46.0
,,,,,,,871,105.0,100.0,82.0,275.0,362.0,594.0,375.0,187.0,46.0
,,,,,,,872,105.0,100.0,82.0,275.0,362.0,594.0,375.0,187.0,46.0
,,,,,,,873,105.0,100.0,82.0,275.0,362.0,594.0,375.0,187.0,46.0
,,,,,,,874,105.0,100.0,82.0,275.0,362.0,594.0,375.0,187.0,46.0
,,,,,,,875,105.0,100.0,82.0,275.0,362.0,594.0,375.0,187.0,46.0
,,,,,,,876,105.0,100.0,82.0,275.0,362.0,594.0,375.0,187.0,46.0
,,,,,,,877,105.0,100.0,82.0,275.0,362.0,594.0,375.0,187.0,46.0
,,,,,,,878,105.0,100.0,82.0,275.0,362.0,594.0,375.0,187.0,46.0
,,,,,,,879,105.0,100.0,82.0,275.0,362.0,594.0,375.0,187.0,46.0
,,,,,,,880,105.0,100.0,82.0,275.0,362.0,594.0,375.0,187.0,46.0
,,,,,,,881,105.0,100.0,82.0,275.0,362.0,594.0,375.0,187.0,46.0
,,,,,,,882,105.0,100.0,82.0,275.0,362.0,594.0,375.0,187.0,46.0
,,,,,,,883,105.0,100.0,82.0,275.0,362.0,594.0,375.0,187.0,46.0
,,,,,,,884,105.0,100.0,82.0,275.0,362.0,594.0,375.0,187.0,46.0
,,,,,,,885,105.0,100.0,82.0,275.0,362.0,594.0,375.0,187.0,46.0
,,,,,,,886,105.0,100.0,82.0,275.0,362.0,594.0,375.0,187.0,46.0
,,,,,,,887,105.0,100.0,82.0,275.0,362.0,594.0,375.0,187.0,46.0
,,,,,,,888,105.0,100.0,82.0,275.0,362.0,594.0,375.0,187.0,46.0
,,,,,,,889,105.0,100.0,82.0,275.0,362.0,594.0,375.0,187.0,46.0
,,,,,,,890,105.0,100.0,82.0,275.0,362.0,594.0,375.0,187.0,46.0
,,,,,,,891,105.0,100.0,82.0,275.0,362.0,594.0,375.0,187.0,46.0
,,,,,,,892,105.0,100.0,82.0,275.0,362.0,594.0,375.0,187.0,46.0
,,,,,,,893,105.0,100.0,82.0,275.0,362.0,594.0,375.0,187.0,46.0
,,,,,,,894,105.0,100.0,82.0,275.0,362.0,594.0,375.0,187.0,46.0
,,,,,,,895,105.0,100.0,82.0,275.0,362.0,594.0,375.0,187.0,46.0
,,,,,,,896,105.0,100.0,82.0,275.0,362.0,594.0,375.0,187.0,46.0
,,,,,,,897,105.0,100.0,82.0,275.0,362.0,594.0,375.0,187.0,46.0
,,,,,,,898,105.0,100.0,82.0,275.0,362.0,594.0,375.0,187.0,46.0
,,,,,,,899,105.0,100.0,82.0,275.0,362.0,594.0,375.0,187.0,46.0
,,,,,,,900,105.0,100.0,82.0,275.0,362.0,594.0,375.0,187.0,46.0
,,,,,,,901,105.0,100.0,82.0,275.0,362.0,594.0,375.0,187.0,46.0
,,,,,,,902,105.0,100.0,82.0,275.0,362.0,594.0,375.0,187.0,46.0
,,,,,,,903,105.0,100.0,82.0,275.0,362.0,594.0,375.0,187.0,46.0
,,,,,,,904,105.0,100.0,82.0,275.0,362.0,594.0,375.0,187.0,46.0
,,,,,,,905,105.0,100.0,82.0,275.0,362.0,594.0,375.0,187.0,46.0
,,,,,,,906,105.0,100.0,82.0,275.0,362.0,594.0,375.0,187.0,46.0
,,,,,,,907,105.0,100.0,82.0,275.0,362.0,594.0,375.0,187.0,46.0
,,,,,,,908,105.0,100.0,82.0,275.0,362.0,594.0,375.0,187.0,46.0
,,,,,,,909,105.0,100.0,82.0,275.0,362.0,594.0,375.0,187.0,46.0
,,,,,,,910,105.0,100.0,82.0,275.0,362.0,594.0,375.0,187.0,46.0
,,,,,,,911,105.0,100.0,82.0,275.0,362.0,594.0,375.0,187.0,46.0
,,,,,,,912,105.0,100.0,82.0,275.0,362.0,594.0,375.0,187.0,46.0
,,,,,,,913,105.0,100.0,82.0,275.0,362.0,594.0,375.0,187.0,46.0
,,,,,,,914,105.0,100.0,82.0,275.0,362.0,594.0,375.0,187.0,46.0
,,,,,,,915,105.0,100.0,82.0,275.0,362.0,594.0,375.0,187.0,46.0
,,,,,,,916,105.0,100.0,82.0,275.0,362.0,594.0,375.0,187.0,46.0
,,,,,,,917,105.0,100.0,82.0,275.0,362.0,594.0,375.0,187.0,46.0
,,,,,,,918,105.0,100.0,82.0,275.0,362.0,594.0,375.0,187.0,46.0
,,,,,,,919,105.0,100.0,82.0,275.0,362.0,594.0,375.0,187.0,46.0
,,,,,,,920,105.0,100.0,82.0,275.0,362.0,594.0,375.0,187.0,46.0
,,,,,,,921,105.0,100.0,82.0,275.0,362.0,594.0,375.0,187.0,46.0
,,,,,,,922,105.0,100.0,82.0,275.0,362.0,594.0,375.0,187.0,46.0
,,,,,,,923,105.0,100.0,82.0,275.0,362.0,594.0,375.0,187.0,46.0
,,,,,,,924,105.0,100.0,82.0,275.0,362.0,594.0,375.0,187.0,46.0
,,,,,,,925,105.0,100.0,82.0,275.0,362.0,594.0,375.0,187.0,46.0
,,,,,,,926,105.0,100.0,82.0,275.0,362.0,594.0,375.0,187.0,46.0
,,,,,,,927,105.0,100.0,82.0,275.0,362.0,594.0,375.0,187.0,46.0
,,,,,,,928,105.0,100.0,82.0,275.0,362.0,594.0,375.0,187.0,46.0
,,,,,,,929,105.0,100.0,82.0,275.0,362.0,594.0,375.0,187.0,46.0
,,,,,,,930,105.0,100.0,82.0,275.0,362.0,594.0,375.0,187.0,46.0
,,,,,,,931,105.0,100.0,82.0,275.0,362.0,594.0,375.0,187.0,46.0
,,,,,,,932,105.0,100.0,82.0,275.0,362.0,594.0,375.0,187.0,46.0
,,,,,,,933,105.0,100.0,82.0,275.0,362.0,594.0,375.0,187.0,46.0
,,,,,,,934,105.0,100.0,82.0,275.0,362.0,594.0,375.0,187.0,46.0
,,,,,,,935,105.0,100.0,82.0,275.0,362.0,594.0,375.0,187.0,46.0
,,,,,,,936,105.0,100.0,82.0,275.0,362.0,594.0,375.0,187.0,46.0
,,,,,,,937,105.0,100.0,82.0,275.0,362.0,594.0,375.0,187.0,46.0
,,,,,,,938,105.0,100.0,82.0,275.0,362.0,594.0,375.0,187.0,46.0
,,,,,,,939,105.0,100.0,82.0,275.0,362.0,594.0,375.0,187.0,46.0
,,,,,,,940,105.0,100.0,82.0,275.0,362.0,594.0,375.0,187.0,46.0
,,,,,,,941,105.0,100.0,82.0,275.0,362.0,594.0,375.0,187.0,46.0
,,,,,,,942,105.0,100.0,82.0,275.0,362.0,594.0,375.0,187.0,46.0
,,,,,,,943,105.0,100.0,82.0,275.0,362.0,594.0,375.0,187.0,46.0
,,,,,,,944,105.0,100.0,82.0,275.0,362.0,594.0,375.0,187.0,46.0
,,,,,,,945,105.0,100.0,82.0,275.0,362.0,594.0,375.0,187.0,46.0
,,,,,,,946,105.0,100.0,82.0,275.0,362.0,594.0,375.0,187.0,46.0
,,,,,,,947,105.0,100.0,82.0,275.0,362.0,594.0,375.0,187.0,46.0
,,,,,,,948,105.0,100.0,82.0,275.0,362.0,594.0,375.0,187.0,46.0
,,,,,,,949,105.0,100.0,82.0,275.0,362.0,594.0,375.0,187.0,46.0
,,,,,,,950,105.0,100.0,82.0,275.0,362.0,594.0,375.0,187.0,46.0
,,,,,,,951,105.0,100.0,82.0,275.0,362.0,594.0,375.0,187.0,46.0
,,,,,,,952,105.0,100.0,82.0,275.0,362.0,594.0,375.0,187.0,46.0
,,,,,,,953,105.0,100.0,82.0,275.0,362.0,594.0,375.0,187.0,46.0
,,,,,,,954,105.0,100.0,82.0,275.0,362.0,594.0,375.0,187.0,46.0
,,,,,,,955,105.0,100.0,82.0,275.0,362.0,594.0,375.0,187.0,46.0
,,,,,,,956,105.0,100.0,82.0,275.0,362.0,594.0,375.0,187.0,46.0
,,,,,,,957,105.0,100.0,82.0,275.0,362.0,594.0,375.0,187.0,46.0
,,,,,,,958,105.0,100.0,82.0,275.0,362.0,594.0,375.0,187.0,46.0
,,,,,,,959,105.0,100.0,82.0,275.0,362.0,594.0,375.0,187.0,46.0
,,,,,,,960,105.0,100.0,82.0,275.0,362.0,594.0,375.0,187.0,46.0
,,,,,,,961,105.0,100.0,82.0,275.0,362.0,594.0,375.0,187.0,46.0
,,,,,,,962,105.0,100.0,82.0,275.0,362.0,594.0,375.0,187.0,46.0
,,,,,,,963,105.0,100.0,82.0,275.0,362.0,594.0,375.0,187.0,46.0
,,,,,,,964,105.0,100.0,82.0,275.0,362.0,594.0,375.0,187.0,46.0
,,,,,,,965,105.0,100.0,82.0,275.0,362.0,594.0,375.0,187.0,46.0
,,,,,,,966,105.0,100.0,82.0,275.0,362.0,594.0,375.0,187.0,46.0
,,,,,,,967,105.0,100.0,82.0,275.0,362.0,594.0,375.0,187.0,46.0
,,,,,,,968,105.0,100.0,82.0,275.0,362.0,594.0,375.0,187.0,46.0
,,,,,,,969,105.0,100.0,82.0,275.0,362.0,594.0,375.0,187.0,46.0
,,,,,,,970,105.0,100.0,82.0,275.0,362.0,594.0,375.0,187.0,46.0
,,,,,,,971,105.0,100.0,82.0,275.0,362.0,594.0,375.0,187.0,46.0
,,,,,,,972,105.0,100.0,82.0,275.0,362.0,594.0,375.0,187.0,46.0
,,,,,,,973,105.0,100.0,82.0,275.0,362.0,594.0,375.0,187.0,46.0
,,,,,,,974,105.0,100.0,82.0,275.0,362.0,594.0,375.0,187.0,46.0
,,,,,,,975,105.0,100.0,82.0,275.0,362.0,594.0,375.0,187.0,46.0
,,,,,,,976,105.0,100.0,82.0,275.0,362.0,594.0,375.0,187.0,46.0
,,,,,,,977,105.0,100.0,82.0,275.0,362.0,594.0,375.0,187.0,46.0
,,,,,,,978,105.0,100.0,82.0,275.0,362.0,594.0,375.0,187.0,46.0
,,,,,,,979,105.0,100.0,82.0,275.0,362.0,594.0,375.0,187.0,46.0
,,,,,,,980,105.0,100.0,82.0,275.0,362.0,594.0,375.0,187.0,46.0
,,,,,,,981,105.0,100.0,82.0,275.0,362.0,594.0,375.0,187.0,46.0
,,,,,,,982,105.0,100.0,82.0,275.0,362.0,594.0,375.0,187.0,46.0
,,,,,,,983,105.0,100.0,82.0,275.0,362.0,594.0,375.0,187.0,46.0
,,,,,,,984,105.0,100.0,82.0,275.0,362.0,594.0,375.0,187.0,46.0
,,,,,,,985,105.0,100.0,82.0,275.0,362.0,594.0,375.0,187.0,46.0
,,,,,,,986,105.0,100.0,82.0,275.0,362.0,594.0,375.0,187.0,46.0
,,,,,,,987,105.0,100.0,82.0,275.0,362.0,594.0,375.0,187.0,46.0
,,,,,,,988,105.0,100.0,82.0,275.0,362.0,594.0,375.0,187.0,46.0
,,,,,,,989,105.0,100.0,82.0,275.0,362.0,594.0,375.0,187.0,46.0
,,,,,,,990,105.0,100.0,82.0,275.0,362.0,594.0,375.0,187.0,46.0
,,,,,,,991,105.0,100.0,82.0,275.0,362.0,594.0,375.0,187.0,46.0
,,,,,,,992,105.0,100.0,82.0,275.0,362.0,594.0,375.0,187.0,46.0
,,,,,,,993,105.0,100.0,82.0,275.0,362.0,594.0,375.0,187.0,46.0
,,,,,,,994,105.0,100.0,82.0,275.0,362.0,594.0,375.0,187.0,46.0
,,,,,,,995,105.0,100.0,82.0,275.0,362.0,594.0,375.0,187.0,46.0
,,,,,,,996,105.0,100.0,82.0,275.0,362.0,594.0,375.0,187.0,46.0
,,,,,,,997,105.0,100.0,82.0,275.0,362.0,594.0,375.0,187.0,46.0
,,,,,,,998,105.0,100.0,82.0,275.0,362.0,594.0,375.0,187.0,46.0
,,,,,,,999,105.0,100.0,82.0,275.0,362.0,594.0,375.0,187.0,46.0
,,,,,,,1000,105.0,100.0,82.0,275.0,362.0,594.0,375.0,187.0,46.0
,,,,,,,1001,105.0,100.0,82.0,275.0,362.0,594.0,375.0,187.0,46.0
,,,,,,,1002,105.0,100.0,82.0,275.0,362.0,594.0,375.0,187.0,46.0
,,,,,,,1003,105.0,100.0,82.0,275.0,362.0,594.0,375.0,187.0,46.0
,,,,,,,1004,105.0,100.0,82.0,275.0,362.0,594.0,375.0,187.0,46.0
,,,,,,,1005,105.0,100.0,82.0,275.0,362.0,594.0,375.0,187.0,46.0
,,,,,,,1006,105.0,100.0,82.0,275.0,362.0,594.0,375.0,187.0,46.0
,,,,,,,1007,105.0,100.0,82.0,275.0,362.0,594.0,375.0,187.0,46.0
,,,,,,,1008,105.0,100.0,82.0,275.0,362.0,594.0,375.0,187.0,46.0
,,,,,,,1009,105.0,100.0,82.0,275.0,362.0,594.0,375.0,187.0,46.0
,,,,,,,1010,105.0,100.0,82.0,275.0,362.0,594.0,375.0,187.0,46.0
,,,,,,,1011,105.0,100.0,82.0,275.0,362.0,594.0,375.0,187.0,46.0
,,,,,,,1012,105.0,100.0,82.0,275.0,362.0,594.0,375.0,187.0,46.0
,,,,,,,1013,105.0,100.0,82.0,275.0,362.0,594.0,375.0,187.0,46.0
,,,,,,,1014,105.0,100.0,82.0,275.0,362.0,594.0,375.0,187.0,46.0
,,,,,,,1015,105.0,100.0,82.0,275.0,362.0,594.0,375.0,187.0,46.0
,,,,,,,1016,105.0,100.0,82.0,275.0,362.0,594.0,375.0,187.0,46.0
,,,,,,,1017,105.0,100.0,82.0,275.0,362.0,594.0,375.0,187.0,46.0
,,,,,,,1018,105.0,100.0,82.0,275.0,362.0,594.0,375.0,187.0,46.0
,,,,,,,1019,105.0,100.0,82.0,275.0,362.0,594.0,375.0,187.0,46.0
,,,,,,,1020,105.0,100.0,82.0,275.0,362.0,594.0,375.0,187.0,46.0
,,,,,,,1021,105.0,100.0,82.0,275.0,362.0,594.0,375.0,187.0,46.0
,,,,,,,1022,105.0,100.0,82.0,275.0,362.0,594.0,375.0,187.0,46.0
,,,,,,,1023,105.0,100.0,82.0,275.0,362.0,594.0,375.0,187.0,46.0
,,,,,,,1024,105.0,100.0,82.0,275.0,362.0,594.0,375.0,187.0,46.0
,,,,,,,1025,105.0,100.0,82.0,275.0,362.0,594.0,375.0,187.0,46.0
,,,,,,,1026,105.0,100.0,82.0,275.0,362.0,594.0,375.0,187.0,46.0
,,,,,,,1027,105.0,100.0,82.0,275.0,362.0,594.0,375.0,187.0,46.0
,,,,,,,1028,105.0,100.0,82.0,275.0,362.0,594.0,375.0,187.0,46.0
,,,,,,,1029,105.0,100.0,82.0,275.0,362.0,594.0,375.0,187.0,46.0
,,,,,,,1030,105.0,100.0,82.0,275.0,362.0,594.0,375.0,187.0,46.0
,,,,,,,1031,105.0,100.0,82.0,275.0,362.0,594.0,375.0,187.0,46.0
,,,,,,,1032,105.0,100.0,82.0,275.0,362.0,594.0,375.0,187.0,46.0
,,,,,,,1033,105.0,100.0,82.0,275.0,362.0,594.0,375.0,187.0,46.0
,,,,,,,1034,105.0,100.0,82.0,275.0,362.0,594.0,375.0,187.0,46.0
,,,,,,,1035,105.0,100.0,82.0,275.0,362.0,594.0,375.0,187.0,46.0
,,,,,,,1036,105.0,100.0,82.0,275.0,362.0,594.0,375.0,187.0,46.0
,,,,,,,1037,105.0,100.0,82.0,275.0,362.0,594.0,375.0,187.0,46.0
,,,,,,,1038,105.0,100.0,82.0,275.0,362.0,594.0,375.0,187.0,46.0
,,,,,,,1039,105.0,100.0,82.0,275.0,362.0,594.0,375.0,187.0,46.0
,,,,,,,1040,105.0,100.0,82.0,275.0,362.0,594.0,375.0,187.0,46.0
,,,,,,,1041,105.0,100.0,82.0,275.0,362.0,594.0,375.0,187.0,46.0
,,,,,,,1042,105.0,100.0,82.0,275.0,362.0,594.0,375.0,187.0,46.0
,,,,,,,1043,105.0,100.0,82.0,275.0,362.0,594.0,375.0,187.0,46.0
,,,,,,,1044,105.0,100.0,82.0,275.0,362.0,594.0,375.0,187.0,46.0
,,,,,,,1045,105.0,100.0,82.0,275.0,362.0,594.0,375.0,187.0,46.0
,,,,,,,1046,105.0,100.0,82.0,275.0,362.0,594.0,375.0,187.0,46.0
,,,,,,,1047,105.0,100.0,82.0,275.0,362.0,594.0,375.0,187.0,46.0
,,,,,,,1048,105.0,100.0,82.0,275.0,362.0,594.0,375.0,187.0,46.0
,,,,,,,1049,105.0,100.0,82.0,275.0,362.0,594.0,375.0,187.0,46.0
,,,,,,,1050,105.0,100.0,82.0,275.0,362.0,594.0,375.0,187.0,46.0
,,,,,,,1051,105.0,100.0,82.0,275.0,362.0,594.0,375.0,187.0,46.0
,,,,,,,1052,105.0,100.0,82.0,275.0,362.0,594.0,375.0,187.0,46.0
,,,,,,,1053,105.0,100.0,82.0,275.0,362.0,594.0,375.0,187.0,46.0
,,,,,,,1054,105.0,100.0,82.0,275.0,362.0,594.0,375.0,187.0,46.0
,,,,,,,1055,105.0,100.0,82.0,275.0,362.0,594.0,375.0,187.0,46.0
,,,,,,,1056,105.0,100.0,82.0,275.0,362.0,594.0,375.0,187.0,46.0
,,,,,,,1057,105.0,100.0,82.0,275.0,362.0,594.0,375.0,187.0,46.0
,,,,,,,1058,105.0,100.0,82.0,275.0,362.0,594.0,375.0,187.0,46.0
,,,,,,,1059,105.0,100.0,82.0,275.0,362.0,594.0,375.0,187.0,46.0
,,,,,,,1060,105.0,100.0,82.0,275.0,362.0,594.0,375.0,187.0,46.0
,,,,,,,1061,105.0,100.0,82.0,275.0,362.0,594.0,375.0,187.0,46.0
,,,,,,,1062,105.0,100.0,82.0,275.0,362.0,594.0,375.0,187.0,46.0
,,,,,,,1063,105.0,100.0,82.0,275.0,362.0,594.0,375.0,187.0,46.0
,,,,,,,1064,105.0,100.0,82.0,275.0,362.0,594.0,375.0,187.0,46.0
,,,,,,,1065,105.0,100.0,82.0,275.0,362.0,594.0,375.0,187.0,46.0
,,,,,,,1066,105.0,100.0,82.0,275.0,362.0,594.0,375.0,187.0,46.0
,,,,,,,1067,105.0,100.0,82.0,275.0,362.0,594.0,375.0,187.0,46.0
,,,,,,,1068,105.0,100.0,82.0,275.0,362.0,594.0,375.0,187.0,46.0
,,,,,,,1069,105.0,100.0,82.0,275.0,362.0,594.0,375.0,187.0,46.0
,,,,,,,1070,105.0,100.0,82.0,275.0,362.0,594.0,375.0,187.0,46.0
,,,,,,,1071,105.0,100.0,82.0,275.0,362.0,594.0,375.0,187.0,46.0
,,,,,,,1072,105.0,100.0,82.0,275.0,362.0,594.0,375.0,187.0,46.0
,,,,,,,1073,105.0,100.0,82.0,275.0,362.0,594.0,375.0,187.0,46.0
,,,,,,,1074,105.0,100.0,82.0,275.0,362.0,594.0,375.0,187.0,46.0
,,,,,,,1075,105.0,100.0,82.0,275.0,362.0,594.0,375.0,187.0,46.0
,,,,,,,1076,105.0,100.0,82.0,275.0,362.0,594.0,375.0,187.0,46.0
,,,,,,,1077,105.0,100.0,82.0,275.0,362.0,594.0,375.0,187.0,46.0
,,,,,,,1078,105.0,100.0,82.0,275.0,362.0,594.0,375.0,187.0,46.0
,,,,,,,1079,105.0,100.0,82.0,275.0,362.0,594.0,375.0,187.0,46.0
,,,,,,,1080,105.0,100.0,82.0,275.0,362.0,594.0,375.0,187.0,46.0
,,,,,,,1081,105.0,100.0,82.0,275.0,362.0,594.0,375.0,187.0,46.0
,,,,,,,1082,105.0,100.0,82.0,275.0,362.0,594.0,375.0,187.0,46.0
,,,,,,,1083,105.0,100.0,82.0,275.0,362.0,594.0,375.0,187.0,46.0
,,,,,,,1084,105.0,100.0,82.0,275.0,362.0,594.0,375.0,187.0,46.0
,,,,,,,1085,105.0,100.0,82.0,275.0,362.0,594.0,375.0,187.0,46.0
,,,,,,,1086,105.0,100.0,82.0,275.0,362.0,594.0,375.0,187.0,46.0
,,,,,,,1087,105.0,100.0,82.0,275.0,362.0,594.0,375.0,187.0,46.0
,,,,,,,1088,105.0,100.0,82.0,275.0,362.0,594.0,375.0,187.0,46.0
,,,,,,,1089,105.0,100.0,82.0,275.0,362.0,594.0,375.0,187.0,46.0
,,,,,,,1090,105.0,100.0,82.0,275.0,362.0,594.0,375.0,187.0,46.0
,,,,,,,1091,105.0,100.0,82.0,275.0,362.0,594.0,375.0,187.0,46.0
,,,,,,,1092,105.0,100.0,82.0,275.0,362.0,594.0,375.0,187.0,46.0
,,,,,,,1093,105.0,100.0,82.0,275.0,362.0,594.0,375.0,187.0,46.0
,,,,,,,1094,105.0,100.0,82.0,275.0,362.0,594.0,375.0,187.0,46.0
,,,,,,,1095,105.0,100.0,82.0,275.0,362.0,594.0,375.0,187.0,46.0
,,,,,,,1096,105.0,100.0,82.0,275.0,362.0,594.0,375.0,187.0,46.0
,,,,,,,1097,105.0,100.0,82.0,275.0,362.0,594.0,375.0,187.0,46.0
,,,,,,,1098,105.0,100.0,82.0,275.0,362.0,594.0,375.0,187.0,46.0
,,,,,,,1099,105.0,100.0,82.0,275.0,362.0,594.0,375.0,187.0,46.0
,,,,,,,1100,105.0,100.0,82.0,275.0,362.0,594.0,375.0,187.0,46.0
,,,,,,,1101,105.0,100.0,82.0,275.0,362.0,594.0,375.0,187.0,46.0
,,,,,,,1102,105.0,100.0,82.0,275.0,362.0,594.0,375.0,187.0,46.0
,,,,,,,1103,105.0,100.0,82.0,275.0,362.0,594.0,375.0,187.0,46.0
,,,,,,,1104,105.0,100.0,82.0,275.0,362.0,594.0,375.0,187.0,46.0
,,,,,,,1105,105.0,100.0,82.0,275.0,362.0,594.0,375.0,187.0,46.0
,,,,,,,1106,105.0,100.0,82.0,275.0,362.0,594.0,375.0,187.0,46.0
,,,,,,,1107,105.0,100.0,82.0,275.0,362.0,594.0,375.0,187.0,46.0
,,,,,,,1108,105.0,100.0,82.0,275.0,362.0,594.0,375.0,187.0,46.0
,,,,,,,1109,105.0,100.0,82.0,275.0,362.0,594.0,375.0,187.0,46.0
,,,,,,,1110,105.0,100.0,82.0,275.0,362.0,594.0,375.0,187.0,46.0
,,,,,,,1111,105.0,100.0,82.0,275.0,362.0,594.0,375.0,187.0,46.0
,,,,,,,1112,105.0,100.0,82.0,275.0,362.0,594.0,375.0,187.0,46.0
,,,,,,,1113,105.0,100.0,82.0,275.0,362.0,594.0,375.0,187.0,46.0
,,,,,,,1114,105.0,100.0,82.0,275.0,362.0,594.0,375.0,187.0,46.0
,,,,,,,1115,105.0,100.0,82.0,275.0,362.0,594.0,375.0,187.0,46.0
,,,,,,,1116,105.0,100.0,82.0,275.0,362.0,594.0,375.0,187.0,46.0
,,,,,,,1117,105.0,100.0,82.0,275.0,362.0,594.0,375.0,187.0,46.0
,,,,,,,1118,105.0,100.0,82.0,275.0,362.0,594.0,375.0,187.0,46.0
,,,,,,,1119,105.0,100.0,82.0,275.0,362.0,594.0,375.0,187.0,46.0
,,,,,,,1120,105.0,100.0,82.0,275.0,362.0,594.0,375.0,187.0,46.0
,,,,,,,1121,105.0,100.0,82.0,275.0,362.0,594.0,375.0,187.0,46.0
,,,,,,,1122,105.0,100.0,82.0,275.0,362.0,594.0,375.0,187.0,46.0
,,,,,,,1123,105.0,100.0,82.0,275.0,362.0,594.0,375.0,187.0,46.0
,,,,,,,1124,105.0,100.0,82.0,275.0,362.0,594.0,375.0,187.0,46.0
,,,,,,,1125,105.0,100.0,82.0,275.0,362.0,594.0,375.0,187.0,46.0
,,,,,,,1126,105.0,100.0,82.0,275.0,362.0,594.0,375.0,187.0,46.0
,,,,,,,1127,105.0,100.0,82.0,275.0,362.0,594.0,375.0,187.0,46.0
,,,,,,,1128,105.0,100.0,82.0,275.0,362.0,594.0,375.0,187.0,46.0
,,,,,,,1129,105.0,100.0,82.0,275.0,362.0,594.0,375.0,187.0,46.0
,,,,,,,1130,105.0,100.0,82.0,275.0,362.0,594.0,375.0,187.0,46.0
,,,,,,,1131,105.0,100.0,82.0,275.0,362.0,594.0,375.0,187.0,46.0
,,,,,,,1132,105.0,100.0,82.0,275.0,362.0,594.0,375.0,187.0,46.0
,,,,,,,1133,105.0,100.0,82.0,275.0,362.0,594.0,375.0,187.0,46.0
,,,,,,,1134,105.0,100.0,82.0,275.0,362.0,594.0,375.0,187.0,46.0
,,,,,,,1135,105.0,100.0,82.0,275.0,362.0,594.0,375.0,187.0,46.0
,,,,,,,1136,105.0,100.0,82.0,275.0,362.0,594.0,375.0,187.0,46.0
,,,,,,,1137,105.0,100.0,82.0,275.0,362.0,594.0,375.0,187.0,46.0
,,,,,,,1138,105.0,100.0,82.0,275.0,362.0,594.0,375.0,187.0,46.0
,,,,,,,1139,105.0,100.0,82.0,275.0,362.0,594.0,375.0,187.0,46.0
,,,,,,,1140,105.0,100.0,82.0,275.0,362.0,594.0,375.0,187.0,46.0
,,,,,,,1141,105.0,100.0,82.0,275.0,362.0,594.0,375.0,187.0,46.0
,,,,,,,1142,105.0,100.0,82.0,275.0,362.0,594.0,375.0,187.0,46.0
,,,,,,,1143,105.0,100.0,82.0,275.0,362.0,594.0,375.0,187.0,46.0
,,,,,,,1144,105.0,100.0,82.0,275.0,362.0,594.0,375.0,187.0,46.0
,,,,,,,1145,105.0,100.0,82.0,275.0,362.0,594.0,375.0,187.0,46.0
,,,,,,,1146,105.0,100.0,82.0,275.0,362.0,594.0,375.0,187.0,46.0
,,,,,,,1147,105.0,100.0,82.0,275.0,362.0,594.0,375.0,187.0,46.0
,,,,,,,1148,105.0,100.0,82.0,275.0,362.0,594.0,375.0,187.0,46.0
,,,,,,,1149,105.0,100.0,82.0,275.0,362.0,594.0,375.0,187.0,46.0
,,,,,,,1150,105.0,100.0,82.0,275.0,362.0,594.0,375.0,187.0,46.0
,,,,,,,1151,105.0,100.0,82.0,275.0,362.0,594.0,375.0,187.0,46.0
,,,,,,,1152,105.0,100.0,82.0,275.0,362.0,594.0,375.0,187.0,46.0
,,,,,,,1153,105.0,100.0,82.0,275.0,362.0,594.0,375.0,187.0,46.0
,,,,,,,1154,105.0,100.0,82.0,275.0,362.0,594.0,375.0,187.0,46.0
,,,,,,,1155,105.0,100.0,82.0,275.0,362.0,594.0,375.0,187.0,46.0
,,,,,,,1156,105.0,100.0,82.0,275.0,362.0,594.0,375.0,187.0,46.0
,,,,,,,1157,105.0,100.0,82.0,275.0,362.0,594.0,375.0,187.0,46.0
,,,,,,,1158,105.0,100.0,82.0,275.0,362.0,594.0,375.0,187.0,46.0
,,,,,,,1159,105.0,100.0,82.0,275.0,362.0,594.0,375.0,187.0,46.0
,,,,,,,1160,105.0,100.0,82.0,275.0,362.0,594.0,375.0,187.0,46.0
,,,,,,,1161,105.0,100.0,82.0,275.0,362.0,594.0,375.0,187.0,46.0
,,,,,,,1162,105.0,100.0,82.0,275.0,362.0,594.0,375.0,187.0,46.0
,,,,,,,1163,105.0,100.0,82.0,275.0,362.0,594.0,375.0,187.0,46.0
,,,,,,,1164,105.0,100.0,82.0,275.0,362.0,594.0,375.0,187.0,46.0
,,,,,,,1165,105.0,100.0,82.0,275.0,362.0,594.0,375.0,187.0,46.0
,,,,,,,1166,105.0,100.0,82.0,275.0,362.0,594.0,375.0,187.0,46.0
,,,,,,,1167,105.0,100.0,82.0,275.0,362.0,594.0,375.0,187.0,46.0
,,,,,,,1168,105.0,100.0,82.0,275.0,362.0,594.0,375.0,187.0,46.0
,,,,,,,1169,105.0,100.0,82.0,275.0,362.0,594.0,375.0,187.0,46.0
,,,,,,,1170,105.0,100.0,82.0,275.0,362.0,594.0,375.0,187.0,46.0
,,,,,,,1171,105.0,100.0,82.0,275.0,362.0,594.0,375.0,187.0,46.0
,,,,,,,1172,105.0,100.0,82.0,275.0,362.0,594.0,375.0,187.0,46.0
,,,,,,,1173,105.0,100.0,82.0,275.0,362.0,594.0,375.0,187.0,46.0
,,,,,,,1174,105.0,100.0,82.0,275.0,362.0,594.0,375.0,187.0,46.0
,,,,,,,1175,105.0,100.0,82.0,275.0,362.0,594.0,375.0,187.0,46.0
,,,,,,,1176,105.0,100.0,82.0,275.0,362.0,594.0,375.0,187.0,46.0
,,,,,,,1177,105.0,100.0,82.0,275.0,362.0,594.0,375.0,187.0,46.0
,,,,,,,1178,105.0,100.0,82.0,275.0,362.0,594.0,375.0,187.0,46.0
,,,,,,,1179,105.0,100.0,82.0,275.0,362.0,594.0,375.0,187.0,46.0
,,,,,,,1180,105.0,100.0,82.0,275.0,362.0,594.0,375.0,187.0,46.0
,,,,,,,1181,105.0,100.0,82.0,275.0,362.0,594.0,375.0,187.0,46.0
,,,,,,,1182,105.0,100.0,82.0,275.0,362.0,594.0,375.0,187.0,46.0
,,,,,,,1183,105.0,100.0,82.0,275.0,362.0,594.0,375.0,187.0,46.0
,,,,,,,1184,105.0,100.0,82.0,275.0,362.0,594.0,375.0,187.0,46.0
,,,,,,,1185,105.0,100.0,82.0,275.0,362.0,594.0,375.0,187.0,46.0
,,,,,,,1186,105.0,100.0,82.0,275.0,362.0,594.0,375.0,187.0,46.0
,,,,,,,1187,105.0,100.0,82.0,275.0,362.0,594.0,375.0,187.0,46.0
,,,,,,,1188,105.0,100.0,82.0,275.0,362.0,594.0,375.0,187.0,46.0
,,,,,,,1189,105.0,100.0,82.0,275.0,362.0,594.0,375.0,187.0,46.0
,,,,,,,1190,105.0,100.0,82.0,275.0,362.0,594.0,375.0,187.0,46.0
,,,,,,,1191,105.0,100.0,82.0,275.0,362.0,594.0,375.0,187.0,46.0
,,,,,,,1192,105.0,100.0,82.0,275.0,362.0,594.0,375.0,187.0,46.0
,,,,,,,1193,105.0,100.0,82.0,275.0,362.0,594.0,375.0,187.0,46.0
,,,,,,,1194,105.0,100.0,82.0,275.0,362.0,594.0,375.0,187.0,46.0
,,,,,,,1195,105.0,100.0,82.0,275.0,362.0,594.0,375.0,187.0,46.0
,,,,,,,1196,105.0,100.0,82.0,275.0,362.0,594.0,375.0,187.0,46.0
,,,,,,,1197,105.0,100.0,82.0,275.0,362.0,594.0,375.0,187.0,46.0
,,,,,,,1198,105.0,100.0,82.0,275.0,362.0,594.0,375.0,187.0,46.0
,,,,,,,1199,105.0,100.0,82.0,275.0,362.0,594.0,375.0,187.0,46.0
,,,,,,,1200,105.0,100.0,82.0,275.0,362.0,594.0,375.0,187.0,46.0
,,,,,,,1201,105.0,100.0,82.0,275.0,362.0,594.0,375.0,187.0,46.0
,,,,,,,1202,105.0,100.0,82.0,275.0,362.0,594.0,375.0,187.0,46.0
,,,,,,,1203,105.0,100.0,82.0,275.0,362.0,594.0,375.0,187.0,46.0
,,,,,,,1204,105.0,100.0,82.0,275.0,362.0,594.0,375.0,187.0,46.0
,,,,,,,1205,105.0,100.0,82.0,275.0,362.0,594.0,375.0,187.0,46.0
,,,,,,,1206,105.0,100.0,82.0,275.0,362.0,594.0,375.0,187.0,46.0
,,,,,,,1207,105.0,100.0,82.0,275.0,362.0,594.0,375.0,187.0,46.0
,,,,,,,1208,105.0,100.0,82.0,275.0,362.0,594.0,375.0,187.0,46.0
,,,,,,,1209,105.0,100.0,82.0,275.0,362.0,594.0,375.0,187.0,46.0
,,,,,,,1210,105.0,100.0,82.0,275.0,362.0,594.0,375.0,187.0,46.0
,,,,,,,1211,105.0,100.0,82.0,275.0,362.0,594.0,375.0,187.0,46.0
,,,,,,,1212,105.0,100.0,82.0,275.0,362.0,594.0,375.0,187.0,46.0
,,,,,,,1213,105.0,100.0,82.0,275.0,362.0,594.0,375.0,187.0,46.0
,,,,,,,1214,105.0,100.0,82.0,275.0,362.0,594.0,375.0,187.0,46.0
,,,,,,,1215,105.0,100.0,82.0,275.0,362.0,594.0,375.0,187.0,46.0
,,,,,,,1216,105.0,100.0,82.0,275.0,362.0,594.0,375.0,187.0,46.0
,,,,,,,1217,105.0,100.0,82.0,275.0,362.0,594.0,375.0,187.0,46.0
,,,,,,,1218,105.0,100.0,82.0,275.0,362.0,594.0,375.0,187.0,46.0
,,,,,,,1219,105.0,100.0,82.0,275.0,362.0,594.0,375.0,187.0,46.0
,,,,,,,1220,105.0,100.0,82.0,275.0,362.0,594.0,375.0,187.0,46.0
,,,,,,,1221,105.0,100.0,82.0,275.0,362.0,594.0,375.0,187.0,46.0
,,,,,,,1222,105.0,100.0,82.0,275.0,362.0,594.0,375.0,187.0,46.0
,,,,,,,1223,105.0,100.0,82.0,275.0,362.0,594.0,375.0,187.0,46.0
,,,,,,,1224,105.0,100.0,82.0,275.0,362.0,594.0,375.0,187.0,46.0
,,,,,,,1225,105.0,100.0,82.0,275.0,362.0,594.0,375.0,187.0,46.0
,,,,,,,1226,105.0,100.0,82.0,275.0,362.0,594.0,375.0,187.0,46.0
,,,,,,,1227,105.0,100.0,82.0,275.0,362.0,594.0,375.0,187.0,46.0
,,,,,,,1228,105.0,100.0,82.0,275.0,362.0,594.0,375.0,187.0,46.0
,,,,,,,1229,105.0,100.0,82.0,275.0,362.0,594.0,375.0,187.0,46.0
,,,,,,,1230,105.0,100.0,82.0,275.0,362.0,594.0,375.0,187.0,46.0
,,,,,,,1231,105.0,100.0,82.0,275.0,362.0,594.0,375.0,187.0,46.0
,,,,,,,1232,105.0,100.0,82.0,275.0,362.0,594.0,375.0,187.0,46.0
,,,,,,,1233,105.0,100.0,82.0,275.0,362.0,594.0,375.0,187.0,46.0
,,,,,,,1234,105.0,100.0,82.0,275.0,362.0,594.0,375.0,187.0,46.0
,,,,,,,1235,105.0,100.0,82.0,275.0,362.0,594.0,375.0,187.0,46.0
,,,,,,,1236,105.0,100.0,82.0,275.0,362.0,594.0,375.0,187.0,46.0
,,,,,,,1237,105.0,100.0,82.0,275.0,362.0,594.0,375.0,187.0,46.0
,,,,,,,1238,105.0,100.0,82.0,275.0,362.0,594.0,375.0,187.0,46.0
,,,,,,,1239,105.0,100.0,82.0,275.0,362.0,594.0,375.0,187.0,46.0
,,,,,,,1240,105.0,100.0,82.0,275.0,362.0,594.0,375.0,187.0,46.0
,,,,,,,1241,105.0,100.0,82.0,275.0,362.0,594.0,375.0,187.0,46.0
,,,,,,,1242,105.0,100.0,82.0,275.0,362.0,594.0,375.0,187.0,46.0
,,,,,,,1243,105.0,100.0,82.0,275.0,362.0,594.0,375.0,187.0,46.0
,,,,,,,1244,105.0,100.0,82.0,275.0,362.0,594.0,375.0,187.0,46.0
,,,,,,,1245,105.0,100.0,82.0,275.0,362.0,594.0,375.0,187.0,46.0
,,,,,,,1246,105.0,100.0,82.0,275.0,362.0,594.0,375.0,187.0,46.0
,,,,,,,1247,105.0,100.0,82.0,275.0,362.0,594.0,375.0,187.0,46.0
,,,,,,,1248,105.0,100.0,82.0,275.0,362.0,594.0,375.0,187.0,46.0
,,,,,,,1249,105.0,100.0,82.0,275.0,362.0,594.0,375.0,187.0,46.0
,,,,,,,1250,105.0,100.0,82.0,275.0,362.0,594.0,375.0,187.0,46.0
,,,,,,,1251,105.0,100.0,82.0,275.0,362.0,594.0,375.0,187.0,46.0
,,,,,,,1252,105.0,100.0,82.0,275.0,362.0,594.0,375.0,187.0,46.0
,,,,,,,1253,105.0,100.0,82.0,275.0,362.0,594.0,375.0,187.0,46.0
,,,,,,,1254,105.0,100.0,82.0,275.0,362.0,594.0,375.0,187.0,46.0
,,,,,,,1255,105.0,100.0,82.0,275.0,362.0,594.0,375.0,187.0,46.0
,,,,,,,1256,105.0,100.0,82.0,275.0,362.0,594.0,375.0,187.0,46.0
,,,,,,,1257,105.0,100.0,82.0,275.0,362.0,594.0,375.0,187.0,46.0
,,,,,,,1258,105.0,100.0,82.0,275.0,362.0,594.0,375.0,187.0,46.0
,,,,,,,1259,105.0,100.0,82.0,275.0,362.0,594.0,375.0,187.0,46.0
,,,,,,,1260,105.0,100.0,82.0,275.0,362.0,594.0,375.0,187.0,46.0
,,,,,,,1261,105.0,100.0,82.0,275.0,362.0,594.0,375.0,187.0,46.0
,,,,,,,1262,105.0,100.0,82.0,275.0,362.0,594.0,375.0,187.0,46.0
,,,,,,,1263,105.0,100.0,82.0,275.0,362.0,594.0,375.0,187.0,46.0
,,,,,,,1264,105.0,100.0,82.0,275.0,362.0,594.0,375.0,187.0,46.0
,,,,,,,1265,105.0,100.0,82.0,275.0,362.0,594.0,375.0,187.0,46.0
,,,,,,,1266,105.0,100.0,82.0,275.0,362.0,594.0,375.0,187.0,46.0
,,,,,,,1267,105.0,100.0,82.0,275.0,362.0,594.0,375.0,187.0,46.0
,,,,,,,1268,105.0,100.0,82.0,275.0,362.0,594.0,375.0,187.0,46.0
,,,,,,,1269,105.0,100.0,82.0,275.0,362.0,594.0,375.0,187.0,46.0
,,,,,,,1270,105.0,100.0,82.0,275.0,362.0,594.0,375.0,187.0,46.0
,,,,,,,1271,105.0,100.0,82.0,275.0,362.0,594.0,375.0,187.0,46.0
,,,,,,,1272,105.0,100.0,82.0,275.0,362.0,594.0,375.0,187.0,46.0
,,,,,,,1273,105.0,100.0,82.0,275.0,362.0,594.0,375.0,187.0,46.0
,,,,,,,1274,105.0,100.0,82.0,275.0,362.0,594.0,375.0,187.0,46.0
,,,,,,,1275,105.0,100.0,82.0,275.0,362.0,594.0,375.0,187.0,46.0
,,,,,,,1276,105.0,100.0,82.0,275.0,362.0,594.0,375.0,187.0,46.0
,,,,,,,1277,105.0,100.0,82.0,275.0,362.0,594.0,375.0,187.0,46.0
,,,,,,,1278,105.0,100.0,82.0,275.0,362.0,594.0,375.0,187.0,46.0
,,,,,,,1279,105.0,100.0,82.0,275.0,362.0,594.0,375.0,187.0,46.0
,,,,,,,1280,105.0,100.0,82.0,275.0,362.0,594.0,375.0,187.0,46.0
,,,,,,,1281,105.0,100.0,82.0,275.0,362.0,594.0,375.0,187.0,46.0
,,,,,,,1282,105.0,100.0,82.0,275.0,362.0,594.0,375.0,187.0,46.0
,,,,,,,1283,105.0,100.0,82.0,275.0,362.0,594.0,375.0,187.0,46.0
,,,,,,,1284,105.0,100.0,82.0,275.0,362.0,594.0,375.0,187.0,46.0
,,,,,,,1285,105.0,100.0,82.0,275.0,362.0,594.0,375.0,187.0,46.0
,,,,,,,1286,105.0,100.0,82.0,275.0,362.0,594.0,375.0,187.0,46.0
,,,,,,,1287,105.0,100.0,82.0,275.0,362.0,594.0,375.0,187.0,46.0
,,,,,,,1288,105.0,100.0,82.0,275.0,362.0,594.0,375.0,187.0,46.0
,,,,,,,1289,105.0,100.0,82.0,275.0,362.0,594.0,375.0,187.0,46.0
,,,,,,,1290,105.0,100.0,82.0,275.0,362.0,594.0,375.0,187.0,46.0
,,,,,,,1291,105.0,100.0,82.0,275.0,362.0,594.0,375.0,187.0,46.0
,,,,,,,1292,105.0,100.0,82.0,275.0,362.0,594.0,375.0,187.0,46.0
,,,,,,,1293,105.0,100.0,82.0,275.0,362.0,594.0,375.0,187.0,46.0
,,,,,,,1294,105.0,100.0,82.0,275.0,362.0,594.0,375.0,187.0,46.0
,,,,,,,1295,105.0,100.0,82.0,275.0,362.0,594.0,375.0,187.0,46.0
,,,,,,,1296,105.0,100.0,82.0,275.0,362.0,594.0,375.0,187.0,46.0
,,,,,,,1297,105.0,100.0,82.0,275.0,362.0,594.0,375.0,187.0,46.0
,,,,,,,1298,105.0,100.0,82.0,275.0,362.0,594.0,375.0,187.0,46.0
,,,,,,,1299,105.0,100.0,82.0,275.0,362.0,594.0,375.0,187.0,46.0
,,,,,,,1300,105.0,100.0,82.0,275.0,362.0,594.0,375.0,187.0,46.0
,,,,,,,1301,105.0,100.0,82.0,275.0,362.0,594.0,375.0,187.0,46.0
,,,,,,,1302,105.0,100.0,82.0,275.0,362.0,594.0,375.0,187.0,46.0
,,,,,,,1303,105.0,100.0,82.0,275.0,362.0,594.0,375.0,187.0,46.0
,,,,,,,1304,105.0,100.0,82.0,275.0,362.0,594.0,375.0,187.0,46.0
,,,,,,,1305,105.0,100.0,82.0,275.0,362.0,594.0,375.0,187.0,46.0
,,,,,,,1306,105.0,100.0,82.0,275.0,362.0,594.0,375.0,187.0,46.0
,,,,,,,1307,105.0,100.0,82.0,275.0,362.0,594.0,375.0,187.0,46.0
,,,,,,,1308,105.0,100.0,82.0,275.0,362.0,594.0,375.0,187.0,46.0
,,,,,,,1309,105.0,100.0,82.0,275.0,362.0,594.0,375.0,187.0,46.0
,,,,,,,1310,105.0,100.0,82.0,275.0,362.0,594.0,375.0,187.0,46.0
,,,,,,,1311,105.0,100.0,82.0,275.0,362.0,594.0,375.0,187.0,46.0
,,,,,,,1312,105.0,100.0,82.0,275.0,362.0,594.0,375.0,187.0,46.0
,,,,,,,1313,105.0,100.0,82.0,275.0,362.0,594.0,375.0,187.0,46.0
,,,,,,,1314,105.0,100.0,82.0,275.0,362.0,594.0,375.0,187.0,46.0
,,,,,,,1315,105.0,100.0,82.0,275.0,362.0,594.0,375.0,187.0,46.0
,,,,,,,1316,105.0,100.0,82.0,275.0,362.0,594.0,375.0,187.0,46.0
,,,,,,,1317,105.0,100.0,82.0,275.0,362.0,594.0,375.0,187.0,46.0
,,,,,,,1318,105.0,100.0,82.0,275.0,362.0,594.0,375.0,187.0,46.0
,,,,,,,1319,105.0,100.0,82.0,275.0,362.0,594.0,375.0,187.0,46.0
,,,,,,,1320,105.0,100.0,82.0,275.0,362.0,594.0,375.0,187.0,46.0
,,,,,,,1321,105.0,100.0,82.0,275.0,362.0,594.0,375.0,187.0,46.0
,,,,,,,1322,105.0,100.0,82.0,275.0,362.0,594.0,375.0,187.0,46.0
,,,,,,,1323,105.0,100.0,82.0,275.0,362.0,594.0,375.0,187.0,46.0
,,,,,,,1324,105.0,100.0,82.0,275.0,362.0,594.0,375.0,187.0,46.0
,,,,,,,1325,105.0,100.0,82.0,275.0,362.0,594.0,375.0,187.0,46.0
,,,,,,,1326,105.0,100.0,82.0,275.0,362.0,594.0,375.0,187.0,46.0
,,,,,,,1327,105.0,100.0,82.0,275.0,362.0,594.0,375.0,187.0,46.0
,,,,,,,1328,105.0,100.0,82.0,275.0,362.0,594.0,375.0,187.0,46.0
,,,,,,,1329,105.0,100.0,82.0,275.0,362.0,594.0,375.0,187.0,46.0
,,,,,,,1330,105.0,100.0,82.0,275.0,362.0,594.0,375.0,187.0,46.0
,,,,,,,1331,105.0,100.0,82.0,275.0,362.0,594.0,375.0,187.0,46.0
,,,,,,,1332,105.0,100.0,82.0,275.0,362.0,594.0,375.0,187.0,46.0
,,,,,,,1333,105.0,100.0,82.0,275.0,362.0,594.0,375.0,187.0,46.0
,,,,,,,1334,105.0,100.0,82.0,275.0,362.0,594.0,375.0,187.0,46.0
,,,,,,,1335,105.0,100.0,82.0,275.0,362.0,594.0,375.0,187.0,46.0
,,,,,,,1336,105.0,100.0,82.0,275.0,362.0,594.0,375.0,187.0,46.0
,,,,,,,1337,105.0,100.0,82.0,275.0,362.0,594.0,375.0,187.0,46.0
,,,,,,,1338,105.0,100.0,82.0,275.0,362.0,594.0,375.0,187.0,46.0
,,,,,,,1339,105.0,100.0,82.0,275.0,362.0,594.0,375.0,187.0,46.0
,,,,,,,1340,105.0,100.0,82.0,275.0,362.0,594.0,375.0,187.0,46.0
,,,,,,,1341,105.0,100.0,82.0,275.0,362.0,594.0,375.0,187.0,46.0
,,,,,,,1342,105.0,100.0,82.0,275.0,362.0,594.0,375.0,187.0,46.0
,,,,,,,1343,105.0,100.0,82.0,275.0,362.0,594.0,375.0,187.0,46.0
,,,,,,,1344,105.0,100.0,82.0,275.0,362.0,594.0,375.0,187.0,46.0
,,,,,,,1345,105.0,100.0,82.0,275.0,362.0,594.0,375.0,187.0,46.0
,,,,,,,1346,105.0,100.0,82.0,275.0,362.0,594.0,375.0,187.0,46.0
,,,,,,,1347,105.0,100.0,82.0,275.0,362.0,594.0,375.0,187.0,46.0
,,,,,,,1348,105.0,100.0,82.0,275.0,362.0,594.0,375.0,187.0,46.0
,,,,,,,1349,105.0,100.0,82.0,275.0,362.0,594.0,375.0,187.0,46.0
,,,,,,,1350,105.0,100.0,82.0,275.0,362.0,594.0,375.0,187.0,46.0
,,,,,,,1351,105.0,100.0,82.0,275.0,362.0,594.0,375.0,187.0,46.0
,,,,,,,1352,105.0,100.0,82.0,275.0,362.0,594.0,375.0,187.0,46.0
,,,,,,,1353,105.0,100.0,82.0,275.0,362.0,594.0,375.0,187.0,46.0
,,,,,,,1354,105.0,100.0,82.0,275.0,362.0,594.0,375.0,187.0,46.0
,,,,,,,1355,105.0,100.0,82.0,275.0,362.0,594.0,375.0,187.0,46.0
,,,,,,,1356,105.0,100.0,82.0,275.0,362.0,594.0,375.0,187.0,46.0
,,,,,,,1357,105.0,100.0,82.0,275.0,362.0,594.0,375.0,187.0,46.0
,,,,,,,1358,105.0,100.0,82.0,275.0,362.0,594.0,375.0,187.0,46.0
,,,,,,,1359,105.0,100.0,82.0,275.0,362.0,594.0,375.0,187.0,46.0
,,,,,,,1360,105.0,100.0,82.0,275.0,362.0,594.0,375.0,187.0,46.0
,,,,,,,1361,105.0,100.0,82.0,275.0,362.0,594.0,375.0,187.0,46.0
,,,,,,,1362,105.0,100.0,82.0,275.0,362.0,594.0,375.0,187.0,46.0
,,,,,,,1363,105.0,100.0,82.0,275.0,362.0,594.0,375.0,187.0,46.0
,,,,,,,1364,105.0,100.0,82.0,275.0,362.0,594.0,375.0,187.0,46.0
,,,,,,,1365,105.0,100.0,82.0,275.0,362.0,594.0,375.0,187.0,46.0
,,,,,,,1366,105.0,100.0,82.0,275.0,362.0,594.0,375.0,187.0,46.0
,,,,,,,1367,105.0,100.0,82.0,275.0,362.0,594.0,375.0,187.0,46.0
,,,,,,,1368,105.0,100.0,82.0,275.0,362.0,594.0,375.0,187.0,46.0
,,,,,,,1369,105.0,100.0,82.0,275.0,362.0,594.0,375.0,187.0,46.0
,,,,,,,1370,105.0,100.0,82.0,275.0,362.0,594.0,375.0,187.0,46.0
,,,,,,,1371,105.0,100.0,82.0,275.0,362.0,594.0,375.0,187.0,46.0
,,,,,,,1372,105.0,100.0,82.0,275.0,362.0,594.0,375.0,187.0,46.0
,,,,,,,1373,105.0,100.0,82.0,275.0,362.0,594.0,375.0,187.0,46.0
,,,,,,,1374,105.0,100.0,82.0,275.0,362.0,594.0,375.0,187.0,46.0
,,,,,,,1375,105.0,100.0,82.0,275.0,362.0,594.0,375.0,187.0,46.0
,,,,,,,1376,105.0,100.0,82.0,275.0,362.0,594.0,375.0,187.0,46.0
,,,,,,,1377,105.0,100.0,82.0,275.0,362.0,594.0,375.0,187.0,46.0
,,,,,,,1378,105.0,100.0,82.0,275.0,362.0,594.0,375.0,187.0,46.0
,,,,,,,1379,105.0,100.0,82.0,275.0,362.0,594.0,375.0,187.0,46.0
,,,,,,,1380,105.0,100.0,82.0,275.0,362.0,594.0,375.0,187.0,46.0
,,,,,,,1381,105.0,100.0,82.0,275.0,362.0,594.0,375.0,187.0,46.0
,,,,,,,1382,105.0,100.0,82.0,275.0,362.0,594.0,375.0,187.0,46.0
,,,,,,,1383,105.0,100.0,82.0,275.0,362.0,594.0,375.0,187.0,46.0
,,,,,,,1384,105.0,100.0,82.0,275.0,362.0,594.0,375.0,187.0,46.0
,,,,,,,1385,105.0,100.0,82.0,275.0,362.0,594.0,375.0,187.0,46.0
,,,,,,,1386,105.0,100.0,82.0,275.0,362.0,594.0,375.0,187.0,46.0
,,,,,,,1387,105.0,100.0,82.0,275.0,362.0,594.0,375.0,187.0,46.0
,,,,,,,1388,105.0,100.0,82.0,275.0,362.0,594.0,375.0,187.0,46.0
,,,,,,,1389,105.0,100.0,82.0,275.0,362.0,594.0,375.0,187.0,46.0
,,,,,,,1390,105.0,100.0,82.0,275.0,362.0,594.0,375.0,187.0,46.0
,,,,,,,1391,105.0,100.0,82.0,275.0,362.0,594.0,375.0,187.0,46.0
,,,,,,,1392,105.0,100.0,82.0,275.0,362.0,594.0,375.0,187.0,46.0
,,,,,,,1393,105.0,100.0,82.0,275.0,362.0,594.0,375.0,187.0,46.0
,,,,,,,1394,105.0,100.0,82.0,275.0,362.0,594.0,375.0,187.0,46.0
,,,,,,,1395,105.0,100.0,82.0,275.0,362.0,594.0,375.0,187.0,46.0
,,,,,,,1396,105.0,100.0,82.0,275.0,362.0,594.0,375.0,187.0,46.0
,,,,,,,1397,105.0,100.0,82.0,275.0,362.0,594.0,375.0,187.0,46.0
,,,,,,,1398,105.0,100.0,82.0,275.0,362.0,594.0,375.0,187.0,46.0
,,,,,,,1399,105.0,100.0,82.0,275.0,362.0,594.0,375.0,187.0,46.0
,,,,,,,1400,105.0,100.0,82.0,275.0,362.0,594.0,375.0,187.0,46.0
,,,,,,,1401,105.0,100.0,82.0,275.0,362.0,594.0,375.0,187.0,46.0
,,,,,,,1402,105.0,100.0,82.0,275.0,362.0,594.0,375.0,187.0,46.0
,,,,,,,1403,105.0,100.0,82.0,275.0,362.0,594.0,375.0,187.0,46.0
,,,,,,,1404,105.0,100.0,82.0,275.0,362.0,594.0,375.0,187.0,46.0
,,,,,,,1405,105.0,100.0,82.0,275.0,362.0,594.0,375.0,187.0,46.0
,,,,,,,1406,105.0,100.0,82.0,275.0,362.0,594.0,375.0,187.0,46.0
,,,,,,,1407,105.0,100.0,82.0,275.0,362.0,594.0,375.0,187.0,46.0
,,,,,,,1408,105.0,100.0,82.0,275.0,362.0,594.0,375.0,187.0,46.0
,,,,,,,1409,105.0,100.0,82.0,275.0,362.0,594.0,375.0,187.0,46.0
,,,,,,,1410,105.0,100.0,82.0,275.0,362.0,594.0,375.0,187.0,46.0
,,,,,,,1411,105.0,100.0,82.0,275.0,362.0,594.0,375.0,187.0,46.0
,,,,,,,1412,105.0,100.0,82.0,275.0,362.0,594.0,375.0,187.0,46.0
,,,,,,,1413,105.0,100.0,82.0,275.0,362.0,594.0,375.0,187.0,46.0
,,,,,,,1414,105.0,100.0,82.0,275.0,362.0,594.0,375.0,187.0,46.0
,,,,,,,1415,105.0,100.0,82.0,275.0,362.0,594.0,375.0,187.0,46.0
,,,,,,,1416,105.0,100.0,82.0,275.0,362.0,594.0,375.0,187.0,46.0
,,,,,,,1417,105.0,100.0,82.0,275.0,362.0,594.0,375.0,187.0,46.0
,,,,,,,1418,105.0,100.0,82.0,275.0,362.0,594.0,375.0,187.0,46.0
,,,,,,,1419,105.0,100.0,82.0,275.0,362.0,594.0,375.0,187.0,46.0
,,,,,,,1420,105.0,100.0,82.0,275.0,362.0,594.0,375.0,187.0,46.0
,,,,,,,1421,105.0,100.0,82.0,275.0,362.0,594.0,375.0,187.0,46.0
,,,,,,,1422,105.0,100.0,82.0,275.0,362.0,594.0,375.0,187.0,46.0
,,,,,,,1423,105.0,100.0,82.0,275.0,362.0,594.0,375.0,187.0,46.0
,,,,,,,1424,105.0,100.0,82.0,275.0,362.0,594.0,375.0,187.0,46.0
,,,,,,,1425,105.0,100.0,82.0,275.0,362.0,594.0,375.0,187.0,46.0
,,,,,,,1426,105.0,100.0,82.0,275.0,362.0,594.0,375.0,187.0,46.0
,,,,,,,1427,105.0,100.0,82.0,275.0,362.0,594.0,375.0,187.0,46.0
,,,,,,,1428,105.0,100.0,82.0,275.0,362.0,594.0,375.0,187.0,46.0
,,,,,,,1429,105.0,100.0,82.0,275.0,362.0,594.0,375.0,187.0,46.0
,,,,,,,1430,105.0,100.0,82.0,275.0,362.0,594.0,375.0,187.0,46.0
,,,,,,,1431,105.0,100.0,82.0,275.0,362.0,594.0,375.0,187.0,46.0
,,,,,,,1432,105.0,100.0,82.0,275.0,362.0,594.0,375.0,187.0,46.0
,,,,,,,1433,105.0,100.0,82.0,275.0,362.0,594.0,375.0,187.0,46.0
,,,,,,,1434,105.0,100.0,82.0,275.0,362.0,594.0,375.0,187.0,46.0
,,,,,,,1435,105.0,100.0,82.0,275.0,362.0,594.0,375.0,187.0,46.0
,,,,,,,1436,105.0,100.0,82.0,275.0,362.0,594.0,375.0,187.0,46.0
,,,,,,,1437,105.0,100.0,82.0,275.0,362.0,594.0,375.0,187.0,46.0
,,,,,,,1438,105.0,100.0,82.0,275.0,362.0,594.0,375.0,187.0,46.0
,,,,,,,1439,105.0,100.0,82.0,275.0,362.0,594.0,375.0,187.0,46.0
,,,,,,,1440,105.0,100.0,82.0,275.0,362.0,594.0,375.0,187.0,46.0
,,,,,,,1441,105.0,100.0,82.0,275.0,362.0,594.0,375.0,187.0,46.0
,,,,,,,1442,105.0,100.0,82.0,275.0,362.0,594.0,375.0,187.0,46.0
,,,,,,,1443,105.0,100.0,82.0,275.0,362.0,594.0,375.0,187.0,46.0
,,,,,,,1444,105.0,100.0,82.0,275.0,362.0,594.0,375.0,187.0,46.0
,,,,,,,1445,105.0,100.0,82.0,275.0,362.0,594.0,375.0,187.0,46.0
,,,,,,,1446,105.0,100.0,82.0,275.0,362.0,594.0,375.0,187.0,46.0
,,,,,,,1447,105.0,100.0,82.0,275.0,362.0,594.0,375.0,187.0,46.0
,,,,,,,1448,105.0,100.0,82.0,275.0,362.0,594.0,375.0,187.0,46.0
,,,,,,,1449,105.0,100.0,82.0,275.0,362.0,594.0,375.0,187.0,46.0
,,,,,,,1450,105.0,100.0,82.0,275.0,362.0,594.0,375.0,187.0,46.0
,,,,,,,1451,105.0,100.0,82.0,275.0,362.0,594.0,375.0,187.0,46.0
,,,,,,,1452,105.0,100.0,82.0,275.0,362.0,594.0,375.0,187.0,46.0
,,,,,,,1453,105.0,100.0,82.0,275.0,362.0,594.0,375.0,187.0,46.0
,,,,,,,1454,105.0,100.0,82.0,275.0,362.0,594.0,375.0,187.0,46.0
,,,,,,,1455,105.0,100.0,82.0,275.0,362.0,594.0,375.0,187.0,46.0
,,,,,,,1456,105.0,100.0,82.0,275.0,362.0,594.0,375.0,187.0,46.0
,,,,,,,1457,105.0,100.0,82.0,275.0,362.0,594.0,375.0,187.0,46.0
,,,,,,,1458,105.0,100.0,82.0,275.0,362.0,594.0,375.0,187.0,46.0
,,,,,,,1459,105.0,100.0,82.0,275.0,362.0,594.0,375.0,187.0,46.0
,,,,,,,1460,105.0,100.0,82.0,275.0,362.0,594.0,375.0,187.0,46.0
,,,,,,,1461,105.0,100.0,82.0,275.0,362.0,594.0,375.0,187.0,46.0
,,,,,,,1462,105.0,100.0,82.0,275.0,362.0,594.0,375.0,187.0,46.0
,,,,,,,1463,105.0,100.0,82.0,275.0,362.0,594.0,375.0,187.0,46.0
,,,,,,,1464,105.0,100.0,82.0,275.0,362.0,594.0,375.0,187.0,46.0
,,,,,,,1465,105.0,100.0,82.0,275.0,362.0,594.0,375.0,187.0,46.0
,,,,,,,1466,105.0,100.0,82.0,275.0,362.0,594.0,375.0,187.0,46.0
,,,,,,,1467,105.0,100.0,82.0,275.0,362.0,594.0,375.0,187.0,46.0
,,,,,,,1468,105.0,100.0,82.0,275.0,362.0,594.0,375.0,187.0,46.0
,,,,,,,1469,105.0,100.0,82.0,275.0,362.0,594.0,375.0,187.0,46.0
,,,,,,,1470,105.0,100.0,82.0,275.0,362.0,594.0,375.0,187.0,46.0
,,,,,,,1471,105.0,100.0,82.0,275.0,362.0,594.0,375.0,187.0,46.0
,,,,,,,1472,105.0,100.0,82.0,275.0,362.0,594.0,375.0,187.0,46.0
,,,,,,,1473,105.0,100.0,82.0,275.0,362.0,594.0,375.0,187.0,46.0
,,,,,,,1474,105.0,100.0,82.0,275.0,362.0,594.0,375.0,187.0,46.0
,,,,,,,1475,105.0,100.0,82.0,275.0,362.0,594.0,375.0,187.0,46.0
,,,,,,,1476,105.0,100.0,82.0,275.0,362.0,594.0,375.0,187.0,46.0
,,,,,,,1477,105.0,100.0,82.0,275.0,362.0,594.0,375.0,187.0,46.0
,,,,,,,1478,105.0,100.0,82.0,275.0,362.0,594.0,375.0,187.0,46.0
,,,,,,,1479,105.0,100.0,82.0,275.0,362.0,594.0,375.0,187.0,46.0
,,,,,,,1480,105.0,100.0,82.0,275.0,362.0,594.0,375.0,187.0,46.0
,,,,,,,1481,105.0,100.0,82.0,275.0,362.0,594.0,375.0,187.0,46.0
,,,,,,,1482,105.0,100.0,82.0,275.0,362.0,594.0,375.0,187.0,46.0
,,,,,,,1483,105.0,100.0,82.0,275.0,362.0,594.0,375.0,187.0,46.0
,,,,,,,1484,105.0,100.0,82.0,275.0,362.0,594.0,375.0,187.0,46.0
,,,,,,,1485,105.0,100.0,82.0,275.0,362.0,594.0,375.0,187.0,46.0
,,,,,,,1486,105.0,100.0,82.0,275.0,362.0,594.0,375.0,187.0,46.0
,,,,,,,1487,105.0,100.0,82.0,275.0,362.0,594.0,375.0,187.0,46.0
,,,,,,,1488,105.0,100.0,82.0,275.0,362.0,594.0,375.0,187.0,46.0
,,,,,,,1489,105.0,100.0,82.0,275.0,362.0,594.0,375.0,187.0,46.0
,,,,,,,1490,105.0,100.0,82.0,275.0,362.0,594.0,375.0,187.0,46.0
,,,,,,,1491,105.0,100.0,82.0,275.0,362.0,594.0,375.0,187.0,46.0
,,,,,,,1492,105.0,100.0,82.0,275.0,362.0,594.0,375.0,187.0,46.0
,,,,,,,1493,105.0,100.0,82.0,275.0,362.0,594.0,375.0,187.0,46.0
,,,,,,,1494,105.0,100.0,82.0,275.0,362.0,594.0,375.0,187.0,46.0
,,,,,,,1495,105.0,100.0,82.0,275.0,362.0,594.0,375.0,187.0,46.0
,,,,,,,1496,105.0,100.0,82.0,275.0,362.0,594.0,375.0,187.0,46.0
,,,,,,,1497,105.0,100.0,82.0,275.0,362.0,594.0,375.0,187.0,46.0
,,,,,,,1498,105.0,100.0,82.0,275.0,362.0,594.0,375.0,187.0,46.0
,,,,,,,1499,105.0,100.0,82.0,275.0,362.0,594.0,375.0,187.0,46.0
,,,,,,,1500,105.0,100.0,82.0,275.0,362.0,594.0,375.0,187.0,46.0
,,,,,,,1501,105.0,100.0,82.0,275.0,362.0,594.0,375.0,187.0,46.0
,,,,,,,1502,105.0,100.0,82.0,275.0,362.0,594.0,375.0,187.0,46.0
,,,,,,,1503,105.0,100.0,82.0,275.0,362.0,594.0,375.0,187.0,46.0
,,,,,,,1504,105.0,100.0,82.0,275.0,362.0,594.0,375.0,187.0,46.0
,,,,,,,1505,105.0,100.0,82.0,275.0,362.0,594.0,375.0,187.0,46.0
,,,,,,,1506,105.0,100.0,82.0,275.0,362.0,594.0,375.0,187.0,46.0
,,,,,,,1507,105.0,100.0,82.0,275.0,362.0,594.0,375.0,187.0,46.0
,,,,,,,1508,105.0,100.0,82.0,275.0,362.0,594.0,375.0,187.0,46.0
,,,,,,,1509,105.0,100.0,82.0,275.0,362.0,594.0,375.0,187.0,46.0
,,,,,,,1510,105.0,100.0,82.0,275.0,362.0,594.0,375.0,187.0,46.0
,,,,,,,1511,105.0,100.0,82.0,275.0,362.0,594.0,375.0,187.0,46.0
,,,,,,,1512,105.0,100.0,82.0,275.0,362.0,594.0,375.0,187.0,46.0
,,,,,,,1513,105.0,100.0,82.0,275.0,362.0,594.0,375.0,187.0,46.0
,,,,,,,1514,105.0,100.0,82.0,275.0,362.0,594.0,375.0,187.0,46.0
,,,,,,,1515,105.0,100.0,82.0,275.0,362.0,594.0,375.0,187.0,46.0
,,,,,,,1516,105.0,100.0,82.0,275.0,362.0,594.0,375.0,187.0,46.0
,,,,,,,1517,105.0,100.0,82.0,275.0,362.0,594.0,375.0,187.0,46.0
,,,,,,,1518,105.0,100.0,82.0,275.0,362.0,594.0,375.0,187.0,46.0
,,,,,,,1519,105.0,100.0,82.0,275.0,362.0,594.0,375.0,187.0,46.0
,,,,,,,1520,105.0,100.0,82.0,275.0,362.0,594.0,375.0,187.0,46.0
,,,,,,,1521,105.0,100.0,82.0,275.0,362.0,594.0,375.0,187.0,46.0
,,,,,,,1522,105.0,100.0,82.0,275.0,362.0,594.0,375.0,187.0,46.0
,,,,,,,1523,105.0,100.0,82.0,275.0,362.0,594.0,375.0,187.0,46.0
,,,,,,,1524,105.0,100.0,82.0,275.0,362.0,594.0,375.0,187.0,46.0
,,,,,,,1525,105.0,100.0,82.0,275.0,362.0,594.0,375.0,187.0,46.0
,,,,,,,1526,105.0,100.0,82.0,275.0,362.0,594.0,375.0,187.0,46.0
,,,,,,,1527,105.0,100.0,82.0,275.0,362.0,594.0,375.0,187.0,46.0
,,,,,,,1528,105.0,100.0,82.0,275.0,362.0,594.0,375.0,187.0,46.0
,,,,,,,1529,105.0,100.0,82.0,275.0,362.0,594.0,375.0,187.0,46.0
,,,,,,,1530,105.0,100.0,82.0,275.0,362.0,594.0,375.0,187.0,46.0
,,,,,,,1531,105.0,100.0,82.0,275.0,362.0,594.0,375.0,187.0,46.0
,,,,,,,1532,105.0,100.0,82.0,275.0,362.0,594.0,375.0,187.0,46.0
,,,,,,,1533,105.0,100.0,82.0,275.0,362.0,594.0,375.0,187.0,46.0
,,,,,,,1534,105.0,100.0,82.0,275.0,362.0,594.0,375.0,187.0,46.0
,,,,,,,1535,105.0,100.0,82.0,275.0,362.0,594.0,375.0,187.0,46.0
,,,,,,,1536,105.0,100.0,82.0,275.0,362.0,594.0,375.0,187.0,46.0
,,,,,,,1537,105.0,100.0,82.0,275.0,362.0,594.0,375.0,187.0,46.0
,,,,,,,1538,105.0,100.0,82.0,275.0,362.0,594.0,375.0,187.0,46.0
,,,,,,,1539,105.0,100.0,82.0,275.0,362.0,594.0,375.0,187.0,46.0
,,,,,,,1540,105.0,100.0,82.0,275.0,362.0,594.0,375.0,187.0,46.0
,,,,,,,1541,105.0,100.0,82.0,275.0,362.0,594.0,375.0,187.0,46.0
,,,,,,,1542,105.0,100.0,82.0,275.0,362.0,594.0,375.0,187.0,46.0
,,,,,,,1543,105.0,100.0,82.0,275.0,362.0,594.0,375.0,187.0,46.0
,,,,,,,1544,105.0,100.0,82.0,275.0,362.0,594.0,375.0,187.0,46.0
,,,,,,,1545,105.0,100.0,82.0,275.0,362.0,594.0,375.0,187.0,46.0
,,,,,,,1546,105.0,100.0,82.0,275.0,362.0,594.0,375.0,187.0,46.0
,,,,,,,1547,105.0,100.0,82.0,275.0,362.0,594.0,375.0,187.0,46.0
,,,,,,,1548,105.0,100.0,82.0,275.0,362.0,594.0,375.0,187.0,46.0
,,,,,,,1549,105.0,100.0,82.0,275.0,362.0,594.0,375.0,187.0,46.0
,,,,,,,1550,105.0,100.0,82.0,275.0,362.0,594.0,375.0,187.0,46.0
,,,,,,,1551,105.0,100.0,82.0,275.0,362.0,594.0,375.0,187.0,46.0
,,,,,,,1552,105.0,100.0,82.0,275.0,362.0,594.0,375.0,187.0,46.0
,,,,,,,1553,105.0,100.0,82.0,275.0,362.0,594.0,375.0,187.0,46.0
,,,,,,,1554,105.0,100.0,82.0,275.0,362.0,594.0,375.0,187.0,46.0
,,,,,,,1555,105.0,100.0,82.0,275.0,362.0,594.0,375.0,187.0,46.0
,,,,,,,1556,105.0,100.0,82.0,275.0,362.0,594.0,375.0,187.0,46.0
,,,,,,,1557,105.0,100.0,82.0,275.0,362.0,594.0,375.0,187.0,46.0
,,,,,,,1558,105.0,100.0,82.0,275.0,362.0,594.0,375.0,187.0,46.0
,,,,,,,1559,105.0,100.0,82.0,275.0,362.0,594.0,375.0,187.0,46.0
,,,,,,,1560,105.0,100.0,82.0,275.0,362.0,594.0,375.0,187.0,46.0
,,,,,,,1561,105.0,100.0,82.0,275.0,362.0,594.0,375.0,187.0,46.0
,,,,,,,1562,105.0,100.0,82.0,275.0,362.0,594.0,375.0,187.0,46.0
,,,,,,,1563,105.0,100.0,82.0,275.0,362.0,594.0,375.0,187.0,46.0
,,,,,,,1564,105.0,100.0,82.0,275.0,362.0,594.0,375.0,187.0,46.0
,,,,,,,1565,105.0,100.0,82.0,275.0,362.0,594.0,375.0,187.0,46.0
,,,,,,,1566,105.0,100.0,82.0,275.0,362.0,594.0,375.0,187.0,46.0
,,,,,,,1567,105.0,100.0,82.0,275.0,362.0,594.0,375.0,187.0,46.0
,,,,,,,1568,105.0,100.0,82.0,275.0,362.0,594.0,375.0,187.0,46.0
,,,,,,,1569,105.0,100.0,82.0,275.0,362.0,594.0,375.0,187.0,46.0
,,,,,,,1570,105.0,100.0,82.0,275.0,362.0,594.0,375.0,187.0,46.0
,,,,,,,1571,105.0,100.0,82.0,275.0,362.0,594.0,375.0,187.0,46.0
,,,,,,,1572,105.0,100.0,82.0,275.0,362.0,594.0,375.0,187.0,46.0
,,,,,,,1573,105.0,100.0,82.0,275.0,362.0,594.0,375.0,187.0,46.0
,,,,,,,1574,105.0,100.0,82.0,275.0,362.0,594.0,375.0,187.0,46.0
,,,,,,,1575,105.0,100.0,82.0,275.0,362.0,594.0,375.0,187.0,46.0
,,,,,,,1576,105.0,100.0,82.0,275.0,362.0,594.0,375.0,187.0,46.0
,,,,,,,1577,105.0,100.0,82.0,275.0,362.0,594.0,375.0,187.0,46.0
,,,,,,,1578,105.0,100.0,82.0,275.0,362.0,594.0,375.0,187.0,46.0
,,,,,,,1579,105.0,100.0,82.0,275.0,362.0,594.0,375.0,187.0,46.0
,,,,,,,1580,105.0,100.0,82.0,275.0,362.0,594.0,375.0,187.0,46.0
,,,,,,,1581,105.0,100.0,82.0,275.0,362.0,594.0,375.0,187.0,46.0
,,,,,,,1582,105.0,100.0,82.0,275.0,362.0,594.0,375.0,187.0,46.0
,,,,,,,1583,105.0,100.0,82.0,275.0,362.0,594.0,375.0,187.0,46.0
,,,,,,,1584,105.0,100.0,82.0,275.0,362.0,594.0,375.0,187.0,46.0
,,,,,,,1585,105.0,100.0,82.0,275.0,362.0,594.0,375.0,187.0,46.0
,,,,,,,1586,105.0,100.0,82.0,275.0,362.0,594.0,375.0,187.0,46.0
,,,,,,,1587,105.0,100.0,82.0,275.0,362.0,594.0,375.0,187.0,46.0
,,,,,,,1588,105.0,100.0,82.0,275.0,362.0,594.0,375.0,187.0,46.0
,,,,,,,1589,105.0,100.0,82.0,275.0,362.0,594.0,375.0,187.0,46.0
,,,,,,,1590,105.0,100.0,82.0,275.0,362.0,594.0,375.0,187.0,46.0
,,,,,,,1591,105.0,100.0,82.0,275.0,362.0,594.0,375.0,187.0,46.0
,,,,,,,1592,105.0,100.0,82.0,275.0,362.0,594.0,375.0,187.0,46.0
,,,,,,,1593,105.0,100.0,82.0,275.0,362.0,594.0,375.0,187.0,46.0
,,,,,,,1594,105.0,100.0,82.0,275.0,362.0,594.0,375.0,187.0,46.0
,,,,,,,1595,105.0,100.0,82.0,275.0,362.0,594.0,375.0,187.0,46.0
,,,,,,,1596,105.0,100.0,82.0,275.0,362.0,594.0,375.0,187.0,46.0
,,,,,,,1597,105.0,100.0,82.0,275.0,362.0,594.0,375.0,187.0,46.0
,,,,,,,1598,105.0,100.0,82.0,275.0,362.0,594.0,375.0,187.0,46.0
,,,,,,,1599,105.0,100.0,82.0,275.0,362.0,594.0,375.0,187.0,46.0
,,,,,,,1600,105.0,100.0,82.0,275.0,362.0,594.0,375.0,187.0,46.0
,,,,,,,1601,105.0,100.0,82.0,275.0,362.0,594.0,375.0,187.0,46.0
,,,,,,,1602,105.0,100.0,82.0,275.0,362.0,594.0,375.0,187.0,46.0
,,,,,,,1603,105.0,100.0,82.0,275.0,362.0,594.0,375.0,187.0,46.0
,,,,,,,1604,105.0,100.0,82.0,275.0,362.0,594.0,375.0,187.0,46.0
,,,,,,,1605,105.0,100.0,82.0,275.0,362.0,594.0,375.0,187.0,46.0
,,,,,,,1606,105.0,100.0,82.0,275.0,362.0,594.0,375.0,187.0,46.0
,,,,,,,1607,105.0,100.0,82.0,275.0,362.0,594.0,375.0,187.0,46.0
,,,,,,,1608,105.0,100.0,82.0,275.0,362.0,594.0,375.0,187.0,46.0
,,,,,,,1609,105.0,100.0,82.0,275.0,362.0,594.0,375.0,187.0,46.0
,,,,,,,1610,105.0,100.0,82.0,275.0,362.0,594.0,375.0,187.0,46.0
,,,,,,,1611,105.0,100.0,82.0,275.0,362.0,594.0,375.0,187.0,46.0
,,,,,,,1612,105.0,100.0,82.0,275.0,362.0,594.0,375.0,187.0,46.0
,,,,,,,1613,105.0,100.0,82.0,275.0,362.0,594.0,375.0,187.0,46.0
,,,,,,,1614,105.0,100.0,82.0,275.0,362.0,594.0,375.0,187.0,46.0
,,,,,,,1615,105.0,100.0,82.0,275.0,362.0,594.0,375.0,187.0,46.0
,,,,,,,1616,105.0,100.0,82.0,275.0,362.0,594.0,375.0,187.0,46.0
,,,,,,,1617,105.0,100.0,82.0,275.0,362.0,594.0,375.0,187.0,46.0
,,,,,,,1618,105.0,100.0,82.0,275.0,362.0,594.0,375.0,187.0,46.0
,,,,,,,1619,105.0,100.0,82.0,275.0,362.0,594.0,375.0,187.0,46.0
,,,,,,,1620,105.0,100.0,82.0,275.0,362.0,594.0,375.0,187.0,46.0
,,,,,,,1621,105.0,100.0,82.0,275.0,362.0,594.0,375.0,187.0,46.0
,,,,,,,1622,105.0,100.0,82.0,275.0,362.0,594.0,375.0,187.0,46.0
,,,,,,,1623,105.0,100.0,82.0,275.0,362.0,594.0,375.0,187.0,46.0
,,,,,,,1624,105.0,100.0,82.0,275.0,362.0,594.0,375.0,187.0,46.0
,,,,,,,1625,105.0,100.0,82.0,275.0,362.0,594.0,375.0,187.0,46.0
,,,,,,,1626,105.0,100.0,82.0,275.0,362.0,594.0,375.0,187.0,46.0
,,,,,,,1627,105.0,100.0,82.0,275.0,362.0,594.0,375.0,187.0,46.0
,,,,,,,1628,105.0,100.0,82.0,275.0,362.0,594.0,375.0,187.0,46.0
,,,,,,,1629,105.0,100.0,82.0,275.0,362.0,594.0,375.0,187.0,46.0
,,,,,,,1630,105.0,100.0,82.0,275.0,362.0,594.0,375.0,187.0,46.0
,,,,,,,1631,105.0,100.0,82.0,275.0,362.0,594.0,375.0,187.0,46.0
,,,,,,,1632,105.0,100.0,82.0,275.0,362.0,594.0,375.0,187.0,46.0
,,,,,,,1633,105.0,100.0,82.0,275.0,362.0,594.0,375.0,187.0,46.0
,,,,,,,1634,105.0,100.0,82.0,275.0,362.0,594.0,375.0,187.0,46.0
,,,,,,,1635,105.0,100.0,82.0,275.0,362.0,594.0,375.0,187.0,46.0
,,,,,,,1636,105.0,100.0,82.0,275.0,362.0,594.0,375.0,187.0,46.0
,,,,,,,1637,105.0,100.0,82.0,275.0,362.0,594.0,375.0,187.0,46.0
,,,,,,,1638,105.0,100.0,82.0,275.0,362.0,594.0,375.0,187.0,46.0
,,,,,,,1639,105.0,100.0,82.0,275.0,362.0,594.0,375.0,187.0,46.0
,,,,,,,1640,105.0,100.0,82.0,275.0,362.0,594.0,375.0,187.0,46.0
,,,,,,,1641,105.0,100.0,82.0,275.0,362.0,594.0,375.0,187.0,46.0
,,,,,,,1642,105.0,100.0,82.0,275.0,362.0,594.0,375.0,187.0,46.0
,,,,,,,1643,105.0,100.0,82.0,275.0,362.0,594.0,375.0,187.0,46.0
,,,,,,,1644,105.0,100.0,82.0,275.0,362.0,594.0,375.0,187.0,46.0
,,,,,,,1645,105.0,100.0,82.0,275.0,362.0,594.0,375.0,187.0,46.0
,,,,,,,1646,105.0,100.0,82.0,275.0,362.0,594.0,375.0,187.0,46.0
,,,,,,,1647,105.0,100.0,82.0,275.0,362.0,594.0,375.0,187.0,46.0
,,,,,,,1648,105.0,100.0,82.0,275.0,362.0,594.0,375.0,187.0,46.0
,,,,,,,1649,105.0,100.0,82.0,275.0,362.0,594.0,375.0,187.0,46.0
,,,,,,,1650,105.0,100.0,82.0,275.0,362.0,594.0,375.0,187.0,46.0
,,,,,,,1651,105.0,100.0,82.0,275.0,362.0,594.0,375.0,187.0,46.0
,,,,,,,1652,105.0,100.0,82.0,275.0,362.0,594.0,375.0,187.0,46.0
,,,,,,,1653,105.0,100.0,82.0,275.0,362.0,594.0,375.0,187.0,46.0
,,,,,,,1654,105.0,100.0,82.0,275.0,362.0,594.0,375.0,187.0,46.0
,,,,,,,1655,105.0,100.0,82.0,275.0,362.0,594.0,375.0,187.0,46.0
,,,,,,,1656,105.0,100.0,82.0,275.0,362.0,594.0,375.0,187.0,46.0
,,,,,,,1657,105.0,100.0,82.0,275.0,362.0,594.0,375.0,187.0,46.0
,,,,,,,1658,105.0,100.0,82.0,275.0,362.0,594.0,375.0,187.0,46.0
,,,,,,,1659,105.0,100.0,82.0,275.0,362.0,594.0,375.0,187.0,46.0
,,,,,,,1660,105.0,100.0,82.0,275.0,362.0,594.0,375.0,187.0,46.0
,,,,,,,1661,105.0,100.0,82.0,275.0,362.0,594.0,375.0,187.0,46.0
,,,,,,,1662,105.0,100.0,82.0,275.0,362.0,594.0,375.0,187.0,46.0
,,,,,,,1663,105.0,100.0,82.0,275.0,362.0,594.0,375.0,187.0,46.0
,,,,,,,1664,105.0,100.0,82.0,275.0,362.0,594.0,375.0,187.0,46.0
,,,,,,,1665,105.0,100.0,82.0,275.0,362.0,594.0,375.0,187.0,46.0
,,,,,,,1666,105.0,100.0,82.0,275.0,362.0,594.0,375.0,187.0,46.0
,,,,,,,1667,105.0,100.0,82.0,275.0,362.0,594.0,375.0,187.0,46.0
,,,,,,,1668,105.0,100.0,82.0,275.0,362.0,594.0,375.0,187.0,46.0
,,,,,,,1669,105.0,100.0,82.0,275.0,362.0,594.0,375.0,187.0,46.0
,,,,,,,1670,105.0,100.0,82.0,275.0,362.0,594.0,375.0,187.0,46.0
,,,,,,,1671,105.0,100.0,82.0,275.0,362.0,594.0,375.0,187.0,46.0
,,,,,,,1672,105.0,100.0,82.0,275.0,362.0,594.0,375.0,187.0,46.0
,,,,,,,1673,105.0,100.0,82.0,275.0,362.0,594.0,375.0,187.0,46.0
,,,,,,,1674,105.0,100.0,82.0,275.0,362.0,594.0,375.0,187.0,46.0
,,,,,,,1675,105.0,100.0,82.0,275.0,362.0,594.0,375.0,187.0,46.0
,,,,,,,1676,105.0,100.0,82.0,275.0,362.0,594.0,375.0,187.0,46.0
,,,,,,,1677,105.0,100.0,82.0,275.0,362.0,594.0,375.0,187.0,46.0
,,,,,,,1678,105.0,100.0,82.0,275.0,362.0,594.0,375.0,187.0,46.0
,,,,,,,1679,105.0,100.0,82.0,275.0,362.0,594.0,375.0,187.0,46.0
,,,,,,,1680,105.0,100.0,82.0,275.0,362.0,594.0,375.0,187.0,46.0
,,,,,,,1681,105.0,100.0,82.0,275.0,362.0,594.0,375.0,187.0,46.0
,,,,,,,1682,105.0,100.0,82.0,275.0,362.0,594.0,375.0,187.0,46.0
,,,,,,,1683,105.0,100.0,82.0,275.0,362.0,594.0,375.0,187.0,46.0
,,,,,,,1684,105.0,100.0,82.0,275.0,362.0,594.0,375.0,187.0,46.0
,,,,,,,1685,105.0,100.0,82.0,275.0,362.0,594.0,375.0,187.0,46.0
,,,,,,,1686,105.0,100.0,82.0,275.0,362.0,594.0,375.0,187.0,46.0
,,,,,,,1687,105.0,100.0,82.0,275.0,362.0,594.0,375.0,187.0,46.0
,,,,,,,1688,105.0,100.0,82.0,275.0,362.0,594.0,375.0,187.0,46.0
,,,,,,,1689,105.0,100.0,82.0,275.0,362.0,594.0,375.0,187.0,46.0
,,,,,,,1690,105.0,100.0,82.0,275.0,362.0,594.0,375.0,187.0,46.0
,,,,,,,1691,105.0,100.0,82.0,275.0,362.0,594.0,375.0,187.0,46.0
,,,,,,,1692,105.0,100.0,82.0,275.0,362.0,594.0,375.0,187.0,46.0
,,,,,,,1693,105.0,100.0,82.0,275.0,362.0,594.0,375.0,187.0,46.0
,,,,,,,1694,105.0,100.0,82.0,275.0,362.0,594.0,375.0,187.0,46.0
,,,,,,,1695,105.0,100.0,82.0,275.0,362.0,594.0,375.0,187.0,46.0
,,,,,,,1696,105.0,100.0,82.0,275.0,362.0,594.0,375.0,187.0,46.0
,,,,,,,1697,105.0,100.0,82.0,275.0,362.0,594.0,375.0,187.0,46.0
,,,,,,,1698,105.0,100.0,82.0,275.0,362.0,594.0,375.0,187.0,46.0
,,,,,,,1699,105.0,100.0,82.0,275.0,362.0,594.0,375.0,187.0,46.0
,,,,,,,1700,105.0,100.0,82.0,275.0,362.0,594.0,375.0,187.0,46.0
,,,,,,,1701,105.0,100.0,82.0,275.0,362.0,594.0,375.0,187.0,46.0
,,,,,,,1702,105.0,100.0,82.0,275.0,362.0,594.0,375.0,187.0,46.0
,,,,,,,1703,105.0,100.0,82.0,275.0,362.0,594.0,375.0,187.0,46.0
,,,,,,,1704,105.0,100.0,82.0,275.0,362.0,594.0,375.0,187.0,46.0
,,,,,,,1705,105.0,100.0,82.0,275.0,362.0,594.0,375.0,187.0,46.0
,,,,,,,1706,105.0,100.0,82.0,275.0,362.0,594.0,375.0,187.0,46.0
,,,,,,,1707,105.0,100.0,82.0,275.0,362.0,594.0,375.0,187.0,46.0
,,,,,,,1708,105.0,100.0,82.0,275.0,362.0,594.0,375.0,187.0,46.0
,,,,,,,1709,105.0,100.0,82.0,275.0,362.0,594.0,375.0,187.0,46.0
,,,,,,,1710,105.0,100.0,82.0,275.0,362.0,594.0,375.0,187.0,46.0
,,,,,,,1711,105.0,100.0,82.0,275.0,362.0,594.0,375.0,187.0,46.0
,,,,,,,1712,105.0,100.0,82.0,275.0,362.0,594.0,375.0,187.0,46.0
,,,,,,,1713,105.0,100.0,82.0,275.0,362.0,594.0,375.0,187.0,46.0
,,,,,,,1714,105.0,100.0,82.0,275.0,362.0,594.0,375.0,187.0,46.0
,,,,,,,1715,105.0,100.0,82.0,275.0,362.0,594.0,375.0,187.0,46.0
,,,,,,,1716,105.0,100.0,82.0,275.0,362.0,594.0,375.0,187.0,46.0
,,,,,,,1717,105.0,100.0,82.0,275.0,362.0,594.0,375.0,187.0,46.0
,,,,,,,1718,105.0,100.0,82.0,275.0,362.0,594.0,375.0,187.0,46.0
,,,,,,,1719,105.0,100.0,82.0,275.0,362.0,594.0,375.0,187.0,46.0
,,,,,,,1720,105.0,100.0,82.0,275.0,362.0,594.0,375.0,187.0,46.0
,,,,,,,1721,105.0,100.0,82.0,275.0,362.0,594.0,375.0,187.0,46.0
,,,,,,,1722,105.0,100.0,82.0,275.0,362.0,594.0,375.0,187.0,46.0
,,,,,,,1723,105.0,100.0,82.0,275.0,362.0,594.0,375.0,187.0,46.0
,,,,,,,1724,105.0,100.0,82.0,275.0,362.0,594.0,375.0,187.0,46.0
,,,,,,,1725,105.0,100.0,82.0,275.0,362.0,594.0,375.0,187.0,46.0
,,,,,,,1726,105.0,100.0,82.0,275.0,362.0,594.0,375.0,187.0,46.0
,,,,,,,1727,105.0,100.0,82.0,275.0,362.0,594.0,375.0,187.0,46.0
,,,,,,,1728,105.0,100.0,82.0,275.0,362.0,594.0,375.0,187.0,46.0
,,,,,,,1729,105.0,100.0,82.0,275.0,362.0,594.0,375.0,187.0,46.0
,,,,,,,1730,105.0,100.0,82.0,275.0,362.0,594.0,375.0,187.0,46.0
,,,,,,,1731,105.0,100.0,82.0,275.0,362.0,594.0,375.0,187.0,46.0
,,,,,,,1732,105.0,100.0,82.0,275.0,362.0,594.0,375.0,187.0,46.0
,,,,,,,1733,105.0,100.0,82.0,275.0,362.0,594.0,375.0,187.0,46.0
,,,,,,,1734,105.0,100.0,82.0,275.0,362.0,594.0,375.0,187.0,46.0
,,,,,,,1735,105.0,100.0,82.0,275.0,362.0,594.0,375.0,187.0,46.0
,,,,,,,1736,105.0,100.0,82.0,275.0,362.0,594.0,375.0,187.0,46.0
,,,,,,,1737,105.0,100.0,82.0,275.0,362.0,594.0,375.0,187.0,46.0
,,,,,,,1738,105.0,100.0,82.0,275.0,362.0,594.0,375.0,187.0,46.0
,,,,,,,1739,105.0,100.0,82.0,275.0,362.0,594.0,375.0,187.0,46.0
,,,,,,,1740,105.0,100.0,82.0,275.0,362.0,594.0,375.0,187.0,46.0
,,,,,,,1741,105.0,100.0,82.0,275.0,362.0,594.0,375.0,187.0,46.0
,,,,,,,1742,105.0,100.0,82.0,275.0,362.0,594.0,375.0,187.0,46.0
,,,,,,,1743,105.0,100.0,82.0,275.0,362.0,594.0,375.0,187.0,46.0
,,,,,,,1744,105.0,100.0,82.0,275.0,362.0,594.0,375.0,187.0,46.0
,,,,,,,1745,105.0,100.0,82.0,275.0,362.0,594.0,375.0,187.0,46.0
,,,,,,,1746,105.0,100.0,82.0,275.0,362.0,594.0,375.0,187.0,46.0
,,,,,,,1747,105.0,100.0,82.0,275.0,362.0,594.0,375.0,187.0,46.0
,,,,,,,1748,105.0,100.0,82.0,275.0,362.0,594.0,375.0,187.0,46.0
,,,,,,,1749,105.0,100.0,82.0,275.0,362.0,594.0,375.0,187.0,46.0
,,,,,,,1750,105.0,100.0,82.0,275.0,362.0,594.0,375.0,187.0,46.0
,,,,,,,1751,105.0,100.0,82.0,275.0,362.0,594.0,375.0,187.0,46.0
,,,,,,,1752,105.0,100.0,82.0,275.0,362.0,594.0,375.0,187.0,46.0
,,,,,,,1753,105.0,100.0,82.0,275.0,362.0,594.0,375.0,187.0,46.0
,,,,,,,1754,105.0,100.0,82.0,275.0,362.0,594.0,375.0,187.0,46.0
,,,,,,,1755,105.0,100.0,82.0,275.0,362.0,594.0,375.0,187.0,46.0
,,,,,,,1756,105.0,100.0,82.0,275.0,362.0,594.0,375.0,187.0,46.0
,,,,,,,1757,105.0,100.0,82.0,275.0,362.0,594.0,375.0,187.0,46.0
,,,,,,,1758,105.0,100.0,82.0,275.0,362.0,594.0,375.0,187.0,46.0
,,,,,,,1759,105.0,100.0,82.0,275.0,362.0,594.0,375.0,187.0,46.0
,,,,,,,1760,105.0,100.0,82.0,275.0,362.0,594.0,375.0,187.0,46.0
,,,,,,,1761,105.0,100.0,82.0,275.0,362.0,594.0,375.0,187.0,46.0
,,,,,,,1762,105.0,100.0,82.0,275.0,362.0,594.0,375.0,187.0,46.0
,,,,,,,1763,105.0,100.0,82.0,275.0,362.0,594.0,375.0,187.0,46.0
,,,,,,,1764,105.0,100.0,82.0,275.0,362.0,594.0,375.0,187.0,46.0
,,,,,,,1765,105.0,100.0,82.0,275.0,362.0,594.0,375.0,187.0,46.0
,,,,,,,1766,105.0,100.0,82.0,275.0,362.0,594.0,375.0,187.0,46.0
,,,,,,,1767,105.0,100.0,82.0,275.0,362.0,594.0,375.0,187.0,46.0
,,,,,,,1768,105.0,100.0,82.0,275.0,362.0,594.0,375.0,187.0,46.0
,,,,,,,1769,105.0,100.0,82.0,275.0,362.0,594.0,375.0,187.0,46.0
,,,,,,,1770,105.0,100.0,82.0,275.0,362.0,594.0,375.0,187.0,46.0
,,,,,,,1771,105.0,100.0,82.0,275.0,362.0,594.0,375.0,187.0,46.0
,,,,,,,1772,105.0,100.0,82.0,275.0,362.0,594.0,375.0,187.0,46.0
,,,,,,,1773,105.0,100.0,82.0,275.0,362.0,594.0,375.0,187.0,46.0
,,,,,,,1774,105.0,100.0,82.0,275.0,362.0,594.0,375.0,187.0,46.0
,,,,,,,1775,105.0,100.0,82.0,275.0,362.0,594.0,375.0,187.0,46.0
,,,,,,,1776,105.0,100.0,82.0,275.0,362.0,594.0,375.0,187.0,46.0
,,,,,,,1777,105.0,100.0,82.0,275.0,362.0,594.0,375.0,187.0,46.0
,,,,,,,1778,105.0,100.0,82.0,275.0,362.0,594.0,375.0,187.0,46.0
,,,,,,,1779,105.0,100.0,82.0,275.0,362.0,594.0,375.0,187.0,46.0
,,,,,,,1780,105.0,100.0,82.0,275.0,362.0,594.0,375.0,187.0,46.0
,,,,,,,1781,105.0,100.0,82.0,275.0,362.0,594.0,375.0,187.0,46.0
,,,,,,,1782,105.0,100.0,82.0,275.0,362.0,594.0,375.0,187.0,46.0
,,,,,,,1783,105.0,100.0,82.0,275.0,362.0,594.0,375.0,187.0,46.0
,,,,,,,1784,105.0,100.0,82.0,275.0,362.0,594.0,375.0,187.0,46.0
,,,,,,,1785,105.0,100.0,82.0,275.0,362.0,594.0,375.0,187.0,46.0
,,,,,,,1786,105.0,100.0,82.0,275.0,362.0,594.0,375.0,187.0,46.0
,,,,,,,1787,105.0,100.0,82.0,275.0,362.0,594.0,375.0,187.0,46.0
,,,,,,,1788,105.0,100.0,82.0,275.0,362.0,594.0,375.0,187.0,46.0
,,,,,,,1789,105.0,100.0,82.0,275.0,362.0,594.0,375.0,187.0,46.0
,,,,,,,1790,105.0,100.0,82.0,275.0,362.0,594.0,375.0,187.0,46.0
,,,,,,,1791,105.0,100.0,82.0,275.0,362.0,594.0,375.0,187.0,46.0
,,,,,,,1792,105.0,100.0,82.0,275.0,362.0,594.0,375.0,187.0,46.0
,,,,,,,1793,105.0,100.0,82.0,275.0,362.0,594.0,375.0,187.0,46.0
,,,,,,,1794,105.0,100.0,82.0,275.0,362.0,594.0,375.0,187.0,46.0
,,,,,,,1795,105.0,100.0,82.0,275.0,362.0,594.0,375.0,187.0,46.0
,,,,,,,1796,105.0,100.0,82.0,275.0,362.0,594.0,375.0,187.0,46.0
,,,,,,,1797,105.0,100.0,82.0,275.0,362.0,594.0,375.0,187.0,46.0
,,,,,,,1798,105.0,100.0,82.0,275.0,362.0,594.0,375.0,187.0,46.0
,,,,,,,1799,105.0,100.0,82.0,275.0,362.0,594.0,375.0,187.0,46.0
,,,,,,,1800,105.0,100.0,82.0,275.0,362.0,594.0,375.0,187.0,46.0
,,,,,,,1801,105.0,100.0,82.0,275.0,362.0,594.0,375.0,187.0,46.0
,,,,,,,1802,105.0,100.0,82.0,275.0,362.0,594.0,375.0,187.0,46.0
,,,,,,,1803,105.0,100.0,82.0,275.0,362.0,594.0,375.0,187.0,46.0
,,,,,,,1804,105.0,100.0,82.0,275.0,362.0,594.0,375.0,187.0,46.0
,,,,,,,1805,105.0,100.0,82.0,275.0,362.0,594.0,375.0,187.0,46.0
,,,,,,,1806,105.0,100.0,82.0,275.0,362.0,594.0,375.0,187.0,46.0
,,,,,,,1807,105.0,100.0,82.0,275.0,362.0,594.0,375.0,187.0,46.0
,,,,,,,1808,105.0,100.0,82.0,275.0,362.0,594.0,375.0,187.0,46.0
,,,,,,,1809,105.0,100.0,82.0,275.0,362.0,594.0,375.0,187.0,46.0
,,,,,,,1810,105.0,100.0,82.0,275.0,362.0,594.0,375.0,187.0,46.0
,,,,,,,1811,105.0,100.0,82.0,275.0,362.0,594.0,375.0,187.0,46.0
,,,,,,,1812,105.0,100.0,82.0,275.0,362.0,594.0,375.0,187.0,46.0
,,,,,,,1813,105.0,100.0,82.0,275.0,362.0,594.0,375.0,187.0,46.0
,,,,,,,1814,105.0,100.0,82.0,275.0,362.0,594.0,375.0,187.0,46.0
,,,,,,,1815,105.0,100.0,82.0,275.0,362.0,594.0,375.0,187.0,46.0
,,,,,,,1816,105.0,100.0,82.0,275.0,362.0,594.0,375.0,187.0,46.0
,,,,,,,1817,105.0,100.0,82.0,275.0,362.0,594.0,375.0,187.0,46.0
,,,,,,,1818,105.0,100.0,82.0,275.0,362.0,594.0,375.0,187.0,46.0
,,,,,,,1819,105.0,100.0,82.0,275.0,362.0,594.0,375.0,187.0,46.0
,,,,,,,1820,105.0,100.0,82.0,275.0,362.0,594.0,375.0,187.0,46.0
,,,,,,,1821,105.0,100.0,82.0,275.0,362.0,594.0,375.0,187.0,46.0
,,,,,,,1822,105.0,100.0,82.0,275.0,362.0,594.0,375.0,187.0,46.0
,,,,,,,1823,105.0,100.0,82.0,275.0,362.0,594.0,375.0,187.0,46.0
,,,,,,,1824,105.0,100.0,82.0,275.0,362.0,594.0,375.0,187.0,46.0
,,,,,,,1825,105.0,100.0,82.0,275.0,362.0,594.0,375.0,187.0,46.0
,,,,,,,1826,105.0,100.0,82.0,275.0,362.0,594.0,375.0,187.0,46.0
,,,,,,,1827,105.0,100.0,82.0,275.0,362.0,594.0,375.0,187.0,46.0
,,,,,,,1828,105.0,100.0,82.0,275.0,362.0,594.0,375.0,187.0,46.0
,,,,,,,1829,105.0,100.0,82.0,275.0,362.0,594.0,375.0,187.0,46.0
,,,,,,,1830,105.0,100.0,82.0,275.0,362.0,594.0,375.0,187.0,46.0
,,,,,,,1831,105.0,100.0,82.0,275.0,362.0,594.0,375.0,187.0,46.0
,,,,,,,1832,105.0,100.0,82.0,275.0,362.0,594.0,375.0,187.0,46.0
,,,,,,,1833,105.0,100.0,82.0,275.0,362.0,594.0,375.0,187.0,46.0
,,,,,,,1834,105.0,100.0,82.0,275.0,362.0,594.0,375.0,187.0,46.0
,,,,,,,1835,105.0,100.0,82.0,275.0,362.0,594.0,375.0,187.0,46.0
,,,,,,,1836,105.0,100.0,82.0,275.0,362.0,594.0,375.0,187.0,46.0
,,,,,,,1837,105.0,100.0,82.0,275.0,362.0,594.0,375.0,187.0,46.0
,,,,,,,1838,105.0,100.0,82.0,275.0,362.0,594.0,375.0,187.0,46.0
,,,,,,,1839,105.0,100.0,82.0,275.0,362.0,594.0,375.0,187.0,46.0
,,,,,,,1840,105.0,100.0,82.0,275.0,362.0,594.0,375.0,187.0,46.0
,,,,,,,1841,105.0,100.0,82.0,275.0,362.0,594.0,375.0,187.0,46.0
,,,,,,,1842,105.0,100.0,82.0,275.0,362.0,594.0,375.0,187.0,46.0
,,,,,,,1843,105.0,100.0,82.0,275.0,362.0,594.0,375.0,187.0,46.0
,,,,,,,1844,105.0,100.0,82.0,275.0,362.0,594.0,375.0,187.0,46.0
,,,,,,,1845,105.0,100.0,82.0,275.0,362.0,594.0,375.0,187.0,46.0
,,,,,,,1846,105.0,100.0,82.0,275.0,362.0,594.0,375.0,187.0,46.0
,,,,,,,1847,105.0,100.0,82.0,275.0,362.0,594.0,375.0,187.0,46.0
,,,,,,,1848,105.0,100.0,82.0,275.0,362.0,594.0,375.0,187.0,46.0
