Voll,Demand_Segment,Cost_of_Demand_Curtailment_per_MW,Max_Demand_Curtailment,$/MWh,Rep_Periods,Timesteps_per_Rep_Period,Sub_Weights,Time_Index,Load_MW_z1,Load_MW_z2,Load_MW_z3,Load_MW_z4,Load_MW_z5,Load_MW_z6,Load_MW_z7,Load_MW_z8,Load_MW_z9
50000,1,1,1,50000,11,168,842.3076923076924,1,44346.0,27556.0,34100.0,61157.0,91877.0,57682.0,129393.0,100406.0,52403.0
,,,,,,,505.3846153846154,2,39822.0,25556.0,31641.0,60548.0,87694.0,56486.0,127867.0,98075.0,50962.0
,,,,,,,673.8461538461539,3,35259.0,23256.0,29777.0,60459.0,84895.0,55741.0,128959.0,98068.0,50812.0
,,,,,,,673.8461538461539,4,33072.0,22830.0,29035.0,61449.0,83978.0,56215.0,130365.0,97939.0,50664.0
,,,,,,,1684.6153846153848,5,32695.0,22615.0,29056.0,62564.0,84463.0,56534.0,134161.0,103470.0,54078.0
,,,,,,,168.46153846153848,6,33340.0,22812.0,29152.0,65374.0,89579.0,58953.0,149024.0,113561.0,59924.0
,,,,,,,168.46153846153848,7,34088.0,23251.0,30098.0,91834.0,98075.0,73040.0,159077.0,123647.0,67181.0
,,,,,,,1684.6153846153848,8,37007.0,24716.0,33663.0,86762.0,106183.0,72842.0,165694.0,133648.0,73413.0
,,,,,,,1179.2307692307693,9,45326.0,28037.0,34567.0,74737.0,113840.0,69308.0,168348.0,136398.0,74891.0
,,,,,,,1010.7692307692308,10,46569.0,27406.0,36615.0,70902.0,118054.0,69122.0,172496.0,137437.0,75366.0
,,,,,,,168.46153846153848,11,49028.0,28994.0,37909.0,71065.0,119650.0,70058.0,167708.0,132712.0,73383.0
,,,,,,,,12,50429.0,29757.0,39238.0,66340.0,119774.0,66572.0,165655.0,134000.0,74720.0
,,,,,,,,13,52317.0,30786.0,38106.0,64945.0,121544.0,66444.0,162928.0,132280.0,73934.0
,,,,,,,,14,52774.0,29411.0,38501.0,62775.0,120108.0,64738.0,156175.0,126927.0,70969.0
,,,,,,,,15,54766.0,29468.0,38521.0,59571.0,117411.0,61955.0,153039.0,126443.0,70876.0
,,,,,,,,16,54585.0,28755.0,37333.0,58820.0,118728.0,61449.0,156410.0,132697.0,74627.0
,,,,,,,,17,53048.0,27776.0,36964.0,60226.0,123965.0,63322.0,165512.0,141832.0,79935.0
,,,,,,,,18,53611.0,28227.0,38362.0,62851.0,127059.0,66964.0,167241.0,135510.0,76145.0
,,,,,,,,19,56404.0,29392.0,40733.0,62184.0,125191.0,65603.0,166890.0,134330.0,75491.0
,,,,,,,,20,58489.0,30655.0,41160.0,61351.0,122136.0,65241.0,160626.0,128150.0,71734.0
,,,,,,,,21,59234.0,29612.0,41166.0,58469.0,115738.0,62353.0,153282.0,123471.0,68762.0
,,,,,,,,22,57498.0,28754.0,39093.0,55684.0,109489.0,60069.0,146103.0,115754.0,63407.0
,,,,,,,,23,52503.0,26842.0,36662.0,53987.0,102443.0,57575.0,140882.0,110495.0,59594.0
,,,,,,,,24,47786.0,25339.0,34098.0,53455.0,97095.0,56417.0,138783.0,104053.0,54979.0
,,,,,,,,25,42740.0,23849.0,32129.0,55038.0,92399.0,55938.0,137067.0,99836.0,52070.0
,,,,,,,,26,38405.0,23183.0,31117.0,55138.0,88260.0,54912.0,136919.0,97385.0,50523.0
,,,,,,,,27,34989.0,23012.0,29925.0,55013.0,85456.0,54101.0,139168.0,97340.0,50187.0
,,,,,,,,28,32824.0,22654.0,29215.0,55686.0,84483.0,54425.0,142099.0,97174.0,50005.0
,,,,,,,,29,32415.0,22589.0,29282.0,56622.0,84401.0,54795.0,147452.0,99904.0,52142.0
,,,,,,,,30,33070.0,22845.0,29457.0,58635.0,87910.0,56429.0,167520.0,108345.0,56987.0
,,,,,,,,31,33933.0,23212.0,30077.0,69522.0,94674.0,68495.0,177444.0,118146.0,63587.0
,,,,,,,,32,35872.0,24167.0,33171.0,66539.0,103139.0,67396.0,173981.0,128809.0,70617.0
,,,,,,,,33,42265.0,27216.0,34493.0,66797.0,111657.0,66305.0,171225.0,131697.0,73087.0
,,,,,,,,34,43564.0,27086.0,37202.0,66688.0,115795.0,66762.0,172400.0,132866.0,73765.0
,,,,,,,,35,47860.0,29238.0,38858.0,67798.0,117212.0,68100.0,164268.0,128606.0,72594.0
,,,,,,,,36,50103.0,30351.0,40257.0,63888.0,117346.0,65126.0,160739.0,130009.0,74341.0
,,,,,,,,37,51908.0,31571.0,39110.0,63185.0,119279.0,65213.0,156681.0,128164.0,73790.0
,,,,,,,,38,52453.0,30249.0,39556.0,61423.0,118020.0,63689.0,149059.0,122934.0,71202.0
,,,,,,,,39,54488.0,30297.0,39530.0,58650.0,115231.0,60988.0,145692.0,122856.0,71414.0
,,,,,,,,40,54267.0,29606.0,38269.0,58042.0,116418.0,60672.0,148872.0,128915.0,75093.0
,,,,,,,,41,52712.0,28543.0,37833.0,59394.0,121465.0,62577.0,157931.0,137503.0,79934.0
,,,,,,,,42,53376.0,29040.0,39249.0,61887.0,125240.0,66119.0,160182.0,133896.0,77749.0
,,,,,,,,43,56231.0,30281.0,41964.0,61555.0,124069.0,65197.0,159997.0,131409.0,75242.0
,,,,,,,,44,58340.0,31568.0,42432.0,60597.0,120262.0,64280.0,153844.0,125393.0,70758.0
,,,,,,,,45,59474.0,30387.0,42206.0,57570.0,113945.0,61193.0,146168.0,120492.0,67581.0
,,,,,,,,46,57651.0,29273.0,40124.0,55002.0,108177.0,58935.0,139512.0,114947.0,63381.0
,,,,,,,,47,52447.0,27257.0,37679.0,52909.0,102218.0,56758.0,134585.0,109401.0,59081.0
,,,,,,,,48,47758.0,25718.0,35407.0,52366.0,98865.0,55508.0,134834.0,109238.0,54200.0
,,,,,,,,49,42867.0,24518.0,33388.0,58166.0,100139.0,59025.0,138164.0,108158.0,53042.0
,,,,,,,,50,38505.0,24463.0,32669.0,60095.0,98715.0,59388.0,140617.0,107140.0,51732.0
,,,,,,,,51,35950.0,25808.0,32692.0,61819.0,98218.0,59885.0,144339.0,108284.0,51698.0
,,,,,,,,52,35596.0,26181.0,32727.0,63424.0,98824.0,60635.0,150227.0,111097.0,53161.0
,,,,,,,,53,35908.0,26666.0,33319.0,66052.0,102443.0,62216.0,162902.0,120944.0,59457.0
,,,,,,,,54,37518.0,27443.0,34555.0,71782.0,118457.0,67445.0,213745.0,172546.0,87940.0
,,,,,,,,55,40259.0,28853.0,37573.0,94312.0,145749.0,93032.0,227675.0,188147.0,102555.0
,,,,,,,,56,46511.0,32507.0,47490.0,95575.0,159619.0,94561.0,212941.0,179603.0,100682.0
,,,,,,,,57,62953.0,40462.0,52665.0,93287.0,157182.0,89440.0,192221.0,161809.0,91486.0
,,,,,,,,58,70394.0,41714.0,52763.0,86320.0,149580.0,82297.0,187219.0,157973.0,89419.0
,,,,,,,,59,66258.0,40809.0,48657.0,85833.0,149832.0,82658.0,180911.0,152874.0,87935.0
,,,,,,,,60,60001.0,38679.0,48140.0,82105.0,149157.0,80018.0,175905.0,150263.0,87151.0
,,,,,,,,61,62133.0,39953.0,47218.0,80133.0,147737.0,78658.0,170645.0,146076.0,85084.0
,,,,,,,,62,62992.0,38628.0,46937.0,77589.0,145481.0,76432.0,167178.0,144167.0,84420.0
,,,,,,,,63,63246.0,38091.0,45984.0,76131.0,145499.0,75293.0,170100.0,146692.0,86384.0
,,,,,,,,64,62902.0,37398.0,45606.0,77071.0,149466.0,76648.0,179975.0,155793.0,93187.0
,,,,,,,,65,64001.0,37405.0,46857.0,80307.0,158189.0,80200.0,196577.0,171646.0,103026.0
,,,,,,,,66,67465.0,38708.0,49970.0,85825.0,163708.0,86148.0,191297.0,161345.0,97468.0
,,,,,,,,67,73215.0,40928.0,54954.0,80621.0,151749.0,80295.0,170285.0,144096.0,84872.0
,,,,,,,,68,78493.0,42505.0,53429.0,72095.0,137500.0,72338.0,157138.0,139518.0,81289.0
,,,,,,,,69,71229.0,38177.0,47885.0,68737.0,129799.0,69642.0,145114.0,123761.0,67380.0
,,,,,,,,70,60109.0,34147.0,44226.0,64351.0,118431.0,64454.0,134699.0,113488.0,60313.0
,,,,,,,,71,55853.0,32229.0,40699.0,61077.0,110094.0,60732.0,126798.0,107169.0,56016.0
,,,,,,,,72,49643.0,29598.0,37710.0,58777.0,103228.0,58113.0,121797.0,102972.0,54840.0
,,,,,,,,73,44203.0,27739.0,35187.0,57615.0,97725.0,56221.0,120799.0,102056.0,53751.0
,,,,,,,,74,39481.0,26383.0,33943.0,59013.0,96321.0,56522.0,121344.0,101071.0,52907.0
,,,,,,,,75,36094.0,25643.0,33554.0,60414.0,95687.0,57000.0,123266.0,101773.0,53365.0
,,,,,,,,76,35766.0,26028.0,33619.0,61829.0,96303.0,57755.0,127266.0,104300.0,54778.0
,,,,,,,,77,36047.0,26426.0,34205.0,64209.0,99844.0,59318.0,137529.0,113788.0,60454.0
,,,,,,,,78,37609.0,27149.0,35391.0,69871.0,113909.0,64264.0,173358.0,157709.0,86140.0
,,,,,,,,79,40221.0,28573.0,38273.0,89325.0,136777.0,83700.0,190577.0,167488.0,98224.0
,,,,,,,,80,46497.0,32081.0,48069.0,92903.0,149206.0,88163.0,189475.0,160084.0,95688.0
,,,,,,,,81,62885.0,39557.0,53326.0,90632.0,147133.0,85299.0,177599.0,144803.0,86406.0
,,,,,,,,82,70140.0,41006.0,53395.0,84410.0,140723.0,79196.0,176206.0,145445.0,85592.0
,,,,,,,,83,65975.0,40178.0,49016.0,84871.0,141518.0,79982.0,174358.0,140872.0,83564.0
,,,,,,,,84,59758.0,38054.0,48383.0,81904.0,140755.0,77854.0,172459.0,138488.0,82531.0
,,,,,,,,85,61927.0,39287.0,47158.0,80247.0,139246.0,76830.0,169052.0,134972.0,80342.0
,,,,,,,,86,62879.0,38106.0,46753.0,78138.0,137367.0,74990.0,167240.0,133305.0,79578.0
,,,,,,,,87,63170.0,37527.0,45750.0,76964.0,138050.0,74219.0,171378.0,136528.0,81471.0
,,,,,,,,88,62843.0,36826.0,45259.0,78189.0,142460.0,75745.0,181804.0,145244.0,87502.0
,,,,,,,,89,63916.0,36933.0,46583.0,81350.0,150906.0,79362.0,197532.0,158006.0,96748.0
,,,,,,,,90,67346.0,38238.0,49707.0,86732.0,155589.0,85190.0,191233.0,146018.0,90629.0
,,,,,,,,91,73130.0,40419.0,54760.0,81599.0,144231.0,79647.0,168977.0,130670.0,80391.0
,,,,,,,,92,78372.0,42038.0,53221.0,73204.0,131139.0,71716.0,154966.0,125650.0,77650.0
,,,,,,,,93,71122.0,37793.0,47699.0,69986.0,123882.0,69107.0,142979.0,111496.0,65901.0
,,,,,,,,94,59983.0,33779.0,44046.0,65606.0,113888.0,64198.0,131989.0,102919.0,59787.0
,,,,,,,,95,55802.0,31878.0,40504.0,62499.0,106162.0,60492.0,122736.0,96708.0,55743.0
,,,,,,,,96,49640.0,29291.0,37603.0,60062.0,99655.0,57609.0,116852.0,94498.0,53460.0
,,,,,,,,97,44142.0,27428.0,35115.0,59004.0,95594.0,57181.0,115414.0,93952.0,52640.0
,,,,,,,,98,39487.0,26095.0,33453.0,60653.0,94442.0,57570.0,115544.0,93013.0,51812.0
,,,,,,,,99,36127.0,25479.0,33072.0,62752.0,93982.0,58297.0,117297.0,93615.0,52290.0
,,,,,,,,100,35770.0,25884.0,33079.0,64704.0,94823.0,59226.0,121048.0,96217.0,53761.0
,,,,,,,,101,36032.0,26298.0,33616.0,67644.0,98339.0,60945.0,130748.0,105153.0,59334.0
,,,,,,,,102,37626.0,27004.0,34757.0,73808.0,111890.0,66142.0,162208.0,142462.0,81460.0
,,,,,,,,103,40359.0,28447.0,37604.0,95933.0,134349.0,85499.0,182041.0,150126.0,91128.0
,,,,,,,,104,46672.0,31957.0,47008.0,98057.0,146986.0,90319.0,183872.0,145633.0,88289.0
,,,,,,,,105,63128.0,39305.0,51935.0,95159.0,145211.0,87739.0,173208.0,133475.0,79744.0
,,,,,,,,106,69980.0,40869.0,52237.0,87608.0,138977.0,81203.0,172526.0,136084.0,80273.0
,,,,,,,,107,66002.0,40207.0,47932.0,87245.0,139970.0,81687.0,172489.0,132842.0,78121.0
,,,,,,,,108,59718.0,38148.0,47287.0,83053.0,139350.0,79007.0,170797.0,131341.0,77071.0
,,,,,,,,109,61902.0,39450.0,46118.0,80958.0,138063.0,77653.0,167841.0,128267.0,75211.0
,,,,,,,,110,62877.0,38344.0,45730.0,78082.0,136127.0,75331.0,166763.0,127796.0,74656.0
,,,,,,,,111,63150.0,37749.0,44855.0,76342.0,136869.0,74047.0,171188.0,131633.0,76717.0
,,,,,,,,112,62788.0,37078.0,44542.0,77331.0,141327.0,75309.0,181788.0,140219.0,82350.0
,,,,,,,,113,63891.0,37170.0,45732.0,80326.0,149557.0,78671.0,197508.0,152014.0,90613.0
,,,,,,,,114,67365.0,38496.0,48830.0,85832.0,154372.0,84674.0,192794.0,140337.0,83885.0
,,,,,,,,115,73109.0,40642.0,53674.0,80538.0,143079.0,78978.0,170695.0,125209.0,74783.0
,,,,,,,,116,78336.0,42281.0,52327.0,72173.0,130077.0,71095.0,157185.0,120097.0,71766.0
,,,,,,,,117,71115.0,37993.0,46784.0,69149.0,122971.0,68583.0,145996.0,107505.0,61583.0
,,,,,,,,118,60001.0,33936.0,43114.0,64612.0,113138.0,63653.0,135330.0,99954.0,56267.0
,,,,,,,,119,55714.0,32053.0,39708.0,61868.0,105519.0,60227.0,126479.0,94230.0,52392.0
,,,,,,,,120,49556.0,29473.0,36838.0,59894.0,99988.0,57516.0,124369.0,92475.0,49330.0
,,,,,,,,121,44168.0,27630.0,34273.0,58868.0,96064.0,56648.0,124372.0,92390.0,48783.0
,,,,,,,,122,39549.0,26294.0,32483.0,60643.0,94924.0,57199.0,126288.0,91858.0,48092.0
,,,,,,,,123,35933.0,25261.0,32006.0,62457.0,94362.0,57835.0,129703.0,92886.0,48618.0
,,,,,,,,124,35386.0,25735.0,32059.0,64044.0,95088.0,58688.0,134898.0,95753.0,50032.0
,,,,,,,,125,35467.0,26235.0,32574.0,66423.0,98632.0,60280.0,146680.0,104848.0,55131.0
,,,,,,,,126,36805.0,26977.0,33653.0,71944.0,111825.0,65214.0,182056.0,138845.0,73359.0
,,,,,,,,127,39377.0,28460.0,36519.0,92105.0,134181.0,83814.0,202144.0,149258.0,82390.0
,,,,,,,,128,45359.0,32115.0,45380.0,94028.0,146518.0,87191.0,201023.0,145884.0,80940.0
,,,,,,,,129,61089.0,39234.0,50440.0,90343.0,144288.0,84607.0,186901.0,134037.0,74098.0
,,,,,,,,130,68276.0,40596.0,50450.0,81526.0,137972.0,77394.0,183778.0,136648.0,75823.0
,,,,,,,,131,65222.0,39803.0,46290.0,80404.0,139125.0,77729.0,179502.0,133692.0,74569.0
,,,,,,,,132,59570.0,37543.0,45584.0,76814.0,138562.0,75107.0,175758.0,132345.0,74040.0
,,,,,,,,133,61789.0,38759.0,44871.0,74840.0,137091.0,73625.0,170562.0,129199.0,72413.0
,,,,,,,,134,63035.0,37772.0,44650.0,72715.0,134925.0,71515.0,167344.0,128680.0,72235.0
,,,,,,,,135,63375.0,37150.0,43926.0,71709.0,135663.0,70414.0,170537.0,132896.0,74906.0
,,,,,,,,136,63117.0,36425.0,43671.0,72815.0,140264.0,71685.0,180088.0,141557.0,80560.0
,,,,,,,,137,64244.0,36489.0,44932.0,75898.0,148699.0,75161.0,196224.0,153727.0,88270.0
,,,,,,,,138,67606.0,37734.0,48036.0,80365.0,153406.0,80333.0,191057.0,142411.0,81687.0
,,,,,,,,139,73315.0,39935.0,52558.0,76178.0,142211.0,74778.0,170146.0,127775.0,72748.0
,,,,,,,,140,78447.0,41474.0,51502.0,67713.0,129229.0,66793.0,157799.0,123065.0,69811.0
,,,,,,,,141,71076.0,37415.0,45884.0,63976.0,122174.0,64071.0,146475.0,110405.0,60320.0
,,,,,,,,142,59897.0,33395.0,42048.0,59419.0,112499.0,59346.0,136626.0,102645.0,55387.0
,,,,,,,,143,55662.0,31528.0,38606.0,55242.0,104901.0,55840.0,129139.0,97140.0,51951.0
,,,,,,,,144,49593.0,28975.0,35684.0,52179.0,98660.0,53066.0,124112.0,94949.0,51762.0
,,,,,,,,145,44111.0,27099.0,33127.0,49169.0,94640.0,50861.0,124211.0,95067.0,51422.0
,,,,,,,,146,39394.0,25762.0,31384.0,49996.0,93629.0,51168.0,125688.0,94607.0,50691.0
,,,,,,,,147,36551.0,25100.0,30931.0,51469.0,93087.0,51636.0,128667.0,95809.0,51270.0
,,,,,,,,148,35949.0,25555.0,30912.0,52915.0,93772.0,52284.0,133709.0,98670.0,52838.0
,,,,,,,,149,35925.0,26044.0,31463.0,55240.0,97264.0,53753.0,144844.0,107923.0,58334.0
,,,,,,,,150,37292.0,26820.0,32571.0,60400.0,110523.0,58376.0,180145.0,143679.0,78068.0
,,,,,,,,151,39737.0,28301.0,35324.0,74653.0,132391.0,72441.0,196780.0,154442.0,87315.0
,,,,,,,,152,45713.0,31923.0,43703.0,80400.0,144487.0,77636.0,193050.0,149999.0,85096.0
,,,,,,,,153,61490.0,39573.0,48775.0,79193.0,142432.0,76753.0,176591.0,137093.0,77223.0
,,,,,,,,154,69713.0,40869.0,49240.0,73025.0,136155.0,71082.0,172688.0,139652.0,78603.0
,,,,,,,,155,67406.0,40122.0,45422.0,73350.0,137301.0,71794.0,168960.0,136229.0,76804.0
,,,,,,,,156,61679.0,37841.0,44822.0,71857.0,136517.0,70361.0,165401.0,134690.0,75823.0
,,,,,,,,157,64007.0,39059.0,44365.0,71006.0,135232.0,69686.0,161038.0,131662.0,74021.0
,,,,,,,,158,64383.0,37881.0,44152.0,69955.0,133209.0,68409.0,158882.0,130899.0,73649.0
,,,,,,,,159,64463.0,37372.0,43561.0,69681.0,133632.0,68074.0,162592.0,135091.0,76076.0
,,,,,,,,160,63887.0,36691.0,43468.0,71078.0,138030.0,69664.0,172443.0,143724.0,81893.0
,,,,,,,,161,64743.0,36728.0,44688.0,74312.0,146219.0,73072.0,187171.0,156005.0,90145.0
,,,,,,,,162,68180.0,38060.0,47681.0,78440.0,150684.0,77608.0,181695.0,144747.0,83433.0
,,,,,,,,163,74033.0,40183.0,51981.0,74549.0,139493.0,72465.0,159983.0,130188.0,74518.0
,,,,,,,,164,79485.0,41786.0,50947.0,65794.0,126699.0,64088.0,146656.0,125752.0,71731.0
,,,,,,,,165,71665.0,37618.0,45255.0,61561.0,119644.0,60856.0,135913.0,112717.0,61917.0
,,,,,,,,166,60689.0,33567.0,41334.0,57213.0,110509.0,56468.0,126160.0,104597.0,56715.0
,,,,,,,,167,56686.0,31708.0,37934.0,52709.0,103403.0,52520.0,117880.0,99156.0,53202.0
,,,,,,,,168,50376.0,29062.0,34970.0,48506.0,95499.0,49118.0,109665.0,93021.0,50178.0
,,,,,,,,169,47526.0,28595.0,32359.0,38686.0,78578.0,37194.0,76556.0,59409.0,36557.0
,,,,,,,,170,44978.0,26848.0,29549.0,35015.0,74841.0,34805.0,71300.0,56683.0,35079.0
,,,,,,,,171,42425.0,24627.0,27404.0,32196.0,72549.0,32790.0,70357.0,58090.0,35704.0
,,,,,,,,172,41397.0,24109.0,26236.0,31442.0,72977.0,32689.0,70934.0,58880.0,36054.0
,,,,,,,,173,41695.0,23863.0,26165.0,31060.0,73840.0,32682.0,73684.0,62320.0,38576.0
,,,,,,,,174,43313.0,24380.0,26519.0,32093.0,78039.0,33957.0,82704.0,70980.0,43864.0
,,,,,,,,175,44869.0,25048.0,27374.0,35617.0,84128.0,37841.0,90119.0,74942.0,46863.0
,,,,,,,,176,49162.0,26559.0,30441.0,39458.0,89611.0,40029.0,99972.0,83316.0,52190.0
,,,,,,,,177,59839.0,29981.0,31264.0,44056.0,96695.0,43681.0,110747.0,90487.0,56485.0
,,,,,,,,178,56939.0,29109.0,32997.0,48746.0,102212.0,47195.0,117547.0,93786.0,58619.0
,,,,,,,,179,59051.0,30447.0,35211.0,51361.0,103998.0,49049.0,120436.0,92385.0,57784.0
,,,,,,,,180,59842.0,31477.0,36883.0,53235.0,104003.0,49337.0,124470.0,95885.0,59724.0
,,,,,,,,181,62207.0,32595.0,36431.0,55387.0,105572.0,50780.0,124794.0,93445.0,58146.0
,,,,,,,,182,58799.0,30526.0,36962.0,55682.0,103343.0,49959.0,123543.0,91607.0,57116.0
,,,,,,,,183,60170.0,30482.0,36652.0,55920.0,101796.0,49291.0,122918.0,90947.0,57242.0
,,,,,,,,184,57983.0,29368.0,35860.0,55866.0,101838.0,48998.0,124439.0,92376.0,58551.0
,,,,,,,,185,56266.0,28613.0,35474.0,56583.0,103354.0,49640.0,125606.0,94133.0,60675.0
,,,,,,,,186,56003.0,28473.0,35887.0,56690.0,105573.0,50079.0,133408.0,100352.0,63446.0
,,,,,,,,187,57085.0,29006.0,36779.0,59937.0,108478.0,53422.0,133170.0,97818.0,61749.0
,,,,,,,,188,59484.0,30269.0,38846.0,58283.0,105237.0,51920.0,124300.0,92160.0,58372.0
,,,,,,,,189,60508.0,30428.0,39145.0,54476.0,99580.0,48574.0,113090.0,85624.0,55084.0
,,,,,,,,190,58144.0,29420.0,37056.0,49882.0,93922.0,45043.0,102322.0,79565.0,51161.0
,,,,,,,,191,54230.0,27817.0,34373.0,45476.0,89046.0,41831.0,93953.0,76719.0,49591.0
,,,,,,,,192,50498.0,26351.0,31726.0,42180.0,85497.0,39908.0,86303.0,77593.0,49422.0
,,,,,,,,193,46746.0,25239.0,30154.0,38208.0,80529.0,36703.0,79259.0,75206.0,47473.0
,,,,,,,,194,45695.0,25130.0,29395.0,34897.0,76611.0,34323.0,74615.0,73339.0,46062.0
,,,,,,,,195,44595.0,25708.0,28021.0,32031.0,73974.0,32191.0,74063.0,75324.0,46940.0
,,,,,,,,196,44098.0,25331.0,27127.0,31193.0,73832.0,31901.0,74899.0,76531.0,47287.0
,,,,,,,,197,44420.0,25134.0,27286.0,30715.0,73929.0,31748.0,77460.0,78849.0,48706.0
,,,,,,,,198,45846.0,25713.0,27672.0,31623.0,76932.0,32732.0,86254.0,86996.0,52768.0
,,,,,,,,199,47254.0,26262.0,28429.0,34565.0,82440.0,35976.0,92863.0,92043.0,58188.0
,,,,,,,,200,49886.0,27209.0,31459.0,38501.0,88063.0,38526.0,103233.0,99106.0,63595.0
,,,,,,,,201,60248.0,29976.0,32666.0,43551.0,95081.0,42391.0,113886.0,105431.0,67406.0
,,,,,,,,202,56973.0,29681.0,35140.0,48628.0,100980.0,46178.0,120242.0,108328.0,68600.0
,,,,,,,,203,59463.0,31234.0,37626.0,51344.0,102714.0,48036.0,121411.0,104442.0,65709.0
,,,,,,,,204,61026.0,32563.0,39293.0,53489.0,102689.0,48610.0,125210.0,106513.0,67397.0
,,,,,,,,205,62312.0,33491.0,38485.0,56580.0,104207.0,50268.0,125258.0,103056.0,65250.0
,,,,,,,,206,58362.0,31296.0,38943.0,57789.0,102331.0,49635.0,123639.0,100226.0,63822.0
,,,,,,,,207,59197.0,31203.0,38501.0,58709.0,101240.0,49033.0,123076.0,99284.0,63736.0
,,,,,,,,208,56596.0,30071.0,37578.0,59187.0,101554.0,48867.0,124564.0,100519.0,65083.0
,,,,,,,,209,54733.0,29239.0,37192.0,60121.0,103563.0,49675.0,126269.0,103860.0,68165.0
,,,,,,,,210,54469.0,29067.0,37616.0,60312.0,106120.0,50130.0,134212.0,108479.0,70268.0
,,,,,,,,211,55465.0,29626.0,38898.0,63559.0,109317.0,53832.0,134297.0,105008.0,67267.0
,,,,,,,,212,58027.0,31092.0,40694.0,61747.0,105536.0,52330.0,125563.0,98880.0,63534.0
,,,,,,,,213,60079.0,31141.0,40779.0,57496.0,99713.0,48985.0,114255.0,93009.0,60241.0
,,,,,,,,214,57341.0,29796.0,38700.0,52528.0,94019.0,45315.0,103661.0,88715.0,57309.0
,,,,,,,,215,53469.0,28222.0,36045.0,47358.0,89366.0,42046.0,95567.0,86675.0,55073.0
,,,,,,,,216,49292.0,26874.0,33895.0,43271.0,87376.0,40040.0,88324.0,81275.0,50498.0
,,,,,,,,217,46736.0,26254.0,32575.0,43498.0,88114.0,43412.0,85607.0,80474.0,49568.0
,,,,,,,,218,46191.0,26617.0,32566.0,41521.0,86814.0,42803.0,84429.0,80793.0,49196.0
,,,,,,,,219,46445.0,28508.0,32363.0,40797.0,86993.0,43062.0,85240.0,82027.0,49799.0
,,,,,,,,220,47832.0,28981.0,32666.0,40578.0,87673.0,43516.0,87530.0,83947.0,50978.0
,,,,,,,,221,49740.0,29679.0,33400.0,41199.0,90115.0,44597.0,94750.0,90040.0,54546.0
,,,,,,,,222,51755.0,30426.0,34414.0,44857.0,99696.0,48391.0,117174.0,111208.0,66163.0
,,,,,,,,223,54490.0,31677.0,36534.0,55447.0,117797.0,59040.0,137740.0,125419.0,76452.0
,,,,,,,,224,60305.0,34541.0,44101.0,65463.0,129555.0,67111.0,144273.0,124972.0,76731.0
,,,,,,,,225,78647.0,41253.0,49220.0,68367.0,129602.0,68383.0,139637.0,118435.0,72296.0
,,,,,,,,226,78786.0,42597.0,50002.0,67526.0,126853.0,66276.0,139086.0,120636.0,73169.0
,,,,,,,,227,75398.0,41861.0,47292.0,69016.0,128142.0,67314.0,143168.0,120422.0,72249.0
,,,,,,,,228,68919.0,40194.0,46735.0,71731.0,128905.0,68211.0,145812.0,119676.0,71604.0
,,,,,,,,229,69784.0,40932.0,45759.0,73054.0,128350.0,68186.0,146898.0,118554.0,70416.0
,,,,,,,,230,66662.0,38947.0,45482.0,74205.0,127618.0,67911.0,147678.0,117143.0,69468.0
,,,,,,,,231,65362.0,38117.0,44775.0,74945.0,127936.0,67481.0,152458.0,121343.0,72077.0
,,,,,,,,232,63700.0,37308.0,44142.0,76964.0,132324.0,69093.0,162113.0,128694.0,77117.0
,,,,,,,,233,63133.0,36905.0,45065.0,80331.0,139570.0,72080.0,174351.0,139090.0,84620.0
,,,,,,,,234,66131.0,37911.0,47688.0,84100.0,143711.0,76487.0,171445.0,129544.0,78405.0
,,,,,,,,235,71303.0,39929.0,52280.0,80618.0,133885.0,72387.0,151206.0,114190.0,69122.0
,,,,,,,,236,77461.0,41949.0,51144.0,71496.0,121890.0,64335.0,136806.0,109097.0,66369.0
,,,,,,,,237,69925.0,37923.0,45908.0,66997.0,116925.0,61472.0,126048.0,104169.0,63217.0
,,,,,,,,238,59279.0,33981.0,42382.0,62245.0,111366.0,58299.0,113191.0,98276.0,59749.0
,,,,,,,,239,55972.0,32641.0,40182.0,56143.0,104627.0,54298.0,100182.0,92688.0,56068.0
,,,,,,,,240,51949.0,31250.0,37742.0,50173.0,98826.0,50439.0,90220.0,93702.0,53483.0
,,,,,,,,241,48067.0,29835.0,35279.0,44517.0,95535.0,49251.0,85361.0,93291.0,52578.0
,,,,,,,,242,46120.0,28489.0,33341.0,42964.0,94239.0,48861.0,84124.0,94064.0,52174.0
,,,,,,,,243,46319.0,28234.0,32787.0,43110.0,94479.0,49575.0,84997.0,95892.0,52683.0
,,,,,,,,244,47632.0,28568.0,33030.0,43525.0,95319.0,50335.0,87388.0,98740.0,54038.0
,,,,,,,,245,49336.0,29231.0,33678.0,44902.0,98694.0,51642.0,95432.0,107968.0,59525.0
,,,,,,,,246,51324.0,29998.0,34709.0,49422.0,112526.0,56006.0,119620.0,145805.0,83302.0
,,,,,,,,247,54007.0,31433.0,37394.0,62006.0,134990.0,70225.0,142477.0,157430.0,93449.0
,,,,,,,,248,61577.0,35338.0,47113.0,70754.0,146815.0,76946.0,148724.0,150844.0,89137.0
,,,,,,,,249,86450.0,43489.0,52533.0,71735.0,143920.0,76105.0,144136.0,139921.0,81060.0
,,,,,,,,250,88973.0,44941.0,51692.0,69431.0,138393.0,72196.0,144364.0,140455.0,79907.0
,,,,,,,,251,80378.0,43605.0,47632.0,70259.0,138314.0,72735.0,149186.0,137587.0,78227.0
,,,,,,,,252,70764.0,41472.0,46557.0,71484.0,137898.0,72040.0,151704.0,135965.0,77131.0
,,,,,,,,253,70821.0,42141.0,45260.0,71936.0,136860.0,71367.0,152901.0,134060.0,75405.0
,,,,,,,,254,67269.0,40115.0,44810.0,72221.0,135386.0,70423.0,153753.0,132047.0,73830.0
,,,,,,,,255,65927.0,39360.0,44104.0,72084.0,134884.0,69312.0,158579.0,135780.0,75668.0
,,,,,,,,256,64301.0,38563.0,43450.0,73596.0,138702.0,70658.0,168507.0,143356.0,80916.0
,,,,,,,,257,63594.0,38094.0,44314.0,76582.0,146356.0,73588.0,180888.0,155446.0,89564.0
,,,,,,,,258,66509.0,39119.0,46949.0,80370.0,150979.0,78370.0,177287.0,145586.0,84596.0
,,,,,,,,259,71962.0,41203.0,51331.0,76910.0,141316.0,73797.0,156826.0,131862.0,76595.0
,,,,,,,,260,78053.0,43250.0,50479.0,68647.0,129921.0,66400.0,142861.0,128266.0,74585.0
,,,,,,,,261,70817.0,39347.0,45648.0,64714.0,123272.0,63930.0,131115.0,115307.0,64047.0
,,,,,,,,262,61504.0,35927.0,42427.0,59993.0,113753.0,59385.0,117962.0,106787.0,58307.0
,,,,,,,,263,59220.0,34478.0,39267.0,54614.0,106117.0,55459.0,105516.0,101040.0,54503.0
,,,,,,,,264,51566.0,31583.0,36330.0,49641.0,99610.0,52151.0,96946.0,96513.0,52365.0
,,,,,,,,265,46884.0,29956.0,33860.0,44928.0,94602.0,47652.0,93065.0,95679.0,51458.0
,,,,,,,,266,44654.0,28787.0,32517.0,43897.0,93194.0,47147.0,92740.0,96052.0,51093.0
,,,,,,,,267,45255.0,29339.0,32028.0,44361.0,93186.0,47558.0,94446.0,97029.0,51602.0
,,,,,,,,268,46389.0,29760.0,32279.0,45018.0,93770.0,47997.0,97596.0,99379.0,52830.0
,,,,,,,,269,48055.0,30507.0,32917.0,46361.0,96961.0,48996.0,106483.0,108274.0,58045.0
,,,,,,,,270,50106.0,31301.0,33959.0,50453.0,110854.0,53064.0,132710.0,147104.0,80671.0
,,,,,,,,271,52875.0,32754.0,36555.0,62659.0,132982.0,65730.0,154820.0,156222.0,90210.0
,,,,,,,,272,60663.0,36610.0,45912.0,70834.0,143838.0,72254.0,159340.0,147841.0,85943.0
,,,,,,,,273,88721.0,45000.0,51571.0,71255.0,140459.0,71417.0,153094.0,135807.0,78415.0
,,,,,,,,274,88391.0,46509.0,50739.0,68872.0,134894.0,67692.0,152260.0,135360.0,77569.0
,,,,,,,,275,81388.0,45189.0,46866.0,69388.0,134688.0,67993.0,154303.0,131157.0,75615.0
,,,,,,,,276,72470.0,43136.0,45831.0,71178.0,133975.0,67883.0,155318.0,128620.0,74531.0
,,,,,,,,277,72292.0,43867.0,44707.0,72075.0,132691.0,67411.0,155114.0,125833.0,73057.0
,,,,,,,,278,68924.0,41738.0,44385.0,72974.0,131124.0,66811.0,154566.0,123002.0,71648.0
,,,,,,,,279,67606.0,41069.0,43847.0,73425.0,130468.0,66081.0,158755.0,125752.0,73598.0
,,,,,,,,280,65867.0,40305.0,43308.0,75225.0,134415.0,67702.0,168145.0,133116.0,78516.0
,,,,,,,,281,65048.0,39870.0,44292.0,78570.0,142117.0,70877.0,180847.0,145369.0,86605.0
,,,,,,,,282,67997.0,40968.0,46950.0,82327.0,146505.0,75087.0,176826.0,136301.0,81407.0
,,,,,,,,283,73353.0,43152.0,51290.0,78922.0,136920.0,71051.0,156831.0,123538.0,73581.0
,,,,,,,,284,79748.0,45342.0,50377.0,70306.0,125818.0,63527.0,143186.0,119799.0,71384.0
,,,,,,,,285,71999.0,41005.0,45523.0,65937.0,119127.0,60752.0,131627.0,107192.0,61340.0
,,,,,,,,286,62872.0,37694.0,42252.0,60999.0,109976.0,56466.0,119601.0,99064.0,55953.0
,,,,,,,,287,60873.0,36281.0,39082.0,55012.0,102679.0,52321.0,108685.0,93389.0,52664.0
,,,,,,,,288,52684.0,33195.0,36199.0,49171.0,96445.0,48479.0,99099.0,92069.0,51013.0
,,,,,,,,289,48632.0,31625.0,33748.0,44812.0,91865.0,45568.0,95075.0,91395.0,50292.0
,,,,,,,,290,46918.0,30481.0,32573.0,42639.0,90486.0,44740.0,94646.0,91863.0,50164.0
,,,,,,,,291,47004.0,31189.0,32060.0,41957.0,90449.0,44842.0,95909.0,92889.0,50735.0
,,,,,,,,292,48565.0,31700.0,32284.0,41720.0,90915.0,45151.0,98650.0,95074.0,51871.0
,,,,,,,,293,50326.0,32372.0,32926.0,42245.0,93970.0,46094.0,107025.0,103634.0,57019.0
,,,,,,,,294,52347.0,33118.0,33974.0,46134.0,106630.0,50092.0,133037.0,140406.0,77525.0
,,,,,,,,295,54901.0,34679.0,36736.0,57246.0,128015.0,61936.0,152949.0,148014.0,86632.0
,,,,,,,,296,62601.0,38748.0,46124.0,67636.0,139259.0,69882.0,156377.0,140044.0,82118.0
,,,,,,,,297,87935.0,47602.0,51908.0,70002.0,137059.0,70232.0,148600.0,128716.0,74740.0
,,,,,,,,298,90060.0,49365.0,51327.0,68824.0,132565.0,67740.0,147676.0,128812.0,74563.0
,,,,,,,,299,81045.0,48076.0,47635.0,70535.0,132751.0,68595.0,150066.0,125231.0,72653.0
,,,,,,,,300,71222.0,46091.0,46725.0,73502.0,132476.0,69573.0,151577.0,122783.0,71228.0
,,,,,,,,301,71679.0,46832.0,45604.0,75122.0,131596.0,69742.0,151900.0,120543.0,69906.0
,,,,,,,,302,67871.0,44825.0,45302.0,76721.0,130322.0,69800.0,152138.0,117917.0,68462.0
,,,,,,,,303,66535.0,44214.0,44732.0,77673.0,130149.0,69501.0,156597.0,120993.0,70314.0
,,,,,,,,304,64888.0,43323.0,44225.0,79854.0,134382.0,71514.0,166181.0,128150.0,75241.0
,,,,,,,,305,64209.0,42937.0,45191.0,83417.0,141772.0,74978.0,178411.0,139208.0,83224.0
,,,,,,,,306,67226.0,44142.0,47839.0,87358.0,145868.0,79497.0,174784.0,129975.0,77911.0
,,,,,,,,307,72877.0,46383.0,52204.0,83543.0,136353.0,75259.0,154467.0,116422.0,70081.0
,,,,,,,,308,79185.0,48757.0,51185.0,74505.0,125080.0,67522.0,140264.0,112345.0,67756.0
,,,,,,,,309,71782.0,43984.0,46331.0,69579.0,118781.0,64756.0,128572.0,100528.0,58255.0
,,,,,,,,310,62467.0,40702.0,43194.0,64407.0,109879.0,60317.0,115699.0,92884.0,53403.0
,,,,,,,,311,60183.0,39258.0,39953.0,57860.0,102527.0,55917.0,103552.0,87144.0,49904.0
,,,,,,,,312,52183.0,35989.0,37065.0,51551.0,96464.0,52157.0,92894.0,80725.0,46000.0
,,,,,,,,313,47655.0,34459.0,34704.0,46226.0,92092.0,52488.0,88522.0,79790.0,45064.0
,,,,,,,,314,45382.0,33337.0,33765.0,45242.0,90824.0,52057.0,87306.0,79919.0,44804.0
,,,,,,,,315,45045.0,34284.0,33081.0,45803.0,90914.0,52612.0,88207.0,80907.0,45389.0
,,,,,,,,316,46173.0,34780.0,33312.0,46578.0,91562.0,53464.0,90601.0,82901.0,46559.0
,,,,,,,,317,47766.0,35484.0,33933.0,48142.0,94469.0,54795.0,98505.0,90797.0,51346.0
,,,,,,,,318,49836.0,36277.0,34857.0,53014.0,107043.0,59157.0,122500.0,117906.0,68642.0
,,,,,,,,319,52681.0,37857.0,37573.0,66950.0,128510.0,74837.0,144778.0,130172.0,78036.0
,,,,,,,,320,60213.0,42153.0,46664.0,75236.0,140341.0,81954.0,150441.0,125863.0,75110.0
,,,,,,,,321,84079.0,52166.0,53097.0,75791.0,138722.0,80730.0,145546.0,116322.0,69479.0
,,,,,,,,322,87760.0,54064.0,52348.0,73363.0,134485.0,76745.0,145977.0,117102.0,70058.0
,,,,,,,,323,80082.0,51859.0,48412.0,74236.0,134789.0,77065.0,150340.0,116141.0,69153.0
,,,,,,,,324,71412.0,49163.0,47356.0,74315.0,134976.0,76298.0,152463.0,114666.0,68381.0
,,,,,,,,325,71852.0,49405.0,46180.0,73698.0,134297.0,75655.0,153389.0,113188.0,67424.0
,,,,,,,,326,68527.0,47267.0,45649.0,73155.0,133178.0,74690.0,153944.0,111577.0,66448.0
,,,,,,,,327,67481.0,46525.0,44930.0,72514.0,133267.0,73727.0,158452.0,115308.0,68695.0
,,,,,,,,328,65898.0,45367.0,44375.0,73824.0,137349.0,75105.0,167936.0,122281.0,73234.0
,,,,,,,,329,65131.0,44718.0,45416.0,76605.0,144525.0,78183.0,179789.0,132187.0,80050.0
,,,,,,,,330,68150.0,45769.0,48173.0,80331.0,148871.0,83188.0,176020.0,123904.0,74883.0
,,,,,,,,331,73748.0,48068.0,52624.0,76581.0,139105.0,78238.0,155236.0,109928.0,66704.0
,,,,,,,,332,80312.0,50764.0,51561.0,68337.0,127582.0,70485.0,140955.0,105528.0,64055.0
,,,,,,,,333,72324.0,46153.0,46595.0,64690.0,121343.0,67925.0,129963.0,95620.0,55809.0
,,,,,,,,334,63048.0,42977.0,43302.0,60202.0,112104.0,63023.0,117229.0,88207.0,51203.0
,,,,,,,,335,60889.0,41748.0,40101.0,55876.0,104686.0,58909.0,105177.0,82331.0,47798.0
,,,,,,,,336,53125.0,38435.0,37144.0,52079.0,97884.0,55611.0,93920.0,81233.0,47969.0
,,,,,,,,337,45273.0,28566.0,32857.0,38810.0,77679.0,43042.0,83268.0,68063.0,41248.0
,,,,,,,,338,40947.0,26675.0,29670.0,35985.0,74025.0,41735.0,79238.0,66045.0,40060.0
,,,,,,,,339,35296.0,23227.0,27373.0,34390.0,71867.0,40734.0,78629.0,66812.0,40495.0
,,,,,,,,340,32882.0,22815.0,26493.0,34456.0,71747.0,41241.0,78718.0,66671.0,40362.0
,,,,,,,,341,32388.0,22682.0,26564.0,34903.0,71804.0,41548.0,80884.0,69233.0,42248.0
,,,,,,,,342,33316.0,23057.0,26762.0,36761.0,75613.0,43216.0,89933.0,77718.0,47108.0
,,,,,,,,343,33992.0,23504.0,27478.0,41829.0,81826.0,47754.0,97265.0,81953.0,50055.0
,,,,,,,,344,36610.0,24875.0,30502.0,45093.0,88512.0,50448.0,106689.0,87062.0,53006.0
,,,,,,,,345,43928.0,28251.0,32048.0,49183.0,94982.0,53418.0,116030.0,90425.0,55244.0
,,,,,,,,346,44912.0,27824.0,34322.0,53692.0,100907.0,56508.0,124825.0,95069.0,57760.0
,,,,,,,,347,47194.0,28978.0,36362.0,57352.0,104168.0,59308.0,126889.0,91663.0,55072.0
,,,,,,,,348,50371.0,30287.0,38651.0,56736.0,103791.0,58172.0,130964.0,93776.0,56008.0
,,,,,,,,349,53560.0,31669.0,38021.0,57695.0,105426.0,59242.0,131089.0,90119.0,53533.0
,,,,,,,,350,53661.0,29834.0,38626.0,56525.0,102992.0,57380.0,129680.0,88326.0,52193.0
,,,,,,,,351,55837.0,29883.0,38119.0,55381.0,101922.0,56120.0,130740.0,89227.0,52543.0
,,,,,,,,352,54581.0,28639.0,37326.0,55507.0,103430.0,56135.0,134423.0,91464.0,54028.0
,,,,,,,,353,54123.0,28095.0,37401.0,56311.0,106170.0,57201.0,137148.0,93142.0,55851.0
,,,,,,,,354,54939.0,28543.0,38304.0,57154.0,108642.0,58705.0,141855.0,96417.0,57055.0
,,,,,,,,355,56569.0,29098.0,39551.0,58547.0,110544.0,59749.0,142034.0,95826.0,56681.0
,,,,,,,,356,57582.0,30115.0,40481.0,58107.0,108896.0,59363.0,133769.0,89354.0,52917.0
,,,,,,,,357,60076.0,29854.0,41130.0,54906.0,103666.0,56522.0,123308.0,83965.0,49963.0
,,,,,,,,358,58907.0,29247.0,39303.0,51611.0,98816.0,54168.0,111079.0,75706.0,44944.0
,,,,,,,,359,54311.0,27619.0,37005.0,47759.0,92269.0,50696.0,99501.0,69664.0,41435.0
,,,,,,,,360,49949.0,26271.0,34069.0,45071.0,88151.0,48421.0,90545.0,67177.0,36833.0
,,,,,,,,361,44151.0,24576.0,31464.0,43436.0,83644.0,46042.0,85827.0,64122.0,34721.0
,,,,,,,,362,39515.0,23703.0,28744.0,42874.0,80237.0,44649.0,81965.0,62057.0,33580.0
,,,,,,,,363,35317.0,22998.0,27020.0,42827.0,78241.0,43715.0,81873.0,62983.0,34038.0
,,,,,,,,364,33018.0,22569.0,26218.0,44067.0,78255.0,44137.0,82450.0,63106.0,33759.0
,,,,,,,,365,32523.0,22480.0,26264.0,45218.0,78200.0,44282.0,84502.0,64784.0,34485.0
,,,,,,,,366,33510.0,22848.0,26421.0,47146.0,80908.0,45391.0,92225.0,71419.0,38019.0
,,,,,,,,367,34323.0,23200.0,26824.0,53704.0,87049.0,49888.0,101772.0,77938.0,42036.0
,,,,,,,,368,36248.0,24064.0,29272.0,54127.0,94486.0,51569.0,112386.0,84839.0,46340.0
,,,,,,,,369,41817.0,27062.0,30644.0,55886.0,100984.0,54264.0,123022.0,91181.0,49882.0
,,,,,,,,370,44004.0,27148.0,32793.0,57608.0,106700.0,56969.0,132208.0,96601.0,52830.0
,,,,,,,,371,48093.0,28749.0,34883.0,60194.0,109368.0,59552.0,134945.0,94289.0,51705.0
,,,,,,,,372,51567.0,30294.0,37049.0,57686.0,108297.0,57448.0,138739.0,97192.0,53323.0
,,,,,,,,373,54050.0,31800.0,36555.0,57986.0,109508.0,58291.0,138706.0,94093.0,51413.0
,,,,,,,,374,53473.0,30186.0,37246.0,55834.0,106715.0,56162.0,136636.0,92538.0,50618.0
,,,,,,,,375,55630.0,30246.0,36892.0,54282.0,105689.0,54702.0,137233.0,93621.0,51549.0
,,,,,,,,376,54388.0,29005.0,36174.0,54310.0,107073.0,54815.0,140692.0,96369.0,53353.0
,,,,,,,,377,53912.0,28493.0,36400.0,55092.0,110137.0,55821.0,143642.0,98780.0,55065.0
,,,,,,,,378,54804.0,28899.0,37398.0,56102.0,112858.0,57435.0,148507.0,102030.0,57100.0
,,,,,,,,379,56676.0,29527.0,38576.0,57678.0,114493.0,58604.0,148132.0,101542.0,56366.0
,,,,,,,,380,57996.0,30567.0,39864.0,57636.0,112485.0,58281.0,140091.0,95273.0,52349.0
,,,,,,,,381,60426.0,30373.0,40468.0,54633.0,106998.0,55474.0,130425.0,90374.0,49104.0
,,,,,,,,382,59171.0,29533.0,38599.0,51506.0,102208.0,53122.0,118921.0,83209.0,44299.0
,,,,,,,,383,54461.0,27834.0,36183.0,48277.0,96314.0,50301.0,108379.0,77344.0,40395.0
,,,,,,,,384,50181.0,26439.0,33298.0,46421.0,93055.0,48415.0,104281.0,78363.0,38403.0
,,,,,,,,385,44757.0,24998.0,30596.0,48026.0,94562.0,52076.0,103482.0,77964.0,37659.0
,,,,,,,,386,40517.0,24749.0,29658.0,48939.0,92855.0,52080.0,104034.0,78635.0,37463.0
,,,,,,,,387,38782.0,25812.0,29140.0,50606.0,92776.0,52839.0,106735.0,81040.0,38492.0
,,,,,,,,388,38854.0,25978.0,28996.0,52404.0,93630.0,53796.0,110861.0,84546.0,40234.0
,,,,,,,,389,39806.0,26659.0,29544.0,54931.0,97163.0,55387.0,121137.0,93917.0,45464.0
,,,,,,,,390,41850.0,27519.0,30591.0,60240.0,110608.0,60404.0,151236.0,121601.0,60184.0
,,,,,,,,391,44636.0,29038.0,33291.0,74894.0,133027.0,76093.0,173604.0,135696.0,70162.0
,,,,,,,,392,51174.0,32883.0,41226.0,81185.0,144555.0,81047.0,176355.0,133277.0,69304.0
,,,,,,,,393,67512.0,41075.0,47296.0,79445.0,141604.0,79855.0,167197.0,123112.0,63922.0
,,,,,,,,394,74609.0,42821.0,48643.0,73540.0,135421.0,74342.0,164655.0,124448.0,65036.0
,,,,,,,,395,70972.0,41927.0,46025.0,72638.0,135267.0,74365.0,164050.0,122824.0,65142.0
,,,,,,,,396,64682.0,39773.0,45551.0,71615.0,134241.0,72794.0,162645.0,121442.0,65050.0
,,,,,,,,397,65696.0,40537.0,45487.0,70919.0,132627.0,71735.0,160103.0,119460.0,64248.0
,,,,,,,,398,65146.0,39143.0,45633.0,70401.0,130717.0,70315.0,158138.0,117692.0,63981.0
,,,,,,,,399,65066.0,38543.0,45274.0,69667.0,130578.0,69035.0,164159.0,123357.0,68025.0
,,,,,,,,400,64542.0,37770.0,45047.0,71955.0,135974.0,71515.0,174656.0,130362.0,72596.0
,,,,,,,,401,65055.0,37571.0,46867.0,75173.0,143649.0,74798.0,187980.0,140594.0,78673.0
,,,,,,,,402,69789.0,39254.0,49916.0,79046.0,147970.0,79369.0,182936.0,131278.0,73783.0
,,,,,,,,403,75039.0,41195.0,53941.0,75434.0,137617.0,74365.0,161222.0,116107.0,64867.0
,,,,,,,,404,79889.0,42592.0,52584.0,66946.0,125295.0,66086.0,146718.0,111490.0,61872.0
,,,,,,,,405,72772.0,38774.0,47155.0,62501.0,118269.0,62983.0,134751.0,100142.0,53748.0
,,,,,,,,406,62053.0,34874.0,43216.0,57769.0,108896.0,58362.0,124487.0,93659.0,49347.0
,,,,,,,,407,58303.0,33008.0,39621.0,52960.0,101991.0,54927.0,115427.0,88378.0,45857.0
,,,,,,,,408,51324.0,30100.0,36532.0,48326.0,95739.0,51951.0,107203.0,83681.0,45442.0
,,,,,,,,409,46273.0,28372.0,33946.0,43829.0,90448.0,49607.0,104630.0,82944.0,44821.0
,,,,,,,,410,42450.0,27081.0,32000.0,41929.0,88689.0,49346.0,104876.0,83214.0,44663.0
,,,,,,,,411,39480.0,26231.0,30951.0,41416.0,88486.0,49845.0,106975.0,85126.0,45722.0
,,,,,,,,412,39576.0,26389.0,30907.0,41461.0,89211.0,50594.0,110907.0,88038.0,47370.0
,,,,,,,,413,40685.0,26885.0,31507.0,42398.0,92587.0,52029.0,120685.0,97106.0,52780.0
,,,,,,,,414,42584.0,27624.0,32532.0,46535.0,104914.0,56565.0,148973.0,123502.0,68757.0
,,,,,,,,415,45162.0,29067.0,35187.0,57690.0,124783.0,69811.0,168412.0,136190.0,79029.0
,,,,,,,,416,51846.0,32863.0,43511.0,67562.0,135966.0,75904.0,170500.0,132944.0,77665.0
,,,,,,,,417,68438.0,40714.0,49422.0,69990.0,134000.0,75249.0,159690.0,121981.0,71349.0
,,,,,,,,418,73748.0,42313.0,50361.0,67932.0,128056.0,70562.0,156215.0,123088.0,72034.0
,,,,,,,,419,69434.0,41324.0,47019.0,68936.0,128186.0,70902.0,156552.0,120854.0,70992.0
,,,,,,,,420,62870.0,39230.0,46395.0,71244.0,127807.0,70424.0,156319.0,119084.0,70490.0
,,,,,,,,421,63891.0,39709.0,45824.0,72047.0,126528.0,69854.0,154911.0,116868.0,69467.0
,,,,,,,,422,64011.0,38434.0,45681.0,72512.0,124804.0,68949.0,154444.0,115297.0,68759.0
,,,,,,,,423,64075.0,37855.0,45090.0,72979.0,125175.0,68243.0,161002.0,121357.0,72509.0
,,,,,,,,424,63634.0,37059.0,44583.0,75918.0,130766.0,70920.0,172110.0,128479.0,77178.0
,,,,,,,,425,64200.0,36934.0,46371.0,79479.0,137870.0,74160.0,184981.0,138432.0,83729.0
,,,,,,,,426,68804.0,38660.0,49420.0,83189.0,141425.0,78399.0,180503.0,129162.0,78108.0
,,,,,,,,427,74044.0,40633.0,53501.0,79425.0,131218.0,73617.0,158368.0,113799.0,69283.0
,,,,,,,,428,78679.0,42043.0,52256.0,70284.0,118584.0,65206.0,142958.0,108354.0,66161.0
,,,,,,,,429,71918.0,38248.0,46846.0,65415.0,111817.0,62018.0,130436.0,97315.0,57087.0
,,,,,,,,430,61027.0,34298.0,42951.0,60285.0,103528.0,57470.0,118567.0,90837.0,52771.0
,,,,,,,,431,57066.0,32404.0,39411.0,54935.0,96693.0,53611.0,107953.0,85252.0,49446.0
,,,,,,,,432,50514.0,29646.0,36452.0,49454.0,90782.0,50294.0,100141.0,82224.0,47026.0
,,,,,,,,433,45347.0,27902.0,33878.0,44739.0,86337.0,47963.0,95939.0,81193.0,46145.0
,,,,,,,,434,41275.0,26379.0,31347.0,43261.0,84700.0,47389.0,95010.0,81284.0,45824.0
,,,,,,,,435,37606.0,25405.0,30179.0,43130.0,84540.0,47643.0,96219.0,82781.0,46572.0
,,,,,,,,436,37060.0,25503.0,30104.0,43489.0,85424.0,48235.0,99360.0,85638.0,48061.0
,,,,,,,,437,37710.0,25939.0,30643.0,44757.0,88840.0,49489.0,108451.0,94496.0,53492.0
,,,,,,,,438,39475.0,26615.0,31689.0,49224.0,100541.0,54031.0,134327.0,120432.0,69539.0
,,,,,,,,439,42084.0,28046.0,34334.0,61227.0,119613.0,66389.0,155092.0,133402.0,78619.0
,,,,,,,,440,48630.0,31709.0,42424.0,70365.0,131561.0,73752.0,160740.0,130632.0,76167.0
,,,,,,,,441,64741.0,38878.0,47557.0,72844.0,130278.0,74056.0,153089.0,119473.0,69211.0
,,,,,,,,442,70855.0,40559.0,48288.0,70448.0,125296.0,70079.0,152132.0,120261.0,69601.0
,,,,,,,,443,66457.0,39513.0,45075.0,71006.0,126036.0,70686.0,154595.0,118376.0,67958.0
,,,,,,,,444,60828.0,37405.0,44165.0,72142.0,126259.0,70616.0,156129.0,116627.0,66911.0
,,,,,,,,445,61979.0,37987.0,43742.0,72733.0,125548.0,70179.0,156071.0,114451.0,65494.0
,,,,,,,,446,63223.0,37043.0,43763.0,73101.0,124461.0,69625.0,156415.0,112781.0,64417.0
,,,,,,,,447,63556.0,36565.0,43409.0,73364.0,125129.0,69075.0,163781.0,118762.0,67962.0
,,,,,,,,448,63465.0,35940.0,43131.0,76078.0,130830.0,71709.0,175379.0,125926.0,72618.0
,,,,,,,,449,64215.0,35911.0,44929.0,79400.0,137812.0,74962.0,188046.0,135354.0,79325.0
,,,,,,,,450,68817.0,37578.0,47951.0,83143.0,141358.0,79276.0,182778.0,125997.0,74112.0
,,,,,,,,451,73990.0,39433.0,51645.0,79078.0,131178.0,74395.0,159835.0,110060.0,65593.0
,,,,,,,,452,78204.0,40684.0,50651.0,70074.0,118556.0,65924.0,143881.0,104591.0,62484.0
,,,,,,,,453,71569.0,37181.0,45184.0,65361.0,112073.0,62775.0,131240.0,93538.0,53805.0
,,,,,,,,454,60409.0,33204.0,41181.0,60149.0,103643.0,58229.0,118743.0,86982.0,49712.0
,,,,,,,,455,56091.0,31315.0,37754.0,54987.0,96915.0,54558.0,107263.0,81116.0,46363.0
,,,,,,,,456,50124.0,28645.0,34780.0,50191.0,91434.0,51118.0,96934.0,73906.0,43314.0
,,,,,,,,457,44744.0,26795.0,32158.0,45960.0,87282.0,48848.0,93231.0,72668.0,42391.0
,,,,,,,,458,40082.0,25294.0,29438.0,45673.0,85791.0,48448.0,92043.0,72439.0,41997.0
,,,,,,,,459,36072.0,24394.0,28311.0,46519.0,85857.0,48949.0,93594.0,73896.0,42703.0
,,,,,,,,460,34812.0,24503.0,28181.0,47707.0,86909.0,49716.0,97009.0,76504.0,44128.0
,,,,,,,,461,34969.0,24980.0,28675.0,49670.0,90290.0,51171.0,106324.0,84787.0,49207.0
,,,,,,,,462,36304.0,25708.0,29673.0,54631.0,101893.0,55834.0,131214.0,108283.0,64287.0
,,,,,,,,463,38700.0,27177.0,32312.0,67767.0,121281.0,68687.0,154621.0,122484.0,72598.0
,,,,,,,,464,44699.0,30729.0,39607.0,75640.0,133098.0,75363.0,161344.0,120655.0,70326.0
,,,,,,,,465,59871.0,37912.0,44767.0,75923.0,131816.0,75052.0,155003.0,110295.0,63583.0
,,,,,,,,466,67338.0,39735.0,45712.0,71424.0,126926.0,70271.0,154352.0,111225.0,64072.0
,,,,,,,,467,64845.0,38872.0,42907.0,71394.0,127891.0,70467.0,157277.0,111248.0,63128.0
,,,,,,,,468,60250.0,36900.0,42163.0,71166.0,128036.0,69693.0,157810.0,110008.0,62015.0
,,,,,,,,469,62026.0,37627.0,42426.0,70687.0,127357.0,68911.0,157101.0,108311.0,60780.0
,,,,,,,,470,63954.0,36806.0,42754.0,70018.0,126164.0,67801.0,156470.0,107554.0,60095.0
,,,,,,,,471,64457.0,36348.0,42564.0,69368.0,126783.0,66950.0,162885.0,113812.0,63809.0
,,,,,,,,472,64480.0,35839.0,42501.0,71744.0,132365.0,69423.0,173740.0,120848.0,68294.0
,,,,,,,,473,65146.0,35969.0,44332.0,74875.0,139146.0,72536.0,186394.0,129220.0,74092.0
,,,,,,,,474,69608.0,37734.0,47333.0,78582.0,142695.0,76634.0,181993.0,120758.0,68916.0
,,,,,,,,475,74634.0,39525.0,50654.0,74741.0,132528.0,71900.0,159606.0,104727.0,59818.0
,,,,,,,,476,78769.0,40777.0,49968.0,66358.0,120124.0,63789.0,144551.0,99036.0,56399.0
,,,,,,,,477,71892.0,37148.0,44376.0,62239.0,113673.0,60824.0,132731.0,89356.0,49024.0
,,,,,,,,478,60668.0,33189.0,40184.0,57688.0,105224.0,56423.0,121118.0,82219.0,44900.0
,,,,,,,,479,56317.0,31307.0,36748.0,53220.0,98449.0,52834.0,111148.0,75972.0,41531.0
,,,,,,,,480,50270.0,28598.0,33368.0,49051.0,92443.0,49698.0,104792.0,73930.0,37810.0
,,,,,,,,481,44974.0,26740.0,30236.0,44709.0,87147.0,46503.0,102384.0,73012.0,36768.0
,,,,,,,,482,40292.0,25290.0,27771.0,44349.0,85661.0,46143.0,103240.0,73192.0,36325.0
,,,,,,,,483,36639.0,24313.0,26498.0,45341.0,85654.0,46606.0,106215.0,75156.0,37117.0
,,,,,,,,484,35420.0,24407.0,26328.0,46709.0,86590.0,47429.0,110814.0,78434.0,38508.0
,,,,,,,,485,35411.0,24931.0,26743.0,48938.0,89927.0,48860.0,121239.0,87263.0,43166.0
,,,,,,,,486,36581.0,25663.0,27747.0,53755.0,101363.0,53348.0,150215.0,111173.0,56276.0
,,,,,,,,487,38826.0,27104.0,30375.0,66685.0,120118.0,65646.0,172007.0,125534.0,65093.0
,,,,,,,,488,44869.0,30680.0,37281.0,73230.0,131676.0,71713.0,174388.0,124049.0,63965.0
,,,,,,,,489,60177.0,38206.0,43003.0,73102.0,130174.0,71358.0,164113.0,114361.0,58299.0
,,,,,,,,490,68474.0,40343.0,44644.0,68954.0,125036.0,66766.0,161171.0,115788.0,59151.0
,,,,,,,,491,66187.0,39784.0,42316.0,68577.0,125754.0,66987.0,160164.0,115332.0,59365.0
,,,,,,,,492,61269.0,37905.0,41836.0,69273.0,125947.0,66843.0,158743.0,114062.0,58695.0
,,,,,,,,493,62657.0,38905.0,42483.0,69244.0,125163.0,66359.0,155943.0,112291.0,57875.0
,,,,,,,,494,63666.0,38058.0,42926.0,69108.0,123986.0,65669.0,153730.0,111330.0,57635.0
,,,,,,,,495,63981.0,37673.0,42771.0,68856.0,124566.0,65106.0,159377.0,117247.0,61399.0
,,,,,,,,496,63716.0,37095.0,42733.0,71301.0,130323.0,67804.0,169474.0,123892.0,65721.0
,,,,,,,,497,64313.0,37129.0,44533.0,74435.0,137245.0,70916.0,182224.0,132585.0,71074.0
,,,,,,,,498,68841.0,38883.0,47490.0,77939.0,140659.0,74621.0,177506.0,123800.0,66672.0
,,,,,,,,499,73950.0,40628.0,50769.0,74405.0,130565.0,70172.0,156403.0,108037.0,57276.0
,,,,,,,,500,78473.0,41917.0,49951.0,65812.0,118257.0,61837.0,142138.0,102449.0,53736.0
,,,,,,,,501,71684.0,37953.0,44297.0,61231.0,111770.0,58540.0,130564.0,92147.0,47218.0
,,,,,,,,502,60764.0,33885.0,40073.0,56620.0,103687.0,54344.0,120915.0,85421.0,42930.0
,,,,,,,,503,56697.0,31909.0,36724.0,51967.0,97243.0,50478.0,112905.0,79722.0,39320.0
,,,,,,,,504,50324.0,29211.0,33465.0,47241.0,89452.0,46912.0,100842.0,68666.0,36258.0
,,,,,,,,505,46892.0,26345.0,31468.0,40137.0,76005.0,38098.0,87829.0,69938.0,36553.0
,,,,,,,,506,41647.0,23982.0,26700.0,36316.0,72497.0,35934.0,84281.0,68504.0,35638.0
,,,,,,,,507,35021.0,20625.0,23281.0,33651.0,70528.0,34399.0,83880.0,69195.0,35945.0
,,,,,,,,508,31598.0,20017.0,21701.0,32620.0,70192.0,34357.0,84088.0,69587.0,35959.0
,,,,,,,,509,30076.0,19847.0,21198.0,31822.0,70500.0,34140.0,87155.0,73275.0,37943.0
,,,,,,,,510,29762.0,20220.0,20936.0,32999.0,74160.0,35727.0,95647.0,81170.0,42360.0
,,,,,,,,511,29740.0,20795.0,21470.0,35789.0,79554.0,38910.0,104360.0,87712.0,46759.0
,,,,,,,,512,31727.0,22318.0,23426.0,42289.0,85882.0,42244.0,112634.0,92105.0,49637.0
,,,,,,,,513,36725.0,25494.0,26656.0,47309.0,89975.0,45187.0,118757.0,93339.0,50765.0
,,,,,,,,514,41879.0,26116.0,30159.0,51364.0,92935.0,47364.0,124403.0,96068.0,52374.0
,,,,,,,,515,46103.0,27720.0,32892.0,54861.0,94652.0,49177.0,126452.0,93529.0,51298.0
,,,,,,,,516,49476.0,28621.0,35096.0,58175.0,94641.0,50120.0,130448.0,94714.0,52071.0
,,,,,,,,517,52084.0,29723.0,36538.0,61324.0,95584.0,51614.0,131612.0,92309.0,50740.0
,,,,,,,,518,53972.0,28961.0,38365.0,62999.0,93900.0,51607.0,130011.0,89554.0,49366.0
,,,,,,,,519,56189.0,29404.0,39344.0,63699.0,92502.0,51038.0,130530.0,90053.0,49819.0
,,,,,,,,520,55765.0,28741.0,39561.0,64745.0,93569.0,51607.0,133663.0,91373.0,50775.0
,,,,,,,,521,54979.0,28148.0,40128.0,66377.0,94964.0,52934.0,134005.0,91460.0,50974.0
,,,,,,,,522,55630.0,28486.0,41218.0,66261.0,95844.0,52920.0,140070.0,96232.0,53967.0
,,,,,,,,523,56676.0,28690.0,41383.0,68537.0,99764.0,56084.0,140235.0,94548.0,52909.0
,,,,,,,,524,56414.0,29278.0,42587.0,66879.0,97590.0,55072.0,132054.0,88939.0,49737.0
,,,,,,,,525,60016.0,29638.0,42418.0,62469.0,93376.0,51881.0,124681.0,87344.0,48729.0
,,,,,,,,526,58572.0,28798.0,39860.0,59053.0,89810.0,49970.0,113356.0,79824.0,43803.0
,,,,,,,,527,55124.0,27474.0,37535.0,53047.0,83162.0,45481.0,101122.0,74292.0,40035.0
,,,,,,,,528,52231.0,26676.0,34000.0,47575.0,77571.0,41875.0,89610.0,68344.0,36373.0
,,,,,,,,529,46332.0,24783.0,30057.0,41810.0,71014.0,37397.0,81600.0,65795.0,34397.0
,,,,,,,,530,40895.0,23531.0,26549.0,37875.0,67258.0,34428.0,77591.0,64724.0,33505.0
,,,,,,,,531,35436.0,22380.0,23839.0,34939.0,65165.0,32367.0,76916.0,65796.0,33782.0
,,,,,,,,532,32525.0,22014.0,22467.0,33671.0,64801.0,31796.0,76983.0,65997.0,33703.0
,,,,,,,,533,31629.0,22024.0,22033.0,32599.0,64747.0,31243.0,79296.0,68143.0,34827.0
,,,,,,,,534,32182.0,22421.0,21816.0,33555.0,67335.0,32239.0,86400.0,76184.0,37989.0
,,,,,,,,535,32787.0,22824.0,22305.0,36005.0,71977.0,34540.0,95842.0,81818.0,43193.0
,,,,,,,,536,34704.0,23773.0,23990.0,43176.0,79631.0,39842.0,105870.0,86114.0,47268.0
,,,,,,,,537,39535.0,26691.0,27274.0,48643.0,85084.0,43653.0,113506.0,87634.0,49376.0
,,,,,,,,538,42855.0,27273.0,30976.0,53302.0,89160.0,46685.0,120135.0,90175.0,51076.0
,,,,,,,,539,47084.0,28987.0,33679.0,57707.0,91390.0,49119.0,124305.0,88206.0,50547.0
,,,,,,,,540,50099.0,30121.0,35873.0,61244.0,92535.0,51075.0,129782.0,89810.0,51558.0
,,,,,,,,541,52588.0,31266.0,36880.0,64731.0,94230.0,53271.0,132093.0,88163.0,50484.0
,,,,,,,,542,53483.0,30282.0,38444.0,66285.0,92996.0,53964.0,131629.0,86004.0,49107.0
,,,,,,,,543,55561.0,30463.0,39094.0,67109.0,91892.0,53952.0,132970.0,86861.0,49614.0
,,,,,,,,544,55069.0,29611.0,38899.0,68125.0,93076.0,54917.0,136670.0,88663.0,50641.0
,,,,,,,,545,54231.0,28963.0,39124.0,69857.0,94826.0,56654.0,137459.0,88380.0,50782.0
,,,,,,,,546,54980.0,29277.0,39702.0,69797.0,95577.0,56779.0,143781.0,94561.0,54137.0
,,,,,,,,547,56191.0,29582.0,39752.0,71746.0,99914.0,60103.0,143598.0,92356.0,52842.0
,,,,,,,,548,56253.0,30182.0,41102.0,69734.0,97529.0,58364.0,134778.0,86033.0,49481.0
,,,,,,,,549,59967.0,30196.0,41228.0,65110.0,93018.0,54594.0,126759.0,83200.0,48154.0
,,,,,,,,550,58561.0,29184.0,39132.0,61453.0,89241.0,52318.0,114438.0,74870.0,43430.0
,,,,,,,,551,55042.0,27731.0,37363.0,55178.0,82240.0,47228.0,100974.0,67898.0,39249.0
,,,,,,,,552,52343.0,26922.0,34345.0,49393.0,77182.0,42998.0,91438.0,62543.0,35293.0
,,,,,,,,553,46672.0,25371.0,31074.0,48430.0,77189.0,43043.0,86141.0,60357.0,34291.0
,,,,,,,,554,41382.0,24776.0,28885.0,45449.0,74894.0,41034.0,83571.0,60230.0,34186.0
,,,,,,,,555,37325.0,25232.0,27916.0,44481.0,74930.0,40635.0,83841.0,61528.0,35054.0
,,,,,,,,556,35709.0,25336.0,27713.0,44090.0,76076.0,40839.0,86465.0,64583.0,36784.0
,,,,,,,,557,36038.0,26061.0,28226.0,44821.0,79831.0,41944.0,93872.0,72007.0,41135.0
,,,,,,,,558,37394.0,26920.0,29273.0,48957.0,90468.0,46132.0,115351.0,92022.0,54169.0
,,,,,,,,559,39946.0,28373.0,31648.0,59145.0,108552.0,56270.0,138965.0,105525.0,62507.0
,,,,,,,,560,45418.0,31724.0,38587.0,69867.0,120102.0,65139.0,148652.0,104826.0,61193.0
,,,,,,,,561,60094.0,39211.0,44835.0,73560.0,119894.0,66875.0,147001.0,99413.0,56962.0
,,,,,,,,562,66285.0,40853.0,46684.0,73492.0,117082.0,65219.0,150325.0,102377.0,58429.0
,,,,,,,,563,64054.0,40184.0,44922.0,76328.0,118948.0,66955.0,155520.0,103466.0,57590.0
,,,,,,,,564,60988.0,38774.0,45179.0,78210.0,119188.0,67875.0,159127.0,103934.0,57384.0
,,,,,,,,565,62999.0,39715.0,44908.0,79532.0,119274.0,68514.0,161289.0,103855.0,56760.0
,,,,,,,,566,64186.0,38283.0,45233.0,80492.0,118645.0,68623.0,162918.0,103327.0,56304.0
,,,,,,,,567,64996.0,37894.0,45253.0,80970.0,119122.0,68533.0,169743.0,108229.0,59305.0
,,,,,,,,568,65162.0,37249.0,44987.0,83615.0,124059.0,71059.0,181201.0,115311.0,63676.0
,,,,,,,,569,65757.0,37106.0,46465.0,87461.0,130609.0,74555.0,194414.0,123203.0,69076.0
,,,,,,,,570,69802.0,38581.0,49385.0,91931.0,133671.0,78828.0,187376.0,113094.0,62943.0
,,,,,,,,571,75020.0,40421.0,53295.0,86022.0,122220.0,73314.0,162670.0,97277.0,54293.0
,,,,,,,,572,79020.0,41701.0,51127.0,75966.0,110414.0,64810.0,147380.0,92681.0,52173.0
,,,,,,,,573,70783.0,37250.0,45487.0,70937.0,105501.0,61828.0,134513.0,83891.0,45780.0
,,,,,,,,574,60280.0,33499.0,41941.0,64878.0,97564.0,57262.0,120603.0,75995.0,41652.0
,,,,,,,,575,57271.0,32101.0,38604.0,58798.0,90482.0,52798.0,107261.0,68206.0,37926.0
,,,,,,,,576,51657.0,29363.0,35605.0,52907.0,84453.0,48653.0,94696.0,62511.0,34040.0
,,,,,,,,577,46322.0,27639.0,32763.0,43462.0,79640.0,43797.0,87285.0,60065.0,32853.0
,,,,,,,,578,41361.0,26258.0,29577.0,41774.0,77836.0,42851.0,85007.0,59775.0,32646.0
,,,,,,,,579,36894.0,25114.0,28188.0,41898.0,78334.0,43181.0,85666.0,61152.0,33472.0
,,,,,,,,580,35109.0,25185.0,27940.0,42686.0,79807.0,43874.0,88886.0,64391.0,35086.0
,,,,,,,,581,35204.0,25837.0,28319.0,44832.0,83862.0,45619.0,97694.0,72123.0,39299.0
,,,,,,,,582,36214.0,26704.0,29245.0,49748.0,94860.0,50176.0,120589.0,93528.0,51583.0
,,,,,,,,583,38323.0,28136.0,31424.0,61073.0,113230.0,61189.0,144828.0,108213.0,60256.0
,,,,,,,,584,43566.0,31383.0,37759.0,69240.0,124319.0,68314.0,153925.0,108068.0,59508.0
,,,,,,,,585,57174.0,38727.0,43090.0,70294.0,123467.0,68545.0,151450.0,102618.0,55970.0
,,,,,,,,586,64317.0,40252.0,44419.0,67986.0,120172.0,65624.0,154009.0,105807.0,57845.0
,,,,,,,,587,63525.0,39497.0,42462.0,68895.0,121619.0,66753.0,157400.0,106095.0,57748.0
,,,,,,,,588,61031.0,37915.0,42478.0,69325.0,121376.0,66471.0,159050.0,106436.0,57973.0
,,,,,,,,589,63038.0,38771.0,42788.0,69878.0,121251.0,66643.0,159915.0,105948.0,57662.0
,,,,,,,,590,64300.0,37430.0,43134.0,70004.0,120272.0,66234.0,159801.0,105055.0,57352.0
,,,,,,,,591,65141.0,37116.0,43470.0,69785.0,120599.0,65697.0,165376.0,109862.0,60470.0
,,,,,,,,592,65263.0,36572.0,43610.0,71982.0,125372.0,67987.0,176146.0,116820.0,64984.0
,,,,,,,,593,65765.0,36541.0,45268.0,75360.0,132121.0,71179.0,189346.0,125458.0,70393.0
,,,,,,,,594,69700.0,38075.0,48347.0,79289.0,134923.0,75166.0,181915.0,115003.0,64174.0
,,,,,,,,595,74882.0,39944.0,51847.0,74584.0,123569.0,69656.0,158323.0,99775.0,55407.0
,,,,,,,,596,78912.0,41216.0,50245.0,66101.0,112070.0,61652.0,144301.0,95874.0,53354.0
,,,,,,,,597,70692.0,36858.0,44331.0,62469.0,107021.0,59266.0,132309.0,86408.0,47024.0
,,,,,,,,598,60245.0,33176.0,40632.0,57546.0,99101.0,55106.0,119882.0,79055.0,42600.0
,,,,,,,,599,57285.0,31839.0,37438.0,52589.0,92429.0,51074.0,108701.0,72091.0,38702.0
,,,,,,,,600,51683.0,29169.0,33986.0,47957.0,85704.0,47310.0,96777.0,66087.0,36337.0
,,,,,,,,601,46464.0,27417.0,30680.0,43019.0,80513.0,43031.0,91578.0,64411.0,35384.0
,,,,,,,,602,41626.0,26023.0,27889.0,41088.0,78670.0,42024.0,91245.0,64667.0,35315.0
,,,,,,,,603,37008.0,24986.0,26388.0,40973.0,79028.0,42268.0,93438.0,66601.0,36351.0
,,,,,,,,604,35166.0,25077.0,26194.0,41399.0,80158.0,42943.0,98081.0,70515.0,38319.0
,,,,,,,,605,35201.0,25804.0,26629.0,43063.0,83842.0,44676.0,107199.0,78738.0,42876.0
,,,,,,,,606,36245.0,26655.0,27611.0,47488.0,94443.0,48755.0,130671.0,100781.0,56013.0
,,,,,,,,607,38522.0,28106.0,29848.0,58254.0,112295.0,59452.0,151548.0,114523.0,64295.0
,,,,,,,,608,43873.0,31411.0,36449.0,66642.0,123031.0,66080.0,156387.0,113324.0,63367.0
,,,,,,,,609,57902.0,38851.0,42343.0,68300.0,121778.0,66262.0,150117.0,106700.0,59283.0
,,,,,,,,610,65279.0,40821.0,44297.0,66789.0,118190.0,63803.0,150254.0,109622.0,61014.0
,,,,,,,,611,64725.0,40318.0,42762.0,68080.0,119330.0,64831.0,151305.0,108333.0,59891.0
,,,,,,,,612,61872.0,38925.0,43062.0,69768.0,119179.0,65416.0,152289.0,108135.0,59843.0
,,,,,,,,613,63744.0,40059.0,43445.0,70826.0,119000.0,65825.0,152412.0,107118.0,59142.0
,,,,,,,,614,64333.0,38649.0,43726.0,71450.0,118143.0,65828.0,152016.0,106193.0,58575.0
,,,,,,,,615,64995.0,38348.0,43832.0,71717.0,118464.0,65627.0,157482.0,111008.0,61588.0
,,,,,,,,616,64860.0,37761.0,43854.0,74116.0,123361.0,67968.0,168257.0,117881.0,65893.0
,,,,,,,,617,65279.0,37700.0,45426.0,77702.0,130161.0,71295.0,180951.0,126808.0,71780.0
,,,,,,,,618,69326.0,39244.0,48385.0,81582.0,132963.0,75135.0,174336.0,115763.0,65381.0
,,,,,,,,619,74618.0,41196.0,51934.0,76892.0,121573.0,69909.0,151560.0,100498.0,56935.0
,,,,,,,,620,79001.0,42556.0,50325.0,68204.0,109727.0,61703.0,138370.0,96679.0,55039.0
,,,,,,,,621,70810.0,38032.0,44461.0,64193.0,104726.0,59047.0,126975.0,86594.0,48090.0
,,,,,,,,622,60703.0,34294.0,40837.0,59158.0,97051.0,54925.0,115008.0,79581.0,44183.0
,,,,,,,,623,58060.0,32904.0,37729.0,53826.0,89912.0,50576.0,103847.0,73248.0,40778.0
,,,,,,,,624,52070.0,30134.0,34410.0,48630.0,83085.0,46289.0,93571.0,66546.0,37772.0
,,,,,,,,625,47046.0,28463.0,31316.0,44253.0,77903.0,42124.0,88278.0,65039.0,36939.0
,,,,,,,,626,42655.0,27025.0,28149.0,41734.0,75853.0,40353.0,87214.0,65466.0,36930.0
,,,,,,,,627,39619.0,26026.0,26701.0,40825.0,76147.0,39993.0,88926.0,67199.0,37824.0
,,,,,,,,628,38594.0,26162.0,26550.0,40506.0,77471.0,40144.0,93052.0,70735.0,39655.0
,,,,,,,,629,39123.0,26958.0,27003.0,41452.0,81204.0,41397.0,101625.0,78558.0,43996.0
,,,,,,,,630,40897.0,27842.0,27997.0,45334.0,92113.0,45155.0,124371.0,100410.0,57354.0
,,,,,,,,631,43725.0,29298.0,30282.0,54922.0,110084.0,55123.0,144816.0,113605.0,65604.0
,,,,,,,,632,50039.0,32655.0,36810.0,65646.0,121199.0,63555.0,150591.0,112018.0,64359.0
,,,,,,,,633,66631.0,40190.0,42451.0,69130.0,120399.0,64969.0,146153.0,105117.0,59800.0
,,,,,,,,634,74488.0,42096.0,44333.0,68819.0,117253.0,63297.0,147532.0,107872.0,61331.0
,,,,,,,,635,72134.0,41420.0,42669.0,71064.0,118589.0,64788.0,151051.0,107066.0,60097.0
,,,,,,,,636,67436.0,39964.0,42822.0,74043.0,118342.0,65995.0,153900.0,106890.0,59847.0
,,,,,,,,637,69520.0,40858.0,43095.0,76112.0,118231.0,66681.0,155643.0,106115.0,59172.0
,,,,,,,,638,67872.0,39109.0,43315.0,77936.0,117478.0,67035.0,156982.0,105534.0,58785.0
,,,,,,,,639,67930.0,38652.0,43421.0,79319.0,117959.0,67149.0,163611.0,110566.0,61887.0
,,,,,,,,640,67177.0,37924.0,43310.0,82304.0,122921.0,69754.0,174869.0,117605.0,66238.0
,,,,,,,,641,67084.0,37607.0,44754.0,86495.0,129607.0,73461.0,187709.0,126233.0,72043.0
,,,,,,,,642,71083.0,39018.0,47625.0,90841.0,132624.0,77575.0,180843.0,115411.0,65411.0
,,,,,,,,643,76446.0,40891.0,51091.0,85837.0,121409.0,72321.0,157181.0,99864.0,56903.0
,,,,,,,,644,81608.0,42215.0,49537.0,76105.0,109654.0,63757.0,142706.0,95660.0,54933.0
,,,,,,,,645,72587.0,37687.0,43722.0,71303.0,104616.0,60850.0,130679.0,85818.0,48093.0
,,,,,,,,646,62772.0,34038.0,40191.0,65348.0,96679.0,56457.0,117514.0,78361.0,44210.0
,,,,,,,,647,60755.0,32857.0,37213.0,58888.0,89710.0,51693.0,104735.0,71575.0,40881.0
,,,,,,,,648,53462.0,30128.0,33887.0,52616.0,83195.0,47103.0,92608.0,66473.0,38708.0
,,,,,,,,649,49069.0,28552.0,30864.0,48815.0,78645.0,42754.0,85698.0,64988.0,37836.0
,,,,,,,,650,45743.0,27245.0,28226.0,46015.0,76785.0,40703.0,82876.0,65340.0,37798.0
,,,,,,,,651,44383.0,26073.0,26730.0,44602.0,77065.0,40137.0,83113.0,67142.0,38650.0
,,,,,,,,652,44300.0,26222.0,26512.0,43983.0,78236.0,40072.0,85580.0,70823.0,40480.0
,,,,,,,,653,45665.0,26855.0,26945.0,44520.0,81815.0,40927.0,92988.0,78757.0,44867.0
,,,,,,,,654,47980.0,27651.0,27945.0,48586.0,92470.0,44786.0,114354.0,101216.0,58199.0
,,,,,,,,655,51231.0,29084.0,30282.0,58366.0,110920.0,54385.0,137774.0,114977.0,66516.0
,,,,,,,,656,58213.0,32468.0,36974.0,70108.0,121913.0,63647.0,147434.0,113770.0,65235.0
,,,,,,,,657,78656.0,39863.0,43280.0,74693.0,120808.0,65512.0,145794.0,106900.0,60571.0
,,,,,,,,658,84370.0,41222.0,45033.0,75508.0,117129.0,64215.0,149220.0,109873.0,61825.0
,,,,,,,,659,80071.0,40229.0,43333.0,79453.0,118456.0,66255.0,154799.0,108762.0,60402.0
,,,,,,,,660,73929.0,38584.0,43377.0,82861.0,118158.0,68144.0,158747.0,108510.0,59982.0
,,,,,,,,661,75729.0,39234.0,43644.0,85405.0,117916.0,69391.0,161154.0,107552.0,59217.0
,,,,,,,,662,72445.0,37660.0,43798.0,87520.0,117165.0,70172.0,163149.0,106777.0,58635.0
,,,,,,,,663,71752.0,37271.0,43831.0,88966.0,117657.0,70701.0,170355.0,111557.0,61609.0
,,,,,,,,664,70179.0,36568.0,43592.0,92186.0,122487.0,73575.0,182053.0,118325.0,65920.0
,,,,,,,,665,69620.0,36499.0,44954.0,96399.0,128976.0,77351.0,195584.0,127102.0,71711.0
,,,,,,,,666,73316.0,38024.0,47817.0,101077.0,131710.0,81443.0,188626.0,115975.0,65095.0
,,,,,,,,667,78546.0,39843.0,51373.0,94695.0,120354.0,75882.0,163711.0,100295.0,56468.0
,,,,,,,,668,84326.0,41114.0,49714.0,83573.0,108343.0,66663.0,148312.0,96313.0,54460.0
,,,,,,,,669,74166.0,36687.0,43909.0,78025.0,103342.0,63263.0,135772.0,86415.0,47614.0
,,,,,,,,670,64316.0,32960.0,40475.0,71758.0,95550.0,58747.0,121939.0,79517.0,43830.0
,,,,,,,,671,62872.0,31655.0,37518.0,64773.0,88313.0,53621.0,108512.0,73121.0,40472.0
,,,,,,,,672,54931.0,29127.0,34408.0,58078.0,79837.0,48639.0,92932.0,63389.0,36348.0
,,,,,,,,673,47902.0,25972.0,33872.0,52016.0,65234.0,44084.0,94714.0,56893.0,28055.0
,,,,,,,,674,42851.0,23073.0,28629.0,46613.0,61002.0,40217.0,87435.0,53802.0,26979.0
,,,,,,,,675,36364.0,19255.0,24760.0,43435.0,58555.0,37985.0,83253.0,51999.0,26381.0
,,,,,,,,676,33451.0,18265.0,22954.0,41338.0,57216.0,36622.0,79975.0,50431.0,25788.0
,,,,,,,,677,32259.0,17787.0,22046.0,39889.0,57147.0,35642.0,81659.0,53215.0,27262.0
,,,,,,,,678,31700.0,17722.0,21384.0,40797.0,60452.0,36732.0,90000.0,60089.0,30931.0
,,,,,,,,679,31608.0,18049.0,21772.0,44652.0,67292.0,40061.0,105917.0,72565.0,36591.0
,,,,,,,,680,33612.0,19288.0,23662.0,51421.0,74964.0,45779.0,122203.0,81757.0,40242.0
,,,,,,,,681,38244.0,21701.0,27359.0,57871.0,81537.0,50441.0,138951.0,92483.0,44603.0
,,,,,,,,682,43104.0,22941.0,30984.0,65170.0,88240.0,55611.0,153673.0,98404.0,46283.0
,,,,,,,,683,47151.0,24513.0,34828.0,71892.0,91626.0,59396.0,163183.0,102017.0,47187.0
,,,,,,,,684,51972.0,26232.0,37808.0,75672.0,94225.0,61675.0,173042.0,107156.0,49067.0
,,,,,,,,685,54132.0,27024.0,39794.0,80421.0,97348.0,64914.0,178872.0,108517.0,48902.0
,,,,,,,,686,55972.0,27117.0,42072.0,83367.0,97610.0,65892.0,181649.0,109218.0,48435.0
,,,,,,,,687,58468.0,27792.0,43643.0,85460.0,97717.0,66610.0,184518.0,110152.0,48385.0
,,,,,,,,688,58429.0,27665.0,44553.0,87498.0,98723.0,67501.0,189103.0,112558.0,49355.0
,,,,,,,,689,58357.0,27538.0,45569.0,90180.0,100317.0,69142.0,192610.0,112493.0,49224.0
,,,,,,,,690,58633.0,27704.0,47192.0,92235.0,100906.0,69821.0,193858.0,113761.0,51708.0
,,,,,,,,691,59662.0,28047.0,48359.0,90536.0,102782.0,70940.0,186590.0,107981.0,50057.0
,,,,,,,,692,59402.0,28233.0,48887.0,85092.0,98374.0,67699.0,170244.0,97482.0,45911.0
,,,,,,,,693,61752.0,28916.0,47223.0,77576.0,91984.0,62187.0,157193.0,92015.0,44414.0
,,,,,,,,694,59447.0,27758.0,43443.0,72059.0,87989.0,59035.0,143173.0,83329.0,40790.0
,,,,,,,,695,55134.0,25967.0,40480.0,65897.0,81283.0,54605.0,125454.0,71764.0,34879.0
,,,,,,,,696,52840.0,25114.0,37183.0,58844.0,72588.0,49057.0,107529.0,61317.0,30052.0
,,,,,,,,697,48431.0,23499.0,32727.0,52030.0,64369.0,43028.0,93899.0,54558.0,27133.0
,,,,,,,,698,42107.0,21118.0,28094.0,46818.0,60370.0,39233.0,86693.0,51684.0,26288.0
,,,,,,,,699,36255.0,19173.0,24791.0,43618.0,58163.0,37162.0,82543.0,50049.0,25881.0
,,,,,,,,700,33333.0,18171.0,22966.0,41428.0,56876.0,35880.0,79203.0,48557.0,25330.0
,,,,,,,,701,32107.0,17669.0,21994.0,39890.0,56594.0,34906.0,80537.0,50840.0,26675.0
,,,,,,,,702,31515.0,17546.0,21277.0,40538.0,59646.0,35935.0,88277.0,56946.0,30348.0
,,,,,,,,703,31306.0,17777.0,21554.0,43898.0,65769.0,38914.0,103843.0,68522.0,35344.0
,,,,,,,,704,33179.0,18875.0,23309.0,50555.0,72819.0,44407.0,119900.0,76833.0,38954.0
,,,,,,,,705,37090.0,21027.0,26978.0,56895.0,78874.0,48590.0,136141.0,86229.0,43294.0
,,,,,,,,706,42034.0,22487.0,30672.0,63999.0,85105.0,53416.0,150769.0,91229.0,45011.0
,,,,,,,,707,46340.0,24227.0,34542.0,70682.0,87928.0,56820.0,160222.0,94610.0,45686.0
,,,,,,,,708,50991.0,25979.0,37625.0,74362.0,90113.0,59195.0,170795.0,99925.0,47594.0
,,,,,,,,709,53128.0,26723.0,39606.0,79181.0,92868.0,62452.0,177108.0,101016.0,47418.0
,,,,,,,,710,54919.0,26868.0,42032.0,82043.0,92777.0,63560.0,180488.0,101439.0,46990.0
,,,,,,,,711,57510.0,27566.0,43660.0,84255.0,92811.0,64408.0,183671.0,102414.0,47163.0
,,,,,,,,712,57517.0,27455.0,44593.0,86532.0,93884.0,65523.0,188336.0,104901.0,48437.0
,,,,,,,,713,57458.0,27361.0,45685.0,89273.0,95518.0,67394.0,192163.0,105084.0,48445.0
,,,,,,,,714,57984.0,27579.0,47336.0,91934.0,96616.0,68109.0,194129.0,109079.0,51151.0
,,,,,,,,715,59294.0,28053.0,48463.0,91380.0,99452.0,69838.0,186831.0,103827.0,49644.0
,,,,,,,,716,59234.0,28266.0,49210.0,86100.0,95677.0,67017.0,170365.0,94032.0,45599.0
,,,,,,,,717,61938.0,29052.0,47644.0,78461.0,90022.0,61945.0,157165.0,89214.0,44208.0
,,,,,,,,718,59604.0,27865.0,43843.0,72934.0,86589.0,58972.0,143155.0,81120.0,40619.0
,,,,,,,,719,55248.0,26039.0,40878.0,66593.0,80267.0,54612.0,125320.0,69923.0,34788.0
,,,,,,,,720,52974.0,25168.0,37471.0,59365.0,73949.0,49128.0,111403.0,62876.0,30601.0
,,,,,,,,721,48463.0,23553.0,32895.0,57606.0,73057.0,48934.0,103024.0,59072.0,29100.0
,,,,,,,,722,42102.0,21848.0,29123.0,53896.0,70313.0,46194.0,97880.0,57515.0,28412.0
,,,,,,,,723,38167.0,21875.0,27059.0,51967.0,69731.0,45030.0,95713.0,57441.0,28721.0
,,,,,,,,724,36213.0,21421.0,25833.0,50429.0,70068.0,44374.0,95920.0,59149.0,29857.0
,,,,,,,,725,35504.0,21460.0,25388.0,50370.0,73011.0,44755.0,103176.0,66471.0,33902.0
,,,,,,,,726,35718.0,21791.0,25608.0,53953.0,82835.0,48553.0,124834.0,84739.0,44641.0
,,,,,,,,727,37027.0,22909.0,27492.0,64062.0,99732.0,58336.0,151850.0,100531.0,52245.0
,,,,,,,,728,42076.0,25970.0,33184.0,75604.0,111793.0,68216.0,168989.0,105708.0,53745.0
,,,,,,,,729,52871.0,31782.0,39989.0,82320.0,114911.0,72866.0,173620.0,103745.0,51803.0
,,,,,,,,730,61830.0,34691.0,43786.0,84817.0,113879.0,73258.0,181958.0,107051.0,53237.0
,,,,,,,,731,64014.0,35270.0,44441.0,90436.0,116536.0,76559.0,191987.0,111666.0,54873.0
,,,,,,,,732,62781.0,34590.0,45831.0,94744.0,119764.0,79744.0,200215.0,114188.0,55656.0
,,,,,,,,733,64867.0,35387.0,48254.0,98817.0,121238.0,82207.0,205033.0,114411.0,55180.0
,,,,,,,,734,67736.0,35857.0,50317.0,101735.0,121216.0,83396.0,208883.0,114890.0,55072.0
,,,,,,,,735,69210.0,36109.0,51619.0,104752.0,122807.0,84722.0,218789.0,121504.0,58662.0
,,,,,,,,736,69361.0,35903.0,52800.0,110139.0,128569.0,88804.0,231059.0,127803.0,62040.0
,,,,,,,,737,70391.0,36148.0,55732.0,115482.0,134486.0,92729.0,246474.0,135360.0,66620.0
,,,,,,,,738,75151.0,37686.0,59437.0,122452.0,136786.0,97914.0,234787.0,123364.0,60536.0
,,,,,,,,739,79911.0,39212.0,63445.0,113252.0,124046.0,90323.0,202681.0,102747.0,50005.0
,,,,,,,,740,83660.0,39965.0,61057.0,98382.0,108824.0,78336.0,179269.0,95160.0,46755.0
,,,,,,,,741,74532.0,36125.0,52835.0,89686.0,103069.0,72763.0,163285.0,88264.0,43665.0
,,,,,,,,742,61947.0,31616.0,47002.0,82259.0,97073.0,67824.0,146718.0,79249.0,39201.0
,,,,,,,,743,57611.0,29931.0,43134.0,74164.0,88895.0,61901.0,129686.0,70369.0,34730.0
,,,,,,,,744,53589.0,28203.0,38822.0,66246.0,80498.0,55869.0,112964.0,61340.0,30847.0
,,,,,,,,745,48272.0,26002.0,34423.0,58933.0,73701.0,50261.0,102719.0,58156.0,29361.0
,,,,,,,,746,43135.0,23769.0,30547.0,54887.0,70863.0,47475.0,97567.0,56779.0,28719.0
,,,,,,,,747,38688.0,21951.0,27915.0,52653.0,70027.0,46130.0,95350.0,56877.0,29058.0
,,,,,,,,748,36612.0,21456.0,26632.0,51143.0,70170.0,45331.0,95516.0,58665.0,30149.0
,,,,,,,,749,35821.0,21492.0,26056.0,50923.0,72917.0,45564.0,102673.0,65901.0,34126.0
,,,,,,,,750,36029.0,21832.0,26159.0,54310.0,82430.0,49294.0,123964.0,84071.0,45122.0
,,,,,,,,751,37323.0,22945.0,28031.0,64287.0,98920.0,58893.0,150284.0,99022.0,52321.0
,,,,,,,,752,42285.0,25955.0,33810.0,75730.0,111447.0,68688.0,166743.0,103592.0,53800.0
,,,,,,,,753,52883.0,31761.0,40686.0,82530.0,114947.0,73491.0,170901.0,101010.0,51594.0
,,,,,,,,754,61886.0,34698.0,44755.0,85185.0,114126.0,74083.0,178583.0,103744.0,52960.0
,,,,,,,,755,64639.0,35259.0,45525.0,90720.0,117073.0,77625.0,188143.0,107811.0,54515.0
,,,,,,,,756,63987.0,34577.0,47156.0,94968.0,120649.0,80781.0,196021.0,109834.0,55221.0
,,,,,,,,757,66349.0,35368.0,49671.0,99097.0,122411.0,83324.0,200742.0,109604.0,54684.0
,,,,,,,,758,69463.0,35838.0,51863.0,102292.0,122780.0,84593.0,204343.0,109695.0,54544.0
,,,,,,,,759,71156.0,36094.0,53253.0,105566.0,124729.0,86141.0,214034.0,115924.0,58117.0
,,,,,,,,760,71596.0,35896.0,54506.0,111408.0,130708.0,90404.0,226053.0,121643.0,61578.0
,,,,,,,,761,72946.0,36127.0,57633.0,117343.0,136893.0,94634.0,241079.0,129033.0,66316.0
,,,,,,,,762,77958.0,37657.0,61153.0,125056.0,139478.0,100209.0,229695.0,117657.0,60269.0
,,,,,,,,763,82941.0,39197.0,65323.0,115804.0,126612.0,92421.0,198319.0,98192.0,49763.0
,,,,,,,,764,86758.0,39992.0,62880.0,100754.0,110924.0,80018.0,175661.0,91791.0,46533.0
,,,,,,,,765,77155.0,36170.0,54548.0,91475.0,104607.0,74039.0,160319.0,85729.0,43404.0
,,,,,,,,766,64147.0,31662.0,48473.0,83387.0,98102.0,68717.0,144096.0,77374.0,39000.0
,,,,,,,,767,59218.0,29985.0,44410.0,74985.0,89501.0,62349.0,127539.0,68942.0,34595.0
,,,,,,,,768,54643.0,28269.0,40045.0,67050.0,80860.0,56161.0,111726.0,61310.0,30538.0
,,,,,,,,769,49038.0,26073.0,35468.0,59364.0,73861.0,50221.0,102036.0,57928.0,28866.0
,,,,,,,,770,43722.0,23833.0,31447.0,55226.0,71037.0,47367.0,97036.0,56534.0,28085.0
,,,,,,,,771,39003.0,22209.0,28659.0,52886.0,70239.0,45946.0,94910.0,56608.0,28291.0
,,,,,,,,772,36886.0,21788.0,27290.0,51288.0,70403.0,45090.0,95163.0,58396.0,29333.0
,,,,,,,,773,36042.0,21928.0,26629.0,51035.0,73175.0,45312.0,102337.0,65701.0,33316.0
,,,,,,,,774,36204.0,22399.0,26648.0,54434.0,82815.0,48952.0,123361.0,83756.0,43788.0
,,,,,,,,775,37476.0,23636.0,28408.0,64270.0,99462.0,58608.0,149506.0,98820.0,51443.0
,,,,,,,,776,42451.0,26742.0,34146.0,75720.0,111989.0,68547.0,165505.0,103678.0,53555.0
,,,,,,,,777,53063.0,32794.0,41107.0,82721.0,115439.0,73383.0,169725.0,101448.0,51963.0
,,,,,,,,778,62137.0,35406.0,45399.0,85223.0,114501.0,73980.0,177546.0,104545.0,53627.0
,,,,,,,,779,65083.0,35767.0,46435.0,90944.0,117267.0,77513.0,187392.0,109221.0,55737.0
,,,,,,,,780,64502.0,34840.0,48441.0,95212.0,120642.0,80714.0,195563.0,111968.0,57041.0
,,,,,,,,781,66921.0,35627.0,51209.0,99483.0,122158.0,83215.0,200360.0,112435.0,57078.0
,,,,,,,,782,70007.0,35847.0,53694.0,102793.0,122241.0,84442.0,204273.0,113213.0,57362.0
,,,,,,,,783,71691.0,36009.0,55506.0,106256.0,123875.0,85685.0,214228.0,120032.0,61377.0
,,,,,,,,784,72185.0,35749.0,57061.0,112157.0,129725.0,89783.0,226918.0,126630.0,65266.0
,,,,,,,,785,73492.0,35952.0,60509.0,118437.0,135689.0,93674.0,242335.0,134690.0,70188.0
,,,,,,,,786,78413.0,37510.0,64527.0,126529.0,138276.0,98844.0,231078.0,123099.0,64036.0
,,,,,,,,787,83236.0,39122.0,69099.0,117195.0,125547.0,91148.0,198685.0,102724.0,52980.0
,,,,,,,,788,86867.0,39988.0,65937.0,102132.0,110191.0,79073.0,175390.0,95098.0,48840.0
,,,,,,,,789,77143.0,36113.0,57055.0,92718.0,104219.0,73271.0,159715.0,88092.0,45090.0
,,,,,,,,790,64100.0,31679.0,50478.0,84310.0,97897.0,68157.0,143138.0,79144.0,40327.0
,,,,,,,,791,59199.0,30092.0,45953.0,75573.0,89520.0,61919.0,126568.0,70267.0,35545.0
,,,,,,,,792,54637.0,28326.0,41309.0,67457.0,81225.0,55814.0,111159.0,61873.0,31274.0
,,,,,,,,793,49035.0,26166.0,36607.0,59644.0,74552.0,49923.0,101360.0,58337.0,29141.0
,,,,,,,,794,43752.0,24017.0,32087.0,55460.0,71431.0,47090.0,96342.0,56872.0,28155.0
,,,,,,,,795,38838.0,22248.0,29253.0,53046.0,70412.0,45720.0,94226.0,56903.0,28183.0
,,,,,,,,796,36786.0,21856.0,27821.0,51422.0,70473.0,44914.0,94485.0,58730.0,29118.0
,,,,,,,,797,35990.0,22081.0,27102.0,51161.0,73229.0,45164.0,101532.0,65984.0,33115.0
,,,,,,,,798,36135.0,22639.0,27017.0,54476.0,82791.0,48897.0,122283.0,84006.0,43265.0
,,,,,,,,799,37391.0,24020.0,28740.0,64326.0,99609.0,58415.0,148206.0,99370.0,51825.0
,,,,,,,,800,42344.0,27246.0,34464.0,75963.0,112781.0,68261.0,163942.0,104716.0,54669.0
,,,,,,,,801,52981.0,33289.0,41456.0,82916.0,116948.0,72899.0,167699.0,103044.0,53666.0
,,,,,,,,802,62006.0,35502.0,45751.0,85505.0,116778.0,73293.0,175024.0,106777.0,55948.0
,,,,,,,,803,64522.0,35931.0,46803.0,91189.0,120453.0,76475.0,184950.0,111948.0,58844.0
,,,,,,,,804,63457.0,35012.0,48736.0,95357.0,124695.0,79482.0,193423.0,115111.0,60499.0
,,,,,,,,805,65509.0,35750.0,51371.0,99536.0,127033.0,81814.0,197192.0,115979.0,60878.0
,,,,,,,,806,68274.0,35878.0,53633.0,102891.0,127945.0,82851.0,200248.0,117038.0,61523.0
,,,,,,,,807,69642.0,36045.0,55283.0,106475.0,130268.0,84043.0,209975.0,124153.0,65653.0
,,,,,,,,808,69688.0,35804.0,56589.0,112555.0,136810.0,88001.0,221901.0,131040.0,69641.0
,,,,,,,,809,70558.0,36001.0,59747.0,118833.0,143411.0,91950.0,236103.0,139477.0,74389.0
,,,,,,,,810,75203.0,37542.0,63529.0,126709.0,146117.0,97157.0,226247.0,127706.0,67890.0
,,,,,,,,811,79841.0,39124.0,67866.0,117492.0,132639.0,89894.0,195623.0,106775.0,56192.0
,,,,,,,,812,83556.0,39925.0,64467.0,102793.0,116000.0,78225.0,173637.0,98492.0,51794.0
,,,,,,,,813,74366.0,36035.0,55769.0,93353.0,108791.0,72548.0,159003.0,90863.0,47724.0
,,,,,,,,814,61821.0,31606.0,49567.0,84761.0,101367.0,67566.0,142985.0,81326.0,42324.0
,,,,,,,,815,57605.0,29995.0,45431.0,76187.0,91987.0,61484.0,126610.0,72041.0,37047.0
,,,,,,,,816,53662.0,28263.0,40958.0,68131.0,82941.0,55514.0,111866.0,63931.0,32052.0
,,,,,,,,817,48357.0,26093.0,36344.0,60659.0,75647.0,50275.0,101918.0,60017.0,29790.0
,,,,,,,,818,43209.0,23916.0,31821.0,56490.0,72336.0,47507.0,96926.0,58224.0,28713.0
,,,,,,,,819,38599.0,22159.0,28907.0,54029.0,71162.0,46115.0,94670.0,57989.0,28676.0
,,,,,,,,820,36603.0,21736.0,27544.0,52373.0,71041.0,45302.0,94855.0,59573.0,29581.0
,,,,,,,,821,35850.0,21876.0,26847.0,51986.0,73716.0,45555.0,101966.0,66774.0,33608.0
,,,,,,,,822,36077.0,22355.0,26823.0,55188.0,83224.0,49241.0,123081.0,84942.0,43669.0
,,,,,,,,823,37383.0,23688.0,28549.0,64827.0,100302.0,58823.0,149565.0,101411.0,52178.0
,,,,,,,,824,42395.0,26849.0,34288.0,76274.0,114095.0,68909.0,166164.0,107974.0,55047.0
,,,,,,,,825,53176.0,32652.0,41143.0,83358.0,118872.0,73893.0,170156.0,107312.0,53764.0
,,,,,,,,826,61990.0,35053.0,45264.0,85951.0,119289.0,74602.0,177992.0,112028.0,55621.0
,,,,,,,,827,64249.0,35531.0,46040.0,91504.0,123294.0,78194.0,187503.0,117627.0,58267.0
,,,,,,,,828,63024.0,34773.0,47733.0,95772.0,127615.0,81427.0,195364.0,121089.0,59765.0
,,,,,,,,829,64978.0,35508.0,50218.0,100492.0,130139.0,84105.0,199874.0,122219.0,59961.0
,,,,,,,,830,67700.0,35895.0,52391.0,104319.0,131073.0,85674.0,203678.0,123607.0,60332.0
,,,,,,,,831,69017.0,36132.0,53995.0,108411.0,133554.0,87405.0,213573.0,131149.0,64239.0
,,,,,,,,832,69065.0,35948.0,55145.0,114935.0,140197.0,91875.0,226099.0,138235.0,68123.0
,,,,,,,,833,69983.0,36201.0,58244.0,122087.0,146700.0,96317.0,241099.0,146911.0,72941.0
,,,,,,,,834,74630.0,37733.0,62035.0,131311.0,149065.0,102074.0,229572.0,134129.0,66532.0
,,,,,,,,835,79311.0,39223.0,66359.0,121687.0,135082.0,94336.0,197640.0,112317.0,54787.0
,,,,,,,,836,83038.0,39905.0,63214.0,106370.0,118207.0,82018.0,174968.0,103149.0,50289.0
,,,,,,,,837,73895.0,36029.0,54726.0,96836.0,110598.0,75810.0,160245.0,94742.0,46481.0
,,,,,,,,838,61401.0,31522.0,48631.0,87453.0,102968.0,70317.0,144364.0,84641.0,41503.0
,,,,,,,,839,57314.0,29839.0,44549.0,78371.0,93625.0,63921.0,127889.0,74772.0,36434.0
,,,,,,,,840,53445.0,28182.0,40236.0,70059.0,82422.0,57592.0,108450.0,61665.0,31420.0
,,,,,,,,841,51096.0,26585.0,38903.0,54054.0,74499.0,48920.0,94991.0,56795.0,28782.0
,,,,,,,,842,45651.0,23718.0,33536.0,48408.0,68375.0,44547.0,87147.0,53073.0,27081.0
,,,,,,,,843,38765.0,19567.0,29274.0,44658.0,64494.0,41600.0,82594.0,51158.0,26203.0
,,,,,,,,844,35185.0,18270.0,26833.0,42372.0,62231.0,39823.0,79485.0,49825.0,25517.0
,,,,,,,,845,33432.0,17469.0,25368.0,40864.0,61557.0,38595.0,80845.0,52117.0,26785.0
,,,,,,,,846,32529.0,17126.0,24339.0,41377.0,64484.0,39298.0,88167.0,57712.0,29749.0
,,,,,,,,847,32113.0,17175.0,24454.0,44680.0,71584.0,42588.0,102855.0,69609.0,35888.0
,,,,,,,,848,33746.0,18072.0,26057.0,51173.0,81898.0,48361.0,117206.0,77778.0,39732.0
,,,,,,,,849,37271.0,20101.0,30128.0,56985.0,90928.0,53210.0,134740.0,90264.0,46148.0
,,,,,,,,850,43012.0,22079.0,34259.0,65015.0,101758.0,60136.0,151061.0,97450.0,49507.0
,,,,,,,,851,48071.0,23641.0,39395.0,72583.0,108623.0,65733.0,161431.0,102096.0,51706.0
,,,,,,,,852,55256.0,26137.0,44283.0,76778.0,113892.0,68696.0,172144.0,108673.0,54972.0
,,,,,,,,853,59371.0,27429.0,47471.0,82009.0,118846.0,73013.0,176665.0,109057.0,54861.0
,,,,,,,,854,62481.0,28500.0,51146.0,84492.0,119964.0,74160.0,178618.0,110352.0,55284.0
,,,,,,,,855,66144.0,29546.0,53524.0,86771.0,122265.0,75692.0,182614.0,113061.0,56625.0
,,,,,,,,856,66133.0,29350.0,55344.0,89915.0,125608.0,77723.0,188378.0,116068.0,58257.0
,,,,,,,,857,66761.0,29455.0,57998.0,93349.0,128451.0,80318.0,191940.0,115636.0,57863.0
,,,,,,,,858,68060.0,29850.0,60651.0,96165.0,128118.0,81846.0,192622.0,116126.0,59372.0
,,,,,,,,859,69400.0,29933.0,63131.0,94045.0,125968.0,80827.0,185611.0,109958.0,56568.0
,,,,,,,,860,68451.0,29653.0,61973.0,88204.0,118190.0,76223.0,170887.0,100873.0,52149.0
,,,,,,,,861,68122.0,29776.0,58819.0,80665.0,109245.0,70218.0,156994.0,93832.0,48779.0
,,,,,,,,862,64816.0,28429.0,54198.0,74032.0,101888.0,65312.0,143586.0,86625.0,45201.0
,,,,,,,,863,59976.0,26710.0,49009.0,68073.0,93842.0,60628.0,126615.0,75057.0,38738.0
,,,,,,,,864,56111.0,25460.0,44562.0,60936.0,83528.0,54498.0,109540.0,65770.0,33326.0
,,,,,,,,865,51534.0,24089.0,39390.0,53861.0,72869.0,48372.0,96067.0,58506.0,29304.0
,,,,,,,,866,44872.0,21659.0,34113.0,48394.0,66842.0,43922.0,88124.0,54615.0,27597.0
,,,,,,,,867,38853.0,19608.0,30183.0,44658.0,63069.0,41065.0,83485.0,52534.0,26670.0
,,,,,,,,868,35283.0,18299.0,27662.0,42332.0,60830.0,39295.0,80302.0,51000.0,25933.0
,,,,,,,,869,33510.0,17494.0,26114.0,40689.0,59905.0,38018.0,81346.0,52817.0,26997.0
,,,,,,,,870,32560.0,17143.0,24997.0,41071.0,62311.0,38645.0,88046.0,57994.0,29685.0
,,,,,,,,871,32072.0,17136.0,24963.0,44095.0,68402.0,41403.0,102469.0,69598.0,35482.0
,,,,,,,,872,33529.0,17933.0,26472.0,50437.0,77416.0,46896.0,117173.0,77468.0,38825.0
,,,,,,,,873,36560.0,19806.0,30424.0,56291.0,84945.0,51439.0,134655.0,89648.0,44766.0
,,,,,,,,874,41954.0,21861.0,34484.0,64163.0,94597.0,58037.0,150997.0,96950.0,47887.0
,,,,,,,,875,46449.0,23479.0,39428.0,71695.0,100397.0,63393.0,161499.0,101434.0,49881.0
,,,,,,,,876,53136.0,25893.0,44262.0,75876.0,105029.0,66283.0,172714.0,108357.0,53099.0
,,,,,,,,877,57010.0,27116.0,47134.0,81140.0,109665.0,70494.0,177806.0,108348.0,52674.0
,,,,,,,,878,59852.0,27961.0,50720.0,83544.0,110143.0,71406.0,180435.0,109698.0,52868.0
,,,,,,,,879,63565.0,29008.0,52889.0,85765.0,111389.0,72587.0,184673.0,112606.0,54123.0
,,,,,,,,880,63435.0,28746.0,54690.0,88935.0,114021.0,74484.0,190178.0,115945.0,55890.0
,,,,,,,,881,64065.0,28827.0,57368.0,92793.0,116596.0,77027.0,193611.0,116008.0,55697.0
,,,,,,,,882,65304.0,29329.0,60206.0,96022.0,117168.0,78343.0,195154.0,117954.0,57976.0
,,,,,,,,883,66801.0,29631.0,62971.0,94583.0,117468.0,78299.0,187339.0,110924.0,55533.0
,,,,,,,,884,66144.0,29536.0,61958.0,88802.0,111131.0,73904.0,172350.0,101621.0,51361.0
,,,,,,,,885,67563.0,29916.0,58331.0,81099.0,103471.0,68060.0,158504.0,94787.0,48230.0
,,,,,,,,886,64106.0,28598.0,53144.0,74170.0,97266.0,63410.0,145204.0,87694.0,44675.0
,,,,,,,,887,59426.0,26858.0,48079.0,68048.0,90004.0,59049.0,128272.0,75906.0,38440.0
,,,,,,,,888,55887.0,25564.0,43723.0,60817.0,82067.0,53145.0,114155.0,69306.0,34298.0
,,,,,,,,889,51587.0,24132.0,38657.0,58568.0,80228.0,52141.0,105833.0,64660.0,31837.0
,,,,,,,,890,45016.0,22389.0,34091.0,54937.0,76296.0,49185.0,100435.0,62100.0,30434.0
,,,,,,,,891,41001.0,22406.0,31576.0,52694.0,74479.0,47544.0,97399.0,60936.0,29947.0
,,,,,,,,892,38608.0,21705.0,29912.0,51017.0,73516.0,46429.0,96435.0,61387.0,30276.0
,,,,,,,,893,37649.0,21489.0,28969.0,50395.0,74837.0,46159.0,100924.0,65947.0,32753.0
,,,,,,,,894,37403.0,21444.0,28583.0,52743.0,82601.0,48630.0,120191.0,83216.0,42045.0
,,,,,,,,895,38235.0,22134.0,29610.0,62119.0,99266.0,57630.0,145685.0,99779.0,50836.0
,,,,,,,,896,42164.0,24525.0,34801.0,73025.0,113389.0,67154.0,162646.0,107058.0,54341.0
,,,,,,,,897,52195.0,29830.0,41800.0,79672.0,119169.0,72107.0,169969.0,109580.0,55381.0
,,,,,,,,898,61082.0,33414.0,46332.0,83342.0,121504.0,74056.0,179300.0,114381.0,57761.0
,,,,,,,,899,64526.0,34619.0,48370.0,88975.0,125561.0,77816.0,188766.0,119604.0,60413.0
,,,,,,,,900,65413.0,34831.0,51004.0,93141.0,130061.0,80945.0,196825.0,123393.0,62294.0
,,,,,,,,901,67812.0,35552.0,53490.0,97204.0,133123.0,83756.0,201562.0,125134.0,63043.0
,,,,,,,,902,70797.0,36457.0,55970.0,100261.0,134883.0,85426.0,205764.0,127501.0,64217.0
,,,,,,,,903,72892.0,37032.0,57995.0,103162.0,138198.0,87263.0,215309.0,134888.0,68444.0
,,,,,,,,904,73715.0,37253.0,60147.0,108329.0,145226.0,91603.0,227508.0,141879.0,72753.0
,,,,,,,,905,75505.0,37786.0,63591.0,113863.0,152365.0,96197.0,241114.0,148962.0,76849.0
,,,,,,,,906,80201.0,39399.0,67679.0,119843.0,154057.0,101036.0,228140.0,134474.0,69326.0
,,,,,,,,907,85049.0,40826.0,72045.0,110334.0,139353.0,92824.0,196256.0,113733.0,58305.0
,,,,,,,,908,87687.0,40836.0,68262.0,96315.0,122791.0,80787.0,174729.0,105097.0,54133.0
,,,,,,,,909,77641.0,36594.0,59305.0,88116.0,115119.0,74891.0,161663.0,98148.0,50656.0
,,,,,,,,910,65190.0,32320.0,52825.0,81325.0,107750.0,70143.0,147033.0,89048.0,45755.0
,,,,,,,,911,60530.0,30612.0,48736.0,73839.0,98729.0,64469.0,131334.0,79150.0,40407.0
,,,,,,,,912,56684.0,28966.0,44260.0,66237.0,88934.0,58329.0,115094.0,69097.0,34980.0
,,,,,,,,913,51673.0,26840.0,39380.0,58866.0,80533.0,52382.0,105028.0,64658.0,32359.0
,,,,,,,,914,46280.0,24479.0,34577.0,54951.0,76880.0,49498.0,99807.0,62205.0,30875.0
,,,,,,,,915,41253.0,22331.0,31598.0,52764.0,74968.0,47873.0,97022.0,61246.0,30355.0
,,,,,,,,916,38863.0,21601.0,29952.0,51192.0,74147.0,46794.0,96701.0,62104.0,30765.0
,,,,,,,,917,37791.0,21370.0,29026.0,50856.0,76026.0,46772.0,102358.0,67814.0,33766.0
,,,,,,,,918,37576.0,21343.0,28767.0,53720.0,84700.0,49710.0,123212.0,86585.0,43735.0
,,,,,,,,919,38478.0,22118.0,30038.0,63621.0,102386.0,59451.0,149846.0,104298.0,53245.0
,,,,,,,,920,42870.0,24661.0,35438.0,75057.0,117753.0,69589.0,167136.0,112812.0,57339.0
,,,,,,,,921,54051.0,30160.0,42738.0,81755.0,124757.0,75010.0,174023.0,115908.0,58566.0
,,,,,,,,922,63741.0,34299.0,47597.0,85383.0,127912.0,77104.0,183128.0,121079.0,60994.0
,,,,,,,,923,68599.0,35660.0,49806.0,90902.0,132507.0,80919.0,192571.0,126591.0,63837.0
,,,,,,,,924,70290.0,36375.0,52428.0,95081.0,137462.0,84307.0,200941.0,130474.0,65912.0
,,,,,,,,925,73253.0,37814.0,55187.0,99165.0,140854.0,87202.0,206386.0,132623.0,66863.0
,,,,,,,,926,76644.0,39116.0,57841.0,102477.0,143003.0,88754.0,211306.0,135023.0,68123.0
,,,,,,,,927,78782.0,39990.0,60100.0,105514.0,146433.0,90311.0,221586.0,142613.0,72177.0
,,,,,,,,928,80021.0,40522.0,62348.0,110794.0,153367.0,94392.0,234394.0,149662.0,76211.0
,,,,,,,,929,82049.0,41242.0,65839.0,116252.0,159905.0,98428.0,248699.0,156421.0,79853.0
,,,,,,,,930,87132.0,42762.0,69984.0,122113.0,160575.0,103019.0,233923.0,139990.0,71612.0
,,,,,,,,931,91977.0,43842.0,74539.0,112158.0,144795.0,94379.0,202065.0,119480.0,60764.0
,,,,,,,,932,94605.0,43266.0,70419.0,98225.0,127963.0,82707.0,180016.0,110434.0,56379.0
,,,,,,,,933,82172.0,38511.0,61189.0,89893.0,119448.0,76902.0,164908.0,101243.0,51935.0
,,,,,,,,934,69251.0,33786.0,54253.0,82324.0,110724.0,71430.0,149155.0,91310.0,46606.0
,,,,,,,,935,64052.0,31567.0,49226.0,74573.0,100806.0,65352.0,132566.0,81027.0,41109.0
,,,,,,,,936,58565.0,29443.0,44299.0,66857.0,90609.0,59084.0,116320.0,71068.0,35663.0
,,,,,,,,937,52692.0,27080.0,39323.0,59387.0,81976.0,53094.0,106257.0,66392.0,32926.0
,,,,,,,,938,46947.0,24629.0,34090.0,55428.0,77925.0,50119.0,100952.0,63882.0,31407.0
,,,,,,,,939,41657.0,22473.0,30990.0,53178.0,76172.0,48549.0,98172.0,62814.0,30842.0
,,,,,,,,940,39245.0,21696.0,29427.0,51537.0,75410.0,47442.0,97824.0,63625.0,31226.0
,,,,,,,,941,38143.0,21450.0,28550.0,51186.0,77315.0,47436.0,103535.0,69345.0,34348.0
,,,,,,,,942,37908.0,21404.0,28274.0,53971.0,85975.0,50394.0,124124.0,88172.0,44448.0
,,,,,,,,943,38838.0,22160.0,29590.0,63715.0,103707.0,59993.0,150485.0,105957.0,54053.0
,,,,,,,,944,43179.0,24706.0,35039.0,75000.0,118943.0,69948.0,167468.0,114781.0,58422.0
,,,,,,,,945,54360.0,30270.0,42188.0,81884.0,125708.0,75057.0,174525.0,118151.0,60059.0
,,,,,,,,946,64127.0,35901.0,46673.0,85471.0,128718.0,77013.0,183464.0,123539.0,62713.0
,,,,,,,,947,68996.0,36964.0,48718.0,90995.0,133331.0,80647.0,192760.0,129090.0,65715.0
,,,,,,,,948,70673.0,37904.0,51232.0,95209.0,138218.0,83762.0,200889.0,133099.0,67704.0
,,,,,,,,949,73651.0,38689.0,54065.0,99462.0,141574.0,86523.0,205499.0,135107.0,68728.0
,,,,,,,,950,77041.0,40165.0,56633.0,102771.0,143642.0,88049.0,209869.0,137376.0,69933.0
,,,,,,,,951,79104.0,41112.0,58730.0,105814.0,147085.0,89868.0,220343.0,144963.0,73918.0
,,,,,,,,952,80270.0,42135.0,60662.0,110898.0,153782.0,94051.0,233195.0,152280.0,77876.0
,,,,,,,,953,82287.0,43237.0,64133.0,116207.0,160275.0,98258.0,247592.0,159442.0,81615.0
,,,,,,,,954,87238.0,45272.0,68025.0,122577.0,160713.0,102747.0,233460.0,142262.0,73108.0
,,,,,,,,955,91920.0,46209.0,71734.0,112674.0,144510.0,93855.0,202145.0,121087.0,62105.0
,,,,,,,,956,94481.0,44645.0,67500.0,98795.0,127722.0,82117.0,180392.0,111668.0,57451.0
,,,,,,,,957,82041.0,39306.0,58627.0,90588.0,119342.0,76516.0,165146.0,102286.0,52793.0
,,,,,,,,958,69093.0,34391.0,52434.0,82737.0,110953.0,71158.0,149256.0,92008.0,47331.0
,,,,,,,,959,63786.0,32019.0,48094.0,74840.0,100830.0,65059.0,132758.0,81551.0,41677.0
,,,,,,,,960,58395.0,29719.0,43501.0,67057.0,90237.0,58885.0,116420.0,71621.0,36197.0
,,,,,,,,961,52546.0,27208.0,38772.0,59466.0,81270.0,52708.0,106285.0,66913.0,33552.0
,,,,,,,,962,46823.0,24640.0,34337.0,55452.0,77353.0,49800.0,101010.0,64337.0,32002.0
,,,,,,,,963,41753.0,22607.0,31328.0,53251.0,75589.0,48260.0,98267.0,63164.0,31417.0
,,,,,,,,964,39323.0,21896.0,29722.0,51603.0,74792.0,47208.0,97987.0,63992.0,31809.0
,,,,,,,,965,38166.0,21684.0,28831.0,51257.0,76636.0,47227.0,103641.0,69660.0,34849.0
,,,,,,,,966,37907.0,21672.0,28585.0,54037.0,85246.0,50229.0,124298.0,88732.0,44998.0
,,,,,,,,967,38800.0,22433.0,29875.0,63748.0,102416.0,59741.0,150552.0,106699.0,54749.0
,,,,,,,,968,43145.0,24938.0,35270.0,74940.0,116819.0,69532.0,167232.0,115871.0,59166.0
,,,,,,,,969,54313.0,30574.0,42614.0,81775.0,122819.0,74452.0,174133.0,119461.0,60635.0
,,,,,,,,970,64131.0,34598.0,47163.0,85447.0,125306.0,76298.0,182877.0,125001.0,63187.0
,,,,,,,,971,68870.0,35885.0,49218.0,90999.0,129507.0,79723.0,192153.0,130708.0,66105.0
,,,,,,,,972,70461.0,36362.0,51797.0,95295.0,134036.0,82902.0,199973.0,134816.0,67935.0
,,,,,,,,973,73455.0,37370.0,54554.0,99574.0,137025.0,85613.0,203691.0,136722.0,68891.0
,,,,,,,,974,76830.0,38610.0,57176.0,102914.0,138795.0,87248.0,207148.0,138867.0,70077.0
,,,,,,,,975,78932.0,39181.0,59342.0,106232.0,141777.0,88994.0,216509.0,146108.0,74074.0
,,,,,,,,976,80122.0,39632.0,61511.0,111714.0,148415.0,93145.0,228722.0,153315.0,77887.0
,,,,,,,,977,82222.0,40338.0,64975.0,117320.0,154839.0,97406.0,242699.0,160678.0,81532.0
,,,,,,,,978,87211.0,41964.0,69236.0,123681.0,155860.0,102066.0,229964.0,143378.0,72756.0
,,,,,,,,979,91988.0,43112.0,73549.0,113762.0,140713.0,93409.0,199304.0,121740.0,61623.0
,,,,,,,,980,94490.0,42483.0,69506.0,99756.0,124516.0,81939.0,178070.0,112190.0,57145.0
,,,,,,,,981,81879.0,37732.0,60476.0,91498.0,116666.0,76457.0,163267.0,102612.0,52628.0
,,,,,,,,982,68889.0,33232.0,53749.0,83562.0,108482.0,70967.0,147619.0,92288.0,47282.0
,,,,,,,,983,63648.0,31215.0,49028.0,75653.0,98943.0,64949.0,131479.0,81847.0,41682.0
,,,,,,,,984,58308.0,29223.0,44229.0,67839.0,89152.0,58767.0,115625.0,71137.0,35855.0
,,,,,,,,985,52496.0,26949.0,39337.0,60356.0,80892.0,52655.0,105690.0,66455.0,33117.0
,,,,,,,,986,46775.0,24486.0,34666.0,56303.0,77082.0,49751.0,100579.0,63944.0,31589.0
,,,,,,,,987,41609.0,22630.0,31601.0,54044.0,75320.0,48144.0,97923.0,62832.0,31100.0
,,,,,,,,988,39152.0,22047.0,29980.0,52346.0,74500.0,47034.0,97686.0,63676.0,31608.0
,,,,,,,,989,38061.0,21947.0,29052.0,51965.0,76355.0,47009.0,103382.0,69269.0,34576.0
,,,,,,,,990,37829.0,22019.0,28774.0,54687.0,84937.0,49912.0,124176.0,87901.0,44533.0
,,,,,,,,991,38735.0,22815.0,29959.0,64301.0,102440.0,59497.0,150549.0,105136.0,53572.0
,,,,,,,,992,43111.0,25318.0,35269.0,75506.0,117553.0,69503.0,166922.0,113319.0,57173.0
,,,,,,,,993,54086.0,31073.0,42429.0,82362.0,124099.0,74576.0,174055.0,116224.0,58173.0
,,,,,,,,994,63586.0,34412.0,47136.0,85913.0,127029.0,76520.0,182548.0,121040.0,60381.0
,,,,,,,,995,68229.0,35284.0,49267.0,91564.0,131453.0,80126.0,191579.0,126296.0,63168.0
,,,,,,,,996,69669.0,35293.0,51961.0,95946.0,136164.0,83245.0,199273.0,129883.0,64866.0
,,,,,,,,997,72559.0,36017.0,54763.0,100418.0,139399.0,86055.0,203609.0,131516.0,65691.0
,,,,,,,,998,75914.0,36727.0,57681.0,103977.0,141247.0,87767.0,207567.0,133234.0,66664.0
,,,,,,,,999,78156.0,37100.0,59970.0,107428.0,144518.0,89729.0,217233.0,140115.0,70441.0
,,,,,,,,1000,79202.0,37153.0,62230.0,113451.0,151253.0,94109.0,229938.0,146814.0,74019.0
,,,,,,,,1001,80937.0,37631.0,65924.0,119601.0,157924.0,98580.0,243947.0,153188.0,77306.0
,,,,,,,,1002,85687.0,39145.0,70271.0,127014.0,158809.0,103494.0,231045.0,136964.0,69140.0
,,,,,,,,1003,90333.0,40552.0,74755.0,116525.0,143119.0,94602.0,200000.0,116662.0,58518.0
,,,,,,,,1004,92290.0,40701.0,70385.0,101884.0,126428.0,82752.0,178864.0,108165.0,54318.0
,,,,,,,,1005,79931.0,36489.0,61227.0,93499.0,118233.0,76893.0,164075.0,99291.0,50157.0
,,,,,,,,1006,67258.0,32255.0,54586.0,85287.0,109896.0,71321.0,148723.0,89616.0,45233.0
,,,,,,,,1007,62419.0,30601.0,49524.0,77143.0,100130.0,65233.0,132866.0,79669.0,40033.0
,,,,,,,,1008,57358.0,28920.0,44610.0,69297.0,88287.0,58971.0,113185.0,66262.0,34539.0
,,,,,,,,1009,49541.0,26824.0,36825.0,56887.0,73558.0,49677.0,94591.0,56746.0,29678.0
,,,,,,,,1010,44443.0,23804.0,31709.0,51027.0,67535.0,45272.0,86981.0,53088.0,27853.0
,,,,,,,,1011,37623.0,19703.0,27483.0,47124.0,63726.0,42369.0,82628.0,51213.0,26908.0
,,,,,,,,1012,34325.0,18445.0,25237.0,44639.0,61595.0,40636.0,79794.0,49939.0,26179.0
,,,,,,,,1013,32709.0,17678.0,23876.0,43021.0,61079.0,39488.0,81141.0,52264.0,27465.0
,,,,,,,,1014,31938.0,17365.0,22964.0,43478.0,63928.0,40228.0,87926.0,57729.0,30497.0
,,,,,,,,1015,31647.0,17418.0,23179.0,46653.0,70628.0,43428.0,101915.0,69296.0,36981.0
,,,,,,,,1016,33311.0,18300.0,24934.0,52656.0,80702.0,49220.0,115151.0,76786.0,41137.0
,,,,,,,,1017,36715.0,20476.0,28947.0,58321.0,89723.0,54185.0,131556.0,88839.0,47888.0
,,,,,,,,1018,41590.0,22368.0,32971.0,65932.0,100353.0,61039.0,146388.0,95633.0,51667.0
,,,,,,,,1019,45389.0,23881.0,38018.0,73371.0,107142.0,66557.0,155819.0,100089.0,54083.0
,,,,,,,,1020,51278.0,26265.0,42538.0,77357.0,112524.0,69675.0,166095.0,106535.0,57647.0
,,,,,,,,1021,54561.0,27571.0,45295.0,82687.0,117933.0,74067.0,170404.0,106660.0,57691.0
,,,,,,,,1022,57090.0,28473.0,48515.0,85309.0,119291.0,75287.0,172594.0,107862.0,58228.0
,,,,,,,,1023,60116.0,29534.0,50516.0,87774.0,121705.0,76946.0,176820.0,110441.0,59580.0
,,,,,,,,1024,59673.0,29347.0,51875.0,91154.0,125491.0,79388.0,182458.0,113486.0,61210.0
,,,,,,,,1025,59940.0,29450.0,53893.0,94931.0,128457.0,82241.0,185752.0,113146.0,60931.0
,,,,,,,,1026,61146.0,29867.0,56102.0,97799.0,128448.0,84179.0,186471.0,114203.0,61863.0
,,,,,,,,1027,62592.0,30063.0,57727.0,95569.0,126879.0,83233.0,179950.0,108512.0,59033.0
,,,,,,,,1028,62076.0,29879.0,56841.0,89719.0,120019.0,78758.0,165786.0,99841.0,54557.0
,,,,,,,,1029,63408.0,30056.0,53987.0,82417.0,111460.0,72720.0,152461.0,93101.0,50958.0
,,,,,,,,1030,60706.0,28680.0,49544.0,75733.0,104161.0,67490.0,139580.0,85961.0,46939.0
,,,,,,,,1031,56532.0,26904.0,45315.0,69600.0,96070.0,62531.0,123080.0,74520.0,40140.0
,,,,,,,,1032,53349.0,25596.0,41449.0,62391.0,86021.0,56289.0,107114.0,65169.0,34913.0
,,,,,,,,1033,49527.0,24165.0,36562.0,55346.0,76602.0,49896.0,94006.0,57878.0,30683.0
,,,,,,,,1034,43261.0,21733.0,32154.0,49819.0,70448.0,45412.0,86422.0,54104.0,28725.0
,,,,,,,,1035,37692.0,19824.0,28508.0,46016.0,66412.0,42515.0,81969.0,52083.0,27649.0
,,,,,,,,1036,34332.0,18588.0,26042.0,43584.0,64003.0,40715.0,78967.0,50705.0,26796.0
,,,,,,,,1037,32688.0,17836.0,24621.0,41855.0,63116.0,39438.0,80020.0,52611.0,27824.0
,,,,,,,,1038,31878.0,17523.0,23626.0,42177.0,65619.0,40057.0,86360.0,57787.0,30673.0
,,,,,,,,1039,31524.0,17548.0,23667.0,45105.0,72314.0,42964.0,100274.0,69602.0,37348.0
,,,,,,,,1040,32988.0,18340.0,25234.0,51218.0,82619.0,48563.0,113860.0,77294.0,41712.0
,,,,,,,,1041,35853.0,20395.0,29354.0,57048.0,92428.0,53417.0,130321.0,89371.0,48592.0
,,,,,,,,1042,40855.0,22302.0,33448.0,64908.0,103598.0,60247.0,145850.0,96623.0,52475.0
,,,,,,,,1043,44764.0,23892.0,38335.0,72427.0,110677.0,65749.0,155709.0,101091.0,54734.0
,,,,,,,,1044,50632.0,26300.0,43031.0,76555.0,116128.0,68762.0,166759.0,108079.0,58409.0
,,,,,,,,1045,53965.0,27600.0,45830.0,81939.0,121784.0,73218.0,171857.0,108317.0,58376.0
,,,,,,,,1046,56362.0,28366.0,49302.0,84533.0,122867.0,74383.0,174669.0,109796.0,59070.0
,,,,,,,,1047,59527.0,29403.0,51444.0,87029.0,125409.0,75953.0,179236.0,113129.0,60706.0
,,,,,,,,1048,59039.0,29163.0,53060.0,90362.0,129392.0,78395.0,185637.0,116771.0,62848.0
,,,,,,,,1049,59337.0,29331.0,55462.0,94183.0,133466.0,81284.0,189557.0,117248.0,63117.0
,,,,,,,,1050,60649.0,29958.0,58254.0,97402.0,134960.0,83090.0,191199.0,119625.0,64776.0
,,,,,,,,1051,62215.0,30465.0,60499.0,96130.0,134095.0,83064.0,183885.0,113208.0,61649.0
,,,,,,,,1052,61977.0,30430.0,60216.0,90444.0,125965.0,78569.0,168833.0,104144.0,57044.0
,,,,,,,,1053,64120.0,30665.0,57271.0,82965.0,116457.0,72740.0,155153.0,97276.0,53470.0
,,,,,,,,1054,61235.0,29198.0,52240.0,76045.0,108527.0,67546.0,141908.0,89898.0,49300.0
,,,,,,,,1055,57005.0,27356.0,47590.0,69822.0,99844.0,62664.0,124788.0,77980.0,42278.0
,,,,,,,,1056,53820.0,25971.0,43376.0,62441.0,90973.0,56358.0,111962.0,72653.0,37308.0
,,,,,,,,1057,49825.0,24439.0,38216.0,60493.0,88256.0,55031.0,104154.0,67915.0,34529.0
,,,,,,,,1058,43527.0,22689.0,34649.0,56745.0,83704.0,51916.0,99068.0,65328.0,32921.0
,,,,,,,,1059,40008.0,22639.0,32183.0,54445.0,81571.0,50266.0,96580.0,64197.0,32308.0
,,,,,,,,1060,37875.0,21976.0,30477.0,52718.0,80481.0,49053.0,96528.0,65095.0,32697.0
,,,,,,,,1061,37030.0,21804.0,29469.0,52334.0,82359.0,48975.0,102383.0,70962.0,35738.0
,,,,,,,,1062,36935.0,21835.0,29136.0,55091.0,91740.0,51946.0,122986.0,90326.0,45981.0
,,,,,,,,1063,37957.0,22644.0,30374.0,64912.0,111082.0,62045.0,149471.0,108748.0,55798.0
,,,,,,,,1064,42281.0,25206.0,35896.0,76096.0,128631.0,72227.0,166453.0,118553.0,60705.0
,,,,,,,,1065,52728.0,30952.0,43285.0,82982.0,137733.0,77810.0,173235.0,122469.0,62446.0
,,,,,,,,1066,61660.0,34685.0,48494.0,86538.0,142432.0,80078.0,181798.0,128441.0,65238.0
,,,,,,,,1067,65103.0,36012.0,50879.0,92087.0,148530.0,83992.0,191127.0,134458.0,68177.0
,,,,,,,,1068,66137.0,36476.0,53936.0,96288.0,154512.0,87118.0,198908.0,138740.0,70317.0
,,,,,,,,1069,68580.0,37481.0,56906.0,100492.0,159470.0,90013.0,203928.0,141184.0,71358.0
,,,,,,,,1070,71631.0,38641.0,60081.0,103645.0,162571.0,91842.0,208319.0,143690.0,72667.0
,,,,,,,,1071,73658.0,39462.0,62628.0,106905.0,167229.0,93973.0,218523.0,151461.0,76796.0
,,,,,,,,1072,74730.0,39966.0,65135.0,112738.0,175538.0,98441.0,231499.0,159630.0,80942.0
,,,,,,,,1073,76547.0,40697.0,69220.0,119016.0,183440.0,102947.0,245890.0,167775.0,85004.0
,,,,,,,,1074,81492.0,42243.0,73911.0,126228.0,183549.0,107897.0,232765.0,149790.0,75877.0
,,,,,,,,1075,86303.0,43325.0,79023.0,116265.0,163414.0,98556.0,201964.0,127837.0,64508.0
,,,,,,,,1076,88709.0,42693.0,73860.0,101686.0,144075.0,86557.0,180242.0,117370.0,59632.0
,,,,,,,,1077,77539.0,38122.0,64153.0,92880.0,133214.0,80668.0,164939.0,107132.0,54762.0
,,,,,,,,1078,65512.0,33593.0,57085.0,84691.0,122179.0,74553.0,149060.0,96479.0,49211.0
,,,,,,,,1079,60940.0,31558.0,51644.0,76633.0,110944.0,68025.0,132530.0,85801.0,43435.0
,,,,,,,,1080,56188.0,29581.0,46371.0,68740.0,99507.0,61519.0,116715.0,75453.0,37954.0
,,,,,,,,1081,50804.0,27264.0,41137.0,60728.0,89979.0,55149.0,106419.0,70555.0,35127.0
,,,,,,,,1082,45423.0,24822.0,35757.0,56611.0,85375.0,52078.0,101027.0,67825.0,33456.0
,,,,,,,,1083,40622.0,22860.0,32673.0,54337.0,83027.0,50367.0,98297.0,66481.0,32757.0
,,,,,,,,1084,38410.0,22257.0,30861.0,52601.0,81799.0,49142.0,98055.0,67289.0,33083.0
,,,,,,,,1085,37504.0,22117.0,29794.0,52182.0,83558.0,49021.0,103867.0,73094.0,36108.0
,,,,,,,,1086,37338.0,22183.0,29465.0,54916.0,92886.0,51995.0,124730.0,92820.0,46396.0
,,,,,,,,1087,38303.0,22976.0,30636.0,64666.0,112250.0,62158.0,151744.0,111443.0,56213.0
,,,,,,,,1088,42571.0,25517.0,36185.0,75811.0,129262.0,72386.0,169630.0,121625.0,61142.0
,,,,,,,,1089,53078.0,31398.0,43604.0,82534.0,138402.0,78077.0,176956.0,125601.0,62915.0
,,,,,,,,1090,62159.0,34848.0,48809.0,86089.0,143358.0,80485.0,186164.0,131945.0,65737.0
,,,,,,,,1091,66048.0,35791.0,51109.0,91617.0,149366.0,84541.0,195909.0,137636.0,68779.0
,,,,,,,,1092,67296.0,35965.0,54036.0,95647.0,154790.0,87643.0,203846.0,142211.0,70898.0
,,,,,,,,1093,69823.0,36893.0,57086.0,99623.0,159595.0,90467.0,209043.0,144664.0,72034.0
,,,,,,,,1094,72998.0,37784.0,60174.0,102719.0,162824.0,92261.0,213560.0,147421.0,73261.0
,,,,,,,,1095,75025.0,38371.0,62561.0,106023.0,167701.0,94336.0,223907.0,155269.0,77444.0
,,,,,,,,1096,75987.0,38587.0,65036.0,111449.0,176275.0,98855.0,237099.0,163381.0,81470.0
,,,,,,,,1097,77785.0,39184.0,69036.0,116899.0,184557.0,103608.0,251934.0,171388.0,85467.0
,,,,,,,,1098,82658.0,40702.0,73775.0,123339.0,184687.0,108641.0,238962.0,152935.0,76224.0
,,,,,,,,1099,87545.0,41896.0,78850.0,113459.0,164955.0,99364.0,207494.0,130300.0,64798.0
,,,,,,,,1100,89960.0,41669.0,74352.0,99251.0,145512.0,87316.0,184811.0,119683.0,59777.0
,,,,,,,,1101,78563.0,37262.0,64814.0,90947.0,134366.0,81194.0,168904.0,108962.0,54786.0
,,,,,,,,1102,66271.0,32881.0,57498.0,83295.0,122977.0,75013.0,152726.0,97944.0,49116.0
,,,,,,,,1103,61562.0,31061.0,51927.0,75370.0,111440.0,68503.0,136008.0,87052.0,43242.0
,,,,,,,,1104,56696.0,29275.0,46603.0,67590.0,100274.0,61927.0,120028.0,76142.0,37264.0
,,,,,,,,1105,51198.0,27096.0,41285.0,60167.0,90594.0,55481.0,109566.0,71127.0,34500.0
,,,,,,,,1106,45776.0,24488.0,35848.0,56157.0,85995.0,52393.0,104123.0,68253.0,32806.0
,,,,,,,,1107,40779.0,22513.0,32574.0,53942.0,83630.0,50628.0,101265.0,66796.0,32133.0
,,,,,,,,1108,38496.0,21909.0,30825.0,52320.0,82323.0,49365.0,100900.0,67538.0,32481.0
,,,,,,,,1109,37564.0,21771.0,29753.0,51987.0,84030.0,49244.0,106536.0,73282.0,35458.0
,,,,,,,,1110,37367.0,21827.0,29430.0,54824.0,93434.0,52140.0,127739.0,93102.0,45661.0
,,,,,,,,1111,38312.0,22620.0,30597.0,64615.0,112934.0,62213.0,154840.0,111680.0,55354.0
,,,,,,,,1112,42627.0,25138.0,36081.0,75861.0,130426.0,72474.0,172764.0,121848.0,59933.0
,,,,,,,,1113,52984.0,30728.0,43277.0,82543.0,139860.0,78346.0,180968.0,125720.0,61709.0
,,,,,,,,1114,61967.0,34116.0,47998.0,86223.0,144761.0,80735.0,191508.0,132273.0,64463.0
,,,,,,,,1115,65705.0,35064.0,50267.0,91795.0,150557.0,84830.0,201449.0,138393.0,67560.0
,,,,,,,,1116,66936.0,35152.0,53073.0,95854.0,156400.0,87934.0,210073.0,143037.0,69737.0
,,,,,,,,1117,69530.0,35897.0,56079.0,99932.0,161634.0,90920.0,215835.0,145626.0,70964.0
,,,,,,,,1118,72640.0,36726.0,59047.0,103297.0,165259.0,92855.0,221235.0,148196.0,72250.0
,,,,,,,,1119,74666.0,37191.0,61483.0,106785.0,170653.0,95183.0,232229.0,155746.0,76298.0
,,,,,,,,1120,75756.0,37302.0,63825.0,112505.0,179792.0,99835.0,245758.0,163363.0,80072.0
,,,,,,,,1121,77630.0,37755.0,68100.0,118385.0,187747.0,104692.0,261372.0,170934.0,83479.0
,,,,,,,,1122,82445.0,39184.0,72543.0,125138.0,187472.0,110005.0,245853.0,152599.0,74570.0
,,,,,,,,1123,87118.0,40430.0,77496.0,114989.0,166812.0,100785.0,212482.0,130007.0,63631.0
,,,,,,,,1124,89200.0,40493.0,72969.0,100661.0,147401.0,88546.0,189485.0,119548.0,58919.0
,,,,,,,,1125,77899.0,36297.0,63657.0,92053.0,135847.0,82185.0,173179.0,109032.0,54150.0
,,,,,,,,1126,65790.0,32078.0,56461.0,84220.0,124163.0,75824.0,156397.0,98159.0,48752.0
,,,,,,,,1127,61150.0,30410.0,51040.0,76248.0,112679.0,69170.0,139106.0,87418.0,43085.0
,,,,,,,,1128,56352.0,28784.0,45717.0,68421.0,101467.0,62490.0,122275.0,78385.0,38351.0
,,,,,,,,1129,50921.0,26704.0,40633.0,60837.0,91014.0,55874.0,111656.0,73358.0,35676.0
,,,,,,,,1130,45579.0,24449.0,35330.0,56821.0,86229.0,52701.0,105899.0,70367.0,33996.0
,,,,,,,,1131,40681.0,22521.0,31996.0,54527.0,83852.0,50872.0,102908.0,68878.0,33263.0
,,,,,,,,1132,38491.0,21950.0,30286.0,52793.0,82528.0,49634.0,102337.0,69468.0,33704.0
,,,,,,,,1133,37545.0,21854.0,29291.0,52381.0,84103.0,49428.0,107698.0,75228.0,36828.0
,,,,,,,,1134,37377.0,21953.0,28963.0,55088.0,93553.0,52239.0,129057.0,95718.0,47377.0
,,,,,,,,1135,38346.0,22747.0,30227.0,64751.0,112575.0,62228.0,155860.0,114852.0,57497.0
,,,,,,,,1136,42619.0,25234.0,35653.0,75976.0,129434.0,72444.0,174037.0,125970.0,62895.0
,,,,,,,,1137,52957.0,30908.0,42868.0,83000.0,137887.0,78175.0,182592.0,130475.0,65202.0
,,,,,,,,1138,61945.0,34267.0,47542.0,86516.0,142163.0,80498.0,193061.0,137369.0,68892.0
,,,,,,,,1139,65479.0,35142.0,49689.0,92114.0,147298.0,84554.0,202600.0,142799.0,72481.0
,,,,,,,,1140,66255.0,35165.0,52407.0,96340.0,152316.0,87648.0,211034.0,147563.0,75348.0
,,,,,,,,1141,68587.0,35909.0,55295.0,100806.0,156318.0,90723.0,216792.0,149691.0,76881.0
,,,,,,,,1142,71671.0,36702.0,58045.0,104215.0,159297.0,92746.0,222088.0,152712.0,78728.0
,,,,,,,,1143,73666.0,37151.0,60232.0,107699.0,164010.0,95186.0,233279.0,161074.0,83612.0
,,,,,,,,1144,74692.0,37258.0,62484.0,113632.0,172348.0,99977.0,247410.0,169855.0,88249.0
,,,,,,,,1145,76546.0,37768.0,66060.0,119881.0,180122.0,105091.0,263371.0,177824.0,92163.0
,,,,,,,,1146,81335.0,39312.0,70191.0,126984.0,180147.0,110682.0,247163.0,159373.0,81750.0
,,,,,,,,1147,85978.0,40699.0,74326.0,116791.0,161621.0,101076.0,214076.0,136950.0,69848.0
,,,,,,,,1148,88031.0,40828.0,70027.0,102338.0,142622.0,88850.0,190823.0,125861.0,64154.0
,,,,,,,,1149,76934.0,36588.0,60920.0,93672.0,131834.0,82514.0,174111.0,113830.0,58634.0
,,,,,,,,1150,64841.0,32323.0,54203.0,85356.0,120904.0,75973.0,157048.0,102182.0,52865.0
,,,,,,,,1151,60420.0,30613.0,49338.0,77237.0,109696.0,69198.0,139932.0,91142.0,46960.0
,,,,,,,,1152,55953.0,28937.0,44450.0,69265.0,98249.0,62549.0,122893.0,80978.0,42470.0
,,,,,,,,1153,50675.0,26834.0,39543.0,61374.0,88677.0,55981.0,112372.0,75877.0,39639.0
,,,,,,,,1154,45418.0,24521.0,34623.0,57217.0,84218.0,52926.0,106556.0,72629.0,37760.0
,,,,,,,,1155,40588.0,22515.0,31565.0,54836.0,81946.0,51105.0,103452.0,70918.0,36830.0
,,,,,,,,1156,38397.0,21903.0,29921.0,53082.0,80685.0,49820.0,102761.0,71190.0,37024.0
,,,,,,,,1157,37472.0,21766.0,28984.0,52600.0,82329.0,49645.0,108062.0,76699.0,40283.0
,,,,,,,,1158,37314.0,21816.0,28677.0,55115.0,91408.0,52356.0,129271.0,97237.0,51661.0
,,,,,,,,1159,38271.0,22607.0,29970.0,64699.0,110149.0,62199.0,156104.0,116258.0,62488.0
,,,,,,,,1160,42535.0,25107.0,35426.0,76023.0,126446.0,72407.0,174236.0,127958.0,69030.0
,,,,,,,,1161,52899.0,30712.0,42702.0,82916.0,134245.0,78151.0,182698.0,132180.0,71657.0
,,,,,,,,1162,61933.0,34159.0,47374.0,86438.0,138012.0,80545.0,193193.0,139108.0,73524.0
,,,,,,,,1163,65386.0,35120.0,49580.0,91905.0,143100.0,84614.0,202656.0,144313.0,76707.0
,,,,,,,,1164,66194.0,35190.0,52212.0,96064.0,147971.0,87774.0,211355.0,149079.0,79378.0
,,,,,,,,1165,68505.0,35948.0,54906.0,100470.0,151841.0,90856.0,217357.0,151823.0,80567.0
,,,,,,,,1166,71559.0,36829.0,57516.0,103934.0,154399.0,92720.0,222676.0,155327.0,82426.0
,,,,,,,,1167,73463.0,37379.0,59648.0,107648.0,158430.0,94926.0,233581.0,164211.0,86884.0
,,,,,,,,1168,74438.0,37513.0,61781.0,113995.0,165754.0,99621.0,247865.0,173248.0,92170.0
,,,,,,,,1169,76227.0,38023.0,65259.0,120549.0,172601.0,104522.0,263853.0,181169.0,97273.0
,,,,,,,,1170,80969.0,39526.0,69468.0,128223.0,172633.0,109947.0,247223.0,161537.0,85908.0
,,,,,,,,1171,85608.0,40865.0,73777.0,118081.0,154464.0,100434.0,213912.0,139184.0,73885.0
,,,,,,,,1172,87738.0,40880.0,69704.0,103385.0,135776.0,88332.0,190496.0,128147.0,68081.0
,,,,,,,,1173,76649.0,36593.0,60723.0,94235.0,126345.0,82134.0,173443.0,115292.0,61349.0
,,,,,,,,1174,64456.0,32275.0,54009.0,85771.0,116726.0,75584.0,156475.0,103157.0,54910.0
,,,,,,,,1175,60055.0,30548.0,49212.0,77461.0,106189.0,68867.0,139367.0,91940.0,49002.0
,,,,,,,,1176,55687.0,28894.0,44441.0,69459.0,94396.0,62308.0,118651.0,75994.0,41550.0
,,,,,,,,1177,49655.0,26318.0,38226.0,55330.0,68595.0,45708.0,97115.0,54791.0,28574.0
,,,,,,,,1178,44617.0,23471.0,32676.0,49423.0,62977.0,41585.0,89623.0,52045.0,27222.0
,,,,,,,,1179,37965.0,19408.0,28171.0,45924.0,60047.0,39186.0,85370.0,50430.0,26394.0
,,,,,,,,1180,34152.0,18048.0,26025.0,43664.0,58383.0,37781.0,82484.0,49557.0,25863.0
,,,,,,,,1181,32843.0,17442.0,24797.0,42073.0,58179.0,36875.0,83707.0,51954.0,27128.0
,,,,,,,,1182,32095.0,17150.0,23958.0,42589.0,61210.0,37801.0,92921.0,59201.0,31259.0
,,,,,,,,1183,31798.0,17206.0,24227.0,46381.0,67473.0,41391.0,104187.0,66032.0,35090.0
,,,,,,,,1184,33645.0,18170.0,26396.0,51023.0,73612.0,45314.0,117721.0,73834.0,39353.0
,,,,,,,,1185,37762.0,20599.0,29636.0,56561.0,81129.0,49788.0,135513.0,85033.0,45505.0
,,,,,,,,1186,41269.0,21769.0,32823.0,64071.0,90234.0,55695.0,153067.0,92394.0,49354.0
,,,,,,,,1187,45883.0,23551.0,37554.0,71772.0,96344.0,60685.0,164034.0,96972.0,51697.0
,,,,,,,,1188,52325.0,26042.0,42148.0,75763.0,101110.0,63704.0,175925.0,103785.0,55382.0
,,,,,,,,1189,56531.0,27613.0,44989.0,81214.0,105942.0,67876.0,182028.0,103982.0,55575.0
,,,,,,,,1190,59576.0,28704.0,48363.0,84229.0,106526.0,68611.0,184942.0,104548.0,55964.0
,,,,,,,,1191,63367.0,30020.0,50494.0,86966.0,107483.0,69482.0,188147.0,105528.0,56460.0
,,,,,,,,1192,63269.0,30053.0,51941.0,89435.0,109515.0,70613.0,194778.0,109656.0,58895.0
,,,,,,,,1193,63389.0,30139.0,53521.0,93236.0,112143.0,73151.0,198509.0,108086.0,58075.0
,,,,,,,,1194,64122.0,30411.0,56060.0,95505.0,111132.0,73456.0,195427.0,108351.0,58893.0
,,,,,,,,1195,66111.0,30825.0,57873.0,92699.0,110993.0,73179.0,188471.0,105209.0,57394.0
,,,,,,,,1196,65120.0,30196.0,56378.0,88058.0,106778.0,70528.0,174291.0,97452.0,53427.0
,,,,,,,,1197,65164.0,29959.0,54002.0,81073.0,100128.0,65598.0,159826.0,90782.0,49904.0
,,,,,,,,1198,63282.0,29002.0,50056.0,74334.0,93502.0,61441.0,144008.0,81580.0,44632.0
,,,,,,,,1199,59135.0,27330.0,45952.0,67293.0,85416.0,56317.0,127495.0,72156.0,39102.0
,,,,,,,,1200,55076.0,25730.0,41491.0,60684.0,76991.0,51260.0,110086.0,61833.0,33093.0
,,,,,,,,1201,49701.0,23759.0,36858.0,53762.0,67975.0,45446.0,96078.0,54863.0,28999.0
,,,,,,,,1202,43989.0,21669.0,32026.0,48377.0,62421.0,41218.0,88740.0,52164.0,27676.0
,,,,,,,,1203,37920.0,19487.0,28296.0,44850.0,59561.0,38877.0,84525.0,50480.0,26808.0
,,,,,,,,1204,34209.0,18119.0,26094.0,42838.0,57844.0,37756.0,81595.0,49464.0,26258.0
,,,,,,,,1205,32872.0,17497.0,24863.0,41127.0,57483.0,36467.0,82446.0,51497.0,27347.0
,,,,,,,,1206,32088.0,17200.0,23975.0,41592.0,60247.0,37241.0,90778.0,58420.0,31249.0
,,,,,,,,1207,31784.0,17253.0,24049.0,45234.0,66096.0,40631.0,101874.0,64857.0,34593.0
,,,,,,,,1208,33416.0,18174.0,26009.0,49946.0,71833.0,44364.0,115040.0,72169.0,38434.0
,,,,,,,,1209,37241.0,20396.0,29107.0,55738.0,78767.0,48655.0,132511.0,82464.0,43995.0
,,,,,,,,1210,40594.0,21486.0,32754.0,63502.0,86926.0,54472.0,149480.0,89196.0,47435.0
,,,,,,,,1211,45119.0,23272.0,37720.0,71420.0,92555.0,59406.0,160190.0,93296.0,49489.0
,,,,,,,,1212,51263.0,25673.0,42445.0,75782.0,97054.0,62426.0,172405.0,100079.0,52912.0
,,,,,,,,1213,55260.0,27178.0,45466.0,81683.0,101755.0,66659.0,178347.0,100145.0,52753.0
,,,,,,,,1214,58008.0,28120.0,49159.0,84954.0,102106.0,67637.0,181333.0,100783.0,52815.0
,,,,,,,,1215,61785.0,29392.0,51493.0,87979.0,102770.0,68646.0,184644.0,101841.0,53123.0
,,,,,,,,1216,61614.0,29269.0,53356.0,90905.0,104763.0,69992.0,191225.0,106403.0,55674.0
,,,,,,,,1217,61831.0,29269.0,55226.0,95321.0,107804.0,72939.0,194909.0,105314.0,55145.0
,,,,,,,,1218,62757.0,29588.0,58223.0,98738.0,107579.0,73529.0,193638.0,107195.0,56747.0
,,,,,,,,1219,65058.0,30250.0,60637.0,96356.0,108712.0,73704.0,186759.0,104015.0,55546.0
,,,,,,,,1220,64332.0,29908.0,59910.0,91437.0,105373.0,70916.0,172908.0,96544.0,51848.0
,,,,,,,,1221,65654.0,30022.0,57264.0,83971.0,99413.0,65998.0,158728.0,90159.0,48567.0
,,,,,,,,1222,63476.0,29117.0,52772.0,76509.0,93198.0,61704.0,142728.0,81113.0,43529.0
,,,,,,,,1223,59360.0,27459.0,47859.0,69033.0,85138.0,56418.0,125982.0,71787.0,38065.0
,,,,,,,,1224,55461.0,25868.0,42870.0,61974.0,78818.0,51360.0,111758.0,65517.0,32907.0
,,,,,,,,1225,50020.0,23840.0,37854.0,59581.0,76763.0,50230.0,102841.0,61373.0,30545.0
,,,,,,,,1226,44178.0,22297.0,33748.0,55683.0,73297.0,47324.0,97951.0,59550.0,29483.0
,,,,,,,,1227,39827.0,22042.0,31312.0,53388.0,72152.0,46066.0,95734.0,59058.0,29319.0
,,,,,,,,1228,37666.0,21371.0,29690.0,51778.0,71862.0,45266.0,95927.0,60435.0,30135.0
,,,,,,,,1229,36857.0,21248.0,28815.0,51384.0,74202.0,45461.0,102099.0,66729.0,33419.0
,,,,,,,,1230,36795.0,21327.0,28562.0,54344.0,83059.0,48782.0,122496.0,84330.0,43139.0
,,,,,,,,1231,37819.0,22160.0,29970.0,63868.0,99611.0,58141.0,147205.0,99906.0,51279.0
,,,,,,,,1232,42376.0,24776.0,35382.0,74664.0,112587.0,67426.0,162062.0,105842.0,53948.0
,,,,,,,,1233,52876.0,30298.0,42261.0,81212.0,117085.0,71636.0,167865.0,107315.0,54297.0
,,,,,,,,1234,61497.0,33744.0,46682.0,84887.0,119146.0,73124.0,177122.0,112896.0,56982.0
,,,,,,,,1235,65160.0,34632.0,48711.0,91345.0,123699.0,76927.0,185814.0,117634.0,59243.0
,,,,,,,,1236,66558.0,34907.0,51638.0,95651.0,127902.0,79935.0,193380.0,121258.0,60833.0
,,,,,,,,1237,69930.0,36368.0,54577.0,100337.0,130897.0,82507.0,198497.0,122699.0,61325.0
,,,,,,,,1238,72987.0,37363.0,57461.0,104106.0,132508.0,84063.0,202934.0,124704.0,62272.0
,,,,,,,,1239,75196.0,38075.0,59757.0,108319.0,135599.0,85630.0,213133.0,131907.0,66219.0
,,,,,,,,1240,76141.0,38297.0,62507.0,114437.0,142157.0,89841.0,225435.0,138666.0,70136.0
,,,,,,,,1241,78020.0,38839.0,66155.0,120843.0,148356.0,93755.0,238933.0,145485.0,74025.0
,,,,,,,,1242,82919.0,40287.0,70619.0,128506.0,149237.0,98266.0,223660.0,130003.0,65822.0
,,,,,,,,1243,87728.0,41436.0,75387.0,117704.0,133808.0,89632.0,192580.0,110082.0,54950.0
,,,,,,,,1244,90207.0,41354.0,71160.0,103015.0,117912.0,78374.0,172731.0,103262.0,51736.0
,,,,,,,,1245,78051.0,36691.0,61907.0,94270.0,111680.0,73522.0,158346.0,95017.0,47806.0
,,,,,,,,1246,65557.0,32184.0,55209.0,85617.0,103927.0,68520.0,142144.0,84593.0,42323.0
,,,,,,,,1247,61565.0,30643.0,49923.0,76834.0,94268.0,62357.0,126247.0,75570.0,37582.0
,,,,,,,,1248,56374.0,28810.0,44514.0,68828.0,85296.0,56691.0,111124.0,66343.0,32710.0
,,,,,,,,1249,50247.0,26397.0,39415.0,60926.0,77508.0,51121.0,101598.0,62051.0,30341.0
,,,,,,,,1250,45000.0,24024.0,34562.0,56694.0,73960.0,48304.0,96782.0,60088.0,29255.0
,,,,,,,,1251,39979.0,22005.0,31251.0,54386.0,72676.0,47007.0,94565.0,59461.0,29034.0
,,,,,,,,1252,37858.0,21338.0,29625.0,52712.0,72316.0,46097.0,94878.0,60750.0,29790.0
,,,,,,,,1253,37030.0,21215.0,28766.0,52302.0,74688.0,46333.0,101082.0,66922.0,32988.0
,,,,,,,,1254,36929.0,21282.0,28543.0,55171.0,83434.0,49583.0,121205.0,84515.0,42694.0
,,,,,,,,1255,37883.0,22084.0,29943.0,64569.0,99898.0,58955.0,145955.0,100299.0,50630.0
,,,,,,,,1256,42460.0,24703.0,35318.0,75385.0,112884.0,68254.0,161122.0,106555.0,53090.0
,,,,,,,,1257,53012.0,30121.0,42208.0,81800.0,117475.0,72498.0,166594.0,108135.0,53284.0
,,,,,,,,1258,61600.0,33654.0,46420.0,85225.0,119447.0,73996.0,175702.0,113958.0,55795.0
,,,,,,,,1259,65196.0,34404.0,48271.0,91595.0,124144.0,77874.0,184837.0,118755.0,57983.0
,,,,,,,,1260,66514.0,34674.0,51146.0,95878.0,128378.0,80840.0,192757.0,122580.0,59461.0
,,,,,,,,1261,69816.0,36293.0,54052.0,100820.0,131319.0,83578.0,197656.0,124137.0,59816.0
,,,,,,,,1262,72882.0,37215.0,56833.0,104736.0,132872.0,85241.0,202055.0,126291.0,60651.0
,,,,,,,,1263,75140.0,37900.0,59034.0,108959.0,135795.0,87237.0,212308.0,133655.0,64526.0
,,,,,,,,1264,76138.0,38174.0,61498.0,115408.0,142394.0,91749.0,224657.0,140499.0,68469.0
,,,,,,,,1265,78048.0,38699.0,65124.0,122236.0,148547.0,96212.0,238450.0,147387.0,72499.0
,,,,,,,,1266,82973.0,40141.0,69554.0,130233.0,149522.0,101239.0,224363.0,131647.0,64691.0
,,,,,,,,1267,87803.0,41266.0,74282.0,119305.0,134354.0,92233.0,193634.0,111629.0,54194.0
,,,,,,,,1268,90315.0,41179.0,70178.0,104503.0,118588.0,80638.0,173637.0,104553.0,51036.0
,,,,,,,,1269,78203.0,36538.0,61044.0,95530.0,112220.0,75506.0,159315.0,96039.0,47282.0
,,,,,,,,1270,65665.0,32061.0,54473.0,86631.0,104373.0,70128.0,143072.0,85467.0,41977.0
,,,,,,,,1271,61615.0,30552.0,49459.0,77529.0,94589.0,63673.0,127197.0,76315.0,37325.0
,,,,,,,,1272,56473.0,28710.0,44144.0,69380.0,85823.0,57697.0,111992.0,66734.0,33002.0
,,,,,,,,1273,50347.0,26306.0,39121.0,61460.0,78014.0,51947.0,102306.0,62446.0,30539.0
,,,,,,,,1274,45077.0,24077.0,34351.0,57164.0,74519.0,49009.0,97533.0,60415.0,29367.0
,,,,,,,,1275,40205.0,22038.0,31249.0,54791.0,73178.0,47652.0,95236.0,59729.0,29091.0
,,,,,,,,1276,37978.0,21353.0,29655.0,53088.0,72761.0,46710.0,95506.0,60964.0,29795.0
,,,,,,,,1277,37102.0,21220.0,28768.0,52686.0,75078.0,46851.0,101772.0,67181.0,33001.0
,,,,,,,,1278,37006.0,21274.0,28562.0,55682.0,83879.0,50186.0,121861.0,84823.0,42753.0
,,,,,,,,1279,38001.0,22069.0,29975.0,65026.0,100497.0,59636.0,146908.0,100828.0,51205.0
,,,,,,,,1280,42550.0,24677.0,35434.0,75703.0,113718.0,69068.0,162247.0,107287.0,54238.0
,,,,,,,,1281,53223.0,30139.0,42329.0,81970.0,118729.0,73728.0,168454.0,109329.0,54995.0
,,,,,,,,1282,61940.0,33789.0,46654.0,85483.0,121208.0,75570.0,178354.0,115354.0,58188.0
,,,,,,,,1283,65739.0,34725.0,48603.0,91951.0,126250.0,79840.0,187882.0,120278.0,60839.0
,,,,,,,,1284,67039.0,35195.0,51658.0,96301.0,130592.0,82906.0,196160.0,124199.0,62792.0
,,,,,,,,1285,70378.0,36661.0,54638.0,101304.0,133686.0,85959.0,201770.0,125785.0,63663.0
,,,,,,,,1286,73385.0,37871.0,57844.0,105568.0,135529.0,87911.0,207078.0,127991.0,64877.0
,,,,,,,,1287,75675.0,38639.0,60222.0,110010.0,138998.0,90061.0,218016.0,135441.0,69217.0
,,,,,,,,1288,76720.0,39127.0,62724.0,116884.0,145838.0,94647.0,231246.0,142318.0,73259.0
,,,,,,,,1289,78575.0,39902.0,66694.0,123939.0,152177.0,99213.0,245904.0,149213.0,77254.0
,,,,,,,,1290,83473.0,41401.0,71336.0,132540.0,153243.0,104456.0,230983.0,133407.0,69008.0
,,,,,,,,1291,88289.0,42232.0,76205.0,121357.0,137424.0,94881.0,199030.0,113305.0,57958.0
,,,,,,,,1292,90783.0,41832.0,71864.0,106197.0,121437.0,82884.0,178114.0,106156.0,54381.0
,,,,,,,,1293,78536.0,37087.0,62483.0,97305.0,114666.0,77444.0,163177.0,97496.0,50078.0
,,,,,,,,1294,66036.0,32507.0,55679.0,87907.0,106331.0,71704.0,146460.0,86837.0,44224.0
,,,,,,,,1295,61978.0,30818.0,50520.0,78450.0,96408.0,65007.0,130178.0,77614.0,39142.0
,,,,,,,,1296,56687.0,28850.0,44989.0,70207.0,87324.0,58946.0,114174.0,68255.0,34041.0
,,,,,,,,1297,50479.0,26388.0,39791.0,61551.0,79311.0,52962.0,104196.0,63851.0,31482.0
,,,,,,,,1298,45168.0,24093.0,35225.0,57077.0,75749.0,49958.0,99219.0,61708.0,30172.0
,,,,,,,,1299,40299.0,22074.0,32196.0,54647.0,74297.0,48450.0,96908.0,61000.0,29822.0
,,,,,,,,1300,38037.0,21398.0,30493.0,52872.0,73662.0,47382.0,97080.0,62203.0,30468.0
,,,,,,,,1301,37193.0,21272.0,29559.0,52464.0,75856.0,47445.0,103338.0,68446.0,33700.0
,,,,,,,,1302,37085.0,21335.0,29322.0,55405.0,84710.0,50729.0,123534.0,86205.0,43478.0
,,,,,,,,1303,38084.0,22142.0,30731.0,64714.0,101584.0,60210.0,148594.0,102457.0,52061.0
,,,,,,,,1304,42623.0,24747.0,36194.0,75650.0,115380.0,69764.0,164118.0,109447.0,55224.0
,,,,,,,,1305,53257.0,30247.0,43094.0,82012.0,121066.0,74664.0,170390.0,111698.0,56134.0
,,,,,,,,1306,61953.0,33691.0,47479.0,85663.0,123919.0,76705.0,180441.0,117967.0,59322.0
,,,,,,,,1307,65786.0,34559.0,49661.0,92167.0,129005.0,81215.0,190012.0,123029.0,61796.0
,,,,,,,,1308,67098.0,34935.0,52954.0,96568.0,133484.0,84498.0,197883.0,127307.0,63730.0
,,,,,,,,1309,70462.0,36385.0,56076.0,101625.0,136695.0,87695.0,202793.0,129196.0,64561.0
,,,,,,,,1310,73461.0,37377.0,59162.0,105881.0,138513.0,89653.0,207193.0,131589.0,65860.0
,,,,,,,,1311,75680.0,38083.0,61716.0,110175.0,141740.0,91870.0,217558.0,138816.0,70070.0
,,,,,,,,1312,76693.0,38343.0,64179.0,117078.0,148487.0,96630.0,230026.0,145608.0,74098.0
,,,,,,,,1313,78529.0,38953.0,68252.0,123912.0,154859.0,101242.0,244570.0,152517.0,78162.0
,,,,,,,,1314,83373.0,40389.0,72582.0,132359.0,155533.0,106732.0,230748.0,135968.0,69875.0
,,,,,,,,1315,88082.0,41493.0,77428.0,121613.0,139564.0,96967.0,199217.0,115331.0,58859.0
,,,,,,,,1316,90468.0,41351.0,72721.0,106642.0,123168.0,84769.0,178447.0,107991.0,55380.0
,,,,,,,,1317,78191.0,36678.0,62887.0,97346.0,116009.0,79115.0,163632.0,98931.0,50885.0
,,,,,,,,1318,65691.0,32213.0,55957.0,87938.0,107598.0,72993.0,147018.0,88118.0,45013.0
,,,,,,,,1319,61701.0,30668.0,50503.0,78512.0,97378.0,65853.0,130637.0,78620.0,39878.0
,,,,,,,,1320,56460.0,28800.0,44895.0,70312.0,87853.0,59573.0,114753.0,68500.0,34865.0
,,,,,,,,1321,50287.0,26370.0,39751.0,61942.0,79557.0,53132.0,104402.0,63949.0,32173.0
,,,,,,,,1322,45033.0,24073.0,34220.0,57392.0,75843.0,50029.0,99380.0,61752.0,30808.0
,,,,,,,,1323,40004.0,22006.0,31093.0,54970.0,74412.0,48522.0,96901.0,60963.0,30403.0
,,,,,,,,1324,37731.0,21312.0,29528.0,53135.0,73789.0,47420.0,97029.0,62103.0,30963.0
,,,,,,,,1325,36893.0,21168.0,28715.0,52648.0,75990.0,47418.0,103221.0,68295.0,34192.0
,,,,,,,,1326,36863.0,21212.0,28542.0,55423.0,84806.0,50585.0,123512.0,86089.0,44022.0
,,,,,,,,1327,37858.0,22017.0,30026.0,64714.0,101633.0,60017.0,148671.0,102272.0,52809.0
,,,,,,,,1328,42294.0,24633.0,35512.0,75525.0,115234.0,69510.0,164633.0,109130.0,56339.0
,,,,,,,,1329,52686.0,30043.0,42313.0,82184.0,120644.0,74307.0,171272.0,111372.0,57501.0
,,,,,,,,1330,61150.0,33779.0,46384.0,85863.0,123233.0,76340.0,181625.0,117562.0,60885.0
,,,,,,,,1331,64160.0,34538.0,48201.0,92272.0,128106.0,80810.0,191408.0,122559.0,63377.0
,,,,,,,,1332,65009.0,34983.0,51033.0,96738.0,132359.0,83935.0,199847.0,126795.0,65489.0
,,,,,,,,1333,68154.0,36739.0,53819.0,101826.0,135509.0,87099.0,205016.0,128528.0,66269.0
,,,,,,,,1334,70949.0,37868.0,56524.0,106096.0,137246.0,89152.0,209628.0,130812.0,67415.0
,,,,,,,,1335,72893.0,38514.0,58666.0,110592.0,140423.0,91319.0,219819.0,137749.0,71276.0
,,,,,,,,1336,73808.0,38936.0,60714.0,117335.0,146852.0,95913.0,232299.0,144270.0,75142.0
,,,,,,,,1337,75634.0,39580.0,64029.0,124097.0,153022.0,100398.0,246805.0,150946.0,79078.0
,,,,,,,,1338,80483.0,41021.0,67875.0,132846.0,153905.0,105474.0,232422.0,134492.0,70393.0
,,,,,,,,1339,85113.0,42081.0,71900.0,121809.0,137945.0,95641.0,200332.0,113870.0,59292.0
,,,,,,,,1340,87481.0,41757.0,67700.0,107046.0,121469.0,83577.0,179372.0,106770.0,55464.0
,,,,,,,,1341,75851.0,36953.0,58565.0,98293.0,114728.0,78005.0,164593.0,97996.0,50968.0
,,,,,,,,1342,63697.0,32372.0,52635.0,88659.0,106490.0,72209.0,148104.0,87366.0,45171.0
,,,,,,,,1343,60048.0,30724.0,48498.0,79250.0,96589.0,65404.0,131839.0,78011.0,39987.0
,,,,,,,,1344,55339.0,28791.0,43515.0,70991.0,85430.0,59356.0,111915.0,63666.0,33885.0
,,,,,,,,1345,44543.0,26199.0,31256.0,40692.0,70162.0,39388.0,84502.0,69905.0,38566.0
,,,,,,,,1346,38938.0,23692.0,27853.0,39519.0,66970.0,37891.0,81724.0,69735.0,38401.0
,,,,,,,,1347,33064.0,20641.0,25435.0,39530.0,65487.0,37300.0,80905.0,70135.0,38329.0
,,,,,,,,1348,29874.0,20176.0,24712.0,40023.0,64865.0,37237.0,81255.0,71176.0,38608.0
,,,,,,,,1349,28809.0,20183.0,24484.0,41054.0,65761.0,37679.0,85067.0,75495.0,41239.0
,,,,,,,,1350,28204.0,20370.0,24574.0,43465.0,70014.0,39677.0,94500.0,83684.0,45615.0
,,,,,,,,1351,28284.0,20946.0,25536.0,49243.0,75090.0,43959.0,101990.0,85920.0,47263.0
,,,,,,,,1352,30302.0,22370.0,28085.0,49087.0,79841.0,44663.0,113376.0,94574.0,52160.0
,,,,,,,,1353,34942.0,24707.0,28822.0,51979.0,86982.0,48283.0,123732.0,98426.0,54608.0
,,,,,,,,1354,38391.0,24466.0,31368.0,53631.0,91456.0,50203.0,131849.0,102569.0,57408.0
,,,,,,,,1355,44209.0,26442.0,33696.0,56024.0,94212.0,52373.0,135294.0,100141.0,56224.0
,,,,,,,,1356,48486.0,27592.0,35750.0,55338.0,94653.0,51916.0,138530.0,101185.0,57564.0
,,,,,,,,1357,51832.0,28782.0,36134.0,55941.0,95277.0,52754.0,138157.0,97815.0,56035.0
,,,,,,,,1358,54170.0,28067.0,37314.0,54574.0,93354.0,51448.0,137346.0,96849.0,55835.0
,,,,,,,,1359,56242.0,28046.0,37383.0,53944.0,93497.0,51157.0,139594.0,98751.0,57242.0
,,,,,,,,1360,55728.0,27371.0,37537.0,54758.0,95395.0,52065.0,143533.0,100791.0,58432.0
,,,,,,,,1361,56246.0,27396.0,38481.0,55991.0,97508.0,53393.0,145616.0,102870.0,59756.0
,,,,,,,,1362,57694.0,28043.0,39627.0,56309.0,99239.0,53827.0,149609.0,104999.0,60448.0
,,,,,,,,1363,59204.0,28663.0,40283.0,57918.0,101537.0,55864.0,147081.0,101779.0,58598.0
,,,,,,,,1364,59125.0,29064.0,41352.0,56232.0,97699.0,54084.0,137906.0,96174.0,54989.0
,,,,,,,,1365,61808.0,29238.0,40902.0,53221.0,91765.0,50993.0,126169.0,89476.0,50918.0
,,,,,,,,1366,59196.0,27931.0,38485.0,49496.0,85300.0,47229.0,115006.0,83633.0,46960.0
,,,,,,,,1367,54594.0,26127.0,35206.0,46238.0,79805.0,44069.0,105339.0,78726.0,43665.0
,,,,,,,,1368,49135.0,24094.0,32022.0,43771.0,75150.0,41690.0,95683.0,72404.0,39555.0
,,,,,,,,1369,44070.0,22489.0,29242.0,38984.0,69835.0,38517.0,89575.0,70097.0,37978.0
,,,,,,,,1370,38792.0,21122.0,25967.0,37464.0,66739.0,37083.0,87829.0,69689.0,37832.0
,,,,,,,,1371,33045.0,19699.0,23875.0,37462.0,65126.0,36521.0,87774.0,69469.0,37668.0
,,,,,,,,1372,29781.0,19174.0,23173.0,37967.0,64391.0,36543.0,88524.0,70084.0,37824.0
,,,,,,,,1373,28629.0,19222.0,22944.0,38856.0,64922.0,36940.0,92165.0,72812.0,39254.0
,,,,,,,,1374,27849.0,19464.0,22951.0,40823.0,68177.0,38475.0,101690.0,79331.0,42361.0
,,,,,,,,1375,27730.0,20076.0,23695.0,45557.0,72683.0,42264.0,107049.0,82130.0,44100.0
,,,,,,,,1376,29402.0,21180.0,25721.0,45449.0,77950.0,42748.0,116602.0,90842.0,49445.0
,,,,,,,,1377,32913.0,23197.0,26748.0,48743.0,85696.0,46753.0,125962.0,94706.0,51925.0
,,,,,,,,1378,37066.0,23328.0,29986.0,50670.0,90576.0,48951.0,132809.0,99000.0,54528.0
,,,,,,,,1379,43467.0,25745.0,32814.0,52738.0,93416.0,51215.0,134476.0,96974.0,53430.0
,,,,,,,,1380,47964.0,27174.0,34991.0,53092.0,94165.0,51157.0,136857.0,98190.0,54293.0
,,,,,,,,1381,51468.0,28473.0,35853.0,54195.0,94909.0,52116.0,135644.0,95180.0,52665.0
,,,,,,,,1382,54021.0,27929.0,37104.0,53498.0,93104.0,51071.0,134434.0,94375.0,52234.0
,,,,,,,,1383,56388.0,28003.0,37336.0,53428.0,93268.0,50943.0,136524.0,96700.0,53594.0
,,,,,,,,1384,56038.0,27400.0,37522.0,54431.0,95362.0,51964.0,140280.0,98890.0,54891.0
,,,,,,,,1385,56606.0,27450.0,38462.0,55633.0,97626.0,53383.0,142788.0,101131.0,56502.0
,,,,,,,,1386,58192.0,28103.0,39553.0,55797.0,99313.0,53835.0,147107.0,103952.0,58414.0
,,,,,,,,1387,59947.0,28732.0,40128.0,58102.0,101670.0,55972.0,145136.0,99937.0,56302.0
,,,,,,,,1388,59961.0,29175.0,41463.0,56430.0,97565.0,54175.0,136209.0,93847.0,52840.0
,,,,,,,,1389,62666.0,29382.0,41018.0,53060.0,91394.0,50989.0,124978.0,86815.0,49021.0
,,,,,,,,1390,59691.0,27958.0,38564.0,48741.0,84881.0,47106.0,114766.0,82104.0,45908.0
,,,,,,,,1391,54870.0,26093.0,35189.0,44822.0,79689.0,43950.0,105995.0,77221.0,42709.0
,,,,,,,,1392,49417.0,24031.0,31917.0,41608.0,76154.0,41362.0,101353.0,75119.0,40001.0
,,,,,,,,1393,44269.0,22528.0,28904.0,42045.0,77709.0,42133.0,99434.0,74630.0,39409.0
,,,,,,,,1394,38945.0,21945.0,26230.0,41150.0,76526.0,41551.0,100527.0,76395.0,40054.0
,,,,,,,,1395,34605.0,22418.0,25060.0,42013.0,77414.0,42497.0,102196.0,77294.0,40366.0
,,,,,,,,1396,32671.0,22501.0,25060.0,42794.0,78272.0,43081.0,106390.0,81435.0,42391.0
,,,,,,,,1397,32489.0,23294.0,25305.0,45376.0,82294.0,44966.0,115279.0,89427.0,46691.0
,,,,,,,,1398,32352.0,23987.0,26234.0,50147.0,93504.0,49362.0,142104.0,115481.0,61510.0
,,,,,,,,1399,33744.0,25589.0,28465.0,62175.0,112633.0,61067.0,161638.0,126520.0,68222.0
,,,,,,,,1400,38365.0,28870.0,35235.0,68276.0,122417.0,66933.0,164135.0,122417.0,65336.0
,,,,,,,,1401,50749.0,35702.0,40835.0,68877.0,120574.0,66700.0,157231.0,114263.0,60659.0
,,,,,,,,1402,59830.0,37777.0,42457.0,67064.0,116820.0,64144.0,156325.0,114413.0,61193.0
,,,,,,,,1403,60174.0,37229.0,41289.0,67323.0,116887.0,64714.0,156971.0,112128.0,59888.0
,,,,,,,,1404,58872.0,36056.0,41278.0,68554.0,116799.0,64969.0,158084.0,111150.0,59445.0
,,,,,,,,1405,60826.0,36683.0,42052.0,69465.0,116173.0,65252.0,157445.0,108800.0,58016.0
,,,,,,,,1406,63460.0,35988.0,42995.0,69543.0,115234.0,64769.0,158897.0,108958.0,58198.0
,,,,,,,,1407,64623.0,35883.0,43378.0,70287.0,117022.0,65215.0,166473.0,114817.0,61841.0
,,,,,,,,1408,64893.0,35510.0,44023.0,72948.0,122675.0,67910.0,178939.0,122841.0,66878.0
,,,,,,,,1409,66662.0,36029.0,46147.0,76682.0,129981.0,71601.0,192704.0,132231.0,72961.0
,,,,,,,,1410,71332.0,37780.0,49395.0,80268.0,133155.0,75502.0,184447.0,120667.0,66564.0
,,,,,,,,1411,77006.0,39782.0,52773.0,75550.0,121758.0,69952.0,160158.0,104977.0,57858.0
,,,,,,,,1412,80541.0,40855.0,50955.0,66341.0,108706.0,61298.0,143472.0,98533.0,54199.0
,,,,,,,,1413,72155.0,36771.0,44631.0,61507.0,101811.0,57678.0,131140.0,88628.0,47508.0
,,,,,,,,1414,60616.0,32817.0,40019.0,56864.0,94099.0,53635.0,119222.0,81808.0,43562.0
,,,,,,,,1415,55512.0,30885.0,36640.0,51718.0,86547.0,49303.0,107715.0,75207.0,39848.0
,,,,,,,,1416,50270.0,28323.0,33111.0,46446.0,79537.0,44835.0,98833.0,71091.0,36982.0
,,,,,,,,1417,44517.0,26304.0,29435.0,41884.0,73543.0,40806.0,95623.0,70907.0,36474.0
,,,,,,,,1418,38745.0,24442.0,26725.0,40182.0,72123.0,39768.0,95458.0,71185.0,36204.0
,,,,,,,,1419,33884.0,23350.0,25508.0,39902.0,72370.0,39862.0,97541.0,72962.0,37099.0
,,,,,,,,1420,32168.0,23567.0,25258.0,40295.0,73528.0,40534.0,101332.0,75792.0,38451.0
,,,,,,,,1421,31510.0,24266.0,25657.0,41714.0,76912.0,42039.0,110332.0,84038.0,42979.0
,,,,,,,,1422,31877.0,25130.0,26417.0,46358.0,88179.0,46426.0,136309.0,108990.0,57473.0
,,,,,,,,1423,32966.0,26466.0,28664.0,57911.0,106738.0,58010.0,155775.0,120164.0,64801.0
,,,,,,,,1424,38044.0,29911.0,35578.0,65398.0,115929.0,63660.0,158025.0,115837.0,62354.0
,,,,,,,,1425,51340.0,37640.0,41341.0,66665.0,114228.0,63659.0,152709.0,109260.0,58706.0
,,,,,,,,1426,60196.0,39337.0,42900.0,66054.0,111814.0,62258.0,152337.0,109338.0,59006.0
,,,,,,,,1427,59567.0,38725.0,41970.0,66848.0,112293.0,62943.0,154302.0,108974.0,58792.0
,,,,,,,,1428,58295.0,37773.0,42114.0,69073.0,113667.0,64137.0,155992.0,108336.0,58342.0
,,,,,,,,1429,59845.0,38461.0,43017.0,70181.0,113420.0,64604.0,154999.0,105379.0,56558.0
,,,,,,,,1430,62401.0,37754.0,43984.0,70021.0,112137.0,63949.0,155588.0,105606.0,56851.0
,,,,,,,,1431,63268.0,37558.0,43904.0,70508.0,113329.0,64189.0,161260.0,110033.0,59695.0
,,,,,,,,1432,62856.0,36713.0,44460.0,72450.0,118080.0,66179.0,172483.0,118124.0,64718.0
,,,,,,,,1433,64027.0,36910.0,46190.0,75882.0,125503.0,69708.0,186518.0,128244.0,71229.0
,,,,,,,,1434,67752.0,38310.0,49211.0,79924.0,129649.0,74026.0,180460.0,118745.0,65619.0
,,,,,,,,1435,73417.0,40387.0,53020.0,76160.0,119200.0,69354.0,156743.0,101510.0,55769.0
,,,,,,,,1436,77980.0,41768.0,51552.0,66831.0,105222.0,60408.0,139668.0,93952.0,51338.0
,,,,,,,,1437,70454.0,37594.0,45246.0,61500.0,97903.0,56320.0,128225.0,85521.0,45574.0
,,,,,,,,1438,58929.0,33364.0,40427.0,57035.0,90840.0,52652.0,116443.0,77860.0,41394.0
,,,,,,,,1439,53930.0,31263.0,37265.0,51846.0,82997.0,48188.0,104891.0,71113.0,37587.0
,,,,,,,,1440,49114.0,28842.0,34068.0,46624.0,75485.0,43801.0,96429.0,67127.0,34907.0
,,,,,,,,1441,43562.0,26943.0,30921.0,42934.0,70549.0,40453.0,93082.0,66702.0,34357.0
,,,,,,,,1442,38287.0,25346.0,28607.0,41066.0,68978.0,39455.0,92976.0,67107.0,34056.0
,,,,,,,,1443,34069.0,24165.0,27566.0,40332.0,69084.0,39306.0,95163.0,69061.0,34933.0
,,,,,,,,1444,32510.0,24347.0,27418.0,40279.0,70169.0,39709.0,99087.0,72054.0,36367.0
,,,,,,,,1445,32023.0,24929.0,27953.0,41095.0,73666.0,40922.0,108117.0,80377.0,40800.0
,,,,,,,,1446,32529.0,25691.0,28884.0,45381.0,84868.0,45116.0,133991.0,104650.0,54907.0
,,,,,,,,1447,33798.0,26985.0,31314.0,56048.0,103287.0,56267.0,153152.0,115844.0,62389.0
,,,,,,,,1448,39096.0,30524.0,39099.0,65436.0,112928.0,62900.0,155519.0,112228.0,60393.0
,,,,,,,,1449,52704.0,37930.0,45100.0,67959.0,112282.0,63459.0,150596.0,106576.0,57125.0
,,,,,,,,1450,61083.0,39472.0,46402.0,68044.0,110623.0,62469.0,150577.0,107213.0,57526.0
,,,,,,,,1451,60161.0,38699.0,44981.0,69639.0,111795.0,63347.0,153087.0,107583.0,57710.0
,,,,,,,,1452,58502.0,37732.0,45008.0,72701.0,113478.0,64655.0,155322.0,107182.0,57417.0
,,,,,,,,1453,59911.0,38267.0,44938.0,74855.0,113455.0,65132.0,154598.0,104664.0,55760.0
,,,,,,,,1454,62297.0,37451.0,45433.0,75864.0,112237.0,64486.0,155495.0,105060.0,56231.0
,,,,,,,,1455,63191.0,37141.0,45022.0,77210.0,113526.0,64727.0,161282.0,109209.0,59084.0
,,,,,,,,1456,62789.0,36329.0,44930.0,79500.0,118293.0,66779.0,172593.0,117317.0,64034.0
,,,,,,,,1457,63941.0,36617.0,46516.0,83121.0,125678.0,70433.0,186581.0,127448.0,70377.0
,,,,,,,,1458,67708.0,38063.0,49585.0,87141.0,129946.0,74793.0,180310.0,117892.0,65034.0
,,,,,,,,1459,73411.0,40169.0,54107.0,82793.0,119390.0,69993.0,156531.0,100644.0,55054.0
,,,,,,,,1460,78061.0,41516.0,52462.0,72519.0,105529.0,61091.0,139465.0,92960.0,50468.0
,,,,,,,,1461,70499.0,37396.0,46463.0,66516.0,98379.0,57015.0,128003.0,84681.0,44872.0
,,,,,,,,1462,59007.0,33175.0,41925.0,61391.0,91276.0,53366.0,116227.0,76882.0,40435.0
,,,,,,,,1463,54082.0,31083.0,38543.0,55345.0,83408.0,49019.0,104550.0,69841.0,36421.0
,,,,,,,,1464,49174.0,28689.0,35713.0,49467.0,76107.0,44685.0,94743.0,64715.0,33431.0
,,,,,,,,1465,43714.0,26822.0,32889.0,43766.0,71637.0,42416.0,91225.0,64034.0,32804.0
,,,,,,,,1466,38606.0,25246.0,30861.0,42605.0,70257.0,41850.0,90812.0,64368.0,32506.0
,,,,,,,,1467,34679.0,24416.0,29816.0,42818.0,70582.0,42159.0,92803.0,66293.0,33382.0
,,,,,,,,1468,33308.0,24629.0,29787.0,43488.0,72007.0,43028.0,96473.0,69301.0,34762.0
,,,,,,,,1469,32931.0,25223.0,30309.0,45311.0,75736.0,44636.0,105260.0,77699.0,39185.0
,,,,,,,,1470,33700.0,26007.0,31245.0,50578.0,87238.0,49340.0,130160.0,101538.0,52978.0
,,,,,,,,1471,35493.0,27323.0,33646.0,63974.0,106297.0,61663.0,149985.0,112714.0,60333.0
,,,,,,,,1472,41176.0,30853.0,41820.0,71450.0,116110.0,68322.0,153360.0,109439.0,58525.0
,,,,,,,,1473,56474.0,38470.0,47018.0,72546.0,115324.0,68556.0,149003.0,104422.0,55713.0
,,,,,,,,1474,64023.0,39875.0,47384.0,71884.0,113344.0,66934.0,149555.0,105343.0,56102.0
,,,,,,,,1475,62449.0,39092.0,45267.0,72964.0,114382.0,67591.0,152669.0,106391.0,56764.0
,,,,,,,,1476,60029.0,38031.0,45022.0,72605.0,115534.0,67676.0,155083.0,106304.0,56657.0
,,,,,,,,1477,61236.0,38667.0,44591.0,72381.0,115320.0,67662.0,154615.0,103908.0,55077.0
,,,,,,,,1478,62798.0,37547.0,44704.0,71202.0,113950.0,66310.0,155399.0,104420.0,55752.0
,,,,,,,,1479,63576.0,37229.0,43981.0,70558.0,115104.0,66217.0,161236.0,108725.0,58620.0
,,,,,,,,1480,62971.0,36381.0,43722.0,72072.0,119813.0,68109.0,172571.0,116760.0,63684.0
,,,,,,,,1481,64014.0,36601.0,45222.0,75332.0,127292.0,71505.0,186462.0,126870.0,69898.0
,,,,,,,,1482,67821.0,38067.0,48290.0,80082.0,131782.0,76364.0,180486.0,117360.0,64698.0
,,,,,,,,1483,73597.0,40219.0,52915.0,75688.0,121136.0,71224.0,156600.0,100075.0,54733.0
,,,,,,,,1484,78850.0,41816.0,51413.0,66748.0,107618.0,62638.0,139320.0,92325.0,50114.0
,,,,,,,,1485,71109.0,37605.0,45540.0,62141.0,100445.0,58968.0,127751.0,84164.0,44606.0
,,,,,,,,1486,59828.0,33453.0,41050.0,57956.0,93043.0,55088.0,115779.0,76139.0,39955.0
,,,,,,,,1487,55358.0,31446.0,37782.0,53962.0,85668.0,51369.0,103927.0,68751.0,35864.0
,,,,,,,,1488,49764.0,28936.0,34991.0,50523.0,79146.0,47876.0,94680.0,63634.0,33418.0
,,,,,,,,1489,44472.0,27153.0,32204.0,48677.0,75591.0,45852.0,91122.0,62763.0,32919.0
,,,,,,,,1490,39836.0,25724.0,29347.0,49596.0,74512.0,45769.0,90739.0,62988.0,32740.0
,,,,,,,,1491,37431.0,24995.0,28417.0,51304.0,74896.0,46335.0,92703.0,64962.0,33787.0
,,,,,,,,1492,36992.0,25285.0,28361.0,53216.0,76231.0,47190.0,96354.0,68059.0,35299.0
,,,,,,,,1493,37471.0,25977.0,28864.0,55964.0,79852.0,48736.0,105232.0,76426.0,39828.0
,,,,,,,,1494,39065.0,26831.0,29726.0,61577.0,91263.0,53422.0,130600.0,100271.0,53790.0
,,,,,,,,1495,41446.0,28183.0,32111.0,77064.0,110243.0,66339.0,150906.0,111929.0,61723.0
,,,,,,,,1496,47707.0,31752.0,39742.0,81611.0,119640.0,71869.0,154503.0,109286.0,60279.0
,,,,,,,,1497,64985.0,39587.0,44917.0,79642.0,118238.0,71065.0,150249.0,104800.0,57742.0
,,,,,,,,1498,72329.0,40930.0,45292.0,75246.0,115693.0,68112.0,150465.0,106120.0,58456.0
,,,,,,,,1499,69449.0,40150.0,43379.0,74650.0,116262.0,68305.0,152847.0,106993.0,59000.0
,,,,,,,,1500,65376.0,38969.0,42972.0,72705.0,116895.0,67541.0,154521.0,106921.0,59401.0
,,,,,,,,1501,66239.0,39562.0,42888.0,71943.0,116343.0,67248.0,153489.0,104450.0,58214.0
,,,,,,,,1502,65780.0,38165.0,43144.0,70090.0,114792.0,65780.0,153610.0,104826.0,58597.0
,,,,,,,,1503,65974.0,37734.0,42641.0,69373.0,115603.0,65451.0,159004.0,109120.0,61272.0
,,,,,,,,1504,64463.0,36824.0,42550.0,70897.0,120123.0,67255.0,169879.0,117038.0,66114.0
,,,,,,,,1505,65083.0,36880.0,44029.0,74192.0,127578.0,70794.0,183532.0,127388.0,72503.0
,,,,,,,,1506,68848.0,38248.0,47096.0,78854.0,131979.0,75517.0,177484.0,117756.0,66794.0
,,,,,,,,1507,74788.0,40420.0,51280.0,74500.0,121083.0,70130.0,153455.0,100841.0,57244.0
,,,,,,,,1508,80939.0,42042.0,50086.0,65485.0,107522.0,61420.0,136778.0,93552.0,53104.0
,,,,,,,,1509,72366.0,37785.0,43960.0,60964.0,100485.0,57775.0,125932.0,85373.0,47177.0
,,,,,,,,1510,61485.0,33688.0,39426.0,56851.0,93479.0,54066.0,114955.0,78115.0,42828.0
,,,,,,,,1511,57639.0,31782.0,36484.0,52945.0,86348.0,50406.0,104217.0,71402.0,38959.0
,,,,,,,,1512,50861.0,29210.0,33597.0,49560.0,78467.0,47150.0,91169.0,64909.0,37004.0
,,,,,,,,1513,44306.0,27176.0,31331.0,38318.0,61910.0,36322.0,80009.0,54945.0,29478.0
,,,,,,,,1514,39696.0,25207.0,28995.0,35172.0,57889.0,33948.0,76952.0,54096.0,28851.0
,,,,,,,,1515,34047.0,22424.0,26615.0,33531.0,56128.0,32669.0,76628.0,54704.0,29013.0
,,,,,,,,1516,31662.0,21840.0,26033.0,33259.0,55695.0,32519.0,76592.0,54676.0,28747.0
,,,,,,,,1517,31679.0,21836.0,26272.0,33107.0,56006.0,32380.0,79764.0,58484.0,30858.0
,,,,,,,,1518,32537.0,22026.0,26411.0,34617.0,59754.0,33975.0,88599.0,66264.0,35053.0
,,,,,,,,1519,33488.0,22385.0,27456.0,38832.0,65001.0,37489.0,95500.0,70619.0,38431.0
,,,,,,,,1520,36602.0,23973.0,30596.0,41612.0,71303.0,39973.0,105495.0,78282.0,43462.0
,,,,,,,,1521,43697.0,26971.0,32120.0,45931.0,78745.0,44103.0,114281.0,83058.0,46495.0
,,,,,,,,1522,44208.0,26856.0,34865.0,50203.0,84210.0,47373.0,121111.0,86287.0,48430.0
,,,,,,,,1523,47270.0,28588.0,36947.0,53429.0,87618.0,49750.0,125699.0,87720.0,49406.0
,,,,,,,,1524,49760.0,29901.0,38841.0,55448.0,89718.0,51006.0,129485.0,88006.0,49506.0
,,,,,,,,1525,52163.0,30924.0,38631.0,56654.0,90343.0,51722.0,130261.0,86686.0,48678.0
,,,,,,,,1526,53341.0,29969.0,39008.0,56746.0,89978.0,51370.0,132251.0,88156.0,49658.0
,,,,,,,,1527,54399.0,29687.0,38716.0,57955.0,90405.0,52235.0,131072.0,85200.0,48065.0
,,,,,,,,1528,54246.0,28960.0,38856.0,57056.0,89798.0,51241.0,134449.0,89451.0,50962.0
,,,,,,,,1529,55103.0,28989.0,38369.0,58834.0,93220.0,53423.0,137929.0,91723.0,52450.0
,,,,,,,,1530,54139.0,28734.0,39362.0,60014.0,95530.0,54696.0,140811.0,93467.0,53125.0
,,,,,,,,1531,56846.0,29822.0,41400.0,60602.0,96635.0,55378.0,139635.0,92513.0,52393.0
,,,,,,,,1532,58113.0,30481.0,41523.0,59392.0,94108.0,54475.0,129980.0,84509.0,47572.0
,,,,,,,,1533,59074.0,29813.0,41714.0,55353.0,87443.0,50706.0,119692.0,79284.0,44458.0
,,,,,,,,1534,57554.0,29054.0,39495.0,51939.0,81958.0,47995.0,107911.0,71223.0,39447.0
,,,,,,,,1535,52395.0,27080.0,37196.0,47656.0,75234.0,44393.0,96766.0,65229.0,35591.0
,,,,,,,,1536,48313.0,25825.0,34573.0,44294.0,69773.0,41846.0,84114.0,57327.0,31398.0
,,,,,,,,1537,42885.0,24169.0,32244.0,41666.0,66072.0,41260.0,75634.0,53363.0,29005.0
,,,,,,,,1538,38245.0,23120.0,29682.0,40739.0,62410.0,39935.0,71388.0,52236.0,28475.0
,,,,,,,,1539,33600.0,21908.0,27838.0,40546.0,60846.0,39505.0,70385.0,52728.0,28860.0
,,,,,,,,1540,30805.0,21350.0,27302.0,41457.0,60747.0,40188.0,69716.0,52587.0,28767.0
,,,,,,,,1541,30267.0,21302.0,27393.0,42153.0,61115.0,40654.0,72016.0,55407.0,30496.0
,,,,,,,,1542,30504.0,21530.0,27360.0,44265.0,64250.0,42397.0,78949.0,61764.0,33852.0
,,,,,,,,1543,30788.0,21861.0,27974.0,50758.0,69329.0,46317.0,87104.0,66994.0,37406.0
,,,,,,,,1544,32926.0,22924.0,30463.0,51994.0,76554.0,49155.0,99847.0,75967.0,42999.0
,,,,,,,,1545,37713.0,25108.0,31463.0,55792.0,84372.0,52963.0,111182.0,81466.0,46313.0
,,,,,,,,1546,40186.0,25368.0,33860.0,59756.0,89731.0,55743.0,119145.0,84784.0,48268.0
,,,,,,,,1547,45070.0,27332.0,35907.0,62396.0,92914.0,57651.0,125676.0,86480.0,49125.0
,,,,,,,,1548,48477.0,28786.0,37455.0,61694.0,94739.0,57933.0,130499.0,87035.0,49210.0
,,,,,,,,1549,51087.0,29941.0,37241.0,61676.0,95831.0,58486.0,132018.0,86170.0,48441.0
,,,,,,,,1550,53016.0,29144.0,37488.0,59883.0,95608.0,57307.0,134548.0,87944.0,49506.0
,,,,,,,,1551,54280.0,28870.0,37191.0,59522.0,95768.0,57051.0,133653.0,85182.0,47967.0
,,,,,,,,1552,54288.0,28237.0,37288.0,58093.0,95002.0,55614.0,137376.0,89697.0,50905.0
,,,,,,,,1553,55230.0,28390.0,36812.0,59018.0,98624.0,57775.0,141100.0,91991.0,52584.0
,,,,,,,,1554,54378.0,28090.0,37896.0,61053.0,101599.0,59961.0,144359.0,94076.0,53504.0
,,,,,,,,1555,57019.0,29122.0,39880.0,61045.0,102225.0,60048.0,142901.0,93045.0,52649.0
,,,,,,,,1556,58215.0,29900.0,40408.0,60381.0,99456.0,59242.0,132819.0,84988.0,47750.0
,,,,,,,,1557,59341.0,29249.0,40490.0,57040.0,92893.0,55849.0,121804.0,79440.0,44351.0
,,,,,,,,1558,57681.0,28361.0,38244.0,54485.0,87794.0,53574.0,109353.0,71250.0,39504.0
,,,,,,,,1559,52325.0,26338.0,35864.0,52144.0,81875.0,50773.0,97579.0,64838.0,35594.0
,,,,,,,,1560,48111.0,24923.0,33318.0,51076.0,80552.0,49072.0,89246.0,60093.0,30905.0
,,,,,,,,1561,42722.0,23415.0,31011.0,55243.0,82536.0,52365.0,86624.0,58359.0,29964.0
,,,,,,,,1562,38081.0,23118.0,29138.0,56616.0,81535.0,52484.0,84882.0,57980.0,29538.0
,,,,,,,,1563,35166.0,24113.0,28552.0,58555.0,82223.0,53426.0,85700.0,59489.0,30331.0
,,,,,,,,1564,34102.0,24338.0,28575.0,60190.0,83620.0,54639.0,88167.0,61600.0,31388.0
,,,,,,,,1565,34127.0,24986.0,29117.0,62451.0,86661.0,56169.0,96456.0,69147.0,35560.0
,,,,,,,,1566,35024.0,25747.0,30016.0,68223.0,98090.0,61033.0,121362.0,92490.0,48860.0
,,,,,,,,1567,36739.0,27043.0,32552.0,88964.0,118101.0,77680.0,146172.0,104880.0,56137.0
,,,,,,,,1568,42732.0,30683.0,40971.0,92322.0,128547.0,82598.0,151878.0,103408.0,54361.0
,,,,,,,,1569,58308.0,38651.0,45987.0,89293.0,127387.0,80484.0,150489.0,100053.0,51996.0
,,,,,,,,1570,66616.0,40038.0,46160.0,84296.0,125199.0,77392.0,152158.0,101641.0,52628.0
,,,,,,,,1571,63102.0,39091.0,43966.0,82828.0,126144.0,77713.0,157604.0,104118.0,53993.0
,,,,,,,,1572,60226.0,38002.0,43486.0,79468.0,126885.0,75632.0,160382.0,104644.0,54150.0
,,,,,,,,1573,61710.0,38732.0,43206.0,77813.0,126909.0,74788.0,160269.0,102883.0,53020.0
,,,,,,,,1574,63274.0,37608.0,43383.0,75033.0,125370.0,72549.0,160830.0,103604.0,53534.0
,,,,,,,,1575,63895.0,37294.0,42784.0,73155.0,126615.0,71490.0,165979.0,107862.0,56204.0
,,,,,,,,1576,63390.0,36462.0,42639.0,74197.0,131678.0,73105.0,177078.0,115758.0,61422.0
,,,,,,,,1577,64477.0,36661.0,44152.0,77666.0,139727.0,76745.0,191224.0,125536.0,67430.0
,,,,,,,,1578,68249.0,38131.0,47328.0,83552.0,144251.0,83059.0,186312.0,116744.0,62511.0
,,,,,,,,1579,74142.0,40400.0,51815.0,78799.0,132544.0,76889.0,161609.0,99572.0,52683.0
,,,,,,,,1580,79275.0,42034.0,50592.0,70029.0,119256.0,68660.0,144587.0,91917.0,48200.0
,,,,,,,,1581,71198.0,37854.0,44671.0,66141.0,111920.0,65521.0,133590.0,84653.0,43571.0
,,,,,,,,1582,59518.0,33743.0,40251.0,62385.0,104082.0,61085.0,121274.0,76257.0,38602.0
,,,,,,,,1583,54737.0,31798.0,37059.0,59147.0,96892.0,58156.0,109030.0,67764.0,33712.0
,,,,,,,,1584,49498.0,29253.0,34107.0,56365.0,90198.0,55198.0,103380.0,61140.0,29717.0
,,,,,,,,1585,44020.0,27369.0,31091.0,55584.0,85400.0,53110.0,100984.0,59130.0,28454.0
,,,,,,,,1586,39010.0,25868.0,29042.0,57086.0,84086.0,53305.0,101250.0,58281.0,27841.0
,,,,,,,,1587,35593.0,25165.0,28060.0,59035.0,84168.0,54013.0,103785.0,59191.0,28417.0
,,,,,,,,1588,34479.0,25380.0,28098.0,60494.0,84951.0,54788.0,107706.0,60807.0,29330.0
,,,,,,,,1589,34403.0,26007.0,28653.0,62477.0,87826.0,56122.0,117152.0,67699.0,33293.0
,,,,,,,,1590,35198.0,26754.0,29557.0,67797.0,99130.0,60801.0,146333.0,90717.0,46155.0
,,,,,,,,1591,36703.0,28020.0,32068.0,88180.0,118862.0,77183.0,168976.0,104085.0,53350.0
,,,,,,,,1592,42168.0,31637.0,40190.0,90664.0,129266.0,81358.0,171893.0,102871.0,52155.0
,,,,,,,,1593,56359.0,39680.0,45387.0,86813.0,128023.0,79088.0,167170.0,100044.0,50370.0
,,,,,,,,1594,63827.0,41104.0,45779.0,81011.0,125748.0,75147.0,166819.0,101918.0,51224.0
,,,,,,,,1595,62203.0,40245.0,43832.0,79514.0,126382.0,74914.0,167181.0,104550.0,53111.0
,,,,,,,,1596,60061.0,39148.0,43572.0,76568.0,126883.0,73061.0,167304.0,105200.0,53525.0
,,,,,,,,1597,61593.0,39831.0,43454.0,75051.0,126981.0,72222.0,164939.0,103442.0,52578.0
,,,,,,,,1598,63299.0,38600.0,43744.0,72721.0,125767.0,70319.0,163685.0,104296.0,53096.0
,,,,,,,,1599,63975.0,38197.0,43162.0,71684.0,127010.0,69546.0,168581.0,108736.0,55820.0
,,,,,,,,1600,63315.0,37273.0,43049.0,73029.0,132202.0,71372.0,179493.0,116627.0,61038.0
,,,,,,,,1601,64303.0,37348.0,44546.0,76357.0,140647.0,75170.0,195157.0,126456.0,66831.0
,,,,,,,,1602,68020.0,38738.0,47699.0,81606.0,145557.0,81038.0,189416.0,117703.0,62063.0
,,,,,,,,1603,73977.0,40917.0,52268.0,77060.0,134040.0,75230.0,165442.0,100697.0,52249.0
,,,,,,,,1604,79265.0,42519.0,51029.0,68216.0,120637.0,66763.0,150126.0,93145.0,47716.0
,,,,,,,,1605,71167.0,38197.0,45078.0,64123.0,113278.0,63500.0,139140.0,86145.0,43298.0
,,,,,,,,1606,59561.0,34076.0,40655.0,60190.0,105339.0,59497.0,128535.0,78011.0,38333.0
,,,,,,,,1607,54786.0,32113.0,37472.0,56494.0,98226.0,56233.0,118942.0,69730.0,33334.0
,,,,,,,,1608,49636.0,29542.0,34585.0,53492.0,91561.0,53211.0,112164.0,68849.0,30037.0
,,,,,,,,1609,44336.0,27690.0,31680.0,53169.0,87402.0,52870.0,110808.0,68147.0,28860.0
,,,,,,,,1610,39541.0,26148.0,29187.0,54619.0,86053.0,53073.0,111763.0,68444.0,28286.0
,,,,,,,,1611,36091.0,24859.0,28241.0,56567.0,86104.0,53832.0,114574.0,70735.0,28999.0
,,,,,,,,1612,35006.0,25026.0,28158.0,58289.0,86888.0,54715.0,118270.0,73687.0,30060.0
,,,,,,,,1613,35011.0,25564.0,28651.0,60384.0,89879.0,56156.0,127837.0,82100.0,34151.0
,,,,,,,,1614,35985.0,26239.0,29467.0,65700.0,101407.0,61005.0,159879.0,107607.0,47409.0
,,,,,,,,1615,37860.0,27534.0,31909.0,85478.0,121231.0,77213.0,179748.0,120784.0,55298.0
,,,,,,,,1616,43601.0,31197.0,39890.0,88287.0,131475.0,81646.0,179189.0,118626.0,54331.0
,,,,,,,,1617,59360.0,39116.0,45294.0,84963.0,129762.0,79453.0,171555.0,113743.0,52416.0
,,,,,,,,1618,66352.0,40352.0,45957.0,79309.0,127380.0,75514.0,169213.0,114959.0,53354.0
,,,,,,,,1619,63990.0,39363.0,44055.0,78103.0,127902.0,75181.0,166895.0,114894.0,54711.0
,,,,,,,,1620,61147.0,38204.0,43766.0,75187.0,128160.0,73139.0,165126.0,115160.0,55167.0
,,,,,,,,1621,62329.0,38833.0,43683.0,73815.0,128002.0,72364.0,161186.0,112381.0,53995.0
,,,,,,,,1622,63208.0,37649.0,43900.0,71705.0,126336.0,70452.0,158723.0,112480.0,54682.0
,,,,,,,,1623,63760.0,37298.0,43326.0,70711.0,127567.0,69611.0,163002.0,116804.0,57641.0
,,,,,,,,1624,62937.0,36432.0,43303.0,72092.0,132710.0,71418.0,173664.0,125017.0,62901.0
,,,,,,,,1625,63875.0,36582.0,44815.0,75502.0,141300.0,75178.0,190119.0,136463.0,69186.0
,,,,,,,,1626,67703.0,38042.0,48024.0,80537.0,146185.0,81143.0,184936.0,126294.0,64008.0
,,,,,,,,1627,73776.0,40333.0,52683.0,76208.0,134547.0,75238.0,162270.0,109786.0,54646.0
,,,,,,,,1628,79440.0,41981.0,51368.0,67354.0,121202.0,66738.0,147642.0,103372.0,50561.0
,,,,,,,,1629,71374.0,37798.0,45381.0,63134.0,113842.0,63589.0,137560.0,94639.0,45208.0
,,,,,,,,1630,60040.0,33721.0,40980.0,59160.0,105973.0,59490.0,128513.0,87672.0,40538.0
,,,,,,,,1631,55563.0,31774.0,37834.0,55194.0,98908.0,56203.0,120126.0,80881.0,36270.0
,,,,,,,,1632,49951.0,29276.0,34929.0,51996.0,92703.0,53208.0,117187.0,78584.0,36452.0
,,,,,,,,1633,44752.0,27438.0,32076.0,50814.0,88118.0,51893.0,117290.0,78179.0,35864.0
,,,,,,,,1634,40252.0,26029.0,30771.0,51603.0,86980.0,52135.0,119019.0,78603.0,35874.0
,,,,,,,,1635,37888.0,26057.0,29985.0,53175.0,87146.0,53083.0,121833.0,80255.0,37157.0
,,,,,,,,1636,37813.0,26334.0,30019.0,54606.0,87717.0,53795.0,125721.0,82466.0,38589.0
,,,,,,,,1637,38809.0,27001.0,30593.0,56618.0,90755.0,55054.0,136363.0,91070.0,43524.0
,,,,,,,,1638,40421.0,27738.0,31480.0,61732.0,102255.0,59891.0,168185.0,114705.0,56346.0
,,,,,,,,1639,42856.0,29078.0,34165.0,76559.0,120460.0,73960.0,184792.0,125843.0,63842.0
,,,,,,,,1640,48902.0,32862.0,42183.0,80928.0,131235.0,78764.0,185269.0,126903.0,65344.0
,,,,,,,,1641,64550.0,40330.0,47747.0,80944.0,132689.0,78968.0,176219.0,120346.0,62281.0
,,,,,,,,1642,71168.0,41844.0,49398.0,77191.0,130427.0,74927.0,172836.0,122198.0,63669.0
,,,,,,,,1643,69713.0,42063.0,47708.0,76911.0,131469.0,75105.0,168220.0,118719.0,62890.0
,,,,,,,,1644,65279.0,40811.0,47681.0,74670.0,130754.0,72748.0,166184.0,118901.0,64031.0
,,,,,,,,1645,66694.0,41595.0,46706.0,74073.0,130918.0,72427.0,161779.0,115210.0,62520.0
,,,,,,,,1646,65388.0,39865.0,46860.0,72470.0,128802.0,70473.0,158872.0,114581.0,62555.0
,,,,,,,,1647,66161.0,39583.0,46166.0,71654.0,129717.0,69670.0,163858.0,119880.0,66014.0
,,,,,,,,1648,64660.0,38526.0,45825.0,73580.0,135358.0,71957.0,175316.0,128374.0,71550.0
,,,,,,,,1649,65280.0,38539.0,47602.0,77290.0,144019.0,75893.0,191275.0,140009.0,78189.0
,,,,,,,,1650,69578.0,40216.0,51232.0,82173.0,148117.0,81276.0,184748.0,128312.0,71216.0
,,,,,,,,1651,75891.0,42615.0,56220.0,77293.0,135602.0,75025.0,160927.0,111730.0,61519.0
,,,,,,,,1652,81795.0,44228.0,54122.0,68005.0,122161.0,66241.0,146682.0,106103.0,58218.0
,,,,,,,,1653,72513.0,39399.0,47873.0,63915.0,115333.0,63195.0,136740.0,96664.0,51381.0
,,,,,,,,1654,61088.0,35272.0,43877.0,59761.0,107200.0,59253.0,126967.0,89729.0,46542.0
,,,,,,,,1655,57357.0,33465.0,40501.0,55349.0,100281.0,55676.0,119391.0,84680.0,43092.0
,,,,,,,,1656,50681.0,30711.0,37502.0,51521.0,94639.0,53003.0,113919.0,79753.0,40872.0
,,,,,,,,1657,45469.0,28935.0,35073.0,49612.0,90034.0,51933.0,112586.0,79383.0,40436.0
,,,,,,,,1658,41895.0,27741.0,33623.0,49948.0,88877.0,52310.0,114079.0,79870.0,40428.0
,,,,,,,,1659,39076.0,26807.0,32669.0,51367.0,89057.0,53319.0,116527.0,81371.0,41498.0
,,,,,,,,1660,39273.0,27100.0,32832.0,52909.0,89703.0,54220.0,120081.0,83482.0,42666.0
,,,,,,,,1661,40640.0,27779.0,33510.0,54951.0,92747.0,55524.0,129908.0,92242.0,47601.0
,,,,,,,,1662,42422.0,28492.0,34447.0,60111.0,104302.0,60431.0,158724.0,115726.0,60759.0
,,,,,,,,1663,44832.0,29812.0,37302.0,74619.0,122378.0,74754.0,175625.0,127181.0,68152.0
,,,,,,,,1664,51464.0,33587.0,46868.0,79890.0,132614.0,79593.0,178189.0,128683.0,69143.0
,,,,,,,,1665,67587.0,41189.0,52033.0,79634.0,133871.0,79698.0,169970.0,122222.0,65855.0
,,,,,,,,1666,73394.0,42437.0,53089.0,76133.0,130981.0,75662.0,167149.0,123920.0,67376.0
,,,,,,,,1667,71038.0,42471.0,50965.0,76423.0,131334.0,75901.0,163663.0,120313.0,65884.0
,,,,,,,,1668,66093.0,40983.0,50706.0,74842.0,129981.0,73448.0,162213.0,120531.0,66699.0
,,,,,,,,1669,67287.0,41681.0,49077.0,74869.0,129601.0,73089.0,158352.0,116846.0,65089.0
,,,,,,,,1670,65661.0,39657.0,48968.0,73294.0,126979.0,71110.0,156220.0,116026.0,65104.0
,,,,,,,,1671,66201.0,39264.0,47923.0,72524.0,127621.0,70377.0,161490.0,121194.0,68733.0
,,,,,,,,1672,64594.0,38204.0,47272.0,74529.0,133007.0,72638.0,172732.0,129613.0,74278.0
,,,,,,,,1673,65080.0,38089.0,48945.0,78247.0,141610.0,76450.0,187825.0,141226.0,81131.0
,,,,,,,,1674,69458.0,39713.0,52505.0,83303.0,145994.0,81680.0,180681.0,129021.0,73626.0
,,,,,,,,1675,75924.0,42254.0,57933.0,78150.0,133619.0,75232.0,156395.0,112266.0,63968.0
,,,,,,,,1676,81754.0,43892.0,55450.0,68664.0,120180.0,66171.0,141592.0,106714.0,60429.0
,,,,,,,,1677,72372.0,39146.0,49302.0,64313.0,113368.0,62962.0,131575.0,97363.0,53449.0
,,,,,,,,1678,60945.0,35129.0,45421.0,60300.0,105331.0,58851.0,121755.0,90464.0,48910.0
,,,,,,,,1679,57446.0,33405.0,41880.0,56109.0,98511.0,55067.0,113618.0,85535.0,45742.0
,,,,,,,,1680,51354.0,30745.0,39079.0,52376.0,90419.0,52072.0,104418.0,77353.0,42408.0
,,,,,,,,1681,46174.0,28261.0,35998.0,48007.0,83801.0,46602.0,87917.0,75533.0,39172.0
,,,,,,,,1682,42796.0,26371.0,33276.0,47358.0,80918.0,45514.0,84621.0,74605.0,38355.0
,,,,,,,,1683,38878.0,23415.0,31425.0,47167.0,78849.0,44548.0,83917.0,75901.0,38630.0
,,,,,,,,1684,38857.0,23138.0,30794.0,47706.0,78080.0,44474.0,84094.0,76520.0,38637.0
,,,,,,,,1685,39400.0,22971.0,30799.0,48427.0,78445.0,44491.0,87672.0,81227.0,41584.0
,,,,,,,,1686,40468.0,23141.0,30907.0,50699.0,82821.0,46433.0,97261.0,89225.0,46007.0
,,,,,,,,1687,41496.0,23558.0,32024.0,58530.0,88586.0,51363.0,106038.0,94390.0,50183.0
,,,,,,,,1688,45580.0,25119.0,35365.0,57753.0,95778.0,52258.0,119886.0,105134.0,57905.0
,,,,,,,,1689,54499.0,28100.0,36749.0,60366.0,103564.0,56248.0,130030.0,107793.0,60118.0
,,,,,,,,1690,53232.0,27918.0,39454.0,60643.0,106845.0,57537.0,138076.0,112748.0,63152.0
,,,,,,,,1691,55705.0,30136.0,40510.0,62259.0,108527.0,59850.0,138540.0,107944.0,61255.0
,,,,,,,,1692,55874.0,31074.0,42062.0,59014.0,106018.0,57130.0,142719.0,111931.0,64177.0
,,,,,,,,1693,58213.0,32369.0,40012.0,59553.0,107502.0,58429.0,142033.0,107730.0,62281.0
,,,,,,,,1694,55859.0,30440.0,40394.0,57304.0,104289.0,56044.0,139534.0,105351.0,61596.0
,,,,,,,,1695,58207.0,30775.0,39672.0,55876.0,103274.0,54709.0,140574.0,106696.0,63318.0
,,,,,,,,1696,56317.0,29474.0,38632.0,56102.0,104985.0,55119.0,144479.0,110318.0,66457.0
,,,,,,,,1697,55904.0,29170.0,39049.0,57356.0,108364.0,56552.0,147149.0,112942.0,68322.0
,,,,,,,,1698,57201.0,29897.0,40579.0,58067.0,110148.0,57691.0,151552.0,114378.0,69086.0
,,,,,,,,1699,59441.0,30715.0,42347.0,59747.0,110836.0,58652.0,148907.0,111276.0,67091.0
,,,,,,,,1700,60581.0,31339.0,42862.0,58313.0,106886.0,57087.0,139416.0,104617.0,63184.0
,,,,,,,,1701,61927.0,30835.0,42651.0,54749.0,100842.0,53653.0,130219.0,100610.0,60953.0
,,,,,,,,1702,59143.0,29582.0,40413.0,51986.0,96060.0,51494.0,119808.0,93151.0,56068.0
,,,,,,,,1703,54396.0,27728.0,38268.0,48805.0,89638.0,48454.0,110429.0,88653.0,52961.0
,,,,,,,,1704,50554.0,26436.0,35428.0,47220.0,85225.0,46878.0,103778.0,85347.0,50879.0
,,,,,,,,1705,44955.0,24746.0,33068.0,46020.0,80955.0,45235.0,99226.0,83734.0,49389.0
,,,,,,,,1706,41085.0,24005.0,31792.0,46037.0,78071.0,44499.0,97266.0,82399.0,48340.0
,,,,,,,,1707,39860.0,23524.0,30756.0,45867.0,75769.0,43747.0,97576.0,82867.0,48592.0
,,,,,,,,1708,39427.0,23276.0,30112.0,46379.0,74642.0,43813.0,98198.0,82779.0,48407.0
,,,,,,,,1709,40218.0,23135.0,30011.0,47200.0,74322.0,43901.0,101546.0,85443.0,50012.0
,,,,,,,,1710,41404.0,23327.0,30107.0,49156.0,77061.0,45351.0,111551.0,91826.0,53226.0
,,,,,,,,1711,42670.0,23618.0,30800.0,55130.0,81081.0,50121.0,118449.0,96807.0,59500.0
,,,,,,,,1712,45243.0,24606.0,33457.0,54443.0,87216.0,51069.0,130431.0,106872.0,67033.0
,,,,,,,,1713,51422.0,27447.0,34820.0,57219.0,95155.0,55315.0,138764.0,109022.0,68403.0
,,,,,,,,1714,51697.0,27548.0,37639.0,57667.0,99058.0,56314.0,145122.0,113589.0,70663.0
,,,,,,,,1715,56990.0,30164.0,39113.0,59260.0,101005.0,58406.0,142623.0,106450.0,66429.0
,,,,,,,,1716,57878.0,31339.0,40655.0,56463.0,99371.0,55727.0,145016.0,109224.0,68545.0
,,,,,,,,1717,60126.0,32734.0,39170.0,57400.0,101109.0,57031.0,142886.0,104489.0,65967.0
,,,,,,,,1718,56791.0,30811.0,39757.0,55657.0,98148.0,54943.0,139605.0,102076.0,64749.0
,,,,,,,,1719,59045.0,31139.0,39152.0,54532.0,97446.0,53859.0,140450.0,103389.0,65831.0
,,,,,,,,1720,56850.0,29885.0,38202.0,54979.0,99397.0,54555.0,144168.0,106897.0,68485.0
,,,,,,,,1721,56134.0,29528.0,38620.0,56409.0,102759.0,55878.0,147611.0,110778.0,71230.0
,,,,,,,,1722,57491.0,30143.0,40024.0,57011.0,105006.0,56971.0,151303.0,112754.0,71283.0
,,,,,,,,1723,59719.0,30960.0,41624.0,59042.0,106755.0,58265.0,149141.0,108883.0,68148.0
,,,,,,,,1724,61289.0,31741.0,42574.0,57568.0,102656.0,56363.0,140005.0,102149.0,63720.0
,,,,,,,,1725,62636.0,31154.0,42109.0,53755.0,96274.0,52549.0,131112.0,98104.0,61437.0
,,,,,,,,1726,59575.0,29654.0,39702.0,50517.0,91164.0,50032.0,121896.0,92087.0,57395.0
,,,,,,,,1727,54470.0,27837.0,37361.0,46607.0,85285.0,47223.0,113686.0,87586.0,53845.0
,,,,,,,,1728,50604.0,26503.0,34814.0,43995.0,82247.0,45330.0,111026.0,87192.0,50336.0
,,,,,,,,1729,46197.0,25144.0,32710.0,46185.0,84394.0,48400.0,111924.0,86567.0,49542.0
,,,,,,,,1730,43155.0,25125.0,32954.0,46068.0,83319.0,48684.0,113142.0,87255.0,49247.0
,,,,,,,,1731,42504.0,26433.0,32900.0,46851.0,83511.0,49538.0,115644.0,88666.0,49804.0
,,,,,,,,1732,43383.0,26683.0,33093.0,47855.0,84228.0,50327.0,119042.0,90742.0,50769.0
,,,,,,,,1733,45344.0,27343.0,33738.0,49399.0,87225.0,51602.0,128683.0,99893.0,56181.0
,,,,,,,,1734,47654.0,28075.0,34693.0,54186.0,98734.0,56280.0,158718.0,129677.0,75071.0
,,,,,,,,1735,50360.0,29404.0,37587.0,66711.0,116943.0,69614.0,175884.0,136971.0,81707.0
,,,,,,,,1736,58127.0,33239.0,48081.0,73135.0,127431.0,74695.0,178210.0,135458.0,79733.0
,,,,,,,,1737,80470.0,41214.0,52810.0,74483.0,128867.0,75246.0,170573.0,127500.0,74310.0
,,,,,,,,1738,83578.0,42443.0,53387.0,71936.0,126480.0,71698.0,167830.0,128539.0,74468.0
,,,,,,,,1739,79261.0,42468.0,50975.0,72598.0,127588.0,72132.0,164392.0,123493.0,71188.0
,,,,,,,,1740,72195.0,41268.0,50551.0,72371.0,126927.0,70553.0,163097.0,122308.0,70902.0
,,,,,,,,1741,72466.0,41899.0,48815.0,72764.0,127144.0,70656.0,159306.0,117808.0,68189.0
,,,,,,,,1742,69058.0,40008.0,48700.0,71829.0,124946.0,69036.0,156642.0,115842.0,67200.0
,,,,,,,,1743,68976.0,39673.0,47624.0,71700.0,125690.0,68591.0,161803.0,120658.0,70090.0
,,,,,,,,1744,66649.0,38452.0,47005.0,73901.0,131250.0,70899.0,173136.0,129554.0,76161.0
,,,,,,,,1745,66765.0,38278.0,48704.0,77628.0,139431.0,74744.0,188608.0,141474.0,84147.0
,,,,,,,,1746,70957.0,39916.0,52302.0,82217.0,143630.0,79640.0,181634.0,128717.0,76697.0
,,,,,,,,1747,77504.0,42446.0,57605.0,77359.0,131010.0,73568.0,157473.0,111718.0,67399.0
,,,,,,,,1748,83913.0,44167.0,55429.0,67860.0,117431.0,64506.0,142490.0,106256.0,64200.0
,,,,,,,,1749,74301.0,39344.0,49368.0,63424.0,110700.0,61146.0,132256.0,96400.0,55823.0
,,,,,,,,1750,63163.0,35283.0,45556.0,59463.0,103032.0,57185.0,121992.0,89253.0,51108.0
,,,,,,,,1751,59834.0,33572.0,41984.0,54816.0,96052.0,53079.0,113150.0,84055.0,47992.0
,,,,,,,,1752,52248.0,30901.0,39053.0,50663.0,90556.0,50170.0,106353.0,80199.0,45822.0
,,,,,,,,1753,47444.0,29115.0,36733.0,48690.0,85890.0,47159.0,102698.0,79327.0,44984.0
,,,,,,,,1754,44582.0,27919.0,34760.0,48635.0,84733.0,46937.0,103055.0,79636.0,44707.0
,,,,,,,,1755,41881.0,26858.0,33991.0,49763.0,84995.0,47480.0,104990.0,81010.0,45216.0
,,,,,,,,1756,43032.0,27124.0,34090.0,51112.0,85828.0,48195.0,107975.0,83059.0,46189.0
,,,,,,,,1757,44955.0,27720.0,34628.0,52901.0,88905.0,49319.0,116831.0,91668.0,51492.0
,,,,,,,,1758,47155.0,28438.0,35541.0,58004.0,100117.0,53779.0,143714.0,116218.0,66616.0
,,,,,,,,1759,49861.0,29757.0,38387.0,73396.0,117940.0,65871.0,160113.0,126557.0,73130.0
,,,,,,,,1760,57409.0,33518.0,48211.0,79017.0,128825.0,71822.0,165304.0,127173.0,72771.0
,,,,,,,,1761,76993.0,41254.0,53258.0,80826.0,130464.0,73309.0,159850.0,119385.0,68152.0
,,,,,,,,1762,81462.0,42423.0,53623.0,78758.0,128068.0,70943.0,159308.0,120704.0,69362.0
,,,,,,,,1763,76210.0,42424.0,51076.0,79540.0,129114.0,71835.0,158288.0,116973.0,66804.0
,,,,,,,,1764,69730.0,41091.0,50471.0,77820.0,128499.0,70920.0,159322.0,116751.0,66551.0
,,,,,,,,1765,69934.0,41784.0,48659.0,77713.0,128622.0,71263.0,157594.0,112821.0,64076.0
,,,,,,,,1766,67116.0,39769.0,48392.0,75815.0,126294.0,69819.0,157168.0,111746.0,63386.0
,,,,,,,,1767,67252.0,39377.0,47184.0,74899.0,127103.0,69322.0,163173.0,116787.0,66500.0
,,,,,,,,1768,65421.0,38153.0,46365.0,76786.0,132677.0,71676.0,174748.0,125360.0,72173.0
,,,,,,,,1769,65897.0,38043.0,48009.0,80148.0,141096.0,75509.0,189265.0,136200.0,79238.0
,,,,,,,,1770,70178.0,39702.0,51509.0,85735.0,145448.0,80592.0,182215.0,124329.0,71855.0
,,,,,,,,1771,76648.0,42245.0,56875.0,80395.0,132845.0,74362.0,157405.0,107031.0,62364.0
,,,,,,,,1772,82829.0,43947.0,54874.0,71180.0,119079.0,65410.0,141281.0,101141.0,58952.0
,,,,,,,,1773,73504.0,39252.0,48792.0,67240.0,112448.0,62168.0,129945.0,92071.0,51793.0
,,,,,,,,1774,62216.0,35201.0,45088.0,62947.0,104575.0,58216.0,117894.0,84405.0,47189.0
,,,,,,,,1775,58781.0,33441.0,41736.0,59190.0,97480.0,54352.0,107060.0,78630.0,44062.0
,,,,,,,,1776,52069.0,30822.0,38804.0,56003.0,91016.0,51092.0,94844.0,69536.0,40344.0
,,,,,,,,1777,46909.0,29068.0,36539.0,54176.0,84949.0,47820.0,90203.0,68319.0,39526.0
,,,,,,,,1778,43460.0,27795.0,35072.0,54834.0,83657.0,47512.0,89384.0,68166.0,39259.0
,,,,,,,,1779,41632.0,27261.0,34339.0,56490.0,83666.0,48068.0,90490.0,69323.0,39947.0
,,,,,,,,1780,42512.0,27579.0,34458.0,57882.0,84330.0,48812.0,92718.0,71066.0,40982.0
,,,,,,,,1781,44405.0,28214.0,35026.0,59890.0,87168.0,49983.0,100963.0,79122.0,45848.0
,,,,,,,,1782,46516.0,28960.0,36009.0,65503.0,98080.0,54522.0,123630.0,100271.0,59301.0
,,,,,,,,1783,49286.0,30378.0,38961.0,83963.0,115532.0,67179.0,142904.0,111876.0,66018.0
,,,,,,,,1784,56834.0,34227.0,48894.0,88410.0,126706.0,73515.0,151431.0,114247.0,66126.0
,,,,,,,,1785,75278.0,41966.0,54055.0,88183.0,128394.0,75394.0,149563.0,109052.0,61911.0
,,,,,,,,1786,80696.0,43367.0,54315.0,84515.0,126218.0,73145.0,150802.0,111202.0,63001.0
,,,,,,,,1787,76561.0,43568.0,51607.0,84198.0,127349.0,74225.0,153359.0,109918.0,61405.0
,,,,,,,,1788,69987.0,42180.0,51087.0,80635.0,126891.0,72977.0,156488.0,110528.0,61379.0
,,,,,,,,1789,70446.0,42858.0,49204.0,79586.0,127007.0,73149.0,156456.0,107371.0,59435.0
,,,,,,,,1790,67584.0,40693.0,48913.0,76923.0,125057.0,71446.0,156793.0,107286.0,59224.0
,,,,,,,,1791,67803.0,40280.0,47705.0,75303.0,125989.0,70778.0,163217.0,112531.0,62504.0
,,,,,,,,1792,65714.0,39189.0,46875.0,76974.0,131577.0,73031.0,174877.0,120788.0,68015.0
,,,,,,,,1793,66056.0,39138.0,48577.0,80471.0,139987.0,76733.0,188731.0,130424.0,74309.0
,,,,,,,,1794,70410.0,40839.0,52127.0,86324.0,144378.0,81991.0,182445.0,119703.0,67446.0
,,,,,,,,1795,76941.0,43427.0,57544.0,80509.0,131782.0,75592.0,157402.0,101835.0,57448.0
,,,,,,,,1796,83349.0,45265.0,55419.0,71348.0,118073.0,66890.0,140905.0,95264.0,53778.0
,,,,,,,,1797,73884.0,40330.0,49399.0,67750.0,111694.0,63828.0,129841.0,87384.0,47855.0
,,,,,,,,1798,62802.0,36300.0,45728.0,63777.0,103898.0,59620.0,117135.0,78767.0,43124.0
,,,,,,,,1799,59596.0,34611.0,42322.0,60475.0,96926.0,56100.0,104992.0,71784.0,39526.0
,,,,,,,,1800,52426.0,31825.0,39436.0,58293.0,90649.0,53255.0,93091.0,64498.0,35205.0
,,,,,,,,1801,47668.0,30124.0,37209.0,56093.0,85008.0,50965.0,87067.0,62954.0,34241.0
,,,,,,,,1802,44720.0,29130.0,35020.0,56708.0,83861.0,50785.0,85207.0,62979.0,33892.0
,,,,,,,,1803,42557.0,29854.0,34373.0,58495.0,84044.0,51336.0,85714.0,64390.0,34545.0
,,,,,,,,1804,43517.0,30202.0,34541.0,60029.0,84691.0,52000.0,87404.0,66528.0,35477.0
,,,,,,,,1805,45592.0,30917.0,35197.0,61693.0,87504.0,53093.0,95202.0,74734.0,40106.0
,,,,,,,,1806,47946.0,31755.0,36199.0,66711.0,98557.0,57658.0,116517.0,95993.0,52499.0
,,,,,,,,1807,50753.0,33141.0,39207.0,84878.0,116897.0,71019.0,137955.0,107892.0,59652.0
,,,,,,,,1808,58482.0,37092.0,50116.0,87950.0,128979.0,77103.0,148850.0,111019.0,60763.0
,,,,,,,,1809,78407.0,45135.0,54650.0,87243.0,131636.0,78536.0,149059.0,106699.0,57746.0
,,,,,,,,1810,83314.0,46570.0,55412.0,82821.0,129825.0,75981.0,151429.0,109653.0,59014.0
,,,,,,,,1811,78884.0,46272.0,52994.0,82555.0,131109.0,76934.0,155808.0,109200.0,58421.0
,,,,,,,,1812,71921.0,44737.0,52528.0,79319.0,130726.0,75508.0,159399.0,110291.0,58878.0
,,,,,,,,1813,72400.0,45342.0,50670.0,78256.0,130955.0,75642.0,159698.0,107395.0,57126.0
,,,,,,,,1814,68796.0,42859.0,50439.0,75653.0,128832.0,73840.0,160263.0,107540.0,57221.0
,,,,,,,,1815,68794.0,42313.0,49385.0,74273.0,129709.0,73187.0,166684.0,112940.0,60553.0
,,,,,,,,1816,66504.0,41040.0,48689.0,75991.0,135549.0,75546.0,178223.0,121193.0,66126.0
,,,,,,,,1817,66684.0,40807.0,50339.0,79489.0,144129.0,79411.0,191870.0,131254.0,72450.0
,,,,,,,,1818,70903.0,42457.0,53901.0,84760.0,148645.0,84819.0,185419.0,120201.0,66085.0
,,,,,,,,1819,77412.0,45177.0,59409.0,79371.0,135999.0,78248.0,159855.0,102974.0,56148.0
,,,,,,,,1820,83983.0,47304.0,57078.0,70468.0,122409.0,69578.0,143235.0,96940.0,52574.0
,,,,,,,,1821,74259.0,42161.0,51261.0,66961.0,115901.0,66530.0,132093.0,88886.0,47129.0
,,,,,,,,1822,63295.0,38325.0,47731.0,63206.0,107909.0,62187.0,119254.0,80749.0,42310.0
,,,,,,,,1823,60076.0,36640.0,44069.0,59820.0,101020.0,58538.0,107156.0,74289.0,38626.0
,,,,,,,,1824,52529.0,33735.0,41009.0,57619.0,95231.0,55755.0,95292.0,68586.0,35576.0
,,,,,,,,1825,47892.0,32212.0,38944.0,56767.0,91065.0,53651.0,89586.0,67238.0,34666.0
,,,,,,,,1826,45198.0,31090.0,38010.0,57762.0,89882.0,53555.0,87933.0,67381.0,34473.0
,,,,,,,,1827,43166.0,29812.0,37052.0,59708.0,90113.0,54102.0,88430.0,69066.0,35328.0
,,,,,,,,1828,44430.0,30187.0,37201.0,61736.0,90949.0,54833.0,90201.0,71267.0,36461.0
,,,,,,,,1829,46489.0,30829.0,37737.0,64035.0,93950.0,55946.0,98069.0,79470.0,41263.0
,,,,,,,,1830,48797.0,31546.0,38542.0,69487.0,105281.0,60591.0,119542.0,100863.0,53781.0
,,,,,,,,1831,51622.0,32858.0,41594.0,89035.0,124475.0,75970.0,142005.0,113275.0,61678.0
,,,,,,,,1832,59343.0,36753.0,53628.0,93072.0,136591.0,81828.0,153116.0,116750.0,63714.0
,,,,,,,,1833,80925.0,44783.0,58912.0,92529.0,138592.0,81710.0,153486.0,112503.0,61326.0
,,,,,,,,1834,84048.0,45879.0,59112.0,88888.0,136170.0,78461.0,155846.0,115342.0,63078.0
,,,,,,,,1835,78625.0,45294.0,55624.0,89457.0,136771.0,79147.0,159136.0,114325.0,62654.0
,,,,,,,,1836,71478.0,43675.0,54470.0,85779.0,135611.0,76866.0,161849.0,115618.0,63578.0
,,,,,,,,1837,71412.0,44120.0,52007.0,85116.0,135317.0,76619.0,161394.0,112447.0,61949.0
,,,,,,,,1838,67603.0,41600.0,51319.0,82516.0,132647.0,74308.0,161325.0,112298.0,62133.0
,,,,,,,,1839,67589.0,40891.0,49648.0,80736.0,133166.0,73078.0,167488.0,117812.0,65910.0
,,,,,,,,1840,65386.0,39526.0,48602.0,82332.0,138356.0,75079.0,178976.0,126345.0,71778.0
,,,,,,,,1841,65676.0,39175.0,50198.0,85578.0,146945.0,78903.0,192978.0,137264.0,78700.0
,,,,,,,,1842,69936.0,40807.0,54097.0,91861.0,151562.0,85069.0,186152.0,125438.0,71868.0
,,,,,,,,1843,76621.0,43419.0,60128.0,84895.0,138432.0,78260.0,160755.0,108474.0,62454.0
,,,,,,,,1844,83067.0,45293.0,57884.0,75957.0,124591.0,69893.0,144656.0,102974.0,59266.0
,,,,,,,,1845,73599.0,40269.0,51888.0,72899.0,117748.0,67094.0,133773.0,94087.0,52778.0
,,,,,,,,1846,62474.0,36312.0,48377.0,68847.0,109421.0,62741.0,121567.0,86976.0,48362.0
,,,,,,,,1847,59234.0,34680.0,44553.0,65975.0,102558.0,59378.0,110649.0,81478.0,45256.0
,,,,,,,,1848,51904.0,32095.0,41645.0,64291.0,94756.0,56964.0,96908.0,74598.0,45798.0
